timestamp,expiration,dte,strike,call_put,delta,iv,underlying_price,coordinate_type,atm_iv,10_delta_put_iv,25_delta_put_iv,25_delta_call_iv,10_delta_call_iv,rr25,bf25,call_skew,put_skew,wing_skew,front_iv,back_iv,term_slope,realized_vol,iv_minus_rv,stickiness,source
2026-08-18T12:15:00-04:00,2026-08-21,3,300.0,put,-0.0005109014168764556,381.8035125732422,875.6,fixed_strike,95.98731994628906,96.27342224121094,94.84291076660156,99.03907775878906,96.36878967285156,4.1961669921875,0.95367431640625,,,,95.98731994628906,82.3974609375,-13.589859008789062,57.22920540255768,38.75811454373138,,QuantData term-structure
2026-08-18T12:15:00-04:00,2026-08-21,3,350.0,put,-0.007638488792608525,460.0048065185547,875.6,fixed_strike,95.98731994628906,96.27342224121094,94.84291076660156,99.03907775878906,96.36878967285156,4.1961669921875,0.95367431640625,,,,95.98731994628906,82.3974609375,-13.589859008789062,57.22920540255768,38.75811454373138,,QuantData term-structure
2026-08-18T12:15:00-04:00,2026-08-21,3,400.0,put,-0.0007065144745415029,283.3843231201172,875.6,fixed_strike,95.98731994628906,96.27342224121094,94.84291076660156,99.03907775878906,96.36878967285156,4.1961669921875,0.95367431640625,,,,95.98731994628906,82.3974609375,-13.589859008789062,57.22920540255768,38.75811454373138,,QuantData term-structure
2026-08-18T12:15:00-04:00,2026-08-21,3,440.0,put,-0.0003642349252546821,234.2700958251953,875.6,fixed_strike,95.98731994628906,96.27342224121094,94.84291076660156,99.03907775878906,96.36878967285156,4.1961669921875,0.95367431640625,,,,95.98731994628906,82.3974609375,-13.589859008789062,57.22920540255768,38.75811454373138,,QuantData term-structure
2026-08-18T12:15:00-04:00,2026-08-21,3,470.0,put,-0.0006047353322050187,212.0494842529297,875.6,fixed_strike,95.98731994628906,96.27342224121094,94.84291076660156,99.03907775878906,96.36878967285156,4.1961669921875,0.95367431640625,,,,95.98731994628906,82.3974609375,-13.589859008789062,57.22920540255768,38.75811454373138,,QuantData term-structure
2026-08-18T12:15:00-04:00,2026-08-21,3,480.0,call,0.9942359469244013,271.46339416503906,875.6,fixed_strike,95.98731994628906,96.27342224121094,94.84291076660156,99.03907775878906,96.36878967285156,4.1961669921875,0.95367431640625,,,,95.98731994628906,82.3974609375,-13.589859008789062,57.22920540255768,38.75811454373138,,QuantData term-structure
2026-08-18T12:15:00-04:00,2026-08-21,3,480.0,put,-0.0009803580549045496,212.71705627441406,875.6,fixed_strike,95.98731994628906,96.27342224121094,94.84291076660156,99.03907775878906,96.36878967285156,4.1961669921875,0.95367431640625,,,,95.98731994628906,82.3974609375,-13.589859008789062,57.22920540255768,38.75811454373138,,QuantData term-structure
2026-08-18T12:15:00-04:00,2026-08-21,3,510.0,put,-0.0009249536168606146,209.95140075683594,875.6,fixed_strike,95.98731994628906,96.27342224121094,94.84291076660156,99.03907775878906,96.36878967285156,4.1961669921875,0.95367431640625,,,,95.98731994628906,82.3974609375,-13.589859008789062,57.22920540255768,38.75811454373138,,QuantData term-structure
2026-08-18T12:15:00-04:00,2026-08-21,3,520.0,put,-0.0007857778852046686,200.41465759277344,875.6,fixed_strike,95.98731994628906,96.27342224121094,94.84291076660156,99.03907775878906,96.36878967285156,4.1961669921875,0.95367431640625,,,,95.98731994628906,82.3974609375,-13.589859008789062,57.22920540255768,38.75811454373138,,QuantData term-structure
2026-08-18T12:15:00-04:00,2026-08-21,3,550.0,call,0.9968017011658143,189.44740295410156,875.6,fixed_strike,95.98731994628906,96.27342224121094,94.84291076660156,99.03907775878906,96.36878967285156,4.1961669921875,0.95367431640625,,,,95.98731994628906,82.3974609375,-13.589859008789062,57.22920540255768,38.75811454373138,,QuantData term-structure
2026-08-18T12:15:00-04:00,2026-08-21,3,550.0,put,-0.0010317007908486728,164.8426055908203,875.6,fixed_strike,95.98731994628906,96.27342224121094,94.84291076660156,99.03907775878906,96.36878967285156,4.1961669921875,0.95367431640625,,,,95.98731994628906,82.3974609375,-13.589859008789062,57.22920540255768,38.75811454373138,,QuantData term-structure
2026-08-18T12:15:00-04:00,2026-08-21,3,560.0,put,-0.00032037676161420647,143.8617706298828,875.6,fixed_strike,95.98731994628906,96.27342224121094,94.84291076660156,99.03907775878906,96.36878967285156,4.1961669921875,0.95367431640625,,,,95.98731994628906,82.3974609375,-13.589859008789062,57.22920540255768,38.75811454373138,,QuantData term-structure
2026-08-18T12:15:00-04:00,2026-08-21,3,570.0,put,-0.0013040782700295271,157.69004821777344,875.6,fixed_strike,95.98731994628906,96.27342224121094,94.84291076660156,99.03907775878906,96.36878967285156,4.1961669921875,0.95367431640625,,,,95.98731994628906,82.3974609375,-13.589859008789062,57.22920540255768,38.75811454373138,,QuantData term-structure
2026-08-18T12:15:00-04:00,2026-08-21,3,580.0,put,-0.0013584903909217463,151.7772674560547,875.6,fixed_strike,95.98731994628906,96.27342224121094,94.84291076660156,99.03907775878906,96.36878967285156,4.1961669921875,0.95367431640625,,,,95.98731994628906,82.3974609375,-13.589859008789062,57.22920540255768,38.75811454373138,,QuantData term-structure
2026-08-18T12:15:00-04:00,2026-08-21,3,590.0,put,-0.001038185748952815,153.97071838378906,875.6,fixed_strike,95.98731994628906,96.27342224121094,94.84291076660156,99.03907775878906,96.36878967285156,4.1961669921875,0.95367431640625,,,,95.98731994628906,82.3974609375,-13.589859008789062,57.22920540255768,38.75811454373138,,QuantData term-structure
2026-08-18T12:15:00-04:00,2026-08-21,3,600.0,call,1.0,0.0476837158203125,875.6,fixed_strike,95.98731994628906,96.27342224121094,94.84291076660156,99.03907775878906,96.36878967285156,4.1961669921875,0.95367431640625,,,,95.98731994628906,82.3974609375,-13.589859008789062,57.22920540255768,38.75811454373138,,QuantData term-structure
2026-08-18T12:15:00-04:00,2026-08-21,3,600.0,put,-0.0014763332319867556,138.8072967529297,875.6,fixed_strike,95.98731994628906,96.27342224121094,94.84291076660156,99.03907775878906,96.36878967285156,4.1961669921875,0.95367431640625,,,,95.98731994628906,82.3974609375,-13.589859008789062,57.22920540255768,38.75811454373138,,QuantData term-structure
2026-08-18T12:15:00-04:00,2026-08-21,3,610.0,put,-0.0006177128417380084,135.0879669189453,875.6,fixed_strike,95.98731994628906,96.27342224121094,94.84291076660156,99.03907775878906,96.36878967285156,4.1961669921875,0.95367431640625,,,,95.98731994628906,82.3974609375,-13.589859008789062,57.22920540255768,38.75811454373138,,QuantData term-structure
2026-08-18T12:15:00-04:00,2026-08-21,3,640.0,put,-0.001719892138486875,118.39866638183594,875.6,fixed_strike,95.98731994628906,96.27342224121094,94.84291076660156,99.03907775878906,96.36878967285156,4.1961669921875,0.95367431640625,,,,95.98731994628906,82.3974609375,-13.589859008789062,57.22920540255768,38.75811454373138,,QuantData term-structure
2026-08-18T12:15:00-04:00,2026-08-21,3,650.0,call,0.9849823662372525,156.4502716064453,875.6,fixed_strike,95.98731994628906,96.27342224121094,94.84291076660156,99.03907775878906,96.36878967285156,4.1961669921875,0.95367431640625,,,,95.98731994628906,82.3974609375,-13.589859008789062,57.22920540255768,38.75811454373138,,QuantData term-structure
2026-08-18T12:15:00-04:00,2026-08-21,3,650.0,put,-0.0017293906475499081,115.72837829589844,875.6,fixed_strike,95.98731994628906,96.27342224121094,94.84291076660156,99.03907775878906,96.36878967285156,4.1961669921875,0.95367431640625,,,,95.98731994628906,82.3974609375,-13.589859008789062,57.22920540255768,38.75811454373138,,QuantData term-structure
2026-08-18T12:15:00-04:00,2026-08-21,3,655.0,put,-0.0015646823444813672,123.35777282714844,875.6,fixed_strike,95.98731994628906,96.27342224121094,94.84291076660156,99.03907775878906,96.36878967285156,4.1961669921875,0.95367431640625,,,,95.98731994628906,82.3974609375,-13.589859008789062,57.22920540255768,38.75811454373138,,QuantData term-structure
2026-08-18T12:15:00-04:00,2026-08-21,3,660.0,put,-0.0027955903898508644,112.58125305175781,875.6,fixed_strike,95.98731994628906,96.27342224121094,94.84291076660156,99.03907775878906,96.36878967285156,4.1961669921875,0.95367431640625,,,,95.98731994628906,82.3974609375,-13.589859008789062,57.22920540255768,38.75811454373138,,QuantData term-structure
2026-08-18T12:15:00-04:00,2026-08-21,3,665.0,put,-0.0015650729219274244,122.02262878417969,875.6,fixed_strike,95.98731994628906,96.27342224121094,94.84291076660156,99.03907775878906,96.36878967285156,4.1961669921875,0.95367431640625,,,,95.98731994628906,82.3974609375,-13.589859008789062,57.22920540255768,38.75811454373138,,QuantData term-structure
2026-08-18T12:15:00-04:00,2026-08-21,3,670.0,put,-0.0029778906172910668,104.47502136230469,875.6,fixed_strike,95.98731994628906,96.27342224121094,94.84291076660156,99.03907775878906,96.36878967285156,4.1961669921875,0.95367431640625,,,,95.98731994628906,82.3974609375,-13.589859008789062,57.22920540255768,38.75811454373138,,QuantData term-structure
2026-08-18T12:15:00-04:00,2026-08-21,3,675.0,put,-0.007467566149785675,118.78013610839844,875.6,fixed_strike,95.98731994628906,96.27342224121094,94.84291076660156,99.03907775878906,96.36878967285156,4.1961669921875,0.95367431640625,,,,95.98731994628906,82.3974609375,-13.589859008789062,57.22920540255768,38.75811454373138,,QuantData term-structure
2026-08-18T12:15:00-04:00,2026-08-21,3,680.0,put,-0.005084331086532753,109.05265808105469,875.6,fixed_strike,95.98731994628906,96.27342224121094,94.84291076660156,99.03907775878906,96.36878967285156,4.1961669921875,0.95367431640625,,,,95.98731994628906,82.3974609375,-13.589859008789062,57.22920540255768,38.75811454373138,,QuantData term-structure
2026-08-18T12:15:00-04:00,2026-08-21,3,695.0,call,1.0,0.0476837158203125,875.6,fixed_strike,95.98731994628906,96.27342224121094,94.84291076660156,99.03907775878906,96.36878967285156,4.1961669921875,0.95367431640625,,,,95.98731994628906,82.3974609375,-13.589859008789062,57.22920540255768,38.75811454373138,,QuantData term-structure
2026-08-18T12:15:00-04:00,2026-08-21,3,697.5,call,1.0,0.0476837158203125,875.6,fixed_strike,95.98731994628906,96.27342224121094,94.84291076660156,99.03907775878906,96.36878967285156,4.1961669921875,0.95367431640625,,,,95.98731994628906,82.3974609375,-13.589859008789062,57.22920540255768,38.75811454373138,,QuantData term-structure
2026-08-18T12:15:00-04:00,2026-08-21,3,700.0,call,0.9770116159712646,149.8699188232422,875.6,fixed_strike,95.98731994628906,96.27342224121094,94.84291076660156,99.03907775878906,96.36878967285156,4.1961669921875,0.95367431640625,,,,95.98731994628906,82.3974609375,-13.589859008789062,57.22920540255768,38.75811454373138,,QuantData term-structure
2026-08-18T12:15:00-04:00,2026-08-21,3,700.0,put,-0.008407162745774776,104.47502136230469,875.6,fixed_strike,95.98731994628906,96.27342224121094,94.84291076660156,99.03907775878906,96.36878967285156,4.1961669921875,0.95367431640625,,,,95.98731994628906,82.3974609375,-13.589859008789062,57.22920540255768,38.75811454373138,,QuantData term-structure
2026-08-18T12:15:00-04:00,2026-08-21,3,707.5,put,-0.006536608290916038,107.04994201660156,875.6,fixed_strike,95.98731994628906,96.27342224121094,94.84291076660156,99.03907775878906,96.36878967285156,4.1961669921875,0.95367431640625,,,,95.98731994628906,82.3974609375,-13.589859008789062,57.22920540255768,38.75811454373138,,QuantData term-structure
2026-08-18T12:15:00-04:00,2026-08-21,3,710.0,put,-0.006291190137402966,101.90010070800781,875.6,fixed_strike,95.98731994628906,96.27342224121094,94.84291076660156,99.03907775878906,96.36878967285156,4.1961669921875,0.95367431640625,,,,95.98731994628906,82.3974609375,-13.589859008789062,57.22920540255768,38.75811454373138,,QuantData term-structure
2026-08-18T12:15:00-04:00,2026-08-21,3,715.0,put,-0.014546031439787227,103.23524475097656,875.6,fixed_strike,95.98731994628906,96.27342224121094,94.84291076660156,99.03907775878906,96.36878967285156,4.1961669921875,0.95367431640625,,,,95.98731994628906,82.3974609375,-13.589859008789062,57.22920540255768,38.75811454373138,,QuantData term-structure
2026-08-18T12:15:00-04:00,2026-08-21,3,717.5,put,-0.014043030642205384,99.61128234863281,875.6,fixed_strike,95.98731994628906,96.27342224121094,94.84291076660156,99.03907775878906,96.36878967285156,4.1961669921875,0.95367431640625,,,,95.98731994628906,82.3974609375,-13.589859008789062,57.22920540255768,38.75811454373138,,QuantData term-structure
2026-08-18T12:15:00-04:00,2026-08-21,3,720.0,put,-0.023234228810567827,107.33604431152344,875.6,fixed_strike,95.98731994628906,96.27342224121094,94.84291076660156,99.03907775878906,96.36878967285156,4.1961669921875,0.95367431640625,,,,95.98731994628906,82.3974609375,-13.589859008789062,57.22920540255768,38.75811454373138,,QuantData term-structure
2026-08-18T12:15:00-04:00,2026-08-21,3,725.0,put,-0.019425838649410894,96.94099426269531,875.6,fixed_strike,95.98731994628906,96.27342224121094,94.84291076660156,99.03907775878906,96.36878967285156,4.1961669921875,0.95367431640625,,,,95.98731994628906,82.3974609375,-13.589859008789062,57.22920540255768,38.75811454373138,,QuantData term-structure
2026-08-18T12:15:00-04:00,2026-08-21,3,730.0,put,-0.020850561848202217,99.32518005371094,875.6,fixed_strike,95.98731994628906,96.27342224121094,94.84291076660156,99.03907775878906,96.36878967285156,4.1961669921875,0.95367431640625,,,,95.98731994628906,82.3974609375,-13.589859008789062,57.22920540255768,38.75811454373138,,QuantData term-structure
2026-08-18T12:15:00-04:00,2026-08-21,3,737.5,put,-0.03722584158531397,103.80744934082031,875.6,fixed_strike,95.98731994628906,96.27342224121094,94.84291076660156,99.03907775878906,96.36878967285156,4.1961669921875,0.95367431640625,,,,95.98731994628906,82.3974609375,-13.589859008789062,57.22920540255768,38.75811454373138,,QuantData term-structure
2026-08-18T12:15:00-04:00,2026-08-21,3,740.0,put,-0.03454947142594241,103.23524475097656,875.6,fixed_strike,95.98731994628906,96.27342224121094,94.84291076660156,99.03907775878906,96.36878967285156,4.1961669921875,0.95367431640625,,,,95.98731994628906,82.3974609375,-13.589859008789062,57.22920540255768,38.75811454373138,,QuantData term-structure
2026-08-18T12:15:00-04:00,2026-08-21,3,742.5,put,-0.032237676503294496,96.17805480957031,875.6,fixed_strike,95.98731994628906,96.27342224121094,94.84291076660156,99.03907775878906,96.36878967285156,4.1961669921875,0.95367431640625,,,,95.98731994628906,82.3974609375,-13.589859008789062,57.22920540255768,38.75811454373138,,QuantData term-structure
2026-08-18T12:15:00-04:00,2026-08-21,3,745.0,call,0.9684297279624434,95.41511535644531,875.6,fixed_strike,95.98731994628906,96.27342224121094,94.84291076660156,99.03907775878906,96.36878967285156,4.1961669921875,0.95367431640625,,,,95.98731994628906,82.3974609375,-13.589859008789062,57.22920540255768,38.75811454373138,,QuantData term-structure
2026-08-18T12:15:00-04:00,2026-08-21,3,745.0,put,-0.04097634922899873,99.13444519042969,875.6,fixed_strike,95.98731994628906,96.27342224121094,94.84291076660156,99.03907775878906,96.36878967285156,4.1961669921875,0.95367431640625,,,,95.98731994628906,82.3974609375,-13.589859008789062,57.22920540255768,38.75811454373138,,QuantData term-structure
2026-08-18T12:15:00-04:00,2026-08-21,3,750.0,call,0.9532453758036887,100.75569152832031,875.6,fixed_strike,95.98731994628906,96.27342224121094,94.84291076660156,99.03907775878906,96.36878967285156,4.1961669921875,0.95367431640625,,,,95.98731994628906,82.3974609375,-13.589859008789062,57.22920540255768,38.75811454373138,,QuantData term-structure
2026-08-18T12:15:00-04:00,2026-08-21,3,750.0,put,-0.03981825594487853,98.84834289550781,875.6,fixed_strike,95.98731994628906,96.27342224121094,94.84291076660156,99.03907775878906,96.36878967285156,4.1961669921875,0.95367431640625,,,,95.98731994628906,82.3974609375,-13.589859008789062,57.22920540255768,38.75811454373138,,QuantData term-structure
2026-08-18T12:15:00-04:00,2026-08-21,3,755.0,put,-0.04397251662149554,95.12901306152344,875.6,fixed_strike,95.98731994628906,96.27342224121094,94.84291076660156,99.03907775878906,96.36878967285156,4.1961669921875,0.95367431640625,,,,95.98731994628906,82.3974609375,-13.589859008789062,57.22920540255768,38.75811454373138,,QuantData term-structure
2026-08-18T12:15:00-04:00,2026-08-21,3,760.0,call,0.9457854213318442,99.03907775878906,875.6,fixed_strike,95.98731994628906,96.27342224121094,94.84291076660156,99.03907775878906,96.36878967285156,4.1961669921875,0.95367431640625,,,,95.98731994628906,82.3974609375,-13.589859008789062,57.22920540255768,38.75811454373138,,QuantData term-structure
2026-08-18T12:15:00-04:00,2026-08-21,3,760.0,put,-0.04900133282375668,97.70393371582031,875.6,fixed_strike,95.98731994628906,96.27342224121094,94.84291076660156,99.03907775878906,96.36878967285156,4.1961669921875,0.95367431640625,,,,95.98731994628906,82.3974609375,-13.589859008789062,57.22920540255768,38.75811454373138,,QuantData term-structure
2026-08-18T12:15:00-04:00,2026-08-21,3,765.0,put,-0.06270728999491948,99.13444519042969,875.6,fixed_strike,95.98731994628906,96.27342224121094,94.84291076660156,99.03907775878906,96.36878967285156,4.1961669921875,0.95367431640625,,,,95.98731994628906,82.3974609375,-13.589859008789062,57.22920540255768,38.75811454373138,,QuantData term-structure
2026-08-18T12:15:00-04:00,2026-08-21,3,770.0,call,0.909030655356468,108.38508605957031,875.6,fixed_strike,95.98731994628906,96.27342224121094,94.84291076660156,99.03907775878906,96.36878967285156,4.1961669921875,0.95367431640625,,,,95.98731994628906,82.3974609375,-13.589859008789062,57.22920540255768,38.75811454373138,,QuantData term-structure
2026-08-18T12:15:00-04:00,2026-08-21,3,770.0,put,-0.06934639015672245,96.08268737792969,875.6,fixed_strike,95.98731994628906,96.27342224121094,94.84291076660156,99.03907775878906,96.36878967285156,4.1961669921875,0.95367431640625,,,,95.98731994628906,82.3974609375,-13.589859008789062,57.22920540255768,38.75811454373138,,QuantData term-structure
2026-08-18T12:15:00-04:00,2026-08-21,3,775.0,put,-0.07598396395127055,97.32246398925781,875.6,fixed_strike,95.98731994628906,96.27342224121094,94.84291076660156,99.03907775878906,96.36878967285156,4.1961669921875,0.95367431640625,,,,95.98731994628906,82.3974609375,-13.589859008789062,57.22920540255768,38.75811454373138,,QuantData term-structure
2026-08-18T12:15:00-04:00,2026-08-21,3,780.0,call,0.9897113578569509,68.99833679199219,875.6,fixed_strike,95.98731994628906,96.27342224121094,94.84291076660156,99.03907775878906,96.36878967285156,4.1961669921875,0.95367431640625,,,,95.98731994628906,82.3974609375,-13.589859008789062,57.22920540255768,38.75811454373138,,QuantData term-structure
2026-08-18T12:15:00-04:00,2026-08-21,3,780.0,put,-0.0880389057600603,97.70393371582031,875.6,fixed_strike,95.98731994628906,96.27342224121094,94.84291076660156,99.03907775878906,96.36878967285156,4.1961669921875,0.95367431640625,,,,95.98731994628906,82.3974609375,-13.589859008789062,57.22920540255768,38.75811454373138,,QuantData term-structure
2026-08-18T12:15:00-04:00,2026-08-21,3,785.0,put,-0.1098106932352999,97.32246398925781,875.6,fixed_strike,95.98731994628906,96.27342224121094,94.84291076660156,99.03907775878906,96.36878967285156,4.1961669921875,0.95367431640625,,,,95.98731994628906,82.3974609375,-13.589859008789062,57.22920540255768,38.75811454373138,,QuantData term-structure
2026-08-18T12:15:00-04:00,2026-08-21,3,790.0,put,-0.1072130139732424,96.27342224121094,875.6,fixed_strike,95.98731994628906,96.27342224121094,94.84291076660156,99.03907775878906,96.36878967285156,4.1961669921875,0.95367431640625,,,,95.98731994628906,82.3974609375,-13.589859008789062,57.22920540255768,38.75811454373138,,QuantData term-structure
2026-08-18T12:15:00-04:00,2026-08-21,3,795.0,put,-0.1397239976573046,96.46415710449219,875.6,fixed_strike,95.98731994628906,96.27342224121094,94.84291076660156,99.03907775878906,96.36878967285156,4.1961669921875,0.95367431640625,,,,95.98731994628906,82.3974609375,-13.589859008789062,57.22920540255768,38.75811454373138,,QuantData term-structure
2026-08-18T12:15:00-04:00,2026-08-21,3,800.0,call,0.8708052084304867,92.45872497558594,875.6,fixed_strike,95.98731994628906,96.27342224121094,94.84291076660156,99.03907775878906,96.36878967285156,4.1961669921875,0.95367431640625,,,,95.98731994628906,82.3974609375,-13.589859008789062,57.22920540255768,38.75811454373138,,QuantData term-structure
2026-08-18T12:15:00-04:00,2026-08-21,3,800.0,put,-0.14296624471821756,97.32246398925781,875.6,fixed_strike,95.98731994628906,96.27342224121094,94.84291076660156,99.03907775878906,96.36878967285156,4.1961669921875,0.95367431640625,,,,95.98731994628906,82.3974609375,-13.589859008789062,57.22920540255768,38.75811454373138,,QuantData term-structure
2026-08-18T12:15:00-04:00,2026-08-21,3,805.0,put,-0.16226758053716134,98.75297546386719,875.6,fixed_strike,95.98731994628906,96.27342224121094,94.84291076660156,99.03907775878906,96.36878967285156,4.1961669921875,0.95367431640625,,,,95.98731994628906,82.3974609375,-13.589859008789062,57.22920540255768,38.75811454373138,,QuantData term-structure
2026-08-18T12:15:00-04:00,2026-08-21,3,810.0,call,0.817481552912125,99.51591491699219,875.6,fixed_strike,95.98731994628906,96.27342224121094,94.84291076660156,99.03907775878906,96.36878967285156,4.1961669921875,0.95367431640625,,,,95.98731994628906,82.3974609375,-13.589859008789062,57.22920540255768,38.75811454373138,,QuantData term-structure
2026-08-18T12:15:00-04:00,2026-08-21,3,810.0,put,-0.16271535325944214,94.46144104003906,875.6,fixed_strike,95.98731994628906,96.27342224121094,94.84291076660156,99.03907775878906,96.36878967285156,4.1961669921875,0.95367431640625,,,,95.98731994628906,82.3974609375,-13.589859008789062,57.22920540255768,38.75811454373138,,QuantData term-structure
2026-08-18T12:15:00-04:00,2026-08-21,3,815.0,put,-0.1840948192317292,94.93827819824219,875.6,fixed_strike,95.98731994628906,96.27342224121094,94.84291076660156,99.03907775878906,96.36878967285156,4.1961669921875,0.95367431640625,,,,95.98731994628906,82.3974609375,-13.589859008789062,57.22920540255768,38.75811454373138,,QuantData term-structure
2026-08-18T12:15:00-04:00,2026-08-21,3,820.0,call,0.8858880938418798,91.50505065917969,875.6,fixed_strike,95.98731994628906,96.27342224121094,94.84291076660156,99.03907775878906,96.36878967285156,4.1961669921875,0.95367431640625,,,,95.98731994628906,82.3974609375,-13.589859008789062,57.22920540255768,38.75811454373138,,QuantData term-structure
2026-08-18T12:15:00-04:00,2026-08-21,3,820.0,put,-0.20376587957751108,93.50776672363281,875.6,fixed_strike,95.98731994628906,96.27342224121094,94.84291076660156,99.03907775878906,96.36878967285156,4.1961669921875,0.95367431640625,,,,95.98731994628906,82.3974609375,-13.589859008789062,57.22920540255768,38.75811454373138,,QuantData term-structure
2026-08-18T12:15:00-04:00,2026-08-21,3,825.0,call,1.0,0.0476837158203125,875.6,fixed_strike,95.98731994628906,96.27342224121094,94.84291076660156,99.03907775878906,96.36878967285156,4.1961669921875,0.95367431640625,,,,95.98731994628906,82.3974609375,-13.589859008789062,57.22920540255768,38.75811454373138,,QuantData term-structure
2026-08-18T12:15:00-04:00,2026-08-21,3,825.0,put,-0.22569007477698183,94.65217590332031,875.6,fixed_strike,95.98731994628906,96.27342224121094,94.84291076660156,99.03907775878906,96.36878967285156,4.1961669921875,0.95367431640625,,,,95.98731994628906,82.3974609375,-13.589859008789062,57.22920540255768,38.75811454373138,,QuantData term-structure
2026-08-18T12:15:00-04:00,2026-08-21,3,830.0,call,0.769255598061573,95.98731994628906,875.6,fixed_strike,95.98731994628906,96.27342224121094,94.84291076660156,99.03907775878906,96.36878967285156,4.1961669921875,0.95367431640625,,,,95.98731994628906,82.3974609375,-13.589859008789062,57.22920540255768,38.75811454373138,,QuantData term-structure
2026-08-18T12:15:00-04:00,2026-08-21,3,830.0,put,-0.2556698375441676,94.84291076660156,875.6,fixed_strike,95.98731994628906,96.27342224121094,94.84291076660156,99.03907775878906,96.36878967285156,4.1961669921875,0.95367431640625,,,,95.98731994628906,82.3974609375,-13.589859008789062,57.22920540255768,38.75811454373138,,QuantData term-structure
2026-08-18T12:15:00-04:00,2026-08-21,3,835.0,put,-0.2675168920761387,97.03636169433594,875.6,fixed_strike,95.98731994628906,96.27342224121094,94.84291076660156,99.03907775878906,96.36878967285156,4.1961669921875,0.95367431640625,,,,95.98731994628906,82.3974609375,-13.589859008789062,57.22920540255768,38.75811454373138,,QuantData term-structure
2026-08-18T12:15:00-04:00,2026-08-21,3,840.0,call,0.827869052184287,90.45600891113281,875.6,fixed_strike,95.98731994628906,96.27342224121094,94.84291076660156,99.03907775878906,96.36878967285156,4.1961669921875,0.95367431640625,,,,95.98731994628906,82.3974609375,-13.589859008789062,57.22920540255768,38.75811454373138,,QuantData term-structure
2026-08-18T12:15:00-04:00,2026-08-21,3,840.0,put,-0.2993103318269692,97.99003601074219,875.6,fixed_strike,95.98731994628906,96.27342224121094,94.84291076660156,99.03907775878906,96.36878967285156,4.1961669921875,0.95367431640625,,,,95.98731994628906,82.3974609375,-13.589859008789062,57.22920540255768,38.75811454373138,,QuantData term-structure
2026-08-18T12:15:00-04:00,2026-08-21,3,845.0,call,0.834175317419225,98.84834289550781,875.6,fixed_strike,95.98731994628906,96.27342224121094,94.84291076660156,99.03907775878906,96.36878967285156,4.1961669921875,0.95367431640625,,,,95.98731994628906,82.3974609375,-13.589859008789062,57.22920540255768,38.75811454373138,,QuantData term-structure
2026-08-18T12:15:00-04:00,2026-08-21,3,845.0,put,-0.32300502556485594,92.74482727050781,875.6,fixed_strike,95.98731994628906,96.27342224121094,94.84291076660156,99.03907775878906,96.36878967285156,4.1961669921875,0.95367431640625,,,,95.98731994628906,82.3974609375,-13.589859008789062,57.22920540255768,38.75811454373138,,QuantData term-structure
2026-08-18T12:15:00-04:00,2026-08-21,3,847.5,call,0.6771334322352293,96.46415710449219,875.6,fixed_strike,95.98731994628906,96.27342224121094,94.84291076660156,99.03907775878906,96.36878967285156,4.1961669921875,0.95367431640625,,,,95.98731994628906,82.3974609375,-13.589859008789062,57.22920540255768,38.75811454373138,,QuantData term-structure
2026-08-18T12:15:00-04:00,2026-08-21,3,847.5,put,-0.33505397695959294,92.64945983886719,875.6,fixed_strike,95.98731994628906,96.27342224121094,94.84291076660156,99.03907775878906,96.36878967285156,4.1961669921875,0.95367431640625,,,,95.98731994628906,82.3974609375,-13.589859008789062,57.22920540255768,38.75811454373138,,QuantData term-structure
2026-08-18T12:15:00-04:00,2026-08-21,3,850.0,call,0.6654382660630414,93.79386901855469,875.6,fixed_strike,95.98731994628906,96.27342224121094,94.84291076660156,99.03907775878906,96.36878967285156,4.1961669921875,0.95367431640625,,,,95.98731994628906,82.3974609375,-13.589859008789062,57.22920540255768,38.75811454373138,,QuantData term-structure
2026-08-18T12:15:00-04:00,2026-08-21,3,850.0,put,-0.31592520193941354,93.60313415527344,875.6,fixed_strike,95.98731994628906,96.27342224121094,94.84291076660156,99.03907775878906,96.36878967285156,4.1961669921875,0.95367431640625,,,,95.98731994628906,82.3974609375,-13.589859008789062,57.22920540255768,38.75811454373138,,QuantData term-structure
2026-08-18T12:15:00-04:00,2026-08-21,3,852.5,call,0.6582680926041489,95.89195251464844,875.6,fixed_strike,95.98731994628906,96.27342224121094,94.84291076660156,99.03907775878906,96.36878967285156,4.1961669921875,0.95367431640625,,,,95.98731994628906,82.3974609375,-13.589859008789062,57.22920540255768,38.75811454373138,,QuantData term-structure
2026-08-18T12:15:00-04:00,2026-08-21,3,852.5,put,-0.17672370781214308,94.65217590332031,875.6,fixed_strike,95.98731994628906,96.27342224121094,94.84291076660156,99.03907775878906,96.36878967285156,4.1961669921875,0.95367431640625,,,,95.98731994628906,82.3974609375,-13.589859008789062,57.22920540255768,38.75811454373138,,QuantData term-structure
2026-08-18T12:15:00-04:00,2026-08-21,3,855.0,call,0.6257417466472742,97.70393371582031,875.6,fixed_strike,95.98731994628906,96.27342224121094,94.84291076660156,99.03907775878906,96.36878967285156,4.1961669921875,0.95367431640625,,,,95.98731994628906,82.3974609375,-13.589859008789062,57.22920540255768,38.75811454373138,,QuantData term-structure
2026-08-18T12:15:00-04:00,2026-08-21,3,855.0,put,-0.3507469146086586,96.27342224121094,875.6,fixed_strike,95.98731994628906,96.27342224121094,94.84291076660156,99.03907775878906,96.36878967285156,4.1961669921875,0.95367431640625,,,,95.98731994628906,82.3974609375,-13.589859008789062,57.22920540255768,38.75811454373138,,QuantData term-structure
2026-08-18T12:15:00-04:00,2026-08-21,3,857.5,put,-0.29562810700444464,91.40968322753906,875.6,fixed_strike,95.98731994628906,96.27342224121094,94.84291076660156,99.03907775878906,96.36878967285156,4.1961669921875,0.95367431640625,,,,95.98731994628906,82.3974609375,-13.589859008789062,57.22920540255768,38.75811454373138,,QuantData term-structure
2026-08-18T12:15:00-04:00,2026-08-21,3,860.0,call,0.6098812809359899,97.22709655761719,875.6,fixed_strike,95.98731994628906,96.27342224121094,94.84291076660156,99.03907775878906,96.36878967285156,4.1961669921875,0.95367431640625,,,,95.98731994628906,82.3974609375,-13.589859008789062,57.22920540255768,38.75811454373138,,QuantData term-structure
2026-08-18T12:15:00-04:00,2026-08-21,3,860.0,put,-0.3711706914787045,95.60585021972656,875.6,fixed_strike,95.98731994628906,96.27342224121094,94.84291076660156,99.03907775878906,96.36878967285156,4.1961669921875,0.95367431640625,,,,95.98731994628906,82.3974609375,-13.589859008789062,57.22920540255768,38.75811454373138,,QuantData term-structure
2026-08-18T12:15:00-04:00,2026-08-21,3,862.5,put,-0.3820735085648988,94.84291076660156,875.6,fixed_strike,95.98731994628906,96.27342224121094,94.84291076660156,99.03907775878906,96.36878967285156,4.1961669921875,0.95367431640625,,,,95.98731994628906,82.3974609375,-13.589859008789062,57.22920540255768,38.75811454373138,,QuantData term-structure
2026-08-18T12:15:00-04:00,2026-08-21,3,865.0,call,0.587636465111699,95.22438049316406,875.6,fixed_strike,95.98731994628906,96.27342224121094,94.84291076660156,99.03907775878906,96.36878967285156,4.1961669921875,0.95367431640625,,,,95.98731994628906,82.3974609375,-13.589859008789062,57.22920540255768,38.75811454373138,,QuantData term-structure
2026-08-18T12:15:00-04:00,2026-08-21,3,865.0,put,-0.39898853316028027,96.17805480957031,875.6,fixed_strike,95.98731994628906,96.27342224121094,94.84291076660156,99.03907775878906,96.36878967285156,4.1961669921875,0.95367431640625,,,,95.98731994628906,82.3974609375,-13.589859008789062,57.22920540255768,38.75811454373138,,QuantData term-structure
2026-08-18T12:15:00-04:00,2026-08-21,3,870.0,call,0.5358325301288536,96.84562683105469,875.6,fixed_strike,95.98731994628906,96.27342224121094,94.84291076660156,99.03907775878906,96.36878967285156,4.1961669921875,0.95367431640625,,,,95.98731994628906,82.3974609375,-13.589859008789062,57.22920540255768,38.75811454373138,,QuantData term-structure
2026-08-18T12:15:00-04:00,2026-08-21,3,870.0,put,-0.43263397009135984,90.93284606933594,875.6,fixed_strike,95.98731994628906,96.27342224121094,94.84291076660156,99.03907775878906,96.36878967285156,4.1961669921875,0.95367431640625,,,,95.98731994628906,82.3974609375,-13.589859008789062,57.22920540255768,38.75811454373138,,QuantData term-structure
2026-08-18T12:15:00-04:00,2026-08-21,3,875.0,call,0.546924194896107,95.51048278808594,875.6,fixed_strike,95.98731994628906,96.27342224121094,94.84291076660156,99.03907775878906,96.36878967285156,4.1961669921875,0.95367431640625,,,,95.98731994628906,82.3974609375,-13.589859008789062,57.22920540255768,38.75811454373138,,QuantData term-structure
2026-08-18T12:15:00-04:00,2026-08-21,3,875.0,put,-0.4671094539435804,96.46415710449219,875.6,fixed_strike,95.98731994628906,96.27342224121094,94.84291076660156,99.03907775878906,96.36878967285156,4.1961669921875,0.95367431640625,,,,95.98731994628906,82.3974609375,-13.589859008789062,57.22920540255768,38.75811454373138,,QuantData term-structure
2026-08-18T12:15:00-04:00,2026-08-21,3,880.0,call,0.5075506442893271,93.79386901855469,875.6,fixed_strike,95.98731994628906,96.27342224121094,94.84291076660156,99.03907775878906,96.36878967285156,4.1961669921875,0.95367431640625,,,,95.98731994628906,82.3974609375,-13.589859008789062,57.22920540255768,38.75811454373138,,QuantData term-structure
2026-08-18T12:15:00-04:00,2026-08-21,3,880.0,put,-0.501156219176782,97.60856628417969,875.6,fixed_strike,95.98731994628906,96.27342224121094,94.84291076660156,99.03907775878906,96.36878967285156,4.1961669921875,0.95367431640625,,,,95.98731994628906,82.3974609375,-13.589859008789062,57.22920540255768,38.75811454373138,,QuantData term-structure
2026-08-18T12:15:00-04:00,2026-08-21,3,885.0,call,0.4880743212150313,93.69850158691406,875.6,fixed_strike,95.98731994628906,96.27342224121094,94.84291076660156,99.03907775878906,96.36878967285156,4.1961669921875,0.95367431640625,,,,95.98731994628906,82.3974609375,-13.589859008789062,57.22920540255768,38.75811454373138,,QuantData term-structure
2026-08-18T12:15:00-04:00,2026-08-21,3,885.0,put,-0.4971852836938281,93.88923645019531,875.6,fixed_strike,95.98731994628906,96.27342224121094,94.84291076660156,99.03907775878906,96.36878967285156,4.1961669921875,0.95367431640625,,,,95.98731994628906,82.3974609375,-13.589859008789062,57.22920540255768,38.75811454373138,,QuantData term-structure
2026-08-18T12:15:00-04:00,2026-08-21,3,890.0,call,0.47363108625936046,94.07997131347656,875.6,fixed_strike,95.98731994628906,96.27342224121094,94.84291076660156,99.03907775878906,96.36878967285156,4.1961669921875,0.95367431640625,,,,95.98731994628906,82.3974609375,-13.589859008789062,57.22920540255768,38.75811454373138,,QuantData term-structure
2026-08-18T12:15:00-04:00,2026-08-21,3,890.0,put,-0.5337390430143043,95.03364562988281,875.6,fixed_strike,95.98731994628906,96.27342224121094,94.84291076660156,99.03907775878906,96.36878967285156,4.1961669921875,0.95367431640625,,,,95.98731994628906,82.3974609375,-13.589859008789062,57.22920540255768,38.75811454373138,,QuantData term-structure
2026-08-18T12:15:00-04:00,2026-08-21,3,895.0,call,0.46669063618504697,95.31974792480469,875.6,fixed_strike,95.98731994628906,96.27342224121094,94.84291076660156,99.03907775878906,96.36878967285156,4.1961669921875,0.95367431640625,,,,95.98731994628906,82.3974609375,-13.589859008789062,57.22920540255768,38.75811454373138,,QuantData term-structure
2026-08-18T12:15:00-04:00,2026-08-21,3,895.0,put,-0.5551419458724112,96.65489196777344,875.6,fixed_strike,95.98731994628906,96.27342224121094,94.84291076660156,99.03907775878906,96.36878967285156,4.1961669921875,0.95367431640625,,,,95.98731994628906,82.3974609375,-13.589859008789062,57.22920540255768,38.75811454373138,,QuantData term-structure
2026-08-18T12:15:00-04:00,2026-08-21,3,900.0,call,0.4178591515184286,94.74754333496094,875.6,fixed_strike,95.98731994628906,96.27342224121094,94.84291076660156,99.03907775878906,96.36878967285156,4.1961669921875,0.95367431640625,,,,95.98731994628906,82.3974609375,-13.589859008789062,57.22920540255768,38.75811454373138,,QuantData term-structure
2026-08-18T12:15:00-04:00,2026-08-21,3,900.0,put,-0.579345722704472,96.55952453613281,875.6,fixed_strike,95.98731994628906,96.27342224121094,94.84291076660156,99.03907775878906,96.36878967285156,4.1961669921875,0.95367431640625,,,,95.98731994628906,82.3974609375,-13.589859008789062,57.22920540255768,38.75811454373138,,QuantData term-structure
2026-08-18T12:15:00-04:00,2026-08-21,3,905.0,call,0.3971645282178207,96.27342224121094,875.6,fixed_strike,95.98731994628906,96.27342224121094,94.84291076660156,99.03907775878906,96.36878967285156,4.1961669921875,0.95367431640625,,,,95.98731994628906,82.3974609375,-13.589859008789062,57.22920540255768,38.75811454373138,,QuantData term-structure
2026-08-18T12:15:00-04:00,2026-08-21,3,905.0,put,-0.6364644608263366,93.41239929199219,875.6,fixed_strike,95.98731994628906,96.27342224121094,94.84291076660156,99.03907775878906,96.36878967285156,4.1961669921875,0.95367431640625,,,,95.98731994628906,82.3974609375,-13.589859008789062,57.22920540255768,38.75811454373138,,QuantData term-structure
2026-08-18T12:15:00-04:00,2026-08-21,3,910.0,call,0.3790348263726844,96.36878967285156,875.6,fixed_strike,95.98731994628906,96.27342224121094,94.84291076660156,99.03907775878906,96.36878967285156,4.1961669921875,0.95367431640625,,,,95.98731994628906,82.3974609375,-13.589859008789062,57.22920540255768,38.75811454373138,,QuantData term-structure
2026-08-18T12:15:00-04:00,2026-08-21,3,910.0,put,-0.6081794813170518,94.65217590332031,875.6,fixed_strike,95.98731994628906,96.27342224121094,94.84291076660156,99.03907775878906,96.36878967285156,4.1961669921875,0.95367431640625,,,,95.98731994628906,82.3974609375,-13.589859008789062,57.22920540255768,38.75811454373138,,QuantData term-structure
2026-08-18T12:15:00-04:00,2026-08-21,3,915.0,call,0.350541233669702,94.27070617675781,875.6,fixed_strike,95.98731994628906,96.27342224121094,94.84291076660156,99.03907775878906,96.36878967285156,4.1961669921875,0.95367431640625,,,,95.98731994628906,82.3974609375,-13.589859008789062,57.22920540255768,38.75811454373138,,QuantData term-structure
2026-08-18T12:15:00-04:00,2026-08-21,3,915.0,put,-0.6565356297525913,94.36607360839844,875.6,fixed_strike,95.98731994628906,96.27342224121094,94.84291076660156,99.03907775878906,96.36878967285156,4.1961669921875,0.95367431640625,,,,95.98731994628906,82.3974609375,-13.589859008789062,57.22920540255768,38.75811454373138,,QuantData term-structure
2026-08-18T12:15:00-04:00,2026-08-21,3,920.0,call,0.3343958105501267,96.46415710449219,875.6,fixed_strike,95.98731994628906,96.27342224121094,94.84291076660156,99.03907775878906,96.36878967285156,4.1961669921875,0.95367431640625,,,,95.98731994628906,82.3974609375,-13.589859008789062,57.22920540255768,38.75811454373138,,QuantData term-structure
2026-08-18T12:15:00-04:00,2026-08-21,3,920.0,put,-0.6857541097266451,94.84291076660156,875.6,fixed_strike,95.98731994628906,96.27342224121094,94.84291076660156,99.03907775878906,96.36878967285156,4.1961669921875,0.95367431640625,,,,95.98731994628906,82.3974609375,-13.589859008789062,57.22920540255768,38.75811454373138,,QuantData term-structure
2026-08-18T12:15:00-04:00,2026-08-21,3,925.0,call,0.2968187657659523,94.17533874511719,875.6,fixed_strike,95.98731994628906,96.27342224121094,94.84291076660156,99.03907775878906,96.36878967285156,4.1961669921875,0.95367431640625,,,,95.98731994628906,82.3974609375,-13.589859008789062,57.22920540255768,38.75811454373138,,QuantData term-structure
2026-08-18T12:15:00-04:00,2026-08-21,3,925.0,put,-0.645660548937362,92.07725524902344,875.6,fixed_strike,95.98731994628906,96.27342224121094,94.84291076660156,99.03907775878906,96.36878967285156,4.1961669921875,0.95367431640625,,,,95.98731994628906,82.3974609375,-13.589859008789062,57.22920540255768,38.75811454373138,,QuantData term-structure
2026-08-18T12:15:00-04:00,2026-08-21,3,930.0,call,0.2749119960977576,93.22166442871094,875.6,fixed_strike,95.98731994628906,96.27342224121094,94.84291076660156,99.03907775878906,96.36878967285156,4.1961669921875,0.95367431640625,,,,95.98731994628906,82.3974609375,-13.589859008789062,57.22920540255768,38.75811454373138,,QuantData term-structure
2026-08-18T12:15:00-04:00,2026-08-21,3,930.0,put,-0.7379793096545861,95.03364562988281,875.6,fixed_strike,95.98731994628906,96.27342224121094,94.84291076660156,99.03907775878906,96.36878967285156,4.1961669921875,0.95367431640625,,,,95.98731994628906,82.3974609375,-13.589859008789062,57.22920540255768,38.75811454373138,,QuantData term-structure
2026-08-18T12:15:00-04:00,2026-08-21,3,935.0,call,0.24931061688196693,99.03907775878906,875.6,fixed_strike,95.98731994628906,96.27342224121094,94.84291076660156,99.03907775878906,96.36878967285156,4.1961669921875,0.95367431640625,,,,95.98731994628906,82.3974609375,-13.589859008789062,57.22920540255768,38.75811454373138,,QuantData term-structure
2026-08-18T12:15:00-04:00,2026-08-21,3,935.0,put,-0.7471742620778531,93.12629699707031,875.6,fixed_strike,95.98731994628906,96.27342224121094,94.84291076660156,99.03907775878906,96.36878967285156,4.1961669921875,0.95367431640625,,,,95.98731994628906,82.3974609375,-13.589859008789062,57.22920540255768,38.75811454373138,,QuantData term-structure
2026-08-18T12:15:00-04:00,2026-08-21,3,940.0,call,0.22288889281971025,94.27070617675781,875.6,fixed_strike,95.98731994628906,96.27342224121094,94.84291076660156,99.03907775878906,96.36878967285156,4.1961669921875,0.95367431640625,,,,95.98731994628906,82.3974609375,-13.589859008789062,57.22920540255768,38.75811454373138,,QuantData term-structure
2026-08-18T12:15:00-04:00,2026-08-21,3,940.0,put,-0.7723456655102916,97.22709655761719,875.6,fixed_strike,95.98731994628906,96.27342224121094,94.84291076660156,99.03907775878906,96.36878967285156,4.1961669921875,0.95367431640625,,,,95.98731994628906,82.3974609375,-13.589859008789062,57.22920540255768,38.75811454373138,,QuantData term-structure
2026-08-18T12:15:00-04:00,2026-08-21,3,945.0,call,0.21346973672391306,90.64674377441406,875.6,fixed_strike,95.98731994628906,96.27342224121094,94.84291076660156,99.03907775878906,96.36878967285156,4.1961669921875,0.95367431640625,,,,95.98731994628906,82.3974609375,-13.589859008789062,57.22920540255768,38.75811454373138,,QuantData term-structure
2026-08-18T12:15:00-04:00,2026-08-21,3,945.0,put,-0.7544424937405241,97.03636169433594,875.6,fixed_strike,95.98731994628906,96.27342224121094,94.84291076660156,99.03907775878906,96.36878967285156,4.1961669921875,0.95367431640625,,,,95.98731994628906,82.3974609375,-13.589859008789062,57.22920540255768,38.75811454373138,,QuantData term-structure
2026-08-18T12:15:00-04:00,2026-08-21,3,950.0,call,0.19231783733055907,94.65217590332031,875.6,fixed_strike,95.98731994628906,96.27342224121094,94.84291076660156,99.03907775878906,96.36878967285156,4.1961669921875,0.95367431640625,,,,95.98731994628906,82.3974609375,-13.589859008789062,57.22920540255768,38.75811454373138,,QuantData term-structure
2026-08-18T12:15:00-04:00,2026-08-21,3,950.0,put,-0.8207006114448596,94.65217590332031,875.6,fixed_strike,95.98731994628906,96.27342224121094,94.84291076660156,99.03907775878906,96.36878967285156,4.1961669921875,0.95367431640625,,,,95.98731994628906,82.3974609375,-13.589859008789062,57.22920540255768,38.75811454373138,,QuantData term-structure
2026-08-18T12:15:00-04:00,2026-08-21,3,955.0,call,0.2082669664067212,96.27342224121094,875.6,fixed_strike,95.98731994628906,96.27342224121094,94.84291076660156,99.03907775878906,96.36878967285156,4.1961669921875,0.95367431640625,,,,95.98731994628906,82.3974609375,-13.589859008789062,57.22920540255768,38.75811454373138,,QuantData term-structure
2026-08-18T12:15:00-04:00,2026-08-21,3,955.0,put,-0.8059889580073358,94.07997131347656,875.6,fixed_strike,95.98731994628906,96.27342224121094,94.84291076660156,99.03907775878906,96.36878967285156,4.1961669921875,0.95367431640625,,,,95.98731994628906,82.3974609375,-13.589859008789062,57.22920540255768,38.75811454373138,,QuantData term-structure
2026-08-18T12:15:00-04:00,2026-08-21,3,960.0,call,0.18472034632284134,97.60856628417969,875.6,fixed_strike,95.98731994628906,96.27342224121094,94.84291076660156,99.03907775878906,96.36878967285156,4.1961669921875,0.95367431640625,,,,95.98731994628906,82.3974609375,-13.589859008789062,57.22920540255768,38.75811454373138,,QuantData term-structure
2026-08-18T12:15:00-04:00,2026-08-21,3,960.0,put,-0.8332544534269384,94.46144104003906,875.6,fixed_strike,95.98731994628906,96.27342224121094,94.84291076660156,99.03907775878906,96.36878967285156,4.1961669921875,0.95367431640625,,,,95.98731994628906,82.3974609375,-13.589859008789062,57.22920540255768,38.75811454373138,,QuantData term-structure
2026-08-18T12:15:00-04:00,2026-08-21,3,970.0,call,0.13660238029213634,95.12901306152344,875.6,fixed_strike,95.98731994628906,96.27342224121094,94.84291076660156,99.03907775878906,96.36878967285156,4.1961669921875,0.95367431640625,,,,95.98731994628906,82.3974609375,-13.589859008789062,57.22920540255768,38.75811454373138,,QuantData term-structure
2026-08-18T12:15:00-04:00,2026-08-21,3,970.0,put,-0.7211281520944325,87.21351623535156,875.6,fixed_strike,95.98731994628906,96.27342224121094,94.84291076660156,99.03907775878906,96.36878967285156,4.1961669921875,0.95367431640625,,,,95.98731994628906,82.3974609375,-13.589859008789062,57.22920540255768,38.75811454373138,,QuantData term-structure
2026-08-18T12:15:00-04:00,2026-08-21,3,980.0,call,0.13171259404875246,97.99003601074219,875.6,fixed_strike,95.98731994628906,96.27342224121094,94.84291076660156,99.03907775878906,96.36878967285156,4.1961669921875,0.95367431640625,,,,95.98731994628906,82.3974609375,-13.589859008789062,57.22920540255768,38.75811454373138,,QuantData term-structure
2026-08-18T12:15:00-04:00,2026-08-21,3,980.0,put,-0.8882558768824865,96.36878967285156,875.6,fixed_strike,95.98731994628906,96.27342224121094,94.84291076660156,99.03907775878906,96.36878967285156,4.1961669921875,0.95367431640625,,,,95.98731994628906,82.3974609375,-13.589859008789062,57.22920540255768,38.75811454373138,,QuantData term-structure
2026-08-18T12:15:00-04:00,2026-08-21,3,990.0,call,0.09991657185964142,96.36878967285156,875.6,fixed_strike,95.98731994628906,96.27342224121094,94.84291076660156,99.03907775878906,96.36878967285156,4.1961669921875,0.95367431640625,,,,95.98731994628906,82.3974609375,-13.589859008789062,57.22920540255768,38.75811454373138,,QuantData term-structure
2026-08-18T12:15:00-04:00,2026-08-21,3,990.0,put,-0.9060122238271342,86.45057678222656,875.6,fixed_strike,95.98731994628906,96.27342224121094,94.84291076660156,99.03907775878906,96.36878967285156,4.1961669921875,0.95367431640625,,,,95.98731994628906,82.3974609375,-13.589859008789062,57.22920540255768,38.75811454373138,,QuantData term-structure
2026-08-18T12:15:00-04:00,2026-08-21,3,1000.0,call,0.07815963848038421,97.13172912597656,875.6,fixed_strike,95.98731994628906,96.27342224121094,94.84291076660156,99.03907775878906,96.36878967285156,4.1961669921875,0.95367431640625,,,,95.98731994628906,82.3974609375,-13.589859008789062,57.22920540255768,38.75811454373138,,QuantData term-structure
2026-08-18T12:15:00-04:00,2026-08-21,3,1000.0,put,-0.9081426607871533,95.51048278808594,875.6,fixed_strike,95.98731994628906,96.27342224121094,94.84291076660156,99.03907775878906,96.36878967285156,4.1961669921875,0.95367431640625,,,,95.98731994628906,82.3974609375,-13.589859008789062,57.22920540255768,38.75811454373138,,QuantData term-structure
2026-08-18T12:15:00-04:00,2026-08-21,3,1010.0,call,0.0692041480854243,97.79930114746094,875.6,fixed_strike,95.98731994628906,96.27342224121094,94.84291076660156,99.03907775878906,96.36878967285156,4.1961669921875,0.95367431640625,,,,95.98731994628906,82.3974609375,-13.589859008789062,57.22920540255768,38.75811454373138,,QuantData term-structure
2026-08-18T12:15:00-04:00,2026-08-21,3,1010.0,put,-0.8181922996165103,96.75025939941406,875.6,fixed_strike,95.98731994628906,96.27342224121094,94.84291076660156,99.03907775878906,96.36878967285156,4.1961669921875,0.95367431640625,,,,95.98731994628906,82.3974609375,-13.589859008789062,57.22920540255768,38.75811454373138,,QuantData term-structure
2026-08-18T12:15:00-04:00,2026-08-21,3,1020.0,call,0.06350576982861306,99.61128234863281,875.6,fixed_strike,95.98731994628906,96.27342224121094,94.84291076660156,99.03907775878906,96.36878967285156,4.1961669921875,0.95367431640625,,,,95.98731994628906,82.3974609375,-13.589859008789062,57.22920540255768,38.75811454373138,,QuantData term-structure
2026-08-18T12:15:00-04:00,2026-08-21,3,1020.0,put,-0.8243159830234164,90.83747863769531,875.6,fixed_strike,95.98731994628906,96.27342224121094,94.84291076660156,99.03907775878906,96.36878967285156,4.1961669921875,0.95367431640625,,,,95.98731994628906,82.3974609375,-13.589859008789062,57.22920540255768,38.75811454373138,,QuantData term-structure
2026-08-18T12:15:00-04:00,2026-08-21,3,1030.0,call,0.048609527456978,96.84562683105469,875.6,fixed_strike,95.98731994628906,96.27342224121094,94.84291076660156,99.03907775878906,96.36878967285156,4.1961669921875,0.95367431640625,,,,95.98731994628906,82.3974609375,-13.589859008789062,57.22920540255768,38.75811454373138,,QuantData term-structure
2026-08-18T12:15:00-04:00,2026-08-21,3,1030.0,put,-0.9663607501214994,80.63316345214844,875.6,fixed_strike,95.98731994628906,96.27342224121094,94.84291076660156,99.03907775878906,96.36878967285156,4.1961669921875,0.95367431640625,,,,95.98731994628906,82.3974609375,-13.589859008789062,57.22920540255768,38.75811454373138,,QuantData term-structure
2026-08-18T12:15:00-04:00,2026-08-21,3,1040.0,call,0.03937879260657728,102.85377502441406,875.6,fixed_strike,95.98731994628906,96.27342224121094,94.84291076660156,99.03907775878906,96.36878967285156,4.1961669921875,0.95367431640625,,,,95.98731994628906,82.3974609375,-13.589859008789062,57.22920540255768,38.75811454373138,,QuantData term-structure
2026-08-18T12:15:00-04:00,2026-08-21,3,1050.0,call,0.03394065032042012,100.85105895996094,875.6,fixed_strike,95.98731994628906,96.27342224121094,94.84291076660156,99.03907775878906,96.36878967285156,4.1961669921875,0.95367431640625,,,,95.98731994628906,82.3974609375,-13.589859008789062,57.22920540255768,38.75811454373138,,QuantData term-structure
2026-08-18T12:15:00-04:00,2026-08-21,3,1050.0,put,-0.9465220863590054,109.91096496582031,875.6,fixed_strike,95.98731994628906,96.27342224121094,94.84291076660156,99.03907775878906,96.36878967285156,4.1961669921875,0.95367431640625,,,,95.98731994628906,82.3974609375,-13.589859008789062,57.22920540255768,38.75811454373138,,QuantData term-structure
2026-08-18T12:15:00-04:00,2026-08-21,3,1060.0,call,0.030169997001461595,101.04179382324219,875.6,fixed_strike,95.98731994628906,96.27342224121094,94.84291076660156,99.03907775878906,96.36878967285156,4.1961669921875,0.95367431640625,,,,95.98731994628906,82.3974609375,-13.589859008789062,57.22920540255768,38.75811454373138,,QuantData term-structure
2026-08-18T12:15:00-04:00,2026-08-21,3,1070.0,call,0.02404768616725732,102.28157043457031,875.6,fixed_strike,95.98731994628906,96.27342224121094,94.84291076660156,99.03907775878906,96.36878967285156,4.1961669921875,0.95367431640625,,,,95.98731994628906,82.3974609375,-13.589859008789062,57.22920540255768,38.75811454373138,,QuantData term-structure
2026-08-18T12:15:00-04:00,2026-08-21,3,1080.0,call,0.018497172630574415,101.80473327636719,875.6,fixed_strike,95.98731994628906,96.27342224121094,94.84291076660156,99.03907775878906,96.36878967285156,4.1961669921875,0.95367431640625,,,,95.98731994628906,82.3974609375,-13.589859008789062,57.22920540255768,38.75811454373138,,QuantData term-structure
2026-08-18T12:15:00-04:00,2026-08-21,3,1090.0,call,0.020608446209075957,110.67390441894531,875.6,fixed_strike,95.98731994628906,96.27342224121094,94.84291076660156,99.03907775878906,96.36878967285156,4.1961669921875,0.95367431640625,,,,95.98731994628906,82.3974609375,-13.589859008789062,57.22920540255768,38.75811454373138,,QuantData term-structure
2026-08-18T12:15:00-04:00,2026-08-21,3,1100.0,call,0.011632307154659186,102.94914245605469,875.6,fixed_strike,95.98731994628906,96.27342224121094,94.84291076660156,99.03907775878906,96.36878967285156,4.1961669921875,0.95367431640625,,,,95.98731994628906,82.3974609375,-13.589859008789062,57.22920540255768,38.75811454373138,,QuantData term-structure
2026-08-18T12:15:00-04:00,2026-08-21,3,1100.0,put,-0.9656252792375896,110.00633239746094,875.6,fixed_strike,95.98731994628906,96.27342224121094,94.84291076660156,99.03907775878906,96.36878967285156,4.1961669921875,0.95367431640625,,,,95.98731994628906,82.3974609375,-13.589859008789062,57.22920540255768,38.75811454373138,,QuantData term-structure
2026-08-18T12:15:00-04:00,2026-08-21,3,1110.0,call,0.01141095503648875,109.05265808105469,875.6,fixed_strike,95.98731994628906,96.27342224121094,94.84291076660156,99.03907775878906,96.36878967285156,4.1961669921875,0.95367431640625,,,,95.98731994628906,82.3974609375,-13.589859008789062,57.22920540255768,38.75811454373138,,QuantData term-structure
2026-08-18T12:15:00-04:00,2026-08-21,3,1120.0,call,0.010793631452296065,108.57582092285156,875.6,fixed_strike,95.98731994628906,96.27342224121094,94.84291076660156,99.03907775878906,96.36878967285156,4.1961669921875,0.95367431640625,,,,95.98731994628906,82.3974609375,-13.589859008789062,57.22920540255768,38.75811454373138,,QuantData term-structure
2026-08-18T12:15:00-04:00,2026-08-21,3,1120.0,put,-1.0,0.0476837158203125,875.6,fixed_strike,95.98731994628906,96.27342224121094,94.84291076660156,99.03907775878906,96.36878967285156,4.1961669921875,0.95367431640625,,,,95.98731994628906,82.3974609375,-13.589859008789062,57.22920540255768,38.75811454373138,,QuantData term-structure
2026-08-18T12:15:00-04:00,2026-08-21,3,1130.0,call,0.00896144193517743,113.24882507324219,875.6,fixed_strike,95.98731994628906,96.27342224121094,94.84291076660156,99.03907775878906,96.36878967285156,4.1961669921875,0.95367431640625,,,,95.98731994628906,82.3974609375,-13.589859008789062,57.22920540255768,38.75811454373138,,QuantData term-structure
2026-08-18T12:15:00-04:00,2026-08-21,3,1140.0,call,0.005543798144882615,106.09626770019531,875.6,fixed_strike,95.98731994628906,96.27342224121094,94.84291076660156,99.03907775878906,96.36878967285156,4.1961669921875,0.95367431640625,,,,95.98731994628906,82.3974609375,-13.589859008789062,57.22920540255768,38.75811454373138,,QuantData term-structure
2026-08-18T12:15:00-04:00,2026-08-21,3,1150.0,call,0.005360380389095505,109.05265808105469,875.6,fixed_strike,95.98731994628906,96.27342224121094,94.84291076660156,99.03907775878906,96.36878967285156,4.1961669921875,0.95367431640625,,,,95.98731994628906,82.3974609375,-13.589859008789062,57.22920540255768,38.75811454373138,,QuantData term-structure
2026-08-18T12:15:00-04:00,2026-08-21,3,1160.0,call,0.005807505454172428,114.29786682128906,875.6,fixed_strike,95.98731994628906,96.27342224121094,94.84291076660156,99.03907775878906,96.36878967285156,4.1961669921875,0.95367431640625,,,,95.98731994628906,82.3974609375,-13.589859008789062,57.22920540255768,38.75811454373138,,QuantData term-structure
2026-08-18T12:15:00-04:00,2026-08-21,3,1170.0,call,0.005625885915339414,118.01719665527344,875.6,fixed_strike,95.98731994628906,96.27342224121094,94.84291076660156,99.03907775878906,96.36878967285156,4.1961669921875,0.95367431640625,,,,95.98731994628906,82.3974609375,-13.589859008789062,57.22920540255768,38.75811454373138,,QuantData term-structure
2026-08-18T12:15:00-04:00,2026-08-21,3,1170.0,put,-0.9372813026034258,154.8290252685547,875.6,fixed_strike,95.98731994628906,96.27342224121094,94.84291076660156,99.03907775878906,96.36878967285156,4.1961669921875,0.95367431640625,,,,95.98731994628906,82.3974609375,-13.589859008789062,57.22920540255768,38.75811454373138,,QuantData term-structure
2026-08-18T12:15:00-04:00,2026-08-21,3,1180.0,call,0.00197415095192695,108.76655578613281,875.6,fixed_strike,95.98731994628906,96.27342224121094,94.84291076660156,99.03907775878906,96.36878967285156,4.1961669921875,0.95367431640625,,,,95.98731994628906,82.3974609375,-13.589859008789062,57.22920540255768,38.75811454373138,,QuantData term-structure
2026-08-18T12:15:00-04:00,2026-08-21,3,1190.0,call,0.002298697513976824,110.86463928222656,875.6,fixed_strike,95.98731994628906,96.27342224121094,94.84291076660156,99.03907775878906,96.36878967285156,4.1961669921875,0.95367431640625,,,,95.98731994628906,82.3974609375,-13.589859008789062,57.22920540255768,38.75811454373138,,QuantData term-structure
2026-08-18T12:15:00-04:00,2026-08-21,3,1200.0,call,0.0031451330246109487,117.92182922363281,875.6,fixed_strike,95.98731994628906,96.27342224121094,94.84291076660156,99.03907775878906,96.36878967285156,4.1961669921875,0.95367431640625,,,,95.98731994628906,82.3974609375,-13.589859008789062,57.22920540255768,38.75811454373138,,QuantData term-structure
2026-08-18T12:15:00-04:00,2026-08-21,3,1200.0,put,-1.0,0.0476837158203125,875.6,fixed_strike,95.98731994628906,96.27342224121094,94.84291076660156,99.03907775878906,96.36878967285156,4.1961669921875,0.95367431640625,,,,95.98731994628906,82.3974609375,-13.589859008789062,57.22920540255768,38.75811454373138,,QuantData term-structure
2026-08-18T12:15:00-04:00,2026-08-21,3,1220.0,call,0.002433125961570518,121.54579162597656,875.6,fixed_strike,95.98731994628906,96.27342224121094,94.84291076660156,99.03907775878906,96.36878967285156,4.1961669921875,0.95367431640625,,,,95.98731994628906,82.3974609375,-13.589859008789062,57.22920540255768,38.75811454373138,,QuantData term-structure
2026-08-18T12:15:00-04:00,2026-08-21,3,1220.0,put,-1.0,0.0476837158203125,875.6,fixed_strike,95.98731994628906,96.27342224121094,94.84291076660156,99.03907775878906,96.36878967285156,4.1961669921875,0.95367431640625,,,,95.98731994628906,82.3974609375,-13.589859008789062,57.22920540255768,38.75811454373138,,QuantData term-structure
2026-08-18T12:15:00-04:00,2026-08-21,3,1230.0,call,0.001775376958307756,120.49674987792969,875.6,fixed_strike,95.98731994628906,96.27342224121094,94.84291076660156,99.03907775878906,96.36878967285156,4.1961669921875,0.95367431640625,,,,95.98731994628906,82.3974609375,-13.589859008789062,57.22920540255768,38.75811454373138,,QuantData term-structure
2026-08-18T12:15:00-04:00,2026-08-21,3,1240.0,call,0.006016625042770639,123.07167053222656,875.6,fixed_strike,95.98731994628906,96.27342224121094,94.84291076660156,99.03907775878906,96.36878967285156,4.1961669921875,0.95367431640625,,,,95.98731994628906,82.3974609375,-13.589859008789062,57.22920540255768,38.75811454373138,,QuantData term-structure
2026-08-18T12:15:00-04:00,2026-08-21,3,1250.0,call,0.0031896588806140645,125.45585632324219,875.6,fixed_strike,95.98731994628906,96.27342224121094,94.84291076660156,99.03907775878906,96.36878967285156,4.1961669921875,0.95367431640625,,,,95.98731994628906,82.3974609375,-13.589859008789062,57.22920540255768,38.75811454373138,,QuantData term-structure
2026-08-18T12:15:00-04:00,2026-08-21,3,1290.0,call,0.0036134887798573764,148.4394073486328,875.6,fixed_strike,95.98731994628906,96.27342224121094,94.84291076660156,99.03907775878906,96.36878967285156,4.1961669921875,0.95367431640625,,,,95.98731994628906,82.3974609375,-13.589859008789062,57.22920540255768,38.75811454373138,,QuantData term-structure
2026-08-18T12:15:00-04:00,2026-08-21,3,1300.0,call,0.005011879677482154,134.13429260253906,875.6,fixed_strike,95.98731994628906,96.27342224121094,94.84291076660156,99.03907775878906,96.36878967285156,4.1961669921875,0.95367431640625,,,,95.98731994628906,82.3974609375,-13.589859008789062,57.22920540255768,38.75811454373138,,QuantData term-structure
2026-08-18T12:15:00-04:00,2026-08-21,3,1320.0,call,0.002977425731208303,153.6846160888672,875.6,fixed_strike,95.98731994628906,96.27342224121094,94.84291076660156,99.03907775878906,96.36878967285156,4.1961669921875,0.95367431640625,,,,95.98731994628906,82.3974609375,-13.589859008789062,57.22920540255768,38.75811454373138,,QuantData term-structure
2026-08-18T12:15:00-04:00,2026-08-21,3,1340.0,call,0.002461401948846111,155.6873321533203,875.6,fixed_strike,95.98731994628906,96.27342224121094,94.84291076660156,99.03907775878906,96.36878967285156,4.1961669921875,0.95367431640625,,,,95.98731994628906,82.3974609375,-13.589859008789062,57.22920540255768,38.75811454373138,,QuantData term-structure
2026-08-18T12:15:00-04:00,2026-08-21,3,1370.0,call,0.0023534270945671757,162.4584197998047,875.6,fixed_strike,95.98731994628906,96.27342224121094,94.84291076660156,99.03907775878906,96.36878967285156,4.1961669921875,0.95367431640625,,,,95.98731994628906,82.3974609375,-13.589859008789062,57.22920540255768,38.75811454373138,,QuantData term-structure
2026-08-18T12:15:00-04:00,2026-08-21,3,1380.0,call,0.0009607056752512987,135.27870178222656,875.6,fixed_strike,95.98731994628906,96.27342224121094,94.84291076660156,99.03907775878906,96.36878967285156,4.1961669921875,0.95367431640625,,,,95.98731994628906,82.3974609375,-13.589859008789062,57.22920540255768,38.75811454373138,,QuantData term-structure
2026-08-18T12:15:00-04:00,2026-08-21,3,1390.0,call,0.0003616446767942214,126.69563293457031,875.6,fixed_strike,95.98731994628906,96.27342224121094,94.84291076660156,99.03907775878906,96.36878967285156,4.1961669921875,0.95367431640625,,,,95.98731994628906,82.3974609375,-13.589859008789062,57.22920540255768,38.75811454373138,,QuantData term-structure
2026-08-18T12:15:00-04:00,2026-08-21,3,1400.0,call,0.0014327471974252021,145.86448669433594,875.6,fixed_strike,95.98731994628906,96.27342224121094,94.84291076660156,99.03907775878906,96.36878967285156,4.1961669921875,0.95367431640625,,,,95.98731994628906,82.3974609375,-13.589859008789062,57.22920540255768,38.75811454373138,,QuantData term-structure
2026-08-18T12:15:00-04:00,2026-08-21,3,1500.0,call,0.0012740204965317457,165.70091247558594,875.6,fixed_strike,95.98731994628906,96.27342224121094,94.84291076660156,99.03907775878906,96.36878967285156,4.1961669921875,0.95367431640625,,,,95.98731994628906,82.3974609375,-13.589859008789062,57.22920540255768,38.75811454373138,,QuantData term-structure
2026-08-18T12:15:00-04:00,2026-08-21,3,1530.0,call,0.0012032505699347263,188.68446350097656,875.6,fixed_strike,95.98731994628906,96.27342224121094,94.84291076660156,99.03907775878906,96.36878967285156,4.1961669921875,0.95367431640625,,,,95.98731994628906,82.3974609375,-13.589859008789062,57.22920540255768,38.75811454373138,,QuantData term-structure
2026-08-18T12:15:00-04:00,2026-08-28,10,380.0,put,-0.006025813579356694,231.8859100341797,875.6,fixed_strike,86.68899536132812,87.59498596191406,87.97645568847656,87.49961853027344,88.83476257324219,-0.476837158203125,1.049041748046875,,,,95.98731994628906,82.3974609375,-13.589859008789062,57.22920540255768,29.459789958770443,,QuantData term-structure
2026-08-18T12:15:00-04:00,2026-08-28,10,540.0,put,-0.0011835554425800353,98.18077087402344,875.6,fixed_strike,86.68899536132812,87.59498596191406,87.97645568847656,87.49961853027344,88.83476257324219,-0.476837158203125,1.049041748046875,,,,95.98731994628906,82.3974609375,-13.589859008789062,57.22920540255768,29.459789958770443,,QuantData term-structure
2026-08-18T12:15:00-04:00,2026-08-28,10,550.0,put,-0.0017795164194076424,100.27885437011719,875.6,fixed_strike,86.68899536132812,87.59498596191406,87.97645568847656,87.49961853027344,88.83476257324219,-0.476837158203125,1.049041748046875,,,,95.98731994628906,82.3974609375,-13.589859008789062,57.22920540255768,29.459789958770443,,QuantData term-structure
2026-08-18T12:15:00-04:00,2026-08-28,10,565.0,call,0.9442573775105207,208.7116241455078,875.6,fixed_strike,86.68899536132812,87.59498596191406,87.97645568847656,87.49961853027344,88.83476257324219,-0.476837158203125,1.049041748046875,,,,95.98731994628906,82.3974609375,-13.589859008789062,57.22920540255768,29.459789958770443,,QuantData term-structure
2026-08-18T12:15:00-04:00,2026-08-28,10,575.0,call,0.9426673860082271,202.6081085205078,875.6,fixed_strike,86.68899536132812,87.59498596191406,87.97645568847656,87.49961853027344,88.83476257324219,-0.476837158203125,1.049041748046875,,,,95.98731994628906,82.3974609375,-13.589859008789062,57.22920540255768,29.459789958770443,,QuantData term-structure
2026-08-18T12:15:00-04:00,2026-08-28,10,580.0,call,0.9967221066697427,105.90553283691406,875.6,fixed_strike,86.68899536132812,87.59498596191406,87.97645568847656,87.49961853027344,88.83476257324219,-0.476837158203125,1.049041748046875,,,,95.98731994628906,82.3974609375,-13.589859008789062,57.22920540255768,29.459789958770443,,QuantData term-structure
2026-08-18T12:15:00-04:00,2026-08-28,10,580.0,put,-0.0039215329617095325,102.75840759277344,875.6,fixed_strike,86.68899536132812,87.59498596191406,87.97645568847656,87.49961853027344,88.83476257324219,-0.476837158203125,1.049041748046875,,,,95.98731994628906,82.3974609375,-13.589859008789062,57.22920540255768,29.459789958770443,,QuantData term-structure
2026-08-18T12:15:00-04:00,2026-08-28,10,590.0,call,0.9471138013617008,184.48829650878906,875.6,fixed_strike,86.68899536132812,87.59498596191406,87.97645568847656,87.49961853027344,88.83476257324219,-0.476837158203125,1.049041748046875,,,,95.98731994628906,82.3974609375,-13.589859008789062,57.22920540255768,29.459789958770443,,QuantData term-structure
2026-08-18T12:15:00-04:00,2026-08-28,10,590.0,put,-0.010882085993834872,105.81016540527344,875.6,fixed_strike,86.68899536132812,87.59498596191406,87.97645568847656,87.49961853027344,88.83476257324219,-0.476837158203125,1.049041748046875,,,,95.98731994628906,82.3974609375,-13.589859008789062,57.22920540255768,29.459789958770443,,QuantData term-structure
2026-08-18T12:15:00-04:00,2026-08-28,10,595.0,call,0.9393647789747857,190.59181213378906,875.6,fixed_strike,86.68899536132812,87.59498596191406,87.97645568847656,87.49961853027344,88.83476257324219,-0.476837158203125,1.049041748046875,,,,95.98731994628906,82.3974609375,-13.589859008789062,57.22920540255768,29.459789958770443,,QuantData term-structure
2026-08-18T12:15:00-04:00,2026-08-28,10,600.0,put,-0.008222565394657618,97.89466857910156,875.6,fixed_strike,86.68899536132812,87.59498596191406,87.97645568847656,87.49961853027344,88.83476257324219,-0.476837158203125,1.049041748046875,,,,95.98731994628906,82.3974609375,-13.589859008789062,57.22920540255768,29.459789958770443,,QuantData term-structure
2026-08-18T12:15:00-04:00,2026-08-28,10,610.0,put,-0.009628686744474176,95.98731994628906,875.6,fixed_strike,86.68899536132812,87.59498596191406,87.97645568847656,87.49961853027344,88.83476257324219,-0.476837158203125,1.049041748046875,,,,95.98731994628906,82.3974609375,-13.589859008789062,57.22920540255768,29.459789958770443,,QuantData term-structure
2026-08-18T12:15:00-04:00,2026-08-28,10,625.0,put,-0.012928719807016568,102.56767272949219,875.6,fixed_strike,86.68899536132812,87.59498596191406,87.97645568847656,87.49961853027344,88.83476257324219,-0.476837158203125,1.049041748046875,,,,95.98731994628906,82.3974609375,-13.589859008789062,57.22920540255768,29.459789958770443,,QuantData term-structure
2026-08-18T12:15:00-04:00,2026-08-28,10,640.0,put,-0.017225503206913947,93.22166442871094,875.6,fixed_strike,86.68899536132812,87.59498596191406,87.97645568847656,87.49961853027344,88.83476257324219,-0.476837158203125,1.049041748046875,,,,95.98731994628906,82.3974609375,-13.589859008789062,57.22920540255768,29.459789958770443,,QuantData term-structure
2026-08-18T12:15:00-04:00,2026-08-28,10,650.0,put,-0.021169804956128205,93.12629699707031,875.6,fixed_strike,86.68899536132812,87.59498596191406,87.97645568847656,87.49961853027344,88.83476257324219,-0.476837158203125,1.049041748046875,,,,95.98731994628906,82.3974609375,-13.589859008789062,57.22920540255768,29.459789958770443,,QuantData term-structure
2026-08-18T12:15:00-04:00,2026-08-28,10,665.0,call,0.9525045926713058,127.17247009277344,875.6,fixed_strike,86.68899536132812,87.59498596191406,87.97645568847656,87.49961853027344,88.83476257324219,-0.476837158203125,1.049041748046875,,,,95.98731994628906,82.3974609375,-13.589859008789062,57.22920540255768,29.459789958770443,,QuantData term-structure
2026-08-18T12:15:00-04:00,2026-08-28,10,675.0,put,-0.03760007462378033,95.12901306152344,875.6,fixed_strike,86.68899536132812,87.59498596191406,87.97645568847656,87.49961853027344,88.83476257324219,-0.476837158203125,1.049041748046875,,,,95.98731994628906,82.3974609375,-13.589859008789062,57.22920540255768,29.459789958770443,,QuantData term-structure
2026-08-18T12:15:00-04:00,2026-08-28,10,680.0,call,0.916532454189892,147.39036560058594,875.6,fixed_strike,86.68899536132812,87.59498596191406,87.97645568847656,87.49961853027344,88.83476257324219,-0.476837158203125,1.049041748046875,,,,95.98731994628906,82.3974609375,-13.589859008789062,57.22920540255768,29.459789958770443,,QuantData term-structure
2026-08-18T12:15:00-04:00,2026-08-28,10,680.0,put,-0.03837990726128366,91.98188781738281,875.6,fixed_strike,86.68899536132812,87.59498596191406,87.97645568847656,87.49961853027344,88.83476257324219,-0.476837158203125,1.049041748046875,,,,95.98731994628906,82.3974609375,-13.589859008789062,57.22920540255768,29.459789958770443,,QuantData term-structure
2026-08-18T12:15:00-04:00,2026-08-28,10,685.0,call,0.9573728868672637,90.26527404785156,875.6,fixed_strike,86.68899536132812,87.59498596191406,87.97645568847656,87.49961853027344,88.83476257324219,-0.476837158203125,1.049041748046875,,,,95.98731994628906,82.3974609375,-13.589859008789062,57.22920540255768,29.459789958770443,,QuantData term-structure
2026-08-18T12:15:00-04:00,2026-08-28,10,685.0,put,-0.02829555247481404,90.45600891113281,875.6,fixed_strike,86.68899536132812,87.59498596191406,87.97645568847656,87.49961853027344,88.83476257324219,-0.476837158203125,1.049041748046875,,,,95.98731994628906,82.3974609375,-13.589859008789062,57.22920540255768,29.459789958770443,,QuantData term-structure
2026-08-18T12:15:00-04:00,2026-08-28,10,690.0,put,-0.04484018416128238,86.92741394042969,875.6,fixed_strike,86.68899536132812,87.59498596191406,87.97645568847656,87.49961853027344,88.83476257324219,-0.476837158203125,1.049041748046875,,,,95.98731994628906,82.3974609375,-13.589859008789062,57.22920540255768,29.459789958770443,,QuantData term-structure
2026-08-18T12:15:00-04:00,2026-08-28,10,695.0,put,-0.045457963350094666,91.40968322753906,875.6,fixed_strike,86.68899536132812,87.59498596191406,87.97645568847656,87.49961853027344,88.83476257324219,-0.476837158203125,1.049041748046875,,,,95.98731994628906,82.3974609375,-13.589859008789062,57.22920540255768,29.459789958770443,,QuantData term-structure
2026-08-18T12:15:00-04:00,2026-08-28,10,700.0,put,-0.05652601711260652,92.55409240722656,875.6,fixed_strike,86.68899536132812,87.59498596191406,87.97645568847656,87.49961853027344,88.83476257324219,-0.476837158203125,1.049041748046875,,,,95.98731994628906,82.3974609375,-13.589859008789062,57.22920540255768,29.459789958770443,,QuantData term-structure
2026-08-18T12:15:00-04:00,2026-08-28,10,705.0,put,-0.05459284452159341,88.54866027832031,875.6,fixed_strike,86.68899536132812,87.59498596191406,87.97645568847656,87.49961853027344,88.83476257324219,-0.476837158203125,1.049041748046875,,,,95.98731994628906,82.3974609375,-13.589859008789062,57.22920540255768,29.459789958770443,,QuantData term-structure
2026-08-18T12:15:00-04:00,2026-08-28,10,710.0,put,-0.06512711917876396,91.50505065917969,875.6,fixed_strike,86.68899536132812,87.59498596191406,87.97645568847656,87.49961853027344,88.83476257324219,-0.476837158203125,1.049041748046875,,,,95.98731994628906,82.3974609375,-13.589859008789062,57.22920540255768,29.459789958770443,,QuantData term-structure
2026-08-18T12:15:00-04:00,2026-08-28,10,715.0,put,-0.07167836960502011,87.78572082519531,875.6,fixed_strike,86.68899536132812,87.59498596191406,87.97645568847656,87.49961853027344,88.83476257324219,-0.476837158203125,1.049041748046875,,,,95.98731994628906,82.3974609375,-13.589859008789062,57.22920540255768,29.459789958770443,,QuantData term-structure
2026-08-18T12:15:00-04:00,2026-08-28,10,720.0,put,-0.07307612569418348,89.88380432128906,875.6,fixed_strike,86.68899536132812,87.59498596191406,87.97645568847656,87.49961853027344,88.83476257324219,-0.476837158203125,1.049041748046875,,,,95.98731994628906,82.3974609375,-13.589859008789062,57.22920540255768,29.459789958770443,,QuantData term-structure
2026-08-18T12:15:00-04:00,2026-08-28,10,725.0,call,0.9678857458121118,82.34977722167969,875.6,fixed_strike,86.68899536132812,87.59498596191406,87.97645568847656,87.49961853027344,88.83476257324219,-0.476837158203125,1.049041748046875,,,,95.98731994628906,82.3974609375,-13.589859008789062,57.22920540255768,29.459789958770443,,QuantData term-structure
2026-08-18T12:15:00-04:00,2026-08-28,10,725.0,put,-0.08834287163754861,90.55137634277344,875.6,fixed_strike,86.68899536132812,87.59498596191406,87.97645568847656,87.49961853027344,88.83476257324219,-0.476837158203125,1.049041748046875,,,,95.98731994628906,82.3974609375,-13.589859008789062,57.22920540255768,29.459789958770443,,QuantData term-structure
2026-08-18T12:15:00-04:00,2026-08-28,10,730.0,put,-0.09542349232892405,90.07453918457031,875.6,fixed_strike,86.68899536132812,87.59498596191406,87.97645568847656,87.49961853027344,88.83476257324219,-0.476837158203125,1.049041748046875,,,,95.98731994628906,82.3974609375,-13.589859008789062,57.22920540255768,29.459789958770443,,QuantData term-structure
2026-08-18T12:15:00-04:00,2026-08-28,10,735.0,put,-0.09523724751968299,88.54866027832031,875.6,fixed_strike,86.68899536132812,87.59498596191406,87.97645568847656,87.49961853027344,88.83476257324219,-0.476837158203125,1.049041748046875,,,,95.98731994628906,82.3974609375,-13.589859008789062,57.22920540255768,29.459789958770443,,QuantData term-structure
2026-08-18T12:15:00-04:00,2026-08-28,10,740.0,put,-0.11768554956183441,87.88108825683594,875.6,fixed_strike,86.68899536132812,87.59498596191406,87.97645568847656,87.49961853027344,88.83476257324219,-0.476837158203125,1.049041748046875,,,,95.98731994628906,82.3974609375,-13.589859008789062,57.22920540255768,29.459789958770443,,QuantData term-structure
2026-08-18T12:15:00-04:00,2026-08-28,10,745.0,put,-0.1014133226702224,87.59498596191406,875.6,fixed_strike,86.68899536132812,87.59498596191406,87.97645568847656,87.49961853027344,88.83476257324219,-0.476837158203125,1.049041748046875,,,,95.98731994628906,82.3974609375,-13.589859008789062,57.22920540255768,29.459789958770443,,QuantData term-structure
2026-08-18T12:15:00-04:00,2026-08-28,10,750.0,put,-0.12913207977142577,87.97645568847656,875.6,fixed_strike,86.68899536132812,87.59498596191406,87.97645568847656,87.49961853027344,88.83476257324219,-0.476837158203125,1.049041748046875,,,,95.98731994628906,82.3974609375,-13.589859008789062,57.22920540255768,29.459789958770443,,QuantData term-structure
2026-08-18T12:15:00-04:00,2026-08-28,10,755.0,put,-0.14143658321748193,91.40968322753906,875.6,fixed_strike,86.68899536132812,87.59498596191406,87.97645568847656,87.49961853027344,88.83476257324219,-0.476837158203125,1.049041748046875,,,,95.98731994628906,82.3974609375,-13.589859008789062,57.22920540255768,29.459789958770443,,QuantData term-structure
2026-08-18T12:15:00-04:00,2026-08-28,10,760.0,call,0.9375597231471053,83.11271667480469,875.6,fixed_strike,86.68899536132812,87.59498596191406,87.97645568847656,87.49961853027344,88.83476257324219,-0.476837158203125,1.049041748046875,,,,95.98731994628906,82.3974609375,-13.589859008789062,57.22920540255768,29.459789958770443,,QuantData term-structure
2026-08-18T12:15:00-04:00,2026-08-28,10,760.0,put,-0.15372097367603377,87.69035339355469,875.6,fixed_strike,86.68899536132812,87.59498596191406,87.97645568847656,87.49961853027344,88.83476257324219,-0.476837158203125,1.049041748046875,,,,95.98731994628906,82.3974609375,-13.589859008789062,57.22920540255768,29.459789958770443,,QuantData term-structure
2026-08-18T12:15:00-04:00,2026-08-28,10,765.0,put,-0.16522907163114398,87.78572082519531,875.6,fixed_strike,86.68899536132812,87.59498596191406,87.97645568847656,87.49961853027344,88.83476257324219,-0.476837158203125,1.049041748046875,,,,95.98731994628906,82.3974609375,-13.589859008789062,57.22920540255768,29.459789958770443,,QuantData term-structure
2026-08-18T12:15:00-04:00,2026-08-28,10,770.0,call,0.856480808712563,87.11814880371094,875.6,fixed_strike,86.68899536132812,87.59498596191406,87.97645568847656,87.49961853027344,88.83476257324219,-0.476837158203125,1.049041748046875,,,,95.98731994628906,82.3974609375,-13.589859008789062,57.22920540255768,29.459789958770443,,QuantData term-structure
2026-08-18T12:15:00-04:00,2026-08-28,10,770.0,put,-0.16631978966618982,86.92741394042969,875.6,fixed_strike,86.68899536132812,87.59498596191406,87.97645568847656,87.49961853027344,88.83476257324219,-0.476837158203125,1.049041748046875,,,,95.98731994628906,82.3974609375,-13.589859008789062,57.22920540255768,29.459789958770443,,QuantData term-structure
2026-08-18T12:15:00-04:00,2026-08-28,10,775.0,call,0.9168244902914748,87.21351623535156,875.6,fixed_strike,86.68899536132812,87.59498596191406,87.97645568847656,87.49961853027344,88.83476257324219,-0.476837158203125,1.049041748046875,,,,95.98731994628906,82.3974609375,-13.589859008789062,57.22920540255768,29.459789958770443,,QuantData term-structure
2026-08-18T12:15:00-04:00,2026-08-28,10,775.0,put,-0.17256401370883634,88.45329284667969,875.6,fixed_strike,86.68899536132812,87.59498596191406,87.97645568847656,87.49961853027344,88.83476257324219,-0.476837158203125,1.049041748046875,,,,95.98731994628906,82.3974609375,-13.589859008789062,57.22920540255768,29.459789958770443,,QuantData term-structure
2026-08-18T12:15:00-04:00,2026-08-28,10,780.0,call,0.8627330088541864,86.35520935058594,875.6,fixed_strike,86.68899536132812,87.59498596191406,87.97645568847656,87.49961853027344,88.83476257324219,-0.476837158203125,1.049041748046875,,,,95.98731994628906,82.3974609375,-13.589859008789062,57.22920540255768,29.459789958770443,,QuantData term-structure
2026-08-18T12:15:00-04:00,2026-08-28,10,780.0,put,-0.1885332751103152,87.97645568847656,875.6,fixed_strike,86.68899536132812,87.59498596191406,87.97645568847656,87.49961853027344,88.83476257324219,-0.476837158203125,1.049041748046875,,,,95.98731994628906,82.3974609375,-13.589859008789062,57.22920540255768,29.459789958770443,,QuantData term-structure
2026-08-18T12:15:00-04:00,2026-08-28,10,785.0,put,-0.201175187251389,89.40696716308594,875.6,fixed_strike,86.68899536132812,87.59498596191406,87.97645568847656,87.49961853027344,88.83476257324219,-0.476837158203125,1.049041748046875,,,,95.98731994628906,82.3974609375,-13.589859008789062,57.22920540255768,29.459789958770443,,QuantData term-structure
2026-08-18T12:15:00-04:00,2026-08-28,10,790.0,put,-0.2089692107088586,86.25984191894531,875.6,fixed_strike,86.68899536132812,87.59498596191406,87.97645568847656,87.49961853027344,88.83476257324219,-0.476837158203125,1.049041748046875,,,,95.98731994628906,82.3974609375,-13.589859008789062,57.22920540255768,29.459789958770443,,QuantData term-structure
2026-08-18T12:15:00-04:00,2026-08-28,10,795.0,put,-0.23664500559637713,87.02278137207031,875.6,fixed_strike,86.68899536132812,87.59498596191406,87.97645568847656,87.49961853027344,88.83476257324219,-0.476837158203125,1.049041748046875,,,,95.98731994628906,82.3974609375,-13.589859008789062,57.22920540255768,29.459789958770443,,QuantData term-structure
2026-08-18T12:15:00-04:00,2026-08-28,10,800.0,call,0.754484701271503,87.02278137207031,875.6,fixed_strike,86.68899536132812,87.59498596191406,87.97645568847656,87.49961853027344,88.83476257324219,-0.476837158203125,1.049041748046875,,,,95.98731994628906,82.3974609375,-13.589859008789062,57.22920540255768,29.459789958770443,,QuantData term-structure
2026-08-18T12:15:00-04:00,2026-08-28,10,800.0,put,-0.2483286647965915,87.97645568847656,875.6,fixed_strike,86.68899536132812,87.59498596191406,87.97645568847656,87.49961853027344,88.83476257324219,-0.476837158203125,1.049041748046875,,,,95.98731994628906,82.3974609375,-13.589859008789062,57.22920540255768,29.459789958770443,,QuantData term-structure
2026-08-18T12:15:00-04:00,2026-08-28,10,805.0,put,-0.18286816681102036,86.73667907714844,875.6,fixed_strike,86.68899536132812,87.59498596191406,87.97645568847656,87.49961853027344,88.83476257324219,-0.476837158203125,1.049041748046875,,,,95.98731994628906,82.3974609375,-13.589859008789062,57.22920540255768,29.459789958770443,,QuantData term-structure
2026-08-18T12:15:00-04:00,2026-08-28,10,810.0,put,-0.2354581718456928,86.35520935058594,875.6,fixed_strike,86.68899536132812,87.59498596191406,87.97645568847656,87.49961853027344,88.83476257324219,-0.476837158203125,1.049041748046875,,,,95.98731994628906,82.3974609375,-13.589859008789062,57.22920540255768,29.459789958770443,,QuantData term-structure
2026-08-18T12:15:00-04:00,2026-08-28,10,815.0,put,-0.2738490532318725,87.49961853027344,875.6,fixed_strike,86.68899536132812,87.59498596191406,87.97645568847656,87.49961853027344,88.83476257324219,-0.476837158203125,1.049041748046875,,,,95.98731994628906,82.3974609375,-13.589859008789062,57.22920540255768,29.459789958770443,,QuantData term-structure
2026-08-18T12:15:00-04:00,2026-08-28,10,820.0,call,0.8023723869525488,85.59226989746094,875.6,fixed_strike,86.68899536132812,87.59498596191406,87.97645568847656,87.49961853027344,88.83476257324219,-0.476837158203125,1.049041748046875,,,,95.98731994628906,82.3974609375,-13.589859008789062,57.22920540255768,29.459789958770443,,QuantData term-structure
2026-08-18T12:15:00-04:00,2026-08-28,10,820.0,put,-0.2941690534939424,88.54866027832031,875.6,fixed_strike,86.68899536132812,87.59498596191406,87.97645568847656,87.49961853027344,88.83476257324219,-0.476837158203125,1.049041748046875,,,,95.98731994628906,82.3974609375,-13.589859008789062,57.22920540255768,29.459789958770443,,QuantData term-structure
2026-08-18T12:15:00-04:00,2026-08-28,10,825.0,put,-0.306125643531594,87.97645568847656,875.6,fixed_strike,86.68899536132812,87.59498596191406,87.97645568847656,87.49961853027344,88.83476257324219,-0.476837158203125,1.049041748046875,,,,95.98731994628906,82.3974609375,-13.589859008789062,57.22920540255768,29.459789958770443,,QuantData term-structure
2026-08-18T12:15:00-04:00,2026-08-28,10,830.0,put,-0.32766605593823594,87.02278137207031,875.6,fixed_strike,86.68899536132812,87.59498596191406,87.97645568847656,87.49961853027344,88.83476257324219,-0.476837158203125,1.049041748046875,,,,95.98731994628906,82.3974609375,-13.589859008789062,57.22920540255768,29.459789958770443,,QuantData term-structure
2026-08-18T12:15:00-04:00,2026-08-28,10,835.0,call,0.7272096906757791,87.21351623535156,875.6,fixed_strike,86.68899536132812,87.59498596191406,87.97645568847656,87.49961853027344,88.83476257324219,-0.476837158203125,1.049041748046875,,,,95.98731994628906,82.3974609375,-13.589859008789062,57.22920540255768,29.459789958770443,,QuantData term-structure
2026-08-18T12:15:00-04:00,2026-08-28,10,835.0,put,-0.32066208725410017,88.45329284667969,875.6,fixed_strike,86.68899536132812,87.59498596191406,87.97645568847656,87.49961853027344,88.83476257324219,-0.476837158203125,1.049041748046875,,,,95.98731994628906,82.3974609375,-13.589859008789062,57.22920540255768,29.459789958770443,,QuantData term-structure
2026-08-18T12:15:00-04:00,2026-08-28,10,840.0,call,0.6659785003565306,86.54594421386719,875.6,fixed_strike,86.68899536132812,87.59498596191406,87.97645568847656,87.49961853027344,88.83476257324219,-0.476837158203125,1.049041748046875,,,,95.98731994628906,82.3974609375,-13.589859008789062,57.22920540255768,29.459789958770443,,QuantData term-structure
2026-08-18T12:15:00-04:00,2026-08-28,10,840.0,put,-0.34843541093212693,85.68763732910156,875.6,fixed_strike,86.68899536132812,87.59498596191406,87.97645568847656,87.49961853027344,88.83476257324219,-0.476837158203125,1.049041748046875,,,,95.98731994628906,82.3974609375,-13.589859008789062,57.22920540255768,29.459789958770443,,QuantData term-structure
2026-08-18T12:15:00-04:00,2026-08-28,10,845.0,put,-0.302631060655905,87.49961853027344,875.6,fixed_strike,86.68899536132812,87.59498596191406,87.97645568847656,87.49961853027344,88.83476257324219,-0.476837158203125,1.049041748046875,,,,95.98731994628906,82.3974609375,-13.589859008789062,57.22920540255768,29.459789958770443,,QuantData term-structure
2026-08-18T12:15:00-04:00,2026-08-28,10,850.0,call,0.6941789434258415,84.25712585449219,875.6,fixed_strike,86.68899536132812,87.59498596191406,87.97645568847656,87.49961853027344,88.83476257324219,-0.476837158203125,1.049041748046875,,,,95.98731994628906,82.3974609375,-13.589859008789062,57.22920540255768,29.459789958770443,,QuantData term-structure
2026-08-18T12:15:00-04:00,2026-08-28,10,850.0,put,-0.38771217295115695,88.07182312011719,875.6,fixed_strike,86.68899536132812,87.59498596191406,87.97645568847656,87.49961853027344,88.83476257324219,-0.476837158203125,1.049041748046875,,,,95.98731994628906,82.3974609375,-13.589859008789062,57.22920540255768,29.459789958770443,,QuantData term-structure
2026-08-18T12:15:00-04:00,2026-08-28,10,852.5,put,-0.26506159362257903,87.02278137207031,875.6,fixed_strike,86.68899536132812,87.59498596191406,87.97645568847656,87.49961853027344,88.83476257324219,-0.476837158203125,1.049041748046875,,,,95.98731994628906,82.3974609375,-13.589859008789062,57.22920540255768,29.459789958770443,,QuantData term-structure
2026-08-18T12:15:00-04:00,2026-08-28,10,855.0,call,0.599239858045395,87.49961853027344,875.6,fixed_strike,86.68899536132812,87.59498596191406,87.97645568847656,87.49961853027344,88.83476257324219,-0.476837158203125,1.049041748046875,,,,95.98731994628906,82.3974609375,-13.589859008789062,57.22920540255768,29.459789958770443,,QuantData term-structure
2026-08-18T12:15:00-04:00,2026-08-28,10,855.0,put,-0.4017490262293909,88.73939514160156,875.6,fixed_strike,86.68899536132812,87.59498596191406,87.97645568847656,87.49961853027344,88.83476257324219,-0.476837158203125,1.049041748046875,,,,95.98731994628906,82.3974609375,-13.589859008789062,57.22920540255768,29.459789958770443,,QuantData term-structure
2026-08-18T12:15:00-04:00,2026-08-28,10,857.5,put,-0.2674179816642166,87.49961853027344,875.6,fixed_strike,86.68899536132812,87.59498596191406,87.97645568847656,87.49961853027344,88.83476257324219,-0.476837158203125,1.049041748046875,,,,95.98731994628906,82.3974609375,-13.589859008789062,57.22920540255768,29.459789958770443,,QuantData term-structure
2026-08-18T12:15:00-04:00,2026-08-28,10,860.0,call,0.6805114416405608,99.99275207519531,875.6,fixed_strike,86.68899536132812,87.59498596191406,87.97645568847656,87.49961853027344,88.83476257324219,-0.476837158203125,1.049041748046875,,,,95.98731994628906,82.3974609375,-13.589859008789062,57.22920540255768,29.459789958770443,,QuantData term-structure
2026-08-18T12:15:00-04:00,2026-08-28,10,860.0,put,-0.4103627256262986,87.97645568847656,875.6,fixed_strike,86.68899536132812,87.59498596191406,87.97645568847656,87.49961853027344,88.83476257324219,-0.476837158203125,1.049041748046875,,,,95.98731994628906,82.3974609375,-13.589859008789062,57.22920540255768,29.459789958770443,,QuantData term-structure
2026-08-18T12:15:00-04:00,2026-08-28,10,865.0,call,0.5498935657660038,85.68763732910156,875.6,fixed_strike,86.68899536132812,87.59498596191406,87.97645568847656,87.49961853027344,88.83476257324219,-0.476837158203125,1.049041748046875,,,,95.98731994628906,82.3974609375,-13.589859008789062,57.22920540255768,29.459789958770443,,QuantData term-structure
2026-08-18T12:15:00-04:00,2026-08-28,10,865.0,put,-0.4241680383884622,87.11814880371094,875.6,fixed_strike,86.68899536132812,87.59498596191406,87.97645568847656,87.49961853027344,88.83476257324219,-0.476837158203125,1.049041748046875,,,,95.98731994628906,82.3974609375,-13.589859008789062,57.22920540255768,29.459789958770443,,QuantData term-structure
2026-08-18T12:15:00-04:00,2026-08-28,10,870.0,call,0.5626203944952657,88.45329284667969,875.6,fixed_strike,86.68899536132812,87.59498596191406,87.97645568847656,87.49961853027344,88.83476257324219,-0.476837158203125,1.049041748046875,,,,95.98731994628906,82.3974609375,-13.589859008789062,57.22920540255768,29.459789958770443,,QuantData term-structure
2026-08-18T12:15:00-04:00,2026-08-28,10,870.0,put,-0.4603720984991624,87.49961853027344,875.6,fixed_strike,86.68899536132812,87.59498596191406,87.97645568847656,87.49961853027344,88.83476257324219,-0.476837158203125,1.049041748046875,,,,95.98731994628906,82.3974609375,-13.589859008789062,57.22920540255768,29.459789958770443,,QuantData term-structure
2026-08-18T12:15:00-04:00,2026-08-28,10,875.0,call,0.5416159677079055,87.59498596191406,875.6,fixed_strike,86.68899536132812,87.59498596191406,87.97645568847656,87.49961853027344,88.83476257324219,-0.476837158203125,1.049041748046875,,,,95.98731994628906,82.3974609375,-13.589859008789062,57.22920540255768,29.459789958770443,,QuantData term-structure
2026-08-18T12:15:00-04:00,2026-08-28,10,875.0,put,-0.4677208819494623,85.78300476074219,875.6,fixed_strike,86.68899536132812,87.59498596191406,87.97645568847656,87.49961853027344,88.83476257324219,-0.476837158203125,1.049041748046875,,,,95.98731994628906,82.3974609375,-13.589859008789062,57.22920540255768,29.459789958770443,,QuantData term-structure
2026-08-18T12:15:00-04:00,2026-08-28,10,880.0,call,0.5312899340842001,86.64131164550781,875.6,fixed_strike,86.68899536132812,87.59498596191406,87.97645568847656,87.49961853027344,88.83476257324219,-0.476837158203125,1.049041748046875,,,,95.98731994628906,82.3974609375,-13.589859008789062,57.22920540255768,29.459789958770443,,QuantData term-structure
2026-08-18T12:15:00-04:00,2026-08-28,10,880.0,put,-0.49154908161377403,87.30888366699219,875.6,fixed_strike,86.68899536132812,87.59498596191406,87.97645568847656,87.49961853027344,88.83476257324219,-0.476837158203125,1.049041748046875,,,,95.98731994628906,82.3974609375,-13.589859008789062,57.22920540255768,29.459789958770443,,QuantData term-structure
2026-08-18T12:15:00-04:00,2026-08-28,10,885.0,call,0.5158170058042513,86.92741394042969,875.6,fixed_strike,86.68899536132812,87.59498596191406,87.97645568847656,87.49961853027344,88.83476257324219,-0.476837158203125,1.049041748046875,,,,95.98731994628906,82.3974609375,-13.589859008789062,57.22920540255768,29.459789958770443,,QuantData term-structure
2026-08-18T12:15:00-04:00,2026-08-28,10,885.0,put,-0.4261652402405436,87.40425109863281,875.6,fixed_strike,86.68899536132812,87.59498596191406,87.97645568847656,87.49961853027344,88.83476257324219,-0.476837158203125,1.049041748046875,,,,95.98731994628906,82.3974609375,-13.589859008789062,57.22920540255768,29.459789958770443,,QuantData term-structure
2026-08-18T12:15:00-04:00,2026-08-28,10,890.0,call,0.5006019303152801,87.21351623535156,875.6,fixed_strike,86.68899536132812,87.59498596191406,87.97645568847656,87.49961853027344,88.83476257324219,-0.476837158203125,1.049041748046875,,,,95.98731994628906,82.3974609375,-13.589859008789062,57.22920540255768,29.459789958770443,,QuantData term-structure
2026-08-18T12:15:00-04:00,2026-08-28,10,890.0,put,-0.4923857144453848,86.45057678222656,875.6,fixed_strike,86.68899536132812,87.59498596191406,87.97645568847656,87.49961853027344,88.83476257324219,-0.476837158203125,1.049041748046875,,,,95.98731994628906,82.3974609375,-13.589859008789062,57.22920540255768,29.459789958770443,,QuantData term-structure
2026-08-18T12:15:00-04:00,2026-08-28,10,895.0,call,0.47074871189930667,86.92741394042969,875.6,fixed_strike,86.68899536132812,87.59498596191406,87.97645568847656,87.49961853027344,88.83476257324219,-0.476837158203125,1.049041748046875,,,,95.98731994628906,82.3974609375,-13.589859008789062,57.22920540255768,29.459789958770443,,QuantData term-structure
2026-08-18T12:15:00-04:00,2026-08-28,10,895.0,put,-0.48812988155869685,84.73396301269531,875.6,fixed_strike,86.68899536132812,87.59498596191406,87.97645568847656,87.49961853027344,88.83476257324219,-0.476837158203125,1.049041748046875,,,,95.98731994628906,82.3974609375,-13.589859008789062,57.22920540255768,29.459789958770443,,QuantData term-structure
2026-08-18T12:15:00-04:00,2026-08-28,10,900.0,call,0.4548368048052676,86.25984191894531,875.6,fixed_strike,86.68899536132812,87.59498596191406,87.97645568847656,87.49961853027344,88.83476257324219,-0.476837158203125,1.049041748046875,,,,95.98731994628906,82.3974609375,-13.589859008789062,57.22920540255768,29.459789958770443,,QuantData term-structure
2026-08-18T12:15:00-04:00,2026-08-28,10,900.0,put,-0.5256452553013496,86.73667907714844,875.6,fixed_strike,86.68899536132812,87.59498596191406,87.97645568847656,87.49961853027344,88.83476257324219,-0.476837158203125,1.049041748046875,,,,95.98731994628906,82.3974609375,-13.589859008789062,57.22920540255768,29.459789958770443,,QuantData term-structure
2026-08-18T12:15:00-04:00,2026-08-28,10,905.0,call,0.47035425734439407,85.59226989746094,875.6,fixed_strike,86.68899536132812,87.59498596191406,87.97645568847656,87.49961853027344,88.83476257324219,-0.476837158203125,1.049041748046875,,,,95.98731994628906,82.3974609375,-13.589859008789062,57.22920540255768,29.459789958770443,,QuantData term-structure
2026-08-18T12:15:00-04:00,2026-08-28,10,905.0,put,-0.5643907943530608,85.78300476074219,875.6,fixed_strike,86.68899536132812,87.59498596191406,87.97645568847656,87.49961853027344,88.83476257324219,-0.476837158203125,1.049041748046875,,,,95.98731994628906,82.3974609375,-13.589859008789062,57.22920540255768,29.459789958770443,,QuantData term-structure
2026-08-18T12:15:00-04:00,2026-08-28,10,910.0,call,0.4940576737260566,84.44786071777344,875.6,fixed_strike,86.68899536132812,87.59498596191406,87.97645568847656,87.49961853027344,88.83476257324219,-0.476837158203125,1.049041748046875,,,,95.98731994628906,82.3974609375,-13.589859008789062,57.22920540255768,29.459789958770443,,QuantData term-structure
2026-08-18T12:15:00-04:00,2026-08-28,10,910.0,put,-0.5605831678263913,90.16990661621094,875.6,fixed_strike,86.68899536132812,87.59498596191406,87.97645568847656,87.49961853027344,88.83476257324219,-0.476837158203125,1.049041748046875,,,,95.98731994628906,82.3974609375,-13.589859008789062,57.22920540255768,29.459789958770443,,QuantData term-structure
2026-08-18T12:15:00-04:00,2026-08-28,10,915.0,call,0.412368352511831,85.21080017089844,875.6,fixed_strike,86.68899536132812,87.59498596191406,87.97645568847656,87.49961853027344,88.83476257324219,-0.476837158203125,1.049041748046875,,,,95.98731994628906,82.3974609375,-13.589859008789062,57.22920540255768,29.459789958770443,,QuantData term-structure
2026-08-18T12:15:00-04:00,2026-08-28,10,915.0,put,-0.43403149369165406,86.73667907714844,875.6,fixed_strike,86.68899536132812,87.59498596191406,87.97645568847656,87.49961853027344,88.83476257324219,-0.476837158203125,1.049041748046875,,,,95.98731994628906,82.3974609375,-13.589859008789062,57.22920540255768,29.459789958770443,,QuantData term-structure
2026-08-18T12:15:00-04:00,2026-08-28,10,920.0,call,0.3906309018786466,87.21351623535156,875.6,fixed_strike,86.68899536132812,87.59498596191406,87.97645568847656,87.49961853027344,88.83476257324219,-0.476837158203125,1.049041748046875,,,,95.98731994628906,82.3974609375,-13.589859008789062,57.22920540255768,29.459789958770443,,QuantData term-structure
2026-08-18T12:15:00-04:00,2026-08-28,10,920.0,put,-0.5987256126510615,85.87837219238281,875.6,fixed_strike,86.68899536132812,87.59498596191406,87.97645568847656,87.49961853027344,88.83476257324219,-0.476837158203125,1.049041748046875,,,,95.98731994628906,82.3974609375,-13.589859008789062,57.22920540255768,29.459789958770443,,QuantData term-structure
2026-08-18T12:15:00-04:00,2026-08-28,10,925.0,call,0.4030087545316566,88.35792541503906,875.6,fixed_strike,86.68899536132812,87.59498596191406,87.97645568847656,87.49961853027344,88.83476257324219,-0.476837158203125,1.049041748046875,,,,95.98731994628906,82.3974609375,-13.589859008789062,57.22920540255768,29.459789958770443,,QuantData term-structure
2026-08-18T12:15:00-04:00,2026-08-28,10,925.0,put,-0.5906786493718317,84.92469787597656,875.6,fixed_strike,86.68899536132812,87.59498596191406,87.97645568847656,87.49961853027344,88.83476257324219,-0.476837158203125,1.049041748046875,,,,95.98731994628906,82.3974609375,-13.589859008789062,57.22920540255768,29.459789958770443,,QuantData term-structure
2026-08-18T12:15:00-04:00,2026-08-28,10,930.0,call,0.36792989222935,87.78572082519531,875.6,fixed_strike,86.68899536132812,87.59498596191406,87.97645568847656,87.49961853027344,88.83476257324219,-0.476837158203125,1.049041748046875,,,,95.98731994628906,82.3974609375,-13.589859008789062,57.22920540255768,29.459789958770443,,QuantData term-structure
2026-08-18T12:15:00-04:00,2026-08-28,10,930.0,put,-0.6021626588235389,85.40153503417969,875.6,fixed_strike,86.68899536132812,87.59498596191406,87.97645568847656,87.49961853027344,88.83476257324219,-0.476837158203125,1.049041748046875,,,,95.98731994628906,82.3974609375,-13.589859008789062,57.22920540255768,29.459789958770443,,QuantData term-structure
2026-08-18T12:15:00-04:00,2026-08-28,10,935.0,call,0.381956416685823,83.68492126464844,875.6,fixed_strike,86.68899536132812,87.59498596191406,87.97645568847656,87.49961853027344,88.83476257324219,-0.476837158203125,1.049041748046875,,,,95.98731994628906,82.3974609375,-13.589859008789062,57.22920540255768,29.459789958770443,,QuantData term-structure
2026-08-18T12:15:00-04:00,2026-08-28,10,935.0,put,-0.6646634766755437,86.73667907714844,875.6,fixed_strike,86.68899536132812,87.59498596191406,87.97645568847656,87.49961853027344,88.83476257324219,-0.476837158203125,1.049041748046875,,,,95.98731994628906,82.3974609375,-13.589859008789062,57.22920540255768,29.459789958770443,,QuantData term-structure
2026-08-18T12:15:00-04:00,2026-08-28,10,940.0,call,0.36748799468013793,87.02278137207031,875.6,fixed_strike,86.68899536132812,87.59498596191406,87.97645568847656,87.49961853027344,88.83476257324219,-0.476837158203125,1.049041748046875,,,,95.98731994628906,82.3974609375,-13.589859008789062,57.22920540255768,29.459789958770443,,QuantData term-structure
2026-08-18T12:15:00-04:00,2026-08-28,10,940.0,put,-0.638731176223833,85.97373962402344,875.6,fixed_strike,86.68899536132812,87.59498596191406,87.97645568847656,87.49961853027344,88.83476257324219,-0.476837158203125,1.049041748046875,,,,95.98731994628906,82.3974609375,-13.589859008789062,57.22920540255768,29.459789958770443,,QuantData term-structure
2026-08-18T12:15:00-04:00,2026-08-28,10,945.0,call,0.3533704754187241,83.58955383300781,875.6,fixed_strike,86.68899536132812,87.59498596191406,87.97645568847656,87.49961853027344,88.83476257324219,-0.476837158203125,1.049041748046875,,,,95.98731994628906,82.3974609375,-13.589859008789062,57.22920540255768,29.459789958770443,,QuantData term-structure
2026-08-18T12:15:00-04:00,2026-08-28,10,945.0,put,-0.6626472396990154,86.06910705566406,875.6,fixed_strike,86.68899536132812,87.59498596191406,87.97645568847656,87.49961853027344,88.83476257324219,-0.476837158203125,1.049041748046875,,,,95.98731994628906,82.3974609375,-13.589859008789062,57.22920540255768,29.459789958770443,,QuantData term-structure
2026-08-18T12:15:00-04:00,2026-08-28,10,947.5,call,0.34486972512124775,84.73396301269531,875.6,fixed_strike,86.68899536132812,87.59498596191406,87.97645568847656,87.49961853027344,88.83476257324219,-0.476837158203125,1.049041748046875,,,,95.98731994628906,82.3974609375,-13.589859008789062,57.22920540255768,29.459789958770443,,QuantData term-structure
2026-08-18T12:15:00-04:00,2026-08-28,10,950.0,call,0.33044390773340443,87.88108825683594,875.6,fixed_strike,86.68899536132812,87.59498596191406,87.97645568847656,87.49961853027344,88.83476257324219,-0.476837158203125,1.049041748046875,,,,95.98731994628906,82.3974609375,-13.589859008789062,57.22920540255768,29.459789958770443,,QuantData term-structure
2026-08-18T12:15:00-04:00,2026-08-28,10,950.0,put,-0.6719935315319541,86.54594421386719,875.6,fixed_strike,86.68899536132812,87.59498596191406,87.97645568847656,87.49961853027344,88.83476257324219,-0.476837158203125,1.049041748046875,,,,95.98731994628906,82.3974609375,-13.589859008789062,57.22920540255768,29.459789958770443,,QuantData term-structure
2026-08-18T12:15:00-04:00,2026-08-28,10,955.0,put,-0.7028917947207467,84.92469787597656,875.6,fixed_strike,86.68899536132812,87.59498596191406,87.97645568847656,87.49961853027344,88.83476257324219,-0.476837158203125,1.049041748046875,,,,95.98731994628906,82.3974609375,-13.589859008789062,57.22920540255768,29.459789958770443,,QuantData term-structure
2026-08-18T12:15:00-04:00,2026-08-28,10,960.0,call,0.2918400195460012,86.45057678222656,875.6,fixed_strike,86.68899536132812,87.59498596191406,87.97645568847656,87.49961853027344,88.83476257324219,-0.476837158203125,1.049041748046875,,,,95.98731994628906,82.3974609375,-13.589859008789062,57.22920540255768,29.459789958770443,,QuantData term-structure
2026-08-18T12:15:00-04:00,2026-08-28,10,960.0,put,-0.6532166006903661,84.16175842285156,875.6,fixed_strike,86.68899536132812,87.59498596191406,87.97645568847656,87.49961853027344,88.83476257324219,-0.476837158203125,1.049041748046875,,,,95.98731994628906,82.3974609375,-13.589859008789062,57.22920540255768,29.459789958770443,,QuantData term-structure
2026-08-18T12:15:00-04:00,2026-08-28,10,965.0,call,0.3608262835210302,83.68492126464844,875.6,fixed_strike,86.68899536132812,87.59498596191406,87.97645568847656,87.49961853027344,88.83476257324219,-0.476837158203125,1.049041748046875,,,,95.98731994628906,82.3974609375,-13.589859008789062,57.22920540255768,29.459789958770443,,QuantData term-structure
2026-08-18T12:15:00-04:00,2026-08-28,10,967.5,call,0.3108487448861431,84.82933044433594,875.6,fixed_strike,86.68899536132812,87.59498596191406,87.97645568847656,87.49961853027344,88.83476257324219,-0.476837158203125,1.049041748046875,,,,95.98731994628906,82.3974609375,-13.589859008789062,57.22920540255768,29.459789958770443,,QuantData term-structure
2026-08-18T12:15:00-04:00,2026-08-28,10,967.5,put,-0.6363347390469556,84.92469787597656,875.6,fixed_strike,86.68899536132812,87.59498596191406,87.97645568847656,87.49961853027344,88.83476257324219,-0.476837158203125,1.049041748046875,,,,95.98731994628906,82.3974609375,-13.589859008789062,57.22920540255768,29.459789958770443,,QuantData term-structure
2026-08-18T12:15:00-04:00,2026-08-28,10,970.0,call,0.2822862887310157,87.49961853027344,875.6,fixed_strike,86.68899536132812,87.59498596191406,87.97645568847656,87.49961853027344,88.83476257324219,-0.476837158203125,1.049041748046875,,,,95.98731994628906,82.3974609375,-13.589859008789062,57.22920540255768,29.459789958770443,,QuantData term-structure
2026-08-18T12:15:00-04:00,2026-08-28,10,970.0,put,-0.7238943355671223,85.40153503417969,875.6,fixed_strike,86.68899536132812,87.59498596191406,87.97645568847656,87.49961853027344,88.83476257324219,-0.476837158203125,1.049041748046875,,,,95.98731994628906,82.3974609375,-13.589859008789062,57.22920540255768,29.459789958770443,,QuantData term-structure
2026-08-18T12:15:00-04:00,2026-08-28,10,975.0,call,0.25242024307330174,87.49961853027344,875.6,fixed_strike,86.68899536132812,87.59498596191406,87.97645568847656,87.49961853027344,88.83476257324219,-0.476837158203125,1.049041748046875,,,,95.98731994628906,82.3974609375,-13.589859008789062,57.22920540255768,29.459789958770443,,QuantData term-structure
2026-08-18T12:15:00-04:00,2026-08-28,10,975.0,put,-0.6739026126471852,84.63859558105469,875.6,fixed_strike,86.68899536132812,87.59498596191406,87.97645568847656,87.49961853027344,88.83476257324219,-0.476837158203125,1.049041748046875,,,,95.98731994628906,82.3974609375,-13.589859008789062,57.22920540255768,29.459789958770443,,QuantData term-structure
2026-08-18T12:15:00-04:00,2026-08-28,10,980.0,call,0.28272035942278995,84.06639099121094,875.6,fixed_strike,86.68899536132812,87.59498596191406,87.97645568847656,87.49961853027344,88.83476257324219,-0.476837158203125,1.049041748046875,,,,95.98731994628906,82.3974609375,-13.589859008789062,57.22920540255768,29.459789958770443,,QuantData term-structure
2026-08-18T12:15:00-04:00,2026-08-28,10,980.0,put,-0.6200282143685187,85.49690246582031,875.6,fixed_strike,86.68899536132812,87.59498596191406,87.97645568847656,87.49961853027344,88.83476257324219,-0.476837158203125,1.049041748046875,,,,95.98731994628906,82.3974609375,-13.589859008789062,57.22920540255768,29.459789958770443,,QuantData term-structure
2026-08-18T12:15:00-04:00,2026-08-28,10,985.0,call,0.2560777383038845,87.21351623535156,875.6,fixed_strike,86.68899536132812,87.59498596191406,87.97645568847656,87.49961853027344,88.83476257324219,-0.476837158203125,1.049041748046875,,,,95.98731994628906,82.3974609375,-13.589859008789062,57.22920540255768,29.459789958770443,,QuantData term-structure
2026-08-18T12:15:00-04:00,2026-08-28,10,990.0,call,0.2340623450608949,87.49961853027344,875.6,fixed_strike,86.68899536132812,87.59498596191406,87.97645568847656,87.49961853027344,88.83476257324219,-0.476837158203125,1.049041748046875,,,,95.98731994628906,82.3974609375,-13.589859008789062,57.22920540255768,29.459789958770443,,QuantData term-structure
2026-08-18T12:15:00-04:00,2026-08-28,10,990.0,put,-0.7654650311536201,82.63587951660156,875.6,fixed_strike,86.68899536132812,87.59498596191406,87.97645568847656,87.49961853027344,88.83476257324219,-0.476837158203125,1.049041748046875,,,,95.98731994628906,82.3974609375,-13.589859008789062,57.22920540255768,29.459789958770443,,QuantData term-structure
2026-08-18T12:15:00-04:00,2026-08-28,10,995.0,call,0.21752195526997964,86.64131164550781,875.6,fixed_strike,86.68899536132812,87.59498596191406,87.97645568847656,87.49961853027344,88.83476257324219,-0.476837158203125,1.049041748046875,,,,95.98731994628906,82.3974609375,-13.589859008789062,57.22920540255768,29.459789958770443,,QuantData term-structure
2026-08-18T12:15:00-04:00,2026-08-28,10,1000.0,call,0.21777584816711532,87.40425109863281,875.6,fixed_strike,86.68899536132812,87.59498596191406,87.97645568847656,87.49961853027344,88.83476257324219,-0.476837158203125,1.049041748046875,,,,95.98731994628906,82.3974609375,-13.589859008789062,57.22920540255768,29.459789958770443,,QuantData term-structure
2026-08-18T12:15:00-04:00,2026-08-28,10,1000.0,put,-0.8040398469075449,84.54322814941406,875.6,fixed_strike,86.68899536132812,87.59498596191406,87.97645568847656,87.49961853027344,88.83476257324219,-0.476837158203125,1.049041748046875,,,,95.98731994628906,82.3974609375,-13.589859008789062,57.22920540255768,29.459789958770443,,QuantData term-structure
2026-08-18T12:15:00-04:00,2026-08-28,10,1005.0,call,0.18491753247875142,87.21351623535156,875.6,fixed_strike,86.68899536132812,87.59498596191406,87.97645568847656,87.49961853027344,88.83476257324219,-0.476837158203125,1.049041748046875,,,,95.98731994628906,82.3974609375,-13.589859008789062,57.22920540255768,29.459789958770443,,QuantData term-structure
2026-08-18T12:15:00-04:00,2026-08-28,10,1010.0,call,0.18753657023472786,88.54866027832031,875.6,fixed_strike,86.68899536132812,87.59498596191406,87.97645568847656,87.49961853027344,88.83476257324219,-0.476837158203125,1.049041748046875,,,,95.98731994628906,82.3974609375,-13.589859008789062,57.22920540255768,29.459789958770443,,QuantData term-structure
2026-08-18T12:15:00-04:00,2026-08-28,10,1010.0,put,-0.7347604230272826,80.72853088378906,875.6,fixed_strike,86.68899536132812,87.59498596191406,87.97645568847656,87.49961853027344,88.83476257324219,-0.476837158203125,1.049041748046875,,,,95.98731994628906,82.3974609375,-13.589859008789062,57.22920540255768,29.459789958770443,,QuantData term-structure
2026-08-18T12:15:00-04:00,2026-08-28,10,1020.0,call,0.18234911897766964,88.73939514160156,875.6,fixed_strike,86.68899536132812,87.59498596191406,87.97645568847656,87.49961853027344,88.83476257324219,-0.476837158203125,1.049041748046875,,,,95.98731994628906,82.3974609375,-13.589859008789062,57.22920540255768,29.459789958770443,,QuantData term-structure
2026-08-18T12:15:00-04:00,2026-08-28,10,1025.0,call,0.15576803455943777,85.78300476074219,875.6,fixed_strike,86.68899536132812,87.59498596191406,87.97645568847656,87.49961853027344,88.83476257324219,-0.476837158203125,1.049041748046875,,,,95.98731994628906,82.3974609375,-13.589859008789062,57.22920540255768,29.459789958770443,,QuantData term-structure
2026-08-18T12:15:00-04:00,2026-08-28,10,1035.0,call,0.15932538238903104,87.02278137207031,875.6,fixed_strike,86.68899536132812,87.59498596191406,87.97645568847656,87.49961853027344,88.83476257324219,-0.476837158203125,1.049041748046875,,,,95.98731994628906,82.3974609375,-13.589859008789062,57.22920540255768,29.459789958770443,,QuantData term-structure
2026-08-18T12:15:00-04:00,2026-08-28,10,1040.0,call,0.24470311295020547,85.11543273925781,875.6,fixed_strike,86.68899536132812,87.59498596191406,87.97645568847656,87.49961853027344,88.83476257324219,-0.476837158203125,1.049041748046875,,,,95.98731994628906,82.3974609375,-13.589859008789062,57.22920540255768,29.459789958770443,,QuantData term-structure
2026-08-18T12:15:00-04:00,2026-08-28,10,1050.0,call,0.13629299198800315,88.64402770996094,875.6,fixed_strike,86.68899536132812,87.59498596191406,87.97645568847656,87.49961853027344,88.83476257324219,-0.476837158203125,1.049041748046875,,,,95.98731994628906,82.3974609375,-13.589859008789062,57.22920540255768,29.459789958770443,,QuantData term-structure
2026-08-18T12:15:00-04:00,2026-08-28,10,1065.0,call,0.11431247962326496,85.49690246582031,875.6,fixed_strike,86.68899536132812,87.59498596191406,87.97645568847656,87.49961853027344,88.83476257324219,-0.476837158203125,1.049041748046875,,,,95.98731994628906,82.3974609375,-13.589859008789062,57.22920540255768,29.459789958770443,,QuantData term-structure
2026-08-18T12:15:00-04:00,2026-08-28,10,1075.0,call,0.09140223129562447,88.83476257324219,875.6,fixed_strike,86.68899536132812,87.59498596191406,87.97645568847656,87.49961853027344,88.83476257324219,-0.476837158203125,1.049041748046875,,,,95.98731994628906,82.3974609375,-13.589859008789062,57.22920540255768,29.459789958770443,,QuantData term-structure
2026-08-18T12:15:00-04:00,2026-08-28,10,1080.0,call,0.16760511313602594,87.97645568847656,875.6,fixed_strike,86.68899536132812,87.59498596191406,87.97645568847656,87.49961853027344,88.83476257324219,-0.476837158203125,1.049041748046875,,,,95.98731994628906,82.3974609375,-13.589859008789062,57.22920540255768,29.459789958770443,,QuantData term-structure
2026-08-18T12:15:00-04:00,2026-08-28,10,1090.0,put,-0.9020560468084318,70.52421569824219,875.6,fixed_strike,86.68899536132812,87.59498596191406,87.97645568847656,87.49961853027344,88.83476257324219,-0.476837158203125,1.049041748046875,,,,95.98731994628906,82.3974609375,-13.589859008789062,57.22920540255768,29.459789958770443,,QuantData term-structure
2026-08-18T12:15:00-04:00,2026-08-28,10,1100.0,call,0.07597308880072384,88.93013000488281,875.6,fixed_strike,86.68899536132812,87.59498596191406,87.97645568847656,87.49961853027344,88.83476257324219,-0.476837158203125,1.049041748046875,,,,95.98731994628906,82.3974609375,-13.589859008789062,57.22920540255768,29.459789958770443,,QuantData term-structure
2026-08-18T12:15:00-04:00,2026-08-28,10,1105.0,call,0.13962716360709265,90.55137634277344,875.6,fixed_strike,86.68899536132812,87.59498596191406,87.97645568847656,87.49961853027344,88.83476257324219,-0.476837158203125,1.049041748046875,,,,95.98731994628906,82.3974609375,-13.589859008789062,57.22920540255768,29.459789958770443,,QuantData term-structure
2026-08-18T12:15:00-04:00,2026-08-28,10,1110.0,call,0.06909194295409521,89.40696716308594,875.6,fixed_strike,86.68899536132812,87.59498596191406,87.97645568847656,87.49961853027344,88.83476257324219,-0.476837158203125,1.049041748046875,,,,95.98731994628906,82.3974609375,-13.589859008789062,57.22920540255768,29.459789958770443,,QuantData term-structure
2026-08-18T12:15:00-04:00,2026-08-28,10,1130.0,call,0.056837310616162484,87.69035339355469,875.6,fixed_strike,86.68899536132812,87.59498596191406,87.97645568847656,87.49961853027344,88.83476257324219,-0.476837158203125,1.049041748046875,,,,95.98731994628906,82.3974609375,-13.589859008789062,57.22920540255768,29.459789958770443,,QuantData term-structure
2026-08-18T12:15:00-04:00,2026-08-28,10,1150.0,call,0.048077186034620245,90.93284606933594,875.6,fixed_strike,86.68899536132812,87.59498596191406,87.97645568847656,87.49961853027344,88.83476257324219,-0.476837158203125,1.049041748046875,,,,95.98731994628906,82.3974609375,-13.589859008789062,57.22920540255768,29.459789958770443,,QuantData term-structure
2026-08-18T12:15:00-04:00,2026-08-28,10,1170.0,call,0.038847751719811224,92.55409240722656,875.6,fixed_strike,86.68899536132812,87.59498596191406,87.97645568847656,87.49961853027344,88.83476257324219,-0.476837158203125,1.049041748046875,,,,95.98731994628906,82.3974609375,-13.589859008789062,57.22920540255768,29.459789958770443,,QuantData term-structure
2026-08-18T12:15:00-04:00,2026-08-28,10,1180.0,call,0.03129100454492641,91.79115295410156,875.6,fixed_strike,86.68899536132812,87.59498596191406,87.97645568847656,87.49961853027344,88.83476257324219,-0.476837158203125,1.049041748046875,,,,95.98731994628906,82.3974609375,-13.589859008789062,57.22920540255768,29.459789958770443,,QuantData term-structure
2026-08-18T12:15:00-04:00,2026-08-28,10,1190.0,call,0.06539271976726124,93.12629699707031,875.6,fixed_strike,86.68899536132812,87.59498596191406,87.97645568847656,87.49961853027344,88.83476257324219,-0.476837158203125,1.049041748046875,,,,95.98731994628906,82.3974609375,-13.589859008789062,57.22920540255768,29.459789958770443,,QuantData term-structure
2026-08-18T12:15:00-04:00,2026-08-28,10,1200.0,call,0.03761166895105199,89.78843688964844,875.6,fixed_strike,86.68899536132812,87.59498596191406,87.97645568847656,87.49961853027344,88.83476257324219,-0.476837158203125,1.049041748046875,,,,95.98731994628906,82.3974609375,-13.589859008789062,57.22920540255768,29.459789958770443,,QuantData term-structure
2026-08-18T12:15:00-04:00,2026-08-28,10,1280.0,call,0.014628321287145522,95.60585021972656,875.6,fixed_strike,86.68899536132812,87.59498596191406,87.97645568847656,87.49961853027344,88.83476257324219,-0.476837158203125,1.049041748046875,,,,95.98731994628906,82.3974609375,-13.589859008789062,57.22920540255768,29.459789958770443,,QuantData term-structure
2026-08-18T12:15:00-04:00,2026-08-28,10,1300.0,call,0.016272503685318143,94.27070617675781,875.6,fixed_strike,86.68899536132812,87.59498596191406,87.97645568847656,87.49961853027344,88.83476257324219,-0.476837158203125,1.049041748046875,,,,95.98731994628906,82.3974609375,-13.589859008789062,57.22920540255768,29.459789958770443,,QuantData term-structure
2026-08-18T12:15:00-04:00,2026-08-28,10,1370.0,call,0.01683040218421495,119.35234069824219,875.6,fixed_strike,86.68899536132812,87.59498596191406,87.97645568847656,87.49961853027344,88.83476257324219,-0.476837158203125,1.049041748046875,,,,95.98731994628906,82.3974609375,-13.589859008789062,57.22920540255768,29.459789958770443,,QuantData term-structure
2026-08-18T12:15:00-04:00,2026-08-28,10,1400.0,call,0.004978561254373489,103.71208190917969,875.6,fixed_strike,86.68899536132812,87.59498596191406,87.97645568847656,87.49961853027344,88.83476257324219,-0.476837158203125,1.049041748046875,,,,95.98731994628906,82.3974609375,-13.589859008789062,57.22920540255768,29.459789958770443,,QuantData term-structure
2026-08-18T12:15:00-04:00,2026-09-04,17,420.0,put,-0.0014261873343210613,119.35234069824219,875.6,fixed_strike,85.35385131835938,89.31159973144531,84.73396301269531,86.06910705566406,89.12086486816406,1.33514404296875,0.0476837158203125,,,,95.98731994628906,82.3974609375,-13.589859008789062,57.22920540255768,28.124645915801693,,QuantData term-structure
2026-08-18T12:15:00-04:00,2026-09-04,17,500.0,put,-0.0031906095774966825,100.66032409667969,875.6,fixed_strike,85.35385131835938,89.31159973144531,84.73396301269531,86.06910705566406,89.12086486816406,1.33514404296875,0.0476837158203125,,,,95.98731994628906,82.3974609375,-13.589859008789062,57.22920540255768,28.124645915801693,,QuantData term-structure
2026-08-18T12:15:00-04:00,2026-09-04,17,550.0,call,0.9552935882933542,157.78541564941406,875.6,fixed_strike,85.35385131835938,89.31159973144531,84.73396301269531,86.06910705566406,89.12086486816406,1.33514404296875,0.0476837158203125,,,,95.98731994628906,82.3974609375,-13.589859008789062,57.22920540255768,28.124645915801693,,QuantData term-structure
2026-08-18T12:15:00-04:00,2026-09-04,17,550.0,put,-0.00907843125507874,96.27342224121094,875.6,fixed_strike,85.35385131835938,89.31159973144531,84.73396301269531,86.06910705566406,89.12086486816406,1.33514404296875,0.0476837158203125,,,,95.98731994628906,82.3974609375,-13.589859008789062,57.22920540255768,28.124645915801693,,QuantData term-structure
2026-08-18T12:15:00-04:00,2026-09-04,17,580.0,put,-0.0246016518681976,105.33332824707031,875.6,fixed_strike,85.35385131835938,89.31159973144531,84.73396301269531,86.06910705566406,89.12086486816406,1.33514404296875,0.0476837158203125,,,,95.98731994628906,82.3974609375,-13.589859008789062,57.22920540255768,28.124645915801693,,QuantData term-structure
2026-08-18T12:15:00-04:00,2026-09-04,17,620.0,put,-0.031549328942273275,91.40968322753906,875.6,fixed_strike,85.35385131835938,89.31159973144531,84.73396301269531,86.06910705566406,89.12086486816406,1.33514404296875,0.0476837158203125,,,,95.98731994628906,82.3974609375,-13.589859008789062,57.22920540255768,28.124645915801693,,QuantData term-structure
2026-08-18T12:15:00-04:00,2026-09-04,17,625.0,put,-0.025745748350047684,86.92741394042969,875.6,fixed_strike,85.35385131835938,89.31159973144531,84.73396301269531,86.06910705566406,89.12086486816406,1.33514404296875,0.0476837158203125,,,,95.98731994628906,82.3974609375,-13.589859008789062,57.22920540255768,28.124645915801693,,QuantData term-structure
2026-08-18T12:15:00-04:00,2026-09-04,17,630.0,put,-0.01976067307257682,88.93013000488281,875.6,fixed_strike,85.35385131835938,89.31159973144531,84.73396301269531,86.06910705566406,89.12086486816406,1.33514404296875,0.0476837158203125,,,,95.98731994628906,82.3974609375,-13.589859008789062,57.22920540255768,28.124645915801693,,QuantData term-structure
2026-08-18T12:15:00-04:00,2026-09-04,17,650.0,put,-0.05050334812303403,88.07182312011719,875.6,fixed_strike,85.35385131835938,89.31159973144531,84.73396301269531,86.06910705566406,89.12086486816406,1.33514404296875,0.0476837158203125,,,,95.98731994628906,82.3974609375,-13.589859008789062,57.22920540255768,28.124645915801693,,QuantData term-structure
2026-08-18T12:15:00-04:00,2026-09-04,17,680.0,put,-0.07851544519302861,88.54866027832031,875.6,fixed_strike,85.35385131835938,89.31159973144531,84.73396301269531,86.06910705566406,89.12086486816406,1.33514404296875,0.0476837158203125,,,,95.98731994628906,82.3974609375,-13.589859008789062,57.22920540255768,28.124645915801693,,QuantData term-structure
2026-08-18T12:15:00-04:00,2026-09-04,17,685.0,put,-0.08492157199460021,91.60041809082031,875.6,fixed_strike,85.35385131835938,89.31159973144531,84.73396301269531,86.06910705566406,89.12086486816406,1.33514404296875,0.0476837158203125,,,,95.98731994628906,82.3974609375,-13.589859008789062,57.22920540255768,28.124645915801693,,QuantData term-structure
2026-08-18T12:15:00-04:00,2026-09-04,17,690.0,put,-0.08900418246147124,90.64674377441406,875.6,fixed_strike,85.35385131835938,89.31159973144531,84.73396301269531,86.06910705566406,89.12086486816406,1.33514404296875,0.0476837158203125,,,,95.98731994628906,82.3974609375,-13.589859008789062,57.22920540255768,28.124645915801693,,QuantData term-structure
2026-08-18T12:15:00-04:00,2026-09-04,17,695.0,put,-0.08525349664961951,86.16447448730469,875.6,fixed_strike,85.35385131835938,89.31159973144531,84.73396301269531,86.06910705566406,89.12086486816406,1.33514404296875,0.0476837158203125,,,,95.98731994628906,82.3974609375,-13.589859008789062,57.22920540255768,28.124645915801693,,QuantData term-structure
2026-08-18T12:15:00-04:00,2026-09-04,17,700.0,put,-0.09933681950289569,89.31159973144531,875.6,fixed_strike,85.35385131835938,89.31159973144531,84.73396301269531,86.06910705566406,89.12086486816406,1.33514404296875,0.0476837158203125,,,,95.98731994628906,82.3974609375,-13.589859008789062,57.22920540255768,28.124645915801693,,QuantData term-structure
2026-08-18T12:15:00-04:00,2026-09-04,17,710.0,put,-0.09033083767992128,85.49690246582031,875.6,fixed_strike,85.35385131835938,89.31159973144531,84.73396301269531,86.06910705566406,89.12086486816406,1.33514404296875,0.0476837158203125,,,,95.98731994628906,82.3974609375,-13.589859008789062,57.22920540255768,28.124645915801693,,QuantData term-structure
2026-08-18T12:15:00-04:00,2026-09-04,17,715.0,put,-0.12483985506268047,88.07182312011719,875.6,fixed_strike,85.35385131835938,89.31159973144531,84.73396301269531,86.06910705566406,89.12086486816406,1.33514404296875,0.0476837158203125,,,,95.98731994628906,82.3974609375,-13.589859008789062,57.22920540255768,28.124645915801693,,QuantData term-structure
2026-08-18T12:15:00-04:00,2026-09-04,17,720.0,put,-0.13206120777565045,87.78572082519531,875.6,fixed_strike,85.35385131835938,89.31159973144531,84.73396301269531,86.06910705566406,89.12086486816406,1.33514404296875,0.0476837158203125,,,,95.98731994628906,82.3974609375,-13.589859008789062,57.22920540255768,28.124645915801693,,QuantData term-structure
2026-08-18T12:15:00-04:00,2026-09-04,17,725.0,put,-0.0923161159693211,88.07182312011719,875.6,fixed_strike,85.35385131835938,89.31159973144531,84.73396301269531,86.06910705566406,89.12086486816406,1.33514404296875,0.0476837158203125,,,,95.98731994628906,82.3974609375,-13.589859008789062,57.22920540255768,28.124645915801693,,QuantData term-structure
2026-08-18T12:15:00-04:00,2026-09-04,17,730.0,put,-0.14040307816186942,86.16447448730469,875.6,fixed_strike,85.35385131835938,89.31159973144531,84.73396301269531,86.06910705566406,89.12086486816406,1.33514404296875,0.0476837158203125,,,,95.98731994628906,82.3974609375,-13.589859008789062,57.22920540255768,28.124645915801693,,QuantData term-structure
2026-08-18T12:15:00-04:00,2026-09-04,17,735.0,put,-0.1481187186187632,91.02821350097656,875.6,fixed_strike,85.35385131835938,89.31159973144531,84.73396301269531,86.06910705566406,89.12086486816406,1.33514404296875,0.0476837158203125,,,,95.98731994628906,82.3974609375,-13.589859008789062,57.22920540255768,28.124645915801693,,QuantData term-structure
2026-08-18T12:15:00-04:00,2026-09-04,17,750.0,put,-0.17089171654525054,87.02278137207031,875.6,fixed_strike,85.35385131835938,89.31159973144531,84.73396301269531,86.06910705566406,89.12086486816406,1.33514404296875,0.0476837158203125,,,,95.98731994628906,82.3974609375,-13.589859008789062,57.22920540255768,28.124645915801693,,QuantData term-structure
2026-08-18T12:15:00-04:00,2026-09-04,17,755.0,put,-0.18042657416817343,84.06639099121094,875.6,fixed_strike,85.35385131835938,89.31159973144531,84.73396301269531,86.06910705566406,89.12086486816406,1.33514404296875,0.0476837158203125,,,,95.98731994628906,82.3974609375,-13.589859008789062,57.22920540255768,28.124645915801693,,QuantData term-structure
2026-08-18T12:15:00-04:00,2026-09-04,17,760.0,put,-0.16954031693787797,84.82933044433594,875.6,fixed_strike,85.35385131835938,89.31159973144531,84.73396301269531,86.06910705566406,89.12086486816406,1.33514404296875,0.0476837158203125,,,,95.98731994628906,82.3974609375,-13.589859008789062,57.22920540255768,28.124645915801693,,QuantData term-structure
2026-08-18T12:15:00-04:00,2026-09-04,17,765.0,call,0.8698827332202964,90.26527404785156,875.6,fixed_strike,85.35385131835938,89.31159973144531,84.73396301269531,86.06910705566406,89.12086486816406,1.33514404296875,0.0476837158203125,,,,95.98731994628906,82.3974609375,-13.589859008789062,57.22920540255768,28.124645915801693,,QuantData term-structure
2026-08-18T12:15:00-04:00,2026-09-04,17,765.0,put,-0.1331783169963861,89.69306945800781,875.6,fixed_strike,85.35385131835938,89.31159973144531,84.73396301269531,86.06910705566406,89.12086486816406,1.33514404296875,0.0476837158203125,,,,95.98731994628906,82.3974609375,-13.589859008789062,57.22920540255768,28.124645915801693,,QuantData term-structure
2026-08-18T12:15:00-04:00,2026-09-04,17,770.0,put,-0.20779566835600277,87.40425109863281,875.6,fixed_strike,85.35385131835938,89.31159973144531,84.73396301269531,86.06910705566406,89.12086486816406,1.33514404296875,0.0476837158203125,,,,95.98731994628906,82.3974609375,-13.589859008789062,57.22920540255768,28.124645915801693,,QuantData term-structure
2026-08-18T12:15:00-04:00,2026-09-04,17,780.0,put,-0.2391005502222463,84.16175842285156,875.6,fixed_strike,85.35385131835938,89.31159973144531,84.73396301269531,86.06910705566406,89.12086486816406,1.33514404296875,0.0476837158203125,,,,95.98731994628906,82.3974609375,-13.589859008789062,57.22920540255768,28.124645915801693,,QuantData term-structure
2026-08-18T12:15:00-04:00,2026-09-04,17,790.0,put,-0.2558399752348318,84.73396301269531,875.6,fixed_strike,85.35385131835938,89.31159973144531,84.73396301269531,86.06910705566406,89.12086486816406,1.33514404296875,0.0476837158203125,,,,95.98731994628906,82.3974609375,-13.589859008789062,57.22920540255768,28.124645915801693,,QuantData term-structure
2026-08-18T12:15:00-04:00,2026-09-04,17,800.0,call,0.735542700050061,88.16719055175781,875.6,fixed_strike,85.35385131835938,89.31159973144531,84.73396301269531,86.06910705566406,89.12086486816406,1.33514404296875,0.0476837158203125,,,,95.98731994628906,82.3974609375,-13.589859008789062,57.22920540255768,28.124645915801693,,QuantData term-structure
2026-08-18T12:15:00-04:00,2026-09-04,17,800.0,put,-0.2865965749223839,86.35520935058594,875.6,fixed_strike,85.35385131835938,89.31159973144531,84.73396301269531,86.06910705566406,89.12086486816406,1.33514404296875,0.0476837158203125,,,,95.98731994628906,82.3974609375,-13.589859008789062,57.22920540255768,28.124645915801693,,QuantData term-structure
2026-08-18T12:15:00-04:00,2026-09-04,17,805.0,put,-0.29904652892535044,87.02278137207031,875.6,fixed_strike,85.35385131835938,89.31159973144531,84.73396301269531,86.06910705566406,89.12086486816406,1.33514404296875,0.0476837158203125,,,,95.98731994628906,82.3974609375,-13.589859008789062,57.22920540255768,28.124645915801693,,QuantData term-structure
2026-08-18T12:15:00-04:00,2026-09-04,17,810.0,put,-0.30134001428872653,84.73396301269531,875.6,fixed_strike,85.35385131835938,89.31159973144531,84.73396301269531,86.06910705566406,89.12086486816406,1.33514404296875,0.0476837158203125,,,,95.98731994628906,82.3974609375,-13.589859008789062,57.22920540255768,28.124645915801693,,QuantData term-structure
2026-08-18T12:15:00-04:00,2026-09-04,17,820.0,put,-0.27503709245063335,84.25712585449219,875.6,fixed_strike,85.35385131835938,89.31159973144531,84.73396301269531,86.06910705566406,89.12086486816406,1.33514404296875,0.0476837158203125,,,,95.98731994628906,82.3974609375,-13.589859008789062,57.22920540255768,28.124645915801693,,QuantData term-structure
2026-08-18T12:15:00-04:00,2026-09-04,17,825.0,put,-0.2264049380042802,86.73667907714844,875.6,fixed_strike,85.35385131835938,89.31159973144531,84.73396301269531,86.06910705566406,89.12086486816406,1.33514404296875,0.0476837158203125,,,,95.98731994628906,82.3974609375,-13.589859008789062,57.22920540255768,28.124645915801693,,QuantData term-structure
2026-08-18T12:15:00-04:00,2026-09-04,17,830.0,put,-0.35646771971035995,86.64131164550781,875.6,fixed_strike,85.35385131835938,89.31159973144531,84.73396301269531,86.06910705566406,89.12086486816406,1.33514404296875,0.0476837158203125,,,,95.98731994628906,82.3974609375,-13.589859008789062,57.22920540255768,28.124645915801693,,QuantData term-structure
2026-08-18T12:15:00-04:00,2026-09-04,17,840.0,put,-0.3205820363530085,84.16175842285156,875.6,fixed_strike,85.35385131835938,89.31159973144531,84.73396301269531,86.06910705566406,89.12086486816406,1.33514404296875,0.0476837158203125,,,,95.98731994628906,82.3974609375,-13.589859008789062,57.22920540255768,28.124645915801693,,QuantData term-structure
2026-08-18T12:15:00-04:00,2026-09-04,17,845.0,put,-0.3790463506809327,83.78028869628906,875.6,fixed_strike,85.35385131835938,89.31159973144531,84.73396301269531,86.06910705566406,89.12086486816406,1.33514404296875,0.0476837158203125,,,,95.98731994628906,82.3974609375,-13.589859008789062,57.22920540255768,28.124645915801693,,QuantData term-structure
2026-08-18T12:15:00-04:00,2026-09-04,17,850.0,call,0.6341921379706423,83.20808410644531,875.6,fixed_strike,85.35385131835938,89.31159973144531,84.73396301269531,86.06910705566406,89.12086486816406,1.33514404296875,0.0476837158203125,,,,95.98731994628906,82.3974609375,-13.589859008789062,57.22920540255768,28.124645915801693,,QuantData term-structure
2026-08-18T12:15:00-04:00,2026-09-04,17,850.0,put,-0.40457680407525476,86.64131164550781,875.6,fixed_strike,85.35385131835938,89.31159973144531,84.73396301269531,86.06910705566406,89.12086486816406,1.33514404296875,0.0476837158203125,,,,95.98731994628906,82.3974609375,-13.589859008789062,57.22920540255768,28.124645915801693,,QuantData term-structure
2026-08-18T12:15:00-04:00,2026-09-04,17,860.0,call,0.6771607157264199,80.06095886230469,875.6,fixed_strike,85.35385131835938,89.31159973144531,84.73396301269531,86.06910705566406,89.12086486816406,1.33514404296875,0.0476837158203125,,,,95.98731994628906,82.3974609375,-13.589859008789062,57.22920540255768,28.124645915801693,,QuantData term-structure
2026-08-18T12:15:00-04:00,2026-09-04,17,860.0,put,-0.4103330190609734,85.97373962402344,875.6,fixed_strike,85.35385131835938,89.31159973144531,84.73396301269531,86.06910705566406,89.12086486816406,1.33514404296875,0.0476837158203125,,,,95.98731994628906,82.3974609375,-13.589859008789062,57.22920540255768,28.124645915801693,,QuantData term-structure
2026-08-18T12:15:00-04:00,2026-09-04,17,870.0,call,0.5549725745347067,85.11543273925781,875.6,fixed_strike,85.35385131835938,89.31159973144531,84.73396301269531,86.06910705566406,89.12086486816406,1.33514404296875,0.0476837158203125,,,,95.98731994628906,82.3974609375,-13.589859008789062,57.22920540255768,28.124645915801693,,QuantData term-structure
2026-08-18T12:15:00-04:00,2026-09-04,17,870.0,put,-0.4292226939173757,88.26255798339844,875.6,fixed_strike,85.35385131835938,89.31159973144531,84.73396301269531,86.06910705566406,89.12086486816406,1.33514404296875,0.0476837158203125,,,,95.98731994628906,82.3974609375,-13.589859008789062,57.22920540255768,28.124645915801693,,QuantData term-structure
2026-08-18T12:15:00-04:00,2026-09-04,17,875.0,call,0.5485050792751596,86.73667907714844,875.6,fixed_strike,85.35385131835938,89.31159973144531,84.73396301269531,86.06910705566406,89.12086486816406,1.33514404296875,0.0476837158203125,,,,95.98731994628906,82.3974609375,-13.589859008789062,57.22920540255768,28.124645915801693,,QuantData term-structure
2026-08-18T12:15:00-04:00,2026-09-04,17,875.0,put,-0.45031602194093057,83.97102355957031,875.6,fixed_strike,85.35385131835938,89.31159973144531,84.73396301269531,86.06910705566406,89.12086486816406,1.33514404296875,0.0476837158203125,,,,95.98731994628906,82.3974609375,-13.589859008789062,57.22920540255768,28.124645915801693,,QuantData term-structure
2026-08-18T12:15:00-04:00,2026-09-04,17,880.0,call,0.5365512235065633,85.49690246582031,875.6,fixed_strike,85.35385131835938,89.31159973144531,84.73396301269531,86.06910705566406,89.12086486816406,1.33514404296875,0.0476837158203125,,,,95.98731994628906,82.3974609375,-13.589859008789062,57.22920540255768,28.124645915801693,,QuantData term-structure
2026-08-18T12:15:00-04:00,2026-09-04,17,890.0,call,0.5270181554262579,85.97373962402344,875.6,fixed_strike,85.35385131835938,89.31159973144531,84.73396301269531,86.06910705566406,89.12086486816406,1.33514404296875,0.0476837158203125,,,,95.98731994628906,82.3974609375,-13.589859008789062,57.22920540255768,28.124645915801693,,QuantData term-structure
2026-08-18T12:15:00-04:00,2026-09-04,17,890.0,put,-0.41260576824234096,84.63859558105469,875.6,fixed_strike,85.35385131835938,89.31159973144531,84.73396301269531,86.06910705566406,89.12086486816406,1.33514404296875,0.0476837158203125,,,,95.98731994628906,82.3974609375,-13.589859008789062,57.22920540255768,28.124645915801693,,QuantData term-structure
2026-08-18T12:15:00-04:00,2026-09-04,17,895.0,call,0.5275088781261501,83.97102355957031,875.6,fixed_strike,85.35385131835938,89.31159973144531,84.73396301269531,86.06910705566406,89.12086486816406,1.33514404296875,0.0476837158203125,,,,95.98731994628906,82.3974609375,-13.589859008789062,57.22920540255768,28.124645915801693,,QuantData term-structure
2026-08-18T12:15:00-04:00,2026-09-04,17,900.0,call,0.48665086540426744,84.06639099121094,875.6,fixed_strike,85.35385131835938,89.31159973144531,84.73396301269531,86.06910705566406,89.12086486816406,1.33514404296875,0.0476837158203125,,,,95.98731994628906,82.3974609375,-13.589859008789062,57.22920540255768,28.124645915801693,,QuantData term-structure
2026-08-18T12:15:00-04:00,2026-09-04,17,900.0,put,-0.4997530506906925,84.63859558105469,875.6,fixed_strike,85.35385131835938,89.31159973144531,84.73396301269531,86.06910705566406,89.12086486816406,1.33514404296875,0.0476837158203125,,,,95.98731994628906,82.3974609375,-13.589859008789062,57.22920540255768,28.124645915801693,,QuantData term-structure
2026-08-18T12:15:00-04:00,2026-09-04,17,905.0,put,-0.4641963957448972,83.87565612792969,875.6,fixed_strike,85.35385131835938,89.31159973144531,84.73396301269531,86.06910705566406,89.12086486816406,1.33514404296875,0.0476837158203125,,,,95.98731994628906,82.3974609375,-13.589859008789062,57.22920540255768,28.124645915801693,,QuantData term-structure
2026-08-18T12:15:00-04:00,2026-09-04,17,910.0,call,0.46748234748697853,86.92741394042969,875.6,fixed_strike,85.35385131835938,89.31159973144531,84.73396301269531,86.06910705566406,89.12086486816406,1.33514404296875,0.0476837158203125,,,,95.98731994628906,82.3974609375,-13.589859008789062,57.22920540255768,28.124645915801693,,QuantData term-structure
2026-08-18T12:15:00-04:00,2026-09-04,17,910.0,put,-0.5343656186778409,86.45057678222656,875.6,fixed_strike,85.35385131835938,89.31159973144531,84.73396301269531,86.06910705566406,89.12086486816406,1.33514404296875,0.0476837158203125,,,,95.98731994628906,82.3974609375,-13.589859008789062,57.22920540255768,28.124645915801693,,QuantData term-structure
2026-08-18T12:15:00-04:00,2026-09-04,17,915.0,call,0.4389550354935275,84.16175842285156,875.6,fixed_strike,85.35385131835938,89.31159973144531,84.73396301269531,86.06910705566406,89.12086486816406,1.33514404296875,0.0476837158203125,,,,95.98731994628906,82.3974609375,-13.589859008789062,57.22920540255768,28.124645915801693,,QuantData term-structure
2026-08-18T12:15:00-04:00,2026-09-04,17,915.0,put,-0.46129549207917747,83.49418640136719,875.6,fixed_strike,85.35385131835938,89.31159973144531,84.73396301269531,86.06910705566406,89.12086486816406,1.33514404296875,0.0476837158203125,,,,95.98731994628906,82.3974609375,-13.589859008789062,57.22920540255768,28.124645915801693,,QuantData term-structure
2026-08-18T12:15:00-04:00,2026-09-04,17,920.0,call,0.47235314186748595,83.30345153808594,875.6,fixed_strike,85.35385131835938,89.31159973144531,84.73396301269531,86.06910705566406,89.12086486816406,1.33514404296875,0.0476837158203125,,,,95.98731994628906,82.3974609375,-13.589859008789062,57.22920540255768,28.124645915801693,,QuantData term-structure
2026-08-18T12:15:00-04:00,2026-09-04,17,920.0,put,-0.46538745727794456,85.49690246582031,875.6,fixed_strike,85.35385131835938,89.31159973144531,84.73396301269531,86.06910705566406,89.12086486816406,1.33514404296875,0.0476837158203125,,,,95.98731994628906,82.3974609375,-13.589859008789062,57.22920540255768,28.124645915801693,,QuantData term-structure
2026-08-18T12:15:00-04:00,2026-09-04,17,925.0,call,0.4598240124362688,83.39881896972656,875.6,fixed_strike,85.35385131835938,89.31159973144531,84.73396301269531,86.06910705566406,89.12086486816406,1.33514404296875,0.0476837158203125,,,,95.98731994628906,82.3974609375,-13.589859008789062,57.22920540255768,28.124645915801693,,QuantData term-structure
2026-08-18T12:15:00-04:00,2026-09-04,17,930.0,call,0.4224081129555862,86.16447448730469,875.6,fixed_strike,85.35385131835938,89.31159973144531,84.73396301269531,86.06910705566406,89.12086486816406,1.33514404296875,0.0476837158203125,,,,95.98731994628906,82.3974609375,-13.589859008789062,57.22920540255768,28.124645915801693,,QuantData term-structure
2026-08-18T12:15:00-04:00,2026-09-04,17,930.0,put,-0.5799117323336328,85.49690246582031,875.6,fixed_strike,85.35385131835938,89.31159973144531,84.73396301269531,86.06910705566406,89.12086486816406,1.33514404296875,0.0476837158203125,,,,95.98731994628906,82.3974609375,-13.589859008789062,57.22920540255768,28.124645915801693,,QuantData term-structure
2026-08-18T12:15:00-04:00,2026-09-04,17,940.0,call,0.4488362333395289,84.16175842285156,875.6,fixed_strike,85.35385131835938,89.31159973144531,84.73396301269531,86.06910705566406,89.12086486816406,1.33514404296875,0.0476837158203125,,,,95.98731994628906,82.3974609375,-13.589859008789062,57.22920540255768,28.124645915801693,,QuantData term-structure
2026-08-18T12:15:00-04:00,2026-09-04,17,940.0,put,-0.49737152638295123,85.02006530761719,875.6,fixed_strike,85.35385131835938,89.31159973144531,84.73396301269531,86.06910705566406,89.12086486816406,1.33514404296875,0.0476837158203125,,,,95.98731994628906,82.3974609375,-13.589859008789062,57.22920540255768,28.124645915801693,,QuantData term-structure
2026-08-18T12:15:00-04:00,2026-09-04,17,950.0,call,0.39051474546827536,86.35520935058594,875.6,fixed_strike,85.35385131835938,89.31159973144531,84.73396301269531,86.06910705566406,89.12086486816406,1.33514404296875,0.0476837158203125,,,,95.98731994628906,82.3974609375,-13.589859008789062,57.22920540255768,28.124645915801693,,QuantData term-structure
2026-08-18T12:15:00-04:00,2026-09-04,17,950.0,put,-0.6154711422147803,87.21351623535156,875.6,fixed_strike,85.35385131835938,89.31159973144531,84.73396301269531,86.06910705566406,89.12086486816406,1.33514404296875,0.0476837158203125,,,,95.98731994628906,82.3974609375,-13.589859008789062,57.22920540255768,28.124645915801693,,QuantData term-structure
2026-08-18T12:15:00-04:00,2026-09-04,17,975.0,put,-0.5767969292523274,86.16447448730469,875.6,fixed_strike,85.35385131835938,89.31159973144531,84.73396301269531,86.06910705566406,89.12086486816406,1.33514404296875,0.0476837158203125,,,,95.98731994628906,82.3974609375,-13.589859008789062,57.22920540255768,28.124645915801693,,QuantData term-structure
2026-08-18T12:15:00-04:00,2026-09-04,17,980.0,call,0.39934200940084896,83.68492126464844,875.6,fixed_strike,85.35385131835938,89.31159973144531,84.73396301269531,86.06910705566406,89.12086486816406,1.33514404296875,0.0476837158203125,,,,95.98731994628906,82.3974609375,-13.589859008789062,57.22920540255768,28.124645915801693,,QuantData term-structure
2026-08-18T12:15:00-04:00,2026-09-04,17,980.0,put,-0.5955272260308933,83.87565612792969,875.6,fixed_strike,85.35385131835938,89.31159973144531,84.73396301269531,86.06910705566406,89.12086486816406,1.33514404296875,0.0476837158203125,,,,95.98731994628906,82.3974609375,-13.589859008789062,57.22920540255768,28.124645915801693,,QuantData term-structure
2026-08-18T12:15:00-04:00,2026-09-04,17,990.0,call,0.3042427529462249,87.30888366699219,875.6,fixed_strike,85.35385131835938,89.31159973144531,84.73396301269531,86.06910705566406,89.12086486816406,1.33514404296875,0.0476837158203125,,,,95.98731994628906,82.3974609375,-13.589859008789062,57.22920540255768,28.124645915801693,,QuantData term-structure
2026-08-18T12:15:00-04:00,2026-09-04,17,1000.0,call,0.3994743013489113,84.63859558105469,875.6,fixed_strike,85.35385131835938,89.31159973144531,84.73396301269531,86.06910705566406,89.12086486816406,1.33514404296875,0.0476837158203125,,,,95.98731994628906,82.3974609375,-13.589859008789062,57.22920540255768,28.124645915801693,,QuantData term-structure
2026-08-18T12:15:00-04:00,2026-09-04,17,1010.0,put,-0.7603417330957666,77.39067077636719,875.6,fixed_strike,85.35385131835938,89.31159973144531,84.73396301269531,86.06910705566406,89.12086486816406,1.33514404296875,0.0476837158203125,,,,95.98731994628906,82.3974609375,-13.589859008789062,57.22920540255768,28.124645915801693,,QuantData term-structure
2026-08-18T12:15:00-04:00,2026-09-04,17,1025.0,call,0.2331121939742714,86.06910705566406,875.6,fixed_strike,85.35385131835938,89.31159973144531,84.73396301269531,86.06910705566406,89.12086486816406,1.33514404296875,0.0476837158203125,,,,95.98731994628906,82.3974609375,-13.589859008789062,57.22920540255768,28.124645915801693,,QuantData term-structure
2026-08-18T12:15:00-04:00,2026-09-04,17,1040.0,call,0.2097711737218515,86.45057678222656,875.6,fixed_strike,85.35385131835938,89.31159973144531,84.73396301269531,86.06910705566406,89.12086486816406,1.33514404296875,0.0476837158203125,,,,95.98731994628906,82.3974609375,-13.589859008789062,57.22920540255768,28.124645915801693,,QuantData term-structure
2026-08-18T12:15:00-04:00,2026-09-04,17,1050.0,call,0.20298708816581118,86.54594421386719,875.6,fixed_strike,85.35385131835938,89.31159973144531,84.73396301269531,86.06910705566406,89.12086486816406,1.33514404296875,0.0476837158203125,,,,95.98731994628906,82.3974609375,-13.589859008789062,57.22920540255768,28.124645915801693,,QuantData term-structure
2026-08-18T12:15:00-04:00,2026-09-04,17,1055.0,call,0.1882584455353694,87.02278137207031,875.6,fixed_strike,85.35385131835938,89.31159973144531,84.73396301269531,86.06910705566406,89.12086486816406,1.33514404296875,0.0476837158203125,,,,95.98731994628906,82.3974609375,-13.589859008789062,57.22920540255768,28.124645915801693,,QuantData term-structure
2026-08-18T12:15:00-04:00,2026-09-04,17,1075.0,put,-0.8151666005347933,87.97645568847656,875.6,fixed_strike,85.35385131835938,89.31159973144531,84.73396301269531,86.06910705566406,89.12086486816406,1.33514404296875,0.0476837158203125,,,,95.98731994628906,82.3974609375,-13.589859008789062,57.22920540255768,28.124645915801693,,QuantData term-structure
2026-08-18T12:15:00-04:00,2026-09-04,17,1100.0,call,0.13943786113178913,88.26255798339844,875.6,fixed_strike,85.35385131835938,89.31159973144531,84.73396301269531,86.06910705566406,89.12086486816406,1.33514404296875,0.0476837158203125,,,,95.98731994628906,82.3974609375,-13.589859008789062,57.22920540255768,28.124645915801693,,QuantData term-structure
2026-08-18T12:15:00-04:00,2026-09-04,17,1110.0,call,0.13738820325807577,89.78843688964844,875.6,fixed_strike,85.35385131835938,89.31159973144531,84.73396301269531,86.06910705566406,89.12086486816406,1.33514404296875,0.0476837158203125,,,,95.98731994628906,82.3974609375,-13.589859008789062,57.22920540255768,28.124645915801693,,QuantData term-structure
2026-08-18T12:15:00-04:00,2026-09-04,17,1120.0,call,0.12838267667493442,86.64131164550781,875.6,fixed_strike,85.35385131835938,89.31159973144531,84.73396301269531,86.06910705566406,89.12086486816406,1.33514404296875,0.0476837158203125,,,,95.98731994628906,82.3974609375,-13.589859008789062,57.22920540255768,28.124645915801693,,QuantData term-structure
2026-08-18T12:15:00-04:00,2026-09-04,17,1150.0,call,0.09961782443710415,89.12086486816406,875.6,fixed_strike,85.35385131835938,89.31159973144531,84.73396301269531,86.06910705566406,89.12086486816406,1.33514404296875,0.0476837158203125,,,,95.98731994628906,82.3974609375,-13.589859008789062,57.22920540255768,28.124645915801693,,QuantData term-structure
2026-08-18T12:15:00-04:00,2026-09-04,17,1170.0,call,0.10111393715558559,88.16719055175781,875.6,fixed_strike,85.35385131835938,89.31159973144531,84.73396301269531,86.06910705566406,89.12086486816406,1.33514404296875,0.0476837158203125,,,,95.98731994628906,82.3974609375,-13.589859008789062,57.22920540255768,28.124645915801693,,QuantData term-structure
2026-08-18T12:15:00-04:00,2026-09-04,17,1190.0,call,0.07585924369039332,90.16990661621094,875.6,fixed_strike,85.35385131835938,89.31159973144531,84.73396301269531,86.06910705566406,89.12086486816406,1.33514404296875,0.0476837158203125,,,,95.98731994628906,82.3974609375,-13.589859008789062,57.22920540255768,28.124645915801693,,QuantData term-structure
2026-08-18T12:15:00-04:00,2026-09-04,17,1200.0,call,0.07151461153130478,90.55137634277344,875.6,fixed_strike,85.35385131835938,89.31159973144531,84.73396301269531,86.06910705566406,89.12086486816406,1.33514404296875,0.0476837158203125,,,,95.98731994628906,82.3974609375,-13.589859008789062,57.22920540255768,28.124645915801693,,QuantData term-structure
2026-08-18T12:15:00-04:00,2026-09-04,17,1210.0,call,0.06706947716299305,90.83747863769531,875.6,fixed_strike,85.35385131835938,89.31159973144531,84.73396301269531,86.06910705566406,89.12086486816406,1.33514404296875,0.0476837158203125,,,,95.98731994628906,82.3974609375,-13.589859008789062,57.22920540255768,28.124645915801693,,QuantData term-structure
2026-08-18T12:15:00-04:00,2026-09-04,17,1250.0,call,0.049345687927407844,91.40968322753906,875.6,fixed_strike,85.35385131835938,89.31159973144531,84.73396301269531,86.06910705566406,89.12086486816406,1.33514404296875,0.0476837158203125,,,,95.98731994628906,82.3974609375,-13.589859008789062,57.22920540255768,28.124645915801693,,QuantData term-structure
2026-08-18T12:15:00-04:00,2026-09-04,17,1270.0,call,0.05033569538132132,91.12358093261719,875.6,fixed_strike,85.35385131835938,89.31159973144531,84.73396301269531,86.06910705566406,89.12086486816406,1.33514404296875,0.0476837158203125,,,,95.98731994628906,82.3974609375,-13.589859008789062,57.22920540255768,28.124645915801693,,QuantData term-structure
2026-08-18T12:15:00-04:00,2026-09-04,17,1280.0,call,0.03774377895518783,92.26799011230469,875.6,fixed_strike,85.35385131835938,89.31159973144531,84.73396301269531,86.06910705566406,89.12086486816406,1.33514404296875,0.0476837158203125,,,,95.98731994628906,82.3974609375,-13.589859008789062,57.22920540255768,28.124645915801693,,QuantData term-structure
2026-08-18T12:15:00-04:00,2026-09-04,17,1290.0,call,0.04539555820183383,97.51319885253906,875.6,fixed_strike,85.35385131835938,89.31159973144531,84.73396301269531,86.06910705566406,89.12086486816406,1.33514404296875,0.0476837158203125,,,,95.98731994628906,82.3974609375,-13.589859008789062,57.22920540255768,28.124645915801693,,QuantData term-structure
2026-08-18T12:15:00-04:00,2026-09-04,17,1320.0,call,0.041702232057051924,100.94642639160156,875.6,fixed_strike,85.35385131835938,89.31159973144531,84.73396301269531,86.06910705566406,89.12086486816406,1.33514404296875,0.0476837158203125,,,,95.98731994628906,82.3974609375,-13.589859008789062,57.22920540255768,28.124645915801693,,QuantData term-structure
2026-08-18T12:15:00-04:00,2026-09-04,17,1350.0,call,0.04514192670862388,101.99546813964844,875.6,fixed_strike,85.35385131835938,89.31159973144531,84.73396301269531,86.06910705566406,89.12086486816406,1.33514404296875,0.0476837158203125,,,,95.98731994628906,82.3974609375,-13.589859008789062,57.22920540255768,28.124645915801693,,QuantData term-structure
2026-08-18T12:15:00-04:00,2026-09-04,17,1390.0,call,0.038098258365998,104.66575622558594,875.6,fixed_strike,85.35385131835938,89.31159973144531,84.73396301269531,86.06910705566406,89.12086486816406,1.33514404296875,0.0476837158203125,,,,95.98731994628906,82.3974609375,-13.589859008789062,57.22920540255768,28.124645915801693,,QuantData term-structure
2026-08-18T12:15:00-04:00,2026-09-04,17,1400.0,call,0.02677656483137779,94.84291076660156,875.6,fixed_strike,85.35385131835938,89.31159973144531,84.73396301269531,86.06910705566406,89.12086486816406,1.33514404296875,0.0476837158203125,,,,95.98731994628906,82.3974609375,-13.589859008789062,57.22920540255768,28.124645915801693,,QuantData term-structure
2026-08-18T12:15:00-04:00,2026-09-11,24,450.0,call,1.0,0.0476837158203125,875.6,fixed_strike,82.11135864257812,89.88380432128906,81.39610290527344,83.01734924316406,85.30616760253906,1.621246337890625,0.095367431640625,,,,95.98731994628906,82.3974609375,-13.589859008789062,57.22920540255768,24.882153240020443,,QuantData term-structure
2026-08-18T12:15:00-04:00,2026-09-11,24,570.0,put,-0.031694210765390016,99.51591491699219,875.6,fixed_strike,82.11135864257812,89.88380432128906,81.39610290527344,83.01734924316406,85.30616760253906,1.621246337890625,0.095367431640625,,,,95.98731994628906,82.3974609375,-13.589859008789062,57.22920540255768,24.882153240020443,,QuantData term-structure
2026-08-18T12:15:00-04:00,2026-09-11,24,610.0,put,-0.04019057077901082,87.49961853027344,875.6,fixed_strike,82.11135864257812,89.88380432128906,81.39610290527344,83.01734924316406,85.30616760253906,1.621246337890625,0.095367431640625,,,,95.98731994628906,82.3974609375,-13.589859008789062,57.22920540255768,24.882153240020443,,QuantData term-structure
2026-08-18T12:15:00-04:00,2026-09-11,24,615.0,put,-0.040239060865986255,85.11543273925781,875.6,fixed_strike,82.11135864257812,89.88380432128906,81.39610290527344,83.01734924316406,85.30616760253906,1.621246337890625,0.095367431640625,,,,95.98731994628906,82.3974609375,-13.589859008789062,57.22920540255768,24.882153240020443,,QuantData term-structure
2026-08-18T12:15:00-04:00,2026-09-11,24,635.0,put,-0.03646947776243344,86.54594421386719,875.6,fixed_strike,82.11135864257812,89.88380432128906,81.39610290527344,83.01734924316406,85.30616760253906,1.621246337890625,0.095367431640625,,,,95.98731994628906,82.3974609375,-13.589859008789062,57.22920540255768,24.882153240020443,,QuantData term-structure
2026-08-18T12:15:00-04:00,2026-09-11,24,655.0,put,-0.07582455424332762,85.87837219238281,875.6,fixed_strike,82.11135864257812,89.88380432128906,81.39610290527344,83.01734924316406,85.30616760253906,1.621246337890625,0.095367431640625,,,,95.98731994628906,82.3974609375,-13.589859008789062,57.22920540255768,24.882153240020443,,QuantData term-structure
2026-08-18T12:15:00-04:00,2026-09-11,24,670.0,put,-0.08977493653869578,83.39881896972656,875.6,fixed_strike,82.11135864257812,89.88380432128906,81.39610290527344,83.01734924316406,85.30616760253906,1.621246337890625,0.095367431640625,,,,95.98731994628906,82.3974609375,-13.589859008789062,57.22920540255768,24.882153240020443,,QuantData term-structure
2026-08-18T12:15:00-04:00,2026-09-11,24,675.0,put,-0.0972437365035112,89.88380432128906,875.6,fixed_strike,82.11135864257812,89.88380432128906,81.39610290527344,83.01734924316406,85.30616760253906,1.621246337890625,0.095367431640625,,,,95.98731994628906,82.3974609375,-13.589859008789062,57.22920540255768,24.882153240020443,,QuantData term-structure
2026-08-18T12:15:00-04:00,2026-09-11,24,680.0,put,-0.07346097285196418,85.40153503417969,875.6,fixed_strike,82.11135864257812,89.88380432128906,81.39610290527344,83.01734924316406,85.30616760253906,1.621246337890625,0.095367431640625,,,,95.98731994628906,82.3974609375,-13.589859008789062,57.22920540255768,24.882153240020443,,QuantData term-structure
2026-08-18T12:15:00-04:00,2026-09-11,24,695.0,put,-0.09003130005277238,88.35792541503906,875.6,fixed_strike,82.11135864257812,89.88380432128906,81.39610290527344,83.01734924316406,85.30616760253906,1.621246337890625,0.095367431640625,,,,95.98731994628906,82.3974609375,-13.589859008789062,57.22920540255768,24.882153240020443,,QuantData term-structure
2026-08-18T12:15:00-04:00,2026-09-11,24,700.0,put,-0.1264372071796394,83.49418640136719,875.6,fixed_strike,82.11135864257812,89.88380432128906,81.39610290527344,83.01734924316406,85.30616760253906,1.621246337890625,0.095367431640625,,,,95.98731994628906,82.3974609375,-13.589859008789062,57.22920540255768,24.882153240020443,,QuantData term-structure
2026-08-18T12:15:00-04:00,2026-09-11,24,730.0,put,-0.1124472889107695,84.25712585449219,875.6,fixed_strike,82.11135864257812,89.88380432128906,81.39610290527344,83.01734924316406,85.30616760253906,1.621246337890625,0.095367431640625,,,,95.98731994628906,82.3974609375,-13.589859008789062,57.22920540255768,24.882153240020443,,QuantData term-structure
2026-08-18T12:15:00-04:00,2026-09-11,24,740.0,put,-0.1494807220345663,83.20808410644531,875.6,fixed_strike,82.11135864257812,89.88380432128906,81.39610290527344,83.01734924316406,85.30616760253906,1.621246337890625,0.095367431640625,,,,95.98731994628906,82.3974609375,-13.589859008789062,57.22920540255768,24.882153240020443,,QuantData term-structure
2026-08-18T12:15:00-04:00,2026-09-11,24,745.0,put,-0.1783552091276457,82.25440979003906,875.6,fixed_strike,82.11135864257812,89.88380432128906,81.39610290527344,83.01734924316406,85.30616760253906,1.621246337890625,0.095367431640625,,,,95.98731994628906,82.3974609375,-13.589859008789062,57.22920540255768,24.882153240020443,,QuantData term-structure
2026-08-18T12:15:00-04:00,2026-09-11,24,750.0,put,-0.19562125065687058,84.06639099121094,875.6,fixed_strike,82.11135864257812,89.88380432128906,81.39610290527344,83.01734924316406,85.30616760253906,1.621246337890625,0.095367431640625,,,,95.98731994628906,82.3974609375,-13.589859008789062,57.22920540255768,24.882153240020443,,QuantData term-structure
2026-08-18T12:15:00-04:00,2026-09-11,24,770.0,put,-0.23086910811544203,84.35249328613281,875.6,fixed_strike,82.11135864257812,89.88380432128906,81.39610290527344,83.01734924316406,85.30616760253906,1.621246337890625,0.095367431640625,,,,95.98731994628906,82.3974609375,-13.589859008789062,57.22920540255768,24.882153240020443,,QuantData term-structure
2026-08-18T12:15:00-04:00,2026-09-11,24,780.0,put,-0.2600401685030075,82.63587951660156,875.6,fixed_strike,82.11135864257812,89.88380432128906,81.39610290527344,83.01734924316406,85.30616760253906,1.621246337890625,0.095367431640625,,,,95.98731994628906,82.3974609375,-13.589859008789062,57.22920540255768,24.882153240020443,,QuantData term-structure
2026-08-18T12:15:00-04:00,2026-09-11,24,785.0,put,-0.24466398210253465,81.39610290527344,875.6,fixed_strike,82.11135864257812,89.88380432128906,81.39610290527344,83.01734924316406,85.30616760253906,1.621246337890625,0.095367431640625,,,,95.98731994628906,82.3974609375,-13.589859008789062,57.22920540255768,24.882153240020443,,QuantData term-structure
2026-08-18T12:15:00-04:00,2026-09-11,24,800.0,put,-0.2933230687561558,82.54051208496094,875.6,fixed_strike,82.11135864257812,89.88380432128906,81.39610290527344,83.01734924316406,85.30616760253906,1.621246337890625,0.095367431640625,,,,95.98731994628906,82.3974609375,-13.589859008789062,57.22920540255768,24.882153240020443,,QuantData term-structure
2026-08-18T12:15:00-04:00,2026-09-11,24,805.0,call,0.7541261053295434,82.44514465332031,875.6,fixed_strike,82.11135864257812,89.88380432128906,81.39610290527344,83.01734924316406,85.30616760253906,1.621246337890625,0.095367431640625,,,,95.98731994628906,82.3974609375,-13.589859008789062,57.22920540255768,24.882153240020443,,QuantData term-structure
2026-08-18T12:15:00-04:00,2026-09-11,24,805.0,put,-0.2832296555295034,81.11000061035156,875.6,fixed_strike,82.11135864257812,89.88380432128906,81.39610290527344,83.01734924316406,85.30616760253906,1.621246337890625,0.095367431640625,,,,95.98731994628906,82.3974609375,-13.589859008789062,57.22920540255768,24.882153240020443,,QuantData term-structure
2026-08-18T12:15:00-04:00,2026-09-11,24,820.0,put,-0.3419237511575737,81.68220520019531,875.6,fixed_strike,82.11135864257812,89.88380432128906,81.39610290527344,83.01734924316406,85.30616760253906,1.621246337890625,0.095367431640625,,,,95.98731994628906,82.3974609375,-13.589859008789062,57.22920540255768,24.882153240020443,,QuantData term-structure
2026-08-18T12:15:00-04:00,2026-09-11,24,825.0,call,0.7579487879671313,81.11000061035156,875.6,fixed_strike,82.11135864257812,89.88380432128906,81.39610290527344,83.01734924316406,85.30616760253906,1.621246337890625,0.095367431640625,,,,95.98731994628906,82.3974609375,-13.589859008789062,57.22920540255768,24.882153240020443,,QuantData term-structure
2026-08-18T12:15:00-04:00,2026-09-11,24,835.0,call,0.728464375455717,83.49418640136719,875.6,fixed_strike,82.11135864257812,89.88380432128906,81.39610290527344,83.01734924316406,85.30616760253906,1.621246337890625,0.095367431640625,,,,95.98731994628906,82.3974609375,-13.589859008789062,57.22920540255768,24.882153240020443,,QuantData term-structure
2026-08-18T12:15:00-04:00,2026-09-11,24,850.0,call,0.6045021619445745,81.58683776855469,875.6,fixed_strike,82.11135864257812,89.88380432128906,81.39610290527344,83.01734924316406,85.30616760253906,1.621246337890625,0.095367431640625,,,,95.98731994628906,82.3974609375,-13.589859008789062,57.22920540255768,24.882153240020443,,QuantData term-structure
2026-08-18T12:15:00-04:00,2026-09-11,24,850.0,put,-0.40753115744633395,82.06367492675781,875.6,fixed_strike,82.11135864257812,89.88380432128906,81.39610290527344,83.01734924316406,85.30616760253906,1.621246337890625,0.095367431640625,,,,95.98731994628906,82.3974609375,-13.589859008789062,57.22920540255768,24.882153240020443,,QuantData term-structure
2026-08-18T12:15:00-04:00,2026-09-11,24,860.0,put,-0.40985491211878244,82.54051208496094,875.6,fixed_strike,82.11135864257812,89.88380432128906,81.39610290527344,83.01734924316406,85.30616760253906,1.621246337890625,0.095367431640625,,,,95.98731994628906,82.3974609375,-13.589859008789062,57.22920540255768,24.882153240020443,,QuantData term-structure
2026-08-18T12:15:00-04:00,2026-09-11,24,865.0,call,0.6239384697556761,81.96830749511719,875.6,fixed_strike,82.11135864257812,89.88380432128906,81.39610290527344,83.01734924316406,85.30616760253906,1.621246337890625,0.095367431640625,,,,95.98731994628906,82.3974609375,-13.589859008789062,57.22920540255768,24.882153240020443,,QuantData term-structure
2026-08-18T12:15:00-04:00,2026-09-11,24,870.0,call,0.5559810802120437,82.54051208496094,875.6,fixed_strike,82.11135864257812,89.88380432128906,81.39610290527344,83.01734924316406,85.30616760253906,1.621246337890625,0.095367431640625,,,,95.98731994628906,82.3974609375,-13.589859008789062,57.22920540255768,24.882153240020443,,QuantData term-structure
2026-08-18T12:15:00-04:00,2026-09-11,24,870.0,put,-0.4262753700855855,84.35249328613281,875.6,fixed_strike,82.11135864257812,89.88380432128906,81.39610290527344,83.01734924316406,85.30616760253906,1.621246337890625,0.095367431640625,,,,95.98731994628906,82.3974609375,-13.589859008789062,57.22920540255768,24.882153240020443,,QuantData term-structure
2026-08-18T12:15:00-04:00,2026-09-11,24,875.0,call,0.5675091303784291,81.87294006347656,875.6,fixed_strike,82.11135864257812,89.88380432128906,81.39610290527344,83.01734924316406,85.30616760253906,1.621246337890625,0.095367431640625,,,,95.98731994628906,82.3974609375,-13.589859008789062,57.22920540255768,24.882153240020443,,QuantData term-structure
2026-08-18T12:15:00-04:00,2026-09-11,24,875.0,put,-0.44581140001919034,82.34977722167969,875.6,fixed_strike,82.11135864257812,89.88380432128906,81.39610290527344,83.01734924316406,85.30616760253906,1.621246337890625,0.095367431640625,,,,95.98731994628906,82.3974609375,-13.589859008789062,57.22920540255768,24.882153240020443,,QuantData term-structure
2026-08-18T12:15:00-04:00,2026-09-11,24,895.0,call,0.5244770203324887,81.68220520019531,875.6,fixed_strike,82.11135864257812,89.88380432128906,81.39610290527344,83.01734924316406,85.30616760253906,1.621246337890625,0.095367431640625,,,,95.98731994628906,82.3974609375,-13.589859008789062,57.22920540255768,24.882153240020443,,QuantData term-structure
2026-08-18T12:15:00-04:00,2026-09-11,24,900.0,call,0.5402018301512161,80.91926574707031,875.6,fixed_strike,82.11135864257812,89.88380432128906,81.39610290527344,83.01734924316406,85.30616760253906,1.621246337890625,0.095367431640625,,,,95.98731994628906,82.3974609375,-13.589859008789062,57.22920540255768,24.882153240020443,,QuantData term-structure
2026-08-18T12:15:00-04:00,2026-09-11,24,900.0,put,-0.46710852807603315,80.82389831542969,875.6,fixed_strike,82.11135864257812,89.88380432128906,81.39610290527344,83.01734924316406,85.30616760253906,1.621246337890625,0.095367431640625,,,,95.98731994628906,82.3974609375,-13.589859008789062,57.22920540255768,24.882153240020443,,QuantData term-structure
2026-08-18T12:15:00-04:00,2026-09-11,24,905.0,call,0.5503974786871698,80.63316345214844,875.6,fixed_strike,82.11135864257812,89.88380432128906,81.39610290527344,83.01734924316406,85.30616760253906,1.621246337890625,0.095367431640625,,,,95.98731994628906,82.3974609375,-13.589859008789062,57.22920540255768,24.882153240020443,,QuantData term-structure
2026-08-18T12:15:00-04:00,2026-09-11,24,905.0,put,-0.5202374731834691,81.77757263183594,875.6,fixed_strike,82.11135864257812,89.88380432128906,81.39610290527344,83.01734924316406,85.30616760253906,1.621246337890625,0.095367431640625,,,,95.98731994628906,82.3974609375,-13.589859008789062,57.22920540255768,24.882153240020443,,QuantData term-structure
2026-08-18T12:15:00-04:00,2026-09-11,24,910.0,call,0.5560969028001146,84.82933044433594,875.6,fixed_strike,82.11135864257812,89.88380432128906,81.39610290527344,83.01734924316406,85.30616760253906,1.621246337890625,0.095367431640625,,,,95.98731994628906,82.3974609375,-13.589859008789062,57.22920540255768,24.882153240020443,,QuantData term-structure
2026-08-18T12:15:00-04:00,2026-09-11,24,915.0,put,-0.5322150933877414,80.53779602050781,875.6,fixed_strike,82.11135864257812,89.88380432128906,81.39610290527344,83.01734924316406,85.30616760253906,1.621246337890625,0.095367431640625,,,,95.98731994628906,82.3974609375,-13.589859008789062,57.22920540255768,24.882153240020443,,QuantData term-structure
2026-08-18T12:15:00-04:00,2026-09-11,24,920.0,call,0.4619608156340911,82.92198181152344,875.6,fixed_strike,82.11135864257812,89.88380432128906,81.39610290527344,83.01734924316406,85.30616760253906,1.621246337890625,0.095367431640625,,,,95.98731994628906,82.3974609375,-13.589859008789062,57.22920540255768,24.882153240020443,,QuantData term-structure
2026-08-18T12:15:00-04:00,2026-09-11,24,925.0,call,0.4582245430753201,83.11271667480469,875.6,fixed_strike,82.11135864257812,89.88380432128906,81.39610290527344,83.01734924316406,85.30616760253906,1.621246337890625,0.095367431640625,,,,95.98731994628906,82.3974609375,-13.589859008789062,57.22920540255768,24.882153240020443,,QuantData term-structure
2026-08-18T12:15:00-04:00,2026-09-11,24,930.0,put,-0.44065498896704614,84.82933044433594,875.6,fixed_strike,82.11135864257812,89.88380432128906,81.39610290527344,83.01734924316406,85.30616760253906,1.621246337890625,0.095367431640625,,,,95.98731994628906,82.3974609375,-13.589859008789062,57.22920540255768,24.882153240020443,,QuantData term-structure
2026-08-18T12:15:00-04:00,2026-09-11,24,935.0,call,0.5278162444008513,81.68220520019531,875.6,fixed_strike,82.11135864257812,89.88380432128906,81.39610290527344,83.01734924316406,85.30616760253906,1.621246337890625,0.095367431640625,,,,95.98731994628906,82.3974609375,-13.589859008789062,57.22920540255768,24.882153240020443,,QuantData term-structure
2026-08-18T12:15:00-04:00,2026-09-11,24,935.0,put,-0.4672707217693678,82.63587951660156,875.6,fixed_strike,82.11135864257812,89.88380432128906,81.39610290527344,83.01734924316406,85.30616760253906,1.621246337890625,0.095367431640625,,,,95.98731994628906,82.3974609375,-13.589859008789062,57.22920540255768,24.882153240020443,,QuantData term-structure
2026-08-18T12:15:00-04:00,2026-09-11,24,940.0,call,0.4189277374178491,81.01463317871094,875.6,fixed_strike,82.11135864257812,89.88380432128906,81.39610290527344,83.01734924316406,85.30616760253906,1.621246337890625,0.095367431640625,,,,95.98731994628906,82.3974609375,-13.589859008789062,57.22920540255768,24.882153240020443,,QuantData term-structure
2026-08-18T12:15:00-04:00,2026-09-11,24,940.0,put,-0.45989940702434695,84.92469787597656,875.6,fixed_strike,82.11135864257812,89.88380432128906,81.39610290527344,83.01734924316406,85.30616760253906,1.621246337890625,0.095367431640625,,,,95.98731994628906,82.3974609375,-13.589859008789062,57.22920540255768,24.882153240020443,,QuantData term-structure
2026-08-18T12:15:00-04:00,2026-09-11,24,945.0,call,0.4068582867720745,82.15904235839844,875.6,fixed_strike,82.11135864257812,89.88380432128906,81.39610290527344,83.01734924316406,85.30616760253906,1.621246337890625,0.095367431640625,,,,95.98731994628906,82.3974609375,-13.589859008789062,57.22920540255768,24.882153240020443,,QuantData term-structure
2026-08-18T12:15:00-04:00,2026-09-11,24,950.0,call,0.3979213789596393,82.34977722167969,875.6,fixed_strike,82.11135864257812,89.88380432128906,81.39610290527344,83.01734924316406,85.30616760253906,1.621246337890625,0.095367431640625,,,,95.98731994628906,82.3974609375,-13.589859008789062,57.22920540255768,24.882153240020443,,QuantData term-structure
2026-08-18T12:15:00-04:00,2026-09-11,24,960.0,call,0.38944492645142165,80.91926574707031,875.6,fixed_strike,82.11135864257812,89.88380432128906,81.39610290527344,83.01734924316406,85.30616760253906,1.621246337890625,0.095367431640625,,,,95.98731994628906,82.3974609375,-13.589859008789062,57.22920540255768,24.882153240020443,,QuantData term-structure
2026-08-18T12:15:00-04:00,2026-09-11,24,975.0,call,0.34274958474071093,82.25440979003906,875.6,fixed_strike,82.11135864257812,89.88380432128906,81.39610290527344,83.01734924316406,85.30616760253906,1.621246337890625,0.095367431640625,,,,95.98731994628906,82.3974609375,-13.589859008789062,57.22920540255768,24.882153240020443,,QuantData term-structure
2026-08-18T12:15:00-04:00,2026-09-11,24,980.0,call,0.43152154817586896,82.06367492675781,875.6,fixed_strike,82.11135864257812,89.88380432128906,81.39610290527344,83.01734924316406,85.30616760253906,1.621246337890625,0.095367431640625,,,,95.98731994628906,82.3974609375,-13.589859008789062,57.22920540255768,24.882153240020443,,QuantData term-structure
2026-08-18T12:15:00-04:00,2026-09-11,24,980.0,put,-0.5806807158033145,83.30345153808594,875.6,fixed_strike,82.11135864257812,89.88380432128906,81.39610290527344,83.01734924316406,85.30616760253906,1.621246337890625,0.095367431640625,,,,95.98731994628906,82.3974609375,-13.589859008789062,57.22920540255768,24.882153240020443,,QuantData term-structure
2026-08-18T12:15:00-04:00,2026-09-11,24,995.0,call,0.3313967936724937,81.01463317871094,875.6,fixed_strike,82.11135864257812,89.88380432128906,81.39610290527344,83.01734924316406,85.30616760253906,1.621246337890625,0.095367431640625,,,,95.98731994628906,82.3974609375,-13.589859008789062,57.22920540255768,24.882153240020443,,QuantData term-structure
2026-08-18T12:15:00-04:00,2026-09-11,24,1000.0,call,0.3089511583343445,81.96830749511719,875.6,fixed_strike,82.11135864257812,89.88380432128906,81.39610290527344,83.01734924316406,85.30616760253906,1.621246337890625,0.095367431640625,,,,95.98731994628906,82.3974609375,-13.589859008789062,57.22920540255768,24.882153240020443,,QuantData term-structure
2026-08-18T12:15:00-04:00,2026-09-11,24,1010.0,put,-0.6675228061237705,81.77757263183594,875.6,fixed_strike,82.11135864257812,89.88380432128906,81.39610290527344,83.01734924316406,85.30616760253906,1.621246337890625,0.095367431640625,,,,95.98731994628906,82.3974609375,-13.589859008789062,57.22920540255768,24.882153240020443,,QuantData term-structure
2026-08-18T12:15:00-04:00,2026-09-11,24,1050.0,call,0.3212338671267142,83.30345153808594,875.6,fixed_strike,82.11135864257812,89.88380432128906,81.39610290527344,83.01734924316406,85.30616760253906,1.621246337890625,0.095367431640625,,,,95.98731994628906,82.3974609375,-13.589859008789062,57.22920540255768,24.882153240020443,,QuantData term-structure
2026-08-18T12:15:00-04:00,2026-09-11,24,1075.0,call,0.20929525138140248,83.01734924316406,875.6,fixed_strike,82.11135864257812,89.88380432128906,81.39610290527344,83.01734924316406,85.30616760253906,1.621246337890625,0.095367431640625,,,,95.98731994628906,82.3974609375,-13.589859008789062,57.22920540255768,24.882153240020443,,QuantData term-structure
2026-08-18T12:15:00-04:00,2026-09-11,24,1150.0,call,0.19538407139038166,83.87565612792969,875.6,fixed_strike,82.11135864257812,89.88380432128906,81.39610290527344,83.01734924316406,85.30616760253906,1.621246337890625,0.095367431640625,,,,95.98731994628906,82.3974609375,-13.589859008789062,57.22920540255768,24.882153240020443,,QuantData term-structure
2026-08-18T12:15:00-04:00,2026-09-11,24,1180.0,call,0.11309538638407679,85.21080017089844,875.6,fixed_strike,82.11135864257812,89.88380432128906,81.39610290527344,83.01734924316406,85.30616760253906,1.621246337890625,0.095367431640625,,,,95.98731994628906,82.3974609375,-13.589859008789062,57.22920540255768,24.882153240020443,,QuantData term-structure
2026-08-18T12:15:00-04:00,2026-09-11,24,1190.0,call,0.10635058195197966,85.30616760253906,875.6,fixed_strike,82.11135864257812,89.88380432128906,81.39610290527344,83.01734924316406,85.30616760253906,1.621246337890625,0.095367431640625,,,,95.98731994628906,82.3974609375,-13.589859008789062,57.22920540255768,24.882153240020443,,QuantData term-structure
2026-08-18T12:15:00-04:00,2026-09-11,24,1200.0,call,0.12666352202812875,85.40153503417969,875.6,fixed_strike,82.11135864257812,89.88380432128906,81.39610290527344,83.01734924316406,85.30616760253906,1.621246337890625,0.095367431640625,,,,95.98731994628906,82.3974609375,-13.589859008789062,57.22920540255768,24.882153240020443,,QuantData term-structure
2026-08-18T12:15:00-04:00,2026-09-18,31,390.0,put,-0.00017080866393236267,83.49418640136719,875.6,fixed_strike,82.3974609375,84.73396301269531,83.87565612792969,83.01734924316406,85.87837219238281,-0.858306884765625,1.049041748046875,,,,95.98731994628906,82.3974609375,-13.589859008789062,57.22920540255768,25.16825553494232,,QuantData term-structure
2026-08-18T12:15:00-04:00,2026-09-18,31,420.0,put,-0.0043966946750442736,103.13987731933594,875.6,fixed_strike,82.3974609375,84.73396301269531,83.87565612792969,83.01734924316406,85.87837219238281,-0.858306884765625,1.049041748046875,,,,95.98731994628906,82.3974609375,-13.589859008789062,57.22920540255768,25.16825553494232,,QuantData term-structure
2026-08-18T12:15:00-04:00,2026-09-18,31,450.0,put,-0.0038996714259579832,90.16990661621094,875.6,fixed_strike,82.3974609375,84.73396301269531,83.87565612792969,83.01734924316406,85.87837219238281,-0.858306884765625,1.049041748046875,,,,95.98731994628906,82.3974609375,-13.589859008789062,57.22920540255768,25.16825553494232,,QuantData term-structure
2026-08-18T12:15:00-04:00,2026-09-18,31,470.0,put,-0.009018002172327797,100.94642639160156,875.6,fixed_strike,82.3974609375,84.73396301269531,83.87565612792969,83.01734924316406,85.87837219238281,-0.858306884765625,1.049041748046875,,,,95.98731994628906,82.3974609375,-13.589859008789062,57.22920540255768,25.16825553494232,,QuantData term-structure
2026-08-18T12:15:00-04:00,2026-09-18,31,490.0,put,-0.009577410371321711,99.03907775878906,875.6,fixed_strike,82.3974609375,84.73396301269531,83.87565612792969,83.01734924316406,85.87837219238281,-0.858306884765625,1.049041748046875,,,,95.98731994628906,82.3974609375,-13.589859008789062,57.22920540255768,25.16825553494232,,QuantData term-structure
2026-08-18T12:15:00-04:00,2026-09-18,31,500.0,call,0.9617441435284766,134.89723205566406,875.6,fixed_strike,82.3974609375,84.73396301269531,83.87565612792969,83.01734924316406,85.87837219238281,-0.858306884765625,1.049041748046875,,,,95.98731994628906,82.3974609375,-13.589859008789062,57.22920540255768,25.16825553494232,,QuantData term-structure
2026-08-18T12:15:00-04:00,2026-09-18,31,500.0,put,-0.01259855757958249,92.36335754394531,875.6,fixed_strike,82.3974609375,84.73396301269531,83.87565612792969,83.01734924316406,85.87837219238281,-0.858306884765625,1.049041748046875,,,,95.98731994628906,82.3974609375,-13.589859008789062,57.22920540255768,25.16825553494232,,QuantData term-structure
2026-08-18T12:15:00-04:00,2026-09-18,31,520.0,put,-0.017792382641007316,92.64945983886719,875.6,fixed_strike,82.3974609375,84.73396301269531,83.87565612792969,83.01734924316406,85.87837219238281,-0.858306884765625,1.049041748046875,,,,95.98731994628906,82.3974609375,-13.589859008789062,57.22920540255768,25.16825553494232,,QuantData term-structure
2026-08-18T12:15:00-04:00,2026-09-18,31,540.0,put,-0.01848390534516214,91.12358093261719,875.6,fixed_strike,82.3974609375,84.73396301269531,83.87565612792969,83.01734924316406,85.87837219238281,-0.858306884765625,1.049041748046875,,,,95.98731994628906,82.3974609375,-13.589859008789062,57.22920540255768,25.16825553494232,,QuantData term-structure
2026-08-18T12:15:00-04:00,2026-09-18,31,550.0,put,-0.026323092017909215,89.78843688964844,875.6,fixed_strike,82.3974609375,84.73396301269531,83.87565612792969,83.01734924316406,85.87837219238281,-0.858306884765625,1.049041748046875,,,,95.98731994628906,82.3974609375,-13.589859008789062,57.22920540255768,25.16825553494232,,QuantData term-structure
2026-08-18T12:15:00-04:00,2026-09-18,31,560.0,put,-0.023076682303303068,85.21080017089844,875.6,fixed_strike,82.3974609375,84.73396301269531,83.87565612792969,83.01734924316406,85.87837219238281,-0.858306884765625,1.049041748046875,,,,95.98731994628906,82.3974609375,-13.589859008789062,57.22920540255768,25.16825553494232,,QuantData term-structure
2026-08-18T12:15:00-04:00,2026-09-18,31,580.0,put,-0.030411541912941133,87.11814880371094,875.6,fixed_strike,82.3974609375,84.73396301269531,83.87565612792969,83.01734924316406,85.87837219238281,-0.858306884765625,1.049041748046875,,,,95.98731994628906,82.3974609375,-13.589859008789062,57.22920540255768,25.16825553494232,,QuantData term-structure
2026-08-18T12:15:00-04:00,2026-09-18,31,600.0,call,0.9703937019807862,85.87837219238281,875.6,fixed_strike,82.3974609375,84.73396301269531,83.87565612792969,83.01734924316406,85.87837219238281,-0.858306884765625,1.049041748046875,,,,95.98731994628906,82.3974609375,-13.589859008789062,57.22920540255768,25.16825553494232,,QuantData term-structure
2026-08-18T12:15:00-04:00,2026-09-18,31,600.0,put,-0.04783350113287477,87.11814880371094,875.6,fixed_strike,82.3974609375,84.73396301269531,83.87565612792969,83.01734924316406,85.87837219238281,-0.858306884765625,1.049041748046875,,,,95.98731994628906,82.3974609375,-13.589859008789062,57.22920540255768,25.16825553494232,,QuantData term-structure
2026-08-18T12:15:00-04:00,2026-09-18,31,620.0,put,-0.06341298813965235,86.35520935058594,875.6,fixed_strike,82.3974609375,84.73396301269531,83.87565612792969,83.01734924316406,85.87837219238281,-0.858306884765625,1.049041748046875,,,,95.98731994628906,82.3974609375,-13.589859008789062,57.22920540255768,25.16825553494232,,QuantData term-structure
2026-08-18T12:15:00-04:00,2026-09-18,31,630.0,put,-0.06984168682680425,86.06910705566406,875.6,fixed_strike,82.3974609375,84.73396301269531,83.87565612792969,83.01734924316406,85.87837219238281,-0.858306884765625,1.049041748046875,,,,95.98731994628906,82.3974609375,-13.589859008789062,57.22920540255768,25.16825553494232,,QuantData term-structure
2026-08-18T12:15:00-04:00,2026-09-18,31,640.0,put,-0.07943292737209107,85.87837219238281,875.6,fixed_strike,82.3974609375,84.73396301269531,83.87565612792969,83.01734924316406,85.87837219238281,-0.858306884765625,1.049041748046875,,,,95.98731994628906,82.3974609375,-13.589859008789062,57.22920540255768,25.16825553494232,,QuantData term-structure
2026-08-18T12:15:00-04:00,2026-09-18,31,650.0,call,0.9333701580218434,88.73939514160156,875.6,fixed_strike,82.3974609375,84.73396301269531,83.87565612792969,83.01734924316406,85.87837219238281,-0.858306884765625,1.049041748046875,,,,95.98731994628906,82.3974609375,-13.589859008789062,57.22920540255768,25.16825553494232,,QuantData term-structure
2026-08-18T12:15:00-04:00,2026-09-18,31,650.0,put,-0.08589510467538453,85.97373962402344,875.6,fixed_strike,82.3974609375,84.73396301269531,83.87565612792969,83.01734924316406,85.87837219238281,-0.858306884765625,1.049041748046875,,,,95.98731994628906,82.3974609375,-13.589859008789062,57.22920540255768,25.16825553494232,,QuantData term-structure
2026-08-18T12:15:00-04:00,2026-09-18,31,660.0,put,-0.09881536295406507,84.73396301269531,875.6,fixed_strike,82.3974609375,84.73396301269531,83.87565612792969,83.01734924316406,85.87837219238281,-0.858306884765625,1.049041748046875,,,,95.98731994628906,82.3974609375,-13.589859008789062,57.22920540255768,25.16825553494232,,QuantData term-structure
2026-08-18T12:15:00-04:00,2026-09-18,31,670.0,call,0.8967364405605187,83.78028869628906,875.6,fixed_strike,82.3974609375,84.73396301269531,83.87565612792969,83.01734924316406,85.87837219238281,-0.858306884765625,1.049041748046875,,,,95.98731994628906,82.3974609375,-13.589859008789062,57.22920540255768,25.16825553494232,,QuantData term-structure
2026-08-18T12:15:00-04:00,2026-09-18,31,670.0,put,-0.11370687364082832,85.02006530761719,875.6,fixed_strike,82.3974609375,84.73396301269531,83.87565612792969,83.01734924316406,85.87837219238281,-0.858306884765625,1.049041748046875,,,,95.98731994628906,82.3974609375,-13.589859008789062,57.22920540255768,25.16825553494232,,QuantData term-structure
2026-08-18T12:15:00-04:00,2026-09-18,31,680.0,put,-0.12031500399377648,85.11543273925781,875.6,fixed_strike,82.3974609375,84.73396301269531,83.87565612792969,83.01734924316406,85.87837219238281,-0.858306884765625,1.049041748046875,,,,95.98731994628906,82.3974609375,-13.589859008789062,57.22920540255768,25.16825553494232,,QuantData term-structure
2026-08-18T12:15:00-04:00,2026-09-18,31,690.0,put,-0.13091943809751766,85.02006530761719,875.6,fixed_strike,82.3974609375,84.73396301269531,83.87565612792969,83.01734924316406,85.87837219238281,-0.858306884765625,1.049041748046875,,,,95.98731994628906,82.3974609375,-13.589859008789062,57.22920540255768,25.16825553494232,,QuantData term-structure
2026-08-18T12:15:00-04:00,2026-09-18,31,700.0,call,0.8655448093497903,83.39881896972656,875.6,fixed_strike,82.3974609375,84.73396301269531,83.87565612792969,83.01734924316406,85.87837219238281,-0.858306884765625,1.049041748046875,,,,95.98731994628906,82.3974609375,-13.589859008789062,57.22920540255768,25.16825553494232,,QuantData term-structure
2026-08-18T12:15:00-04:00,2026-09-18,31,700.0,put,-0.1439276512655892,84.44786071777344,875.6,fixed_strike,82.3974609375,84.73396301269531,83.87565612792969,83.01734924316406,85.87837219238281,-0.858306884765625,1.049041748046875,,,,95.98731994628906,82.3974609375,-13.589859008789062,57.22920540255768,25.16825553494232,,QuantData term-structure
2026-08-18T12:15:00-04:00,2026-09-18,31,710.0,put,-0.15613263928059085,84.54322814941406,875.6,fixed_strike,82.3974609375,84.73396301269531,83.87565612792969,83.01734924316406,85.87837219238281,-0.858306884765625,1.049041748046875,,,,95.98731994628906,82.3974609375,-13.589859008789062,57.22920540255768,25.16825553494232,,QuantData term-structure
2026-08-18T12:15:00-04:00,2026-09-18,31,720.0,put,-0.1681737033144644,83.87565612792969,875.6,fixed_strike,82.3974609375,84.73396301269531,83.87565612792969,83.01734924316406,85.87837219238281,-0.858306884765625,1.049041748046875,,,,95.98731994628906,82.3974609375,-13.589859008789062,57.22920540255768,25.16825553494232,,QuantData term-structure
2026-08-18T12:15:00-04:00,2026-09-18,31,730.0,put,-0.17279802905580022,82.44514465332031,875.6,fixed_strike,82.3974609375,84.73396301269531,83.87565612792969,83.01734924316406,85.87837219238281,-0.858306884765625,1.049041748046875,,,,95.98731994628906,82.3974609375,-13.589859008789062,57.22920540255768,25.16825553494232,,QuantData term-structure
2026-08-18T12:15:00-04:00,2026-09-18,31,740.0,call,0.8625997941953077,81.68220520019531,875.6,fixed_strike,82.3974609375,84.73396301269531,83.87565612792969,83.01734924316406,85.87837219238281,-0.858306884765625,1.049041748046875,,,,95.98731994628906,82.3974609375,-13.589859008789062,57.22920540255768,25.16825553494232,,QuantData term-structure
2026-08-18T12:15:00-04:00,2026-09-18,31,740.0,put,-0.19877314037979238,83.58955383300781,875.6,fixed_strike,82.3974609375,84.73396301269531,83.87565612792969,83.01734924316406,85.87837219238281,-0.858306884765625,1.049041748046875,,,,95.98731994628906,82.3974609375,-13.589859008789062,57.22920540255768,25.16825553494232,,QuantData term-structure
2026-08-18T12:15:00-04:00,2026-09-18,31,750.0,call,0.8024897127209838,80.72853088378906,875.6,fixed_strike,82.3974609375,84.73396301269531,83.87565612792969,83.01734924316406,85.87837219238281,-0.858306884765625,1.049041748046875,,,,95.98731994628906,82.3974609375,-13.589859008789062,57.22920540255768,25.16825553494232,,QuantData term-structure
2026-08-18T12:15:00-04:00,2026-09-18,31,750.0,put,-0.21855808513964592,83.01734924316406,875.6,fixed_strike,82.3974609375,84.73396301269531,83.87565612792969,83.01734924316406,85.87837219238281,-0.858306884765625,1.049041748046875,,,,95.98731994628906,82.3974609375,-13.589859008789062,57.22920540255768,25.16825553494232,,QuantData term-structure
2026-08-18T12:15:00-04:00,2026-09-18,31,760.0,put,-0.23208596661887948,83.97102355957031,875.6,fixed_strike,82.3974609375,84.73396301269531,83.87565612792969,83.01734924316406,85.87837219238281,-0.858306884765625,1.049041748046875,,,,95.98731994628906,82.3974609375,-13.589859008789062,57.22920540255768,25.16825553494232,,QuantData term-structure
2026-08-18T12:15:00-04:00,2026-09-18,31,770.0,call,0.8144740421729314,80.82389831542969,875.6,fixed_strike,82.3974609375,84.73396301269531,83.87565612792969,83.01734924316406,85.87837219238281,-0.858306884765625,1.049041748046875,,,,95.98731994628906,82.3974609375,-13.589859008789062,57.22920540255768,25.16825553494232,,QuantData term-structure
2026-08-18T12:15:00-04:00,2026-09-18,31,770.0,put,-0.248321699216016,83.87565612792969,875.6,fixed_strike,82.3974609375,84.73396301269531,83.87565612792969,83.01734924316406,85.87837219238281,-0.858306884765625,1.049041748046875,,,,95.98731994628906,82.3974609375,-13.589859008789062,57.22920540255768,25.16825553494232,,QuantData term-structure
2026-08-18T12:15:00-04:00,2026-09-18,31,780.0,put,-0.2619707752549093,83.49418640136719,875.6,fixed_strike,82.3974609375,84.73396301269531,83.87565612792969,83.01734924316406,85.87837219238281,-0.858306884765625,1.049041748046875,,,,95.98731994628906,82.3974609375,-13.589859008789062,57.22920540255768,25.16825553494232,,QuantData term-structure
2026-08-18T12:15:00-04:00,2026-09-18,31,790.0,put,-0.27535274961080913,83.78028869628906,875.6,fixed_strike,82.3974609375,84.73396301269531,83.87565612792969,83.01734924316406,85.87837219238281,-0.858306884765625,1.049041748046875,,,,95.98731994628906,82.3974609375,-13.589859008789062,57.22920540255768,25.16825553494232,,QuantData term-structure
2026-08-18T12:15:00-04:00,2026-09-18,31,800.0,call,0.7043527951393485,82.15904235839844,875.6,fixed_strike,82.3974609375,84.73396301269531,83.87565612792969,83.01734924316406,85.87837219238281,-0.858306884765625,1.049041748046875,,,,95.98731994628906,82.3974609375,-13.589859008789062,57.22920540255768,25.16825553494232,,QuantData term-structure
2026-08-18T12:15:00-04:00,2026-09-18,31,800.0,put,-0.29858674942927593,83.20808410644531,875.6,fixed_strike,82.3974609375,84.73396301269531,83.87565612792969,83.01734924316406,85.87837219238281,-0.858306884765625,1.049041748046875,,,,95.98731994628906,82.3974609375,-13.589859008789062,57.22920540255768,25.16825553494232,,QuantData term-structure
2026-08-18T12:15:00-04:00,2026-09-18,31,810.0,put,-0.27449799161995503,82.06367492675781,875.6,fixed_strike,82.3974609375,84.73396301269531,83.87565612792969,83.01734924316406,85.87837219238281,-0.858306884765625,1.049041748046875,,,,95.98731994628906,82.3974609375,-13.589859008789062,57.22920540255768,25.16825553494232,,QuantData term-structure
2026-08-18T12:15:00-04:00,2026-09-18,31,820.0,put,-0.3315478848984768,83.20808410644531,875.6,fixed_strike,82.3974609375,84.73396301269531,83.87565612792969,83.01734924316406,85.87837219238281,-0.858306884765625,1.049041748046875,,,,95.98731994628906,82.3974609375,-13.589859008789062,57.22920540255768,25.16825553494232,,QuantData term-structure
2026-08-18T12:15:00-04:00,2026-09-18,31,830.0,put,-0.3610447190484629,83.68492126464844,875.6,fixed_strike,82.3974609375,84.73396301269531,83.87565612792969,83.01734924316406,85.87837219238281,-0.858306884765625,1.049041748046875,,,,95.98731994628906,82.3974609375,-13.589859008789062,57.22920540255768,25.16825553494232,,QuantData term-structure
2026-08-18T12:15:00-04:00,2026-09-18,31,840.0,put,-0.37061707142810674,84.16175842285156,875.6,fixed_strike,82.3974609375,84.73396301269531,83.87565612792969,83.01734924316406,85.87837219238281,-0.858306884765625,1.049041748046875,,,,95.98731994628906,82.3974609375,-13.589859008789062,57.22920540255768,25.16825553494232,,QuantData term-structure
2026-08-18T12:15:00-04:00,2026-09-18,31,850.0,call,0.6120274515038566,83.39881896972656,875.6,fixed_strike,82.3974609375,84.73396301269531,83.87565612792969,83.01734924316406,85.87837219238281,-0.858306884765625,1.049041748046875,,,,95.98731994628906,82.3974609375,-13.589859008789062,57.22920540255768,25.16825553494232,,QuantData term-structure
2026-08-18T12:15:00-04:00,2026-09-18,31,850.0,put,-0.3980703002765837,83.58955383300781,875.6,fixed_strike,82.3974609375,84.73396301269531,83.87565612792969,83.01734924316406,85.87837219238281,-0.858306884765625,1.049041748046875,,,,95.98731994628906,82.3974609375,-13.589859008789062,57.22920540255768,25.16825553494232,,QuantData term-structure
2026-08-18T12:15:00-04:00,2026-09-18,31,860.0,call,0.5919078078405319,82.25440979003906,875.6,fixed_strike,82.3974609375,84.73396301269531,83.87565612792969,83.01734924316406,85.87837219238281,-0.858306884765625,1.049041748046875,,,,95.98731994628906,82.3974609375,-13.589859008789062,57.22920540255768,25.16825553494232,,QuantData term-structure
2026-08-18T12:15:00-04:00,2026-09-18,31,870.0,call,0.5736245306790962,82.34977722167969,875.6,fixed_strike,82.3974609375,84.73396301269531,83.87565612792969,83.01734924316406,85.87837219238281,-0.858306884765625,1.049041748046875,,,,95.98731994628906,82.3974609375,-13.589859008789062,57.22920540255768,25.16825553494232,,QuantData term-structure
2026-08-18T12:15:00-04:00,2026-09-18,31,870.0,put,-0.43037351279300495,80.91926574707031,875.6,fixed_strike,82.3974609375,84.73396301269531,83.87565612792969,83.01734924316406,85.87837219238281,-0.858306884765625,1.049041748046875,,,,95.98731994628906,82.3974609375,-13.589859008789062,57.22920540255768,25.16825553494232,,QuantData term-structure
2026-08-18T12:15:00-04:00,2026-09-18,31,880.0,call,0.5530959157091906,82.06367492675781,875.6,fixed_strike,82.3974609375,84.73396301269531,83.87565612792969,83.01734924316406,85.87837219238281,-0.858306884765625,1.049041748046875,,,,95.98731994628906,82.3974609375,-13.589859008789062,57.22920540255768,25.16825553494232,,QuantData term-structure
2026-08-18T12:15:00-04:00,2026-09-18,31,880.0,put,-0.37954864844911496,82.73124694824219,875.6,fixed_strike,82.3974609375,84.73396301269531,83.87565612792969,83.01734924316406,85.87837219238281,-0.858306884765625,1.049041748046875,,,,95.98731994628906,82.3974609375,-13.589859008789062,57.22920540255768,25.16825553494232,,QuantData term-structure
2026-08-18T12:15:00-04:00,2026-09-18,31,890.0,call,0.5342922932737745,81.96830749511719,875.6,fixed_strike,82.3974609375,84.73396301269531,83.87565612792969,83.01734924316406,85.87837219238281,-0.858306884765625,1.049041748046875,,,,95.98731994628906,82.3974609375,-13.589859008789062,57.22920540255768,25.16825553494232,,QuantData term-structure
2026-08-18T12:15:00-04:00,2026-09-18,31,890.0,put,-0.4714584798799565,81.77757263183594,875.6,fixed_strike,82.3974609375,84.73396301269531,83.87565612792969,83.01734924316406,85.87837219238281,-0.858306884765625,1.049041748046875,,,,95.98731994628906,82.3974609375,-13.589859008789062,57.22920540255768,25.16825553494232,,QuantData term-structure
2026-08-18T12:15:00-04:00,2026-09-18,31,900.0,call,0.5195310914021213,82.15904235839844,875.6,fixed_strike,82.3974609375,84.73396301269531,83.87565612792969,83.01734924316406,85.87837219238281,-0.858306884765625,1.049041748046875,,,,95.98731994628906,82.3974609375,-13.589859008789062,57.22920540255768,25.16825553494232,,QuantData term-structure
2026-08-18T12:15:00-04:00,2026-09-18,31,900.0,put,-0.48652055796885446,83.20808410644531,875.6,fixed_strike,82.3974609375,84.73396301269531,83.87565612792969,83.01734924316406,85.87837219238281,-0.858306884765625,1.049041748046875,,,,95.98731994628906,82.3974609375,-13.589859008789062,57.22920540255768,25.16825553494232,,QuantData term-structure
2026-08-18T12:15:00-04:00,2026-09-18,31,910.0,call,0.4914464802818029,81.39610290527344,875.6,fixed_strike,82.3974609375,84.73396301269531,83.87565612792969,83.01734924316406,85.87837219238281,-0.858306884765625,1.049041748046875,,,,95.98731994628906,82.3974609375,-13.589859008789062,57.22920540255768,25.16825553494232,,QuantData term-structure
2026-08-18T12:15:00-04:00,2026-09-18,31,910.0,put,-0.5144805504712797,81.96830749511719,875.6,fixed_strike,82.3974609375,84.73396301269531,83.87565612792969,83.01734924316406,85.87837219238281,-0.858306884765625,1.049041748046875,,,,95.98731994628906,82.3974609375,-13.589859008789062,57.22920540255768,25.16825553494232,,QuantData term-structure
2026-08-18T12:15:00-04:00,2026-09-18,31,920.0,call,0.49113368066552426,83.20808410644531,875.6,fixed_strike,82.3974609375,84.73396301269531,83.87565612792969,83.01734924316406,85.87837219238281,-0.858306884765625,1.049041748046875,,,,95.98731994628906,82.3974609375,-13.589859008789062,57.22920540255768,25.16825553494232,,QuantData term-structure
2026-08-18T12:15:00-04:00,2026-09-18,31,930.0,call,0.4641588941913786,82.54051208496094,875.6,fixed_strike,82.3974609375,84.73396301269531,83.87565612792969,83.01734924316406,85.87837219238281,-0.858306884765625,1.049041748046875,,,,95.98731994628906,82.3974609375,-13.589859008789062,57.22920540255768,25.16825553494232,,QuantData term-structure
2026-08-18T12:15:00-04:00,2026-09-18,31,940.0,call,0.43676977892252733,82.15904235839844,875.6,fixed_strike,82.3974609375,84.73396301269531,83.87565612792969,83.01734924316406,85.87837219238281,-0.858306884765625,1.049041748046875,,,,95.98731994628906,82.3974609375,-13.589859008789062,57.22920540255768,25.16825553494232,,QuantData term-structure
2026-08-18T12:15:00-04:00,2026-09-18,31,950.0,call,0.4287543781359808,82.63587951660156,875.6,fixed_strike,82.3974609375,84.73396301269531,83.87565612792969,83.01734924316406,85.87837219238281,-0.858306884765625,1.049041748046875,,,,95.98731994628906,82.3974609375,-13.589859008789062,57.22920540255768,25.16825553494232,,QuantData term-structure
2026-08-18T12:15:00-04:00,2026-09-18,31,950.0,put,-0.4647183285928455,83.97102355957031,875.6,fixed_strike,82.3974609375,84.73396301269531,83.87565612792969,83.01734924316406,85.87837219238281,-0.858306884765625,1.049041748046875,,,,95.98731994628906,82.3974609375,-13.589859008789062,57.22920540255768,25.16825553494232,,QuantData term-structure
2026-08-18T12:15:00-04:00,2026-09-18,31,960.0,call,0.41971314032742607,82.82661437988281,875.6,fixed_strike,82.3974609375,84.73396301269531,83.87565612792969,83.01734924316406,85.87837219238281,-0.858306884765625,1.049041748046875,,,,95.98731994628906,82.3974609375,-13.589859008789062,57.22920540255768,25.16825553494232,,QuantData term-structure
2026-08-18T12:15:00-04:00,2026-09-18,31,960.0,put,-0.6008758826631033,83.11271667480469,875.6,fixed_strike,82.3974609375,84.73396301269531,83.87565612792969,83.01734924316406,85.87837219238281,-0.858306884765625,1.049041748046875,,,,95.98731994628906,82.3974609375,-13.589859008789062,57.22920540255768,25.16825553494232,,QuantData term-structure
2026-08-18T12:15:00-04:00,2026-09-18,31,970.0,call,0.4245719135072631,81.11000061035156,875.6,fixed_strike,82.3974609375,84.73396301269531,83.87565612792969,83.01734924316406,85.87837219238281,-0.858306884765625,1.049041748046875,,,,95.98731994628906,82.3974609375,-13.589859008789062,57.22920540255768,25.16825553494232,,QuantData term-structure
2026-08-18T12:15:00-04:00,2026-09-18,31,970.0,put,-0.5313578174280076,82.63587951660156,875.6,fixed_strike,82.3974609375,84.73396301269531,83.87565612792969,83.01734924316406,85.87837219238281,-0.858306884765625,1.049041748046875,,,,95.98731994628906,82.3974609375,-13.589859008789062,57.22920540255768,25.16825553494232,,QuantData term-structure
2026-08-18T12:15:00-04:00,2026-09-18,31,980.0,call,0.3805125824687679,82.63587951660156,875.6,fixed_strike,82.3974609375,84.73396301269531,83.87565612792969,83.01734924316406,85.87837219238281,-0.858306884765625,1.049041748046875,,,,95.98731994628906,82.3974609375,-13.589859008789062,57.22920540255768,25.16825553494232,,QuantData term-structure
2026-08-18T12:15:00-04:00,2026-09-18,31,990.0,call,0.36793357748635125,83.30345153808594,875.6,fixed_strike,82.3974609375,84.73396301269531,83.87565612792969,83.01734924316406,85.87837219238281,-0.858306884765625,1.049041748046875,,,,95.98731994628906,82.3974609375,-13.589859008789062,57.22920540255768,25.16825553494232,,QuantData term-structure
2026-08-18T12:15:00-04:00,2026-09-18,31,990.0,put,-0.5870817186167828,81.49147033691406,875.6,fixed_strike,82.3974609375,84.73396301269531,83.87565612792969,83.01734924316406,85.87837219238281,-0.858306884765625,1.049041748046875,,,,95.98731994628906,82.3974609375,-13.589859008789062,57.22920540255768,25.16825553494232,,QuantData term-structure
2026-08-18T12:15:00-04:00,2026-09-18,31,1000.0,call,0.344906321242407,82.82661437988281,875.6,fixed_strike,82.3974609375,84.73396301269531,83.87565612792969,83.01734924316406,85.87837219238281,-0.858306884765625,1.049041748046875,,,,95.98731994628906,82.3974609375,-13.589859008789062,57.22920540255768,25.16825553494232,,QuantData term-structure
2026-08-18T12:15:00-04:00,2026-09-18,31,1000.0,put,-0.658303379056514,82.92198181152344,875.6,fixed_strike,82.3974609375,84.73396301269531,83.87565612792969,83.01734924316406,85.87837219238281,-0.858306884765625,1.049041748046875,,,,95.98731994628906,82.3974609375,-13.589859008789062,57.22920540255768,25.16825553494232,,QuantData term-structure
2026-08-18T12:15:00-04:00,2026-09-18,31,1020.0,call,0.3255784934350436,81.96830749511719,875.6,fixed_strike,82.3974609375,84.73396301269531,83.87565612792969,83.01734924316406,85.87837219238281,-0.858306884765625,1.049041748046875,,,,95.98731994628906,82.3974609375,-13.589859008789062,57.22920540255768,25.16825553494232,,QuantData term-structure
2026-08-18T12:15:00-04:00,2026-09-18,31,1030.0,call,0.3455866856031031,81.11000061035156,875.6,fixed_strike,82.3974609375,84.73396301269531,83.87565612792969,83.01734924316406,85.87837219238281,-0.858306884765625,1.049041748046875,,,,95.98731994628906,82.3974609375,-13.589859008789062,57.22920540255768,25.16825553494232,,QuantData term-structure
2026-08-18T12:15:00-04:00,2026-09-18,31,1040.0,call,0.3576503366392263,82.82661437988281,875.6,fixed_strike,82.3974609375,84.73396301269531,83.87565612792969,83.01734924316406,85.87837219238281,-0.858306884765625,1.049041748046875,,,,95.98731994628906,82.3974609375,-13.589859008789062,57.22920540255768,25.16825553494232,,QuantData term-structure
2026-08-18T12:15:00-04:00,2026-09-18,31,1050.0,call,0.26390695717680235,83.01734924316406,875.6,fixed_strike,82.3974609375,84.73396301269531,83.87565612792969,83.01734924316406,85.87837219238281,-0.858306884765625,1.049041748046875,,,,95.98731994628906,82.3974609375,-13.589859008789062,57.22920540255768,25.16825553494232,,QuantData term-structure
2026-08-18T12:15:00-04:00,2026-09-18,31,1060.0,call,0.25452547221408006,83.01734924316406,875.6,fixed_strike,82.3974609375,84.73396301269531,83.87565612792969,83.01734924316406,85.87837219238281,-0.858306884765625,1.049041748046875,,,,95.98731994628906,82.3974609375,-13.589859008789062,57.22920540255768,25.16825553494232,,QuantData term-structure
2026-08-18T12:15:00-04:00,2026-09-18,31,1070.0,call,0.2433303636692135,82.73124694824219,875.6,fixed_strike,82.3974609375,84.73396301269531,83.87565612792969,83.01734924316406,85.87837219238281,-0.858306884765625,1.049041748046875,,,,95.98731994628906,82.3974609375,-13.589859008789062,57.22920540255768,25.16825553494232,,QuantData term-structure
2026-08-18T12:15:00-04:00,2026-09-18,31,1090.0,call,0.3038624182551063,82.82661437988281,875.6,fixed_strike,82.3974609375,84.73396301269531,83.87565612792969,83.01734924316406,85.87837219238281,-0.858306884765625,1.049041748046875,,,,95.98731994628906,82.3974609375,-13.589859008789062,57.22920540255768,25.16825553494232,,QuantData term-structure
2026-08-18T12:15:00-04:00,2026-09-18,31,1090.0,put,-0.7001992960354687,86.06910705566406,875.6,fixed_strike,82.3974609375,84.73396301269531,83.87565612792969,83.01734924316406,85.87837219238281,-0.858306884765625,1.049041748046875,,,,95.98731994628906,82.3974609375,-13.589859008789062,57.22920540255768,25.16825553494232,,QuantData term-structure
2026-08-18T12:15:00-04:00,2026-09-18,31,1100.0,call,0.2220625292015745,83.39881896972656,875.6,fixed_strike,82.3974609375,84.73396301269531,83.87565612792969,83.01734924316406,85.87837219238281,-0.858306884765625,1.049041748046875,,,,95.98731994628906,82.3974609375,-13.589859008789062,57.22920540255768,25.16825553494232,,QuantData term-structure
2026-08-18T12:15:00-04:00,2026-09-18,31,1100.0,put,-0.7132801032462792,85.97373962402344,875.6,fixed_strike,82.3974609375,84.73396301269531,83.87565612792969,83.01734924316406,85.87837219238281,-0.858306884765625,1.049041748046875,,,,95.98731994628906,82.3974609375,-13.589859008789062,57.22920540255768,25.16825553494232,,QuantData term-structure
2026-08-18T12:15:00-04:00,2026-09-18,31,1110.0,call,0.21518412084130922,83.87565612792969,875.6,fixed_strike,82.3974609375,84.73396301269531,83.87565612792969,83.01734924316406,85.87837219238281,-0.858306884765625,1.049041748046875,,,,95.98731994628906,82.3974609375,-13.589859008789062,57.22920540255768,25.16825553494232,,QuantData term-structure
2026-08-18T12:15:00-04:00,2026-09-18,31,1120.0,call,0.22031669567116563,82.73124694824219,875.6,fixed_strike,82.3974609375,84.73396301269531,83.87565612792969,83.01734924316406,85.87837219238281,-0.858306884765625,1.049041748046875,,,,95.98731994628906,82.3974609375,-13.589859008789062,57.22920540255768,25.16825553494232,,QuantData term-structure
2026-08-18T12:15:00-04:00,2026-09-18,31,1130.0,call,0.22071518377190363,82.54051208496094,875.6,fixed_strike,82.3974609375,84.73396301269531,83.87565612792969,83.01734924316406,85.87837219238281,-0.858306884765625,1.049041748046875,,,,95.98731994628906,82.3974609375,-13.589859008789062,57.22920540255768,25.16825553494232,,QuantData term-structure
2026-08-18T12:15:00-04:00,2026-09-18,31,1140.0,call,0.24161581657977627,83.78028869628906,875.6,fixed_strike,82.3974609375,84.73396301269531,83.87565612792969,83.01734924316406,85.87837219238281,-0.858306884765625,1.049041748046875,,,,95.98731994628906,82.3974609375,-13.589859008789062,57.22920540255768,25.16825553494232,,QuantData term-structure
2026-08-18T12:15:00-04:00,2026-09-18,31,1150.0,call,0.17307763632853024,83.97102355957031,875.6,fixed_strike,82.3974609375,84.73396301269531,83.87565612792969,83.01734924316406,85.87837219238281,-0.858306884765625,1.049041748046875,,,,95.98731994628906,82.3974609375,-13.589859008789062,57.22920540255768,25.16825553494232,,QuantData term-structure
2026-08-18T12:15:00-04:00,2026-09-18,31,1170.0,call,0.1511062539871294,84.44786071777344,875.6,fixed_strike,82.3974609375,84.73396301269531,83.87565612792969,83.01734924316406,85.87837219238281,-0.858306884765625,1.049041748046875,,,,95.98731994628906,82.3974609375,-13.589859008789062,57.22920540255768,25.16825553494232,,QuantData term-structure
2026-08-18T12:15:00-04:00,2026-09-18,31,1200.0,call,0.13482950912738095,86.06910705566406,875.6,fixed_strike,82.3974609375,84.73396301269531,83.87565612792969,83.01734924316406,85.87837219238281,-0.858306884765625,1.049041748046875,,,,95.98731994628906,82.3974609375,-13.589859008789062,57.22920540255768,25.16825553494232,,QuantData term-structure
2026-08-18T12:15:00-04:00,2026-09-18,31,1210.0,call,0.12639209848799837,84.82933044433594,875.6,fixed_strike,82.3974609375,84.73396301269531,83.87565612792969,83.01734924316406,85.87837219238281,-0.858306884765625,1.049041748046875,,,,95.98731994628906,82.3974609375,-13.589859008789062,57.22920540255768,25.16825553494232,,QuantData term-structure
2026-08-18T12:15:00-04:00,2026-09-18,31,1220.0,call,0.16316676661186963,83.78028869628906,875.6,fixed_strike,82.3974609375,84.73396301269531,83.87565612792969,83.01734924316406,85.87837219238281,-0.858306884765625,1.049041748046875,,,,95.98731994628906,82.3974609375,-13.589859008789062,57.22920540255768,25.16825553494232,,QuantData term-structure
2026-08-18T12:15:00-04:00,2026-09-18,31,1230.0,call,0.11744109424710514,85.97373962402344,875.6,fixed_strike,82.3974609375,84.73396301269531,83.87565612792969,83.01734924316406,85.87837219238281,-0.858306884765625,1.049041748046875,,,,95.98731994628906,82.3974609375,-13.589859008789062,57.22920540255768,25.16825553494232,,QuantData term-structure
2026-08-18T12:15:00-04:00,2026-09-18,31,1250.0,call,0.10410041040177154,85.87837219238281,875.6,fixed_strike,82.3974609375,84.73396301269531,83.87565612792969,83.01734924316406,85.87837219238281,-0.858306884765625,1.049041748046875,,,,95.98731994628906,82.3974609375,-13.589859008789062,57.22920540255768,25.16825553494232,,QuantData term-structure
2026-08-18T12:15:00-04:00,2026-09-18,31,1290.0,call,0.09534816623145453,84.54322814941406,875.6,fixed_strike,82.3974609375,84.73396301269531,83.87565612792969,83.01734924316406,85.87837219238281,-0.858306884765625,1.049041748046875,,,,95.98731994628906,82.3974609375,-13.589859008789062,57.22920540255768,25.16825553494232,,QuantData term-structure
2026-08-18T12:15:00-04:00,2026-09-18,31,1300.0,call,0.08009608806452262,86.64131164550781,875.6,fixed_strike,82.3974609375,84.73396301269531,83.87565612792969,83.01734924316406,85.87837219238281,-0.858306884765625,1.049041748046875,,,,95.98731994628906,82.3974609375,-13.589859008789062,57.22920540255768,25.16825553494232,,QuantData term-structure
2026-08-18T12:15:00-04:00,2026-09-18,31,1310.0,call,0.10474299965882178,87.97645568847656,875.6,fixed_strike,82.3974609375,84.73396301269531,83.87565612792969,83.01734924316406,85.87837219238281,-0.858306884765625,1.049041748046875,,,,95.98731994628906,82.3974609375,-13.589859008789062,57.22920540255768,25.16825553494232,,QuantData term-structure
2026-08-18T12:15:00-04:00,2026-09-18,31,1370.0,call,0.07192929703651774,85.97373962402344,875.6,fixed_strike,82.3974609375,84.73396301269531,83.87565612792969,83.01734924316406,85.87837219238281,-0.858306884765625,1.049041748046875,,,,95.98731994628906,82.3974609375,-13.589859008789062,57.22920540255768,25.16825553494232,,QuantData term-structure
2026-08-18T12:15:00-04:00,2026-09-18,31,1380.0,call,0.05511218412697472,87.40425109863281,875.6,fixed_strike,82.3974609375,84.73396301269531,83.87565612792969,83.01734924316406,85.87837219238281,-0.858306884765625,1.049041748046875,,,,95.98731994628906,82.3974609375,-13.589859008789062,57.22920540255768,25.16825553494232,,QuantData term-structure
2026-08-18T12:15:00-04:00,2026-09-18,31,1400.0,call,0.05356832230146963,86.92741394042969,875.6,fixed_strike,82.3974609375,84.73396301269531,83.87565612792969,83.01734924316406,85.87837219238281,-0.858306884765625,1.049041748046875,,,,95.98731994628906,82.3974609375,-13.589859008789062,57.22920540255768,25.16825553494232,,QuantData term-structure
2026-08-18T12:15:00-04:00,2026-09-18,31,1420.0,call,0.05191337580375227,91.21894836425781,875.6,fixed_strike,82.3974609375,84.73396301269531,83.87565612792969,83.01734924316406,85.87837219238281,-0.858306884765625,1.049041748046875,,,,95.98731994628906,82.3974609375,-13.589859008789062,57.22920540255768,25.16825553494232,,QuantData term-structure
2026-08-18T12:15:00-04:00,2026-09-18,31,1430.0,call,0.04268319775960905,90.45600891113281,875.6,fixed_strike,82.3974609375,84.73396301269531,83.87565612792969,83.01734924316406,85.87837219238281,-0.858306884765625,1.049041748046875,,,,95.98731994628906,82.3974609375,-13.589859008789062,57.22920540255768,25.16825553494232,,QuantData term-structure
2026-08-18T12:15:00-04:00,2026-09-18,31,1500.0,call,0.030367859039273446,91.21894836425781,875.6,fixed_strike,82.3974609375,84.73396301269531,83.87565612792969,83.01734924316406,85.87837219238281,-0.858306884765625,1.049041748046875,,,,95.98731994628906,82.3974609375,-13.589859008789062,57.22920540255768,25.16825553494232,,QuantData term-structure
2026-08-18T12:15:00-04:00,2026-09-18,31,1530.0,call,0.03716873479578902,98.37150573730469,875.6,fixed_strike,82.3974609375,84.73396301269531,83.87565612792969,83.01734924316406,85.87837219238281,-0.858306884765625,1.049041748046875,,,,95.98731994628906,82.3974609375,-13.589859008789062,57.22920540255768,25.16825553494232,,QuantData term-structure
2026-08-18T12:15:00-04:00,2026-09-18,31,1540.0,call,0.037442230349036064,100.08811950683594,875.6,fixed_strike,82.3974609375,84.73396301269531,83.87565612792969,83.01734924316406,85.87837219238281,-0.858306884765625,1.049041748046875,,,,95.98731994628906,82.3974609375,-13.589859008789062,57.22920540255768,25.16825553494232,,QuantData term-structure
2026-08-18T12:15:00-04:00,2026-09-18,31,1550.0,call,0.03260370689035259,98.18077087402344,875.6,fixed_strike,82.3974609375,84.73396301269531,83.87565612792969,83.01734924316406,85.87837219238281,-0.858306884765625,1.049041748046875,,,,95.98731994628906,82.3974609375,-13.589859008789062,57.22920540255768,25.16825553494232,,QuantData term-structure
2026-08-18T12:15:00-04:00,2026-09-18,31,1560.0,call,0.03248264343391148,99.03907775878906,875.6,fixed_strike,82.3974609375,84.73396301269531,83.87565612792969,83.01734924316406,85.87837219238281,-0.858306884765625,1.049041748046875,,,,95.98731994628906,82.3974609375,-13.589859008789062,57.22920540255768,25.16825553494232,,QuantData term-structure
2026-08-18T12:15:00-04:00,2026-09-18,31,1570.0,call,0.03460740069900054,91.79115295410156,875.6,fixed_strike,82.3974609375,84.73396301269531,83.87565612792969,83.01734924316406,85.87837219238281,-0.858306884765625,1.049041748046875,,,,95.98731994628906,82.3974609375,-13.589859008789062,57.22920540255768,25.16825553494232,,QuantData term-structure
2026-08-18T12:15:00-04:00,2026-09-18,31,1590.0,call,0.02516732688533881,89.97917175292969,875.6,fixed_strike,82.3974609375,84.73396301269531,83.87565612792969,83.01734924316406,85.87837219238281,-0.858306884765625,1.049041748046875,,,,95.98731994628906,82.3974609375,-13.589859008789062,57.22920540255768,25.16825553494232,,QuantData term-structure
2026-08-18T12:15:00-04:00,2026-09-18,31,1600.0,call,0.023024666168328725,90.93284606933594,875.6,fixed_strike,82.3974609375,84.73396301269531,83.87565612792969,83.01734924316406,85.87837219238281,-0.858306884765625,1.049041748046875,,,,95.98731994628906,82.3974609375,-13.589859008789062,57.22920540255768,25.16825553494232,,QuantData term-structure
2026-08-18T12:15:00-04:00,2026-09-25,38,475.0,call,1.0,0.0476837158203125,875.6,fixed_strike,83.01734924316406,85.11543273925781,82.92198181152344,84.06639099121094,86.64131164550781,1.1444091796875,0.476837158203125,,,,95.98731994628906,82.3974609375,-13.589859008789062,57.22920540255768,25.78814384060638,,QuantData term-structure
2026-08-18T12:15:00-04:00,2026-09-25,38,520.0,put,-0.02466021124174816,89.31159973144531,875.6,fixed_strike,83.01734924316406,85.11543273925781,82.92198181152344,84.06639099121094,86.64131164550781,1.1444091796875,0.476837158203125,,,,95.98731994628906,82.3974609375,-13.589859008789062,57.22920540255768,25.78814384060638,,QuantData term-structure
2026-08-18T12:15:00-04:00,2026-09-25,38,525.0,put,-0.025560185049519464,88.45329284667969,875.6,fixed_strike,83.01734924316406,85.11543273925781,82.92198181152344,84.06639099121094,86.64131164550781,1.1444091796875,0.476837158203125,,,,95.98731994628906,82.3974609375,-13.589859008789062,57.22920540255768,25.78814384060638,,QuantData term-structure
2026-08-18T12:15:00-04:00,2026-09-25,38,530.0,put,-0.026848787829062387,88.93013000488281,875.6,fixed_strike,83.01734924316406,85.11543273925781,82.92198181152344,84.06639099121094,86.64131164550781,1.1444091796875,0.476837158203125,,,,95.98731994628906,82.3974609375,-13.589859008789062,57.22920540255768,25.78814384060638,,QuantData term-structure
2026-08-18T12:15:00-04:00,2026-09-25,38,550.0,put,-0.026163538850742737,89.50233459472656,875.6,fixed_strike,83.01734924316406,85.11543273925781,82.92198181152344,84.06639099121094,86.64131164550781,1.1444091796875,0.476837158203125,,,,95.98731994628906,82.3974609375,-13.589859008789062,57.22920540255768,25.78814384060638,,QuantData term-structure
2026-08-18T12:15:00-04:00,2026-09-25,38,560.0,put,-0.03146559003517868,89.31159973144531,875.6,fixed_strike,83.01734924316406,85.11543273925781,82.92198181152344,84.06639099121094,86.64131164550781,1.1444091796875,0.476837158203125,,,,95.98731994628906,82.3974609375,-13.589859008789062,57.22920540255768,25.78814384060638,,QuantData term-structure
2026-08-18T12:15:00-04:00,2026-09-25,38,575.0,put,-0.04930758308167682,86.92741394042969,875.6,fixed_strike,83.01734924316406,85.11543273925781,82.92198181152344,84.06639099121094,86.64131164550781,1.1444091796875,0.476837158203125,,,,95.98731994628906,82.3974609375,-13.589859008789062,57.22920540255768,25.78814384060638,,QuantData term-structure
2026-08-18T12:15:00-04:00,2026-09-25,38,600.0,put,-0.06329777145441351,86.54594421386719,875.6,fixed_strike,83.01734924316406,85.11543273925781,82.92198181152344,84.06639099121094,86.64131164550781,1.1444091796875,0.476837158203125,,,,95.98731994628906,82.3974609375,-13.589859008789062,57.22920540255768,25.78814384060638,,QuantData term-structure
2026-08-18T12:15:00-04:00,2026-09-25,38,650.0,put,-0.1060892866169898,85.11543273925781,875.6,fixed_strike,83.01734924316406,85.11543273925781,82.92198181152344,84.06639099121094,86.64131164550781,1.1444091796875,0.476837158203125,,,,95.98731994628906,82.3974609375,-13.589859008789062,57.22920540255768,25.78814384060638,,QuantData term-structure
2026-08-18T12:15:00-04:00,2026-09-25,38,680.0,put,-0.1420752800649297,84.73396301269531,875.6,fixed_strike,83.01734924316406,85.11543273925781,82.92198181152344,84.06639099121094,86.64131164550781,1.1444091796875,0.476837158203125,,,,95.98731994628906,82.3974609375,-13.589859008789062,57.22920540255768,25.78814384060638,,QuantData term-structure
2026-08-18T12:15:00-04:00,2026-09-25,38,685.0,put,-0.1420213883834811,84.63859558105469,875.6,fixed_strike,83.01734924316406,85.11543273925781,82.92198181152344,84.06639099121094,86.64131164550781,1.1444091796875,0.476837158203125,,,,95.98731994628906,82.3974609375,-13.589859008789062,57.22920540255768,25.78814384060638,,QuantData term-structure
2026-08-18T12:15:00-04:00,2026-09-25,38,695.0,put,-0.14436149288144245,82.73124694824219,875.6,fixed_strike,83.01734924316406,85.11543273925781,82.92198181152344,84.06639099121094,86.64131164550781,1.1444091796875,0.476837158203125,,,,95.98731994628906,82.3974609375,-13.589859008789062,57.22920540255768,25.78814384060638,,QuantData term-structure
2026-08-18T12:15:00-04:00,2026-09-25,38,700.0,put,-0.16230917743830187,84.82933044433594,875.6,fixed_strike,83.01734924316406,85.11543273925781,82.92198181152344,84.06639099121094,86.64131164550781,1.1444091796875,0.476837158203125,,,,95.98731994628906,82.3974609375,-13.589859008789062,57.22920540255768,25.78814384060638,,QuantData term-structure
2026-08-18T12:15:00-04:00,2026-09-25,38,705.0,put,-0.17171840760299523,81.87294006347656,875.6,fixed_strike,83.01734924316406,85.11543273925781,82.92198181152344,84.06639099121094,86.64131164550781,1.1444091796875,0.476837158203125,,,,95.98731994628906,82.3974609375,-13.589859008789062,57.22920540255768,25.78814384060638,,QuantData term-structure
2026-08-18T12:15:00-04:00,2026-09-25,38,710.0,put,-0.1781924454305669,81.77757263183594,875.6,fixed_strike,83.01734924316406,85.11543273925781,82.92198181152344,84.06639099121094,86.64131164550781,1.1444091796875,0.476837158203125,,,,95.98731994628906,82.3974609375,-13.589859008789062,57.22920540255768,25.78814384060638,,QuantData term-structure
2026-08-18T12:15:00-04:00,2026-09-25,38,715.0,call,0.8729361985326879,78.15361022949219,875.6,fixed_strike,83.01734924316406,85.11543273925781,82.92198181152344,84.06639099121094,86.64131164550781,1.1444091796875,0.476837158203125,,,,95.98731994628906,82.3974609375,-13.589859008789062,57.22920540255768,25.78814384060638,,QuantData term-structure
2026-08-18T12:15:00-04:00,2026-09-25,38,715.0,put,-0.18184199738073592,85.30616760253906,875.6,fixed_strike,83.01734924316406,85.11543273925781,82.92198181152344,84.06639099121094,86.64131164550781,1.1444091796875,0.476837158203125,,,,95.98731994628906,82.3974609375,-13.589859008789062,57.22920540255768,25.78814384060638,,QuantData term-structure
2026-08-18T12:15:00-04:00,2026-09-25,38,730.0,put,-0.20166494619376202,83.97102355957031,875.6,fixed_strike,83.01734924316406,85.11543273925781,82.92198181152344,84.06639099121094,86.64131164550781,1.1444091796875,0.476837158203125,,,,95.98731994628906,82.3974609375,-13.589859008789062,57.22920540255768,25.78814384060638,,QuantData term-structure
2026-08-18T12:15:00-04:00,2026-09-25,38,740.0,put,-0.17323581031211843,84.06639099121094,875.6,fixed_strike,83.01734924316406,85.11543273925781,82.92198181152344,84.06639099121094,86.64131164550781,1.1444091796875,0.476837158203125,,,,95.98731994628906,82.3974609375,-13.589859008789062,57.22920540255768,25.78814384060638,,QuantData term-structure
2026-08-18T12:15:00-04:00,2026-09-25,38,750.0,put,-0.230497007419746,83.39881896972656,875.6,fixed_strike,83.01734924316406,85.11543273925781,82.92198181152344,84.06639099121094,86.64131164550781,1.1444091796875,0.476837158203125,,,,95.98731994628906,82.3974609375,-13.589859008789062,57.22920540255768,25.78814384060638,,QuantData term-structure
2026-08-18T12:15:00-04:00,2026-09-25,38,760.0,put,-0.22864776693971312,80.44242858886719,875.6,fixed_strike,83.01734924316406,85.11543273925781,82.92198181152344,84.06639099121094,86.64131164550781,1.1444091796875,0.476837158203125,,,,95.98731994628906,82.3974609375,-13.589859008789062,57.22920540255768,25.78814384060638,,QuantData term-structure
2026-08-18T12:15:00-04:00,2026-09-25,38,770.0,put,-0.25628019317045114,82.92198181152344,875.6,fixed_strike,83.01734924316406,85.11543273925781,82.92198181152344,84.06639099121094,86.64131164550781,1.1444091796875,0.476837158203125,,,,95.98731994628906,82.3974609375,-13.589859008789062,57.22920540255768,25.78814384060638,,QuantData term-structure
2026-08-18T12:15:00-04:00,2026-09-25,38,780.0,put,-0.25803539575069323,81.49147033691406,875.6,fixed_strike,83.01734924316406,85.11543273925781,82.92198181152344,84.06639099121094,86.64131164550781,1.1444091796875,0.476837158203125,,,,95.98731994628906,82.3974609375,-13.589859008789062,57.22920540255768,25.78814384060638,,QuantData term-structure
2026-08-18T12:15:00-04:00,2026-09-25,38,800.0,call,0.6812320587395739,81.77757263183594,875.6,fixed_strike,83.01734924316406,85.11543273925781,82.92198181152344,84.06639099121094,86.64131164550781,1.1444091796875,0.476837158203125,,,,95.98731994628906,82.3974609375,-13.589859008789062,57.22920540255768,25.78814384060638,,QuantData term-structure
2026-08-18T12:15:00-04:00,2026-09-25,38,800.0,put,-0.31639541197973586,83.11271667480469,875.6,fixed_strike,83.01734924316406,85.11543273925781,82.92198181152344,84.06639099121094,86.64131164550781,1.1444091796875,0.476837158203125,,,,95.98731994628906,82.3974609375,-13.589859008789062,57.22920540255768,25.78814384060638,,QuantData term-structure
2026-08-18T12:15:00-04:00,2026-09-25,38,805.0,put,-0.2681256026172724,80.91926574707031,875.6,fixed_strike,83.01734924316406,85.11543273925781,82.92198181152344,84.06639099121094,86.64131164550781,1.1444091796875,0.476837158203125,,,,95.98731994628906,82.3974609375,-13.589859008789062,57.22920540255768,25.78814384060638,,QuantData term-structure
2026-08-18T12:15:00-04:00,2026-09-25,38,810.0,put,-0.3136575487666218,85.02006530761719,875.6,fixed_strike,83.01734924316406,85.11543273925781,82.92198181152344,84.06639099121094,86.64131164550781,1.1444091796875,0.476837158203125,,,,95.98731994628906,82.3974609375,-13.589859008789062,57.22920540255768,25.78814384060638,,QuantData term-structure
2026-08-18T12:15:00-04:00,2026-09-25,38,820.0,put,-0.3431243725826731,83.39881896972656,875.6,fixed_strike,83.01734924316406,85.11543273925781,82.92198181152344,84.06639099121094,86.64131164550781,1.1444091796875,0.476837158203125,,,,95.98731994628906,82.3974609375,-13.589859008789062,57.22920540255768,25.78814384060638,,QuantData term-structure
2026-08-18T12:15:00-04:00,2026-09-25,38,835.0,put,-0.31598463535155796,81.01463317871094,875.6,fixed_strike,83.01734924316406,85.11543273925781,82.92198181152344,84.06639099121094,86.64131164550781,1.1444091796875,0.476837158203125,,,,95.98731994628906,82.3974609375,-13.589859008789062,57.22920540255768,25.78814384060638,,QuantData term-structure
2026-08-18T12:15:00-04:00,2026-09-25,38,850.0,put,-0.34998929522927125,82.06367492675781,875.6,fixed_strike,83.01734924316406,85.11543273925781,82.92198181152344,84.06639099121094,86.64131164550781,1.1444091796875,0.476837158203125,,,,95.98731994628906,82.3974609375,-13.589859008789062,57.22920540255768,25.78814384060638,,QuantData term-structure
2026-08-18T12:15:00-04:00,2026-09-25,38,860.0,call,0.5933449577306475,83.39881896972656,875.6,fixed_strike,83.01734924316406,85.11543273925781,82.92198181152344,84.06639099121094,86.64131164550781,1.1444091796875,0.476837158203125,,,,95.98731994628906,82.3974609375,-13.589859008789062,57.22920540255768,25.78814384060638,,QuantData term-structure
2026-08-18T12:15:00-04:00,2026-09-25,38,870.0,put,-0.4274726252808486,83.39881896972656,875.6,fixed_strike,83.01734924316406,85.11543273925781,82.92198181152344,84.06639099121094,86.64131164550781,1.1444091796875,0.476837158203125,,,,95.98731994628906,82.3974609375,-13.589859008789062,57.22920540255768,25.78814384060638,,QuantData term-structure
2026-08-18T12:15:00-04:00,2026-09-25,38,875.0,call,0.5731770753026804,83.01734924316406,875.6,fixed_strike,83.01734924316406,85.11543273925781,82.92198181152344,84.06639099121094,86.64131164550781,1.1444091796875,0.476837158203125,,,,95.98731994628906,82.3974609375,-13.589859008789062,57.22920540255768,25.78814384060638,,QuantData term-structure
2026-08-18T12:15:00-04:00,2026-09-25,38,880.0,call,0.5579964425556523,82.92198181152344,875.6,fixed_strike,83.01734924316406,85.11543273925781,82.92198181152344,84.06639099121094,86.64131164550781,1.1444091796875,0.476837158203125,,,,95.98731994628906,82.3974609375,-13.589859008789062,57.22920540255768,25.78814384060638,,QuantData term-structure
2026-08-18T12:15:00-04:00,2026-09-25,38,880.0,put,-0.44166333522159085,83.87565612792969,875.6,fixed_strike,83.01734924316406,85.11543273925781,82.92198181152344,84.06639099121094,86.64131164550781,1.1444091796875,0.476837158203125,,,,95.98731994628906,82.3974609375,-13.589859008789062,57.22920540255768,25.78814384060638,,QuantData term-structure
2026-08-18T12:15:00-04:00,2026-09-25,38,890.0,call,0.5417254857715559,82.73124694824219,875.6,fixed_strike,83.01734924316406,85.11543273925781,82.92198181152344,84.06639099121094,86.64131164550781,1.1444091796875,0.476837158203125,,,,95.98731994628906,82.3974609375,-13.589859008789062,57.22920540255768,25.78814384060638,,QuantData term-structure
2026-08-18T12:15:00-04:00,2026-09-25,38,890.0,put,-0.42242056268149214,81.96830749511719,875.6,fixed_strike,83.01734924316406,85.11543273925781,82.92198181152344,84.06639099121094,86.64131164550781,1.1444091796875,0.476837158203125,,,,95.98731994628906,82.3974609375,-13.589859008789062,57.22920540255768,25.78814384060638,,QuantData term-structure
2026-08-18T12:15:00-04:00,2026-09-25,38,900.0,call,0.594286530745422,81.87294006347656,875.6,fixed_strike,83.01734924316406,85.11543273925781,82.92198181152344,84.06639099121094,86.64131164550781,1.1444091796875,0.476837158203125,,,,95.98731994628906,82.3974609375,-13.589859008789062,57.22920540255768,25.78814384060638,,QuantData term-structure
2026-08-18T12:15:00-04:00,2026-09-25,38,900.0,put,-0.4798849554568889,83.01734924316406,875.6,fixed_strike,83.01734924316406,85.11543273925781,82.92198181152344,84.06639099121094,86.64131164550781,1.1444091796875,0.476837158203125,,,,95.98731994628906,82.3974609375,-13.589859008789062,57.22920540255768,25.78814384060638,,QuantData term-structure
2026-08-18T12:15:00-04:00,2026-09-25,38,930.0,put,-0.5236542823357138,83.49418640136719,875.6,fixed_strike,83.01734924316406,85.11543273925781,82.92198181152344,84.06639099121094,86.64131164550781,1.1444091796875,0.476837158203125,,,,95.98731994628906,82.3974609375,-13.589859008789062,57.22920540255768,25.78814384060638,,QuantData term-structure
2026-08-18T12:15:00-04:00,2026-09-25,38,940.0,call,0.4725226175972813,82.44514465332031,875.6,fixed_strike,83.01734924316406,85.11543273925781,82.92198181152344,84.06639099121094,86.64131164550781,1.1444091796875,0.476837158203125,,,,95.98731994628906,82.3974609375,-13.589859008789062,57.22920540255768,25.78814384060638,,QuantData term-structure
2026-08-18T12:15:00-04:00,2026-09-25,38,940.0,put,-0.49296433335532036,79.01191711425781,875.6,fixed_strike,83.01734924316406,85.11543273925781,82.92198181152344,84.06639099121094,86.64131164550781,1.1444091796875,0.476837158203125,,,,95.98731994628906,82.3974609375,-13.589859008789062,57.22920540255768,25.78814384060638,,QuantData term-structure
2026-08-18T12:15:00-04:00,2026-09-25,38,950.0,call,0.5209253276457657,83.58955383300781,875.6,fixed_strike,83.01734924316406,85.11543273925781,82.92198181152344,84.06639099121094,86.64131164550781,1.1444091796875,0.476837158203125,,,,95.98731994628906,82.3974609375,-13.589859008789062,57.22920540255768,25.78814384060638,,QuantData term-structure
2026-08-18T12:15:00-04:00,2026-09-25,38,950.0,put,-0.4702406526720526,83.87565612792969,875.6,fixed_strike,83.01734924316406,85.11543273925781,82.92198181152344,84.06639099121094,86.64131164550781,1.1444091796875,0.476837158203125,,,,95.98731994628906,82.3974609375,-13.589859008789062,57.22920540255768,25.78814384060638,,QuantData term-structure
2026-08-18T12:15:00-04:00,2026-09-25,38,960.0,call,0.4749956687440886,83.30345153808594,875.6,fixed_strike,83.01734924316406,85.11543273925781,82.92198181152344,84.06639099121094,86.64131164550781,1.1444091796875,0.476837158203125,,,,95.98731994628906,82.3974609375,-13.589859008789062,57.22920540255768,25.78814384060638,,QuantData term-structure
2026-08-18T12:15:00-04:00,2026-09-25,38,960.0,put,-0.5706341370782503,84.06639099121094,875.6,fixed_strike,83.01734924316406,85.11543273925781,82.92198181152344,84.06639099121094,86.64131164550781,1.1444091796875,0.476837158203125,,,,95.98731994628906,82.3974609375,-13.589859008789062,57.22920540255768,25.78814384060638,,QuantData term-structure
2026-08-18T12:15:00-04:00,2026-09-25,38,990.0,call,0.38045466167366543,82.34977722167969,875.6,fixed_strike,83.01734924316406,85.11543273925781,82.92198181152344,84.06639099121094,86.64131164550781,1.1444091796875,0.476837158203125,,,,95.98731994628906,82.3974609375,-13.589859008789062,57.22920540255768,25.78814384060638,,QuantData term-structure
2026-08-18T12:15:00-04:00,2026-09-25,38,1000.0,call,0.371206626885379,83.20808410644531,875.6,fixed_strike,83.01734924316406,85.11543273925781,82.92198181152344,84.06639099121094,86.64131164550781,1.1444091796875,0.476837158203125,,,,95.98731994628906,82.3974609375,-13.589859008789062,57.22920540255768,25.78814384060638,,QuantData term-structure
2026-08-18T12:15:00-04:00,2026-09-25,38,1100.0,call,0.28257312846150895,84.54322814941406,875.6,fixed_strike,83.01734924316406,85.11543273925781,82.92198181152344,84.06639099121094,86.64131164550781,1.1444091796875,0.476837158203125,,,,95.98731994628906,82.3974609375,-13.589859008789062,57.22920540255768,25.78814384060638,,QuantData term-structure
2026-08-18T12:15:00-04:00,2026-09-25,38,1145.0,call,0.22632637881594642,84.06639099121094,875.6,fixed_strike,83.01734924316406,85.11543273925781,82.92198181152344,84.06639099121094,86.64131164550781,1.1444091796875,0.476837158203125,,,,95.98731994628906,82.3974609375,-13.589859008789062,57.22920540255768,25.78814384060638,,QuantData term-structure
2026-08-18T12:15:00-04:00,2026-09-25,38,1150.0,call,0.20955643193927476,83.20808410644531,875.6,fixed_strike,83.01734924316406,85.11543273925781,82.92198181152344,84.06639099121094,86.64131164550781,1.1444091796875,0.476837158203125,,,,95.98731994628906,82.3974609375,-13.589859008789062,57.22920540255768,25.78814384060638,,QuantData term-structure
2026-08-18T12:15:00-04:00,2026-09-25,38,1195.0,call,0.18402537043001999,84.63859558105469,875.6,fixed_strike,83.01734924316406,85.11543273925781,82.92198181152344,84.06639099121094,86.64131164550781,1.1444091796875,0.476837158203125,,,,95.98731994628906,82.3974609375,-13.589859008789062,57.22920540255768,25.78814384060638,,QuantData term-structure
2026-08-18T12:15:00-04:00,2026-09-25,38,1220.0,call,0.15774056428779104,85.59226989746094,875.6,fixed_strike,83.01734924316406,85.11543273925781,82.92198181152344,84.06639099121094,86.64131164550781,1.1444091796875,0.476837158203125,,,,95.98731994628906,82.3974609375,-13.589859008789062,57.22920540255768,25.78814384060638,,QuantData term-structure
2026-08-18T12:15:00-04:00,2026-09-25,38,1290.0,call,0.11706844492336632,85.87837219238281,875.6,fixed_strike,83.01734924316406,85.11543273925781,82.92198181152344,84.06639099121094,86.64131164550781,1.1444091796875,0.476837158203125,,,,95.98731994628906,82.3974609375,-13.589859008789062,57.22920540255768,25.78814384060638,,QuantData term-structure
2026-08-18T12:15:00-04:00,2026-09-25,38,1350.0,call,0.08575057201621278,86.64131164550781,875.6,fixed_strike,83.01734924316406,85.11543273925781,82.92198181152344,84.06639099121094,86.64131164550781,1.1444091796875,0.476837158203125,,,,95.98731994628906,82.3974609375,-13.589859008789062,57.22920540255768,25.78814384060638,,QuantData term-structure
2026-08-18T12:15:00-04:00,2026-10-02,45,470.0,call,0.9548553599399356,133.4667205810547,875.6,fixed_strike,83.39881896972656,83.97102355957031,84.25712585449219,82.82661437988281,86.06910705566406,-1.430511474609375,0.1430511474609375,,,,95.98731994628906,82.3974609375,-13.589859008789062,57.22920540255768,26.16961356716888,,QuantData term-structure
2026-08-18T12:15:00-04:00,2026-10-02,45,500.0,put,-0.025718319350794223,90.93284606933594,875.6,fixed_strike,83.39881896972656,83.97102355957031,84.25712585449219,82.82661437988281,86.06910705566406,-1.430511474609375,0.1430511474609375,,,,95.98731994628906,82.3974609375,-13.589859008789062,57.22920540255768,26.16961356716888,,QuantData term-structure
2026-08-18T12:15:00-04:00,2026-10-02,45,550.0,put,-0.045774394530073204,88.16719055175781,875.6,fixed_strike,83.39881896972656,83.97102355957031,84.25712585449219,82.82661437988281,86.06910705566406,-1.430511474609375,0.1430511474609375,,,,95.98731994628906,82.3974609375,-13.589859008789062,57.22920540255768,26.16961356716888,,QuantData term-structure
2026-08-18T12:15:00-04:00,2026-10-02,45,575.0,put,-0.04605862757542767,87.11814880371094,875.6,fixed_strike,83.39881896972656,83.97102355957031,84.25712585449219,82.82661437988281,86.06910705566406,-1.430511474609375,0.1430511474609375,,,,95.98731994628906,82.3974609375,-13.589859008789062,57.22920540255768,26.16961356716888,,QuantData term-structure
2026-08-18T12:15:00-04:00,2026-10-02,45,580.0,put,-0.049981966477200324,86.06910705566406,875.6,fixed_strike,83.39881896972656,83.97102355957031,84.25712585449219,82.82661437988281,86.06910705566406,-1.430511474609375,0.1430511474609375,,,,95.98731994628906,82.3974609375,-13.589859008789062,57.22920540255768,26.16961356716888,,QuantData term-structure
2026-08-18T12:15:00-04:00,2026-10-02,45,590.0,put,-0.05641448449702857,91.40968322753906,875.6,fixed_strike,83.39881896972656,83.97102355957031,84.25712585449219,82.82661437988281,86.06910705566406,-1.430511474609375,0.1430511474609375,,,,95.98731994628906,82.3974609375,-13.589859008789062,57.22920540255768,26.16961356716888,,QuantData term-structure
2026-08-18T12:15:00-04:00,2026-10-02,45,595.0,put,-0.07202309112035998,83.97102355957031,875.6,fixed_strike,83.39881896972656,83.97102355957031,84.25712585449219,82.82661437988281,86.06910705566406,-1.430511474609375,0.1430511474609375,,,,95.98731994628906,82.3974609375,-13.589859008789062,57.22920540255768,26.16961356716888,,QuantData term-structure
2026-08-18T12:15:00-04:00,2026-10-02,45,600.0,put,-0.07475029016796453,85.21080017089844,875.6,fixed_strike,83.39881896972656,83.97102355957031,84.25712585449219,82.82661437988281,86.06910705566406,-1.430511474609375,0.1430511474609375,,,,95.98731994628906,82.3974609375,-13.589859008789062,57.22920540255768,26.16961356716888,,QuantData term-structure
2026-08-18T12:15:00-04:00,2026-10-02,45,625.0,put,-0.07828061890669369,83.01734924316406,875.6,fixed_strike,83.39881896972656,83.97102355957031,84.25712585449219,82.82661437988281,86.06910705566406,-1.430511474609375,0.1430511474609375,,,,95.98731994628906,82.3974609375,-13.589859008789062,57.22920540255768,26.16961356716888,,QuantData term-structure
2026-08-18T12:15:00-04:00,2026-10-02,45,630.0,put,-0.09811095504426831,83.97102355957031,875.6,fixed_strike,83.39881896972656,83.97102355957031,84.25712585449219,82.82661437988281,86.06910705566406,-1.430511474609375,0.1430511474609375,,,,95.98731994628906,82.3974609375,-13.589859008789062,57.22920540255768,26.16961356716888,,QuantData term-structure
2026-08-18T12:15:00-04:00,2026-10-02,45,650.0,put,-0.11962547372475063,84.63859558105469,875.6,fixed_strike,83.39881896972656,83.97102355957031,84.25712585449219,82.82661437988281,86.06910705566406,-1.430511474609375,0.1430511474609375,,,,95.98731994628906,82.3974609375,-13.589859008789062,57.22920540255768,26.16961356716888,,QuantData term-structure
2026-08-18T12:15:00-04:00,2026-10-02,45,655.0,put,-0.10251285758163825,83.58955383300781,875.6,fixed_strike,83.39881896972656,83.97102355957031,84.25712585449219,82.82661437988281,86.06910705566406,-1.430511474609375,0.1430511474609375,,,,95.98731994628906,82.3974609375,-13.589859008789062,57.22920540255768,26.16961356716888,,QuantData term-structure
2026-08-18T12:15:00-04:00,2026-10-02,45,660.0,put,-0.11075230505249695,84.25712585449219,875.6,fixed_strike,83.39881896972656,83.97102355957031,84.25712585449219,82.82661437988281,86.06910705566406,-1.430511474609375,0.1430511474609375,,,,95.98731994628906,82.3974609375,-13.589859008789062,57.22920540255768,26.16961356716888,,QuantData term-structure
2026-08-18T12:15:00-04:00,2026-10-02,45,670.0,put,-0.11421909679634096,83.01734924316406,875.6,fixed_strike,83.39881896972656,83.97102355957031,84.25712585449219,82.82661437988281,86.06910705566406,-1.430511474609375,0.1430511474609375,,,,95.98731994628906,82.3974609375,-13.589859008789062,57.22920540255768,26.16961356716888,,QuantData term-structure
2026-08-18T12:15:00-04:00,2026-10-02,45,680.0,put,-0.15811138554973903,83.68492126464844,875.6,fixed_strike,83.39881896972656,83.97102355957031,84.25712585449219,82.82661437988281,86.06910705566406,-1.430511474609375,0.1430511474609375,,,,95.98731994628906,82.3974609375,-13.589859008789062,57.22920540255768,26.16961356716888,,QuantData term-structure
2026-08-18T12:15:00-04:00,2026-10-02,45,685.0,put,-0.11542868519859739,85.59226989746094,875.6,fixed_strike,83.39881896972656,83.97102355957031,84.25712585449219,82.82661437988281,86.06910705566406,-1.430511474609375,0.1430511474609375,,,,95.98731994628906,82.3974609375,-13.589859008789062,57.22920540255768,26.16961356716888,,QuantData term-structure
2026-08-18T12:15:00-04:00,2026-10-02,45,700.0,put,-0.17599907469756065,85.59226989746094,875.6,fixed_strike,83.39881896972656,83.97102355957031,84.25712585449219,82.82661437988281,86.06910705566406,-1.430511474609375,0.1430511474609375,,,,95.98731994628906,82.3974609375,-13.589859008789062,57.22920540255768,26.16961356716888,,QuantData term-structure
2026-08-18T12:15:00-04:00,2026-10-02,45,705.0,put,-0.15284797306292613,82.82661437988281,875.6,fixed_strike,83.39881896972656,83.97102355957031,84.25712585449219,82.82661437988281,86.06910705566406,-1.430511474609375,0.1430511474609375,,,,95.98731994628906,82.3974609375,-13.589859008789062,57.22920540255768,26.16961356716888,,QuantData term-structure
2026-08-18T12:15:00-04:00,2026-10-02,45,720.0,put,-0.20490139423048198,83.20808410644531,875.6,fixed_strike,83.39881896972656,83.97102355957031,84.25712585449219,82.82661437988281,86.06910705566406,-1.430511474609375,0.1430511474609375,,,,95.98731994628906,82.3974609375,-13.589859008789062,57.22920540255768,26.16961356716888,,QuantData term-structure
2026-08-18T12:15:00-04:00,2026-10-02,45,730.0,put,-0.22011958082086525,82.92198181152344,875.6,fixed_strike,83.39881896972656,83.97102355957031,84.25712585449219,82.82661437988281,86.06910705566406,-1.430511474609375,0.1430511474609375,,,,95.98731994628906,82.3974609375,-13.589859008789062,57.22920540255768,26.16961356716888,,QuantData term-structure
2026-08-18T12:15:00-04:00,2026-10-02,45,740.0,call,0.8172041769036724,82.15904235839844,875.6,fixed_strike,83.39881896972656,83.97102355957031,84.25712585449219,82.82661437988281,86.06910705566406,-1.430511474609375,0.1430511474609375,,,,95.98731994628906,82.3974609375,-13.589859008789062,57.22920540255768,26.16961356716888,,QuantData term-structure
2026-08-18T12:15:00-04:00,2026-10-02,45,750.0,put,-0.24015592621190113,84.25712585449219,875.6,fixed_strike,83.39881896972656,83.97102355957031,84.25712585449219,82.82661437988281,86.06910705566406,-1.430511474609375,0.1430511474609375,,,,95.98731994628906,82.3974609375,-13.589859008789062,57.22920540255768,26.16961356716888,,QuantData term-structure
2026-08-18T12:15:00-04:00,2026-10-02,45,790.0,put,-0.2977160054500435,83.11271667480469,875.6,fixed_strike,83.39881896972656,83.97102355957031,84.25712585449219,82.82661437988281,86.06910705566406,-1.430511474609375,0.1430511474609375,,,,95.98731994628906,82.3974609375,-13.589859008789062,57.22920540255768,26.16961356716888,,QuantData term-structure
2026-08-18T12:15:00-04:00,2026-10-02,45,800.0,put,-0.31616783418578764,82.15904235839844,875.6,fixed_strike,83.39881896972656,83.97102355957031,84.25712585449219,82.82661437988281,86.06910705566406,-1.430511474609375,0.1430511474609375,,,,95.98731994628906,82.3974609375,-13.589859008789062,57.22920540255768,26.16961356716888,,QuantData term-structure
2026-08-18T12:15:00-04:00,2026-10-02,45,805.0,put,-0.32100579561722037,82.25440979003906,875.6,fixed_strike,83.39881896972656,83.97102355957031,84.25712585449219,82.82661437988281,86.06910705566406,-1.430511474609375,0.1430511474609375,,,,95.98731994628906,82.3974609375,-13.589859008789062,57.22920540255768,26.16961356716888,,QuantData term-structure
2026-08-18T12:15:00-04:00,2026-10-02,45,815.0,put,-0.30453325841191026,82.63587951660156,875.6,fixed_strike,83.39881896972656,83.97102355957031,84.25712585449219,82.82661437988281,86.06910705566406,-1.430511474609375,0.1430511474609375,,,,95.98731994628906,82.3974609375,-13.589859008789062,57.22920540255768,26.16961356716888,,QuantData term-structure
2026-08-18T12:15:00-04:00,2026-10-02,45,825.0,call,0.7007373064452038,81.87294006347656,875.6,fixed_strike,83.39881896972656,83.97102355957031,84.25712585449219,82.82661437988281,86.06910705566406,-1.430511474609375,0.1430511474609375,,,,95.98731994628906,82.3974609375,-13.589859008789062,57.22920540255768,26.16961356716888,,QuantData term-structure
2026-08-18T12:15:00-04:00,2026-10-02,45,880.0,call,0.5678553855891817,83.39881896972656,875.6,fixed_strike,83.39881896972656,83.97102355957031,84.25712585449219,82.82661437988281,86.06910705566406,-1.430511474609375,0.1430511474609375,,,,95.98731994628906,82.3974609375,-13.589859008789062,57.22920540255768,26.16961356716888,,QuantData term-structure
2026-08-18T12:15:00-04:00,2026-10-02,45,885.0,call,0.5545293410953664,82.06367492675781,875.6,fixed_strike,83.39881896972656,83.97102355957031,84.25712585449219,82.82661437988281,86.06910705566406,-1.430511474609375,0.1430511474609375,,,,95.98731994628906,82.3974609375,-13.589859008789062,57.22920540255768,26.16961356716888,,QuantData term-structure
2026-08-18T12:15:00-04:00,2026-10-02,45,890.0,call,0.5730782380067461,84.44786071777344,875.6,fixed_strike,83.39881896972656,83.97102355957031,84.25712585449219,82.82661437988281,86.06910705566406,-1.430511474609375,0.1430511474609375,,,,95.98731994628906,82.3974609375,-13.589859008789062,57.22920540255768,26.16961356716888,,QuantData term-structure
2026-08-18T12:15:00-04:00,2026-10-02,45,895.0,call,0.5304421109841195,83.97102355957031,875.6,fixed_strike,83.39881896972656,83.97102355957031,84.25712585449219,82.82661437988281,86.06910705566406,-1.430511474609375,0.1430511474609375,,,,95.98731994628906,82.3974609375,-13.589859008789062,57.22920540255768,26.16961356716888,,QuantData term-structure
2026-08-18T12:15:00-04:00,2026-10-02,45,895.0,put,-0.4137627769760633,83.87565612792969,875.6,fixed_strike,83.39881896972656,83.97102355957031,84.25712585449219,82.82661437988281,86.06910705566406,-1.430511474609375,0.1430511474609375,,,,95.98731994628906,82.3974609375,-13.589859008789062,57.22920540255768,26.16961356716888,,QuantData term-structure
2026-08-18T12:15:00-04:00,2026-10-02,45,900.0,put,-0.420957410493486,84.25712585449219,875.6,fixed_strike,83.39881896972656,83.97102355957031,84.25712585449219,82.82661437988281,86.06910705566406,-1.430511474609375,0.1430511474609375,,,,95.98731994628906,82.3974609375,-13.589859008789062,57.22920540255768,26.16961356716888,,QuantData term-structure
2026-08-18T12:15:00-04:00,2026-10-02,45,905.0,call,0.5154824797396933,83.97102355957031,875.6,fixed_strike,83.39881896972656,83.97102355957031,84.25712585449219,82.82661437988281,86.06910705566406,-1.430511474609375,0.1430511474609375,,,,95.98731994628906,82.3974609375,-13.589859008789062,57.22920540255768,26.16961356716888,,QuantData term-structure
2026-08-18T12:15:00-04:00,2026-10-02,45,920.0,call,0.5645940711502445,82.73124694824219,875.6,fixed_strike,83.39881896972656,83.97102355957031,84.25712585449219,82.82661437988281,86.06910705566406,-1.430511474609375,0.1430511474609375,,,,95.98731994628906,82.3974609375,-13.589859008789062,57.22920540255768,26.16961356716888,,QuantData term-structure
2026-08-18T12:15:00-04:00,2026-10-02,45,920.0,put,-0.4591468372783081,83.20808410644531,875.6,fixed_strike,83.39881896972656,83.97102355957031,84.25712585449219,82.82661437988281,86.06910705566406,-1.430511474609375,0.1430511474609375,,,,95.98731994628906,82.3974609375,-13.589859008789062,57.22920540255768,26.16961356716888,,QuantData term-structure
2026-08-18T12:15:00-04:00,2026-10-02,45,925.0,call,0.5612348866165081,80.25169372558594,875.6,fixed_strike,83.39881896972656,83.97102355957031,84.25712585449219,82.82661437988281,86.06910705566406,-1.430511474609375,0.1430511474609375,,,,95.98731994628906,82.3974609375,-13.589859008789062,57.22920540255768,26.16961356716888,,QuantData term-structure
2026-08-18T12:15:00-04:00,2026-10-02,45,930.0,call,0.5508160126157757,83.30345153808594,875.6,fixed_strike,83.39881896972656,83.97102355957031,84.25712585449219,82.82661437988281,86.06910705566406,-1.430511474609375,0.1430511474609375,,,,95.98731994628906,82.3974609375,-13.589859008789062,57.22920540255768,26.16961356716888,,QuantData term-structure
2026-08-18T12:15:00-04:00,2026-10-02,45,940.0,call,0.5387014499154876,80.25169372558594,875.6,fixed_strike,83.39881896972656,83.97102355957031,84.25712585449219,82.82661437988281,86.06910705566406,-1.430511474609375,0.1430511474609375,,,,95.98731994628906,82.3974609375,-13.589859008789062,57.22920540255768,26.16961356716888,,QuantData term-structure
2026-08-18T12:15:00-04:00,2026-10-02,45,950.0,put,-0.4624512136445907,83.68492126464844,875.6,fixed_strike,83.39881896972656,83.97102355957031,84.25712585449219,82.82661437988281,86.06910705566406,-1.430511474609375,0.1430511474609375,,,,95.98731994628906,82.3974609375,-13.589859008789062,57.22920540255768,26.16961356716888,,QuantData term-structure
2026-08-18T12:15:00-04:00,2026-10-02,45,960.0,call,0.4946933328067937,84.54322814941406,875.6,fixed_strike,83.39881896972656,83.97102355957031,84.25712585449219,82.82661437988281,86.06910705566406,-1.430511474609375,0.1430511474609375,,,,95.98731994628906,82.3974609375,-13.589859008789062,57.22920540255768,26.16961356716888,,QuantData term-structure
2026-08-18T12:15:00-04:00,2026-10-02,45,960.0,put,-0.5055091636758499,83.78028869628906,875.6,fixed_strike,83.39881896972656,83.97102355957031,84.25712585449219,82.82661437988281,86.06910705566406,-1.430511474609375,0.1430511474609375,,,,95.98731994628906,82.3974609375,-13.589859008789062,57.22920540255768,26.16961356716888,,QuantData term-structure
2026-08-18T12:15:00-04:00,2026-10-02,45,980.0,put,-0.5743527844500573,85.49690246582031,875.6,fixed_strike,83.39881896972656,83.97102355957031,84.25712585449219,82.82661437988281,86.06910705566406,-1.430511474609375,0.1430511474609375,,,,95.98731994628906,82.3974609375,-13.589859008789062,57.22920540255768,26.16961356716888,,QuantData term-structure
2026-08-18T12:15:00-04:00,2026-10-02,45,1000.0,call,0.45570629600162427,83.11271667480469,875.6,fixed_strike,83.39881896972656,83.97102355957031,84.25712585449219,82.82661437988281,86.06910705566406,-1.430511474609375,0.1430511474609375,,,,95.98731994628906,82.3974609375,-13.589859008789062,57.22920540255768,26.16961356716888,,QuantData term-structure
2026-08-18T12:15:00-04:00,2026-10-02,45,1005.0,call,0.4233038653521361,80.63316345214844,875.6,fixed_strike,83.39881896972656,83.97102355957031,84.25712585449219,82.82661437988281,86.06910705566406,-1.430511474609375,0.1430511474609375,,,,95.98731994628906,82.3974609375,-13.589859008789062,57.22920540255768,26.16961356716888,,QuantData term-structure
2026-08-18T12:15:00-04:00,2026-10-02,45,1060.0,call,0.3209662233388361,83.58955383300781,875.6,fixed_strike,83.39881896972656,83.97102355957031,84.25712585449219,82.82661437988281,86.06910705566406,-1.430511474609375,0.1430511474609375,,,,95.98731994628906,82.3974609375,-13.589859008789062,57.22920540255768,26.16961356716888,,QuantData term-structure
2026-08-18T12:15:00-04:00,2026-10-02,45,1070.0,call,0.3423395323938349,81.49147033691406,875.6,fixed_strike,83.39881896972656,83.97102355957031,84.25712585449219,82.82661437988281,86.06910705566406,-1.430511474609375,0.1430511474609375,,,,95.98731994628906,82.3974609375,-13.589859008789062,57.22920540255768,26.16961356716888,,QuantData term-structure
2026-08-18T12:15:00-04:00,2026-10-02,45,1200.0,call,0.197498687611243,82.82661437988281,875.6,fixed_strike,83.39881896972656,83.97102355957031,84.25712585449219,82.82661437988281,86.06910705566406,-1.430511474609375,0.1430511474609375,,,,95.98731994628906,82.3974609375,-13.589859008789062,57.22920540255768,26.16961356716888,,QuantData term-structure
2026-08-18T12:15:00-04:00,2026-10-02,45,1310.0,call,0.12678135839658777,86.06910705566406,875.6,fixed_strike,83.39881896972656,83.97102355957031,84.25712585449219,82.82661437988281,86.06910705566406,-1.430511474609375,0.1430511474609375,,,,95.98731994628906,82.3974609375,-13.589859008789062,57.22920540255768,26.16961356716888,,QuantData term-structure
2026-08-18T12:15:00-04:00,2026-10-02,45,1330.0,call,0.11477334101460401,85.68763732910156,875.6,fixed_strike,83.39881896972656,83.97102355957031,84.25712585449219,82.82661437988281,86.06910705566406,-1.430511474609375,0.1430511474609375,,,,95.98731994628906,82.3974609375,-13.589859008789062,57.22920540255768,26.16961356716888,,QuantData term-structure
2026-08-18T12:15:00-04:00,2026-10-02,45,1360.0,call,0.10266158006019699,86.06910705566406,875.6,fixed_strike,83.39881896972656,83.97102355957031,84.25712585449219,82.82661437988281,86.06910705566406,-1.430511474609375,0.1430511474609375,,,,95.98731994628906,82.3974609375,-13.589859008789062,57.22920540255768,26.16961356716888,,QuantData term-structure
2026-08-18T12:15:00-04:00,2026-10-02,45,1400.0,call,0.08883240705624179,86.64131164550781,875.6,fixed_strike,83.39881896972656,83.97102355957031,84.25712585449219,82.82661437988281,86.06910705566406,-1.430511474609375,0.1430511474609375,,,,95.98731994628906,82.3974609375,-13.589859008789062,57.22920540255768,26.16961356716888,,QuantData term-structure
2026-08-18T12:15:00-04:00,2026-10-16,59,300.0,put,-0.0024595816441744804,106.00090026855469,875.6,fixed_strike,83.5418701171875,86.16447448730469,83.39881896972656,84.35249328613281,87.97645568847656,0.95367431640625,0.3337860107421875,,,,95.98731994628906,82.3974609375,-13.589859008789062,57.22920540255768,26.31266471462982,,QuantData term-structure
2026-08-18T12:15:00-04:00,2026-10-16,59,370.0,put,-0.005286694287822062,94.36607360839844,875.6,fixed_strike,83.5418701171875,86.16447448730469,83.39881896972656,84.35249328613281,87.97645568847656,0.95367431640625,0.3337860107421875,,,,95.98731994628906,82.3974609375,-13.589859008789062,57.22920540255768,26.31266471462982,,QuantData term-structure
2026-08-18T12:15:00-04:00,2026-10-16,59,390.0,put,-0.0079150893751308,96.36878967285156,875.6,fixed_strike,83.5418701171875,86.16447448730469,83.39881896972656,84.35249328613281,87.97645568847656,0.95367431640625,0.3337860107421875,,,,95.98731994628906,82.3974609375,-13.589859008789062,57.22920540255768,26.31266471462982,,QuantData term-structure
2026-08-18T12:15:00-04:00,2026-10-16,59,450.0,put,-0.01746319934754556,93.60313415527344,875.6,fixed_strike,83.5418701171875,86.16447448730469,83.39881896972656,84.35249328613281,87.97645568847656,0.95367431640625,0.3337860107421875,,,,95.98731994628906,82.3974609375,-13.589859008789062,57.22920540255768,26.31266471462982,,QuantData term-structure
2026-08-18T12:15:00-04:00,2026-10-16,59,490.0,put,-0.03107045382423615,86.35520935058594,875.6,fixed_strike,83.5418701171875,86.16447448730469,83.39881896972656,84.35249328613281,87.97645568847656,0.95367431640625,0.3337860107421875,,,,95.98731994628906,82.3974609375,-13.589859008789062,57.22920540255768,26.31266471462982,,QuantData term-structure
2026-08-18T12:15:00-04:00,2026-10-16,59,500.0,call,0.9656876852510026,94.65217590332031,875.6,fixed_strike,83.5418701171875,86.16447448730469,83.39881896972656,84.35249328613281,87.97645568847656,0.95367431640625,0.3337860107421875,,,,95.98731994628906,82.3974609375,-13.589859008789062,57.22920540255768,26.31266471462982,,QuantData term-structure
2026-08-18T12:15:00-04:00,2026-10-16,59,500.0,put,-0.03476125757002131,86.83204650878906,875.6,fixed_strike,83.5418701171875,86.16447448730469,83.39881896972656,84.35249328613281,87.97645568847656,0.95367431640625,0.3337860107421875,,,,95.98731994628906,82.3974609375,-13.589859008789062,57.22920540255768,26.31266471462982,,QuantData term-structure
2026-08-18T12:15:00-04:00,2026-10-16,59,540.0,put,-0.056973547546584236,88.16719055175781,875.6,fixed_strike,83.5418701171875,86.16447448730469,83.39881896972656,84.35249328613281,87.97645568847656,0.95367431640625,0.3337860107421875,,,,95.98731994628906,82.3974609375,-13.589859008789062,57.22920540255768,26.31266471462982,,QuantData term-structure
2026-08-18T12:15:00-04:00,2026-10-16,59,560.0,put,-0.06895821276790104,87.49961853027344,875.6,fixed_strike,83.5418701171875,86.16447448730469,83.39881896972656,84.35249328613281,87.97645568847656,0.95367431640625,0.3337860107421875,,,,95.98731994628906,82.3974609375,-13.589859008789062,57.22920540255768,26.31266471462982,,QuantData term-structure
2026-08-18T12:15:00-04:00,2026-10-16,59,580.0,call,0.930825096004525,93.60313415527344,875.6,fixed_strike,83.5418701171875,86.16447448730469,83.39881896972656,84.35249328613281,87.97645568847656,0.95367431640625,0.3337860107421875,,,,95.98731994628906,82.3974609375,-13.589859008789062,57.22920540255768,26.31266471462982,,QuantData term-structure
2026-08-18T12:15:00-04:00,2026-10-16,59,580.0,put,-0.08249291787932272,86.16447448730469,875.6,fixed_strike,83.5418701171875,86.16447448730469,83.39881896972656,84.35249328613281,87.97645568847656,0.95367431640625,0.3337860107421875,,,,95.98731994628906,82.3974609375,-13.589859008789062,57.22920540255768,26.31266471462982,,QuantData term-structure
2026-08-18T12:15:00-04:00,2026-10-16,59,600.0,call,0.9207838650441773,88.54866027832031,875.6,fixed_strike,83.5418701171875,86.16447448730469,83.39881896972656,84.35249328613281,87.97645568847656,0.95367431640625,0.3337860107421875,,,,95.98731994628906,82.3974609375,-13.589859008789062,57.22920540255768,26.31266471462982,,QuantData term-structure
2026-08-18T12:15:00-04:00,2026-10-16,59,600.0,put,-0.09851241856869836,86.16447448730469,875.6,fixed_strike,83.5418701171875,86.16447448730469,83.39881896972656,84.35249328613281,87.97645568847656,0.95367431640625,0.3337860107421875,,,,95.98731994628906,82.3974609375,-13.589859008789062,57.22920540255768,26.31266471462982,,QuantData term-structure
2026-08-18T12:15:00-04:00,2026-10-16,59,620.0,put,-0.11157683326021023,86.06910705566406,875.6,fixed_strike,83.5418701171875,86.16447448730469,83.39881896972656,84.35249328613281,87.97645568847656,0.95367431640625,0.3337860107421875,,,,95.98731994628906,82.3974609375,-13.589859008789062,57.22920540255768,26.31266471462982,,QuantData term-structure
2026-08-18T12:15:00-04:00,2026-10-16,59,640.0,put,-0.11180664249907984,85.02006530761719,875.6,fixed_strike,83.5418701171875,86.16447448730469,83.39881896972656,84.35249328613281,87.97645568847656,0.95367431640625,0.3337860107421875,,,,95.98731994628906,82.3974609375,-13.589859008789062,57.22920540255768,26.31266471462982,,QuantData term-structure
2026-08-18T12:15:00-04:00,2026-10-16,59,660.0,put,-0.151900631546024,84.73396301269531,875.6,fixed_strike,83.5418701171875,86.16447448730469,83.39881896972656,84.35249328613281,87.97645568847656,0.95367431640625,0.3337860107421875,,,,95.98731994628906,82.3974609375,-13.589859008789062,57.22920540255768,26.31266471462982,,QuantData term-structure
2026-08-18T12:15:00-04:00,2026-10-16,59,680.0,call,0.8263042707009322,83.78028869628906,875.6,fixed_strike,83.5418701171875,86.16447448730469,83.39881896972656,84.35249328613281,87.97645568847656,0.95367431640625,0.3337860107421875,,,,95.98731994628906,82.3974609375,-13.589859008789062,57.22920540255768,26.31266471462982,,QuantData term-structure
2026-08-18T12:15:00-04:00,2026-10-16,59,680.0,put,-0.17113997228232963,84.54322814941406,875.6,fixed_strike,83.5418701171875,86.16447448730469,83.39881896972656,84.35249328613281,87.97645568847656,0.95367431640625,0.3337860107421875,,,,95.98731994628906,82.3974609375,-13.589859008789062,57.22920540255768,26.31266471462982,,QuantData term-structure
2026-08-18T12:15:00-04:00,2026-10-16,59,700.0,call,0.807800513720353,82.25440979003906,875.6,fixed_strike,83.5418701171875,86.16447448730469,83.39881896972656,84.35249328613281,87.97645568847656,0.95367431640625,0.3337860107421875,,,,95.98731994628906,82.3974609375,-13.589859008789062,57.22920540255768,26.31266471462982,,QuantData term-structure
2026-08-18T12:15:00-04:00,2026-10-16,59,700.0,put,-0.19484801036306787,84.73396301269531,875.6,fixed_strike,83.5418701171875,86.16447448730469,83.39881896972656,84.35249328613281,87.97645568847656,0.95367431640625,0.3337860107421875,,,,95.98731994628906,82.3974609375,-13.589859008789062,57.22920540255768,26.31266471462982,,QuantData term-structure
2026-08-18T12:15:00-04:00,2026-10-16,59,720.0,put,-0.22429084911192082,83.87565612792969,875.6,fixed_strike,83.5418701171875,86.16447448730469,83.39881896972656,84.35249328613281,87.97645568847656,0.95367431640625,0.3337860107421875,,,,95.98731994628906,82.3974609375,-13.589859008789062,57.22920540255768,26.31266471462982,,QuantData term-structure
2026-08-18T12:15:00-04:00,2026-10-16,59,740.0,put,-0.24330882384452562,84.63859558105469,875.6,fixed_strike,83.5418701171875,86.16447448730469,83.39881896972656,84.35249328613281,87.97645568847656,0.95367431640625,0.3337860107421875,,,,95.98731994628906,82.3974609375,-13.589859008789062,57.22920540255768,26.31266471462982,,QuantData term-structure
2026-08-18T12:15:00-04:00,2026-10-16,59,760.0,put,-0.256127630223068,83.39881896972656,875.6,fixed_strike,83.5418701171875,86.16447448730469,83.39881896972656,84.35249328613281,87.97645568847656,0.95367431640625,0.3337860107421875,,,,95.98731994628906,82.3974609375,-13.589859008789062,57.22920540255768,26.31266471462982,,QuantData term-structure
2026-08-18T12:15:00-04:00,2026-10-16,59,780.0,put,-0.2933167891810371,82.25440979003906,875.6,fixed_strike,83.5418701171875,86.16447448730469,83.39881896972656,84.35249328613281,87.97645568847656,0.95367431640625,0.3337860107421875,,,,95.98731994628906,82.3974609375,-13.589859008789062,57.22920540255768,26.31266471462982,,QuantData term-structure
2026-08-18T12:15:00-04:00,2026-10-16,59,800.0,call,0.6713873490021378,84.35249328613281,875.6,fixed_strike,83.5418701171875,86.16447448730469,83.39881896972656,84.35249328613281,87.97645568847656,0.95367431640625,0.3337860107421875,,,,95.98731994628906,82.3974609375,-13.589859008789062,57.22920540255768,26.31266471462982,,QuantData term-structure
2026-08-18T12:15:00-04:00,2026-10-16,59,800.0,put,-0.31796147178016665,83.68492126464844,875.6,fixed_strike,83.5418701171875,86.16447448730469,83.39881896972656,84.35249328613281,87.97645568847656,0.95367431640625,0.3337860107421875,,,,95.98731994628906,82.3974609375,-13.589859008789062,57.22920540255768,26.31266471462982,,QuantData term-structure
2026-08-18T12:15:00-04:00,2026-10-16,59,820.0,call,0.6993351499568022,82.25440979003906,875.6,fixed_strike,83.5418701171875,86.16447448730469,83.39881896972656,84.35249328613281,87.97645568847656,0.95367431640625,0.3337860107421875,,,,95.98731994628906,82.3974609375,-13.589859008789062,57.22920540255768,26.31266471462982,,QuantData term-structure
2026-08-18T12:15:00-04:00,2026-10-16,59,820.0,put,-0.3173522689922358,82.92198181152344,875.6,fixed_strike,83.5418701171875,86.16447448730469,83.39881896972656,84.35249328613281,87.97645568847656,0.95367431640625,0.3337860107421875,,,,95.98731994628906,82.3974609375,-13.589859008789062,57.22920540255768,26.31266471462982,,QuantData term-structure
2026-08-18T12:15:00-04:00,2026-10-16,59,840.0,put,-0.37110114733385746,83.78028869628906,875.6,fixed_strike,83.5418701171875,86.16447448730469,83.39881896972656,84.35249328613281,87.97645568847656,0.95367431640625,0.3337860107421875,,,,95.98731994628906,82.3974609375,-13.589859008789062,57.22920540255768,26.31266471462982,,QuantData term-structure
2026-08-18T12:15:00-04:00,2026-10-16,59,860.0,call,0.5933339893451768,83.20808410644531,875.6,fixed_strike,83.5418701171875,86.16447448730469,83.39881896972656,84.35249328613281,87.97645568847656,0.95367431640625,0.3337860107421875,,,,95.98731994628906,82.3974609375,-13.589859008789062,57.22920540255768,26.31266471462982,,QuantData term-structure
2026-08-18T12:15:00-04:00,2026-10-16,59,860.0,put,-0.40040602547855697,83.30345153808594,875.6,fixed_strike,83.5418701171875,86.16447448730469,83.39881896972656,84.35249328613281,87.97645568847656,0.95367431640625,0.3337860107421875,,,,95.98731994628906,82.3974609375,-13.589859008789062,57.22920540255768,26.31266471462982,,QuantData term-structure
2026-08-18T12:15:00-04:00,2026-10-16,59,880.0,call,0.577872003043156,83.20808410644531,875.6,fixed_strike,83.5418701171875,86.16447448730469,83.39881896972656,84.35249328613281,87.97645568847656,0.95367431640625,0.3337860107421875,,,,95.98731994628906,82.3974609375,-13.589859008789062,57.22920540255768,26.31266471462982,,QuantData term-structure
2026-08-18T12:15:00-04:00,2026-10-16,59,880.0,put,-0.4237545000508853,83.87565612792969,875.6,fixed_strike,83.5418701171875,86.16447448730469,83.39881896972656,84.35249328613281,87.97645568847656,0.95367431640625,0.3337860107421875,,,,95.98731994628906,82.3974609375,-13.589859008789062,57.22920540255768,26.31266471462982,,QuantData term-structure
2026-08-18T12:15:00-04:00,2026-10-16,59,900.0,call,0.5484000575911556,83.11271667480469,875.6,fixed_strike,83.5418701171875,86.16447448730469,83.39881896972656,84.35249328613281,87.97645568847656,0.95367431640625,0.3337860107421875,,,,95.98731994628906,82.3974609375,-13.589859008789062,57.22920540255768,26.31266471462982,,QuantData term-structure
2026-08-18T12:15:00-04:00,2026-10-16,59,900.0,put,-0.4553433277442418,82.25440979003906,875.6,fixed_strike,83.5418701171875,86.16447448730469,83.39881896972656,84.35249328613281,87.97645568847656,0.95367431640625,0.3337860107421875,,,,95.98731994628906,82.3974609375,-13.589859008789062,57.22920540255768,26.31266471462982,,QuantData term-structure
2026-08-18T12:15:00-04:00,2026-10-16,59,910.0,call,0.5592532498967906,82.15904235839844,875.6,fixed_strike,83.5418701171875,86.16447448730469,83.39881896972656,84.35249328613281,87.97645568847656,0.95367431640625,0.3337860107421875,,,,95.98731994628906,82.3974609375,-13.589859008789062,57.22920540255768,26.31266471462982,,QuantData term-structure
2026-08-18T12:15:00-04:00,2026-10-16,59,910.0,put,-0.43109430003178123,81.87294006347656,875.6,fixed_strike,83.5418701171875,86.16447448730469,83.39881896972656,84.35249328613281,87.97645568847656,0.95367431640625,0.3337860107421875,,,,95.98731994628906,82.3974609375,-13.589859008789062,57.22920540255768,26.31266471462982,,QuantData term-structure
2026-08-18T12:15:00-04:00,2026-10-16,59,920.0,call,0.5254969863895668,81.68220520019531,875.6,fixed_strike,83.5418701171875,86.16447448730469,83.39881896972656,84.35249328613281,87.97645568847656,0.95367431640625,0.3337860107421875,,,,95.98731994628906,82.3974609375,-13.589859008789062,57.22920540255768,26.31266471462982,,QuantData term-structure
2026-08-18T12:15:00-04:00,2026-10-16,59,920.0,put,-0.4821643793377097,83.58955383300781,875.6,fixed_strike,83.5418701171875,86.16447448730469,83.39881896972656,84.35249328613281,87.97645568847656,0.95367431640625,0.3337860107421875,,,,95.98731994628906,82.3974609375,-13.589859008789062,57.22920540255768,26.31266471462982,,QuantData term-structure
2026-08-18T12:15:00-04:00,2026-10-16,59,930.0,call,0.556289654955187,84.82933044433594,875.6,fixed_strike,83.5418701171875,86.16447448730469,83.39881896972656,84.35249328613281,87.97645568847656,0.95367431640625,0.3337860107421875,,,,95.98731994628906,82.3974609375,-13.589859008789062,57.22920540255768,26.31266471462982,,QuantData term-structure
2026-08-18T12:15:00-04:00,2026-10-16,59,930.0,put,-0.5019198723204525,83.20808410644531,875.6,fixed_strike,83.5418701171875,86.16447448730469,83.39881896972656,84.35249328613281,87.97645568847656,0.95367431640625,0.3337860107421875,,,,95.98731994628906,82.3974609375,-13.589859008789062,57.22920540255768,26.31266471462982,,QuantData term-structure
2026-08-18T12:15:00-04:00,2026-10-16,59,950.0,call,0.48601857160067635,83.20808410644531,875.6,fixed_strike,83.5418701171875,86.16447448730469,83.39881896972656,84.35249328613281,87.97645568847656,0.95367431640625,0.3337860107421875,,,,95.98731994628906,82.3974609375,-13.589859008789062,57.22920540255768,26.31266471462982,,QuantData term-structure
2026-08-18T12:15:00-04:00,2026-10-16,59,950.0,put,-0.45878195916666653,82.44514465332031,875.6,fixed_strike,83.5418701171875,86.16447448730469,83.39881896972656,84.35249328613281,87.97645568847656,0.95367431640625,0.3337860107421875,,,,95.98731994628906,82.3974609375,-13.589859008789062,57.22920540255768,26.31266471462982,,QuantData term-structure
2026-08-18T12:15:00-04:00,2026-10-16,59,960.0,call,0.5229739008619221,82.15904235839844,875.6,fixed_strike,83.5418701171875,86.16447448730469,83.39881896972656,84.35249328613281,87.97645568847656,0.95367431640625,0.3337860107421875,,,,95.98731994628906,82.3974609375,-13.589859008789062,57.22920540255768,26.31266471462982,,QuantData term-structure
2026-08-18T12:15:00-04:00,2026-10-16,59,960.0,put,-0.5014991032117194,81.20536804199219,875.6,fixed_strike,83.5418701171875,86.16447448730469,83.39881896972656,84.35249328613281,87.97645568847656,0.95367431640625,0.3337860107421875,,,,95.98731994628906,82.3974609375,-13.589859008789062,57.22920540255768,26.31266471462982,,QuantData term-structure
2026-08-18T12:15:00-04:00,2026-10-16,59,970.0,call,0.4606241671781204,82.92198181152344,875.6,fixed_strike,83.5418701171875,86.16447448730469,83.39881896972656,84.35249328613281,87.97645568847656,0.95367431640625,0.3337860107421875,,,,95.98731994628906,82.3974609375,-13.589859008789062,57.22920540255768,26.31266471462982,,QuantData term-structure
2026-08-18T12:15:00-04:00,2026-10-16,59,980.0,call,0.4528394657815529,82.15904235839844,875.6,fixed_strike,83.5418701171875,86.16447448730469,83.39881896972656,84.35249328613281,87.97645568847656,0.95367431640625,0.3337860107421875,,,,95.98731994628906,82.3974609375,-13.589859008789062,57.22920540255768,26.31266471462982,,QuantData term-structure
2026-08-18T12:15:00-04:00,2026-10-16,59,980.0,put,-0.5262610378174246,81.30073547363281,875.6,fixed_strike,83.5418701171875,86.16447448730469,83.39881896972656,84.35249328613281,87.97645568847656,0.95367431640625,0.3337860107421875,,,,95.98731994628906,82.3974609375,-13.589859008789062,57.22920540255768,26.31266471462982,,QuantData term-structure
2026-08-18T12:15:00-04:00,2026-10-16,59,990.0,call,0.43351929028747516,82.34977722167969,875.6,fixed_strike,83.5418701171875,86.16447448730469,83.39881896972656,84.35249328613281,87.97645568847656,0.95367431640625,0.3337860107421875,,,,95.98731994628906,82.3974609375,-13.589859008789062,57.22920540255768,26.31266471462982,,QuantData term-structure
2026-08-18T12:15:00-04:00,2026-10-16,59,1000.0,call,0.42293090630089103,83.20808410644531,875.6,fixed_strike,83.5418701171875,86.16447448730469,83.39881896972656,84.35249328613281,87.97645568847656,0.95367431640625,0.3337860107421875,,,,95.98731994628906,82.3974609375,-13.589859008789062,57.22920540255768,26.31266471462982,,QuantData term-structure
2026-08-18T12:15:00-04:00,2026-10-16,59,1000.0,put,-0.5834688196772511,84.06639099121094,875.6,fixed_strike,83.5418701171875,86.16447448730469,83.39881896972656,84.35249328613281,87.97645568847656,0.95367431640625,0.3337860107421875,,,,95.98731994628906,82.3974609375,-13.589859008789062,57.22920540255768,26.31266471462982,,QuantData term-structure
2026-08-18T12:15:00-04:00,2026-10-16,59,1010.0,call,0.45576397937497465,78.53507995605469,875.6,fixed_strike,83.5418701171875,86.16447448730469,83.39881896972656,84.35249328613281,87.97645568847656,0.95367431640625,0.3337860107421875,,,,95.98731994628906,82.3974609375,-13.589859008789062,57.22920540255768,26.31266471462982,,QuantData term-structure
2026-08-18T12:15:00-04:00,2026-10-16,59,1020.0,call,0.46649861276068727,84.82933044433594,875.6,fixed_strike,83.5418701171875,86.16447448730469,83.39881896972656,84.35249328613281,87.97645568847656,0.95367431640625,0.3337860107421875,,,,95.98731994628906,82.3974609375,-13.589859008789062,57.22920540255768,26.31266471462982,,QuantData term-structure
2026-08-18T12:15:00-04:00,2026-10-16,59,1050.0,call,0.4143152477971517,82.06367492675781,875.6,fixed_strike,83.5418701171875,86.16447448730469,83.39881896972656,84.35249328613281,87.97645568847656,0.95367431640625,0.3337860107421875,,,,95.98731994628906,82.3974609375,-13.589859008789062,57.22920540255768,26.31266471462982,,QuantData term-structure
2026-08-18T12:15:00-04:00,2026-10-16,59,1100.0,call,0.312621859353279,83.39881896972656,875.6,fixed_strike,83.5418701171875,86.16447448730469,83.39881896972656,84.35249328613281,87.97645568847656,0.95367431640625,0.3337860107421875,,,,95.98731994628906,82.3974609375,-13.589859008789062,57.22920540255768,26.31266471462982,,QuantData term-structure
2026-08-18T12:15:00-04:00,2026-10-16,59,1110.0,call,0.3433931031614706,83.30345153808594,875.6,fixed_strike,83.5418701171875,86.16447448730469,83.39881896972656,84.35249328613281,87.97645568847656,0.95367431640625,0.3337860107421875,,,,95.98731994628906,82.3974609375,-13.589859008789062,57.22920540255768,26.31266471462982,,QuantData term-structure
2026-08-18T12:15:00-04:00,2026-10-16,59,1150.0,call,0.31504306380633806,83.78028869628906,875.6,fixed_strike,83.5418701171875,86.16447448730469,83.39881896972656,84.35249328613281,87.97645568847656,0.95367431640625,0.3337860107421875,,,,95.98731994628906,82.3974609375,-13.589859008789062,57.22920540255768,26.31266471462982,,QuantData term-structure
2026-08-18T12:15:00-04:00,2026-10-16,59,1160.0,call,0.30900882411915925,83.20808410644531,875.6,fixed_strike,83.5418701171875,86.16447448730469,83.39881896972656,84.35249328613281,87.97645568847656,0.95367431640625,0.3337860107421875,,,,95.98731994628906,82.3974609375,-13.589859008789062,57.22920540255768,26.31266471462982,,QuantData term-structure
2026-08-18T12:15:00-04:00,2026-10-16,59,1170.0,call,0.3217240637241614,83.97102355957031,875.6,fixed_strike,83.5418701171875,86.16447448730469,83.39881896972656,84.35249328613281,87.97645568847656,0.95367431640625,0.3337860107421875,,,,95.98731994628906,82.3974609375,-13.589859008789062,57.22920540255768,26.31266471462982,,QuantData term-structure
2026-08-18T12:15:00-04:00,2026-10-16,59,1180.0,call,0.26282169853582305,88.26255798339844,875.6,fixed_strike,83.5418701171875,86.16447448730469,83.39881896972656,84.35249328613281,87.97645568847656,0.95367431640625,0.3337860107421875,,,,95.98731994628906,82.3974609375,-13.589859008789062,57.22920540255768,26.31266471462982,,QuantData term-structure
2026-08-18T12:15:00-04:00,2026-10-16,59,1200.0,call,0.23874838489891187,84.35249328613281,875.6,fixed_strike,83.5418701171875,86.16447448730469,83.39881896972656,84.35249328613281,87.97645568847656,0.95367431640625,0.3337860107421875,,,,95.98731994628906,82.3974609375,-13.589859008789062,57.22920540255768,26.31266471462982,,QuantData term-structure
2026-08-18T12:15:00-04:00,2026-10-16,59,1480.0,call,0.10502907704518993,87.78572082519531,875.6,fixed_strike,83.5418701171875,86.16447448730469,83.39881896972656,84.35249328613281,87.97645568847656,0.95367431640625,0.3337860107421875,,,,95.98731994628906,82.3974609375,-13.589859008789062,57.22920540255768,26.31266471462982,,QuantData term-structure
2026-08-18T12:15:00-04:00,2026-10-16,59,1490.0,call,0.10367309481053372,87.97645568847656,875.6,fixed_strike,83.5418701171875,86.16447448730469,83.39881896972656,84.35249328613281,87.97645568847656,0.95367431640625,0.3337860107421875,,,,95.98731994628906,82.3974609375,-13.589859008789062,57.22920540255768,26.31266471462982,,QuantData term-structure
2026-08-18T12:15:00-04:00,2026-10-16,59,1500.0,call,0.09869370572046715,87.88108825683594,875.6,fixed_strike,83.5418701171875,86.16447448730469,83.39881896972656,84.35249328613281,87.97645568847656,0.95367431640625,0.3337860107421875,,,,95.98731994628906,82.3974609375,-13.589859008789062,57.22920540255768,26.31266471462982,,QuantData term-structure
2026-08-18T12:15:00-04:00,2026-10-16,59,1510.0,call,0.09785320663081631,87.21351623535156,875.6,fixed_strike,83.5418701171875,86.16447448730469,83.39881896972656,84.35249328613281,87.97645568847656,0.95367431640625,0.3337860107421875,,,,95.98731994628906,82.3974609375,-13.589859008789062,57.22920540255768,26.31266471462982,,QuantData term-structure
2026-08-18T12:15:00-04:00,2026-10-16,59,1520.0,call,0.1102337787394389,88.16719055175781,875.6,fixed_strike,83.5418701171875,86.16447448730469,83.39881896972656,84.35249328613281,87.97645568847656,0.95367431640625,0.3337860107421875,,,,95.98731994628906,82.3974609375,-13.589859008789062,57.22920540255768,26.31266471462982,,QuantData term-structure
2026-08-18T12:15:00-04:00,2026-10-16,59,1530.0,call,0.10708700675654642,88.45329284667969,875.6,fixed_strike,83.5418701171875,86.16447448730469,83.39881896972656,84.35249328613281,87.97645568847656,0.95367431640625,0.3337860107421875,,,,95.98731994628906,82.3974609375,-13.589859008789062,57.22920540255768,26.31266471462982,,QuantData term-structure
2026-08-18T12:15:00-04:00,2026-10-16,59,1540.0,call,0.10320455136337037,87.49961853027344,875.6,fixed_strike,83.5418701171875,86.16447448730469,83.39881896972656,84.35249328613281,87.97645568847656,0.95367431640625,0.3337860107421875,,,,95.98731994628906,82.3974609375,-13.589859008789062,57.22920540255768,26.31266471462982,,QuantData term-structure
2026-08-18T12:15:00-04:00,2026-10-16,59,1550.0,call,0.0930547255722442,88.54866027832031,875.6,fixed_strike,83.5418701171875,86.16447448730469,83.39881896972656,84.35249328613281,87.97645568847656,0.95367431640625,0.3337860107421875,,,,95.98731994628906,82.3974609375,-13.589859008789062,57.22920540255768,26.31266471462982,,QuantData term-structure
2026-08-18T12:15:00-04:00,2026-10-16,59,1560.0,call,0.10041355729780183,87.97645568847656,875.6,fixed_strike,83.5418701171875,86.16447448730469,83.39881896972656,84.35249328613281,87.97645568847656,0.95367431640625,0.3337860107421875,,,,95.98731994628906,82.3974609375,-13.589859008789062,57.22920540255768,26.31266471462982,,QuantData term-structure
2026-08-18T12:15:00-04:00,2026-10-16,59,1560.0,put,-0.8630414733780184,98.65760803222656,875.6,fixed_strike,83.5418701171875,86.16447448730469,83.39881896972656,84.35249328613281,87.97645568847656,0.95367431640625,0.3337860107421875,,,,95.98731994628906,82.3974609375,-13.589859008789062,57.22920540255768,26.31266471462982,,QuantData term-structure
2026-08-18T12:15:00-04:00,2026-10-16,59,1570.0,call,0.10107362073999338,88.93013000488281,875.6,fixed_strike,83.5418701171875,86.16447448730469,83.39881896972656,84.35249328613281,87.97645568847656,0.95367431640625,0.3337860107421875,,,,95.98731994628906,82.3974609375,-13.589859008789062,57.22920540255768,26.31266471462982,,QuantData term-structure
2026-08-18T12:15:00-04:00,2026-10-16,59,1580.0,call,0.0974185384485573,89.12086486816406,875.6,fixed_strike,83.5418701171875,86.16447448730469,83.39881896972656,84.35249328613281,87.97645568847656,0.95367431640625,0.3337860107421875,,,,95.98731994628906,82.3974609375,-13.589859008789062,57.22920540255768,26.31266471462982,,QuantData term-structure
2026-08-18T12:15:00-04:00,2026-10-16,59,1590.0,call,0.09471734448526259,88.83476257324219,875.6,fixed_strike,83.5418701171875,86.16447448730469,83.39881896972656,84.35249328613281,87.97645568847656,0.95367431640625,0.3337860107421875,,,,95.98731994628906,82.3974609375,-13.589859008789062,57.22920540255768,26.31266471462982,,QuantData term-structure
2026-08-18T12:15:00-04:00,2026-10-16,59,1600.0,call,0.09218894764672597,90.45600891113281,875.6,fixed_strike,83.5418701171875,86.16447448730469,83.39881896972656,84.35249328613281,87.97645568847656,0.95367431640625,0.3337860107421875,,,,95.98731994628906,82.3974609375,-13.589859008789062,57.22920540255768,26.31266471462982,,QuantData term-structure
2026-08-18T12:15:00-04:00,2026-11-20,94,350.0,put,-0.01400560519824797,95.22438049316406,875.6,fixed_strike,85.59226989746094,88.93013000488281,86.64131164550781,87.88108825683594,88.26255798339844,1.239776611328125,1.6689300537109375,,,,95.98731994628906,82.3974609375,-13.589859008789062,57.22920540255768,28.363064494903256,,QuantData term-structure
2026-08-18T12:15:00-04:00,2026-11-20,94,360.0,put,-0.01844447044881766,97.13172912597656,875.6,fixed_strike,85.59226989746094,88.93013000488281,86.64131164550781,87.88108825683594,88.26255798339844,1.239776611328125,1.6689300537109375,,,,95.98731994628906,82.3974609375,-13.589859008789062,57.22920540255768,28.363064494903256,,QuantData term-structure
2026-08-18T12:15:00-04:00,2026-11-20,94,450.0,put,-0.043666199456543986,90.74211120605469,875.6,fixed_strike,85.59226989746094,88.93013000488281,86.64131164550781,87.88108825683594,88.26255798339844,1.239776611328125,1.6689300537109375,,,,95.98731994628906,82.3974609375,-13.589859008789062,57.22920540255768,28.363064494903256,,QuantData term-structure
2026-08-18T12:15:00-04:00,2026-11-20,94,480.0,put,-0.05744797838635157,90.36064147949219,875.6,fixed_strike,85.59226989746094,88.93013000488281,86.64131164550781,87.88108825683594,88.26255798339844,1.239776611328125,1.6689300537109375,,,,95.98731994628906,82.3974609375,-13.589859008789062,57.22920540255768,28.363064494903256,,QuantData term-structure
2026-08-18T12:15:00-04:00,2026-11-20,94,490.0,put,-0.06175475355113108,89.78843688964844,875.6,fixed_strike,85.59226989746094,88.93013000488281,86.64131164550781,87.88108825683594,88.26255798339844,1.239776611328125,1.6689300537109375,,,,95.98731994628906,82.3974609375,-13.589859008789062,57.22920540255768,28.363064494903256,,QuantData term-structure
2026-08-18T12:15:00-04:00,2026-11-20,94,500.0,put,-0.06805112907508332,90.26527404785156,875.6,fixed_strike,85.59226989746094,88.93013000488281,86.64131164550781,87.88108825683594,88.26255798339844,1.239776611328125,1.6689300537109375,,,,95.98731994628906,82.3974609375,-13.589859008789062,57.22920540255768,28.363064494903256,,QuantData term-structure
2026-08-18T12:15:00-04:00,2026-11-20,94,580.0,put,-0.12123642281112756,88.93013000488281,875.6,fixed_strike,85.59226989746094,88.93013000488281,86.64131164550781,87.88108825683594,88.26255798339844,1.239776611328125,1.6689300537109375,,,,95.98731994628906,82.3974609375,-13.589859008789062,57.22920540255768,28.363064494903256,,QuantData term-structure
2026-08-18T12:15:00-04:00,2026-11-20,94,600.0,put,-0.1333462761554423,87.02278137207031,875.6,fixed_strike,85.59226989746094,88.93013000488281,86.64131164550781,87.88108825683594,88.26255798339844,1.239776611328125,1.6689300537109375,,,,95.98731994628906,82.3974609375,-13.589859008789062,57.22920540255768,28.363064494903256,,QuantData term-structure
2026-08-18T12:15:00-04:00,2026-11-20,94,660.0,put,-0.1849851893561692,86.64131164550781,875.6,fixed_strike,85.59226989746094,88.93013000488281,86.64131164550781,87.88108825683594,88.26255798339844,1.239776611328125,1.6689300537109375,,,,95.98731994628906,82.3974609375,-13.589859008789062,57.22920540255768,28.363064494903256,,QuantData term-structure
2026-08-18T12:15:00-04:00,2026-11-20,94,700.0,put,-0.22390871475890578,86.73667907714844,875.6,fixed_strike,85.59226989746094,88.93013000488281,86.64131164550781,87.88108825683594,88.26255798339844,1.239776611328125,1.6689300537109375,,,,95.98731994628906,82.3974609375,-13.589859008789062,57.22920540255768,28.363064494903256,,QuantData term-structure
2026-08-18T12:15:00-04:00,2026-11-20,94,720.0,put,-0.24349637516898293,86.64131164550781,875.6,fixed_strike,85.59226989746094,88.93013000488281,86.64131164550781,87.88108825683594,88.26255798339844,1.239776611328125,1.6689300537109375,,,,95.98731994628906,82.3974609375,-13.589859008789062,57.22920540255768,28.363064494903256,,QuantData term-structure
2026-08-18T12:15:00-04:00,2026-11-20,94,740.0,put,-0.22331695812534968,82.63587951660156,875.6,fixed_strike,85.59226989746094,88.93013000488281,86.64131164550781,87.88108825683594,88.26255798339844,1.239776611328125,1.6689300537109375,,,,95.98731994628906,82.3974609375,-13.589859008789062,57.22920540255768,28.363064494903256,,QuantData term-structure
2026-08-18T12:15:00-04:00,2026-11-20,94,760.0,put,-0.28792112342796317,85.02006530761719,875.6,fixed_strike,85.59226989746094,88.93013000488281,86.64131164550781,87.88108825683594,88.26255798339844,1.239776611328125,1.6689300537109375,,,,95.98731994628906,82.3974609375,-13.589859008789062,57.22920540255768,28.363064494903256,,QuantData term-structure
2026-08-18T12:15:00-04:00,2026-11-20,94,780.0,put,-0.2641314452038623,87.30888366699219,875.6,fixed_strike,85.59226989746094,88.93013000488281,86.64131164550781,87.88108825683594,88.26255798339844,1.239776611328125,1.6689300537109375,,,,95.98731994628906,82.3974609375,-13.589859008789062,57.22920540255768,28.363064494903256,,QuantData term-structure
2026-08-18T12:15:00-04:00,2026-11-20,94,800.0,call,0.6909657267782924,84.63859558105469,875.6,fixed_strike,85.59226989746094,88.93013000488281,86.64131164550781,87.88108825683594,88.26255798339844,1.239776611328125,1.6689300537109375,,,,95.98731994628906,82.3974609375,-13.589859008789062,57.22920540255768,28.363064494903256,,QuantData term-structure
2026-08-18T12:15:00-04:00,2026-11-20,94,800.0,put,-0.3208391531628516,86.83204650878906,875.6,fixed_strike,85.59226989746094,88.93013000488281,86.64131164550781,87.88108825683594,88.26255798339844,1.239776611328125,1.6689300537109375,,,,95.98731994628906,82.3974609375,-13.589859008789062,57.22920540255768,28.363064494903256,,QuantData term-structure
2026-08-18T12:15:00-04:00,2026-11-20,94,820.0,call,0.6612148748488194,86.06910705566406,875.6,fixed_strike,85.59226989746094,88.93013000488281,86.64131164550781,87.88108825683594,88.26255798339844,1.239776611328125,1.6689300537109375,,,,95.98731994628906,82.3974609375,-13.589859008789062,57.22920540255768,28.363064494903256,,QuantData term-structure
2026-08-18T12:15:00-04:00,2026-11-20,94,840.0,call,0.639927355496033,86.35520935058594,875.6,fixed_strike,85.59226989746094,88.93013000488281,86.64131164550781,87.88108825683594,88.26255798339844,1.239776611328125,1.6689300537109375,,,,95.98731994628906,82.3974609375,-13.589859008789062,57.22920540255768,28.363064494903256,,QuantData term-structure
2026-08-18T12:15:00-04:00,2026-11-20,94,840.0,put,-0.33757334267127714,86.16447448730469,875.6,fixed_strike,85.59226989746094,88.93013000488281,86.64131164550781,87.88108825683594,88.26255798339844,1.239776611328125,1.6689300537109375,,,,95.98731994628906,82.3974609375,-13.589859008789062,57.22920540255768,28.363064494903256,,QuantData term-structure
2026-08-18T12:15:00-04:00,2026-11-20,94,880.0,put,-0.37066967573757137,85.59226989746094,875.6,fixed_strike,85.59226989746094,88.93013000488281,86.64131164550781,87.88108825683594,88.26255798339844,1.239776611328125,1.6689300537109375,,,,95.98731994628906,82.3974609375,-13.589859008789062,57.22920540255768,28.363064494903256,,QuantData term-structure
2026-08-18T12:15:00-04:00,2026-11-20,94,900.0,call,0.5762432786298598,86.25984191894531,875.6,fixed_strike,85.59226989746094,88.93013000488281,86.64131164550781,87.88108825683594,88.26255798339844,1.239776611328125,1.6689300537109375,,,,95.98731994628906,82.3974609375,-13.589859008789062,57.22920540255768,28.363064494903256,,QuantData term-structure
2026-08-18T12:15:00-04:00,2026-11-20,94,900.0,put,-0.40725043471945477,86.92741394042969,875.6,fixed_strike,85.59226989746094,88.93013000488281,86.64131164550781,87.88108825683594,88.26255798339844,1.239776611328125,1.6689300537109375,,,,95.98731994628906,82.3974609375,-13.589859008789062,57.22920540255768,28.363064494903256,,QuantData term-structure
2026-08-18T12:15:00-04:00,2026-11-20,94,920.0,call,0.6037821616368184,87.30888366699219,875.6,fixed_strike,85.59226989746094,88.93013000488281,86.64131164550781,87.88108825683594,88.26255798339844,1.239776611328125,1.6689300537109375,,,,95.98731994628906,82.3974609375,-13.589859008789062,57.22920540255768,28.363064494903256,,QuantData term-structure
2026-08-18T12:15:00-04:00,2026-11-20,94,920.0,put,-0.4039311875708057,86.06910705566406,875.6,fixed_strike,85.59226989746094,88.93013000488281,86.64131164550781,87.88108825683594,88.26255798339844,1.239776611328125,1.6689300537109375,,,,95.98731994628906,82.3974609375,-13.589859008789062,57.22920540255768,28.363064494903256,,QuantData term-structure
2026-08-18T12:15:00-04:00,2026-11-20,94,940.0,call,0.5700749559111438,85.30616760253906,875.6,fixed_strike,85.59226989746094,88.93013000488281,86.64131164550781,87.88108825683594,88.26255798339844,1.239776611328125,1.6689300537109375,,,,95.98731994628906,82.3974609375,-13.589859008789062,57.22920540255768,28.363064494903256,,QuantData term-structure
2026-08-18T12:15:00-04:00,2026-11-20,94,960.0,call,0.5330703559574427,86.83204650878906,875.6,fixed_strike,85.59226989746094,88.93013000488281,86.64131164550781,87.88108825683594,88.26255798339844,1.239776611328125,1.6689300537109375,,,,95.98731994628906,82.3974609375,-13.589859008789062,57.22920540255768,28.363064494903256,,QuantData term-structure
2026-08-18T12:15:00-04:00,2026-11-20,94,960.0,put,-0.47860882247032915,86.64131164550781,875.6,fixed_strike,85.59226989746094,88.93013000488281,86.64131164550781,87.88108825683594,88.26255798339844,1.239776611328125,1.6689300537109375,,,,95.98731994628906,82.3974609375,-13.589859008789062,57.22920540255768,28.363064494903256,,QuantData term-structure
2026-08-18T12:15:00-04:00,2026-11-20,94,980.0,call,0.5144737555085804,86.83204650878906,875.6,fixed_strike,85.59226989746094,88.93013000488281,86.64131164550781,87.88108825683594,88.26255798339844,1.239776611328125,1.6689300537109375,,,,95.98731994628906,82.3974609375,-13.589859008789062,57.22920540255768,28.363064494903256,,QuantData term-structure
2026-08-18T12:15:00-04:00,2026-11-20,94,1000.0,call,0.4765369702517663,85.97373962402344,875.6,fixed_strike,85.59226989746094,88.93013000488281,86.64131164550781,87.88108825683594,88.26255798339844,1.239776611328125,1.6689300537109375,,,,95.98731994628906,82.3974609375,-13.589859008789062,57.22920540255768,28.363064494903256,,QuantData term-structure
2026-08-18T12:15:00-04:00,2026-11-20,94,1000.0,put,-0.48517693993039607,86.54594421386719,875.6,fixed_strike,85.59226989746094,88.93013000488281,86.64131164550781,87.88108825683594,88.26255798339844,1.239776611328125,1.6689300537109375,,,,95.98731994628906,82.3974609375,-13.589859008789062,57.22920540255768,28.363064494903256,,QuantData term-structure
2026-08-18T12:15:00-04:00,2026-11-20,94,1060.0,call,0.42673164051964896,85.78300476074219,875.6,fixed_strike,85.59226989746094,88.93013000488281,86.64131164550781,87.88108825683594,88.26255798339844,1.239776611328125,1.6689300537109375,,,,95.98731994628906,82.3974609375,-13.589859008789062,57.22920540255768,28.363064494903256,,QuantData term-structure
2026-08-18T12:15:00-04:00,2026-11-20,94,1100.0,call,0.39452885374690094,86.16447448730469,875.6,fixed_strike,85.59226989746094,88.93013000488281,86.64131164550781,87.88108825683594,88.26255798339844,1.239776611328125,1.6689300537109375,,,,95.98731994628906,82.3974609375,-13.589859008789062,57.22920540255768,28.363064494903256,,QuantData term-structure
2026-08-18T12:15:00-04:00,2026-11-20,94,1120.0,call,0.3765981995976381,85.30616760253906,875.6,fixed_strike,85.59226989746094,88.93013000488281,86.64131164550781,87.88108825683594,88.26255798339844,1.239776611328125,1.6689300537109375,,,,95.98731994628906,82.3974609375,-13.589859008789062,57.22920540255768,28.363064494903256,,QuantData term-structure
2026-08-18T12:15:00-04:00,2026-11-20,94,1140.0,call,0.41875623336622514,86.35520935058594,875.6,fixed_strike,85.59226989746094,88.93013000488281,86.64131164550781,87.88108825683594,88.26255798339844,1.239776611328125,1.6689300537109375,,,,95.98731994628906,82.3974609375,-13.589859008789062,57.22920540255768,28.363064494903256,,QuantData term-structure
2026-08-18T12:15:00-04:00,2026-11-20,94,1200.0,call,0.32121207225652626,86.54594421386719,875.6,fixed_strike,85.59226989746094,88.93013000488281,86.64131164550781,87.88108825683594,88.26255798339844,1.239776611328125,1.6689300537109375,,,,95.98731994628906,82.3974609375,-13.589859008789062,57.22920540255768,28.363064494903256,,QuantData term-structure
2026-08-18T12:15:00-04:00,2026-11-20,94,1280.0,call,0.29811091574261595,86.73667907714844,875.6,fixed_strike,85.59226989746094,88.93013000488281,86.64131164550781,87.88108825683594,88.26255798339844,1.239776611328125,1.6689300537109375,,,,95.98731994628906,82.3974609375,-13.589859008789062,57.22920540255768,28.363064494903256,,QuantData term-structure
2026-08-18T12:15:00-04:00,2026-11-20,94,1320.0,call,0.24838062928485521,87.88108825683594,875.6,fixed_strike,85.59226989746094,88.93013000488281,86.64131164550781,87.88108825683594,88.26255798339844,1.239776611328125,1.6689300537109375,,,,95.98731994628906,82.3974609375,-13.589859008789062,57.22920540255768,28.363064494903256,,QuantData term-structure
2026-08-18T12:15:00-04:00,2026-11-20,94,1340.0,call,0.26083087959946716,87.49961853027344,875.6,fixed_strike,85.59226989746094,88.93013000488281,86.64131164550781,87.88108825683594,88.26255798339844,1.239776611328125,1.6689300537109375,,,,95.98731994628906,82.3974609375,-13.589859008789062,57.22920540255768,28.363064494903256,,QuantData term-structure
2026-08-18T12:15:00-04:00,2026-11-20,94,1440.0,call,0.23205138060708397,91.02821350097656,875.6,fixed_strike,85.59226989746094,88.93013000488281,86.64131164550781,87.88108825683594,88.26255798339844,1.239776611328125,1.6689300537109375,,,,95.98731994628906,82.3974609375,-13.589859008789062,57.22920540255768,28.363064494903256,,QuantData term-structure
2026-08-18T12:15:00-04:00,2026-11-20,94,1460.0,call,0.19001676709250515,88.26255798339844,875.6,fixed_strike,85.59226989746094,88.93013000488281,86.64131164550781,87.88108825683594,88.26255798339844,1.239776611328125,1.6689300537109375,,,,95.98731994628906,82.3974609375,-13.589859008789062,57.22920540255768,28.363064494903256,,QuantData term-structure
2026-08-18T12:15:00-04:00,2026-12-18,122,320.0,put,-0.015202555891149596,97.32246398925781,875.6,fixed_strike,85.02006530761719,87.40425109863281,86.92741394042969,86.92741394042969,88.16719055175781,0.0,1.9073486328125,,,,95.98731994628906,82.3974609375,-13.589859008789062,57.22920540255768,27.790859905059506,,QuantData term-structure
2026-08-18T12:15:00-04:00,2026-12-18,122,350.0,put,-0.020643397078977135,95.12901306152344,875.6,fixed_strike,85.02006530761719,87.40425109863281,86.92741394042969,86.92741394042969,88.16719055175781,0.0,1.9073486328125,,,,95.98731994628906,82.3974609375,-13.589859008789062,57.22920540255768,27.790859905059506,,QuantData term-structure
2026-08-18T12:15:00-04:00,2026-12-18,122,370.0,put,-0.029890403413248688,95.12901306152344,875.6,fixed_strike,85.02006530761719,87.40425109863281,86.92741394042969,86.92741394042969,88.16719055175781,0.0,1.9073486328125,,,,95.98731994628906,82.3974609375,-13.589859008789062,57.22920540255768,27.790859905059506,,QuantData term-structure
2026-08-18T12:15:00-04:00,2026-12-18,122,380.0,put,-0.028465922803373206,91.21894836425781,875.6,fixed_strike,85.02006530761719,87.40425109863281,86.92741394042969,86.92741394042969,88.16719055175781,0.0,1.9073486328125,,,,95.98731994628906,82.3974609375,-13.589859008789062,57.22920540255768,27.790859905059506,,QuantData term-structure
2026-08-18T12:15:00-04:00,2026-12-18,122,430.0,put,-0.04868508074114819,90.64674377441406,875.6,fixed_strike,85.02006530761719,87.40425109863281,86.92741394042969,86.92741394042969,88.16719055175781,0.0,1.9073486328125,,,,95.98731994628906,82.3974609375,-13.589859008789062,57.22920540255768,27.790859905059506,,QuantData term-structure
2026-08-18T12:15:00-04:00,2026-12-18,122,490.0,put,-0.075139377762317,88.54866027832031,875.6,fixed_strike,85.02006530761719,87.40425109863281,86.92741394042969,86.92741394042969,88.16719055175781,0.0,1.9073486328125,,,,95.98731994628906,82.3974609375,-13.589859008789062,57.22920540255768,27.790859905059506,,QuantData term-structure
2026-08-18T12:15:00-04:00,2026-12-18,122,500.0,call,0.9176712761215655,88.16719055175781,875.6,fixed_strike,85.02006530761719,87.40425109863281,86.92741394042969,86.92741394042969,88.16719055175781,0.0,1.9073486328125,,,,95.98731994628906,82.3974609375,-13.589859008789062,57.22920540255768,27.790859905059506,,QuantData term-structure
2026-08-18T12:15:00-04:00,2026-12-18,122,500.0,put,-0.0833088770485726,87.78572082519531,875.6,fixed_strike,85.02006530761719,87.40425109863281,86.92741394042969,86.92741394042969,88.16719055175781,0.0,1.9073486328125,,,,95.98731994628906,82.3974609375,-13.589859008789062,57.22920540255768,27.790859905059506,,QuantData term-structure
2026-08-18T12:15:00-04:00,2026-12-18,122,540.0,put,-0.09573172477942471,87.40425109863281,875.6,fixed_strike,85.02006530761719,87.40425109863281,86.92741394042969,86.92741394042969,88.16719055175781,0.0,1.9073486328125,,,,95.98731994628906,82.3974609375,-13.589859008789062,57.22920540255768,27.790859905059506,,QuantData term-structure
2026-08-18T12:15:00-04:00,2026-12-18,122,560.0,call,0.8834834339379909,86.16447448730469,875.6,fixed_strike,85.02006530761719,87.40425109863281,86.92741394042969,86.92741394042969,88.16719055175781,0.0,1.9073486328125,,,,95.98731994628906,82.3974609375,-13.589859008789062,57.22920540255768,27.790859905059506,,QuantData term-structure
2026-08-18T12:15:00-04:00,2026-12-18,122,560.0,put,-0.1228013595782882,87.30888366699219,875.6,fixed_strike,85.02006530761719,87.40425109863281,86.92741394042969,86.92741394042969,88.16719055175781,0.0,1.9073486328125,,,,95.98731994628906,82.3974609375,-13.589859008789062,57.22920540255768,27.790859905059506,,QuantData term-structure
2026-08-18T12:15:00-04:00,2026-12-18,122,580.0,put,-0.13718876353106718,86.83204650878906,875.6,fixed_strike,85.02006530761719,87.40425109863281,86.92741394042969,86.92741394042969,88.16719055175781,0.0,1.9073486328125,,,,95.98731994628906,82.3974609375,-13.589859008789062,57.22920540255768,27.790859905059506,,QuantData term-structure
2026-08-18T12:15:00-04:00,2026-12-18,122,600.0,put,-0.14561903880335203,86.92741394042969,875.6,fixed_strike,85.02006530761719,87.40425109863281,86.92741394042969,86.92741394042969,88.16719055175781,0.0,1.9073486328125,,,,95.98731994628906,82.3974609375,-13.589859008789062,57.22920540255768,27.790859905059506,,QuantData term-structure
2026-08-18T12:15:00-04:00,2026-12-18,122,620.0,put,-0.1623828313712739,86.64131164550781,875.6,fixed_strike,85.02006530761719,87.40425109863281,86.92741394042969,86.92741394042969,88.16719055175781,0.0,1.9073486328125,,,,95.98731994628906,82.3974609375,-13.589859008789062,57.22920540255768,27.790859905059506,,QuantData term-structure
2026-08-18T12:15:00-04:00,2026-12-18,122,640.0,put,-0.1805541642970781,85.78300476074219,875.6,fixed_strike,85.02006530761719,87.40425109863281,86.92741394042969,86.92741394042969,88.16719055175781,0.0,1.9073486328125,,,,95.98731994628906,82.3974609375,-13.589859008789062,57.22920540255768,27.790859905059506,,QuantData term-structure
2026-08-18T12:15:00-04:00,2026-12-18,122,660.0,put,-0.16460424215630015,85.97373962402344,875.6,fixed_strike,85.02006530761719,87.40425109863281,86.92741394042969,86.92741394042969,88.16719055175781,0.0,1.9073486328125,,,,95.98731994628906,82.3974609375,-13.589859008789062,57.22920540255768,27.790859905059506,,QuantData term-structure
2026-08-18T12:15:00-04:00,2026-12-18,122,680.0,put,-0.2122726934081121,85.40153503417969,875.6,fixed_strike,85.02006530761719,87.40425109863281,86.92741394042969,86.92741394042969,88.16719055175781,0.0,1.9073486328125,,,,95.98731994628906,82.3974609375,-13.589859008789062,57.22920540255768,27.790859905059506,,QuantData term-structure
2026-08-18T12:15:00-04:00,2026-12-18,122,700.0,put,-0.22835614761880968,86.16447448730469,875.6,fixed_strike,85.02006530761719,87.40425109863281,86.92741394042969,86.92741394042969,88.16719055175781,0.0,1.9073486328125,,,,95.98731994628906,82.3974609375,-13.589859008789062,57.22920540255768,27.790859905059506,,QuantData term-structure
2026-08-18T12:15:00-04:00,2026-12-18,122,720.0,put,-0.24662621355198522,86.92741394042969,875.6,fixed_strike,85.02006530761719,87.40425109863281,86.92741394042969,86.92741394042969,88.16719055175781,0.0,1.9073486328125,,,,95.98731994628906,82.3974609375,-13.589859008789062,57.22920540255768,27.790859905059506,,QuantData term-structure
2026-08-18T12:15:00-04:00,2026-12-18,122,730.0,put,-0.25555443499015357,86.06910705566406,875.6,fixed_strike,85.02006530761719,87.40425109863281,86.92741394042969,86.92741394042969,88.16719055175781,0.0,1.9073486328125,,,,95.98731994628906,82.3974609375,-13.589859008789062,57.22920540255768,27.790859905059506,,QuantData term-structure
2026-08-18T12:15:00-04:00,2026-12-18,122,740.0,call,0.766212980405346,83.01734924316406,875.6,fixed_strike,85.02006530761719,87.40425109863281,86.92741394042969,86.92741394042969,88.16719055175781,0.0,1.9073486328125,,,,95.98731994628906,82.3974609375,-13.589859008789062,57.22920540255768,27.790859905059506,,QuantData term-structure
2026-08-18T12:15:00-04:00,2026-12-18,122,740.0,put,-0.2691774813932253,86.64131164550781,875.6,fixed_strike,85.02006530761719,87.40425109863281,86.92741394042969,86.92741394042969,88.16719055175781,0.0,1.9073486328125,,,,95.98731994628906,82.3974609375,-13.589859008789062,57.22920540255768,27.790859905059506,,QuantData term-structure
2026-08-18T12:15:00-04:00,2026-12-18,122,750.0,put,-0.25168594779853126,86.92741394042969,875.6,fixed_strike,85.02006530761719,87.40425109863281,86.92741394042969,86.92741394042969,88.16719055175781,0.0,1.9073486328125,,,,95.98731994628906,82.3974609375,-13.589859008789062,57.22920540255768,27.790859905059506,,QuantData term-structure
2026-08-18T12:15:00-04:00,2026-12-18,122,760.0,put,-0.2814247721620673,85.87837219238281,875.6,fixed_strike,85.02006530761719,87.40425109863281,86.92741394042969,86.92741394042969,88.16719055175781,0.0,1.9073486328125,,,,95.98731994628906,82.3974609375,-13.589859008789062,57.22920540255768,27.790859905059506,,QuantData term-structure
2026-08-18T12:15:00-04:00,2026-12-18,122,770.0,put,-0.2694491504509492,85.30616760253906,875.6,fixed_strike,85.02006530761719,87.40425109863281,86.92741394042969,86.92741394042969,88.16719055175781,0.0,1.9073486328125,,,,95.98731994628906,82.3974609375,-13.589859008789062,57.22920540255768,27.790859905059506,,QuantData term-structure
2026-08-18T12:15:00-04:00,2026-12-18,122,790.0,call,0.683689670021718,84.82933044433594,875.6,fixed_strike,85.02006530761719,87.40425109863281,86.92741394042969,86.92741394042969,88.16719055175781,0.0,1.9073486328125,,,,95.98731994628906,82.3974609375,-13.589859008789062,57.22920540255768,27.790859905059506,,QuantData term-structure
2026-08-18T12:15:00-04:00,2026-12-18,122,800.0,call,0.7111661028906299,84.16175842285156,875.6,fixed_strike,85.02006530761719,87.40425109863281,86.92741394042969,86.92741394042969,88.16719055175781,0.0,1.9073486328125,,,,95.98731994628906,82.3974609375,-13.589859008789062,57.22920540255768,27.790859905059506,,QuantData term-structure
2026-08-18T12:15:00-04:00,2026-12-18,122,800.0,put,-0.32092823192093456,85.78300476074219,875.6,fixed_strike,85.02006530761719,87.40425109863281,86.92741394042969,86.92741394042969,88.16719055175781,0.0,1.9073486328125,,,,95.98731994628906,82.3974609375,-13.589859008789062,57.22920540255768,27.790859905059506,,QuantData term-structure
2026-08-18T12:15:00-04:00,2026-12-18,122,880.0,call,0.6109129009933341,85.02006530761719,875.6,fixed_strike,85.02006530761719,87.40425109863281,86.92741394042969,86.92741394042969,88.16719055175781,0.0,1.9073486328125,,,,95.98731994628906,82.3974609375,-13.589859008789062,57.22920540255768,27.790859905059506,,QuantData term-structure
2026-08-18T12:15:00-04:00,2026-12-18,122,900.0,call,0.5885801259874488,85.59226989746094,875.6,fixed_strike,85.02006530761719,87.40425109863281,86.92741394042969,86.92741394042969,88.16719055175781,0.0,1.9073486328125,,,,95.98731994628906,82.3974609375,-13.589859008789062,57.22920540255768,27.790859905059506,,QuantData term-structure
2026-08-18T12:15:00-04:00,2026-12-18,122,900.0,put,-0.38341494278401095,86.16447448730469,875.6,fixed_strike,85.02006530761719,87.40425109863281,86.92741394042969,86.92741394042969,88.16719055175781,0.0,1.9073486328125,,,,95.98731994628906,82.3974609375,-13.589859008789062,57.22920540255768,27.790859905059506,,QuantData term-structure
2026-08-18T12:15:00-04:00,2026-12-18,122,910.0,call,0.5748116454513856,85.68763732910156,875.6,fixed_strike,85.02006530761719,87.40425109863281,86.92741394042969,86.92741394042969,88.16719055175781,0.0,1.9073486328125,,,,95.98731994628906,82.3974609375,-13.589859008789062,57.22920540255768,27.790859905059506,,QuantData term-structure
2026-08-18T12:15:00-04:00,2026-12-18,122,930.0,call,0.5667792060945744,85.02006530761719,875.6,fixed_strike,85.02006530761719,87.40425109863281,86.92741394042969,86.92741394042969,88.16719055175781,0.0,1.9073486328125,,,,95.98731994628906,82.3974609375,-13.589859008789062,57.22920540255768,27.790859905059506,,QuantData term-structure
2026-08-18T12:15:00-04:00,2026-12-18,122,930.0,put,-0.4322677864719334,85.87837219238281,875.6,fixed_strike,85.02006530761719,87.40425109863281,86.92741394042969,86.92741394042969,88.16719055175781,0.0,1.9073486328125,,,,95.98731994628906,82.3974609375,-13.589859008789062,57.22920540255768,27.790859905059506,,QuantData term-structure
2026-08-18T12:15:00-04:00,2026-12-18,122,940.0,call,0.5686342306404185,84.44786071777344,875.6,fixed_strike,85.02006530761719,87.40425109863281,86.92741394042969,86.92741394042969,88.16719055175781,0.0,1.9073486328125,,,,95.98731994628906,82.3974609375,-13.589859008789062,57.22920540255768,27.790859905059506,,QuantData term-structure
2026-08-18T12:15:00-04:00,2026-12-18,122,990.0,call,0.5198575790094895,84.73396301269531,875.6,fixed_strike,85.02006530761719,87.40425109863281,86.92741394042969,86.92741394042969,88.16719055175781,0.0,1.9073486328125,,,,95.98731994628906,82.3974609375,-13.589859008789062,57.22920540255768,27.790859905059506,,QuantData term-structure
2026-08-18T12:15:00-04:00,2026-12-18,122,1000.0,call,0.5100162143654297,84.73396301269531,875.6,fixed_strike,85.02006530761719,87.40425109863281,86.92741394042969,86.92741394042969,88.16719055175781,0.0,1.9073486328125,,,,95.98731994628906,82.3974609375,-13.589859008789062,57.22920540255768,27.790859905059506,,QuantData term-structure
2026-08-18T12:15:00-04:00,2026-12-18,122,1140.0,call,0.40492931806814536,84.82933044433594,875.6,fixed_strike,85.02006530761719,87.40425109863281,86.92741394042969,86.92741394042969,88.16719055175781,0.0,1.9073486328125,,,,95.98731994628906,82.3974609375,-13.589859008789062,57.22920540255768,27.790859905059506,,QuantData term-structure
2026-08-18T12:15:00-04:00,2026-12-18,122,1200.0,call,0.36587243581557694,85.68763732910156,875.6,fixed_strike,85.02006530761719,87.40425109863281,86.92741394042969,86.92741394042969,88.16719055175781,0.0,1.9073486328125,,,,95.98731994628906,82.3974609375,-13.589859008789062,57.22920540255768,27.790859905059506,,QuantData term-structure
2026-08-18T12:15:00-04:00,2026-12-18,122,1220.0,call,0.3848913574026523,85.87837219238281,875.6,fixed_strike,85.02006530761719,87.40425109863281,86.92741394042969,86.92741394042969,88.16719055175781,0.0,1.9073486328125,,,,95.98731994628906,82.3974609375,-13.589859008789062,57.22920540255768,27.790859905059506,,QuantData term-structure
2026-08-18T12:15:00-04:00,2026-12-18,122,1260.0,call,0.3338762177797233,85.87837219238281,875.6,fixed_strike,85.02006530761719,87.40425109863281,86.92741394042969,86.92741394042969,88.16719055175781,0.0,1.9073486328125,,,,95.98731994628906,82.3974609375,-13.589859008789062,57.22920540255768,27.790859905059506,,QuantData term-structure
2026-08-18T12:15:00-04:00,2026-12-18,122,1320.0,call,0.29871111097724407,86.06910705566406,875.6,fixed_strike,85.02006530761719,87.40425109863281,86.92741394042969,86.92741394042969,88.16719055175781,0.0,1.9073486328125,,,,95.98731994628906,82.3974609375,-13.589859008789062,57.22920540255768,27.790859905059506,,QuantData term-structure
2026-08-18T12:15:00-04:00,2026-12-18,122,1400.0,call,0.2879398509589658,86.06910705566406,875.6,fixed_strike,85.02006530761719,87.40425109863281,86.92741394042969,86.92741394042969,88.16719055175781,0.0,1.9073486328125,,,,95.98731994628906,82.3974609375,-13.589859008789062,57.22920540255768,27.790859905059506,,QuantData term-structure
2026-08-18T12:15:00-04:00,2026-12-18,122,1440.0,call,0.2440665633265371,86.92741394042969,875.6,fixed_strike,85.02006530761719,87.40425109863281,86.92741394042969,86.92741394042969,88.16719055175781,0.0,1.9073486328125,,,,95.98731994628906,82.3974609375,-13.589859008789062,57.22920540255768,27.790859905059506,,QuantData term-structure
2026-08-18T12:15:00-04:00,2026-12-18,122,1460.0,call,0.23032294685301408,87.40425109863281,875.6,fixed_strike,85.02006530761719,87.40425109863281,86.92741394042969,86.92741394042969,88.16719055175781,0.0,1.9073486328125,,,,95.98731994628906,82.3974609375,-13.589859008789062,57.22920540255768,27.790859905059506,,QuantData term-structure
2026-08-18T12:15:00-04:00,2026-12-18,122,1500.0,call,0.22376950146648478,87.21351623535156,875.6,fixed_strike,85.02006530761719,87.40425109863281,86.92741394042969,86.92741394042969,88.16719055175781,0.0,1.9073486328125,,,,95.98731994628906,82.3974609375,-13.589859008789062,57.22920540255768,27.790859905059506,,QuantData term-structure
2026-08-18T12:15:00-04:00,2026-12-18,122,1570.0,call,0.19587176015148006,87.11814880371094,875.6,fixed_strike,85.02006530761719,87.40425109863281,86.92741394042969,86.92741394042969,88.16719055175781,0.0,1.9073486328125,,,,95.98731994628906,82.3974609375,-13.589859008789062,57.22920540255768,27.790859905059506,,QuantData term-structure
2026-08-18T12:15:00-04:00,2026-12-18,122,1600.0,call,0.18611504998260886,88.16719055175781,875.6,fixed_strike,85.02006530761719,87.40425109863281,86.92741394042969,86.92741394042969,88.16719055175781,0.0,1.9073486328125,,,,95.98731994628906,82.3974609375,-13.589859008789062,57.22920540255768,27.790859905059506,,QuantData term-structure
2026-08-18T12:15:00-04:00,2027-01-15,150,110.0,put,-0.0013020542597555634,125.45585632324219,875.6,fixed_strike,84.40017700195312,86.45057678222656,84.92469787597656,85.59226989746094,85.78300476074219,0.667572021484375,0.858306884765625,,,,95.98731994628906,82.3974609375,-13.589859008789062,57.22920540255768,27.170971599395443,,QuantData term-structure
2026-08-18T12:15:00-04:00,2027-01-15,150,150.0,call,0.9960116742422616,125.26512145996094,875.6,fixed_strike,84.40017700195312,86.45057678222656,84.92469787597656,85.59226989746094,85.78300476074219,0.667572021484375,0.858306884765625,,,,95.98731994628906,82.3974609375,-13.589859008789062,57.22920540255768,27.170971599395443,,QuantData term-structure
2026-08-18T12:15:00-04:00,2027-01-15,150,200.0,put,-0.005021539126634215,104.95185852050781,875.6,fixed_strike,84.40017700195312,86.45057678222656,84.92469787597656,85.59226989746094,85.78300476074219,0.667572021484375,0.858306884765625,,,,95.98731994628906,82.3974609375,-13.589859008789062,57.22920540255768,27.170971599395443,,QuantData term-structure
2026-08-18T12:15:00-04:00,2027-01-15,150,240.0,put,-0.01073814281107117,104.95185852050781,875.6,fixed_strike,84.40017700195312,86.45057678222656,84.92469787597656,85.59226989746094,85.78300476074219,0.667572021484375,0.858306884765625,,,,95.98731994628906,82.3974609375,-13.589859008789062,57.22920540255768,27.170971599395443,,QuantData term-structure
2026-08-18T12:15:00-04:00,2027-01-15,150,280.0,put,-0.012863309723422674,93.69850158691406,875.6,fixed_strike,84.40017700195312,86.45057678222656,84.92469787597656,85.59226989746094,85.78300476074219,0.667572021484375,0.858306884765625,,,,95.98731994628906,82.3974609375,-13.589859008789062,57.22920540255768,27.170971599395443,,QuantData term-structure
2026-08-18T12:15:00-04:00,2027-01-15,150,300.0,put,-0.01789690818006641,95.89195251464844,875.6,fixed_strike,84.40017700195312,86.45057678222656,84.92469787597656,85.59226989746094,85.78300476074219,0.667572021484375,0.858306884765625,,,,95.98731994628906,82.3974609375,-13.589859008789062,57.22920540255768,27.170971599395443,,QuantData term-structure
2026-08-18T12:15:00-04:00,2027-01-15,150,340.0,put,-0.023291156103102967,91.88652038574219,875.6,fixed_strike,84.40017700195312,86.45057678222656,84.92469787597656,85.59226989746094,85.78300476074219,0.667572021484375,0.858306884765625,,,,95.98731994628906,82.3974609375,-13.589859008789062,57.22920540255768,27.170971599395443,,QuantData term-structure
2026-08-18T12:15:00-04:00,2027-01-15,150,360.0,put,-0.03208955021884899,90.55137634277344,875.6,fixed_strike,84.40017700195312,86.45057678222656,84.92469787597656,85.59226989746094,85.78300476074219,0.667572021484375,0.858306884765625,,,,95.98731994628906,82.3974609375,-13.589859008789062,57.22920540255768,27.170971599395443,,QuantData term-structure
2026-08-18T12:15:00-04:00,2027-01-15,150,380.0,put,-0.03973853566596495,92.26799011230469,875.6,fixed_strike,84.40017700195312,86.45057678222656,84.92469787597656,85.59226989746094,85.78300476074219,0.667572021484375,0.858306884765625,,,,95.98731994628906,82.3974609375,-13.589859008789062,57.22920540255768,27.170971599395443,,QuantData term-structure
2026-08-18T12:15:00-04:00,2027-01-15,150,410.0,put,-0.04935810389029177,88.93013000488281,875.6,fixed_strike,84.40017700195312,86.45057678222656,84.92469787597656,85.59226989746094,85.78300476074219,0.667572021484375,0.858306884765625,,,,95.98731994628906,82.3974609375,-13.589859008789062,57.22920540255768,27.170971599395443,,QuantData term-structure
2026-08-18T12:15:00-04:00,2027-01-15,150,440.0,put,-0.064196281376529,88.26255798339844,875.6,fixed_strike,84.40017700195312,86.45057678222656,84.92469787597656,85.59226989746094,85.78300476074219,0.667572021484375,0.858306884765625,,,,95.98731994628906,82.3974609375,-13.589859008789062,57.22920540255768,27.170971599395443,,QuantData term-structure
2026-08-18T12:15:00-04:00,2027-01-15,150,450.0,put,-0.06669804229620013,87.59498596191406,875.6,fixed_strike,84.40017700195312,86.45057678222656,84.92469787597656,85.59226989746094,85.78300476074219,0.667572021484375,0.858306884765625,,,,95.98731994628906,82.3974609375,-13.589859008789062,57.22920540255768,27.170971599395443,,QuantData term-structure
2026-08-18T12:15:00-04:00,2027-01-15,150,460.0,put,-0.0713744138887335,87.49961853027344,875.6,fixed_strike,84.40017700195312,86.45057678222656,84.92469787597656,85.59226989746094,85.78300476074219,0.667572021484375,0.858306884765625,,,,95.98731994628906,82.3974609375,-13.589859008789062,57.22920540255768,27.170971599395443,,QuantData term-structure
2026-08-18T12:15:00-04:00,2027-01-15,150,470.0,put,-0.07469259370439468,87.30888366699219,875.6,fixed_strike,84.40017700195312,86.45057678222656,84.92469787597656,85.59226989746094,85.78300476074219,0.667572021484375,0.858306884765625,,,,95.98731994628906,82.3974609375,-13.589859008789062,57.22920540255768,27.170971599395443,,QuantData term-structure
2026-08-18T12:15:00-04:00,2027-01-15,150,480.0,put,-0.07849062568963827,86.92741394042969,875.6,fixed_strike,84.40017700195312,86.45057678222656,84.92469787597656,85.59226989746094,85.78300476074219,0.667572021484375,0.858306884765625,,,,95.98731994628906,82.3974609375,-13.589859008789062,57.22920540255768,27.170971599395443,,QuantData term-structure
2026-08-18T12:15:00-04:00,2027-01-15,150,500.0,call,0.906973866693771,86.73667907714844,875.6,fixed_strike,84.40017700195312,86.45057678222656,84.92469787597656,85.59226989746094,85.78300476074219,0.667572021484375,0.858306884765625,,,,95.98731994628906,82.3974609375,-13.589859008789062,57.22920540255768,27.170971599395443,,QuantData term-structure
2026-08-18T12:15:00-04:00,2027-01-15,150,500.0,put,-0.09108297031998963,87.30888366699219,875.6,fixed_strike,84.40017700195312,86.45057678222656,84.92469787597656,85.59226989746094,85.78300476074219,0.667572021484375,0.858306884765625,,,,95.98731994628906,82.3974609375,-13.589859008789062,57.22920540255768,27.170971599395443,,QuantData term-structure
2026-08-18T12:15:00-04:00,2027-01-15,150,510.0,put,-0.0844127995710055,87.11814880371094,875.6,fixed_strike,84.40017700195312,86.45057678222656,84.92469787597656,85.59226989746094,85.78300476074219,0.667572021484375,0.858306884765625,,,,95.98731994628906,82.3974609375,-13.589859008789062,57.22920540255768,27.170971599395443,,QuantData term-structure
2026-08-18T12:15:00-04:00,2027-01-15,150,540.0,put,-0.10054981238980076,86.45057678222656,875.6,fixed_strike,84.40017700195312,86.45057678222656,84.92469787597656,85.59226989746094,85.78300476074219,0.667572021484375,0.858306884765625,,,,95.98731994628906,82.3974609375,-13.589859008789062,57.22920540255768,27.170971599395443,,QuantData term-structure
2026-08-18T12:15:00-04:00,2027-01-15,150,550.0,put,-0.10649865853012508,86.54594421386719,875.6,fixed_strike,84.40017700195312,86.45057678222656,84.92469787597656,85.59226989746094,85.78300476074219,0.667572021484375,0.858306884765625,,,,95.98731994628906,82.3974609375,-13.589859008789062,57.22920540255768,27.170971599395443,,QuantData term-structure
2026-08-18T12:15:00-04:00,2027-01-15,150,560.0,call,0.8763838196892061,83.30345153808594,875.6,fixed_strike,84.40017700195312,86.45057678222656,84.92469787597656,85.59226989746094,85.78300476074219,0.667572021484375,0.858306884765625,,,,95.98731994628906,82.3974609375,-13.589859008789062,57.22920540255768,27.170971599395443,,QuantData term-structure
2026-08-18T12:15:00-04:00,2027-01-15,150,560.0,put,-0.11230561359704233,86.25984191894531,875.6,fixed_strike,84.40017700195312,86.45057678222656,84.92469787597656,85.59226989746094,85.78300476074219,0.667572021484375,0.858306884765625,,,,95.98731994628906,82.3974609375,-13.589859008789062,57.22920540255768,27.170971599395443,,QuantData term-structure
2026-08-18T12:15:00-04:00,2027-01-15,150,600.0,call,0.8482738257970133,83.11271667480469,875.6,fixed_strike,84.40017700195312,86.45057678222656,84.92469787597656,85.59226989746094,85.78300476074219,0.667572021484375,0.858306884765625,,,,95.98731994628906,82.3974609375,-13.589859008789062,57.22920540255768,27.170971599395443,,QuantData term-structure
2026-08-18T12:15:00-04:00,2027-01-15,150,600.0,put,-0.15447583281687483,84.92469787597656,875.6,fixed_strike,84.40017700195312,86.45057678222656,84.92469787597656,85.59226989746094,85.78300476074219,0.667572021484375,0.858306884765625,,,,95.98731994628906,82.3974609375,-13.589859008789062,57.22920540255768,27.170971599395443,,QuantData term-structure
2026-08-18T12:15:00-04:00,2027-01-15,150,610.0,put,-0.15412540370961397,85.40153503417969,875.6,fixed_strike,84.40017700195312,86.45057678222656,84.92469787597656,85.59226989746094,85.78300476074219,0.667572021484375,0.858306884765625,,,,95.98731994628906,82.3974609375,-13.589859008789062,57.22920540255768,27.170971599395443,,QuantData term-structure
2026-08-18T12:15:00-04:00,2027-01-15,150,650.0,call,0.8058246408648336,84.82933044433594,875.6,fixed_strike,84.40017700195312,86.45057678222656,84.92469787597656,85.59226989746094,85.78300476074219,0.667572021484375,0.858306884765625,,,,95.98731994628906,82.3974609375,-13.589859008789062,57.22920540255768,27.170971599395443,,QuantData term-structure
2026-08-18T12:15:00-04:00,2027-01-15,150,650.0,put,-0.19479208847348822,84.92469787597656,875.6,fixed_strike,84.40017700195312,86.45057678222656,84.92469787597656,85.59226989746094,85.78300476074219,0.667572021484375,0.858306884765625,,,,95.98731994628906,82.3974609375,-13.589859008789062,57.22920540255768,27.170971599395443,,QuantData term-structure
2026-08-18T12:15:00-04:00,2027-01-15,150,660.0,put,-0.20056636837031316,82.92198181152344,875.6,fixed_strike,84.40017700195312,86.45057678222656,84.92469787597656,85.59226989746094,85.78300476074219,0.667572021484375,0.858306884765625,,,,95.98731994628906,82.3974609375,-13.589859008789062,57.22920540255768,27.170971599395443,,QuantData term-structure
2026-08-18T12:15:00-04:00,2027-01-15,150,700.0,call,0.7726830586118361,83.49418640136719,875.6,fixed_strike,84.40017700195312,86.45057678222656,84.92469787597656,85.59226989746094,85.78300476074219,0.667572021484375,0.858306884765625,,,,95.98731994628906,82.3974609375,-13.589859008789062,57.22920540255768,27.170971599395443,,QuantData term-structure
2026-08-18T12:15:00-04:00,2027-01-15,150,700.0,put,-0.23329954279678145,85.02006530761719,875.6,fixed_strike,84.40017700195312,86.45057678222656,84.92469787597656,85.59226989746094,85.78300476074219,0.667572021484375,0.858306884765625,,,,95.98731994628906,82.3974609375,-13.589859008789062,57.22920540255768,27.170971599395443,,QuantData term-structure
2026-08-18T12:15:00-04:00,2027-01-15,150,710.0,put,-0.24310134560113655,84.73396301269531,875.6,fixed_strike,84.40017700195312,86.45057678222656,84.92469787597656,85.59226989746094,85.78300476074219,0.667572021484375,0.858306884765625,,,,95.98731994628906,82.3974609375,-13.589859008789062,57.22920540255768,27.170971599395443,,QuantData term-structure
2026-08-18T12:15:00-04:00,2027-01-15,150,720.0,put,-0.24739780507928621,84.92469787597656,875.6,fixed_strike,84.40017700195312,86.45057678222656,84.92469787597656,85.59226989746094,85.78300476074219,0.667572021484375,0.858306884765625,,,,95.98731994628906,82.3974609375,-13.589859008789062,57.22920540255768,27.170971599395443,,QuantData term-structure
2026-08-18T12:15:00-04:00,2027-01-15,150,730.0,put,-0.2598970462182525,84.35249328613281,875.6,fixed_strike,84.40017700195312,86.45057678222656,84.92469787597656,85.59226989746094,85.78300476074219,0.667572021484375,0.858306884765625,,,,95.98731994628906,82.3974609375,-13.589859008789062,57.22920540255768,27.170971599395443,,QuantData term-structure
2026-08-18T12:15:00-04:00,2027-01-15,150,740.0,put,-0.26605759646937044,84.73396301269531,875.6,fixed_strike,84.40017700195312,86.45057678222656,84.92469787597656,85.59226989746094,85.78300476074219,0.667572021484375,0.858306884765625,,,,95.98731994628906,82.3974609375,-13.589859008789062,57.22920540255768,27.170971599395443,,QuantData term-structure
2026-08-18T12:15:00-04:00,2027-01-15,150,750.0,call,0.7422909234443067,83.78028869628906,875.6,fixed_strike,84.40017700195312,86.45057678222656,84.92469787597656,85.59226989746094,85.78300476074219,0.667572021484375,0.858306884765625,,,,95.98731994628906,82.3974609375,-13.589859008789062,57.22920540255768,27.170971599395443,,QuantData term-structure
2026-08-18T12:15:00-04:00,2027-01-15,150,750.0,put,-0.27156013112754906,84.54322814941406,875.6,fixed_strike,84.40017700195312,86.45057678222656,84.92469787597656,85.59226989746094,85.78300476074219,0.667572021484375,0.858306884765625,,,,95.98731994628906,82.3974609375,-13.589859008789062,57.22920540255768,27.170971599395443,,QuantData term-structure
2026-08-18T12:15:00-04:00,2027-01-15,150,760.0,put,-0.2627585346017098,83.68492126464844,875.6,fixed_strike,84.40017700195312,86.45057678222656,84.92469787597656,85.59226989746094,85.78300476074219,0.667572021484375,0.858306884765625,,,,95.98731994628906,82.3974609375,-13.589859008789062,57.22920540255768,27.170971599395443,,QuantData term-structure
2026-08-18T12:15:00-04:00,2027-01-15,150,770.0,put,-0.2907278881599028,84.25712585449219,875.6,fixed_strike,84.40017700195312,86.45057678222656,84.92469787597656,85.59226989746094,85.78300476074219,0.667572021484375,0.858306884765625,,,,95.98731994628906,82.3974609375,-13.589859008789062,57.22920540255768,27.170971599395443,,QuantData term-structure
2026-08-18T12:15:00-04:00,2027-01-15,150,780.0,call,0.7066531773281742,83.49418640136719,875.6,fixed_strike,84.40017700195312,86.45057678222656,84.92469787597656,85.59226989746094,85.78300476074219,0.667572021484375,0.858306884765625,,,,95.98731994628906,82.3974609375,-13.589859008789062,57.22920540255768,27.170971599395443,,QuantData term-structure
2026-08-18T12:15:00-04:00,2027-01-15,150,780.0,put,-0.29919180974109305,84.63859558105469,875.6,fixed_strike,84.40017700195312,86.45057678222656,84.92469787597656,85.59226989746094,85.78300476074219,0.667572021484375,0.858306884765625,,,,95.98731994628906,82.3974609375,-13.589859008789062,57.22920540255768,27.170971599395443,,QuantData term-structure
2026-08-18T12:15:00-04:00,2027-01-15,150,800.0,call,0.6846452158929426,83.58955383300781,875.6,fixed_strike,84.40017700195312,86.45057678222656,84.92469787597656,85.59226989746094,85.78300476074219,0.667572021484375,0.858306884765625,,,,95.98731994628906,82.3974609375,-13.589859008789062,57.22920540255768,27.170971599395443,,QuantData term-structure
2026-08-18T12:15:00-04:00,2027-01-15,150,800.0,put,-0.3063280301580005,84.35249328613281,875.6,fixed_strike,84.40017700195312,86.45057678222656,84.92469787597656,85.59226989746094,85.78300476074219,0.667572021484375,0.858306884765625,,,,95.98731994628906,82.3974609375,-13.589859008789062,57.22920540255768,27.170971599395443,,QuantData term-structure
2026-08-18T12:15:00-04:00,2027-01-15,150,820.0,call,0.6698411879559198,83.49418640136719,875.6,fixed_strike,84.40017700195312,86.45057678222656,84.92469787597656,85.59226989746094,85.78300476074219,0.667572021484375,0.858306884765625,,,,95.98731994628906,82.3974609375,-13.589859008789062,57.22920540255768,27.170971599395443,,QuantData term-structure
2026-08-18T12:15:00-04:00,2027-01-15,150,820.0,put,-0.3352518340656023,83.30345153808594,875.6,fixed_strike,84.40017700195312,86.45057678222656,84.92469787597656,85.59226989746094,85.78300476074219,0.667572021484375,0.858306884765625,,,,95.98731994628906,82.3974609375,-13.589859008789062,57.22920540255768,27.170971599395443,,QuantData term-structure
2026-08-18T12:15:00-04:00,2027-01-15,150,830.0,put,-0.34547872590305073,85.02006530761719,875.6,fixed_strike,84.40017700195312,86.45057678222656,84.92469787597656,85.59226989746094,85.78300476074219,0.667572021484375,0.858306884765625,,,,95.98731994628906,82.3974609375,-13.589859008789062,57.22920540255768,27.170971599395443,,QuantData term-structure
2026-08-18T12:15:00-04:00,2027-01-15,150,840.0,call,0.6760091114969614,83.49418640136719,875.6,fixed_strike,84.40017700195312,86.45057678222656,84.92469787597656,85.59226989746094,85.78300476074219,0.667572021484375,0.858306884765625,,,,95.98731994628906,82.3974609375,-13.589859008789062,57.22920540255768,27.170971599395443,,QuantData term-structure
2026-08-18T12:15:00-04:00,2027-01-15,150,850.0,call,0.6432197136465998,83.20808410644531,875.6,fixed_strike,84.40017700195312,86.45057678222656,84.92469787597656,85.59226989746094,85.78300476074219,0.667572021484375,0.858306884765625,,,,95.98731994628906,82.3974609375,-13.589859008789062,57.22920540255768,27.170971599395443,,QuantData term-structure
2026-08-18T12:15:00-04:00,2027-01-15,150,850.0,put,-0.3233664181223983,87.49961853027344,875.6,fixed_strike,84.40017700195312,86.45057678222656,84.92469787597656,85.59226989746094,85.78300476074219,0.667572021484375,0.858306884765625,,,,95.98731994628906,82.3974609375,-13.589859008789062,57.22920540255768,27.170971599395443,,QuantData term-structure
2026-08-18T12:15:00-04:00,2027-01-15,150,860.0,put,-0.36591199624779425,85.11543273925781,875.6,fixed_strike,84.40017700195312,86.45057678222656,84.92469787597656,85.59226989746094,85.78300476074219,0.667572021484375,0.858306884765625,,,,95.98731994628906,82.3974609375,-13.589859008789062,57.22920540255768,27.170971599395443,,QuantData term-structure
2026-08-18T12:15:00-04:00,2027-01-15,150,870.0,call,0.6282058208054218,83.78028869628906,875.6,fixed_strike,84.40017700195312,86.45057678222656,84.92469787597656,85.59226989746094,85.78300476074219,0.667572021484375,0.858306884765625,,,,95.98731994628906,82.3974609375,-13.589859008789062,57.22920540255768,27.170971599395443,,QuantData term-structure
2026-08-18T12:15:00-04:00,2027-01-15,150,870.0,put,-0.37521288934047503,85.02006530761719,875.6,fixed_strike,84.40017700195312,86.45057678222656,84.92469787597656,85.59226989746094,85.78300476074219,0.667572021484375,0.858306884765625,,,,95.98731994628906,82.3974609375,-13.589859008789062,57.22920540255768,27.170971599395443,,QuantData term-structure
2026-08-18T12:15:00-04:00,2027-01-15,150,890.0,call,0.6398584598659479,82.82661437988281,875.6,fixed_strike,84.40017700195312,86.45057678222656,84.92469787597656,85.59226989746094,85.78300476074219,0.667572021484375,0.858306884765625,,,,95.98731994628906,82.3974609375,-13.589859008789062,57.22920540255768,27.170971599395443,,QuantData term-structure
2026-08-18T12:15:00-04:00,2027-01-15,150,900.0,call,0.6000030570396413,83.39881896972656,875.6,fixed_strike,84.40017700195312,86.45057678222656,84.92469787597656,85.59226989746094,85.78300476074219,0.667572021484375,0.858306884765625,,,,95.98731994628906,82.3974609375,-13.589859008789062,57.22920540255768,27.170971599395443,,QuantData term-structure
2026-08-18T12:15:00-04:00,2027-01-15,150,900.0,put,-0.3962209151522248,84.16175842285156,875.6,fixed_strike,84.40017700195312,86.45057678222656,84.92469787597656,85.59226989746094,85.78300476074219,0.667572021484375,0.858306884765625,,,,95.98731994628906,82.3974609375,-13.589859008789062,57.22920540255768,27.170971599395443,,QuantData term-structure
2026-08-18T12:15:00-04:00,2027-01-15,150,920.0,call,0.6160765207561922,83.87565612792969,875.6,fixed_strike,84.40017700195312,86.45057678222656,84.92469787597656,85.59226989746094,85.78300476074219,0.667572021484375,0.858306884765625,,,,95.98731994628906,82.3974609375,-13.589859008789062,57.22920540255768,27.170971599395443,,QuantData term-structure
2026-08-18T12:15:00-04:00,2027-01-15,150,950.0,call,0.5575729097910604,84.54322814941406,875.6,fixed_strike,84.40017700195312,86.45057678222656,84.92469787597656,85.59226989746094,85.78300476074219,0.667572021484375,0.858306884765625,,,,95.98731994628906,82.3974609375,-13.589859008789062,57.22920540255768,27.170971599395443,,QuantData term-structure
2026-08-18T12:15:00-04:00,2027-01-15,150,950.0,put,-0.4278947921403644,85.78300476074219,875.6,fixed_strike,84.40017700195312,86.45057678222656,84.92469787597656,85.59226989746094,85.78300476074219,0.667572021484375,0.858306884765625,,,,95.98731994628906,82.3974609375,-13.589859008789062,57.22920540255768,27.170971599395443,,QuantData term-structure
2026-08-18T12:15:00-04:00,2027-01-15,150,970.0,call,0.5483927398563662,83.97102355957031,875.6,fixed_strike,84.40017700195312,86.45057678222656,84.92469787597656,85.59226989746094,85.78300476074219,0.667572021484375,0.858306884765625,,,,95.98731994628906,82.3974609375,-13.589859008789062,57.22920540255768,27.170971599395443,,QuantData term-structure
2026-08-18T12:15:00-04:00,2027-01-15,150,990.0,put,-0.4355068300503231,85.30616760253906,875.6,fixed_strike,84.40017700195312,86.45057678222656,84.92469787597656,85.59226989746094,85.78300476074219,0.667572021484375,0.858306884765625,,,,95.98731994628906,82.3974609375,-13.589859008789062,57.22920540255768,27.170971599395443,,QuantData term-structure
2026-08-18T12:15:00-04:00,2027-01-15,150,1000.0,call,0.5266964301108844,83.39881896972656,875.6,fixed_strike,84.40017700195312,86.45057678222656,84.92469787597656,85.59226989746094,85.78300476074219,0.667572021484375,0.858306884765625,,,,95.98731994628906,82.3974609375,-13.589859008789062,57.22920540255768,27.170971599395443,,QuantData term-structure
2026-08-18T12:15:00-04:00,2027-01-15,150,1050.0,call,0.48810014367096055,83.11271667480469,875.6,fixed_strike,84.40017700195312,86.45057678222656,84.92469787597656,85.59226989746094,85.78300476074219,0.667572021484375,0.858306884765625,,,,95.98731994628906,82.3974609375,-13.589859008789062,57.22920540255768,27.170971599395443,,QuantData term-structure
2026-08-18T12:15:00-04:00,2027-01-15,150,1080.0,call,0.4702240958034764,83.97102355957031,875.6,fixed_strike,84.40017700195312,86.45057678222656,84.92469787597656,85.59226989746094,85.78300476074219,0.667572021484375,0.858306884765625,,,,95.98731994628906,82.3974609375,-13.589859008789062,57.22920540255768,27.170971599395443,,QuantData term-structure
2026-08-18T12:15:00-04:00,2027-01-15,150,1100.0,call,0.4526511961950195,83.49418640136719,875.6,fixed_strike,84.40017700195312,86.45057678222656,84.92469787597656,85.59226989746094,85.78300476074219,0.667572021484375,0.858306884765625,,,,95.98731994628906,82.3974609375,-13.589859008789062,57.22920540255768,27.170971599395443,,QuantData term-structure
2026-08-18T12:15:00-04:00,2027-01-15,150,1150.0,call,0.43068282700089044,84.06639099121094,875.6,fixed_strike,84.40017700195312,86.45057678222656,84.92469787597656,85.59226989746094,85.78300476074219,0.667572021484375,0.858306884765625,,,,95.98731994628906,82.3974609375,-13.589859008789062,57.22920540255768,27.170971599395443,,QuantData term-structure
2026-08-18T12:15:00-04:00,2027-01-15,150,1180.0,call,0.40691053799197535,84.06639099121094,875.6,fixed_strike,84.40017700195312,86.45057678222656,84.92469787597656,85.59226989746094,85.78300476074219,0.667572021484375,0.858306884765625,,,,95.98731994628906,82.3974609375,-13.589859008789062,57.22920540255768,27.170971599395443,,QuantData term-structure
2026-08-18T12:15:00-04:00,2027-01-15,150,1200.0,call,0.392944796298913,84.54322814941406,875.6,fixed_strike,84.40017700195312,86.45057678222656,84.92469787597656,85.59226989746094,85.78300476074219,0.667572021484375,0.858306884765625,,,,95.98731994628906,82.3974609375,-13.589859008789062,57.22920540255768,27.170971599395443,,QuantData term-structure
2026-08-18T12:15:00-04:00,2027-01-15,150,1230.0,call,0.415079769156805,85.21080017089844,875.6,fixed_strike,84.40017700195312,86.45057678222656,84.92469787597656,85.59226989746094,85.78300476074219,0.667572021484375,0.858306884765625,,,,95.98731994628906,82.3974609375,-13.589859008789062,57.22920540255768,27.170971599395443,,QuantData term-structure
2026-08-18T12:15:00-04:00,2027-01-15,150,1250.0,call,0.37244579022148894,84.44786071777344,875.6,fixed_strike,84.40017700195312,86.45057678222656,84.92469787597656,85.59226989746094,85.78300476074219,0.667572021484375,0.858306884765625,,,,95.98731994628906,82.3974609375,-13.589859008789062,57.22920540255768,27.170971599395443,,QuantData term-structure
2026-08-18T12:15:00-04:00,2027-01-15,150,1330.0,call,0.3440651020443771,83.87565612792969,875.6,fixed_strike,84.40017700195312,86.45057678222656,84.92469787597656,85.59226989746094,85.78300476074219,0.667572021484375,0.858306884765625,,,,95.98731994628906,82.3974609375,-13.589859008789062,57.22920540255768,27.170971599395443,,QuantData term-structure
2026-08-18T12:15:00-04:00,2027-01-15,150,1420.0,call,0.2926917746455816,85.78300476074219,875.6,fixed_strike,84.40017700195312,86.45057678222656,84.92469787597656,85.59226989746094,85.78300476074219,0.667572021484375,0.858306884765625,,,,95.98731994628906,82.3974609375,-13.589859008789062,57.22920540255768,27.170971599395443,,QuantData term-structure
2026-08-18T12:15:00-04:00,2027-01-15,150,1430.0,call,0.2964112219394153,84.92469787597656,875.6,fixed_strike,84.40017700195312,86.45057678222656,84.92469787597656,85.59226989746094,85.78300476074219,0.667572021484375,0.858306884765625,,,,95.98731994628906,82.3974609375,-13.589859008789062,57.22920540255768,27.170971599395443,,QuantData term-structure
2026-08-18T12:15:00-04:00,2027-01-15,150,1460.0,call,0.29591057393223297,85.49690246582031,875.6,fixed_strike,84.40017700195312,86.45057678222656,84.92469787597656,85.59226989746094,85.78300476074219,0.667572021484375,0.858306884765625,,,,95.98731994628906,82.3974609375,-13.589859008789062,57.22920540255768,27.170971599395443,,QuantData term-structure
2026-08-18T12:15:00-04:00,2027-01-15,150,1500.0,call,0.29066344711680614,85.30616760253906,875.6,fixed_strike,84.40017700195312,86.45057678222656,84.92469787597656,85.59226989746094,85.78300476074219,0.667572021484375,0.858306884765625,,,,95.98731994628906,82.3974609375,-13.589859008789062,57.22920540255768,27.170971599395443,,QuantData term-structure
2026-08-18T12:15:00-04:00,2027-01-15,150,1510.0,call,0.2481830910066654,85.59226989746094,875.6,fixed_strike,84.40017700195312,86.45057678222656,84.92469787597656,85.59226989746094,85.78300476074219,0.667572021484375,0.858306884765625,,,,95.98731994628906,82.3974609375,-13.589859008789062,57.22920540255768,27.170971599395443,,QuantData term-structure
2026-08-18T12:15:00-04:00,2027-01-15,150,1520.0,call,0.24424843540172425,85.59226989746094,875.6,fixed_strike,84.40017700195312,86.45057678222656,84.92469787597656,85.59226989746094,85.78300476074219,0.667572021484375,0.858306884765625,,,,95.98731994628906,82.3974609375,-13.589859008789062,57.22920540255768,27.170971599395443,,QuantData term-structure
2026-08-18T12:15:00-04:00,2027-01-15,150,1530.0,call,0.24164376813390281,86.06910705566406,875.6,fixed_strike,84.40017700195312,86.45057678222656,84.92469787597656,85.59226989746094,85.78300476074219,0.667572021484375,0.858306884765625,,,,95.98731994628906,82.3974609375,-13.589859008789062,57.22920540255768,27.170971599395443,,QuantData term-structure
2026-08-18T12:15:00-04:00,2027-01-15,150,1540.0,call,0.24006848755597943,85.78300476074219,875.6,fixed_strike,84.40017700195312,86.45057678222656,84.92469787597656,85.59226989746094,85.78300476074219,0.667572021484375,0.858306884765625,,,,95.98731994628906,82.3974609375,-13.589859008789062,57.22920540255768,27.170971599395443,,QuantData term-structure
2026-08-18T12:15:00-04:00,2027-01-15,150,1550.0,call,0.2322130827820546,85.97373962402344,875.6,fixed_strike,84.40017700195312,86.45057678222656,84.92469787597656,85.59226989746094,85.78300476074219,0.667572021484375,0.858306884765625,,,,95.98731994628906,82.3974609375,-13.589859008789062,57.22920540255768,27.170971599395443,,QuantData term-structure
2026-08-18T12:15:00-04:00,2027-01-15,150,1560.0,call,0.23120494936235408,85.78300476074219,875.6,fixed_strike,84.40017700195312,86.45057678222656,84.92469787597656,85.59226989746094,85.78300476074219,0.667572021484375,0.858306884765625,,,,95.98731994628906,82.3974609375,-13.589859008789062,57.22920540255768,27.170971599395443,,QuantData term-structure
2026-08-18T12:15:00-04:00,2027-01-15,150,1570.0,call,0.23041572242758385,86.25984191894531,875.6,fixed_strike,84.40017700195312,86.45057678222656,84.92469787597656,85.59226989746094,85.78300476074219,0.667572021484375,0.858306884765625,,,,95.98731994628906,82.3974609375,-13.589859008789062,57.22920540255768,27.170971599395443,,QuantData term-structure
2026-08-18T12:15:00-04:00,2027-01-15,150,1580.0,call,0.22550618611489365,85.97373962402344,875.6,fixed_strike,84.40017700195312,86.45057678222656,84.92469787597656,85.59226989746094,85.78300476074219,0.667572021484375,0.858306884765625,,,,95.98731994628906,82.3974609375,-13.589859008789062,57.22920540255768,27.170971599395443,,QuantData term-structure
2026-08-18T12:15:00-04:00,2027-01-15,150,1590.0,call,0.21989829007509942,85.78300476074219,875.6,fixed_strike,84.40017700195312,86.45057678222656,84.92469787597656,85.59226989746094,85.78300476074219,0.667572021484375,0.858306884765625,,,,95.98731994628906,82.3974609375,-13.589859008789062,57.22920540255768,27.170971599395443,,QuantData term-structure
2026-08-18T12:15:00-04:00,2027-01-15,150,1600.0,call,0.2199943150762807,85.40153503417969,875.6,fixed_strike,84.40017700195312,86.45057678222656,84.92469787597656,85.59226989746094,85.78300476074219,0.667572021484375,0.858306884765625,,,,95.98731994628906,82.3974609375,-13.589859008789062,57.22920540255768,27.170971599395443,,QuantData term-structure
2026-08-18T12:15:00-04:00,2027-02-19,185,310.0,put,-0.021607869701634672,87.97645568847656,875.6,fixed_strike,84.82933044433594,87.69035339355469,85.59226989746094,84.35249328613281,84.35249328613281,-1.239776611328125,0.1430511474609375,,,,95.98731994628906,82.3974609375,-13.589859008789062,57.22920540255768,27.600125041778256,,QuantData term-structure
2026-08-18T12:15:00-04:00,2027-02-19,185,430.0,put,-0.06156034560774831,88.45329284667969,875.6,fixed_strike,84.82933044433594,87.69035339355469,85.59226989746094,84.35249328613281,84.35249328613281,-1.239776611328125,0.1430511474609375,,,,95.98731994628906,82.3974609375,-13.589859008789062,57.22920540255768,27.600125041778256,,QuantData term-structure
2026-08-18T12:15:00-04:00,2027-02-19,185,500.0,put,-0.10393529478514929,87.69035339355469,875.6,fixed_strike,84.82933044433594,87.69035339355469,85.59226989746094,84.35249328613281,84.35249328613281,-1.239776611328125,0.1430511474609375,,,,95.98731994628906,82.3974609375,-13.589859008789062,57.22920540255768,27.600125041778256,,QuantData term-structure
2026-08-18T12:15:00-04:00,2027-02-19,185,520.0,put,-0.10899497855398216,86.83204650878906,875.6,fixed_strike,84.82933044433594,87.69035339355469,85.59226989746094,84.35249328613281,84.35249328613281,-1.239776611328125,0.1430511474609375,,,,95.98731994628906,82.3974609375,-13.589859008789062,57.22920540255768,27.600125041778256,,QuantData term-structure
2026-08-18T12:15:00-04:00,2027-02-19,185,530.0,put,-0.11906932664212033,85.97373962402344,875.6,fixed_strike,84.82933044433594,87.69035339355469,85.59226989746094,84.35249328613281,84.35249328613281,-1.239776611328125,0.1430511474609375,,,,95.98731994628906,82.3974609375,-13.589859008789062,57.22920540255768,27.600125041778256,,QuantData term-structure
2026-08-18T12:15:00-04:00,2027-02-19,185,580.0,put,-0.15158568384607546,86.16447448730469,875.6,fixed_strike,84.82933044433594,87.69035339355469,85.59226989746094,84.35249328613281,84.35249328613281,-1.239776611328125,0.1430511474609375,,,,95.98731994628906,82.3974609375,-13.589859008789062,57.22920540255768,27.600125041778256,,QuantData term-structure
2026-08-18T12:15:00-04:00,2027-02-19,185,780.0,put,-0.29097830957730475,85.59226989746094,875.6,fixed_strike,84.82933044433594,87.69035339355469,85.59226989746094,84.35249328613281,84.35249328613281,-1.239776611328125,0.1430511474609375,,,,95.98731994628906,82.3974609375,-13.589859008789062,57.22920540255768,27.600125041778256,,QuantData term-structure
2026-08-18T12:15:00-04:00,2027-02-19,185,800.0,put,-0.3069203220615059,86.06910705566406,875.6,fixed_strike,84.82933044433594,87.69035339355469,85.59226989746094,84.35249328613281,84.35249328613281,-1.239776611328125,0.1430511474609375,,,,95.98731994628906,82.3974609375,-13.589859008789062,57.22920540255768,27.600125041778256,,QuantData term-structure
2026-08-18T12:15:00-04:00,2027-02-19,185,850.0,call,0.6813404809213885,82.34977722167969,875.6,fixed_strike,84.82933044433594,87.69035339355469,85.59226989746094,84.35249328613281,84.35249328613281,-1.239776611328125,0.1430511474609375,,,,95.98731994628906,82.3974609375,-13.589859008789062,57.22920540255768,27.600125041778256,,QuantData term-structure
2026-08-18T12:15:00-04:00,2027-02-19,185,900.0,call,0.6199210791752712,84.25712585449219,875.6,fixed_strike,84.82933044433594,87.69035339355469,85.59226989746094,84.35249328613281,84.35249328613281,-1.239776611328125,0.1430511474609375,,,,95.98731994628906,82.3974609375,-13.589859008789062,57.22920540255768,27.600125041778256,,QuantData term-structure
2026-08-18T12:15:00-04:00,2027-02-19,185,900.0,put,-0.3799160772844269,85.40153503417969,875.6,fixed_strike,84.82933044433594,87.69035339355469,85.59226989746094,84.35249328613281,84.35249328613281,-1.239776611328125,0.1430511474609375,,,,95.98731994628906,82.3974609375,-13.589859008789062,57.22920540255768,27.600125041778256,,QuantData term-structure
2026-08-18T12:15:00-04:00,2027-02-19,185,960.0,call,0.5794176544382211,85.21080017089844,875.6,fixed_strike,84.82933044433594,87.69035339355469,85.59226989746094,84.35249328613281,84.35249328613281,-1.239776611328125,0.1430511474609375,,,,95.98731994628906,82.3974609375,-13.589859008789062,57.22920540255768,27.600125041778256,,QuantData term-structure
2026-08-18T12:15:00-04:00,2027-02-19,185,960.0,put,-0.4001292505886548,86.16447448730469,875.6,fixed_strike,84.82933044433594,87.69035339355469,85.59226989746094,84.35249328613281,84.35249328613281,-1.239776611328125,0.1430511474609375,,,,95.98731994628906,82.3974609375,-13.589859008789062,57.22920540255768,27.600125041778256,,QuantData term-structure
2026-08-18T12:15:00-04:00,2027-02-19,185,970.0,call,0.5727280295024434,85.11543273925781,875.6,fixed_strike,84.82933044433594,87.69035339355469,85.59226989746094,84.35249328613281,84.35249328613281,-1.239776611328125,0.1430511474609375,,,,95.98731994628906,82.3974609375,-13.589859008789062,57.22920540255768,27.600125041778256,,QuantData term-structure
2026-08-18T12:15:00-04:00,2027-02-19,185,970.0,put,-0.41005730661610634,86.35520935058594,875.6,fixed_strike,84.82933044433594,87.69035339355469,85.59226989746094,84.35249328613281,84.35249328613281,-1.239776611328125,0.1430511474609375,,,,95.98731994628906,82.3974609375,-13.589859008789062,57.22920540255768,27.600125041778256,,QuantData term-structure
2026-08-18T12:15:00-04:00,2027-02-19,185,1020.0,put,-0.4423029240873164,86.35520935058594,875.6,fixed_strike,84.82933044433594,87.69035339355469,85.59226989746094,84.35249328613281,84.35249328613281,-1.239776611328125,0.1430511474609375,,,,95.98731994628906,82.3974609375,-13.589859008789062,57.22920540255768,27.600125041778256,,QuantData term-structure
2026-08-18T12:15:00-04:00,2027-02-19,185,1200.0,call,0.4291147908618068,85.30616760253906,875.6,fixed_strike,84.82933044433594,87.69035339355469,85.59226989746094,84.35249328613281,84.35249328613281,-1.239776611328125,0.1430511474609375,,,,95.98731994628906,82.3974609375,-13.589859008789062,57.22920540255768,27.600125041778256,,QuantData term-structure
2026-08-18T12:15:00-04:00,2027-02-19,185,1240.0,call,0.41041904936062046,84.35249328613281,875.6,fixed_strike,84.82933044433594,87.69035339355469,85.59226989746094,84.35249328613281,84.35249328613281,-1.239776611328125,0.1430511474609375,,,,95.98731994628906,82.3974609375,-13.589859008789062,57.22920540255768,27.600125041778256,,QuantData term-structure
2026-08-18T12:15:00-04:00,2027-03-19,213,310.0,put,-0.02747609454693927,89.12086486816406,875.6,fixed_strike,84.35249328613281,89.21623229980469,86.16447448730469,85.87837219238281,85.87837219238281,-0.286102294921875,1.6689300537109375,,,,95.98731994628906,82.3974609375,-13.589859008789062,57.22920540255768,27.12328788357513,,QuantData term-structure
2026-08-18T12:15:00-04:00,2027-03-19,213,330.0,put,-0.03467479406981908,90.45600891113281,875.6,fixed_strike,84.35249328613281,89.21623229980469,86.16447448730469,85.87837219238281,85.87837219238281,-0.286102294921875,1.6689300537109375,,,,95.98731994628906,82.3974609375,-13.589859008789062,57.22920540255768,27.12328788357513,,QuantData term-structure
2026-08-18T12:15:00-04:00,2027-03-19,213,400.0,put,-0.06318568866180041,89.21623229980469,875.6,fixed_strike,84.35249328613281,89.21623229980469,86.16447448730469,85.87837219238281,85.87837219238281,-0.286102294921875,1.6689300537109375,,,,95.98731994628906,82.3974609375,-13.589859008789062,57.22920540255768,27.12328788357513,,QuantData term-structure
2026-08-18T12:15:00-04:00,2027-03-19,213,640.0,put,-0.18457641204114983,86.64131164550781,875.6,fixed_strike,84.35249328613281,89.21623229980469,86.16447448730469,85.87837219238281,85.87837219238281,-0.286102294921875,1.6689300537109375,,,,95.98731994628906,82.3974609375,-13.589859008789062,57.22920540255768,27.12328788357513,,QuantData term-structure
2026-08-18T12:15:00-04:00,2027-03-19,213,690.0,put,-0.22668543445141925,86.25984191894531,875.6,fixed_strike,84.35249328613281,89.21623229980469,86.16447448730469,85.87837219238281,85.87837219238281,-0.286102294921875,1.6689300537109375,,,,95.98731994628906,82.3974609375,-13.589859008789062,57.22920540255768,27.12328788357513,,QuantData term-structure
2026-08-18T12:15:00-04:00,2027-03-19,213,700.0,put,-0.23326176797456433,86.06910705566406,875.6,fixed_strike,84.35249328613281,89.21623229980469,86.16447448730469,85.87837219238281,85.87837219238281,-0.286102294921875,1.6689300537109375,,,,95.98731994628906,82.3974609375,-13.589859008789062,57.22920540255768,27.12328788357513,,QuantData term-structure
2026-08-18T12:15:00-04:00,2027-03-19,213,720.0,put,-0.24793869443944383,86.16447448730469,875.6,fixed_strike,84.35249328613281,89.21623229980469,86.16447448730469,85.87837219238281,85.87837219238281,-0.286102294921875,1.6689300537109375,,,,95.98731994628906,82.3974609375,-13.589859008789062,57.22920540255768,27.12328788357513,,QuantData term-structure
2026-08-18T12:15:00-04:00,2027-03-19,213,730.0,put,-0.2540707199118528,86.25984191894531,875.6,fixed_strike,84.35249328613281,89.21623229980469,86.16447448730469,85.87837219238281,85.87837219238281,-0.286102294921875,1.6689300537109375,,,,95.98731994628906,82.3974609375,-13.589859008789062,57.22920540255768,27.12328788357513,,QuantData term-structure
2026-08-18T12:15:00-04:00,2027-03-19,213,740.0,put,-0.2607388741100337,86.06910705566406,875.6,fixed_strike,84.35249328613281,89.21623229980469,86.16447448730469,85.87837219238281,85.87837219238281,-0.286102294921875,1.6689300537109375,,,,95.98731994628906,82.3974609375,-13.589859008789062,57.22920540255768,27.12328788357513,,QuantData term-structure
2026-08-18T12:15:00-04:00,2027-03-19,213,750.0,put,-0.2674066974259131,86.16447448730469,875.6,fixed_strike,84.35249328613281,89.21623229980469,86.16447448730469,85.87837219238281,85.87837219238281,-0.286102294921875,1.6689300537109375,,,,95.98731994628906,82.3974609375,-13.589859008789062,57.22920540255768,27.12328788357513,,QuantData term-structure
2026-08-18T12:15:00-04:00,2027-03-19,213,760.0,put,-0.2739826635827571,86.45057678222656,875.6,fixed_strike,84.35249328613281,89.21623229980469,86.16447448730469,85.87837219238281,85.87837219238281,-0.286102294921875,1.6689300537109375,,,,95.98731994628906,82.3974609375,-13.589859008789062,57.22920540255768,27.12328788357513,,QuantData term-structure
2026-08-18T12:15:00-04:00,2027-03-19,213,800.0,call,0.7165345609285517,82.63587951660156,875.6,fixed_strike,84.35249328613281,89.21623229980469,86.16447448730469,85.87837219238281,85.87837219238281,-0.286102294921875,1.6689300537109375,,,,95.98731994628906,82.3974609375,-13.589859008789062,57.22920540255768,27.12328788357513,,QuantData term-structure
2026-08-18T12:15:00-04:00,2027-03-19,213,880.0,call,0.6434314752229566,84.35249328613281,875.6,fixed_strike,84.35249328613281,89.21623229980469,86.16447448730469,85.87837219238281,85.87837219238281,-0.286102294921875,1.6689300537109375,,,,95.98731994628906,82.3974609375,-13.589859008789062,57.22920540255768,27.12328788357513,,QuantData term-structure
2026-08-18T12:15:00-04:00,2027-03-19,213,900.0,put,-0.3379150612985812,86.64131164550781,875.6,fixed_strike,84.35249328613281,89.21623229980469,86.16447448730469,85.87837219238281,85.87837219238281,-0.286102294921875,1.6689300537109375,,,,95.98731994628906,82.3974609375,-13.589859008789062,57.22920540255768,27.12328788357513,,QuantData term-structure
2026-08-18T12:15:00-04:00,2027-03-19,213,920.0,call,0.6172892984881603,84.35249328613281,875.6,fixed_strike,84.35249328613281,89.21623229980469,86.16447448730469,85.87837219238281,85.87837219238281,-0.286102294921875,1.6689300537109375,,,,95.98731994628906,82.3974609375,-13.589859008789062,57.22920540255768,27.12328788357513,,QuantData term-structure
2026-08-18T12:15:00-04:00,2027-03-19,213,1050.0,call,0.5366484835298276,84.63859558105469,875.6,fixed_strike,84.35249328613281,89.21623229980469,86.16447448730469,85.87837219238281,85.87837219238281,-0.286102294921875,1.6689300537109375,,,,95.98731994628906,82.3974609375,-13.589859008789062,57.22920540255768,27.12328788357513,,QuantData term-structure
2026-08-18T12:15:00-04:00,2027-03-19,213,1090.0,call,0.5348838393802008,84.73396301269531,875.6,fixed_strike,84.35249328613281,89.21623229980469,86.16447448730469,85.87837219238281,85.87837219238281,-0.286102294921875,1.6689300537109375,,,,95.98731994628906,82.3974609375,-13.589859008789062,57.22920540255768,27.12328788357513,,QuantData term-structure
2026-08-18T12:15:00-04:00,2027-03-19,213,1100.0,call,0.5417274970819874,85.40153503417969,875.6,fixed_strike,84.35249328613281,89.21623229980469,86.16447448730469,85.87837219238281,85.87837219238281,-0.286102294921875,1.6689300537109375,,,,95.98731994628906,82.3974609375,-13.589859008789062,57.22920540255768,27.12328788357513,,QuantData term-structure
2026-08-18T12:15:00-04:00,2027-03-19,213,1180.0,call,0.46577876640840793,84.35249328613281,875.6,fixed_strike,84.35249328613281,89.21623229980469,86.16447448730469,85.87837219238281,85.87837219238281,-0.286102294921875,1.6689300537109375,,,,95.98731994628906,82.3974609375,-13.589859008789062,57.22920540255768,27.12328788357513,,QuantData term-structure
2026-08-18T12:15:00-04:00,2027-03-19,213,1260.0,call,0.42805214912466466,84.82933044433594,875.6,fixed_strike,84.35249328613281,89.21623229980469,86.16447448730469,85.87837219238281,85.87837219238281,-0.286102294921875,1.6689300537109375,,,,95.98731994628906,82.3974609375,-13.589859008789062,57.22920540255768,27.12328788357513,,QuantData term-structure
2026-08-18T12:15:00-04:00,2027-03-19,213,1300.0,call,0.4096330809685519,85.30616760253906,875.6,fixed_strike,84.35249328613281,89.21623229980469,86.16447448730469,85.87837219238281,85.87837219238281,-0.286102294921875,1.6689300537109375,,,,95.98731994628906,82.3974609375,-13.589859008789062,57.22920540255768,27.12328788357513,,QuantData term-structure
2026-08-18T12:15:00-04:00,2027-03-19,213,1500.0,call,0.3614034770235932,86.35520935058594,875.6,fixed_strike,84.35249328613281,89.21623229980469,86.16447448730469,85.87837219238281,85.87837219238281,-0.286102294921875,1.6689300537109375,,,,95.98731994628906,82.3974609375,-13.589859008789062,57.22920540255768,27.12328788357513,,QuantData term-structure
2026-08-18T12:15:00-04:00,2027-03-19,213,1520.0,call,0.32156153950460653,85.40153503417969,875.6,fixed_strike,84.35249328613281,89.21623229980469,86.16447448730469,85.87837219238281,85.87837219238281,-0.286102294921875,1.6689300537109375,,,,95.98731994628906,82.3974609375,-13.589859008789062,57.22920540255768,27.12328788357513,,QuantData term-structure
2026-08-18T12:15:00-04:00,2027-03-19,213,1600.0,call,0.29873416749820814,85.87837219238281,875.6,fixed_strike,84.35249328613281,89.21623229980469,86.16447448730469,85.87837219238281,85.87837219238281,-0.286102294921875,1.6689300537109375,,,,95.98731994628906,82.3974609375,-13.589859008789062,57.22920540255768,27.12328788357513,,QuantData term-structure
2026-08-18T12:15:00-04:00,2027-06-17,303,310.0,put,-0.04032770430878948,90.55137634277344,875.6,fixed_strike,85.11543273925781,88.16719055175781,84.54322814941406,85.02006530761719,85.02006530761719,0.476837158203125,-0.3337860107421875,,,,95.98731994628906,82.3974609375,-13.589859008789062,57.22920540255768,27.88622733670013,,QuantData term-structure
2026-08-18T12:15:00-04:00,2027-06-17,303,350.0,put,-0.05422126762141638,89.88380432128906,875.6,fixed_strike,85.11543273925781,88.16719055175781,84.54322814941406,85.02006530761719,85.02006530761719,0.476837158203125,-0.3337860107421875,,,,95.98731994628906,82.3974609375,-13.589859008789062,57.22920540255768,27.88622733670013,,QuantData term-structure
2026-08-18T12:15:00-04:00,2027-06-17,303,430.0,put,-0.08501027849700654,89.02549743652344,875.6,fixed_strike,85.11543273925781,88.16719055175781,84.54322814941406,85.02006530761719,85.02006530761719,0.476837158203125,-0.3337860107421875,,,,95.98731994628906,82.3974609375,-13.589859008789062,57.22920540255768,27.88622733670013,,QuantData term-structure
2026-08-18T12:15:00-04:00,2027-06-17,303,440.0,put,-0.08932242688569286,88.83476257324219,875.6,fixed_strike,85.11543273925781,88.16719055175781,84.54322814941406,85.02006530761719,85.02006530761719,0.476837158203125,-0.3337860107421875,,,,95.98731994628906,82.3974609375,-13.589859008789062,57.22920540255768,27.88622733670013,,QuantData term-structure
2026-08-18T12:15:00-04:00,2027-06-17,303,460.0,put,-0.09896713258004414,88.16719055175781,875.6,fixed_strike,85.11543273925781,88.16719055175781,84.54322814941406,85.02006530761719,85.02006530761719,0.476837158203125,-0.3337860107421875,,,,95.98731994628906,82.3974609375,-13.589859008789062,57.22920540255768,27.88622733670013,,QuantData term-structure
2026-08-18T12:15:00-04:00,2027-06-17,303,590.0,put,-0.15526874037820304,87.69035339355469,875.6,fixed_strike,85.11543273925781,88.16719055175781,84.54322814941406,85.02006530761719,85.02006530761719,0.476837158203125,-0.3337860107421875,,,,95.98731994628906,82.3974609375,-13.589859008789062,57.22920540255768,27.88622733670013,,QuantData term-structure
2026-08-18T12:15:00-04:00,2027-06-17,303,600.0,put,-0.1717506438521496,84.54322814941406,875.6,fixed_strike,85.11543273925781,88.16719055175781,84.54322814941406,85.02006530761719,85.02006530761719,0.476837158203125,-0.3337860107421875,,,,95.98731994628906,82.3974609375,-13.589859008789062,57.22920540255768,27.88622733670013,,QuantData term-structure
2026-08-18T12:15:00-04:00,2027-06-17,303,680.0,call,0.7801745082035121,85.21080017089844,875.6,fixed_strike,85.11543273925781,88.16719055175781,84.54322814941406,85.02006530761719,85.02006530761719,0.476837158203125,-0.3337860107421875,,,,95.98731994628906,82.3974609375,-13.589859008789062,57.22920540255768,27.88622733670013,,QuantData term-structure
2026-08-18T12:15:00-04:00,2027-06-17,303,720.0,call,0.7586126315684828,85.87837219238281,875.6,fixed_strike,85.11543273925781,88.16719055175781,84.54322814941406,85.02006530761719,85.02006530761719,0.476837158203125,-0.3337860107421875,,,,95.98731994628906,82.3974609375,-13.589859008789062,57.22920540255768,27.88622733670013,,QuantData term-structure
2026-08-18T12:15:00-04:00,2027-06-17,303,780.0,call,0.7244197250944808,85.11543273925781,875.6,fixed_strike,85.11543273925781,88.16719055175781,84.54322814941406,85.02006530761719,85.02006530761719,0.476837158203125,-0.3337860107421875,,,,95.98731994628906,82.3974609375,-13.589859008789062,57.22920540255768,27.88622733670013,,QuantData term-structure
2026-08-18T12:15:00-04:00,2027-06-17,303,1000.0,call,0.6046013668868395,85.02006530761719,875.6,fixed_strike,85.11543273925781,88.16719055175781,84.54322814941406,85.02006530761719,85.02006530761719,0.476837158203125,-0.3337860107421875,,,,95.98731994628906,82.3974609375,-13.589859008789062,57.22920540255768,27.88622733670013,,QuantData term-structure
2026-08-18T12:15:00-04:00,2027-06-17,303,1100.0,call,0.5620751820593627,85.30616760253906,875.6,fixed_strike,85.11543273925781,88.16719055175781,84.54322814941406,85.02006530761719,85.02006530761719,0.476837158203125,-0.3337860107421875,,,,95.98731994628906,82.3974609375,-13.589859008789062,57.22920540255768,27.88622733670013,,QuantData term-structure
2026-08-18T12:15:00-04:00,2027-06-17,303,1200.0,call,0.5209363554903421,84.92469787597656,875.6,fixed_strike,85.11543273925781,88.16719055175781,84.54322814941406,85.02006530761719,85.02006530761719,0.476837158203125,-0.3337860107421875,,,,95.98731994628906,82.3974609375,-13.589859008789062,57.22920540255768,27.88622733670013,,QuantData term-structure
2026-08-18T12:15:00-04:00,2027-06-17,303,1240.0,put,-0.4840214335766076,89.78843688964844,875.6,fixed_strike,85.11543273925781,88.16719055175781,84.54322814941406,85.02006530761719,85.02006530761719,0.476837158203125,-0.3337860107421875,,,,95.98731994628906,82.3974609375,-13.589859008789062,57.22920540255768,27.88622733670013,,QuantData term-structure
2026-08-18T12:15:00-04:00,2027-06-17,303,1300.0,call,0.4768515577230483,85.02006530761719,875.6,fixed_strike,85.11543273925781,88.16719055175781,84.54322814941406,85.02006530761719,85.02006530761719,0.476837158203125,-0.3337860107421875,,,,95.98731994628906,82.3974609375,-13.589859008789062,57.22920540255768,27.88622733670013,,QuantData term-structure
2026-08-18T12:15:00-04:00,2027-07-16,332,310.0,put,-0.04205829379017956,89.78843688964844,875.6,fixed_strike,86.68899536132812,88.26255798339844,86.54594421386719,84.35249328613281,84.35249328613281,-2.193450927734375,-1.239776611328125,,,,95.98731994628906,82.3974609375,-13.589859008789062,57.22920540255768,29.459789958770443,,QuantData term-structure
2026-08-18T12:15:00-04:00,2027-07-16,332,360.0,put,-0.058515376587146783,88.73939514160156,875.6,fixed_strike,86.68899536132812,88.26255798339844,86.54594421386719,84.35249328613281,84.35249328613281,-2.193450927734375,-1.239776611328125,,,,95.98731994628906,82.3974609375,-13.589859008789062,57.22920540255768,29.459789958770443,,QuantData term-structure
2026-08-18T12:15:00-04:00,2027-07-16,332,370.0,put,-0.06238991253504922,88.73939514160156,875.6,fixed_strike,86.68899536132812,88.26255798339844,86.54594421386719,84.35249328613281,84.35249328613281,-2.193450927734375,-1.239776611328125,,,,95.98731994628906,82.3974609375,-13.589859008789062,57.22920540255768,29.459789958770443,,QuantData term-structure
2026-08-18T12:15:00-04:00,2027-07-16,332,380.0,put,-0.0665316592627091,88.93013000488281,875.6,fixed_strike,86.68899536132812,88.26255798339844,86.54594421386719,84.35249328613281,84.35249328613281,-2.193450927734375,-1.239776611328125,,,,95.98731994628906,82.3974609375,-13.589859008789062,57.22920540255768,29.459789958770443,,QuantData term-structure
2026-08-18T12:15:00-04:00,2027-07-16,332,390.0,put,-0.07093212198408494,89.40696716308594,875.6,fixed_strike,86.68899536132812,88.26255798339844,86.54594421386719,84.35249328613281,84.35249328613281,-2.193450927734375,-1.239776611328125,,,,95.98731994628906,82.3974609375,-13.589859008789062,57.22920540255768,29.459789958770443,,QuantData term-structure
2026-08-18T12:15:00-04:00,2027-07-16,332,430.0,put,-0.08272711808626071,88.26255798339844,875.6,fixed_strike,86.68899536132812,88.26255798339844,86.54594421386719,84.35249328613281,84.35249328613281,-2.193450927734375,-1.239776611328125,,,,95.98731994628906,82.3974609375,-13.589859008789062,57.22920540255768,29.459789958770443,,QuantData term-structure
2026-08-18T12:15:00-04:00,2027-07-16,332,450.0,call,0.8986380607388745,85.97373962402344,875.6,fixed_strike,86.68899536132812,88.26255798339844,86.54594421386719,84.35249328613281,84.35249328613281,-2.193450927734375,-1.239776611328125,,,,95.98731994628906,82.3974609375,-13.589859008789062,57.22920540255768,29.459789958770443,,QuantData term-structure
2026-08-18T12:15:00-04:00,2027-07-16,332,480.0,call,0.8881395065012303,92.36335754394531,875.6,fixed_strike,86.68899536132812,88.26255798339844,86.54594421386719,84.35249328613281,84.35249328613281,-2.193450927734375,-1.239776611328125,,,,95.98731994628906,82.3974609375,-13.589859008789062,57.22920540255768,29.459789958770443,,QuantData term-structure
2026-08-18T12:15:00-04:00,2027-07-16,332,600.0,call,0.8322405182633861,85.21080017089844,875.6,fixed_strike,86.68899536132812,88.26255798339844,86.54594421386719,84.35249328613281,84.35249328613281,-2.193450927734375,-1.239776611328125,,,,95.98731994628906,82.3974609375,-13.589859008789062,57.22920540255768,29.459789958770443,,QuantData term-structure
2026-08-18T12:15:00-04:00,2027-07-16,332,600.0,put,-0.1679502691006181,86.45057678222656,875.6,fixed_strike,86.68899536132812,88.26255798339844,86.54594421386719,84.35249328613281,84.35249328613281,-2.193450927734375,-1.239776611328125,,,,95.98731994628906,82.3974609375,-13.589859008789062,57.22920540255768,29.459789958770443,,QuantData term-structure
2026-08-18T12:15:00-04:00,2027-07-16,332,720.0,put,-0.2374244072822454,86.54594421386719,875.6,fixed_strike,86.68899536132812,88.26255798339844,86.54594421386719,84.35249328613281,84.35249328613281,-2.193450927734375,-1.239776611328125,,,,95.98731994628906,82.3974609375,-13.589859008789062,57.22920540255768,29.459789958770443,,QuantData term-structure
2026-08-18T12:15:00-04:00,2027-07-16,332,780.0,call,0.7475622826430427,84.35249328613281,875.6,fixed_strike,86.68899536132812,88.26255798339844,86.54594421386719,84.35249328613281,84.35249328613281,-2.193450927734375,-1.239776611328125,,,,95.98731994628906,82.3974609375,-13.589859008789062,57.22920540255768,29.459789958770443,,QuantData term-structure
2026-08-18T12:15:00-04:00,2027-07-16,332,800.0,put,-0.26970022030901497,86.45057678222656,875.6,fixed_strike,86.68899536132812,88.26255798339844,86.54594421386719,84.35249328613281,84.35249328613281,-2.193450927734375,-1.239776611328125,,,,95.98731994628906,82.3974609375,-13.589859008789062,57.22920540255768,29.459789958770443,,QuantData term-structure
2026-08-18T12:15:00-04:00,2027-07-16,332,840.0,put,-0.30129649976301154,86.64131164550781,875.6,fixed_strike,86.68899536132812,88.26255798339844,86.54594421386719,84.35249328613281,84.35249328613281,-2.193450927734375,-1.239776611328125,,,,95.98731994628906,82.3974609375,-13.589859008789062,57.22920540255768,29.459789958770443,,QuantData term-structure
2026-08-18T12:15:00-04:00,2027-07-16,332,860.0,call,0.7045514815824139,87.30888366699219,875.6,fixed_strike,86.68899536132812,88.26255798339844,86.54594421386719,84.35249328613281,84.35249328613281,-2.193450927734375,-1.239776611328125,,,,95.98731994628906,82.3974609375,-13.589859008789062,57.22920540255768,29.459789958770443,,QuantData term-structure
2026-08-18T12:15:00-04:00,2027-07-16,332,880.0,call,0.6966907646497595,84.92469787597656,875.6,fixed_strike,86.68899536132812,88.26255798339844,86.54594421386719,84.35249328613281,84.35249328613281,-2.193450927734375,-1.239776611328125,,,,95.98731994628906,82.3974609375,-13.589859008789062,57.22920540255768,29.459789958770443,,QuantData term-structure
2026-08-18T12:15:00-04:00,2027-07-16,332,880.0,put,-0.30818070332426073,88.45329284667969,875.6,fixed_strike,86.68899536132812,88.26255798339844,86.54594421386719,84.35249328613281,84.35249328613281,-2.193450927734375,-1.239776611328125,,,,95.98731994628906,82.3974609375,-13.589859008789062,57.22920540255768,29.459789958770443,,QuantData term-structure
2026-08-18T12:15:00-04:00,2027-07-16,332,930.0,call,0.6754644670385482,84.25712585449219,875.6,fixed_strike,86.68899536132812,88.26255798339844,86.54594421386719,84.35249328613281,84.35249328613281,-2.193450927734375,-1.239776611328125,,,,95.98731994628906,82.3974609375,-13.589859008789062,57.22920540255768,29.459789958770443,,QuantData term-structure
2026-08-18T12:15:00-04:00,2027-07-16,332,950.0,call,0.6417182697360173,84.16175842285156,875.6,fixed_strike,86.68899536132812,88.26255798339844,86.54594421386719,84.35249328613281,84.35249328613281,-2.193450927734375,-1.239776611328125,,,,95.98731994628906,82.3974609375,-13.589859008789062,57.22920540255768,29.459789958770443,,QuantData term-structure
2026-08-18T12:15:00-04:00,2027-07-16,332,1100.0,call,0.5746355266021798,84.35249328613281,875.6,fixed_strike,86.68899536132812,88.26255798339844,86.54594421386719,84.35249328613281,84.35249328613281,-2.193450927734375,-1.239776611328125,,,,95.98731994628906,82.3974609375,-13.589859008789062,57.22920540255768,29.459789958770443,,QuantData term-structure
2026-08-18T12:15:00-04:00,2027-07-16,332,1100.0,put,-0.4039212528432849,87.97645568847656,875.6,fixed_strike,86.68899536132812,88.26255798339844,86.54594421386719,84.35249328613281,84.35249328613281,-2.193450927734375,-1.239776611328125,,,,95.98731994628906,82.3974609375,-13.589859008789062,57.22920540255768,29.459789958770443,,QuantData term-structure
2026-08-18T12:15:00-04:00,2027-07-16,332,1200.0,call,0.5491995785392747,84.63859558105469,875.6,fixed_strike,86.68899536132812,88.26255798339844,86.54594421386719,84.35249328613281,84.35249328613281,-2.193450927734375,-1.239776611328125,,,,95.98731994628906,82.3974609375,-13.589859008789062,57.22920540255768,29.459789958770443,,QuantData term-structure
2026-08-18T12:15:00-04:00,2027-07-16,332,1200.0,put,-0.4376668136049606,88.83476257324219,875.6,fixed_strike,86.68899536132812,88.26255798339844,86.54594421386719,84.35249328613281,84.35249328613281,-2.193450927734375,-1.239776611328125,,,,95.98731994628906,82.3974609375,-13.589859008789062,57.22920540255768,29.459789958770443,,QuantData term-structure
2026-08-18T12:15:00-04:00,2027-07-16,332,1370.0,call,0.4877459932091455,84.54322814941406,875.6,fixed_strike,86.68899536132812,88.26255798339844,86.54594421386719,84.35249328613281,84.35249328613281,-2.193450927734375,-1.239776611328125,,,,95.98731994628906,82.3974609375,-13.589859008789062,57.22920540255768,29.459789958770443,,QuantData term-structure
2026-08-18T12:15:00-04:00,2027-07-16,332,1400.0,call,0.45302953981739497,84.92469787597656,875.6,fixed_strike,86.68899536132812,88.26255798339844,86.54594421386719,84.35249328613281,84.35249328613281,-2.193450927734375,-1.239776611328125,,,,95.98731994628906,82.3974609375,-13.589859008789062,57.22920540255768,29.459789958770443,,QuantData term-structure
2026-08-18T12:15:00-04:00,2027-07-16,332,1500.0,call,0.41857445026007156,84.35249328613281,875.6,fixed_strike,86.68899536132812,88.26255798339844,86.54594421386719,84.35249328613281,84.35249328613281,-2.193450927734375,-1.239776611328125,,,,95.98731994628906,82.3974609375,-13.589859008789062,57.22920540255768,29.459789958770443,,QuantData term-structure
2026-08-18T12:15:00-04:00,2028-01-21,521,200.0,put,-0.026010146391286324,93.88923645019531,875.6,fixed_strike,84.73396301269531,89.02549743652344,88.26255798339844,85.02006530761719,85.02006530761719,-3.24249267578125,1.9073486328125,,,,95.98731994628906,82.3974609375,-13.589859008789062,57.22920540255768,27.50475761013763,,QuantData term-structure
2026-08-18T12:15:00-04:00,2028-01-21,521,300.0,put,-0.05379725404752522,90.45600891113281,875.6,fixed_strike,84.73396301269531,89.02549743652344,88.26255798339844,85.02006530761719,85.02006530761719,-3.24249267578125,1.9073486328125,,,,95.98731994628906,82.3974609375,-13.589859008789062,57.22920540255768,27.50475761013763,,QuantData term-structure
2026-08-18T12:15:00-04:00,2028-01-21,521,330.0,put,-0.06394616434915784,89.78843688964844,875.6,fixed_strike,84.73396301269531,89.02549743652344,88.26255798339844,85.02006530761719,85.02006530761719,-3.24249267578125,1.9073486328125,,,,95.98731994628906,82.3974609375,-13.589859008789062,57.22920540255768,27.50475761013763,,QuantData term-structure
2026-08-18T12:15:00-04:00,2028-01-21,521,350.0,put,-0.07208293385863063,89.31159973144531,875.6,fixed_strike,84.73396301269531,89.02549743652344,88.26255798339844,85.02006530761719,85.02006530761719,-3.24249267578125,1.9073486328125,,,,95.98731994628906,82.3974609375,-13.589859008789062,57.22920540255768,27.50475761013763,,QuantData term-structure
2026-08-18T12:15:00-04:00,2028-01-21,521,360.0,put,-0.07542796902877308,89.40696716308594,875.6,fixed_strike,84.73396301269531,89.02549743652344,88.26255798339844,85.02006530761719,85.02006530761719,-3.24249267578125,1.9073486328125,,,,95.98731994628906,82.3974609375,-13.589859008789062,57.22920540255768,27.50475761013763,,QuantData term-structure
2026-08-18T12:15:00-04:00,2028-01-21,521,370.0,put,-0.0791288515919572,89.02549743652344,875.6,fixed_strike,84.73396301269531,89.02549743652344,88.26255798339844,85.02006530761719,85.02006530761719,-3.24249267578125,1.9073486328125,,,,95.98731994628906,82.3974609375,-13.589859008789062,57.22920540255768,27.50475761013763,,QuantData term-structure
2026-08-18T12:15:00-04:00,2028-01-21,521,380.0,call,0.9247716959573833,88.45329284667969,875.6,fixed_strike,84.73396301269531,89.02549743652344,88.26255798339844,85.02006530761719,85.02006530761719,-3.24249267578125,1.9073486328125,,,,95.98731994628906,82.3974609375,-13.589859008789062,57.22920540255768,27.50475761013763,,QuantData term-structure
2026-08-18T12:15:00-04:00,2028-01-21,521,380.0,put,-0.0830589735947394,88.73939514160156,875.6,fixed_strike,84.73396301269531,89.02549743652344,88.26255798339844,85.02006530761719,85.02006530761719,-3.24249267578125,1.9073486328125,,,,95.98731994628906,82.3974609375,-13.589859008789062,57.22920540255768,27.50475761013763,,QuantData term-structure
2026-08-18T12:15:00-04:00,2028-01-21,521,390.0,put,-0.08218128575020928,88.35792541503906,875.6,fixed_strike,84.73396301269531,89.02549743652344,88.26255798339844,85.02006530761719,85.02006530761719,-3.24249267578125,1.9073486328125,,,,95.98731994628906,82.3974609375,-13.589859008789062,57.22920540255768,27.50475761013763,,QuantData term-structure
2026-08-18T12:15:00-04:00,2028-01-21,521,400.0,call,0.9093645583719503,87.59498596191406,875.6,fixed_strike,84.73396301269531,89.02549743652344,88.26255798339844,85.02006530761719,85.02006530761719,-3.24249267578125,1.9073486328125,,,,95.98731994628906,82.3974609375,-13.589859008789062,57.22920540255768,27.50475761013763,,QuantData term-structure
2026-08-18T12:15:00-04:00,2028-01-21,521,400.0,put,-0.08610869123010761,89.02549743652344,875.6,fixed_strike,84.73396301269531,89.02549743652344,88.26255798339844,85.02006530761719,85.02006530761719,-3.24249267578125,1.9073486328125,,,,95.98731994628906,82.3974609375,-13.589859008789062,57.22920540255768,27.50475761013763,,QuantData term-structure
2026-08-18T12:15:00-04:00,2028-01-21,521,490.0,put,-0.11987637132299944,87.69035339355469,875.6,fixed_strike,84.73396301269531,89.02549743652344,88.26255798339844,85.02006530761719,85.02006530761719,-3.24249267578125,1.9073486328125,,,,95.98731994628906,82.3974609375,-13.589859008789062,57.22920540255768,27.50475761013763,,QuantData term-structure
2026-08-18T12:15:00-04:00,2028-01-21,521,500.0,put,-0.12359104415333744,88.64402770996094,875.6,fixed_strike,84.73396301269531,89.02549743652344,88.26255798339844,85.02006530761719,85.02006530761719,-3.24249267578125,1.9073486328125,,,,95.98731994628906,82.3974609375,-13.589859008789062,57.22920540255768,27.50475761013763,,QuantData term-structure
2026-08-18T12:15:00-04:00,2028-01-21,521,540.0,put,-0.13974569981586005,87.40425109863281,875.6,fixed_strike,84.73396301269531,89.02549743652344,88.26255798339844,85.02006530761719,85.02006530761719,-3.24249267578125,1.9073486328125,,,,95.98731994628906,82.3974609375,-13.589859008789062,57.22920540255768,27.50475761013763,,QuantData term-structure
2026-08-18T12:15:00-04:00,2028-01-21,521,560.0,put,-0.14735178854604924,87.69035339355469,875.6,fixed_strike,84.73396301269531,89.02549743652344,88.26255798339844,85.02006530761719,85.02006530761719,-3.24249267578125,1.9073486328125,,,,95.98731994628906,82.3974609375,-13.589859008789062,57.22920540255768,27.50475761013763,,QuantData term-structure
2026-08-18T12:15:00-04:00,2028-01-21,521,650.0,put,-0.1902084298464476,87.59498596191406,875.6,fixed_strike,84.73396301269531,89.02549743652344,88.26255798339844,85.02006530761719,85.02006530761719,-3.24249267578125,1.9073486328125,,,,95.98731994628906,82.3974609375,-13.589859008789062,57.22920540255768,27.50475761013763,,QuantData term-structure
2026-08-18T12:15:00-04:00,2028-01-21,521,660.0,put,-0.19179830743531479,87.69035339355469,875.6,fixed_strike,84.73396301269531,89.02549743652344,88.26255798339844,85.02006530761719,85.02006530761719,-3.24249267578125,1.9073486328125,,,,95.98731994628906,82.3974609375,-13.589859008789062,57.22920540255768,27.50475761013763,,QuantData term-structure
2026-08-18T12:15:00-04:00,2028-01-21,521,700.0,call,0.7909739966202115,86.16447448730469,875.6,fixed_strike,84.73396301269531,89.02549743652344,88.26255798339844,85.02006530761719,85.02006530761719,-3.24249267578125,1.9073486328125,,,,95.98731994628906,82.3974609375,-13.589859008789062,57.22920540255768,27.50475761013763,,QuantData term-structure
2026-08-18T12:15:00-04:00,2028-01-21,521,700.0,put,-0.20508927611935734,87.40425109863281,875.6,fixed_strike,84.73396301269531,89.02549743652344,88.26255798339844,85.02006530761719,85.02006530761719,-3.24249267578125,1.9073486328125,,,,95.98731994628906,82.3974609375,-13.589859008789062,57.22920540255768,27.50475761013763,,QuantData term-structure
2026-08-18T12:15:00-04:00,2028-01-21,521,710.0,put,-0.2130492614693575,87.59498596191406,875.6,fixed_strike,84.73396301269531,89.02549743652344,88.26255798339844,85.02006530761719,85.02006530761719,-3.24249267578125,1.9073486328125,,,,95.98731994628906,82.3974609375,-13.589859008789062,57.22920540255768,27.50475761013763,,QuantData term-structure
2026-08-18T12:15:00-04:00,2028-01-21,521,780.0,put,-0.23783297293708555,88.26255798339844,875.6,fixed_strike,84.73396301269531,89.02549743652344,88.26255798339844,85.02006530761719,85.02006530761719,-3.24249267578125,1.9073486328125,,,,95.98731994628906,82.3974609375,-13.589859008789062,57.22920540255768,27.50475761013763,,QuantData term-structure
2026-08-18T12:15:00-04:00,2028-01-21,521,830.0,call,0.7375831889774032,85.11543273925781,875.6,fixed_strike,84.73396301269531,89.02549743652344,88.26255798339844,85.02006530761719,85.02006530761719,-3.24249267578125,1.9073486328125,,,,95.98731994628906,82.3974609375,-13.589859008789062,57.22920540255768,27.50475761013763,,QuantData term-structure
2026-08-18T12:15:00-04:00,2028-01-21,521,880.0,call,0.7179801886761755,84.73396301269531,875.6,fixed_strike,84.73396301269531,89.02549743652344,88.26255798339844,85.02006530761719,85.02006530761719,-3.24249267578125,1.9073486328125,,,,95.98731994628906,82.3974609375,-13.589859008789062,57.22920540255768,27.50475761013763,,QuantData term-structure
2026-08-18T12:15:00-04:00,2028-01-21,521,910.0,call,0.7166366246344261,85.21080017089844,875.6,fixed_strike,84.73396301269531,89.02549743652344,88.26255798339844,85.02006530761719,85.02006530761719,-3.24249267578125,1.9073486328125,,,,95.98731994628906,82.3974609375,-13.589859008789062,57.22920540255768,27.50475761013763,,QuantData term-structure
2026-08-18T12:15:00-04:00,2028-01-21,521,1000.0,call,0.6793077764193318,84.82933044433594,875.6,fixed_strike,84.73396301269531,89.02549743652344,88.26255798339844,85.02006530761719,85.02006530761719,-3.24249267578125,1.9073486328125,,,,95.98731994628906,82.3974609375,-13.589859008789062,57.22920540255768,27.50475761013763,,QuantData term-structure
2026-08-18T12:15:00-04:00,2028-01-21,521,1050.0,put,-0.3303652894916002,89.69306945800781,875.6,fixed_strike,84.73396301269531,89.02549743652344,88.26255798339844,85.02006530761719,85.02006530761719,-3.24249267578125,1.9073486328125,,,,95.98731994628906,82.3974609375,-13.589859008789062,57.22920540255768,27.50475761013763,,QuantData term-structure
2026-08-18T12:15:00-04:00,2028-01-21,521,1100.0,call,0.6423567604078003,85.40153503417969,875.6,fixed_strike,84.73396301269531,89.02549743652344,88.26255798339844,85.02006530761719,85.02006530761719,-3.24249267578125,1.9073486328125,,,,95.98731994628906,82.3974609375,-13.589859008789062,57.22920540255768,27.50475761013763,,QuantData term-structure
2026-08-18T12:15:00-04:00,2028-01-21,521,1560.0,call,0.5076856892972887,84.82933044433594,875.6,fixed_strike,84.73396301269531,89.02549743652344,88.26255798339844,85.02006530761719,85.02006530761719,-3.24249267578125,1.9073486328125,,,,95.98731994628906,82.3974609375,-13.589859008789062,57.22920540255768,27.50475761013763,,QuantData term-structure
2026-08-18T12:15:00-04:00,2028-01-21,521,1600.0,call,0.4958417897197857,85.02006530761719,875.6,fixed_strike,84.73396301269531,89.02549743652344,88.26255798339844,85.02006530761719,85.02006530761719,-3.24249267578125,1.9073486328125,,,,95.98731994628906,82.3974609375,-13.589859008789062,57.22920540255768,27.50475761013763,,QuantData term-structure
2026-08-18T12:15:00-04:00,2028-06-16,668,310.0,put,-0.05961956557585407,90.26527404785156,875.6,fixed_strike,89.40696716308594,89.02549743652344,89.59770202636719,84.63859558105469,84.63859558105469,-4.9591064453125,-2.288818359375,,,,95.98731994628906,82.3974609375,-13.589859008789062,57.22920540255768,32.177761760528256,,QuantData term-structure
2026-08-18T12:15:00-04:00,2028-06-16,668,330.0,put,-0.06635856494702919,90.16990661621094,875.6,fixed_strike,89.40696716308594,89.02549743652344,89.59770202636719,84.63859558105469,84.63859558105469,-4.9591064453125,-2.288818359375,,,,95.98731994628906,82.3974609375,-13.589859008789062,57.22920540255768,32.177761760528256,,QuantData term-structure
2026-08-18T12:15:00-04:00,2028-06-16,668,350.0,put,-0.0727992759839266,89.97917175292969,875.6,fixed_strike,89.40696716308594,89.02549743652344,89.59770202636719,84.63859558105469,84.63859558105469,-4.9591064453125,-2.288818359375,,,,95.98731994628906,82.3974609375,-13.589859008789062,57.22920540255768,32.177761760528256,,QuantData term-structure
2026-08-18T12:15:00-04:00,2028-06-16,668,360.0,put,-0.07435723267222288,89.12086486816406,875.6,fixed_strike,89.40696716308594,89.02549743652344,89.59770202636719,84.63859558105469,84.63859558105469,-4.9591064453125,-2.288818359375,,,,95.98731994628906,82.3974609375,-13.589859008789062,57.22920540255768,32.177761760528256,,QuantData term-structure
2026-08-18T12:15:00-04:00,2028-06-16,668,370.0,put,-0.08126876621597812,89.40696716308594,875.6,fixed_strike,89.40696716308594,89.02549743652344,89.59770202636719,84.63859558105469,84.63859558105469,-4.9591064453125,-2.288818359375,,,,95.98731994628906,82.3974609375,-13.589859008789062,57.22920540255768,32.177761760528256,,QuantData term-structure
2026-08-18T12:15:00-04:00,2028-06-16,668,380.0,put,-0.08371647671178589,89.59770202636719,875.6,fixed_strike,89.40696716308594,89.02549743652344,89.59770202636719,84.63859558105469,84.63859558105469,-4.9591064453125,-2.288818359375,,,,95.98731994628906,82.3974609375,-13.589859008789062,57.22920540255768,32.177761760528256,,QuantData term-structure
2026-08-18T12:15:00-04:00,2028-06-16,668,390.0,put,-0.08320876656872805,89.21623229980469,875.6,fixed_strike,89.40696716308594,89.02549743652344,89.59770202636719,84.63859558105469,84.63859558105469,-4.9591064453125,-2.288818359375,,,,95.98731994628906,82.3974609375,-13.589859008789062,57.22920540255768,32.177761760528256,,QuantData term-structure
2026-08-18T12:15:00-04:00,2028-06-16,668,420.0,put,-0.0916879561657053,90.07453918457031,875.6,fixed_strike,89.40696716308594,89.02549743652344,89.59770202636719,84.63859558105469,84.63859558105469,-4.9591064453125,-2.288818359375,,,,95.98731994628906,82.3974609375,-13.589859008789062,57.22920540255768,32.177761760528256,,QuantData term-structure
2026-08-18T12:15:00-04:00,2028-06-16,668,430.0,put,-0.10039882588576815,89.02549743652344,875.6,fixed_strike,89.40696716308594,89.02549743652344,89.59770202636719,84.63859558105469,84.63859558105469,-4.9591064453125,-2.288818359375,,,,95.98731994628906,82.3974609375,-13.589859008789062,57.22920540255768,32.177761760528256,,QuantData term-structure
2026-08-18T12:15:00-04:00,2028-06-16,668,450.0,put,-0.10115936612997029,89.21623229980469,875.6,fixed_strike,89.40696716308594,89.02549743652344,89.59770202636719,84.63859558105469,84.63859558105469,-4.9591064453125,-2.288818359375,,,,95.98731994628906,82.3974609375,-13.589859008789062,57.22920540255768,32.177761760528256,,QuantData term-structure
2026-08-18T12:15:00-04:00,2028-06-16,668,560.0,put,-0.13724205114013516,88.35792541503906,875.6,fixed_strike,89.40696716308594,89.02549743652344,89.59770202636719,84.63859558105469,84.63859558105469,-4.9591064453125,-2.288818359375,,,,95.98731994628906,82.3974609375,-13.589859008789062,57.22920540255768,32.177761760528256,,QuantData term-structure
2026-08-18T12:15:00-04:00,2028-06-16,668,580.0,put,-0.15277235967415043,88.16719055175781,875.6,fixed_strike,89.40696716308594,89.02549743652344,89.59770202636719,84.63859558105469,84.63859558105469,-4.9591064453125,-2.288818359375,,,,95.98731994628906,82.3974609375,-13.589859008789062,57.22920540255768,32.177761760528256,,QuantData term-structure
2026-08-18T12:15:00-04:00,2028-06-16,668,600.0,put,-0.16087213805828443,87.88108825683594,875.6,fixed_strike,89.40696716308594,89.02549743652344,89.59770202636719,84.63859558105469,84.63859558105469,-4.9591064453125,-2.288818359375,,,,95.98731994628906,82.3974609375,-13.589859008789062,57.22920540255768,32.177761760528256,,QuantData term-structure
2026-08-18T12:15:00-04:00,2028-06-16,668,620.0,put,-0.16811971498044576,88.07182312011719,875.6,fixed_strike,89.40696716308594,89.02549743652344,89.59770202636719,84.63859558105469,84.63859558105469,-4.9591064453125,-2.288818359375,,,,95.98731994628906,82.3974609375,-13.589859008789062,57.22920540255768,32.177761760528256,,QuantData term-structure
2026-08-18T12:15:00-04:00,2028-06-16,668,800.0,put,-0.21006066509639293,89.40696716308594,875.6,fixed_strike,89.40696716308594,89.02549743652344,89.59770202636719,84.63859558105469,84.63859558105469,-4.9591064453125,-2.288818359375,,,,95.98731994628906,82.3974609375,-13.589859008789062,57.22920540255768,32.177761760528256,,QuantData term-structure
2026-08-18T12:15:00-04:00,2028-06-16,668,990.0,call,0.7221754698518712,85.11543273925781,875.6,fixed_strike,89.40696716308594,89.02549743652344,89.59770202636719,84.63859558105469,84.63859558105469,-4.9591064453125,-2.288818359375,,,,95.98731994628906,82.3974609375,-13.589859008789062,57.22920540255768,32.177761760528256,,QuantData term-structure
2026-08-18T12:15:00-04:00,2028-06-16,668,990.0,put,-0.2681712995634301,89.59770202636719,875.6,fixed_strike,89.40696716308594,89.02549743652344,89.59770202636719,84.63859558105469,84.63859558105469,-4.9591064453125,-2.288818359375,,,,95.98731994628906,82.3974609375,-13.589859008789062,57.22920540255768,32.177761760528256,,QuantData term-structure
2026-08-18T12:15:00-04:00,2028-06-16,668,1590.0,call,0.553651197684921,84.63859558105469,875.6,fixed_strike,89.40696716308594,89.02549743652344,89.59770202636719,84.63859558105469,84.63859558105469,-4.9591064453125,-2.288818359375,,,,95.98731994628906,82.3974609375,-13.589859008789062,57.22920540255768,32.177761760528256,,QuantData term-structure
2026-08-18T12:15:00-04:00,2028-06-16,668,1600.0,call,0.5755721061495187,85.59226989746094,875.6,fixed_strike,89.40696716308594,89.02549743652344,89.59770202636719,84.63859558105469,84.63859558105469,-4.9591064453125,-2.288818359375,,,,95.98731994628906,82.3974609375,-13.589859008789062,57.22920540255768,32.177761760528256,,QuantData term-structure
2026-08-18T12:15:00-04:00,2028-09-15,759,310.0,put,-0.0627703267509126,90.16990661621094,875.6,fixed_strike,88.73939514160156,89.69306945800781,88.73939514160156,84.63859558105469,84.63859558105469,-4.100799560546875,-2.0503997802734375,,,,95.98731994628906,82.3974609375,-13.589859008789062,57.22920540255768,31.51018973904388,,QuantData term-structure
2026-08-18T12:15:00-04:00,2028-09-15,759,380.0,put,-0.07872812614516067,90.26527404785156,875.6,fixed_strike,88.73939514160156,89.69306945800781,88.73939514160156,84.63859558105469,84.63859558105469,-4.100799560546875,-2.0503997802734375,,,,95.98731994628906,82.3974609375,-13.589859008789062,57.22920540255768,31.51018973904388,,QuantData term-structure
2026-08-18T12:15:00-04:00,2028-09-15,759,390.0,put,-0.08166886548344665,90.16990661621094,875.6,fixed_strike,88.73939514160156,89.69306945800781,88.73939514160156,84.63859558105469,84.63859558105469,-4.100799560546875,-2.0503997802734375,,,,95.98731994628906,82.3974609375,-13.589859008789062,57.22920540255768,31.51018973904388,,QuantData term-structure
2026-08-18T12:15:00-04:00,2028-09-15,759,400.0,put,-0.0873205453250891,89.69306945800781,875.6,fixed_strike,88.73939514160156,89.69306945800781,88.73939514160156,84.63859558105469,84.63859558105469,-4.100799560546875,-2.0503997802734375,,,,95.98731994628906,82.3974609375,-13.589859008789062,57.22920540255768,31.51018973904388,,QuantData term-structure
2026-08-18T12:15:00-04:00,2028-09-15,759,410.0,put,-0.08761636010635182,89.97917175292969,875.6,fixed_strike,88.73939514160156,89.69306945800781,88.73939514160156,84.63859558105469,84.63859558105469,-4.100799560546875,-2.0503997802734375,,,,95.98731994628906,82.3974609375,-13.589859008789062,57.22920540255768,31.51018973904388,,QuantData term-structure
2026-08-18T12:15:00-04:00,2028-09-15,759,440.0,put,-0.09660365977426433,89.69306945800781,875.6,fixed_strike,88.73939514160156,89.69306945800781,88.73939514160156,84.63859558105469,84.63859558105469,-4.100799560546875,-2.0503997802734375,,,,95.98731994628906,82.3974609375,-13.589859008789062,57.22920540255768,31.51018973904388,,QuantData term-structure
2026-08-18T12:15:00-04:00,2028-09-15,759,490.0,put,-0.1151838285268193,88.45329284667969,875.6,fixed_strike,88.73939514160156,89.69306945800781,88.73939514160156,84.63859558105469,84.63859558105469,-4.100799560546875,-2.0503997802734375,,,,95.98731994628906,82.3974609375,-13.589859008789062,57.22920540255768,31.51018973904388,,QuantData term-structure
2026-08-18T12:15:00-04:00,2028-09-15,759,500.0,put,-0.11833067895893934,88.26255798339844,875.6,fixed_strike,88.73939514160156,89.69306945800781,88.73939514160156,84.63859558105469,84.63859558105469,-4.100799560546875,-2.0503997802734375,,,,95.98731994628906,82.3974609375,-13.589859008789062,57.22920540255768,31.51018973904388,,QuantData term-structure
2026-08-18T12:15:00-04:00,2028-09-15,759,560.0,put,-0.13762096402364915,88.26255798339844,875.6,fixed_strike,88.73939514160156,89.69306945800781,88.73939514160156,84.63859558105469,84.63859558105469,-4.100799560546875,-2.0503997802734375,,,,95.98731994628906,82.3974609375,-13.589859008789062,57.22920540255768,31.51018973904388,,QuantData term-structure
2026-08-18T12:15:00-04:00,2028-09-15,759,570.0,put,-0.14060991670358025,88.45329284667969,875.6,fixed_strike,88.73939514160156,89.69306945800781,88.73939514160156,84.63859558105469,84.63859558105469,-4.100799560546875,-2.0503997802734375,,,,95.98731994628906,82.3974609375,-13.589859008789062,57.22920540255768,31.51018973904388,,QuantData term-structure
2026-08-18T12:15:00-04:00,2028-09-15,759,580.0,put,-0.1465563825986333,88.93013000488281,875.6,fixed_strike,88.73939514160156,89.69306945800781,88.73939514160156,84.63859558105469,84.63859558105469,-4.100799560546875,-2.0503997802734375,,,,95.98731994628906,82.3974609375,-13.589859008789062,57.22920540255768,31.51018973904388,,QuantData term-structure
2026-08-18T12:15:00-04:00,2028-09-15,759,590.0,put,-0.1505135281882215,88.45329284667969,875.6,fixed_strike,88.73939514160156,89.69306945800781,88.73939514160156,84.63859558105469,84.63859558105469,-4.100799560546875,-2.0503997802734375,,,,95.98731994628906,82.3974609375,-13.589859008789062,57.22920540255768,31.51018973904388,,QuantData term-structure
2026-08-18T12:15:00-04:00,2028-09-15,759,600.0,put,-0.1529814858190342,88.16719055175781,875.6,fixed_strike,88.73939514160156,89.69306945800781,88.73939514160156,84.63859558105469,84.63859558105469,-4.100799560546875,-2.0503997802734375,,,,95.98731994628906,82.3974609375,-13.589859008789062,57.22920540255768,31.51018973904388,,QuantData term-structure
2026-08-18T12:15:00-04:00,2028-09-15,759,650.0,put,-0.16151638000087543,88.73939514160156,875.6,fixed_strike,88.73939514160156,89.69306945800781,88.73939514160156,84.63859558105469,84.63859558105469,-4.100799560546875,-2.0503997802734375,,,,95.98731994628906,82.3974609375,-13.589859008789062,57.22920540255768,31.51018973904388,,QuantData term-structure
2026-08-18T12:15:00-04:00,2028-09-15,759,1210.0,call,0.6688376472707022,84.82933044433594,875.6,fixed_strike,88.73939514160156,89.69306945800781,88.73939514160156,84.63859558105469,84.63859558105469,-4.100799560546875,-2.0503997802734375,,,,95.98731994628906,82.3974609375,-13.589859008789062,57.22920540255768,31.51018973904388,,QuantData term-structure
2026-08-18T12:15:00-04:00,2028-09-15,759,1590.0,call,0.5991779963041427,84.63859558105469,875.6,fixed_strike,88.73939514160156,89.69306945800781,88.73939514160156,84.63859558105469,84.63859558105469,-4.100799560546875,-2.0503997802734375,,,,95.98731994628906,82.3974609375,-13.589859008789062,57.22920540255768,31.51018973904388,,QuantData term-structure
2026-08-18T12:15:00-04:00,2028-12-15,850,310.0,put,-0.057855928719925565,88.83476257324219,875.6,fixed_strike,85.21080017089844,89.12086486816406,90.74211120605469,84.25712585449219,84.25712585449219,-6.4849853515625,2.288818359375,,,,95.98731994628906,82.3974609375,-13.589859008789062,57.22920540255768,27.981594768340756,,QuantData term-structure
2026-08-18T12:15:00-04:00,2028-12-15,850,330.0,put,-0.06734744975667989,88.54866027832031,875.6,fixed_strike,85.21080017089844,89.12086486816406,90.74211120605469,84.25712585449219,84.25712585449219,-6.4849853515625,2.288818359375,,,,95.98731994628906,82.3974609375,-13.589859008789062,57.22920540255768,27.981594768340756,,QuantData term-structure
2026-08-18T12:15:00-04:00,2028-12-15,850,350.0,put,-0.07459358796501886,89.88380432128906,875.6,fixed_strike,85.21080017089844,89.12086486816406,90.74211120605469,84.25712585449219,84.25712585449219,-6.4849853515625,2.288818359375,,,,95.98731994628906,82.3974609375,-13.589859008789062,57.22920540255768,27.981594768340756,,QuantData term-structure
2026-08-18T12:15:00-04:00,2028-12-15,850,370.0,put,-0.07519198368088353,91.02821350097656,875.6,fixed_strike,85.21080017089844,89.12086486816406,90.74211120605469,84.25712585449219,84.25712585449219,-6.4849853515625,2.288818359375,,,,95.98731994628906,82.3974609375,-13.589859008789062,57.22920540255768,27.981594768340756,,QuantData term-structure
2026-08-18T12:15:00-04:00,2028-12-15,850,400.0,put,-0.08979491138922563,89.12086486816406,875.6,fixed_strike,85.21080017089844,89.12086486816406,90.74211120605469,84.25712585449219,84.25712585449219,-6.4849853515625,2.288818359375,,,,95.98731994628906,82.3974609375,-13.589859008789062,57.22920540255768,27.981594768340756,,QuantData term-structure
2026-08-18T12:15:00-04:00,2028-12-15,850,480.0,put,-0.11298670264586413,89.69306945800781,875.6,fixed_strike,85.21080017089844,89.12086486816406,90.74211120605469,84.25712585449219,84.25712585449219,-6.4849853515625,2.288818359375,,,,95.98731994628906,82.3974609375,-13.589859008789062,57.22920540255768,27.981594768340756,,QuantData term-structure
2026-08-18T12:15:00-04:00,2028-12-15,850,500.0,put,-0.11891139269307688,89.02549743652344,875.6,fixed_strike,85.21080017089844,89.12086486816406,90.74211120605469,84.25712585449219,84.25712585449219,-6.4849853515625,2.288818359375,,,,95.98731994628906,82.3974609375,-13.589859008789062,57.22920540255768,27.981594768340756,,QuantData term-structure
2026-08-18T12:15:00-04:00,2028-12-15,850,530.0,put,-0.1260658182163642,88.93013000488281,875.6,fixed_strike,85.21080017089844,89.12086486816406,90.74211120605469,84.25712585449219,84.25712585449219,-6.4849853515625,2.288818359375,,,,95.98731994628906,82.3974609375,-13.589859008789062,57.22920540255768,27.981594768340756,,QuantData term-structure
2026-08-18T12:15:00-04:00,2028-12-15,850,590.0,put,-0.14122068713363195,88.73939514160156,875.6,fixed_strike,85.21080017089844,89.12086486816406,90.74211120605469,84.25712585449219,84.25712585449219,-6.4849853515625,2.288818359375,,,,95.98731994628906,82.3974609375,-13.589859008789062,57.22920540255768,27.981594768340756,,QuantData term-structure
2026-08-18T12:15:00-04:00,2028-12-15,850,600.0,put,-0.14852886209891075,88.45329284667969,875.6,fixed_strike,85.21080017089844,89.12086486816406,90.74211120605469,84.25712585449219,84.25712585449219,-6.4849853515625,2.288818359375,,,,95.98731994628906,82.3974609375,-13.589859008789062,57.22920540255768,27.981594768340756,,QuantData term-structure
2026-08-18T12:15:00-04:00,2028-12-15,850,610.0,put,-0.1495638885863344,89.59770202636719,875.6,fixed_strike,85.21080017089844,89.12086486816406,90.74211120605469,84.25712585449219,84.25712585449219,-6.4849853515625,2.288818359375,,,,95.98731994628906,82.3974609375,-13.589859008789062,57.22920540255768,27.981594768340756,,QuantData term-structure
2026-08-18T12:15:00-04:00,2028-12-15,850,680.0,put,-0.16922424151298704,89.02549743652344,875.6,fixed_strike,85.21080017089844,89.12086486816406,90.74211120605469,84.25712585449219,84.25712585449219,-6.4849853515625,2.288818359375,,,,95.98731994628906,82.3974609375,-13.589859008789062,57.22920540255768,27.981594768340756,,QuantData term-structure
2026-08-18T12:15:00-04:00,2028-12-15,850,700.0,call,0.8229508156972971,86.35520935058594,875.6,fixed_strike,85.21080017089844,89.12086486816406,90.74211120605469,84.25712585449219,84.25712585449219,-6.4849853515625,2.288818359375,,,,95.98731994628906,82.3974609375,-13.589859008789062,57.22920540255768,27.981594768340756,,QuantData term-structure
2026-08-18T12:15:00-04:00,2028-12-15,850,820.0,put,-0.20357292230876267,90.55137634277344,875.6,fixed_strike,85.21080017089844,89.12086486816406,90.74211120605469,84.25712585449219,84.25712585449219,-6.4849853515625,2.288818359375,,,,95.98731994628906,82.3974609375,-13.589859008789062,57.22920540255768,27.981594768340756,,QuantData term-structure
2026-08-18T12:15:00-04:00,2028-12-15,850,840.0,put,-0.20366214627480417,90.74211120605469,875.6,fixed_strike,85.21080017089844,89.12086486816406,90.74211120605469,84.25712585449219,84.25712585449219,-6.4849853515625,2.288818359375,,,,95.98731994628906,82.3974609375,-13.589859008789062,57.22920540255768,27.981594768340756,,QuantData term-structure
2026-08-18T12:15:00-04:00,2028-12-15,850,850.0,call,0.7780725602334466,85.21080017089844,875.6,fixed_strike,85.21080017089844,89.12086486816406,90.74211120605469,84.25712585449219,84.25712585449219,-6.4849853515625,2.288818359375,,,,95.98731994628906,82.3974609375,-13.589859008789062,57.22920540255768,27.981594768340756,,QuantData term-structure
2026-08-18T12:15:00-04:00,2028-12-15,850,1000.0,call,0.7383306406742753,84.92469787597656,875.6,fixed_strike,85.21080017089844,89.12086486816406,90.74211120605469,84.25712585449219,84.25712585449219,-6.4849853515625,2.288818359375,,,,95.98731994628906,82.3974609375,-13.589859008789062,57.22920540255768,27.981594768340756,,QuantData term-structure
2026-08-18T12:15:00-04:00,2028-12-15,850,1000.0,put,-0.24727210254852988,90.74211120605469,875.6,fixed_strike,85.21080017089844,89.12086486816406,90.74211120605469,84.25712585449219,84.25712585449219,-6.4849853515625,2.288818359375,,,,95.98731994628906,82.3974609375,-13.589859008789062,57.22920540255768,27.981594768340756,,QuantData term-structure
2026-08-18T12:15:00-04:00,2028-12-15,850,1050.0,call,0.7241571545864387,84.35249328613281,875.6,fixed_strike,85.21080017089844,89.12086486816406,90.74211120605469,84.25712585449219,84.25712585449219,-6.4849853515625,2.288818359375,,,,95.98731994628906,82.3974609375,-13.589859008789062,57.22920540255768,27.981594768340756,,QuantData term-structure
2026-08-18T12:15:00-04:00,2028-12-15,850,1200.0,call,0.6893571617332062,84.54322814941406,875.6,fixed_strike,85.21080017089844,89.12086486816406,90.74211120605469,84.25712585449219,84.25712585449219,-6.4849853515625,2.288818359375,,,,95.98731994628906,82.3974609375,-13.589859008789062,57.22920540255768,27.981594768340756,,QuantData term-structure
2026-08-18T12:15:00-04:00,2028-12-15,850,1200.0,put,-0.28532338508280364,92.36335754394531,875.6,fixed_strike,85.21080017089844,89.12086486816406,90.74211120605469,84.25712585449219,84.25712585449219,-6.4849853515625,2.288818359375,,,,95.98731994628906,82.3974609375,-13.589859008789062,57.22920540255768,27.981594768340756,,QuantData term-structure
2026-08-18T12:15:00-04:00,2028-12-15,850,1400.0,call,0.6444913092503759,84.25712585449219,875.6,fixed_strike,85.21080017089844,89.12086486816406,90.74211120605469,84.25712585449219,84.25712585449219,-6.4849853515625,2.288818359375,,,,95.98731994628906,82.3974609375,-13.589859008789062,57.22920540255768,27.981594768340756,,QuantData term-structure
2026-08-18T12:15:00-04:00,2028-12-15,850,1400.0,put,-0.31724481324553444,94.17533874511719,875.6,fixed_strike,85.21080017089844,89.12086486816406,90.74211120605469,84.25712585449219,84.25712585449219,-6.4849853515625,2.288818359375,,,,95.98731994628906,82.3974609375,-13.589859008789062,57.22920540255768,27.981594768340756,,QuantData term-structure
2026-08-18T12:15:00-04:00,2028-12-15,850,1590.0,call,0.6183986364875051,84.35249328613281,875.6,fixed_strike,85.21080017089844,89.12086486816406,90.74211120605469,84.25712585449219,84.25712585449219,-6.4849853515625,2.288818359375,,,,95.98731994628906,82.3974609375,-13.589859008789062,57.22920540255768,27.981594768340756,,QuantData term-structure
2026-08-18T12:15:00-04:00,2028-12-15,850,1600.0,call,0.6051082742606517,84.25712585449219,875.6,fixed_strike,85.21080017089844,89.12086486816406,90.74211120605469,84.25712585449219,84.25712585449219,-6.4849853515625,2.288818359375,,,,95.98731994628906,82.3974609375,-13.589859008789062,57.22920540255768,27.981594768340756,,QuantData term-structure
2026-08-18T12:15:00-04:00,2028-12-15,850,1600.0,put,-0.3408989130481558,96.55952453613281,875.6,fixed_strike,85.21080017089844,89.12086486816406,90.74211120605469,84.25712585449219,84.25712585449219,-6.4849853515625,2.288818359375,,,,95.98731994628906,82.3974609375,-13.589859008789062,57.22920540255768,27.981594768340756,,QuantData term-structure
