timestamp,expiration,strike,call_put,gex,vanna_or_vex,charm,delta_exposure,gamma_gradient,vanna_gradient,charm_gradient,delta_change,net_gex,call_gex,put_gex,net_vanna,net_charm,net_delta_exposure,zero_gamma,gamma_flip,underlying_price,contract_multiplier,perspective,gex_unit,source
2026-08-21T12:47:00-04:00,2026-08-21,25.0,call,75.0,-4.0,,416413.0,,,,,73124555.0,113908224.0,-40783669.0,11496705.0,,4621868622.0,,,107.96,100.0,unknown,PER_ONE_DOLLAR_MOVE; exact dollar/contract scaling unverified,QuantData
2026-08-21T12:47:00-04:00,2026-08-21,25.0,put,0.0,0.0,,0.0,,,,,73124555.0,113908224.0,-40783669.0,11496705.0,,4621868622.0,,,107.96,100.0,unknown,PER_ONE_DOLLAR_MOVE; exact dollar/contract scaling unverified,QuantData
2026-08-21T12:47:00-04:00,2026-08-21,30.0,call,0.0,0.0,,6766137.0,,,,,73124555.0,113908224.0,-40783669.0,11496705.0,,4621868622.0,,,107.96,100.0,unknown,PER_ONE_DOLLAR_MOVE; exact dollar/contract scaling unverified,QuantData
2026-08-21T12:47:00-04:00,2026-08-21,30.0,put,0.0,0.0,,0.0,,,,,73124555.0,113908224.0,-40783669.0,11496705.0,,4621868622.0,,,107.96,100.0,unknown,PER_ONE_DOLLAR_MOVE; exact dollar/contract scaling unverified,QuantData
2026-08-21T12:47:00-04:00,2026-08-21,35.0,call,0.0,0.0,,534450.0,,,,,73124555.0,113908224.0,-40783669.0,11496705.0,,4621868622.0,,,107.96,100.0,unknown,PER_ONE_DOLLAR_MOVE; exact dollar/contract scaling unverified,QuantData
2026-08-21T12:47:00-04:00,2026-08-21,35.0,put,0.0,0.0,,0.0,,,,,73124555.0,113908224.0,-40783669.0,11496705.0,,4621868622.0,,,107.96,100.0,unknown,PER_ONE_DOLLAR_MOVE; exact dollar/contract scaling unverified,QuantData
2026-08-21T12:47:00-04:00,2026-08-21,50.0,call,0.0,0.0,,3184072.0,,,,,73124555.0,113908224.0,-40783669.0,11496705.0,,4621868622.0,,,107.96,100.0,unknown,PER_ONE_DOLLAR_MOVE; exact dollar/contract scaling unverified,QuantData
2026-08-21T12:47:00-04:00,2026-08-21,50.0,put,-18547.0,-1420.0,,-156189.0,,,,,73124555.0,113908224.0,-40783669.0,11496705.0,,4621868622.0,,,107.96,100.0,unknown,PER_ONE_DOLLAR_MOVE; exact dollar/contract scaling unverified,QuantData
2026-08-21T12:47:00-04:00,2026-08-21,55.0,call,0.0,0.0,,3331476.0,,,,,73124555.0,113908224.0,-40783669.0,11496705.0,,4621868622.0,,,107.96,100.0,unknown,PER_ONE_DOLLAR_MOVE; exact dollar/contract scaling unverified,QuantData
2026-08-21T12:47:00-04:00,2026-08-21,55.0,put,0.0,0.0,,0.0,,,,,73124555.0,113908224.0,-40783669.0,11496705.0,,4621868622.0,,,107.96,100.0,unknown,PER_ONE_DOLLAR_MOVE; exact dollar/contract scaling unverified,QuantData
2026-08-21T12:47:00-04:00,2026-08-21,60.0,call,4864.0,-244.0,,5776648.0,,,,,73124555.0,113908224.0,-40783669.0,11496705.0,,4621868622.0,,,107.96,100.0,unknown,PER_ONE_DOLLAR_MOVE; exact dollar/contract scaling unverified,QuantData
2026-08-21T12:47:00-04:00,2026-08-21,60.0,put,0.0,0.0,,0.0,,,,,73124555.0,113908224.0,-40783669.0,11496705.0,,4621868622.0,,,107.96,100.0,unknown,PER_ONE_DOLLAR_MOVE; exact dollar/contract scaling unverified,QuantData
2026-08-21T12:47:00-04:00,2026-08-21,65.0,call,0.0,0.0,,13056900.0,,,,,73124555.0,113908224.0,-40783669.0,11496705.0,,4621868622.0,,,107.96,100.0,unknown,PER_ONE_DOLLAR_MOVE; exact dollar/contract scaling unverified,QuantData
2026-08-21T12:47:00-04:00,2026-08-21,65.0,put,-27117.0,-1863.0,,-158571.0,,,,,73124555.0,113908224.0,-40783669.0,11496705.0,,4621868622.0,,,107.96,100.0,unknown,PER_ONE_DOLLAR_MOVE; exact dollar/contract scaling unverified,QuantData
2026-08-21T12:47:00-04:00,2026-08-21,70.0,call,10977.0,-541.0,,7852637.0,,,,,73124555.0,113908224.0,-40783669.0,11496705.0,,4621868622.0,,,107.96,100.0,unknown,PER_ONE_DOLLAR_MOVE; exact dollar/contract scaling unverified,QuantData
2026-08-21T12:47:00-04:00,2026-08-21,70.0,put,-37685.0,-2539.0,,-197288.0,,,,,73124555.0,113908224.0,-40783669.0,11496705.0,,4621868622.0,,,107.96,100.0,unknown,PER_ONE_DOLLAR_MOVE; exact dollar/contract scaling unverified,QuantData
2026-08-21T12:47:00-04:00,2026-08-21,75.0,call,41414.0,-2353.0,,29775358.0,,,,,73124555.0,113908224.0,-40783669.0,11496705.0,,4621868622.0,,,107.96,100.0,unknown,PER_ONE_DOLLAR_MOVE; exact dollar/contract scaling unverified,QuantData
2026-08-21T12:47:00-04:00,2026-08-21,75.0,put,-117382.0,-7137.0,,-600566.0,,,,,73124555.0,113908224.0,-40783669.0,11496705.0,,4621868622.0,,,107.96,100.0,unknown,PER_ONE_DOLLAR_MOVE; exact dollar/contract scaling unverified,QuantData
2026-08-21T12:47:00-04:00,2026-08-21,80.0,call,172285.0,-6393.0,,35364647.0,,,,,73124555.0,113908224.0,-40783669.0,11496705.0,,4621868622.0,,,107.96,100.0,unknown,PER_ONE_DOLLAR_MOVE; exact dollar/contract scaling unverified,QuantData
2026-08-21T12:47:00-04:00,2026-08-21,80.0,put,-74203.0,-4955.0,,-274033.0,,,,,73124555.0,113908224.0,-40783669.0,11496705.0,,4621868622.0,,,107.96,100.0,unknown,PER_ONE_DOLLAR_MOVE; exact dollar/contract scaling unverified,QuantData
2026-08-21T12:47:00-04:00,2026-08-21,82.0,call,0.0,0.0,,0.0,,,,,73124555.0,113908224.0,-40783669.0,11496705.0,,4621868622.0,,,107.96,100.0,unknown,PER_ONE_DOLLAR_MOVE; exact dollar/contract scaling unverified,QuantData
2026-08-21T12:47:00-04:00,2026-08-21,82.0,put,-7156.0,-456.0,,-25473.0,,,,,73124555.0,113908224.0,-40783669.0,11496705.0,,4621868622.0,,,107.96,100.0,unknown,PER_ONE_DOLLAR_MOVE; exact dollar/contract scaling unverified,QuantData
2026-08-21T12:47:00-04:00,2026-08-21,83.0,call,0.0,0.0,,1008140.0,,,,,73124555.0,113908224.0,-40783669.0,11496705.0,,4621868622.0,,,107.96,100.0,unknown,PER_ONE_DOLLAR_MOVE; exact dollar/contract scaling unverified,QuantData
2026-08-21T12:47:00-04:00,2026-08-21,83.0,put,-7246.0,-487.0,,-24543.0,,,,,73124555.0,113908224.0,-40783669.0,11496705.0,,4621868622.0,,,107.96,100.0,unknown,PER_ONE_DOLLAR_MOVE; exact dollar/contract scaling unverified,QuantData
2026-08-21T12:47:00-04:00,2026-08-21,84.0,call,2287.0,-107.0,,431475.0,,,,,73124555.0,113908224.0,-40783669.0,11496705.0,,4621868622.0,,,107.96,100.0,unknown,PER_ONE_DOLLAR_MOVE; exact dollar/contract scaling unverified,QuantData
2026-08-21T12:47:00-04:00,2026-08-21,84.0,put,-5862.0,-393.0,,-19044.0,,,,,73124555.0,113908224.0,-40783669.0,11496705.0,,4621868622.0,,,107.96,100.0,unknown,PER_ONE_DOLLAR_MOVE; exact dollar/contract scaling unverified,QuantData
2026-08-21T12:47:00-04:00,2026-08-21,85.0,call,0.0,0.0,,26464347.0,,,,,73124555.0,113908224.0,-40783669.0,11496705.0,,4621868622.0,,,107.96,100.0,unknown,PER_ONE_DOLLAR_MOVE; exact dollar/contract scaling unverified,QuantData
2026-08-21T12:47:00-04:00,2026-08-21,85.0,put,-72151.0,-4571.0,,-230356.0,,,,,73124555.0,113908224.0,-40783669.0,11496705.0,,4621868622.0,,,107.96,100.0,unknown,PER_ONE_DOLLAR_MOVE; exact dollar/contract scaling unverified,QuantData
2026-08-21T12:47:00-04:00,2026-08-21,86.0,call,0.0,0.0,,1204224.0,,,,,73124555.0,113908224.0,-40783669.0,11496705.0,,4621868622.0,,,107.96,100.0,unknown,PER_ONE_DOLLAR_MOVE; exact dollar/contract scaling unverified,QuantData
2026-08-21T12:47:00-04:00,2026-08-21,86.0,put,-8457.0,-524.0,,-25089.0,,,,,73124555.0,113908224.0,-40783669.0,11496705.0,,4621868622.0,,,107.96,100.0,unknown,PER_ONE_DOLLAR_MOVE; exact dollar/contract scaling unverified,QuantData
2026-08-21T12:47:00-04:00,2026-08-21,87.0,call,16384.0,-647.0,,2219775.0,,,,,73124555.0,113908224.0,-40783669.0,11496705.0,,4621868622.0,,,107.96,100.0,unknown,PER_ONE_DOLLAR_MOVE; exact dollar/contract scaling unverified,QuantData
2026-08-21T12:47:00-04:00,2026-08-21,87.0,put,-59266.0,-3098.0,,-234133.0,,,,,73124555.0,113908224.0,-40783669.0,11496705.0,,4621868622.0,,,107.96,100.0,unknown,PER_ONE_DOLLAR_MOVE; exact dollar/contract scaling unverified,QuantData
2026-08-21T12:47:00-04:00,2026-08-21,88.0,call,0.0,0.0,,4415373.0,,,,,73124555.0,113908224.0,-40783669.0,11496705.0,,4621868622.0,,,107.96,100.0,unknown,PER_ONE_DOLLAR_MOVE; exact dollar/contract scaling unverified,QuantData
2026-08-21T12:47:00-04:00,2026-08-21,88.0,put,-44141.0,-2715.0,,-123764.0,,,,,73124555.0,113908224.0,-40783669.0,11496705.0,,4621868622.0,,,107.96,100.0,unknown,PER_ONE_DOLLAR_MOVE; exact dollar/contract scaling unverified,QuantData
2026-08-21T12:47:00-04:00,2026-08-21,89.0,call,0.0,0.0,,8916965.0,,,,,73124555.0,113908224.0,-40783669.0,11496705.0,,4621868622.0,,,107.96,100.0,unknown,PER_ONE_DOLLAR_MOVE; exact dollar/contract scaling unverified,QuantData
2026-08-21T12:47:00-04:00,2026-08-21,89.0,put,-48675.0,-3074.0,,-128862.0,,,,,73124555.0,113908224.0,-40783669.0,11496705.0,,4621868622.0,,,107.96,100.0,unknown,PER_ONE_DOLLAR_MOVE; exact dollar/contract scaling unverified,QuantData
2026-08-21T12:47:00-04:00,2026-08-21,90.0,call,524432.0,-23708.0,,95162597.0,,,,,73124555.0,113908224.0,-40783669.0,11496705.0,,4621868622.0,,,107.96,100.0,unknown,PER_ONE_DOLLAR_MOVE; exact dollar/contract scaling unverified,QuantData
2026-08-21T12:47:00-04:00,2026-08-21,90.0,put,-204576.0,-12629.0,,-517629.0,,,,,73124555.0,113908224.0,-40783669.0,11496705.0,,4621868622.0,,,107.96,100.0,unknown,PER_ONE_DOLLAR_MOVE; exact dollar/contract scaling unverified,QuantData
2026-08-21T12:47:00-04:00,2026-08-21,91.0,call,6347.0,-429.0,,4016646.0,,,,,73124555.0,113908224.0,-40783669.0,11496705.0,,4621868622.0,,,107.96,100.0,unknown,PER_ONE_DOLLAR_MOVE; exact dollar/contract scaling unverified,QuantData
2026-08-21T12:47:00-04:00,2026-08-21,91.0,put,-77814.0,-4814.0,,-186351.0,,,,,73124555.0,113908224.0,-40783669.0,11496705.0,,4621868622.0,,,107.96,100.0,unknown,PER_ONE_DOLLAR_MOVE; exact dollar/contract scaling unverified,QuantData
2026-08-21T12:47:00-04:00,2026-08-21,92.0,call,0.0,0.0,,9385025.0,,,,,73124555.0,113908224.0,-40783669.0,11496705.0,,4621868622.0,,,107.96,100.0,unknown,PER_ONE_DOLLAR_MOVE; exact dollar/contract scaling unverified,QuantData
2026-08-21T12:47:00-04:00,2026-08-21,92.0,put,-81049.0,-4492.0,,-212673.0,,,,,73124555.0,113908224.0,-40783669.0,11496705.0,,4621868622.0,,,107.96,100.0,unknown,PER_ONE_DOLLAR_MOVE; exact dollar/contract scaling unverified,QuantData
2026-08-21T12:47:00-04:00,2026-08-21,93.0,call,239235.0,-8807.0,,21982584.0,,,,,73124555.0,113908224.0,-40783669.0,11496705.0,,4621868622.0,,,107.96,100.0,unknown,PER_ONE_DOLLAR_MOVE; exact dollar/contract scaling unverified,QuantData
2026-08-21T12:47:00-04:00,2026-08-21,93.0,put,-61375.0,-3673.0,,-134662.0,,,,,73124555.0,113908224.0,-40783669.0,11496705.0,,4621868622.0,,,107.96,100.0,unknown,PER_ONE_DOLLAR_MOVE; exact dollar/contract scaling unverified,QuantData
2026-08-21T12:47:00-04:00,2026-08-21,94.0,call,0.0,0.0,,25758225.0,,,,,73124555.0,113908224.0,-40783669.0,11496705.0,,4621868622.0,,,107.96,100.0,unknown,PER_ONE_DOLLAR_MOVE; exact dollar/contract scaling unverified,QuantData
2026-08-21T12:47:00-04:00,2026-08-21,94.0,put,-181243.0,-10782.0,,-370844.0,,,,,73124555.0,113908224.0,-40783669.0,11496705.0,,4621868622.0,,,107.96,100.0,unknown,PER_ONE_DOLLAR_MOVE; exact dollar/contract scaling unverified,QuantData
2026-08-21T12:47:00-04:00,2026-08-21,95.0,call,531270.0,-22859.0,,56661617.0,,,,,73124555.0,113908224.0,-40783669.0,11496705.0,,4621868622.0,,,107.96,100.0,unknown,PER_ONE_DOLLAR_MOVE; exact dollar/contract scaling unverified,QuantData
2026-08-21T12:47:00-04:00,2026-08-21,95.0,put,-280164.0,-16534.0,,-534522.0,,,,,73124555.0,113908224.0,-40783669.0,11496705.0,,4621868622.0,,,107.96,100.0,unknown,PER_ONE_DOLLAR_MOVE; exact dollar/contract scaling unverified,QuantData
2026-08-21T12:47:00-04:00,2026-08-21,96.0,call,921363.0,-39709.0,,81887808.0,,,,,73124555.0,113908224.0,-40783669.0,11496705.0,,4621868622.0,,,107.96,100.0,unknown,PER_ONE_DOLLAR_MOVE; exact dollar/contract scaling unverified,QuantData
2026-08-21T12:47:00-04:00,2026-08-21,96.0,put,-69213.0,-4175.0,,-115413.0,,,,,73124555.0,113908224.0,-40783669.0,11496705.0,,4621868622.0,,,107.96,100.0,unknown,PER_ONE_DOLLAR_MOVE; exact dollar/contract scaling unverified,QuantData
2026-08-21T12:47:00-04:00,2026-08-21,97.0,call,495068.0,-20717.0,,40590400.0,,,,,73124555.0,113908224.0,-40783669.0,11496705.0,,4621868622.0,,,107.96,100.0,unknown,PER_ONE_DOLLAR_MOVE; exact dollar/contract scaling unverified,QuantData
2026-08-21T12:47:00-04:00,2026-08-21,97.0,put,-67358.0,-3904.0,,-111944.0,,,,,73124555.0,113908224.0,-40783669.0,11496705.0,,4621868622.0,,,107.96,100.0,unknown,PER_ONE_DOLLAR_MOVE; exact dollar/contract scaling unverified,QuantData
2026-08-21T12:47:00-04:00,2026-08-21,98.0,call,0.0,0.0,,40494398.0,,,,,73124555.0,113908224.0,-40783669.0,11496705.0,,4621868622.0,,,107.96,100.0,unknown,PER_ONE_DOLLAR_MOVE; exact dollar/contract scaling unverified,QuantData
2026-08-21T12:47:00-04:00,2026-08-21,98.0,put,-94452.0,-5503.0,,-143106.0,,,,,73124555.0,113908224.0,-40783669.0,11496705.0,,4621868622.0,,,107.96,100.0,unknown,PER_ONE_DOLLAR_MOVE; exact dollar/contract scaling unverified,QuantData
2026-08-21T12:47:00-04:00,2026-08-21,99.0,call,0.0,0.0,,54679044.0,,,,,73124555.0,113908224.0,-40783669.0,11496705.0,,4621868622.0,,,107.96,100.0,unknown,PER_ONE_DOLLAR_MOVE; exact dollar/contract scaling unverified,QuantData
2026-08-21T12:47:00-04:00,2026-08-21,99.0,put,-85417.0,-4818.0,,-112827.0,,,,,73124555.0,113908224.0,-40783669.0,11496705.0,,4621868622.0,,,107.96,100.0,unknown,PER_ONE_DOLLAR_MOVE; exact dollar/contract scaling unverified,QuantData
2026-08-21T12:47:00-04:00,2026-08-21,100.0,call,0.0,0.0,,219003720.0,,,,,73124555.0,113908224.0,-40783669.0,11496705.0,,4621868622.0,,,107.96,100.0,unknown,PER_ONE_DOLLAR_MOVE; exact dollar/contract scaling unverified,QuantData
2026-08-21T12:47:00-04:00,2026-08-21,100.0,put,-279672.0,-15593.0,,-348950.0,,,,,73124555.0,113908224.0,-40783669.0,11496705.0,,4621868622.0,,,107.96,100.0,unknown,PER_ONE_DOLLAR_MOVE; exact dollar/contract scaling unverified,QuantData
2026-08-21T12:47:00-04:00,2026-08-21,101.0,call,1047163.0,-36537.0,,37059509.0,,,,,73124555.0,113908224.0,-40783669.0,11496705.0,,4621868622.0,,,107.96,100.0,unknown,PER_ONE_DOLLAR_MOVE; exact dollar/contract scaling unverified,QuantData
2026-08-21T12:47:00-04:00,2026-08-21,101.0,put,-63624.0,-3146.0,,-79923.0,,,,,73124555.0,113908224.0,-40783669.0,11496705.0,,4621868622.0,,,107.96,100.0,unknown,PER_ONE_DOLLAR_MOVE; exact dollar/contract scaling unverified,QuantData
2026-08-21T12:47:00-04:00,2026-08-21,102.0,call,1817015.0,-84306.0,,96198524.0,,,,,73124555.0,113908224.0,-40783669.0,11496705.0,,4621868622.0,,,107.96,100.0,unknown,PER_ONE_DOLLAR_MOVE; exact dollar/contract scaling unverified,QuantData
2026-08-21T12:47:00-04:00,2026-08-21,102.0,put,-68296.0,-3402.0,,-78425.0,,,,,73124555.0,113908224.0,-40783669.0,11496705.0,,4621868622.0,,,107.96,100.0,unknown,PER_ONE_DOLLAR_MOVE; exact dollar/contract scaling unverified,QuantData
2026-08-21T12:47:00-04:00,2026-08-21,103.0,call,1291041.0,-58192.0,,52974116.0,,,,,73124555.0,113908224.0,-40783669.0,11496705.0,,4621868622.0,,,107.96,100.0,unknown,PER_ONE_DOLLAR_MOVE; exact dollar/contract scaling unverified,QuantData
2026-08-21T12:47:00-04:00,2026-08-21,103.0,put,-152937.0,-6449.0,,-195119.0,,,,,73124555.0,113908224.0,-40783669.0,11496705.0,,4621868622.0,,,107.96,100.0,unknown,PER_ONE_DOLLAR_MOVE; exact dollar/contract scaling unverified,QuantData
2026-08-21T12:47:00-04:00,2026-08-21,104.0,call,4624662.0,-182001.0,,112505484.0,,,,,73124555.0,113908224.0,-40783669.0,11496705.0,,4621868622.0,,,107.96,100.0,unknown,PER_ONE_DOLLAR_MOVE; exact dollar/contract scaling unverified,QuantData
2026-08-21T12:47:00-04:00,2026-08-21,104.0,put,-356471.0,-12441.0,,-491278.0,,,,,73124555.0,113908224.0,-40783669.0,11496705.0,,4621868622.0,,,107.96,100.0,unknown,PER_ONE_DOLLAR_MOVE; exact dollar/contract scaling unverified,QuantData
2026-08-21T12:47:00-04:00,2026-08-21,105.0,call,3749350.0,-88290.0,,39240287.0,,,,,73124555.0,113908224.0,-40783669.0,11496705.0,,4621868622.0,,,107.96,100.0,unknown,PER_ONE_DOLLAR_MOVE; exact dollar/contract scaling unverified,QuantData
2026-08-21T12:47:00-04:00,2026-08-21,105.0,put,-4340553.0,-122785.0,,-6512653.0,,,,,73124555.0,113908224.0,-40783669.0,11496705.0,,4621868622.0,,,107.96,100.0,unknown,PER_ONE_DOLLAR_MOVE; exact dollar/contract scaling unverified,QuantData
2026-08-21T12:47:00-04:00,2026-08-21,106.0,call,2667195.0,-49789.0,,18961331.0,,,,,73124555.0,113908224.0,-40783669.0,11496705.0,,4621868622.0,,,107.96,100.0,unknown,PER_ONE_DOLLAR_MOVE; exact dollar/contract scaling unverified,QuantData
2026-08-21T12:47:00-04:00,2026-08-21,106.0,put,0.0,0.0,,0.0,,,,,73124555.0,113908224.0,-40783669.0,11496705.0,,4621868622.0,,,107.96,100.0,unknown,PER_ONE_DOLLAR_MOVE; exact dollar/contract scaling unverified,QuantData
2026-08-21T12:47:00-04:00,2026-08-21,107.0,call,4242070.0,-41718.0,,19068607.0,,,,,73124555.0,113908224.0,-40783669.0,11496705.0,,4621868622.0,,,107.96,100.0,unknown,PER_ONE_DOLLAR_MOVE; exact dollar/contract scaling unverified,QuantData
2026-08-21T12:47:00-04:00,2026-08-21,107.0,put,-1189070.0,-11718.0,,-2661161.0,,,,,73124555.0,113908224.0,-40783669.0,11496705.0,,4621868622.0,,,107.96,100.0,unknown,PER_ONE_DOLLAR_MOVE; exact dollar/contract scaling unverified,QuantData
2026-08-21T12:47:00-04:00,2026-08-21,108.0,call,3543920.0,-863.0,,11132542.0,,,,,73124555.0,113908224.0,-40783669.0,11496705.0,,4621868622.0,,,107.96,100.0,unknown,PER_ONE_DOLLAR_MOVE; exact dollar/contract scaling unverified,QuantData
2026-08-21T12:47:00-04:00,2026-08-21,108.0,put,0.0,0.0,,0.0,,,,,73124555.0,113908224.0,-40783669.0,11496705.0,,4621868622.0,,,107.96,100.0,unknown,PER_ONE_DOLLAR_MOVE; exact dollar/contract scaling unverified,QuantData
2026-08-21T12:47:00-04:00,2026-08-21,109.0,call,0.0,0.0,,0.0,,,,,73124555.0,113908224.0,-40783669.0,11496705.0,,4621868622.0,,,107.96,100.0,unknown,PER_ONE_DOLLAR_MOVE; exact dollar/contract scaling unverified,QuantData
2026-08-21T12:47:00-04:00,2026-08-21,109.0,put,0.0,0.0,,0.0,,,,,73124555.0,113908224.0,-40783669.0,11496705.0,,4621868622.0,,,107.96,100.0,unknown,PER_ONE_DOLLAR_MOVE; exact dollar/contract scaling unverified,QuantData
2026-08-21T12:47:00-04:00,2026-08-21,110.0,call,12787230.0,235127.0,,24540420.0,,,,,73124555.0,113908224.0,-40783669.0,11496705.0,,4621868622.0,,,107.96,100.0,unknown,PER_ONE_DOLLAR_MOVE; exact dollar/contract scaling unverified,QuantData
2026-08-21T12:47:00-04:00,2026-08-21,110.0,put,-708422.0,13364.0,,-4806362.0,,,,,73124555.0,113908224.0,-40783669.0,11496705.0,,4621868622.0,,,107.96,100.0,unknown,PER_ONE_DOLLAR_MOVE; exact dollar/contract scaling unverified,QuantData
2026-08-21T12:47:00-04:00,2026-08-21,111.0,call,577062.0,15092.0,,975169.0,,,,,73124555.0,113908224.0,-40783669.0,11496705.0,,4621868622.0,,,107.96,100.0,unknown,PER_ONE_DOLLAR_MOVE; exact dollar/contract scaling unverified,QuantData
2026-08-21T12:47:00-04:00,2026-08-21,111.0,put,0.0,0.0,,0.0,,,,,73124555.0,113908224.0,-40783669.0,11496705.0,,4621868622.0,,,107.96,100.0,unknown,PER_ONE_DOLLAR_MOVE; exact dollar/contract scaling unverified,QuantData
2026-08-21T12:47:00-04:00,2026-08-21,112.0,call,807642.0,30160.0,,1091918.0,,,,,73124555.0,113908224.0,-40783669.0,11496705.0,,4621868622.0,,,107.96,100.0,unknown,PER_ONE_DOLLAR_MOVE; exact dollar/contract scaling unverified,QuantData
2026-08-21T12:47:00-04:00,2026-08-21,112.0,put,0.0,0.0,,0.0,,,,,73124555.0,113908224.0,-40783669.0,11496705.0,,4621868622.0,,,107.96,100.0,unknown,PER_ONE_DOLLAR_MOVE; exact dollar/contract scaling unverified,QuantData
2026-08-21T12:47:00-04:00,2026-08-21,113.0,call,0.0,0.0,,0.0,,,,,73124555.0,113908224.0,-40783669.0,11496705.0,,4621868622.0,,,107.96,100.0,unknown,PER_ONE_DOLLAR_MOVE; exact dollar/contract scaling unverified,QuantData
2026-08-21T12:47:00-04:00,2026-08-21,113.0,put,0.0,0.0,,-21346.0,,,,,73124555.0,113908224.0,-40783669.0,11496705.0,,4621868622.0,,,107.96,100.0,unknown,PER_ONE_DOLLAR_MOVE; exact dollar/contract scaling unverified,QuantData
2026-08-21T12:47:00-04:00,2026-08-21,114.0,call,0.0,0.0,,0.0,,,,,73124555.0,113908224.0,-40783669.0,11496705.0,,4621868622.0,,,107.96,100.0,unknown,PER_ONE_DOLLAR_MOVE; exact dollar/contract scaling unverified,QuantData
2026-08-21T12:47:00-04:00,2026-08-21,114.0,put,-3130.0,170.0,,-244371.0,,,,,73124555.0,113908224.0,-40783669.0,11496705.0,,4621868622.0,,,107.96,100.0,unknown,PER_ONE_DOLLAR_MOVE; exact dollar/contract scaling unverified,QuantData
2026-08-21T12:47:00-04:00,2026-08-21,115.0,call,891367.0,45220.0,,1157255.0,,,,,73124555.0,113908224.0,-40783669.0,11496705.0,,4621868622.0,,,107.96,100.0,unknown,PER_ONE_DOLLAR_MOVE; exact dollar/contract scaling unverified,QuantData
2026-08-21T12:47:00-04:00,2026-08-21,115.0,put,0.0,0.0,,-6664383.0,,,,,73124555.0,113908224.0,-40783669.0,11496705.0,,4621868622.0,,,107.96,100.0,unknown,PER_ONE_DOLLAR_MOVE; exact dollar/contract scaling unverified,QuantData
2026-08-21T12:47:00-04:00,2026-08-21,120.0,call,625213.0,37224.0,,1022339.0,,,,,73124555.0,113908224.0,-40783669.0,11496705.0,,4621868622.0,,,107.96,100.0,unknown,PER_ONE_DOLLAR_MOVE; exact dollar/contract scaling unverified,QuantData
2026-08-21T12:47:00-04:00,2026-08-21,120.0,put,0.0,0.0,,-6831232.0,,,,,73124555.0,113908224.0,-40783669.0,11496705.0,,4621868622.0,,,107.96,100.0,unknown,PER_ONE_DOLLAR_MOVE; exact dollar/contract scaling unverified,QuantData
2026-08-21T12:47:00-04:00,2026-08-21,125.0,call,126523.0,7921.0,,276254.0,,,,,73124555.0,113908224.0,-40783669.0,11496705.0,,4621868622.0,,,107.96,100.0,unknown,PER_ONE_DOLLAR_MOVE; exact dollar/contract scaling unverified,QuantData
2026-08-21T12:47:00-04:00,2026-08-21,125.0,put,0.0,0.0,,0.0,,,,,73124555.0,113908224.0,-40783669.0,11496705.0,,4621868622.0,,,107.96,100.0,unknown,PER_ONE_DOLLAR_MOVE; exact dollar/contract scaling unverified,QuantData
2026-08-21T12:47:00-04:00,2026-08-21,130.0,call,189275.0,12310.0,,488343.0,,,,,73124555.0,113908224.0,-40783669.0,11496705.0,,4621868622.0,,,107.96,100.0,unknown,PER_ONE_DOLLAR_MOVE; exact dollar/contract scaling unverified,QuantData
2026-08-21T12:47:00-04:00,2026-08-21,130.0,put,0.0,0.0,,0.0,,,,,73124555.0,113908224.0,-40783669.0,11496705.0,,4621868622.0,,,107.96,100.0,unknown,PER_ONE_DOLLAR_MOVE; exact dollar/contract scaling unverified,QuantData
2026-08-21T12:47:00-04:00,2026-08-21,135.0,call,24833.0,1832.0,,77200.0,,,,,73124555.0,113908224.0,-40783669.0,11496705.0,,4621868622.0,,,107.96,100.0,unknown,PER_ONE_DOLLAR_MOVE; exact dollar/contract scaling unverified,QuantData
2026-08-21T12:47:00-04:00,2026-08-21,135.0,put,0.0,0.0,,0.0,,,,,73124555.0,113908224.0,-40783669.0,11496705.0,,4621868622.0,,,107.96,100.0,unknown,PER_ONE_DOLLAR_MOVE; exact dollar/contract scaling unverified,QuantData
2026-08-21T12:47:00-04:00,2026-08-21,140.0,call,29993.0,2034.0,,101394.0,,,,,73124555.0,113908224.0,-40783669.0,11496705.0,,4621868622.0,,,107.96,100.0,unknown,PER_ONE_DOLLAR_MOVE; exact dollar/contract scaling unverified,QuantData
2026-08-21T12:47:00-04:00,2026-08-21,140.0,put,0.0,0.0,,0.0,,,,,73124555.0,113908224.0,-40783669.0,11496705.0,,4621868622.0,,,107.96,100.0,unknown,PER_ONE_DOLLAR_MOVE; exact dollar/contract scaling unverified,QuantData
2026-08-21T12:47:00-04:00,2026-08-21,145.0,call,74929.0,4621.0,,346900.0,,,,,73124555.0,113908224.0,-40783669.0,11496705.0,,4621868622.0,,,107.96,100.0,unknown,PER_ONE_DOLLAR_MOVE; exact dollar/contract scaling unverified,QuantData
2026-08-21T12:47:00-04:00,2026-08-21,145.0,put,0.0,0.0,,0.0,,,,,73124555.0,113908224.0,-40783669.0,11496705.0,,4621868622.0,,,107.96,100.0,unknown,PER_ONE_DOLLAR_MOVE; exact dollar/contract scaling unverified,QuantData
2026-08-21T12:47:00-04:00,2026-08-21,150.0,call,30023.0,2461.0,,124214.0,,,,,73124555.0,113908224.0,-40783669.0,11496705.0,,4621868622.0,,,107.96,100.0,unknown,PER_ONE_DOLLAR_MOVE; exact dollar/contract scaling unverified,QuantData
2026-08-21T12:47:00-04:00,2026-08-21,150.0,put,0.0,0.0,,0.0,,,,,73124555.0,113908224.0,-40783669.0,11496705.0,,4621868622.0,,,107.96,100.0,unknown,PER_ONE_DOLLAR_MOVE; exact dollar/contract scaling unverified,QuantData
2026-08-21T12:47:00-04:00,2026-08-21,165.0,call,8230.0,517.0,,62499.0,,,,,73124555.0,113908224.0,-40783669.0,11496705.0,,4621868622.0,,,107.96,100.0,unknown,PER_ONE_DOLLAR_MOVE; exact dollar/contract scaling unverified,QuantData
2026-08-21T12:47:00-04:00,2026-08-21,165.0,put,0.0,0.0,,0.0,,,,,73124555.0,113908224.0,-40783669.0,11496705.0,,4621868622.0,,,107.96,100.0,unknown,PER_ONE_DOLLAR_MOVE; exact dollar/contract scaling unverified,QuantData
2026-08-21T12:47:00-04:00,2026-08-21,170.0,call,3924.0,335.0,,21074.0,,,,,73124555.0,113908224.0,-40783669.0,11496705.0,,4621868622.0,,,107.96,100.0,unknown,PER_ONE_DOLLAR_MOVE; exact dollar/contract scaling unverified,QuantData
2026-08-21T12:47:00-04:00,2026-08-21,170.0,put,0.0,0.0,,0.0,,,,,73124555.0,113908224.0,-40783669.0,11496705.0,,4621868622.0,,,107.96,100.0,unknown,PER_ONE_DOLLAR_MOVE; exact dollar/contract scaling unverified,QuantData
2026-08-21T12:47:00-04:00,2026-08-21,175.0,call,12415.0,1037.0,,84244.0,,,,,73124555.0,113908224.0,-40783669.0,11496705.0,,4621868622.0,,,107.96,100.0,unknown,PER_ONE_DOLLAR_MOVE; exact dollar/contract scaling unverified,QuantData
2026-08-21T12:47:00-04:00,2026-08-21,175.0,put,0.0,0.0,,0.0,,,,,73124555.0,113908224.0,-40783669.0,11496705.0,,4621868622.0,,,107.96,100.0,unknown,PER_ONE_DOLLAR_MOVE; exact dollar/contract scaling unverified,QuantData
2026-08-21T12:47:00-04:00,2026-08-21,180.0,call,2332.0,218.0,,13491.0,,,,,73124555.0,113908224.0,-40783669.0,11496705.0,,4621868622.0,,,107.96,100.0,unknown,PER_ONE_DOLLAR_MOVE; exact dollar/contract scaling unverified,QuantData
2026-08-21T12:47:00-04:00,2026-08-21,180.0,put,0.0,0.0,,0.0,,,,,73124555.0,113908224.0,-40783669.0,11496705.0,,4621868622.0,,,107.96,100.0,unknown,PER_ONE_DOLLAR_MOVE; exact dollar/contract scaling unverified,QuantData
2026-08-21T12:47:00-04:00,2026-08-21,185.0,call,19762.0,1863.0,,120953.0,,,,,73124555.0,113908224.0,-40783669.0,11496705.0,,4621868622.0,,,107.96,100.0,unknown,PER_ONE_DOLLAR_MOVE; exact dollar/contract scaling unverified,QuantData
2026-08-21T12:47:00-04:00,2026-08-21,185.0,put,0.0,0.0,,0.0,,,,,73124555.0,113908224.0,-40783669.0,11496705.0,,4621868622.0,,,107.96,100.0,unknown,PER_ONE_DOLLAR_MOVE; exact dollar/contract scaling unverified,QuantData
2026-08-21T12:47:00-04:00,2026-08-21,200.0,call,7089.0,668.0,,49462.0,,,,,73124555.0,113908224.0,-40783669.0,11496705.0,,4621868622.0,,,107.96,100.0,unknown,PER_ONE_DOLLAR_MOVE; exact dollar/contract scaling unverified,QuantData
2026-08-21T12:47:00-04:00,2026-08-21,200.0,put,0.0,0.0,,0.0,,,,,73124555.0,113908224.0,-40783669.0,11496705.0,,4621868622.0,,,107.96,100.0,unknown,PER_ONE_DOLLAR_MOVE; exact dollar/contract scaling unverified,QuantData
2026-08-21T12:47:00-04:00,2026-08-28,25.0,call,4.0,-1.0,,20282.0,,,,,73124555.0,113908224.0,-40783669.0,11496705.0,,4621868622.0,,,107.96,100.0,unknown,PER_ONE_DOLLAR_MOVE; exact dollar/contract scaling unverified,QuantData
2026-08-21T12:47:00-04:00,2026-08-28,25.0,put,0.0,0.0,,0.0,,,,,73124555.0,113908224.0,-40783669.0,11496705.0,,4621868622.0,,,107.96,100.0,unknown,PER_ONE_DOLLAR_MOVE; exact dollar/contract scaling unverified,QuantData
2026-08-21T12:47:00-04:00,2026-08-28,50.0,call,0.0,0.0,,118239.0,,,,,73124555.0,113908224.0,-40783669.0,11496705.0,,4621868622.0,,,107.96,100.0,unknown,PER_ONE_DOLLAR_MOVE; exact dollar/contract scaling unverified,QuantData
2026-08-21T12:47:00-04:00,2026-08-28,50.0,put,-154.0,-55.0,,-1662.0,,,,,73124555.0,113908224.0,-40783669.0,11496705.0,,4621868622.0,,,107.96,100.0,unknown,PER_ONE_DOLLAR_MOVE; exact dollar/contract scaling unverified,QuantData
2026-08-21T12:47:00-04:00,2026-08-28,60.0,call,0.0,0.0,,0.0,,,,,73124555.0,113908224.0,-40783669.0,11496705.0,,4621868622.0,,,107.96,100.0,unknown,PER_ONE_DOLLAR_MOVE; exact dollar/contract scaling unverified,QuantData
2026-08-21T12:47:00-04:00,2026-08-28,60.0,put,-2804.0,-990.0,,-23713.0,,,,,73124555.0,113908224.0,-40783669.0,11496705.0,,4621868622.0,,,107.96,100.0,unknown,PER_ONE_DOLLAR_MOVE; exact dollar/contract scaling unverified,QuantData
2026-08-21T12:47:00-04:00,2026-08-28,65.0,call,0.0,0.0,,0.0,,,,,73124555.0,113908224.0,-40783669.0,11496705.0,,4621868622.0,,,107.96,100.0,unknown,PER_ONE_DOLLAR_MOVE; exact dollar/contract scaling unverified,QuantData
2026-08-21T12:47:00-04:00,2026-08-28,65.0,put,-26307.0,-9617.0,,-189244.0,,,,,73124555.0,113908224.0,-40783669.0,11496705.0,,4621868622.0,,,107.96,100.0,unknown,PER_ONE_DOLLAR_MOVE; exact dollar/contract scaling unverified,QuantData
2026-08-21T12:47:00-04:00,2026-08-28,70.0,call,0.0,0.0,,43064.0,,,,,73124555.0,113908224.0,-40783669.0,11496705.0,,4621868622.0,,,107.96,100.0,unknown,PER_ONE_DOLLAR_MOVE; exact dollar/contract scaling unverified,QuantData
2026-08-21T12:47:00-04:00,2026-08-28,70.0,put,-18954.0,-7744.0,,-97039.0,,,,,73124555.0,113908224.0,-40783669.0,11496705.0,,4621868622.0,,,107.96,100.0,unknown,PER_ONE_DOLLAR_MOVE; exact dollar/contract scaling unverified,QuantData
2026-08-21T12:47:00-04:00,2026-08-28,75.0,call,121.0,-46.0,,157782.0,,,,,73124555.0,113908224.0,-40783669.0,11496705.0,,4621868622.0,,,107.96,100.0,unknown,PER_ONE_DOLLAR_MOVE; exact dollar/contract scaling unverified,QuantData
2026-08-21T12:47:00-04:00,2026-08-28,75.0,put,-5018.0,-2047.0,,-22676.0,,,,,73124555.0,113908224.0,-40783669.0,11496705.0,,4621868622.0,,,107.96,100.0,unknown,PER_ONE_DOLLAR_MOVE; exact dollar/contract scaling unverified,QuantData
2026-08-21T12:47:00-04:00,2026-08-28,79.0,call,0.0,0.0,,0.0,,,,,73124555.0,113908224.0,-40783669.0,11496705.0,,4621868622.0,,,107.96,100.0,unknown,PER_ONE_DOLLAR_MOVE; exact dollar/contract scaling unverified,QuantData
2026-08-21T12:47:00-04:00,2026-08-28,79.0,put,-9261.0,-2825.0,,-58773.0,,,,,73124555.0,113908224.0,-40783669.0,11496705.0,,4621868622.0,,,107.96,100.0,unknown,PER_ONE_DOLLAR_MOVE; exact dollar/contract scaling unverified,QuantData
2026-08-21T12:47:00-04:00,2026-08-28,80.0,call,25842.0,-5787.0,,4968594.0,,,,,73124555.0,113908224.0,-40783669.0,11496705.0,,4621868622.0,,,107.96,100.0,unknown,PER_ONE_DOLLAR_MOVE; exact dollar/contract scaling unverified,QuantData
2026-08-21T12:47:00-04:00,2026-08-28,80.0,put,-28643.0,-9800.0,,-145256.0,,,,,73124555.0,113908224.0,-40783669.0,11496705.0,,4621868622.0,,,107.96,100.0,unknown,PER_ONE_DOLLAR_MOVE; exact dollar/contract scaling unverified,QuantData
2026-08-21T12:47:00-04:00,2026-08-28,81.0,call,2920.0,-649.0,,505168.0,,,,,73124555.0,113908224.0,-40783669.0,11496705.0,,4621868622.0,,,107.96,100.0,unknown,PER_ONE_DOLLAR_MOVE; exact dollar/contract scaling unverified,QuantData
2026-08-21T12:47:00-04:00,2026-08-28,81.0,put,-2966.0,-979.0,,-15276.0,,,,,73124555.0,113908224.0,-40783669.0,11496705.0,,4621868622.0,,,107.96,100.0,unknown,PER_ONE_DOLLAR_MOVE; exact dollar/contract scaling unverified,QuantData
2026-08-21T12:47:00-04:00,2026-08-28,82.0,call,0.0,0.0,,139061.0,,,,,73124555.0,113908224.0,-40783669.0,11496705.0,,4621868622.0,,,107.96,100.0,unknown,PER_ONE_DOLLAR_MOVE; exact dollar/contract scaling unverified,QuantData
2026-08-21T12:47:00-04:00,2026-08-28,82.0,put,-16686.0,-5473.0,,-82227.0,,,,,73124555.0,113908224.0,-40783669.0,11496705.0,,4621868622.0,,,107.96,100.0,unknown,PER_ONE_DOLLAR_MOVE; exact dollar/contract scaling unverified,QuantData
2026-08-21T12:47:00-04:00,2026-08-28,83.0,call,0.0,0.0,,107690.0,,,,,73124555.0,113908224.0,-40783669.0,11496705.0,,4621868622.0,,,107.96,100.0,unknown,PER_ONE_DOLLAR_MOVE; exact dollar/contract scaling unverified,QuantData
2026-08-21T12:47:00-04:00,2026-08-28,83.0,put,-11232.0,-3813.0,,-51866.0,,,,,73124555.0,113908224.0,-40783669.0,11496705.0,,4621868622.0,,,107.96,100.0,unknown,PER_ONE_DOLLAR_MOVE; exact dollar/contract scaling unverified,QuantData
2026-08-21T12:47:00-04:00,2026-08-28,84.0,call,1299.0,-348.0,,268229.0,,,,,73124555.0,113908224.0,-40783669.0,11496705.0,,4621868622.0,,,107.96,100.0,unknown,PER_ONE_DOLLAR_MOVE; exact dollar/contract scaling unverified,QuantData
2026-08-21T12:47:00-04:00,2026-08-28,84.0,put,-11854.0,-3777.0,,-57844.0,,,,,73124555.0,113908224.0,-40783669.0,11496705.0,,4621868622.0,,,107.96,100.0,unknown,PER_ONE_DOLLAR_MOVE; exact dollar/contract scaling unverified,QuantData
2026-08-21T12:47:00-04:00,2026-08-28,85.0,call,5343.0,-1694.0,,1790739.0,,,,,73124555.0,113908224.0,-40783669.0,11496705.0,,4621868622.0,,,107.96,100.0,unknown,PER_ONE_DOLLAR_MOVE; exact dollar/contract scaling unverified,QuantData
2026-08-21T12:47:00-04:00,2026-08-28,85.0,put,-69006.0,-21339.0,,-337694.0,,,,,73124555.0,113908224.0,-40783669.0,11496705.0,,4621868622.0,,,107.96,100.0,unknown,PER_ONE_DOLLAR_MOVE; exact dollar/contract scaling unverified,QuantData
2026-08-21T12:47:00-04:00,2026-08-28,86.0,call,7213.0,-1998.0,,1483159.0,,,,,73124555.0,113908224.0,-40783669.0,11496705.0,,4621868622.0,,,107.96,100.0,unknown,PER_ONE_DOLLAR_MOVE; exact dollar/contract scaling unverified,QuantData
2026-08-21T12:47:00-04:00,2026-08-28,86.0,put,-31897.0,-9131.0,,-158850.0,,,,,73124555.0,113908224.0,-40783669.0,11496705.0,,4621868622.0,,,107.96,100.0,unknown,PER_ONE_DOLLAR_MOVE; exact dollar/contract scaling unverified,QuantData
2026-08-21T12:47:00-04:00,2026-08-28,87.0,call,4271.0,-1004.0,,569188.0,,,,,73124555.0,113908224.0,-40783669.0,11496705.0,,4621868622.0,,,107.96,100.0,unknown,PER_ONE_DOLLAR_MOVE; exact dollar/contract scaling unverified,QuantData
2026-08-21T12:47:00-04:00,2026-08-28,87.0,put,-99217.0,-28090.0,,-501917.0,,,,,73124555.0,113908224.0,-40783669.0,11496705.0,,4621868622.0,,,107.96,100.0,unknown,PER_ONE_DOLLAR_MOVE; exact dollar/contract scaling unverified,QuantData
2026-08-21T12:47:00-04:00,2026-08-28,88.0,call,5929.0,-1407.0,,778147.0,,,,,73124555.0,113908224.0,-40783669.0,11496705.0,,4621868622.0,,,107.96,100.0,unknown,PER_ONE_DOLLAR_MOVE; exact dollar/contract scaling unverified,QuantData
2026-08-21T12:47:00-04:00,2026-08-28,88.0,put,-55247.0,-15149.0,,-285099.0,,,,,73124555.0,113908224.0,-40783669.0,11496705.0,,4621868622.0,,,107.96,100.0,unknown,PER_ONE_DOLLAR_MOVE; exact dollar/contract scaling unverified,QuantData
2026-08-21T12:47:00-04:00,2026-08-28,89.0,call,4619.0,-2052.0,,7338010.0,,,,,73124555.0,113908224.0,-40783669.0,11496705.0,,4621868622.0,,,107.96,100.0,unknown,PER_ONE_DOLLAR_MOVE; exact dollar/contract scaling unverified,QuantData
2026-08-21T12:47:00-04:00,2026-08-28,89.0,put,-53271.0,-14098.0,,-277082.0,,,,,73124555.0,113908224.0,-40783669.0,11496705.0,,4621868622.0,,,107.96,100.0,unknown,PER_ONE_DOLLAR_MOVE; exact dollar/contract scaling unverified,QuantData
2026-08-21T12:47:00-04:00,2026-08-28,90.0,call,69636.0,-19227.0,,11198973.0,,,,,73124555.0,113908224.0,-40783669.0,11496705.0,,4621868622.0,,,107.96,100.0,unknown,PER_ONE_DOLLAR_MOVE; exact dollar/contract scaling unverified,QuantData
2026-08-21T12:47:00-04:00,2026-08-28,90.0,put,-242306.0,-61455.0,,-1281051.0,,,,,73124555.0,113908224.0,-40783669.0,11496705.0,,4621868622.0,,,107.96,100.0,unknown,PER_ONE_DOLLAR_MOVE; exact dollar/contract scaling unverified,QuantData
2026-08-21T12:47:00-04:00,2026-08-28,91.0,call,13857.0,-3094.0,,1395290.0,,,,,73124555.0,113908224.0,-40783669.0,11496705.0,,4621868622.0,,,107.96,100.0,unknown,PER_ONE_DOLLAR_MOVE; exact dollar/contract scaling unverified,QuantData
2026-08-21T12:47:00-04:00,2026-08-28,91.0,put,-89931.0,-21565.0,,-483241.0,,,,,73124555.0,113908224.0,-40783669.0,11496705.0,,4621868622.0,,,107.96,100.0,unknown,PER_ONE_DOLLAR_MOVE; exact dollar/contract scaling unverified,QuantData
2026-08-21T12:47:00-04:00,2026-08-28,92.0,call,90578.0,-20533.0,,9165775.0,,,,,73124555.0,113908224.0,-40783669.0,11496705.0,,4621868622.0,,,107.96,100.0,unknown,PER_ONE_DOLLAR_MOVE; exact dollar/contract scaling unverified,QuantData
2026-08-21T12:47:00-04:00,2026-08-28,92.0,put,-79578.0,-18124.0,,-429495.0,,,,,73124555.0,113908224.0,-40783669.0,11496705.0,,4621868622.0,,,107.96,100.0,unknown,PER_ONE_DOLLAR_MOVE; exact dollar/contract scaling unverified,QuantData
2026-08-21T12:47:00-04:00,2026-08-28,93.0,call,37092.0,-9829.0,,4288106.0,,,,,73124555.0,113908224.0,-40783669.0,11496705.0,,4621868622.0,,,107.96,100.0,unknown,PER_ONE_DOLLAR_MOVE; exact dollar/contract scaling unverified,QuantData
2026-08-21T12:47:00-04:00,2026-08-28,93.0,put,-63138.0,-13813.0,,-349180.0,,,,,73124555.0,113908224.0,-40783669.0,11496705.0,,4621868622.0,,,107.96,100.0,unknown,PER_ONE_DOLLAR_MOVE; exact dollar/contract scaling unverified,QuantData
2026-08-21T12:47:00-04:00,2026-08-28,94.0,call,176770.0,-41233.0,,14713023.0,,,,,73124555.0,113908224.0,-40783669.0,11496705.0,,4621868622.0,,,107.96,100.0,unknown,PER_ONE_DOLLAR_MOVE; exact dollar/contract scaling unverified,QuantData
2026-08-21T12:47:00-04:00,2026-08-28,94.0,put,-63564.0,-12682.0,,-371834.0,,,,,73124555.0,113908224.0,-40783669.0,11496705.0,,4621868622.0,,,107.96,100.0,unknown,PER_ONE_DOLLAR_MOVE; exact dollar/contract scaling unverified,QuantData
2026-08-21T12:47:00-04:00,2026-08-28,95.0,call,248110.0,-49414.0,,15671330.0,,,,,73124555.0,113908224.0,-40783669.0,11496705.0,,4621868622.0,,,107.96,100.0,unknown,PER_ONE_DOLLAR_MOVE; exact dollar/contract scaling unverified,QuantData
2026-08-21T12:47:00-04:00,2026-08-28,95.0,put,-467138.0,-87729.0,,-2785845.0,,,,,73124555.0,113908224.0,-40783669.0,11496705.0,,4621868622.0,,,107.96,100.0,unknown,PER_ONE_DOLLAR_MOVE; exact dollar/contract scaling unverified,QuantData
2026-08-21T12:47:00-04:00,2026-08-28,96.0,call,103307.0,-17910.0,,5222803.0,,,,,73124555.0,113908224.0,-40783669.0,11496705.0,,4621868622.0,,,107.96,100.0,unknown,PER_ONE_DOLLAR_MOVE; exact dollar/contract scaling unverified,QuantData
2026-08-21T12:47:00-04:00,2026-08-28,96.0,put,-99335.0,-16226.0,,-625736.0,,,,,73124555.0,113908224.0,-40783669.0,11496705.0,,4621868622.0,,,107.96,100.0,unknown,PER_ONE_DOLLAR_MOVE; exact dollar/contract scaling unverified,QuantData
2026-08-21T12:47:00-04:00,2026-08-28,97.0,call,555759.0,-77260.0,,21940091.0,,,,,73124555.0,113908224.0,-40783669.0,11496705.0,,4621868622.0,,,107.96,100.0,unknown,PER_ONE_DOLLAR_MOVE; exact dollar/contract scaling unverified,QuantData
2026-08-21T12:47:00-04:00,2026-08-28,97.0,put,-38842.0,-6260.0,,-247869.0,,,,,73124555.0,113908224.0,-40783669.0,11496705.0,,4621868622.0,,,107.96,100.0,unknown,PER_ONE_DOLLAR_MOVE; exact dollar/contract scaling unverified,QuantData
2026-08-21T12:47:00-04:00,2026-08-28,98.0,call,205474.0,-28145.0,,7644818.0,,,,,73124555.0,113908224.0,-40783669.0,11496705.0,,4621868622.0,,,107.96,100.0,unknown,PER_ONE_DOLLAR_MOVE; exact dollar/contract scaling unverified,QuantData
2026-08-21T12:47:00-04:00,2026-08-28,98.0,put,-437655.0,-62256.0,,-2919522.0,,,,,73124555.0,113908224.0,-40783669.0,11496705.0,,4621868622.0,,,107.96,100.0,unknown,PER_ONE_DOLLAR_MOVE; exact dollar/contract scaling unverified,QuantData
2026-08-21T12:47:00-04:00,2026-08-28,99.0,call,197354.0,-22662.0,,6057307.0,,,,,73124555.0,113908224.0,-40783669.0,11496705.0,,4621868622.0,,,107.96,100.0,unknown,PER_ONE_DOLLAR_MOVE; exact dollar/contract scaling unverified,QuantData
2026-08-21T12:47:00-04:00,2026-08-28,99.0,put,-97939.0,-11407.0,,-716252.0,,,,,73124555.0,113908224.0,-40783669.0,11496705.0,,4621868622.0,,,107.96,100.0,unknown,PER_ONE_DOLLAR_MOVE; exact dollar/contract scaling unverified,QuantData
2026-08-21T12:47:00-04:00,2026-08-28,100.0,call,1542621.0,-179097.0,,46106029.0,,,,,73124555.0,113908224.0,-40783669.0,11496705.0,,4621868622.0,,,107.96,100.0,unknown,PER_ONE_DOLLAR_MOVE; exact dollar/contract scaling unverified,QuantData
2026-08-21T12:47:00-04:00,2026-08-28,100.0,put,-422273.0,-48423.0,,-3144118.0,,,,,73124555.0,113908224.0,-40783669.0,11496705.0,,4621868622.0,,,107.96,100.0,unknown,PER_ONE_DOLLAR_MOVE; exact dollar/contract scaling unverified,QuantData
2026-08-21T12:47:00-04:00,2026-08-28,101.0,call,244864.0,-24338.0,,6400311.0,,,,,73124555.0,113908224.0,-40783669.0,11496705.0,,4621868622.0,,,107.96,100.0,unknown,PER_ONE_DOLLAR_MOVE; exact dollar/contract scaling unverified,QuantData
2026-08-21T12:47:00-04:00,2026-08-28,101.0,put,-94085.0,-9315.0,,-745861.0,,,,,73124555.0,113908224.0,-40783669.0,11496705.0,,4621868622.0,,,107.96,100.0,unknown,PER_ONE_DOLLAR_MOVE; exact dollar/contract scaling unverified,QuantData
2026-08-21T12:47:00-04:00,2026-08-28,102.0,call,0.0,0.0,,0.0,,,,,73124555.0,113908224.0,-40783669.0,11496705.0,,4621868622.0,,,107.96,100.0,unknown,PER_ONE_DOLLAR_MOVE; exact dollar/contract scaling unverified,QuantData
2026-08-21T12:47:00-04:00,2026-08-28,102.0,put,-93468.0,-7564.0,,-790270.0,,,,,73124555.0,113908224.0,-40783669.0,11496705.0,,4621868622.0,,,107.96,100.0,unknown,PER_ONE_DOLLAR_MOVE; exact dollar/contract scaling unverified,QuantData
2026-08-21T12:47:00-04:00,2026-08-28,103.0,call,339163.0,-23228.0,,7125193.0,,,,,73124555.0,113908224.0,-40783669.0,11496705.0,,4621868622.0,,,107.96,100.0,unknown,PER_ONE_DOLLAR_MOVE; exact dollar/contract scaling unverified,QuantData
2026-08-21T12:47:00-04:00,2026-08-28,103.0,put,-178250.0,-9804.0,,-1660773.0,,,,,73124555.0,113908224.0,-40783669.0,11496705.0,,4621868622.0,,,107.96,100.0,unknown,PER_ONE_DOLLAR_MOVE; exact dollar/contract scaling unverified,QuantData
2026-08-21T12:47:00-04:00,2026-08-28,104.0,call,343820.0,-16534.0,,6468354.0,,,,,73124555.0,113908224.0,-40783669.0,11496705.0,,4621868622.0,,,107.96,100.0,unknown,PER_ONE_DOLLAR_MOVE; exact dollar/contract scaling unverified,QuantData
2026-08-21T12:47:00-04:00,2026-08-28,104.0,put,-54192.0,-2931.0,,-505967.0,,,,,73124555.0,113908224.0,-40783669.0,11496705.0,,4621868622.0,,,107.96,100.0,unknown,PER_ONE_DOLLAR_MOVE; exact dollar/contract scaling unverified,QuantData
2026-08-21T12:47:00-04:00,2026-08-28,105.0,call,918676.0,-31500.0,,16225325.0,,,,,73124555.0,113908224.0,-40783669.0,11496705.0,,4621868622.0,,,107.96,100.0,unknown,PER_ONE_DOLLAR_MOVE; exact dollar/contract scaling unverified,QuantData
2026-08-21T12:47:00-04:00,2026-08-28,105.0,put,-155566.0,-5417.0,,-1609473.0,,,,,73124555.0,113908224.0,-40783669.0,11496705.0,,4621868622.0,,,107.96,100.0,unknown,PER_ONE_DOLLAR_MOVE; exact dollar/contract scaling unverified,QuantData
2026-08-21T12:47:00-04:00,2026-08-28,106.0,call,0.0,0.0,,0.0,,,,,73124555.0,113908224.0,-40783669.0,11496705.0,,4621868622.0,,,107.96,100.0,unknown,PER_ONE_DOLLAR_MOVE; exact dollar/contract scaling unverified,QuantData
2026-08-21T12:47:00-04:00,2026-08-28,106.0,put,-227165.0,-4922.0,,-2511009.0,,,,,73124555.0,113908224.0,-40783669.0,11496705.0,,4621868622.0,,,107.96,100.0,unknown,PER_ONE_DOLLAR_MOVE; exact dollar/contract scaling unverified,QuantData
2026-08-21T12:47:00-04:00,2026-08-28,107.0,call,598344.0,-2388.0,,8565282.0,,,,,73124555.0,113908224.0,-40783669.0,11496705.0,,4621868622.0,,,107.96,100.0,unknown,PER_ONE_DOLLAR_MOVE; exact dollar/contract scaling unverified,QuantData
2026-08-21T12:47:00-04:00,2026-08-28,107.0,put,-79368.0,-473.0,,-959184.0,,,,,73124555.0,113908224.0,-40783669.0,11496705.0,,4621868622.0,,,107.96,100.0,unknown,PER_ONE_DOLLAR_MOVE; exact dollar/contract scaling unverified,QuantData
2026-08-21T12:47:00-04:00,2026-08-28,108.0,call,572147.0,2708.0,,7989525.0,,,,,73124555.0,113908224.0,-40783669.0,11496705.0,,4621868622.0,,,107.96,100.0,unknown,PER_ONE_DOLLAR_MOVE; exact dollar/contract scaling unverified,QuantData
2026-08-21T12:47:00-04:00,2026-08-28,108.0,put,0.0,0.0,,0.0,,,,,73124555.0,113908224.0,-40783669.0,11496705.0,,4621868622.0,,,107.96,100.0,unknown,PER_ONE_DOLLAR_MOVE; exact dollar/contract scaling unverified,QuantData
2026-08-21T12:47:00-04:00,2026-08-28,109.0,call,1723591.0,32992.0,,22424725.0,,,,,73124555.0,113908224.0,-40783669.0,11496705.0,,4621868622.0,,,107.96,100.0,unknown,PER_ONE_DOLLAR_MOVE; exact dollar/contract scaling unverified,QuantData
2026-08-21T12:47:00-04:00,2026-08-28,109.0,put,0.0,0.0,,0.0,,,,,73124555.0,113908224.0,-40783669.0,11496705.0,,4621868622.0,,,107.96,100.0,unknown,PER_ONE_DOLLAR_MOVE; exact dollar/contract scaling unverified,QuantData
2026-08-21T12:47:00-04:00,2026-08-28,110.0,call,873223.0,29637.0,,10697956.0,,,,,73124555.0,113908224.0,-40783669.0,11496705.0,,4621868622.0,,,107.96,100.0,unknown,PER_ONE_DOLLAR_MOVE; exact dollar/contract scaling unverified,QuantData
2026-08-21T12:47:00-04:00,2026-08-28,110.0,put,-40993.0,1346.0,,-608490.0,,,,,73124555.0,113908224.0,-40783669.0,11496705.0,,4621868622.0,,,107.96,100.0,unknown,PER_ONE_DOLLAR_MOVE; exact dollar/contract scaling unverified,QuantData
2026-08-21T12:47:00-04:00,2026-08-28,111.0,call,650347.0,31936.0,,7349990.0,,,,,73124555.0,113908224.0,-40783669.0,11496705.0,,4621868622.0,,,107.96,100.0,unknown,PER_ONE_DOLLAR_MOVE; exact dollar/contract scaling unverified,QuantData
2026-08-21T12:47:00-04:00,2026-08-28,111.0,put,-23837.0,1495.0,,-414509.0,,,,,73124555.0,113908224.0,-40783669.0,11496705.0,,4621868622.0,,,107.96,100.0,unknown,PER_ONE_DOLLAR_MOVE; exact dollar/contract scaling unverified,QuantData
2026-08-21T12:47:00-04:00,2026-08-28,112.0,call,308544.0,18760.0,,3334232.0,,,,,73124555.0,113908224.0,-40783669.0,11496705.0,,4621868622.0,,,107.96,100.0,unknown,PER_ONE_DOLLAR_MOVE; exact dollar/contract scaling unverified,QuantData
2026-08-21T12:47:00-04:00,2026-08-28,112.0,put,-23596.0,1472.0,,-416624.0,,,,,73124555.0,113908224.0,-40783669.0,11496705.0,,4621868622.0,,,107.96,100.0,unknown,PER_ONE_DOLLAR_MOVE; exact dollar/contract scaling unverified,QuantData
2026-08-21T12:47:00-04:00,2026-08-28,113.0,call,0.0,0.0,,0.0,,,,,73124555.0,113908224.0,-40783669.0,11496705.0,,4621868622.0,,,107.96,100.0,unknown,PER_ONE_DOLLAR_MOVE; exact dollar/contract scaling unverified,QuantData
2026-08-21T12:47:00-04:00,2026-08-28,113.0,put,-45530.0,4038.0,,-949238.0,,,,,73124555.0,113908224.0,-40783669.0,11496705.0,,4621868622.0,,,107.96,100.0,unknown,PER_ONE_DOLLAR_MOVE; exact dollar/contract scaling unverified,QuantData
2026-08-21T12:47:00-04:00,2026-08-28,114.0,call,0.0,0.0,,0.0,,,,,73124555.0,113908224.0,-40783669.0,11496705.0,,4621868622.0,,,107.96,100.0,unknown,PER_ONE_DOLLAR_MOVE; exact dollar/contract scaling unverified,QuantData
2026-08-21T12:47:00-04:00,2026-08-28,114.0,put,-35564.0,3223.0,,-739100.0,,,,,73124555.0,113908224.0,-40783669.0,11496705.0,,4621868622.0,,,107.96,100.0,unknown,PER_ONE_DOLLAR_MOVE; exact dollar/contract scaling unverified,QuantData
2026-08-21T12:47:00-04:00,2026-08-28,115.0,call,237533.0,23754.0,,2168223.0,,,,,73124555.0,113908224.0,-40783669.0,11496705.0,,4621868622.0,,,107.96,100.0,unknown,PER_ONE_DOLLAR_MOVE; exact dollar/contract scaling unverified,QuantData
2026-08-21T12:47:00-04:00,2026-08-28,115.0,put,-27433.0,2885.0,,-722086.0,,,,,73124555.0,113908224.0,-40783669.0,11496705.0,,4621868622.0,,,107.96,100.0,unknown,PER_ONE_DOLLAR_MOVE; exact dollar/contract scaling unverified,QuantData
2026-08-21T12:47:00-04:00,2026-08-28,116.0,call,145981.0,16755.0,,1256307.0,,,,,73124555.0,113908224.0,-40783669.0,11496705.0,,4621868622.0,,,107.96,100.0,unknown,PER_ONE_DOLLAR_MOVE; exact dollar/contract scaling unverified,QuantData
2026-08-21T12:47:00-04:00,2026-08-28,116.0,put,0.0,0.0,,0.0,,,,,73124555.0,113908224.0,-40783669.0,11496705.0,,4621868622.0,,,107.96,100.0,unknown,PER_ONE_DOLLAR_MOVE; exact dollar/contract scaling unverified,QuantData
2026-08-21T12:47:00-04:00,2026-08-28,117.0,call,32754.0,4123.0,,271454.0,,,,,73124555.0,113908224.0,-40783669.0,11496705.0,,4621868622.0,,,107.96,100.0,unknown,PER_ONE_DOLLAR_MOVE; exact dollar/contract scaling unverified,QuantData
2026-08-21T12:47:00-04:00,2026-08-28,117.0,put,0.0,0.0,,0.0,,,,,73124555.0,113908224.0,-40783669.0,11496705.0,,4621868622.0,,,107.96,100.0,unknown,PER_ONE_DOLLAR_MOVE; exact dollar/contract scaling unverified,QuantData
2026-08-21T12:47:00-04:00,2026-08-28,118.0,call,0.0,0.0,,0.0,,,,,73124555.0,113908224.0,-40783669.0,11496705.0,,4621868622.0,,,107.96,100.0,unknown,PER_ONE_DOLLAR_MOVE; exact dollar/contract scaling unverified,QuantData
2026-08-21T12:47:00-04:00,2026-08-28,118.0,put,0.0,0.0,,0.0,,,,,73124555.0,113908224.0,-40783669.0,11496705.0,,4621868622.0,,,107.96,100.0,unknown,PER_ONE_DOLLAR_MOVE; exact dollar/contract scaling unverified,QuantData
2026-08-21T12:47:00-04:00,2026-08-28,119.0,call,52372.0,8038.0,,401453.0,,,,,73124555.0,113908224.0,-40783669.0,11496705.0,,4621868622.0,,,107.96,100.0,unknown,PER_ONE_DOLLAR_MOVE; exact dollar/contract scaling unverified,QuantData
2026-08-21T12:47:00-04:00,2026-08-28,119.0,put,-5163.0,825.0,,-210151.0,,,,,73124555.0,113908224.0,-40783669.0,11496705.0,,4621868622.0,,,107.96,100.0,unknown,PER_ONE_DOLLAR_MOVE; exact dollar/contract scaling unverified,QuantData
2026-08-21T12:47:00-04:00,2026-08-28,120.0,call,597813.0,96782.0,,4411845.0,,,,,73124555.0,113908224.0,-40783669.0,11496705.0,,4621868622.0,,,107.96,100.0,unknown,PER_ONE_DOLLAR_MOVE; exact dollar/contract scaling unverified,QuantData
2026-08-21T12:47:00-04:00,2026-08-28,120.0,put,-14502.0,2402.0,,-575382.0,,,,,73124555.0,113908224.0,-40783669.0,11496705.0,,4621868622.0,,,107.96,100.0,unknown,PER_ONE_DOLLAR_MOVE; exact dollar/contract scaling unverified,QuantData
2026-08-21T12:47:00-04:00,2026-08-28,121.0,call,28396.0,5197.0,,195631.0,,,,,73124555.0,113908224.0,-40783669.0,11496705.0,,4621868622.0,,,107.96,100.0,unknown,PER_ONE_DOLLAR_MOVE; exact dollar/contract scaling unverified,QuantData
2026-08-21T12:47:00-04:00,2026-08-28,121.0,put,-209.0,35.0,,-9008.0,,,,,73124555.0,113908224.0,-40783669.0,11496705.0,,4621868622.0,,,107.96,100.0,unknown,PER_ONE_DOLLAR_MOVE; exact dollar/contract scaling unverified,QuantData
2026-08-21T12:47:00-04:00,2026-08-28,122.0,call,11652.0,2208.0,,80050.0,,,,,73124555.0,113908224.0,-40783669.0,11496705.0,,4621868622.0,,,107.96,100.0,unknown,PER_ONE_DOLLAR_MOVE; exact dollar/contract scaling unverified,QuantData
2026-08-21T12:47:00-04:00,2026-08-28,122.0,put,0.0,0.0,,0.0,,,,,73124555.0,113908224.0,-40783669.0,11496705.0,,4621868622.0,,,107.96,100.0,unknown,PER_ONE_DOLLAR_MOVE; exact dollar/contract scaling unverified,QuantData
2026-08-21T12:47:00-04:00,2026-08-28,123.0,call,29966.0,5914.0,,202359.0,,,,,73124555.0,113908224.0,-40783669.0,11496705.0,,4621868622.0,,,107.96,100.0,unknown,PER_ONE_DOLLAR_MOVE; exact dollar/contract scaling unverified,QuantData
2026-08-21T12:47:00-04:00,2026-08-28,123.0,put,0.0,0.0,,0.0,,,,,73124555.0,113908224.0,-40783669.0,11496705.0,,4621868622.0,,,107.96,100.0,unknown,PER_ONE_DOLLAR_MOVE; exact dollar/contract scaling unverified,QuantData
2026-08-21T12:47:00-04:00,2026-08-28,124.0,call,4022.0,839.0,,26054.0,,,,,73124555.0,113908224.0,-40783669.0,11496705.0,,4621868622.0,,,107.96,100.0,unknown,PER_ONE_DOLLAR_MOVE; exact dollar/contract scaling unverified,QuantData
2026-08-21T12:47:00-04:00,2026-08-28,124.0,put,0.0,0.0,,0.0,,,,,73124555.0,113908224.0,-40783669.0,11496705.0,,4621868622.0,,,107.96,100.0,unknown,PER_ONE_DOLLAR_MOVE; exact dollar/contract scaling unverified,QuantData
2026-08-21T12:47:00-04:00,2026-08-28,125.0,call,194953.0,42328.0,,1245216.0,,,,,73124555.0,113908224.0,-40783669.0,11496705.0,,4621868622.0,,,107.96,100.0,unknown,PER_ONE_DOLLAR_MOVE; exact dollar/contract scaling unverified,QuantData
2026-08-21T12:47:00-04:00,2026-08-28,125.0,put,-588.0,129.0,,-38957.0,,,,,73124555.0,113908224.0,-40783669.0,11496705.0,,4621868622.0,,,107.96,100.0,unknown,PER_ONE_DOLLAR_MOVE; exact dollar/contract scaling unverified,QuantData
2026-08-21T12:47:00-04:00,2026-08-28,130.0,call,29314.0,7640.0,,172711.0,,,,,73124555.0,113908224.0,-40783669.0,11496705.0,,4621868622.0,,,107.96,100.0,unknown,PER_ONE_DOLLAR_MOVE; exact dollar/contract scaling unverified,QuantData
2026-08-21T12:47:00-04:00,2026-08-28,130.0,put,0.0,0.0,,0.0,,,,,73124555.0,113908224.0,-40783669.0,11496705.0,,4621868622.0,,,107.96,100.0,unknown,PER_ONE_DOLLAR_MOVE; exact dollar/contract scaling unverified,QuantData
2026-08-21T12:47:00-04:00,2026-08-28,135.0,call,37674.0,11235.0,,210907.0,,,,,73124555.0,113908224.0,-40783669.0,11496705.0,,4621868622.0,,,107.96,100.0,unknown,PER_ONE_DOLLAR_MOVE; exact dollar/contract scaling unverified,QuantData
2026-08-21T12:47:00-04:00,2026-08-28,135.0,put,0.0,0.0,,0.0,,,,,73124555.0,113908224.0,-40783669.0,11496705.0,,4621868622.0,,,107.96,100.0,unknown,PER_ONE_DOLLAR_MOVE; exact dollar/contract scaling unverified,QuantData
2026-08-21T12:47:00-04:00,2026-08-28,140.0,call,5608.0,1854.0,,30513.0,,,,,73124555.0,113908224.0,-40783669.0,11496705.0,,4621868622.0,,,107.96,100.0,unknown,PER_ONE_DOLLAR_MOVE; exact dollar/contract scaling unverified,QuantData
2026-08-21T12:47:00-04:00,2026-08-28,140.0,put,0.0,0.0,,0.0,,,,,73124555.0,113908224.0,-40783669.0,11496705.0,,4621868622.0,,,107.96,100.0,unknown,PER_ONE_DOLLAR_MOVE; exact dollar/contract scaling unverified,QuantData
2026-08-21T12:47:00-04:00,2026-08-28,145.0,call,10850.0,3719.0,,63210.0,,,,,73124555.0,113908224.0,-40783669.0,11496705.0,,4621868622.0,,,107.96,100.0,unknown,PER_ONE_DOLLAR_MOVE; exact dollar/contract scaling unverified,QuantData
2026-08-21T12:47:00-04:00,2026-08-28,145.0,put,0.0,0.0,,0.0,,,,,73124555.0,113908224.0,-40783669.0,11496705.0,,4621868622.0,,,107.96,100.0,unknown,PER_ONE_DOLLAR_MOVE; exact dollar/contract scaling unverified,QuantData
2026-08-21T12:47:00-04:00,2026-08-28,150.0,call,4220.0,1606.0,,22568.0,,,,,73124555.0,113908224.0,-40783669.0,11496705.0,,4621868622.0,,,107.96,100.0,unknown,PER_ONE_DOLLAR_MOVE; exact dollar/contract scaling unverified,QuantData
2026-08-21T12:47:00-04:00,2026-08-28,150.0,put,-85.0,25.0,,-20660.0,,,,,73124555.0,113908224.0,-40783669.0,11496705.0,,4621868622.0,,,107.96,100.0,unknown,PER_ONE_DOLLAR_MOVE; exact dollar/contract scaling unverified,QuantData
2026-08-21T12:47:00-04:00,2026-08-28,155.0,call,2518.0,1112.0,,11244.0,,,,,73124555.0,113908224.0,-40783669.0,11496705.0,,4621868622.0,,,107.96,100.0,unknown,PER_ONE_DOLLAR_MOVE; exact dollar/contract scaling unverified,QuantData
2026-08-21T12:47:00-04:00,2026-08-28,155.0,put,0.0,0.0,,0.0,,,,,73124555.0,113908224.0,-40783669.0,11496705.0,,4621868622.0,,,107.96,100.0,unknown,PER_ONE_DOLLAR_MOVE; exact dollar/contract scaling unverified,QuantData
2026-08-21T12:47:00-04:00,2026-08-28,160.0,call,9924.0,3252.0,,86583.0,,,,,73124555.0,113908224.0,-40783669.0,11496705.0,,4621868622.0,,,107.96,100.0,unknown,PER_ONE_DOLLAR_MOVE; exact dollar/contract scaling unverified,QuantData
2026-08-21T12:47:00-04:00,2026-08-28,160.0,put,0.0,0.0,,0.0,,,,,73124555.0,113908224.0,-40783669.0,11496705.0,,4621868622.0,,,107.96,100.0,unknown,PER_ONE_DOLLAR_MOVE; exact dollar/contract scaling unverified,QuantData
2026-08-21T12:47:00-04:00,2026-09-04,50.0,call,0.0,0.0,,0.0,,,,,73124555.0,113908224.0,-40783669.0,11496705.0,,4621868622.0,,,107.96,100.0,unknown,PER_ONE_DOLLAR_MOVE; exact dollar/contract scaling unverified,QuantData
2026-08-21T12:47:00-04:00,2026-09-04,50.0,put,0.0,0.0,,0.0,,,,,73124555.0,113908224.0,-40783669.0,11496705.0,,4621868622.0,,,107.96,100.0,unknown,PER_ONE_DOLLAR_MOVE; exact dollar/contract scaling unverified,QuantData
2026-08-21T12:47:00-04:00,2026-09-04,60.0,call,0.0,0.0,,0.0,,,,,73124555.0,113908224.0,-40783669.0,11496705.0,,4621868622.0,,,107.96,100.0,unknown,PER_ONE_DOLLAR_MOVE; exact dollar/contract scaling unverified,QuantData
2026-08-21T12:47:00-04:00,2026-09-04,60.0,put,-2587.0,-1157.0,,-21781.0,,,,,73124555.0,113908224.0,-40783669.0,11496705.0,,4621868622.0,,,107.96,100.0,unknown,PER_ONE_DOLLAR_MOVE; exact dollar/contract scaling unverified,QuantData
2026-08-21T12:47:00-04:00,2026-09-04,65.0,call,0.0,0.0,,0.0,,,,,73124555.0,113908224.0,-40783669.0,11496705.0,,4621868622.0,,,107.96,100.0,unknown,PER_ONE_DOLLAR_MOVE; exact dollar/contract scaling unverified,QuantData
2026-08-21T12:47:00-04:00,2026-09-04,65.0,put,-2575.0,-1378.0,,-16979.0,,,,,73124555.0,113908224.0,-40783669.0,11496705.0,,4621868622.0,,,107.96,100.0,unknown,PER_ONE_DOLLAR_MOVE; exact dollar/contract scaling unverified,QuantData
2026-08-21T12:47:00-04:00,2026-09-04,70.0,call,0.0,0.0,,0.0,,,,,73124555.0,113908224.0,-40783669.0,11496705.0,,4621868622.0,,,107.96,100.0,unknown,PER_ONE_DOLLAR_MOVE; exact dollar/contract scaling unverified,QuantData
2026-08-21T12:47:00-04:00,2026-09-04,70.0,put,-5619.0,-2695.0,,-40170.0,,,,,73124555.0,113908224.0,-40783669.0,11496705.0,,4621868622.0,,,107.96,100.0,unknown,PER_ONE_DOLLAR_MOVE; exact dollar/contract scaling unverified,QuantData
2026-08-21T12:47:00-04:00,2026-09-04,75.0,call,0.0,0.0,,0.0,,,,,73124555.0,113908224.0,-40783669.0,11496705.0,,4621868622.0,,,107.96,100.0,unknown,PER_ONE_DOLLAR_MOVE; exact dollar/contract scaling unverified,QuantData
2026-08-21T12:47:00-04:00,2026-09-04,75.0,put,-17021.0,-8068.0,,-105638.0,,,,,73124555.0,113908224.0,-40783669.0,11496705.0,,4621868622.0,,,107.96,100.0,unknown,PER_ONE_DOLLAR_MOVE; exact dollar/contract scaling unverified,QuantData
2026-08-21T12:47:00-04:00,2026-09-04,77.0,call,0.0,0.0,,0.0,,,,,73124555.0,113908224.0,-40783669.0,11496705.0,,4621868622.0,,,107.96,100.0,unknown,PER_ONE_DOLLAR_MOVE; exact dollar/contract scaling unverified,QuantData
2026-08-21T12:47:00-04:00,2026-09-04,77.0,put,-414.0,-153.0,,-3451.0,,,,,73124555.0,113908224.0,-40783669.0,11496705.0,,4621868622.0,,,107.96,100.0,unknown,PER_ONE_DOLLAR_MOVE; exact dollar/contract scaling unverified,QuantData
2026-08-21T12:47:00-04:00,2026-09-04,79.0,call,0.0,0.0,,0.0,,,,,73124555.0,113908224.0,-40783669.0,11496705.0,,4621868622.0,,,107.96,100.0,unknown,PER_ONE_DOLLAR_MOVE; exact dollar/contract scaling unverified,QuantData
2026-08-21T12:47:00-04:00,2026-09-04,79.0,put,-15072.0,-6425.0,,-94521.0,,,,,73124555.0,113908224.0,-40783669.0,11496705.0,,4621868622.0,,,107.96,100.0,unknown,PER_ONE_DOLLAR_MOVE; exact dollar/contract scaling unverified,QuantData
2026-08-21T12:47:00-04:00,2026-09-04,80.0,call,2032.0,-812.0,,655001.0,,,,,73124555.0,113908224.0,-40783669.0,11496705.0,,4621868622.0,,,107.96,100.0,unknown,PER_ONE_DOLLAR_MOVE; exact dollar/contract scaling unverified,QuantData
2026-08-21T12:47:00-04:00,2026-09-04,80.0,put,-42740.0,-17404.0,,-283935.0,,,,,73124555.0,113908224.0,-40783669.0,11496705.0,,4621868622.0,,,107.96,100.0,unknown,PER_ONE_DOLLAR_MOVE; exact dollar/contract scaling unverified,QuantData
2026-08-21T12:47:00-04:00,2026-09-04,81.0,call,0.0,0.0,,0.0,,,,,73124555.0,113908224.0,-40783669.0,11496705.0,,4621868622.0,,,107.96,100.0,unknown,PER_ONE_DOLLAR_MOVE; exact dollar/contract scaling unverified,QuantData
2026-08-21T12:47:00-04:00,2026-09-04,81.0,put,-31413.0,-12569.0,,-206486.0,,,,,73124555.0,113908224.0,-40783669.0,11496705.0,,4621868622.0,,,107.96,100.0,unknown,PER_ONE_DOLLAR_MOVE; exact dollar/contract scaling unverified,QuantData
2026-08-21T12:47:00-04:00,2026-09-04,82.0,call,1103.0,-462.0,,357479.0,,,,,73124555.0,113908224.0,-40783669.0,11496705.0,,4621868622.0,,,107.96,100.0,unknown,PER_ONE_DOLLAR_MOVE; exact dollar/contract scaling unverified,QuantData
2026-08-21T12:47:00-04:00,2026-09-04,82.0,put,-13527.0,-4872.0,,-100464.0,,,,,73124555.0,113908224.0,-40783669.0,11496705.0,,4621868622.0,,,107.96,100.0,unknown,PER_ONE_DOLLAR_MOVE; exact dollar/contract scaling unverified,QuantData
2026-08-21T12:47:00-04:00,2026-09-04,83.0,call,0.0,0.0,,0.0,,,,,73124555.0,113908224.0,-40783669.0,11496705.0,,4621868622.0,,,107.96,100.0,unknown,PER_ONE_DOLLAR_MOVE; exact dollar/contract scaling unverified,QuantData
2026-08-21T12:47:00-04:00,2026-09-04,83.0,put,-14657.0,-5351.0,,-102165.0,,,,,73124555.0,113908224.0,-40783669.0,11496705.0,,4621868622.0,,,107.96,100.0,unknown,PER_ONE_DOLLAR_MOVE; exact dollar/contract scaling unverified,QuantData
2026-08-21T12:47:00-04:00,2026-09-04,84.0,call,0.0,0.0,,0.0,,,,,73124555.0,113908224.0,-40783669.0,11496705.0,,4621868622.0,,,107.96,100.0,unknown,PER_ONE_DOLLAR_MOVE; exact dollar/contract scaling unverified,QuantData
2026-08-21T12:47:00-04:00,2026-09-04,84.0,put,-19067.0,-6876.0,,-131604.0,,,,,73124555.0,113908224.0,-40783669.0,11496705.0,,4621868622.0,,,107.96,100.0,unknown,PER_ONE_DOLLAR_MOVE; exact dollar/contract scaling unverified,QuantData
2026-08-21T12:47:00-04:00,2026-09-04,85.0,call,4772.0,-2289.0,,2131307.0,,,,,73124555.0,113908224.0,-40783669.0,11496705.0,,4621868622.0,,,107.96,100.0,unknown,PER_ONE_DOLLAR_MOVE; exact dollar/contract scaling unverified,QuantData
2026-08-21T12:47:00-04:00,2026-09-04,85.0,put,-45280.0,-15392.0,,-327911.0,,,,,73124555.0,113908224.0,-40783669.0,11496705.0,,4621868622.0,,,107.96,100.0,unknown,PER_ONE_DOLLAR_MOVE; exact dollar/contract scaling unverified,QuantData
2026-08-21T12:47:00-04:00,2026-09-04,86.0,call,10185.0,-2836.0,,1182858.0,,,,,73124555.0,113908224.0,-40783669.0,11496705.0,,4621868622.0,,,107.96,100.0,unknown,PER_ONE_DOLLAR_MOVE; exact dollar/contract scaling unverified,QuantData
2026-08-21T12:47:00-04:00,2026-09-04,86.0,put,-28888.0,-9072.0,,-216174.0,,,,,73124555.0,113908224.0,-40783669.0,11496705.0,,4621868622.0,,,107.96,100.0,unknown,PER_ONE_DOLLAR_MOVE; exact dollar/contract scaling unverified,QuantData
2026-08-21T12:47:00-04:00,2026-09-04,87.0,call,0.0,0.0,,0.0,,,,,73124555.0,113908224.0,-40783669.0,11496705.0,,4621868622.0,,,107.96,100.0,unknown,PER_ONE_DOLLAR_MOVE; exact dollar/contract scaling unverified,QuantData
2026-08-21T12:47:00-04:00,2026-09-04,87.0,put,-25763.0,-8034.0,,-190552.0,,,,,73124555.0,113908224.0,-40783669.0,11496705.0,,4621868622.0,,,107.96,100.0,unknown,PER_ONE_DOLLAR_MOVE; exact dollar/contract scaling unverified,QuantData
2026-08-21T12:47:00-04:00,2026-09-04,88.0,call,82201.0,-11112.0,,3830306.0,,,,,73124555.0,113908224.0,-40783669.0,11496705.0,,4621868622.0,,,107.96,100.0,unknown,PER_ONE_DOLLAR_MOVE; exact dollar/contract scaling unverified,QuantData
2026-08-21T12:47:00-04:00,2026-09-04,88.0,put,-76416.0,-21411.0,,-582260.0,,,,,73124555.0,113908224.0,-40783669.0,11496705.0,,4621868622.0,,,107.96,100.0,unknown,PER_ONE_DOLLAR_MOVE; exact dollar/contract scaling unverified,QuantData
2026-08-21T12:47:00-04:00,2026-09-04,89.0,call,12089.0,-2897.0,,998475.0,,,,,73124555.0,113908224.0,-40783669.0,11496705.0,,4621868622.0,,,107.96,100.0,unknown,PER_ONE_DOLLAR_MOVE; exact dollar/contract scaling unverified,QuantData
2026-08-21T12:47:00-04:00,2026-09-04,89.0,put,-64376.0,-17162.0,,-514852.0,,,,,73124555.0,113908224.0,-40783669.0,11496705.0,,4621868622.0,,,107.96,100.0,unknown,PER_ONE_DOLLAR_MOVE; exact dollar/contract scaling unverified,QuantData
2026-08-21T12:47:00-04:00,2026-09-04,90.0,call,25986.0,-7422.0,,2529174.0,,,,,73124555.0,113908224.0,-40783669.0,11496705.0,,4621868622.0,,,107.96,100.0,unknown,PER_ONE_DOLLAR_MOVE; exact dollar/contract scaling unverified,QuantData
2026-08-21T12:47:00-04:00,2026-09-04,90.0,put,-118148.0,-32222.0,,-915223.0,,,,,73124555.0,113908224.0,-40783669.0,11496705.0,,4621868622.0,,,107.96,100.0,unknown,PER_ONE_DOLLAR_MOVE; exact dollar/contract scaling unverified,QuantData
2026-08-21T12:47:00-04:00,2026-09-04,91.0,call,9921.0,-3429.0,,1166933.0,,,,,73124555.0,113908224.0,-40783669.0,11496705.0,,4621868622.0,,,107.96,100.0,unknown,PER_ONE_DOLLAR_MOVE; exact dollar/contract scaling unverified,QuantData
2026-08-21T12:47:00-04:00,2026-09-04,91.0,put,-47001.0,-12037.0,,-381339.0,,,,,73124555.0,113908224.0,-40783669.0,11496705.0,,4621868622.0,,,107.96,100.0,unknown,PER_ONE_DOLLAR_MOVE; exact dollar/contract scaling unverified,QuantData
2026-08-21T12:47:00-04:00,2026-09-04,92.0,call,31397.0,-8905.0,,2563393.0,,,,,73124555.0,113908224.0,-40783669.0,11496705.0,,4621868622.0,,,107.96,100.0,unknown,PER_ONE_DOLLAR_MOVE; exact dollar/contract scaling unverified,QuantData
2026-08-21T12:47:00-04:00,2026-09-04,92.0,put,-25613.0,-6113.0,,-210408.0,,,,,73124555.0,113908224.0,-40783669.0,11496705.0,,4621868622.0,,,107.96,100.0,unknown,PER_ONE_DOLLAR_MOVE; exact dollar/contract scaling unverified,QuantData
2026-08-21T12:47:00-04:00,2026-09-04,93.0,call,15268.0,-3924.0,,1055530.0,,,,,73124555.0,113908224.0,-40783669.0,11496705.0,,4621868622.0,,,107.96,100.0,unknown,PER_ONE_DOLLAR_MOVE; exact dollar/contract scaling unverified,QuantData
2026-08-21T12:47:00-04:00,2026-09-04,93.0,put,-12060.0,-2651.0,,-105490.0,,,,,73124555.0,113908224.0,-40783669.0,11496705.0,,4621868622.0,,,107.96,100.0,unknown,PER_ONE_DOLLAR_MOVE; exact dollar/contract scaling unverified,QuantData
2026-08-21T12:47:00-04:00,2026-09-04,94.0,call,168505.0,-35160.0,,9702745.0,,,,,73124555.0,113908224.0,-40783669.0,11496705.0,,4621868622.0,,,107.96,100.0,unknown,PER_ONE_DOLLAR_MOVE; exact dollar/contract scaling unverified,QuantData
2026-08-21T12:47:00-04:00,2026-09-04,94.0,put,-64086.0,-13104.0,,-571850.0,,,,,73124555.0,113908224.0,-40783669.0,11496705.0,,4621868622.0,,,107.96,100.0,unknown,PER_ONE_DOLLAR_MOVE; exact dollar/contract scaling unverified,QuantData
2026-08-21T12:47:00-04:00,2026-09-04,95.0,call,47205.0,-10611.0,,2537589.0,,,,,73124555.0,113908224.0,-40783669.0,11496705.0,,4621868622.0,,,107.96,100.0,unknown,PER_ONE_DOLLAR_MOVE; exact dollar/contract scaling unverified,QuantData
2026-08-21T12:47:00-04:00,2026-09-04,95.0,put,-38820.0,-7303.0,,-361137.0,,,,,73124555.0,113908224.0,-40783669.0,11496705.0,,4621868622.0,,,107.96,100.0,unknown,PER_ONE_DOLLAR_MOVE; exact dollar/contract scaling unverified,QuantData
2026-08-21T12:47:00-04:00,2026-09-04,96.0,call,37146.0,-6575.0,,1680437.0,,,,,73124555.0,113908224.0,-40783669.0,11496705.0,,4621868622.0,,,107.96,100.0,unknown,PER_ONE_DOLLAR_MOVE; exact dollar/contract scaling unverified,QuantData
2026-08-21T12:47:00-04:00,2026-09-04,96.0,put,-47471.0,-8236.0,,-455176.0,,,,,73124555.0,113908224.0,-40783669.0,11496705.0,,4621868622.0,,,107.96,100.0,unknown,PER_ONE_DOLLAR_MOVE; exact dollar/contract scaling unverified,QuantData
2026-08-21T12:47:00-04:00,2026-09-04,97.0,call,61808.0,-9687.0,,2552324.0,,,,,73124555.0,113908224.0,-40783669.0,11496705.0,,4621868622.0,,,107.96,100.0,unknown,PER_ONE_DOLLAR_MOVE; exact dollar/contract scaling unverified,QuantData
2026-08-21T12:47:00-04:00,2026-09-04,97.0,put,-106260.0,-16577.0,,-1066937.0,,,,,73124555.0,113908224.0,-40783669.0,11496705.0,,4621868622.0,,,107.96,100.0,unknown,PER_ONE_DOLLAR_MOVE; exact dollar/contract scaling unverified,QuantData
2026-08-21T12:47:00-04:00,2026-09-04,98.0,call,81078.0,-11685.0,,3183733.0,,,,,73124555.0,113908224.0,-40783669.0,11496705.0,,4621868622.0,,,107.96,100.0,unknown,PER_ONE_DOLLAR_MOVE; exact dollar/contract scaling unverified,QuantData
2026-08-21T12:47:00-04:00,2026-09-04,98.0,put,-50313.0,-6450.0,,-549572.0,,,,,73124555.0,113908224.0,-40783669.0,11496705.0,,4621868622.0,,,107.96,100.0,unknown,PER_ONE_DOLLAR_MOVE; exact dollar/contract scaling unverified,QuantData
2026-08-21T12:47:00-04:00,2026-09-04,99.0,call,19036.0,-2427.0,,660519.0,,,,,73124555.0,113908224.0,-40783669.0,11496705.0,,4621868622.0,,,107.96,100.0,unknown,PER_ONE_DOLLAR_MOVE; exact dollar/contract scaling unverified,QuantData
2026-08-21T12:47:00-04:00,2026-09-04,99.0,put,-81940.0,-10424.0,,-883064.0,,,,,73124555.0,113908224.0,-40783669.0,11496705.0,,4621868622.0,,,107.96,100.0,unknown,PER_ONE_DOLLAR_MOVE; exact dollar/contract scaling unverified,QuantData
2026-08-21T12:47:00-04:00,2026-09-04,100.0,call,298600.0,-32005.0,,9523063.0,,,,,73124555.0,113908224.0,-40783669.0,11496705.0,,4621868622.0,,,107.96,100.0,unknown,PER_ONE_DOLLAR_MOVE; exact dollar/contract scaling unverified,QuantData
2026-08-21T12:47:00-04:00,2026-09-04,100.0,put,-198351.0,-22310.0,,-2262439.0,,,,,73124555.0,113908224.0,-40783669.0,11496705.0,,4621868622.0,,,107.96,100.0,unknown,PER_ONE_DOLLAR_MOVE; exact dollar/contract scaling unverified,QuantData
2026-08-21T12:47:00-04:00,2026-09-04,101.0,call,162028.0,-14793.0,,4845140.0,,,,,73124555.0,113908224.0,-40783669.0,11496705.0,,4621868622.0,,,107.96,100.0,unknown,PER_ONE_DOLLAR_MOVE; exact dollar/contract scaling unverified,QuantData
2026-08-21T12:47:00-04:00,2026-09-04,101.0,put,-14095.0,-1094.0,,-174393.0,,,,,73124555.0,113908224.0,-40783669.0,11496705.0,,4621868622.0,,,107.96,100.0,unknown,PER_ONE_DOLLAR_MOVE; exact dollar/contract scaling unverified,QuantData
2026-08-21T12:47:00-04:00,2026-09-04,102.0,call,35614.0,-2809.0,,976242.0,,,,,73124555.0,113908224.0,-40783669.0,11496705.0,,4621868622.0,,,107.96,100.0,unknown,PER_ONE_DOLLAR_MOVE; exact dollar/contract scaling unverified,QuantData
2026-08-21T12:47:00-04:00,2026-09-04,102.0,put,-14062.0,-1121.0,,-175041.0,,,,,73124555.0,113908224.0,-40783669.0,11496705.0,,4621868622.0,,,107.96,100.0,unknown,PER_ONE_DOLLAR_MOVE; exact dollar/contract scaling unverified,QuantData
2026-08-21T12:47:00-04:00,2026-09-04,103.0,call,28716.0,-1608.0,,708213.0,,,,,73124555.0,113908224.0,-40783669.0,11496705.0,,4621868622.0,,,107.96,100.0,unknown,PER_ONE_DOLLAR_MOVE; exact dollar/contract scaling unverified,QuantData
2026-08-21T12:47:00-04:00,2026-09-04,103.0,put,-10024.0,-510.0,,-136474.0,,,,,73124555.0,113908224.0,-40783669.0,11496705.0,,4621868622.0,,,107.96,100.0,unknown,PER_ONE_DOLLAR_MOVE; exact dollar/contract scaling unverified,QuantData
2026-08-21T12:47:00-04:00,2026-09-04,104.0,call,154168.0,-5709.0,,3595789.0,,,,,73124555.0,113908224.0,-40783669.0,11496705.0,,4621868622.0,,,107.96,100.0,unknown,PER_ONE_DOLLAR_MOVE; exact dollar/contract scaling unverified,QuantData
2026-08-21T12:47:00-04:00,2026-09-04,104.0,put,-15806.0,-723.0,,-219548.0,,,,,73124555.0,113908224.0,-40783669.0,11496705.0,,4621868622.0,,,107.96,100.0,unknown,PER_ONE_DOLLAR_MOVE; exact dollar/contract scaling unverified,QuantData
2026-08-21T12:47:00-04:00,2026-09-04,105.0,call,563548.0,-15962.0,,12757765.0,,,,,73124555.0,113908224.0,-40783669.0,11496705.0,,4621868622.0,,,107.96,100.0,unknown,PER_ONE_DOLLAR_MOVE; exact dollar/contract scaling unverified,QuantData
2026-08-21T12:47:00-04:00,2026-09-04,105.0,put,-31811.0,-881.0,,-468525.0,,,,,73124555.0,113908224.0,-40783669.0,11496705.0,,4621868622.0,,,107.96,100.0,unknown,PER_ONE_DOLLAR_MOVE; exact dollar/contract scaling unverified,QuantData
2026-08-21T12:47:00-04:00,2026-09-04,106.0,call,287713.0,-4147.0,,6001272.0,,,,,73124555.0,113908224.0,-40783669.0,11496705.0,,4621868622.0,,,107.96,100.0,unknown,PER_ONE_DOLLAR_MOVE; exact dollar/contract scaling unverified,QuantData
2026-08-21T12:47:00-04:00,2026-09-04,106.0,put,-9796.0,-177.0,,-147546.0,,,,,73124555.0,113908224.0,-40783669.0,11496705.0,,4621868622.0,,,107.96,100.0,unknown,PER_ONE_DOLLAR_MOVE; exact dollar/contract scaling unverified,QuantData
2026-08-21T12:47:00-04:00,2026-09-04,107.0,call,0.0,0.0,,0.0,,,,,73124555.0,113908224.0,-40783669.0,11496705.0,,4621868622.0,,,107.96,100.0,unknown,PER_ONE_DOLLAR_MOVE; exact dollar/contract scaling unverified,QuantData
2026-08-21T12:47:00-04:00,2026-09-04,107.0,put,0.0,0.0,,0.0,,,,,73124555.0,113908224.0,-40783669.0,11496705.0,,4621868622.0,,,107.96,100.0,unknown,PER_ONE_DOLLAR_MOVE; exact dollar/contract scaling unverified,QuantData
2026-08-21T12:47:00-04:00,2026-09-04,108.0,call,52882.0,658.0,,1005469.0,,,,,73124555.0,113908224.0,-40783669.0,11496705.0,,4621868622.0,,,107.96,100.0,unknown,PER_ONE_DOLLAR_MOVE; exact dollar/contract scaling unverified,QuantData
2026-08-21T12:47:00-04:00,2026-09-04,108.0,put,-20605.0,337.0,,-354723.0,,,,,73124555.0,113908224.0,-40783669.0,11496705.0,,4621868622.0,,,107.96,100.0,unknown,PER_ONE_DOLLAR_MOVE; exact dollar/contract scaling unverified,QuantData
2026-08-21T12:47:00-04:00,2026-09-04,109.0,call,56116.0,2502.0,,962190.0,,,,,73124555.0,113908224.0,-40783669.0,11496705.0,,4621868622.0,,,107.96,100.0,unknown,PER_ONE_DOLLAR_MOVE; exact dollar/contract scaling unverified,QuantData
2026-08-21T12:47:00-04:00,2026-09-04,109.0,put,-293.0,9.0,,-5425.0,,,,,73124555.0,113908224.0,-40783669.0,11496705.0,,4621868622.0,,,107.96,100.0,unknown,PER_ONE_DOLLAR_MOVE; exact dollar/contract scaling unverified,QuantData
2026-08-21T12:47:00-04:00,2026-09-04,110.0,call,562848.0,23138.0,,9553306.0,,,,,73124555.0,113908224.0,-40783669.0,11496705.0,,4621868622.0,,,107.96,100.0,unknown,PER_ONE_DOLLAR_MOVE; exact dollar/contract scaling unverified,QuantData
2026-08-21T12:47:00-04:00,2026-09-04,110.0,put,-17307.0,764.0,,-336119.0,,,,,73124555.0,113908224.0,-40783669.0,11496705.0,,4621868622.0,,,107.96,100.0,unknown,PER_ONE_DOLLAR_MOVE; exact dollar/contract scaling unverified,QuantData
2026-08-21T12:47:00-04:00,2026-09-04,111.0,call,46433.0,2898.0,,694547.0,,,,,73124555.0,113908224.0,-40783669.0,11496705.0,,4621868622.0,,,107.96,100.0,unknown,PER_ONE_DOLLAR_MOVE; exact dollar/contract scaling unverified,QuantData
2026-08-21T12:47:00-04:00,2026-09-04,111.0,put,-1145.0,70.0,,-24107.0,,,,,73124555.0,113908224.0,-40783669.0,11496705.0,,4621868622.0,,,107.96,100.0,unknown,PER_ONE_DOLLAR_MOVE; exact dollar/contract scaling unverified,QuantData
2026-08-21T12:47:00-04:00,2026-09-04,112.0,call,40248.0,2835.0,,623178.0,,,,,73124555.0,113908224.0,-40783669.0,11496705.0,,4621868622.0,,,107.96,100.0,unknown,PER_ONE_DOLLAR_MOVE; exact dollar/contract scaling unverified,QuantData
2026-08-21T12:47:00-04:00,2026-09-04,112.0,put,0.0,0.0,,0.0,,,,,73124555.0,113908224.0,-40783669.0,11496705.0,,4621868622.0,,,107.96,100.0,unknown,PER_ONE_DOLLAR_MOVE; exact dollar/contract scaling unverified,QuantData
2026-08-21T12:47:00-04:00,2026-09-04,113.0,call,120856.0,10779.0,,1716593.0,,,,,73124555.0,113908224.0,-40783669.0,11496705.0,,4621868622.0,,,107.96,100.0,unknown,PER_ONE_DOLLAR_MOVE; exact dollar/contract scaling unverified,QuantData
2026-08-21T12:47:00-04:00,2026-09-04,113.0,put,0.0,0.0,,0.0,,,,,73124555.0,113908224.0,-40783669.0,11496705.0,,4621868622.0,,,107.96,100.0,unknown,PER_ONE_DOLLAR_MOVE; exact dollar/contract scaling unverified,QuantData
2026-08-21T12:47:00-04:00,2026-09-04,114.0,call,17066.0,1762.0,,233349.0,,,,,73124555.0,113908224.0,-40783669.0,11496705.0,,4621868622.0,,,107.96,100.0,unknown,PER_ONE_DOLLAR_MOVE; exact dollar/contract scaling unverified,QuantData
2026-08-21T12:47:00-04:00,2026-09-04,114.0,put,0.0,0.0,,0.0,,,,,73124555.0,113908224.0,-40783669.0,11496705.0,,4621868622.0,,,107.96,100.0,unknown,PER_ONE_DOLLAR_MOVE; exact dollar/contract scaling unverified,QuantData
2026-08-21T12:47:00-04:00,2026-09-04,115.0,call,92658.0,10419.0,,1247926.0,,,,,73124555.0,113908224.0,-40783669.0,11496705.0,,4621868622.0,,,107.96,100.0,unknown,PER_ONE_DOLLAR_MOVE; exact dollar/contract scaling unverified,QuantData
2026-08-21T12:47:00-04:00,2026-09-04,115.0,put,-9929.0,1262.0,,-294162.0,,,,,73124555.0,113908224.0,-40783669.0,11496705.0,,4621868622.0,,,107.96,100.0,unknown,PER_ONE_DOLLAR_MOVE; exact dollar/contract scaling unverified,QuantData
2026-08-21T12:47:00-04:00,2026-09-04,116.0,call,11082.0,1451.0,,141890.0,,,,,73124555.0,113908224.0,-40783669.0,11496705.0,,4621868622.0,,,107.96,100.0,unknown,PER_ONE_DOLLAR_MOVE; exact dollar/contract scaling unverified,QuantData
2026-08-21T12:47:00-04:00,2026-09-04,116.0,put,0.0,0.0,,0.0,,,,,73124555.0,113908224.0,-40783669.0,11496705.0,,4621868622.0,,,107.96,100.0,unknown,PER_ONE_DOLLAR_MOVE; exact dollar/contract scaling unverified,QuantData
2026-08-21T12:47:00-04:00,2026-09-04,117.0,call,33291.0,4618.0,,421055.0,,,,,73124555.0,113908224.0,-40783669.0,11496705.0,,4621868622.0,,,107.96,100.0,unknown,PER_ONE_DOLLAR_MOVE; exact dollar/contract scaling unverified,QuantData
2026-08-21T12:47:00-04:00,2026-09-04,117.0,put,-1320.0,203.0,,-45673.0,,,,,73124555.0,113908224.0,-40783669.0,11496705.0,,4621868622.0,,,107.96,100.0,unknown,PER_ONE_DOLLAR_MOVE; exact dollar/contract scaling unverified,QuantData
2026-08-21T12:47:00-04:00,2026-09-04,118.0,call,24280.0,4106.0,,278904.0,,,,,73124555.0,113908224.0,-40783669.0,11496705.0,,4621868622.0,,,107.96,100.0,unknown,PER_ONE_DOLLAR_MOVE; exact dollar/contract scaling unverified,QuantData
2026-08-21T12:47:00-04:00,2026-09-04,118.0,put,0.0,0.0,,0.0,,,,,73124555.0,113908224.0,-40783669.0,11496705.0,,4621868622.0,,,107.96,100.0,unknown,PER_ONE_DOLLAR_MOVE; exact dollar/contract scaling unverified,QuantData
2026-08-21T12:47:00-04:00,2026-09-04,119.0,call,48532.0,8072.0,,569042.0,,,,,73124555.0,113908224.0,-40783669.0,11496705.0,,4621868622.0,,,107.96,100.0,unknown,PER_ONE_DOLLAR_MOVE; exact dollar/contract scaling unverified,QuantData
2026-08-21T12:47:00-04:00,2026-09-04,119.0,put,0.0,0.0,,0.0,,,,,73124555.0,113908224.0,-40783669.0,11496705.0,,4621868622.0,,,107.96,100.0,unknown,PER_ONE_DOLLAR_MOVE; exact dollar/contract scaling unverified,QuantData
2026-08-21T12:47:00-04:00,2026-09-04,120.0,call,279345.0,49290.0,,3187418.0,,,,,73124555.0,113908224.0,-40783669.0,11496705.0,,4621868622.0,,,107.96,100.0,unknown,PER_ONE_DOLLAR_MOVE; exact dollar/contract scaling unverified,QuantData
2026-08-21T12:47:00-04:00,2026-09-04,120.0,put,-22694.0,4280.0,,-861992.0,,,,,73124555.0,113908224.0,-40783669.0,11496705.0,,4621868622.0,,,107.96,100.0,unknown,PER_ONE_DOLLAR_MOVE; exact dollar/contract scaling unverified,QuantData
2026-08-21T12:47:00-04:00,2026-09-04,121.0,call,0.0,0.0,,0.0,,,,,73124555.0,113908224.0,-40783669.0,11496705.0,,4621868622.0,,,107.96,100.0,unknown,PER_ONE_DOLLAR_MOVE; exact dollar/contract scaling unverified,QuantData
2026-08-21T12:47:00-04:00,2026-09-04,121.0,put,0.0,0.0,,0.0,,,,,73124555.0,113908224.0,-40783669.0,11496705.0,,4621868622.0,,,107.96,100.0,unknown,PER_ONE_DOLLAR_MOVE; exact dollar/contract scaling unverified,QuantData
2026-08-21T12:47:00-04:00,2026-09-04,122.0,call,3492.0,718.0,,37040.0,,,,,73124555.0,113908224.0,-40783669.0,11496705.0,,4621868622.0,,,107.96,100.0,unknown,PER_ONE_DOLLAR_MOVE; exact dollar/contract scaling unverified,QuantData
2026-08-21T12:47:00-04:00,2026-09-04,122.0,put,0.0,0.0,,0.0,,,,,73124555.0,113908224.0,-40783669.0,11496705.0,,4621868622.0,,,107.96,100.0,unknown,PER_ONE_DOLLAR_MOVE; exact dollar/contract scaling unverified,QuantData
2026-08-21T12:47:00-04:00,2026-09-04,123.0,call,10401.0,2249.0,,107991.0,,,,,73124555.0,113908224.0,-40783669.0,11496705.0,,4621868622.0,,,107.96,100.0,unknown,PER_ONE_DOLLAR_MOVE; exact dollar/contract scaling unverified,QuantData
2026-08-21T12:47:00-04:00,2026-09-04,123.0,put,0.0,0.0,,0.0,,,,,73124555.0,113908224.0,-40783669.0,11496705.0,,4621868622.0,,,107.96,100.0,unknown,PER_ONE_DOLLAR_MOVE; exact dollar/contract scaling unverified,QuantData
2026-08-21T12:47:00-04:00,2026-09-04,125.0,call,30209.0,7122.0,,303197.0,,,,,73124555.0,113908224.0,-40783669.0,11496705.0,,4621868622.0,,,107.96,100.0,unknown,PER_ONE_DOLLAR_MOVE; exact dollar/contract scaling unverified,QuantData
2026-08-21T12:47:00-04:00,2026-09-04,125.0,put,0.0,0.0,,0.0,,,,,73124555.0,113908224.0,-40783669.0,11496705.0,,4621868622.0,,,107.96,100.0,unknown,PER_ONE_DOLLAR_MOVE; exact dollar/contract scaling unverified,QuantData
2026-08-21T12:47:00-04:00,2026-09-04,130.0,call,17146.0,4959.0,,155631.0,,,,,73124555.0,113908224.0,-40783669.0,11496705.0,,4621868622.0,,,107.96,100.0,unknown,PER_ONE_DOLLAR_MOVE; exact dollar/contract scaling unverified,QuantData
2026-08-21T12:47:00-04:00,2026-09-04,130.0,put,0.0,0.0,,0.0,,,,,73124555.0,113908224.0,-40783669.0,11496705.0,,4621868622.0,,,107.96,100.0,unknown,PER_ONE_DOLLAR_MOVE; exact dollar/contract scaling unverified,QuantData
2026-08-21T12:47:00-04:00,2026-09-04,135.0,call,12865.0,4451.0,,103600.0,,,,,73124555.0,113908224.0,-40783669.0,11496705.0,,4621868622.0,,,107.96,100.0,unknown,PER_ONE_DOLLAR_MOVE; exact dollar/contract scaling unverified,QuantData
2026-08-21T12:47:00-04:00,2026-09-04,135.0,put,0.0,0.0,,0.0,,,,,73124555.0,113908224.0,-40783669.0,11496705.0,,4621868622.0,,,107.96,100.0,unknown,PER_ONE_DOLLAR_MOVE; exact dollar/contract scaling unverified,QuantData
2026-08-21T12:47:00-04:00,2026-09-04,140.0,call,14244.0,5432.0,,112557.0,,,,,73124555.0,113908224.0,-40783669.0,11496705.0,,4621868622.0,,,107.96,100.0,unknown,PER_ONE_DOLLAR_MOVE; exact dollar/contract scaling unverified,QuantData
2026-08-21T12:47:00-04:00,2026-09-04,140.0,put,0.0,0.0,,0.0,,,,,73124555.0,113908224.0,-40783669.0,11496705.0,,4621868622.0,,,107.96,100.0,unknown,PER_ONE_DOLLAR_MOVE; exact dollar/contract scaling unverified,QuantData
2026-08-21T12:47:00-04:00,2026-09-04,145.0,call,4845.0,1892.0,,42517.0,,,,,73124555.0,113908224.0,-40783669.0,11496705.0,,4621868622.0,,,107.96,100.0,unknown,PER_ONE_DOLLAR_MOVE; exact dollar/contract scaling unverified,QuantData
2026-08-21T12:47:00-04:00,2026-09-04,145.0,put,0.0,0.0,,0.0,,,,,73124555.0,113908224.0,-40783669.0,11496705.0,,4621868622.0,,,107.96,100.0,unknown,PER_ONE_DOLLAR_MOVE; exact dollar/contract scaling unverified,QuantData
2026-08-21T12:47:00-04:00,2026-09-04,150.0,call,0.0,0.0,,0.0,,,,,73124555.0,113908224.0,-40783669.0,11496705.0,,4621868622.0,,,107.96,100.0,unknown,PER_ONE_DOLLAR_MOVE; exact dollar/contract scaling unverified,QuantData
2026-08-21T12:47:00-04:00,2026-09-04,150.0,put,0.0,0.0,,0.0,,,,,73124555.0,113908224.0,-40783669.0,11496705.0,,4621868622.0,,,107.96,100.0,unknown,PER_ONE_DOLLAR_MOVE; exact dollar/contract scaling unverified,QuantData
2026-08-21T12:47:00-04:00,2026-09-04,155.0,call,28.0,13.0,,217.0,,,,,73124555.0,113908224.0,-40783669.0,11496705.0,,4621868622.0,,,107.96,100.0,unknown,PER_ONE_DOLLAR_MOVE; exact dollar/contract scaling unverified,QuantData
2026-08-21T12:47:00-04:00,2026-09-04,155.0,put,0.0,0.0,,0.0,,,,,73124555.0,113908224.0,-40783669.0,11496705.0,,4621868622.0,,,107.96,100.0,unknown,PER_ONE_DOLLAR_MOVE; exact dollar/contract scaling unverified,QuantData
2026-08-21T12:47:00-04:00,2026-09-04,160.0,call,239.0,115.0,,1905.0,,,,,73124555.0,113908224.0,-40783669.0,11496705.0,,4621868622.0,,,107.96,100.0,unknown,PER_ONE_DOLLAR_MOVE; exact dollar/contract scaling unverified,QuantData
2026-08-21T12:47:00-04:00,2026-09-04,160.0,put,0.0,0.0,,0.0,,,,,73124555.0,113908224.0,-40783669.0,11496705.0,,4621868622.0,,,107.96,100.0,unknown,PER_ONE_DOLLAR_MOVE; exact dollar/contract scaling unverified,QuantData
2026-08-21T12:47:00-04:00,2026-09-11,35.0,call,0.0,0.0,,10621.0,,,,,73124555.0,113908224.0,-40783669.0,11496705.0,,4621868622.0,,,107.96,100.0,unknown,PER_ONE_DOLLAR_MOVE; exact dollar/contract scaling unverified,QuantData
2026-08-21T12:47:00-04:00,2026-09-11,35.0,put,0.0,0.0,,0.0,,,,,73124555.0,113908224.0,-40783669.0,11496705.0,,4621868622.0,,,107.96,100.0,unknown,PER_ONE_DOLLAR_MOVE; exact dollar/contract scaling unverified,QuantData
2026-08-21T12:47:00-04:00,2026-09-11,60.0,call,0.0,0.0,,0.0,,,,,73124555.0,113908224.0,-40783669.0,11496705.0,,4621868622.0,,,107.96,100.0,unknown,PER_ONE_DOLLAR_MOVE; exact dollar/contract scaling unverified,QuantData
2026-08-21T12:47:00-04:00,2026-09-11,60.0,put,-52.0,-30.0,,-489.0,,,,,73124555.0,113908224.0,-40783669.0,11496705.0,,4621868622.0,,,107.96,100.0,unknown,PER_ONE_DOLLAR_MOVE; exact dollar/contract scaling unverified,QuantData
2026-08-21T12:47:00-04:00,2026-09-11,65.0,call,0.0,0.0,,75040.0,,,,,73124555.0,113908224.0,-40783669.0,11496705.0,,4621868622.0,,,107.96,100.0,unknown,PER_ONE_DOLLAR_MOVE; exact dollar/contract scaling unverified,QuantData
2026-08-21T12:47:00-04:00,2026-09-11,65.0,put,0.0,0.0,,0.0,,,,,73124555.0,113908224.0,-40783669.0,11496705.0,,4621868622.0,,,107.96,100.0,unknown,PER_ONE_DOLLAR_MOVE; exact dollar/contract scaling unverified,QuantData
2026-08-21T12:47:00-04:00,2026-09-11,70.0,call,0.0,0.0,,0.0,,,,,73124555.0,113908224.0,-40783669.0,11496705.0,,4621868622.0,,,107.96,100.0,unknown,PER_ONE_DOLLAR_MOVE; exact dollar/contract scaling unverified,QuantData
2026-08-21T12:47:00-04:00,2026-09-11,70.0,put,-6076.0,-3218.0,,-50995.0,,,,,73124555.0,113908224.0,-40783669.0,11496705.0,,4621868622.0,,,107.96,100.0,unknown,PER_ONE_DOLLAR_MOVE; exact dollar/contract scaling unverified,QuantData
2026-08-21T12:47:00-04:00,2026-09-11,75.0,call,0.0,0.0,,0.0,,,,,73124555.0,113908224.0,-40783669.0,11496705.0,,4621868622.0,,,107.96,100.0,unknown,PER_ONE_DOLLAR_MOVE; exact dollar/contract scaling unverified,QuantData
2026-08-21T12:47:00-04:00,2026-09-11,75.0,put,-26023.0,-12292.0,,-223854.0,,,,,73124555.0,113908224.0,-40783669.0,11496705.0,,4621868622.0,,,107.96,100.0,unknown,PER_ONE_DOLLAR_MOVE; exact dollar/contract scaling unverified,QuantData
2026-08-21T12:47:00-04:00,2026-09-11,79.0,call,0.0,0.0,,0.0,,,,,73124555.0,113908224.0,-40783669.0,11496705.0,,4621868622.0,,,107.96,100.0,unknown,PER_ONE_DOLLAR_MOVE; exact dollar/contract scaling unverified,QuantData
2026-08-21T12:47:00-04:00,2026-09-11,79.0,put,-10713.0,-4871.0,,-84634.0,,,,,73124555.0,113908224.0,-40783669.0,11496705.0,,4621868622.0,,,107.96,100.0,unknown,PER_ONE_DOLLAR_MOVE; exact dollar/contract scaling unverified,QuantData
2026-08-21T12:47:00-04:00,2026-09-11,80.0,call,523.0,-272.0,,202171.0,,,,,73124555.0,113908224.0,-40783669.0,11496705.0,,4621868622.0,,,107.96,100.0,unknown,PER_ONE_DOLLAR_MOVE; exact dollar/contract scaling unverified,QuantData
2026-08-21T12:47:00-04:00,2026-09-11,80.0,put,-33775.0,-14706.0,,-279610.0,,,,,73124555.0,113908224.0,-40783669.0,11496705.0,,4621868622.0,,,107.96,100.0,unknown,PER_ONE_DOLLAR_MOVE; exact dollar/contract scaling unverified,QuantData
2026-08-21T12:47:00-04:00,2026-09-11,81.0,call,0.0,0.0,,0.0,,,,,73124555.0,113908224.0,-40783669.0,11496705.0,,4621868622.0,,,107.96,100.0,unknown,PER_ONE_DOLLAR_MOVE; exact dollar/contract scaling unverified,QuantData
2026-08-21T12:47:00-04:00,2026-09-11,81.0,put,-13947.0,-5359.0,,-126556.0,,,,,73124555.0,113908224.0,-40783669.0,11496705.0,,4621868622.0,,,107.96,100.0,unknown,PER_ONE_DOLLAR_MOVE; exact dollar/contract scaling unverified,QuantData
2026-08-21T12:47:00-04:00,2026-09-11,82.0,call,0.0,0.0,,0.0,,,,,73124555.0,113908224.0,-40783669.0,11496705.0,,4621868622.0,,,107.96,100.0,unknown,PER_ONE_DOLLAR_MOVE; exact dollar/contract scaling unverified,QuantData
2026-08-21T12:47:00-04:00,2026-09-11,82.0,put,-10972.0,-4400.0,,-93893.0,,,,,73124555.0,113908224.0,-40783669.0,11496705.0,,4621868622.0,,,107.96,100.0,unknown,PER_ONE_DOLLAR_MOVE; exact dollar/contract scaling unverified,QuantData
2026-08-21T12:47:00-04:00,2026-09-11,83.0,call,0.0,0.0,,0.0,,,,,73124555.0,113908224.0,-40783669.0,11496705.0,,4621868622.0,,,107.96,100.0,unknown,PER_ONE_DOLLAR_MOVE; exact dollar/contract scaling unverified,QuantData
2026-08-21T12:47:00-04:00,2026-09-11,83.0,put,-16497.0,-6339.0,,-144378.0,,,,,73124555.0,113908224.0,-40783669.0,11496705.0,,4621868622.0,,,107.96,100.0,unknown,PER_ONE_DOLLAR_MOVE; exact dollar/contract scaling unverified,QuantData
2026-08-21T12:47:00-04:00,2026-09-11,84.0,call,0.0,0.0,,0.0,,,,,73124555.0,113908224.0,-40783669.0,11496705.0,,4621868622.0,,,107.96,100.0,unknown,PER_ONE_DOLLAR_MOVE; exact dollar/contract scaling unverified,QuantData
2026-08-21T12:47:00-04:00,2026-09-11,84.0,put,-16910.0,-6168.0,,-148499.0,,,,,73124555.0,113908224.0,-40783669.0,11496705.0,,4621868622.0,,,107.96,100.0,unknown,PER_ONE_DOLLAR_MOVE; exact dollar/contract scaling unverified,QuantData
2026-08-21T12:47:00-04:00,2026-09-11,85.0,call,6561.0,-2450.0,,884040.0,,,,,73124555.0,113908224.0,-40783669.0,11496705.0,,4621868622.0,,,107.96,100.0,unknown,PER_ONE_DOLLAR_MOVE; exact dollar/contract scaling unverified,QuantData
2026-08-21T12:47:00-04:00,2026-09-11,85.0,put,-52147.0,-18868.0,,-459350.0,,,,,73124555.0,113908224.0,-40783669.0,11496705.0,,4621868622.0,,,107.96,100.0,unknown,PER_ONE_DOLLAR_MOVE; exact dollar/contract scaling unverified,QuantData
2026-08-21T12:47:00-04:00,2026-09-11,86.0,call,15258.0,-3148.0,,848586.0,,,,,73124555.0,113908224.0,-40783669.0,11496705.0,,4621868622.0,,,107.96,100.0,unknown,PER_ONE_DOLLAR_MOVE; exact dollar/contract scaling unverified,QuantData
2026-08-21T12:47:00-04:00,2026-09-11,86.0,put,-14039.0,-4868.0,,-127016.0,,,,,73124555.0,113908224.0,-40783669.0,11496705.0,,4621868622.0,,,107.96,100.0,unknown,PER_ONE_DOLLAR_MOVE; exact dollar/contract scaling unverified,QuantData
2026-08-21T12:47:00-04:00,2026-09-11,87.0,call,16589.0,-3186.0,,937110.0,,,,,73124555.0,113908224.0,-40783669.0,11496705.0,,4621868622.0,,,107.96,100.0,unknown,PER_ONE_DOLLAR_MOVE; exact dollar/contract scaling unverified,QuantData
2026-08-21T12:47:00-04:00,2026-09-11,87.0,put,-52103.0,-16446.0,,-489216.0,,,,,73124555.0,113908224.0,-40783669.0,11496705.0,,4621868622.0,,,107.96,100.0,unknown,PER_ONE_DOLLAR_MOVE; exact dollar/contract scaling unverified,QuantData
2026-08-21T12:47:00-04:00,2026-09-11,88.0,call,2263.0,-718.0,,215015.0,,,,,73124555.0,113908224.0,-40783669.0,11496705.0,,4621868622.0,,,107.96,100.0,unknown,PER_ONE_DOLLAR_MOVE; exact dollar/contract scaling unverified,QuantData
2026-08-21T12:47:00-04:00,2026-09-11,88.0,put,-40788.0,-12758.0,,-388756.0,,,,,73124555.0,113908224.0,-40783669.0,11496705.0,,4621868622.0,,,107.96,100.0,unknown,PER_ONE_DOLLAR_MOVE; exact dollar/contract scaling unverified,QuantData
2026-08-21T12:47:00-04:00,2026-09-11,89.0,call,4754.0,-1314.0,,412665.0,,,,,73124555.0,113908224.0,-40783669.0,11496705.0,,4621868622.0,,,107.96,100.0,unknown,PER_ONE_DOLLAR_MOVE; exact dollar/contract scaling unverified,QuantData
2026-08-21T12:47:00-04:00,2026-09-11,89.0,put,-21501.0,-6441.0,,-206770.0,,,,,73124555.0,113908224.0,-40783669.0,11496705.0,,4621868622.0,,,107.96,100.0,unknown,PER_ONE_DOLLAR_MOVE; exact dollar/contract scaling unverified,QuantData
2026-08-21T12:47:00-04:00,2026-09-11,90.0,call,54017.0,-13794.0,,3755260.0,,,,,73124555.0,113908224.0,-40783669.0,11496705.0,,4621868622.0,,,107.96,100.0,unknown,PER_ONE_DOLLAR_MOVE; exact dollar/contract scaling unverified,QuantData
2026-08-21T12:47:00-04:00,2026-09-11,90.0,put,-136241.0,-38610.0,,-1358269.0,,,,,73124555.0,113908224.0,-40783669.0,11496705.0,,4621868622.0,,,107.96,100.0,unknown,PER_ONE_DOLLAR_MOVE; exact dollar/contract scaling unverified,QuantData
2026-08-21T12:47:00-04:00,2026-09-11,91.0,call,81119.0,-21438.0,,5997661.0,,,,,73124555.0,113908224.0,-40783669.0,11496705.0,,4621868622.0,,,107.96,100.0,unknown,PER_ONE_DOLLAR_MOVE; exact dollar/contract scaling unverified,QuantData
2026-08-21T12:47:00-04:00,2026-09-11,91.0,put,-41475.0,-9986.0,,-448890.0,,,,,73124555.0,113908224.0,-40783669.0,11496705.0,,4621868622.0,,,107.96,100.0,unknown,PER_ONE_DOLLAR_MOVE; exact dollar/contract scaling unverified,QuantData
2026-08-21T12:47:00-04:00,2026-09-11,92.0,call,50268.0,-12787.0,,3731560.0,,,,,73124555.0,113908224.0,-40783669.0,11496705.0,,4621868622.0,,,107.96,100.0,unknown,PER_ONE_DOLLAR_MOVE; exact dollar/contract scaling unverified,QuantData
2026-08-21T12:47:00-04:00,2026-09-11,92.0,put,-89018.0,-20810.0,,-968381.0,,,,,73124555.0,113908224.0,-40783669.0,11496705.0,,4621868622.0,,,107.96,100.0,unknown,PER_ONE_DOLLAR_MOVE; exact dollar/contract scaling unverified,QuantData
2026-08-21T12:47:00-04:00,2026-09-11,93.0,call,51131.0,-11778.0,,3104873.0,,,,,73124555.0,113908224.0,-40783669.0,11496705.0,,4621868622.0,,,107.96,100.0,unknown,PER_ONE_DOLLAR_MOVE; exact dollar/contract scaling unverified,QuantData
2026-08-21T12:47:00-04:00,2026-09-11,93.0,put,-42733.0,-9446.0,,-475572.0,,,,,73124555.0,113908224.0,-40783669.0,11496705.0,,4621868622.0,,,107.96,100.0,unknown,PER_ONE_DOLLAR_MOVE; exact dollar/contract scaling unverified,QuantData
2026-08-21T12:47:00-04:00,2026-09-11,94.0,call,61249.0,-12889.0,,3457440.0,,,,,73124555.0,113908224.0,-40783669.0,11496705.0,,4621868622.0,,,107.96,100.0,unknown,PER_ONE_DOLLAR_MOVE; exact dollar/contract scaling unverified,QuantData
2026-08-21T12:47:00-04:00,2026-09-11,94.0,put,-63939.0,-13121.0,,-741986.0,,,,,73124555.0,113908224.0,-40783669.0,11496705.0,,4621868622.0,,,107.96,100.0,unknown,PER_ONE_DOLLAR_MOVE; exact dollar/contract scaling unverified,QuantData
2026-08-21T12:47:00-04:00,2026-09-11,95.0,call,24956.0,-4750.0,,1268378.0,,,,,73124555.0,113908224.0,-40783669.0,11496705.0,,4621868622.0,,,107.96,100.0,unknown,PER_ONE_DOLLAR_MOVE; exact dollar/contract scaling unverified,QuantData
2026-08-21T12:47:00-04:00,2026-09-11,95.0,put,-29008.0,-5498.0,,-344342.0,,,,,73124555.0,113908224.0,-40783669.0,11496705.0,,4621868622.0,,,107.96,100.0,unknown,PER_ONE_DOLLAR_MOVE; exact dollar/contract scaling unverified,QuantData
2026-08-21T12:47:00-04:00,2026-09-11,96.0,call,40763.0,-8024.0,,1896381.0,,,,,73124555.0,113908224.0,-40783669.0,11496705.0,,4621868622.0,,,107.96,100.0,unknown,PER_ONE_DOLLAR_MOVE; exact dollar/contract scaling unverified,QuantData
2026-08-21T12:47:00-04:00,2026-09-11,96.0,put,-36477.0,-6153.0,,-456134.0,,,,,73124555.0,113908224.0,-40783669.0,11496705.0,,4621868622.0,,,107.96,100.0,unknown,PER_ONE_DOLLAR_MOVE; exact dollar/contract scaling unverified,QuantData
2026-08-21T12:47:00-04:00,2026-09-11,97.0,call,33789.0,-6053.0,,1451036.0,,,,,73124555.0,113908224.0,-40783669.0,11496705.0,,4621868622.0,,,107.96,100.0,unknown,PER_ONE_DOLLAR_MOVE; exact dollar/contract scaling unverified,QuantData
2026-08-21T12:47:00-04:00,2026-09-11,97.0,put,-46297.0,-6579.0,,-602640.0,,,,,73124555.0,113908224.0,-40783669.0,11496705.0,,4621868622.0,,,107.96,100.0,unknown,PER_ONE_DOLLAR_MOVE; exact dollar/contract scaling unverified,QuantData
2026-08-21T12:47:00-04:00,2026-09-11,98.0,call,34266.0,-5243.0,,1385371.0,,,,,73124555.0,113908224.0,-40783669.0,11496705.0,,4621868622.0,,,107.96,100.0,unknown,PER_ONE_DOLLAR_MOVE; exact dollar/contract scaling unverified,QuantData
2026-08-21T12:47:00-04:00,2026-09-11,98.0,put,-64586.0,-8962.0,,-839064.0,,,,,73124555.0,113908224.0,-40783669.0,11496705.0,,4621868622.0,,,107.96,100.0,unknown,PER_ONE_DOLLAR_MOVE; exact dollar/contract scaling unverified,QuantData
2026-08-21T12:47:00-04:00,2026-09-11,99.0,call,31899.0,-4791.0,,1168828.0,,,,,73124555.0,113908224.0,-40783669.0,11496705.0,,4621868622.0,,,107.96,100.0,unknown,PER_ONE_DOLLAR_MOVE; exact dollar/contract scaling unverified,QuantData
2026-08-21T12:47:00-04:00,2026-09-11,99.0,put,-59581.0,-7258.0,,-830284.0,,,,,73124555.0,113908224.0,-40783669.0,11496705.0,,4621868622.0,,,107.96,100.0,unknown,PER_ONE_DOLLAR_MOVE; exact dollar/contract scaling unverified,QuantData
2026-08-21T12:47:00-04:00,2026-09-11,100.0,call,89060.0,-8329.0,,3103293.0,,,,,73124555.0,113908224.0,-40783669.0,11496705.0,,4621868622.0,,,107.96,100.0,unknown,PER_ONE_DOLLAR_MOVE; exact dollar/contract scaling unverified,QuantData
2026-08-21T12:47:00-04:00,2026-09-11,100.0,put,-109706.0,-11827.0,,-1583624.0,,,,,73124555.0,113908224.0,-40783669.0,11496705.0,,4621868622.0,,,107.96,100.0,unknown,PER_ONE_DOLLAR_MOVE; exact dollar/contract scaling unverified,QuantData
2026-08-21T12:47:00-04:00,2026-09-11,101.0,call,50896.0,-5005.0,,1714801.0,,,,,73124555.0,113908224.0,-40783669.0,11496705.0,,4621868622.0,,,107.96,100.0,unknown,PER_ONE_DOLLAR_MOVE; exact dollar/contract scaling unverified,QuantData
2026-08-21T12:47:00-04:00,2026-09-11,101.0,put,-102464.0,-6876.0,,-1604900.0,,,,,73124555.0,113908224.0,-40783669.0,11496705.0,,4621868622.0,,,107.96,100.0,unknown,PER_ONE_DOLLAR_MOVE; exact dollar/contract scaling unverified,QuantData
2026-08-21T12:47:00-04:00,2026-09-11,102.0,call,49237.0,-4252.0,,1449121.0,,,,,73124555.0,113908224.0,-40783669.0,11496705.0,,4621868622.0,,,107.96,100.0,unknown,PER_ONE_DOLLAR_MOVE; exact dollar/contract scaling unverified,QuantData
2026-08-21T12:47:00-04:00,2026-09-11,102.0,put,-4142.0,-312.0,,-63475.0,,,,,73124555.0,113908224.0,-40783669.0,11496705.0,,4621868622.0,,,107.96,100.0,unknown,PER_ONE_DOLLAR_MOVE; exact dollar/contract scaling unverified,QuantData
2026-08-21T12:47:00-04:00,2026-09-11,103.0,call,29325.0,-1684.0,,864206.0,,,,,73124555.0,113908224.0,-40783669.0,11496705.0,,4621868622.0,,,107.96,100.0,unknown,PER_ONE_DOLLAR_MOVE; exact dollar/contract scaling unverified,QuantData
2026-08-21T12:47:00-04:00,2026-09-11,103.0,put,-2125.0,-126.0,,-33943.0,,,,,73124555.0,113908224.0,-40783669.0,11496705.0,,4621868622.0,,,107.96,100.0,unknown,PER_ONE_DOLLAR_MOVE; exact dollar/contract scaling unverified,QuantData
2026-08-21T12:47:00-04:00,2026-09-11,104.0,call,24179.0,-616.0,,635127.0,,,,,73124555.0,113908224.0,-40783669.0,11496705.0,,4621868622.0,,,107.96,100.0,unknown,PER_ONE_DOLLAR_MOVE; exact dollar/contract scaling unverified,QuantData
2026-08-21T12:47:00-04:00,2026-09-11,104.0,put,0.0,0.0,,0.0,,,,,73124555.0,113908224.0,-40783669.0,11496705.0,,4621868622.0,,,107.96,100.0,unknown,PER_ONE_DOLLAR_MOVE; exact dollar/contract scaling unverified,QuantData
2026-08-21T12:47:00-04:00,2026-09-11,105.0,call,124542.0,-3762.0,,3256981.0,,,,,73124555.0,113908224.0,-40783669.0,11496705.0,,4621868622.0,,,107.96,100.0,unknown,PER_ONE_DOLLAR_MOVE; exact dollar/contract scaling unverified,QuantData
2026-08-21T12:47:00-04:00,2026-09-11,105.0,put,-19932.0,-492.0,,-348965.0,,,,,73124555.0,113908224.0,-40783669.0,11496705.0,,4621868622.0,,,107.96,100.0,unknown,PER_ONE_DOLLAR_MOVE; exact dollar/contract scaling unverified,QuantData
2026-08-21T12:47:00-04:00,2026-09-11,106.0,call,37173.0,-409.0,,901123.0,,,,,73124555.0,113908224.0,-40783669.0,11496705.0,,4621868622.0,,,107.96,100.0,unknown,PER_ONE_DOLLAR_MOVE; exact dollar/contract scaling unverified,QuantData
2026-08-21T12:47:00-04:00,2026-09-11,106.0,put,0.0,0.0,,0.0,,,,,73124555.0,113908224.0,-40783669.0,11496705.0,,4621868622.0,,,107.96,100.0,unknown,PER_ONE_DOLLAR_MOVE; exact dollar/contract scaling unverified,QuantData
2026-08-21T12:47:00-04:00,2026-09-11,107.0,call,0.0,0.0,,0.0,,,,,73124555.0,113908224.0,-40783669.0,11496705.0,,4621868622.0,,,107.96,100.0,unknown,PER_ONE_DOLLAR_MOVE; exact dollar/contract scaling unverified,QuantData
2026-08-21T12:47:00-04:00,2026-09-11,107.0,put,-17801.0,67.0,,-339172.0,,,,,73124555.0,113908224.0,-40783669.0,11496705.0,,4621868622.0,,,107.96,100.0,unknown,PER_ONE_DOLLAR_MOVE; exact dollar/contract scaling unverified,QuantData
2026-08-21T12:47:00-04:00,2026-09-11,108.0,call,0.0,0.0,,0.0,,,,,73124555.0,113908224.0,-40783669.0,11496705.0,,4621868622.0,,,107.96,100.0,unknown,PER_ONE_DOLLAR_MOVE; exact dollar/contract scaling unverified,QuantData
2026-08-21T12:47:00-04:00,2026-09-11,108.0,put,-8292.0,159.0,,-165913.0,,,,,73124555.0,113908224.0,-40783669.0,11496705.0,,4621868622.0,,,107.96,100.0,unknown,PER_ONE_DOLLAR_MOVE; exact dollar/contract scaling unverified,QuantData
2026-08-21T12:47:00-04:00,2026-09-11,110.0,call,485992.0,26398.0,,9887303.0,,,,,73124555.0,113908224.0,-40783669.0,11496705.0,,4621868622.0,,,107.96,100.0,unknown,PER_ONE_DOLLAR_MOVE; exact dollar/contract scaling unverified,QuantData
2026-08-21T12:47:00-04:00,2026-09-11,110.0,put,-10333.0,525.0,,-227373.0,,,,,73124555.0,113908224.0,-40783669.0,11496705.0,,4621868622.0,,,107.96,100.0,unknown,PER_ONE_DOLLAR_MOVE; exact dollar/contract scaling unverified,QuantData
2026-08-21T12:47:00-04:00,2026-09-11,115.0,call,142522.0,17821.0,,2230998.0,,,,,73124555.0,113908224.0,-40783669.0,11496705.0,,4621868622.0,,,107.96,100.0,unknown,PER_ONE_DOLLAR_MOVE; exact dollar/contract scaling unverified,QuantData
2026-08-21T12:47:00-04:00,2026-09-11,115.0,put,-4702.0,652.0,,-144176.0,,,,,73124555.0,113908224.0,-40783669.0,11496705.0,,4621868622.0,,,107.96,100.0,unknown,PER_ONE_DOLLAR_MOVE; exact dollar/contract scaling unverified,QuantData
2026-08-21T12:47:00-04:00,2026-09-11,120.0,call,257370.0,49817.0,,3633383.0,,,,,73124555.0,113908224.0,-40783669.0,11496705.0,,4621868622.0,,,107.96,100.0,unknown,PER_ONE_DOLLAR_MOVE; exact dollar/contract scaling unverified,QuantData
2026-08-21T12:47:00-04:00,2026-09-11,120.0,put,0.0,0.0,,0.0,,,,,73124555.0,113908224.0,-40783669.0,11496705.0,,4621868622.0,,,107.96,100.0,unknown,PER_ONE_DOLLAR_MOVE; exact dollar/contract scaling unverified,QuantData
2026-08-21T12:47:00-04:00,2026-09-11,125.0,call,49900.0,12622.0,,632178.0,,,,,73124555.0,113908224.0,-40783669.0,11496705.0,,4621868622.0,,,107.96,100.0,unknown,PER_ONE_DOLLAR_MOVE; exact dollar/contract scaling unverified,QuantData
2026-08-21T12:47:00-04:00,2026-09-11,125.0,put,0.0,0.0,,0.0,,,,,73124555.0,113908224.0,-40783669.0,11496705.0,,4621868622.0,,,107.96,100.0,unknown,PER_ONE_DOLLAR_MOVE; exact dollar/contract scaling unverified,QuantData
2026-08-21T12:47:00-04:00,2026-09-11,130.0,call,1973.0,616.0,,22545.0,,,,,73124555.0,113908224.0,-40783669.0,11496705.0,,4621868622.0,,,107.96,100.0,unknown,PER_ONE_DOLLAR_MOVE; exact dollar/contract scaling unverified,QuantData
2026-08-21T12:47:00-04:00,2026-09-11,130.0,put,0.0,0.0,,0.0,,,,,73124555.0,113908224.0,-40783669.0,11496705.0,,4621868622.0,,,107.96,100.0,unknown,PER_ONE_DOLLAR_MOVE; exact dollar/contract scaling unverified,QuantData
2026-08-21T12:47:00-04:00,2026-09-11,135.0,call,0.0,0.0,,0.0,,,,,73124555.0,113908224.0,-40783669.0,11496705.0,,4621868622.0,,,107.96,100.0,unknown,PER_ONE_DOLLAR_MOVE; exact dollar/contract scaling unverified,QuantData
2026-08-21T12:47:00-04:00,2026-09-11,135.0,put,-125.0,38.0,,-9089.0,,,,,73124555.0,113908224.0,-40783669.0,11496705.0,,4621868622.0,,,107.96,100.0,unknown,PER_ONE_DOLLAR_MOVE; exact dollar/contract scaling unverified,QuantData
2026-08-21T12:47:00-04:00,2026-09-11,140.0,call,0.0,0.0,,0.0,,,,,73124555.0,113908224.0,-40783669.0,11496705.0,,4621868622.0,,,107.96,100.0,unknown,PER_ONE_DOLLAR_MOVE; exact dollar/contract scaling unverified,QuantData
2026-08-21T12:47:00-04:00,2026-09-11,140.0,put,0.0,0.0,,0.0,,,,,73124555.0,113908224.0,-40783669.0,11496705.0,,4621868622.0,,,107.96,100.0,unknown,PER_ONE_DOLLAR_MOVE; exact dollar/contract scaling unverified,QuantData
2026-08-21T12:47:00-04:00,2026-09-11,145.0,call,0.0,0.0,,0.0,,,,,73124555.0,113908224.0,-40783669.0,11496705.0,,4621868622.0,,,107.96,100.0,unknown,PER_ONE_DOLLAR_MOVE; exact dollar/contract scaling unverified,QuantData
2026-08-21T12:47:00-04:00,2026-09-11,145.0,put,0.0,0.0,,0.0,,,,,73124555.0,113908224.0,-40783669.0,11496705.0,,4621868622.0,,,107.96,100.0,unknown,PER_ONE_DOLLAR_MOVE; exact dollar/contract scaling unverified,QuantData
2026-08-21T12:47:00-04:00,2026-09-11,150.0,call,3023.0,1429.0,,30384.0,,,,,73124555.0,113908224.0,-40783669.0,11496705.0,,4621868622.0,,,107.96,100.0,unknown,PER_ONE_DOLLAR_MOVE; exact dollar/contract scaling unverified,QuantData
2026-08-21T12:47:00-04:00,2026-09-11,150.0,put,0.0,0.0,,0.0,,,,,73124555.0,113908224.0,-40783669.0,11496705.0,,4621868622.0,,,107.96,100.0,unknown,PER_ONE_DOLLAR_MOVE; exact dollar/contract scaling unverified,QuantData
2026-08-21T12:47:00-04:00,2026-09-11,155.0,call,45.0,22.0,,447.0,,,,,73124555.0,113908224.0,-40783669.0,11496705.0,,4621868622.0,,,107.96,100.0,unknown,PER_ONE_DOLLAR_MOVE; exact dollar/contract scaling unverified,QuantData
2026-08-21T12:47:00-04:00,2026-09-11,155.0,put,-41.0,19.0,,-9505.0,,,,,73124555.0,113908224.0,-40783669.0,11496705.0,,4621868622.0,,,107.96,100.0,unknown,PER_ONE_DOLLAR_MOVE; exact dollar/contract scaling unverified,QuantData
2026-08-21T12:47:00-04:00,2026-09-11,160.0,call,109.0,56.0,,1114.0,,,,,73124555.0,113908224.0,-40783669.0,11496705.0,,4621868622.0,,,107.96,100.0,unknown,PER_ONE_DOLLAR_MOVE; exact dollar/contract scaling unverified,QuantData
2026-08-21T12:47:00-04:00,2026-09-11,160.0,put,0.0,0.0,,0.0,,,,,73124555.0,113908224.0,-40783669.0,11496705.0,,4621868622.0,,,107.96,100.0,unknown,PER_ONE_DOLLAR_MOVE; exact dollar/contract scaling unverified,QuantData
2026-08-21T12:47:00-04:00,2026-09-18,35.0,call,0.0,0.0,,0.0,,,,,73124555.0,113908224.0,-40783669.0,11496705.0,,4621868622.0,,,107.96,100.0,unknown,PER_ONE_DOLLAR_MOVE; exact dollar/contract scaling unverified,QuantData
2026-08-21T12:47:00-04:00,2026-09-18,35.0,put,-2629.0,-1860.0,,-39563.0,,,,,73124555.0,113908224.0,-40783669.0,11496705.0,,4621868622.0,,,107.96,100.0,unknown,PER_ONE_DOLLAR_MOVE; exact dollar/contract scaling unverified,QuantData
2026-08-21T12:47:00-04:00,2026-09-18,40.0,call,0.0,0.0,,1111267.0,,,,,73124555.0,113908224.0,-40783669.0,11496705.0,,4621868622.0,,,107.96,100.0,unknown,PER_ONE_DOLLAR_MOVE; exact dollar/contract scaling unverified,QuantData
2026-08-21T12:47:00-04:00,2026-09-18,40.0,put,-2086.0,-1735.0,,-22346.0,,,,,73124555.0,113908224.0,-40783669.0,11496705.0,,4621868622.0,,,107.96,100.0,unknown,PER_ONE_DOLLAR_MOVE; exact dollar/contract scaling unverified,QuantData
2026-08-21T12:47:00-04:00,2026-09-18,45.0,call,0.0,0.0,,0.0,,,,,73124555.0,113908224.0,-40783669.0,11496705.0,,4621868622.0,,,107.96,100.0,unknown,PER_ONE_DOLLAR_MOVE; exact dollar/contract scaling unverified,QuantData
2026-08-21T12:47:00-04:00,2026-09-18,45.0,put,-3364.0,-2436.0,,-37638.0,,,,,73124555.0,113908224.0,-40783669.0,11496705.0,,4621868622.0,,,107.96,100.0,unknown,PER_ONE_DOLLAR_MOVE; exact dollar/contract scaling unverified,QuantData
2026-08-21T12:47:00-04:00,2026-09-18,50.0,call,0.0,0.0,,0.0,,,,,73124555.0,113908224.0,-40783669.0,11496705.0,,4621868622.0,,,107.96,100.0,unknown,PER_ONE_DOLLAR_MOVE; exact dollar/contract scaling unverified,QuantData
2026-08-21T12:47:00-04:00,2026-09-18,50.0,put,-5011.0,-3540.0,,-54161.0,,,,,73124555.0,113908224.0,-40783669.0,11496705.0,,4621868622.0,,,107.96,100.0,unknown,PER_ONE_DOLLAR_MOVE; exact dollar/contract scaling unverified,QuantData
2026-08-21T12:47:00-04:00,2026-09-18,55.0,call,0.0,0.0,,0.0,,,,,73124555.0,113908224.0,-40783669.0,11496705.0,,4621868622.0,,,107.96,100.0,unknown,PER_ONE_DOLLAR_MOVE; exact dollar/contract scaling unverified,QuantData
2026-08-21T12:47:00-04:00,2026-09-18,55.0,put,-21096.0,-13583.0,,-223469.0,,,,,73124555.0,113908224.0,-40783669.0,11496705.0,,4621868622.0,,,107.96,100.0,unknown,PER_ONE_DOLLAR_MOVE; exact dollar/contract scaling unverified,QuantData
2026-08-21T12:47:00-04:00,2026-09-18,60.0,call,19736.0,-11647.0,,18247426.0,,,,,73124555.0,113908224.0,-40783669.0,11496705.0,,4621868622.0,,,107.96,100.0,unknown,PER_ONE_DOLLAR_MOVE; exact dollar/contract scaling unverified,QuantData
2026-08-21T12:47:00-04:00,2026-09-18,60.0,put,-28130.0,-18446.0,,-276992.0,,,,,73124555.0,113908224.0,-40783669.0,11496705.0,,4621868622.0,,,107.96,100.0,unknown,PER_ONE_DOLLAR_MOVE; exact dollar/contract scaling unverified,QuantData
2026-08-21T12:47:00-04:00,2026-09-18,65.0,call,0.0,0.0,,3498246.0,,,,,73124555.0,113908224.0,-40783669.0,11496705.0,,4621868622.0,,,107.96,100.0,unknown,PER_ONE_DOLLAR_MOVE; exact dollar/contract scaling unverified,QuantData
2026-08-21T12:47:00-04:00,2026-09-18,65.0,put,-90079.0,-55587.0,,-856330.0,,,,,73124555.0,113908224.0,-40783669.0,11496705.0,,4621868622.0,,,107.96,100.0,unknown,PER_ONE_DOLLAR_MOVE; exact dollar/contract scaling unverified,QuantData
2026-08-21T12:47:00-04:00,2026-09-18,70.0,call,12902.0,-7226.0,,6694655.0,,,,,73124555.0,113908224.0,-40783669.0,11496705.0,,4621868622.0,,,107.96,100.0,unknown,PER_ONE_DOLLAR_MOVE; exact dollar/contract scaling unverified,QuantData
2026-08-21T12:47:00-04:00,2026-09-18,70.0,put,-215559.0,-121958.0,,-2047069.0,,,,,73124555.0,113908224.0,-40783669.0,11496705.0,,4621868622.0,,,107.96,100.0,unknown,PER_ONE_DOLLAR_MOVE; exact dollar/contract scaling unverified,QuantData
2026-08-21T12:47:00-04:00,2026-09-18,75.0,call,109147.0,-53976.0,,33756586.0,,,,,73124555.0,113908224.0,-40783669.0,11496705.0,,4621868622.0,,,107.96,100.0,unknown,PER_ONE_DOLLAR_MOVE; exact dollar/contract scaling unverified,QuantData
2026-08-21T12:47:00-04:00,2026-09-18,75.0,put,-321708.0,-164033.0,,-3102339.0,,,,,73124555.0,113908224.0,-40783669.0,11496705.0,,4621868622.0,,,107.96,100.0,unknown,PER_ONE_DOLLAR_MOVE; exact dollar/contract scaling unverified,QuantData
2026-08-21T12:47:00-04:00,2026-09-18,80.0,call,70860.0,-33497.0,,15699939.0,,,,,73124555.0,113908224.0,-40783669.0,11496705.0,,4621868622.0,,,107.96,100.0,unknown,PER_ONE_DOLLAR_MOVE; exact dollar/contract scaling unverified,QuantData
2026-08-21T12:47:00-04:00,2026-09-18,80.0,put,-410313.0,-181292.0,,-4127187.0,,,,,73124555.0,113908224.0,-40783669.0,11496705.0,,4621868622.0,,,107.96,100.0,unknown,PER_ONE_DOLLAR_MOVE; exact dollar/contract scaling unverified,QuantData
2026-08-21T12:47:00-04:00,2026-09-18,85.0,call,396882.0,-141407.0,,47322182.0,,,,,73124555.0,113908224.0,-40783669.0,11496705.0,,4621868622.0,,,107.96,100.0,unknown,PER_ONE_DOLLAR_MOVE; exact dollar/contract scaling unverified,QuantData
2026-08-21T12:47:00-04:00,2026-09-18,85.0,put,-1095494.0,-397006.0,,-11979506.0,,,,,73124555.0,113908224.0,-40783669.0,11496705.0,,4621868622.0,,,107.96,100.0,unknown,PER_ONE_DOLLAR_MOVE; exact dollar/contract scaling unverified,QuantData
2026-08-21T12:47:00-04:00,2026-09-18,90.0,call,574264.0,-152429.0,,45055974.0,,,,,73124555.0,113908224.0,-40783669.0,11496705.0,,4621868622.0,,,107.96,100.0,unknown,PER_ONE_DOLLAR_MOVE; exact dollar/contract scaling unverified,QuantData
2026-08-21T12:47:00-04:00,2026-09-18,90.0,put,-660051.0,-182470.0,,-8162883.0,,,,,73124555.0,113908224.0,-40783669.0,11496705.0,,4621868622.0,,,107.96,100.0,unknown,PER_ONE_DOLLAR_MOVE; exact dollar/contract scaling unverified,QuantData
2026-08-21T12:47:00-04:00,2026-09-18,95.0,call,966777.0,-187673.0,,52403624.0,,,,,73124555.0,113908224.0,-40783669.0,11496705.0,,4621868622.0,,,107.96,100.0,unknown,PER_ONE_DOLLAR_MOVE; exact dollar/contract scaling unverified,QuantData
2026-08-21T12:47:00-04:00,2026-09-18,95.0,put,-683931.0,-130194.0,,-9687354.0,,,,,73124555.0,113908224.0,-40783669.0,11496705.0,,4621868622.0,,,107.96,100.0,unknown,PER_ONE_DOLLAR_MOVE; exact dollar/contract scaling unverified,QuantData
2026-08-21T12:47:00-04:00,2026-09-18,100.0,call,1862255.0,-198002.0,,73494781.0,,,,,73124555.0,113908224.0,-40783669.0,11496705.0,,4621868622.0,,,107.96,100.0,unknown,PER_ONE_DOLLAR_MOVE; exact dollar/contract scaling unverified,QuantData
2026-08-21T12:47:00-04:00,2026-09-18,100.0,put,-898894.0,-96623.0,,-14969522.0,,,,,73124555.0,113908224.0,-40783669.0,11496705.0,,4621868622.0,,,107.96,100.0,unknown,PER_ONE_DOLLAR_MOVE; exact dollar/contract scaling unverified,QuantData
2026-08-21T12:47:00-04:00,2026-09-18,105.0,call,2136884.0,-55287.0,,64104269.0,,,,,73124555.0,113908224.0,-40783669.0,11496705.0,,4621868622.0,,,107.96,100.0,unknown,PER_ONE_DOLLAR_MOVE; exact dollar/contract scaling unverified,QuantData
2026-08-21T12:47:00-04:00,2026-09-18,105.0,put,-903426.0,-22254.0,,-18691286.0,,,,,73124555.0,113908224.0,-40783669.0,11496705.0,,4621868622.0,,,107.96,100.0,unknown,PER_ONE_DOLLAR_MOVE; exact dollar/contract scaling unverified,QuantData
2026-08-21T12:47:00-04:00,2026-09-18,110.0,call,1476991.0,73980.0,,36152874.0,,,,,73124555.0,113908224.0,-40783669.0,11496705.0,,4621868622.0,,,107.96,100.0,unknown,PER_ONE_DOLLAR_MOVE; exact dollar/contract scaling unverified,QuantData
2026-08-21T12:47:00-04:00,2026-09-18,110.0,put,-1174427.0,59444.0,,-28691373.0,,,,,73124555.0,113908224.0,-40783669.0,11496705.0,,4621868622.0,,,107.96,100.0,unknown,PER_ONE_DOLLAR_MOVE; exact dollar/contract scaling unverified,QuantData
2026-08-21T12:47:00-04:00,2026-09-18,115.0,call,2038177.0,252212.0,,41968019.0,,,,,73124555.0,113908224.0,-40783669.0,11496705.0,,4621868622.0,,,107.96,100.0,unknown,PER_ONE_DOLLAR_MOVE; exact dollar/contract scaling unverified,QuantData
2026-08-21T12:47:00-04:00,2026-09-18,115.0,put,-965061.0,135631.0,,-30647063.0,,,,,73124555.0,113908224.0,-40783669.0,11496705.0,,4621868622.0,,,107.96,100.0,unknown,PER_ONE_DOLLAR_MOVE; exact dollar/contract scaling unverified,QuantData
2026-08-21T12:47:00-04:00,2026-09-18,120.0,call,1610889.0,310712.0,,28739460.0,,,,,73124555.0,113908224.0,-40783669.0,11496705.0,,4621868622.0,,,107.96,100.0,unknown,PER_ONE_DOLLAR_MOVE; exact dollar/contract scaling unverified,QuantData
2026-08-21T12:47:00-04:00,2026-09-18,120.0,put,-156362.0,31201.0,,-6094379.0,,,,,73124555.0,113908224.0,-40783669.0,11496705.0,,4621868622.0,,,107.96,100.0,unknown,PER_ONE_DOLLAR_MOVE; exact dollar/contract scaling unverified,QuantData
2026-08-21T12:47:00-04:00,2026-09-18,125.0,call,505836.0,130372.0,,7975053.0,,,,,73124555.0,113908224.0,-40783669.0,11496705.0,,4621868622.0,,,107.96,100.0,unknown,PER_ONE_DOLLAR_MOVE; exact dollar/contract scaling unverified,QuantData
2026-08-21T12:47:00-04:00,2026-09-18,125.0,put,-73160.0,18646.0,,-3643914.0,,,,,73124555.0,113908224.0,-40783669.0,11496705.0,,4621868622.0,,,107.96,100.0,unknown,PER_ONE_DOLLAR_MOVE; exact dollar/contract scaling unverified,QuantData
2026-08-21T12:47:00-04:00,2026-09-18,130.0,call,703775.0,224623.0,,9959842.0,,,,,73124555.0,113908224.0,-40783669.0,11496705.0,,4621868622.0,,,107.96,100.0,unknown,PER_ONE_DOLLAR_MOVE; exact dollar/contract scaling unverified,QuantData
2026-08-21T12:47:00-04:00,2026-09-18,130.0,put,0.0,0.0,,0.0,,,,,73124555.0,113908224.0,-40783669.0,11496705.0,,4621868622.0,,,107.96,100.0,unknown,PER_ONE_DOLLAR_MOVE; exact dollar/contract scaling unverified,QuantData
2026-08-21T12:47:00-04:00,2026-09-18,135.0,call,1217458.0,453138.0,,16060926.0,,,,,73124555.0,113908224.0,-40783669.0,11496705.0,,4621868622.0,,,107.96,100.0,unknown,PER_ONE_DOLLAR_MOVE; exact dollar/contract scaling unverified,QuantData
2026-08-21T12:47:00-04:00,2026-09-18,135.0,put,-33415.0,11993.0,,-2511077.0,,,,,73124555.0,113908224.0,-40783669.0,11496705.0,,4621868622.0,,,107.96,100.0,unknown,PER_ONE_DOLLAR_MOVE; exact dollar/contract scaling unverified,QuantData
2026-08-21T12:47:00-04:00,2026-09-18,140.0,call,911852.0,386670.0,,11255617.0,,,,,73124555.0,113908224.0,-40783669.0,11496705.0,,4621868622.0,,,107.96,100.0,unknown,PER_ONE_DOLLAR_MOVE; exact dollar/contract scaling unverified,QuantData
2026-08-21T12:47:00-04:00,2026-09-18,140.0,put,0.0,0.0,,0.0,,,,,73124555.0,113908224.0,-40783669.0,11496705.0,,4621868622.0,,,107.96,100.0,unknown,PER_ONE_DOLLAR_MOVE; exact dollar/contract scaling unverified,QuantData
2026-08-21T12:47:00-04:00,2026-09-18,145.0,call,95207.0,45159.0,,1098633.0,,,,,73124555.0,113908224.0,-40783669.0,11496705.0,,4621868622.0,,,107.96,100.0,unknown,PER_ONE_DOLLAR_MOVE; exact dollar/contract scaling unverified,QuantData
2026-08-21T12:47:00-04:00,2026-09-18,145.0,put,0.0,0.0,,0.0,,,,,73124555.0,113908224.0,-40783669.0,11496705.0,,4621868622.0,,,107.96,100.0,unknown,PER_ONE_DOLLAR_MOVE; exact dollar/contract scaling unverified,QuantData
2026-08-21T12:47:00-04:00,2026-09-18,150.0,call,475329.0,245473.0,,5268948.0,,,,,73124555.0,113908224.0,-40783669.0,11496705.0,,4621868622.0,,,107.96,100.0,unknown,PER_ONE_DOLLAR_MOVE; exact dollar/contract scaling unverified,QuantData
2026-08-21T12:47:00-04:00,2026-09-18,150.0,put,0.0,0.0,,0.0,,,,,73124555.0,113908224.0,-40783669.0,11496705.0,,4621868622.0,,,107.96,100.0,unknown,PER_ONE_DOLLAR_MOVE; exact dollar/contract scaling unverified,QuantData
2026-08-21T12:47:00-04:00,2026-09-18,155.0,call,108915.0,59822.0,,1191617.0,,,,,73124555.0,113908224.0,-40783669.0,11496705.0,,4621868622.0,,,107.96,100.0,unknown,PER_ONE_DOLLAR_MOVE; exact dollar/contract scaling unverified,QuantData
2026-08-21T12:47:00-04:00,2026-09-18,155.0,put,0.0,0.0,,0.0,,,,,73124555.0,113908224.0,-40783669.0,11496705.0,,4621868622.0,,,107.96,100.0,unknown,PER_ONE_DOLLAR_MOVE; exact dollar/contract scaling unverified,QuantData
2026-08-21T12:47:00-04:00,2026-09-18,160.0,call,91780.0,52107.0,,1038409.0,,,,,73124555.0,113908224.0,-40783669.0,11496705.0,,4621868622.0,,,107.96,100.0,unknown,PER_ONE_DOLLAR_MOVE; exact dollar/contract scaling unverified,QuantData
2026-08-21T12:47:00-04:00,2026-09-18,160.0,put,0.0,0.0,,0.0,,,,,73124555.0,113908224.0,-40783669.0,11496705.0,,4621868622.0,,,107.96,100.0,unknown,PER_ONE_DOLLAR_MOVE; exact dollar/contract scaling unverified,QuantData
2026-08-21T12:47:00-04:00,2026-09-18,165.0,call,37802.0,22439.0,,425948.0,,,,,73124555.0,113908224.0,-40783669.0,11496705.0,,4621868622.0,,,107.96,100.0,unknown,PER_ONE_DOLLAR_MOVE; exact dollar/contract scaling unverified,QuantData
2026-08-21T12:47:00-04:00,2026-09-18,165.0,put,0.0,0.0,,0.0,,,,,73124555.0,113908224.0,-40783669.0,11496705.0,,4621868622.0,,,107.96,100.0,unknown,PER_ONE_DOLLAR_MOVE; exact dollar/contract scaling unverified,QuantData
2026-08-21T12:47:00-04:00,2026-09-18,170.0,call,15105.0,9272.0,,171801.0,,,,,73124555.0,113908224.0,-40783669.0,11496705.0,,4621868622.0,,,107.96,100.0,unknown,PER_ONE_DOLLAR_MOVE; exact dollar/contract scaling unverified,QuantData
2026-08-21T12:47:00-04:00,2026-09-18,170.0,put,0.0,0.0,,0.0,,,,,73124555.0,113908224.0,-40783669.0,11496705.0,,4621868622.0,,,107.96,100.0,unknown,PER_ONE_DOLLAR_MOVE; exact dollar/contract scaling unverified,QuantData
2026-08-21T12:47:00-04:00,2026-09-18,175.0,call,22535.0,15222.0,,226332.0,,,,,73124555.0,113908224.0,-40783669.0,11496705.0,,4621868622.0,,,107.96,100.0,unknown,PER_ONE_DOLLAR_MOVE; exact dollar/contract scaling unverified,QuantData
2026-08-21T12:47:00-04:00,2026-09-18,175.0,put,0.0,0.0,,0.0,,,,,73124555.0,113908224.0,-40783669.0,11496705.0,,4621868622.0,,,107.96,100.0,unknown,PER_ONE_DOLLAR_MOVE; exact dollar/contract scaling unverified,QuantData
2026-08-21T12:47:00-04:00,2026-09-18,180.0,call,11621.0,7770.0,,126920.0,,,,,73124555.0,113908224.0,-40783669.0,11496705.0,,4621868622.0,,,107.96,100.0,unknown,PER_ONE_DOLLAR_MOVE; exact dollar/contract scaling unverified,QuantData
2026-08-21T12:47:00-04:00,2026-09-18,180.0,put,0.0,0.0,,0.0,,,,,73124555.0,113908224.0,-40783669.0,11496705.0,,4621868622.0,,,107.96,100.0,unknown,PER_ONE_DOLLAR_MOVE; exact dollar/contract scaling unverified,QuantData
2026-08-21T12:47:00-04:00,2026-09-18,190.0,call,3638.0,2817.0,,33135.0,,,,,73124555.0,113908224.0,-40783669.0,11496705.0,,4621868622.0,,,107.96,100.0,unknown,PER_ONE_DOLLAR_MOVE; exact dollar/contract scaling unverified,QuantData
2026-08-21T12:47:00-04:00,2026-09-18,190.0,put,0.0,0.0,,0.0,,,,,73124555.0,113908224.0,-40783669.0,11496705.0,,4621868622.0,,,107.96,100.0,unknown,PER_ONE_DOLLAR_MOVE; exact dollar/contract scaling unverified,QuantData
2026-08-21T12:47:00-04:00,2026-09-18,195.0,call,3801.0,2851.0,,38808.0,,,,,73124555.0,113908224.0,-40783669.0,11496705.0,,4621868622.0,,,107.96,100.0,unknown,PER_ONE_DOLLAR_MOVE; exact dollar/contract scaling unverified,QuantData
2026-08-21T12:47:00-04:00,2026-09-18,195.0,put,0.0,0.0,,0.0,,,,,73124555.0,113908224.0,-40783669.0,11496705.0,,4621868622.0,,,107.96,100.0,unknown,PER_ONE_DOLLAR_MOVE; exact dollar/contract scaling unverified,QuantData
2026-08-21T12:47:00-04:00,2026-09-18,200.0,call,101491.0,78392.0,,1018499.0,,,,,73124555.0,113908224.0,-40783669.0,11496705.0,,4621868622.0,,,107.96,100.0,unknown,PER_ONE_DOLLAR_MOVE; exact dollar/contract scaling unverified,QuantData
2026-08-21T12:47:00-04:00,2026-09-18,200.0,put,0.0,0.0,,0.0,,,,,73124555.0,113908224.0,-40783669.0,11496705.0,,4621868622.0,,,107.96,100.0,unknown,PER_ONE_DOLLAR_MOVE; exact dollar/contract scaling unverified,QuantData
2026-08-21T12:47:00-04:00,2026-09-18,210.0,call,2836.0,2433.0,,24843.0,,,,,73124555.0,113908224.0,-40783669.0,11496705.0,,4621868622.0,,,107.96,100.0,unknown,PER_ONE_DOLLAR_MOVE; exact dollar/contract scaling unverified,QuantData
2026-08-21T12:47:00-04:00,2026-09-18,210.0,put,0.0,0.0,,0.0,,,,,73124555.0,113908224.0,-40783669.0,11496705.0,,4621868622.0,,,107.96,100.0,unknown,PER_ONE_DOLLAR_MOVE; exact dollar/contract scaling unverified,QuantData
2026-08-21T12:47:00-04:00,2026-09-18,230.0,call,3964.0,3258.0,,43796.0,,,,,73124555.0,113908224.0,-40783669.0,11496705.0,,4621868622.0,,,107.96,100.0,unknown,PER_ONE_DOLLAR_MOVE; exact dollar/contract scaling unverified,QuantData
2026-08-21T12:47:00-04:00,2026-09-18,230.0,put,0.0,0.0,,0.0,,,,,73124555.0,113908224.0,-40783669.0,11496705.0,,4621868622.0,,,107.96,100.0,unknown,PER_ONE_DOLLAR_MOVE; exact dollar/contract scaling unverified,QuantData
2026-08-21T12:47:00-04:00,2026-09-18,290.0,call,2578.0,2580.0,,25778.0,,,,,73124555.0,113908224.0,-40783669.0,11496705.0,,4621868622.0,,,107.96,100.0,unknown,PER_ONE_DOLLAR_MOVE; exact dollar/contract scaling unverified,QuantData
2026-08-21T12:47:00-04:00,2026-09-18,290.0,put,0.0,0.0,,0.0,,,,,73124555.0,113908224.0,-40783669.0,11496705.0,,4621868622.0,,,107.96,100.0,unknown,PER_ONE_DOLLAR_MOVE; exact dollar/contract scaling unverified,QuantData
2026-08-21T12:47:00-04:00,2026-09-25,60.0,call,0.0,0.0,,0.0,,,,,73124555.0,113908224.0,-40783669.0,11496705.0,,4621868622.0,,,107.96,100.0,unknown,PER_ONE_DOLLAR_MOVE; exact dollar/contract scaling unverified,QuantData
2026-08-21T12:47:00-04:00,2026-09-25,60.0,put,-37.0,-20.0,,-456.0,,,,,73124555.0,113908224.0,-40783669.0,11496705.0,,4621868622.0,,,107.96,100.0,unknown,PER_ONE_DOLLAR_MOVE; exact dollar/contract scaling unverified,QuantData
2026-08-21T12:47:00-04:00,2026-09-25,65.0,call,0.0,0.0,,0.0,,,,,73124555.0,113908224.0,-40783669.0,11496705.0,,4621868622.0,,,107.96,100.0,unknown,PER_ONE_DOLLAR_MOVE; exact dollar/contract scaling unverified,QuantData
2026-08-21T12:47:00-04:00,2026-09-25,65.0,put,-2018.0,-1289.0,,-21617.0,,,,,73124555.0,113908224.0,-40783669.0,11496705.0,,4621868622.0,,,107.96,100.0,unknown,PER_ONE_DOLLAR_MOVE; exact dollar/contract scaling unverified,QuantData
2026-08-21T12:47:00-04:00,2026-09-25,70.0,call,0.0,0.0,,465432.0,,,,,73124555.0,113908224.0,-40783669.0,11496705.0,,4621868622.0,,,107.96,100.0,unknown,PER_ONE_DOLLAR_MOVE; exact dollar/contract scaling unverified,QuantData
2026-08-21T12:47:00-04:00,2026-09-25,70.0,put,-5991.0,-3349.0,,-65945.0,,,,,73124555.0,113908224.0,-40783669.0,11496705.0,,4621868622.0,,,107.96,100.0,unknown,PER_ONE_DOLLAR_MOVE; exact dollar/contract scaling unverified,QuantData
2026-08-21T12:47:00-04:00,2026-09-25,75.0,call,0.0,0.0,,97821.0,,,,,73124555.0,113908224.0,-40783669.0,11496705.0,,4621868622.0,,,107.96,100.0,unknown,PER_ONE_DOLLAR_MOVE; exact dollar/contract scaling unverified,QuantData
2026-08-21T12:47:00-04:00,2026-09-25,75.0,put,-14287.0,-7281.0,,-161300.0,,,,,73124555.0,113908224.0,-40783669.0,11496705.0,,4621868622.0,,,107.96,100.0,unknown,PER_ONE_DOLLAR_MOVE; exact dollar/contract scaling unverified,QuantData
2026-08-21T12:47:00-04:00,2026-09-25,80.0,call,173.0,-76.0,,30339.0,,,,,73124555.0,113908224.0,-40783669.0,11496705.0,,4621868622.0,,,107.96,100.0,unknown,PER_ONE_DOLLAR_MOVE; exact dollar/contract scaling unverified,QuantData
2026-08-21T12:47:00-04:00,2026-09-25,80.0,put,-42524.0,-18793.0,,-490728.0,,,,,73124555.0,113908224.0,-40783669.0,11496705.0,,4621868622.0,,,107.96,100.0,unknown,PER_ONE_DOLLAR_MOVE; exact dollar/contract scaling unverified,QuantData
2026-08-21T12:47:00-04:00,2026-09-25,81.0,call,0.0,0.0,,0.0,,,,,73124555.0,113908224.0,-40783669.0,11496705.0,,4621868622.0,,,107.96,100.0,unknown,PER_ONE_DOLLAR_MOVE; exact dollar/contract scaling unverified,QuantData
2026-08-21T12:47:00-04:00,2026-09-25,81.0,put,-6627.0,-2543.0,,-83883.0,,,,,73124555.0,113908224.0,-40783669.0,11496705.0,,4621868622.0,,,107.96,100.0,unknown,PER_ONE_DOLLAR_MOVE; exact dollar/contract scaling unverified,QuantData
2026-08-21T12:47:00-04:00,2026-09-25,82.0,call,0.0,0.0,,0.0,,,,,73124555.0,113908224.0,-40783669.0,11496705.0,,4621868622.0,,,107.96,100.0,unknown,PER_ONE_DOLLAR_MOVE; exact dollar/contract scaling unverified,QuantData
2026-08-21T12:47:00-04:00,2026-09-25,82.0,put,-12529.0,-5071.0,,-151060.0,,,,,73124555.0,113908224.0,-40783669.0,11496705.0,,4621868622.0,,,107.96,100.0,unknown,PER_ONE_DOLLAR_MOVE; exact dollar/contract scaling unverified,QuantData
2026-08-21T12:47:00-04:00,2026-09-25,83.0,call,0.0,0.0,,0.0,,,,,73124555.0,113908224.0,-40783669.0,11496705.0,,4621868622.0,,,107.96,100.0,unknown,PER_ONE_DOLLAR_MOVE; exact dollar/contract scaling unverified,QuantData
2026-08-21T12:47:00-04:00,2026-09-25,83.0,put,-10977.0,-4339.0,,-133590.0,,,,,73124555.0,113908224.0,-40783669.0,11496705.0,,4621868622.0,,,107.96,100.0,unknown,PER_ONE_DOLLAR_MOVE; exact dollar/contract scaling unverified,QuantData
2026-08-21T12:47:00-04:00,2026-09-25,84.0,call,0.0,0.0,,0.0,,,,,73124555.0,113908224.0,-40783669.0,11496705.0,,4621868622.0,,,107.96,100.0,unknown,PER_ONE_DOLLAR_MOVE; exact dollar/contract scaling unverified,QuantData
2026-08-21T12:47:00-04:00,2026-09-25,84.0,put,-16993.0,-6297.0,,-215810.0,,,,,73124555.0,113908224.0,-40783669.0,11496705.0,,4621868622.0,,,107.96,100.0,unknown,PER_ONE_DOLLAR_MOVE; exact dollar/contract scaling unverified,QuantData
2026-08-21T12:47:00-04:00,2026-09-25,85.0,call,1202.0,-386.0,,122167.0,,,,,73124555.0,113908224.0,-40783669.0,11496705.0,,4621868622.0,,,107.96,100.0,unknown,PER_ONE_DOLLAR_MOVE; exact dollar/contract scaling unverified,QuantData
2026-08-21T12:47:00-04:00,2026-09-25,85.0,put,-50590.0,-17902.0,,-656149.0,,,,,73124555.0,113908224.0,-40783669.0,11496705.0,,4621868622.0,,,107.96,100.0,unknown,PER_ONE_DOLLAR_MOVE; exact dollar/contract scaling unverified,QuantData
2026-08-21T12:47:00-04:00,2026-09-25,86.0,call,0.0,0.0,,0.0,,,,,73124555.0,113908224.0,-40783669.0,11496705.0,,4621868622.0,,,107.96,100.0,unknown,PER_ONE_DOLLAR_MOVE; exact dollar/contract scaling unverified,QuantData
2026-08-21T12:47:00-04:00,2026-09-25,86.0,put,-21103.0,-6843.0,,-277235.0,,,,,73124555.0,113908224.0,-40783669.0,11496705.0,,4621868622.0,,,107.96,100.0,unknown,PER_ONE_DOLLAR_MOVE; exact dollar/contract scaling unverified,QuantData
2026-08-21T12:47:00-04:00,2026-09-25,87.0,call,501.0,-172.0,,47601.0,,,,,73124555.0,113908224.0,-40783669.0,11496705.0,,4621868622.0,,,107.96,100.0,unknown,PER_ONE_DOLLAR_MOVE; exact dollar/contract scaling unverified,QuantData
2026-08-21T12:47:00-04:00,2026-09-25,87.0,put,-9624.0,-3056.0,,-129028.0,,,,,73124555.0,113908224.0,-40783669.0,11496705.0,,4621868622.0,,,107.96,100.0,unknown,PER_ONE_DOLLAR_MOVE; exact dollar/contract scaling unverified,QuantData
2026-08-21T12:47:00-04:00,2026-09-25,88.0,call,0.0,0.0,,0.0,,,,,73124555.0,113908224.0,-40783669.0,11496705.0,,4621868622.0,,,107.96,100.0,unknown,PER_ONE_DOLLAR_MOVE; exact dollar/contract scaling unverified,QuantData
2026-08-21T12:47:00-04:00,2026-09-25,88.0,put,-11715.0,-3450.0,,-166200.0,,,,,73124555.0,113908224.0,-40783669.0,11496705.0,,4621868622.0,,,107.96,100.0,unknown,PER_ONE_DOLLAR_MOVE; exact dollar/contract scaling unverified,QuantData
2026-08-21T12:47:00-04:00,2026-09-25,89.0,call,1466.0,-419.0,,119446.0,,,,,73124555.0,113908224.0,-40783669.0,11496705.0,,4621868622.0,,,107.96,100.0,unknown,PER_ONE_DOLLAR_MOVE; exact dollar/contract scaling unverified,QuantData
2026-08-21T12:47:00-04:00,2026-09-25,89.0,put,-4117.0,-1029.0,,-60048.0,,,,,73124555.0,113908224.0,-40783669.0,11496705.0,,4621868622.0,,,107.96,100.0,unknown,PER_ONE_DOLLAR_MOVE; exact dollar/contract scaling unverified,QuantData
2026-08-21T12:47:00-04:00,2026-09-25,90.0,call,15140.0,-3741.0,,1088110.0,,,,,73124555.0,113908224.0,-40783669.0,11496705.0,,4621868622.0,,,107.96,100.0,unknown,PER_ONE_DOLLAR_MOVE; exact dollar/contract scaling unverified,QuantData
2026-08-21T12:47:00-04:00,2026-09-25,90.0,put,-20090.0,-5546.0,,-284931.0,,,,,73124555.0,113908224.0,-40783669.0,11496705.0,,4621868622.0,,,107.96,100.0,unknown,PER_ONE_DOLLAR_MOVE; exact dollar/contract scaling unverified,QuantData
2026-08-21T12:47:00-04:00,2026-09-25,91.0,call,2772.0,-1094.0,,224537.0,,,,,73124555.0,113908224.0,-40783669.0,11496705.0,,4621868622.0,,,107.96,100.0,unknown,PER_ONE_DOLLAR_MOVE; exact dollar/contract scaling unverified,QuantData
2026-08-21T12:47:00-04:00,2026-09-25,91.0,put,-12005.0,-3035.0,,-176571.0,,,,,73124555.0,113908224.0,-40783669.0,11496705.0,,4621868622.0,,,107.96,100.0,unknown,PER_ONE_DOLLAR_MOVE; exact dollar/contract scaling unverified,QuantData
2026-08-21T12:47:00-04:00,2026-09-25,92.0,call,35891.0,-8333.0,,2231030.0,,,,,73124555.0,113908224.0,-40783669.0,11496705.0,,4621868622.0,,,107.96,100.0,unknown,PER_ONE_DOLLAR_MOVE; exact dollar/contract scaling unverified,QuantData
2026-08-21T12:47:00-04:00,2026-09-25,92.0,put,-13991.0,-3180.0,,-214046.0,,,,,73124555.0,113908224.0,-40783669.0,11496705.0,,4621868622.0,,,107.96,100.0,unknown,PER_ONE_DOLLAR_MOVE; exact dollar/contract scaling unverified,QuantData
2026-08-21T12:47:00-04:00,2026-09-25,93.0,call,25487.0,-4513.0,,1428705.0,,,,,73124555.0,113908224.0,-40783669.0,11496705.0,,4621868622.0,,,107.96,100.0,unknown,PER_ONE_DOLLAR_MOVE; exact dollar/contract scaling unverified,QuantData
2026-08-21T12:47:00-04:00,2026-09-25,93.0,put,-18389.0,-3749.0,,-301249.0,,,,,73124555.0,113908224.0,-40783669.0,11496705.0,,4621868622.0,,,107.96,100.0,unknown,PER_ONE_DOLLAR_MOVE; exact dollar/contract scaling unverified,QuantData
2026-08-21T12:47:00-04:00,2026-09-25,94.0,call,6185.0,-996.0,,328398.0,,,,,73124555.0,113908224.0,-40783669.0,11496705.0,,4621868622.0,,,107.96,100.0,unknown,PER_ONE_DOLLAR_MOVE; exact dollar/contract scaling unverified,QuantData
2026-08-21T12:47:00-04:00,2026-09-25,94.0,put,-18907.0,-3821.0,,-297121.0,,,,,73124555.0,113908224.0,-40783669.0,11496705.0,,4621868622.0,,,107.96,100.0,unknown,PER_ONE_DOLLAR_MOVE; exact dollar/contract scaling unverified,QuantData
2026-08-21T12:47:00-04:00,2026-09-25,95.0,call,17285.0,-3406.0,,866162.0,,,,,73124555.0,113908224.0,-40783669.0,11496705.0,,4621868622.0,,,107.96,100.0,unknown,PER_ONE_DOLLAR_MOVE; exact dollar/contract scaling unverified,QuantData
2026-08-21T12:47:00-04:00,2026-09-25,95.0,put,-26953.0,-4877.0,,-442923.0,,,,,73124555.0,113908224.0,-40783669.0,11496705.0,,4621868622.0,,,107.96,100.0,unknown,PER_ONE_DOLLAR_MOVE; exact dollar/contract scaling unverified,QuantData
2026-08-21T12:47:00-04:00,2026-09-25,96.0,call,18920.0,-2766.0,,949593.0,,,,,73124555.0,113908224.0,-40783669.0,11496705.0,,4621868622.0,,,107.96,100.0,unknown,PER_ONE_DOLLAR_MOVE; exact dollar/contract scaling unverified,QuantData
2026-08-21T12:47:00-04:00,2026-09-25,96.0,put,-8547.0,-1206.0,,-148983.0,,,,,73124555.0,113908224.0,-40783669.0,11496705.0,,4621868622.0,,,107.96,100.0,unknown,PER_ONE_DOLLAR_MOVE; exact dollar/contract scaling unverified,QuantData
2026-08-21T12:47:00-04:00,2026-09-25,97.0,call,21937.0,-3055.0,,1015108.0,,,,,73124555.0,113908224.0,-40783669.0,11496705.0,,4621868622.0,,,107.96,100.0,unknown,PER_ONE_DOLLAR_MOVE; exact dollar/contract scaling unverified,QuantData
2026-08-21T12:47:00-04:00,2026-09-25,97.0,put,-6589.0,-896.0,,-121227.0,,,,,73124555.0,113908224.0,-40783669.0,11496705.0,,4621868622.0,,,107.96,100.0,unknown,PER_ONE_DOLLAR_MOVE; exact dollar/contract scaling unverified,QuantData
2026-08-21T12:47:00-04:00,2026-09-25,98.0,call,19246.0,-1863.0,,905728.0,,,,,73124555.0,113908224.0,-40783669.0,11496705.0,,4621868622.0,,,107.96,100.0,unknown,PER_ONE_DOLLAR_MOVE; exact dollar/contract scaling unverified,QuantData
2026-08-21T12:47:00-04:00,2026-09-25,98.0,put,-508.0,-58.0,,-9327.0,,,,,73124555.0,113908224.0,-40783669.0,11496705.0,,4621868622.0,,,107.96,100.0,unknown,PER_ONE_DOLLAR_MOVE; exact dollar/contract scaling unverified,QuantData
2026-08-21T12:47:00-04:00,2026-09-25,99.0,call,5571.0,-598.0,,239914.0,,,,,73124555.0,113908224.0,-40783669.0,11496705.0,,4621868622.0,,,107.96,100.0,unknown,PER_ONE_DOLLAR_MOVE; exact dollar/contract scaling unverified,QuantData
2026-08-21T12:47:00-04:00,2026-09-25,99.0,put,-24355.0,-2797.0,,-448391.0,,,,,73124555.0,113908224.0,-40783669.0,11496705.0,,4621868622.0,,,107.96,100.0,unknown,PER_ONE_DOLLAR_MOVE; exact dollar/contract scaling unverified,QuantData
2026-08-21T12:47:00-04:00,2026-09-25,100.0,call,92896.0,-8236.0,,3675789.0,,,,,73124555.0,113908224.0,-40783669.0,11496705.0,,4621868622.0,,,107.96,100.0,unknown,PER_ONE_DOLLAR_MOVE; exact dollar/contract scaling unverified,QuantData
2026-08-21T12:47:00-04:00,2026-09-25,100.0,put,-34832.0,-3479.0,,-662467.0,,,,,73124555.0,113908224.0,-40783669.0,11496705.0,,4621868622.0,,,107.96,100.0,unknown,PER_ONE_DOLLAR_MOVE; exact dollar/contract scaling unverified,QuantData
2026-08-21T12:47:00-04:00,2026-09-25,101.0,call,1480.0,-105.0,,56463.0,,,,,73124555.0,113908224.0,-40783669.0,11496705.0,,4621868622.0,,,107.96,100.0,unknown,PER_ONE_DOLLAR_MOVE; exact dollar/contract scaling unverified,QuantData
2026-08-21T12:47:00-04:00,2026-09-25,101.0,put,-13280.0,-968.0,,-267071.0,,,,,73124555.0,113908224.0,-40783669.0,11496705.0,,4621868622.0,,,107.96,100.0,unknown,PER_ONE_DOLLAR_MOVE; exact dollar/contract scaling unverified,QuantData
2026-08-21T12:47:00-04:00,2026-09-25,102.0,call,34538.0,-2514.0,,1269733.0,,,,,73124555.0,113908224.0,-40783669.0,11496705.0,,4621868622.0,,,107.96,100.0,unknown,PER_ONE_DOLLAR_MOVE; exact dollar/contract scaling unverified,QuantData
2026-08-21T12:47:00-04:00,2026-09-25,102.0,put,-15757.0,-990.0,,-322349.0,,,,,73124555.0,113908224.0,-40783669.0,11496705.0,,4621868622.0,,,107.96,100.0,unknown,PER_ONE_DOLLAR_MOVE; exact dollar/contract scaling unverified,QuantData
2026-08-21T12:47:00-04:00,2026-09-25,103.0,call,23255.0,-812.0,,807746.0,,,,,73124555.0,113908224.0,-40783669.0,11496705.0,,4621868622.0,,,107.96,100.0,unknown,PER_ONE_DOLLAR_MOVE; exact dollar/contract scaling unverified,QuantData
2026-08-21T12:47:00-04:00,2026-09-25,103.0,put,-2215.0,-101.0,,-47334.0,,,,,73124555.0,113908224.0,-40783669.0,11496705.0,,4621868622.0,,,107.96,100.0,unknown,PER_ONE_DOLLAR_MOVE; exact dollar/contract scaling unverified,QuantData
2026-08-21T12:47:00-04:00,2026-09-25,104.0,call,15277.0,-264.0,,505411.0,,,,,73124555.0,113908224.0,-40783669.0,11496705.0,,4621868622.0,,,107.96,100.0,unknown,PER_ONE_DOLLAR_MOVE; exact dollar/contract scaling unverified,QuantData
2026-08-21T12:47:00-04:00,2026-09-25,104.0,put,-12433.0,-362.0,,-277450.0,,,,,73124555.0,113908224.0,-40783669.0,11496705.0,,4621868622.0,,,107.96,100.0,unknown,PER_ONE_DOLLAR_MOVE; exact dollar/contract scaling unverified,QuantData
2026-08-21T12:47:00-04:00,2026-09-25,105.0,call,38773.0,-635.0,,1272557.0,,,,,73124555.0,113908224.0,-40783669.0,11496705.0,,4621868622.0,,,107.96,100.0,unknown,PER_ONE_DOLLAR_MOVE; exact dollar/contract scaling unverified,QuantData
2026-08-21T12:47:00-04:00,2026-09-25,105.0,put,-39706.0,-453.0,,-914930.0,,,,,73124555.0,113908224.0,-40783669.0,11496705.0,,4621868622.0,,,107.96,100.0,unknown,PER_ONE_DOLLAR_MOVE; exact dollar/contract scaling unverified,QuantData
2026-08-21T12:47:00-04:00,2026-09-25,106.0,call,6472.0,39.0,,202452.0,,,,,73124555.0,113908224.0,-40783669.0,11496705.0,,4621868622.0,,,107.96,100.0,unknown,PER_ONE_DOLLAR_MOVE; exact dollar/contract scaling unverified,QuantData
2026-08-21T12:47:00-04:00,2026-09-25,106.0,put,-3870.0,31.0,,-88006.0,,,,,73124555.0,113908224.0,-40783669.0,11496705.0,,4621868622.0,,,107.96,100.0,unknown,PER_ONE_DOLLAR_MOVE; exact dollar/contract scaling unverified,QuantData
2026-08-21T12:47:00-04:00,2026-09-25,107.0,call,1186.0,17.0,,36268.0,,,,,73124555.0,113908224.0,-40783669.0,11496705.0,,4621868622.0,,,107.96,100.0,unknown,PER_ONE_DOLLAR_MOVE; exact dollar/contract scaling unverified,QuantData
2026-08-21T12:47:00-04:00,2026-09-25,107.0,put,0.0,0.0,,0.0,,,,,73124555.0,113908224.0,-40783669.0,11496705.0,,4621868622.0,,,107.96,100.0,unknown,PER_ONE_DOLLAR_MOVE; exact dollar/contract scaling unverified,QuantData
2026-08-21T12:47:00-04:00,2026-09-25,108.0,call,2400.0,95.0,,68250.0,,,,,73124555.0,113908224.0,-40783669.0,11496705.0,,4621868622.0,,,107.96,100.0,unknown,PER_ONE_DOLLAR_MOVE; exact dollar/contract scaling unverified,QuantData
2026-08-21T12:47:00-04:00,2026-09-25,108.0,put,-1568.0,44.0,,-39121.0,,,,,73124555.0,113908224.0,-40783669.0,11496705.0,,4621868622.0,,,107.96,100.0,unknown,PER_ONE_DOLLAR_MOVE; exact dollar/contract scaling unverified,QuantData
2026-08-21T12:47:00-04:00,2026-09-25,110.0,call,81463.0,5262.0,,2209033.0,,,,,73124555.0,113908224.0,-40783669.0,11496705.0,,4621868622.0,,,107.96,100.0,unknown,PER_ONE_DOLLAR_MOVE; exact dollar/contract scaling unverified,QuantData
2026-08-21T12:47:00-04:00,2026-09-25,110.0,put,-2047.0,169.0,,-60095.0,,,,,73124555.0,113908224.0,-40783669.0,11496705.0,,4621868622.0,,,107.96,100.0,unknown,PER_ONE_DOLLAR_MOVE; exact dollar/contract scaling unverified,QuantData
2026-08-21T12:47:00-04:00,2026-09-25,115.0,call,144177.0,19723.0,,3330602.0,,,,,73124555.0,113908224.0,-40783669.0,11496705.0,,4621868622.0,,,107.96,100.0,unknown,PER_ONE_DOLLAR_MOVE; exact dollar/contract scaling unverified,QuantData
2026-08-21T12:47:00-04:00,2026-09-25,115.0,put,-2748.0,326.0,,-90260.0,,,,,73124555.0,113908224.0,-40783669.0,11496705.0,,4621868622.0,,,107.96,100.0,unknown,PER_ONE_DOLLAR_MOVE; exact dollar/contract scaling unverified,QuantData
2026-08-21T12:47:00-04:00,2026-09-25,120.0,call,53438.0,11015.0,,1076297.0,,,,,73124555.0,113908224.0,-40783669.0,11496705.0,,4621868622.0,,,107.96,100.0,unknown,PER_ONE_DOLLAR_MOVE; exact dollar/contract scaling unverified,QuantData
2026-08-21T12:47:00-04:00,2026-09-25,120.0,put,0.0,0.0,,0.0,,,,,73124555.0,113908224.0,-40783669.0,11496705.0,,4621868622.0,,,107.96,100.0,unknown,PER_ONE_DOLLAR_MOVE; exact dollar/contract scaling unverified,QuantData
2026-08-21T12:47:00-04:00,2026-09-25,125.0,call,24883.0,6646.0,,453785.0,,,,,73124555.0,113908224.0,-40783669.0,11496705.0,,4621868622.0,,,107.96,100.0,unknown,PER_ONE_DOLLAR_MOVE; exact dollar/contract scaling unverified,QuantData
2026-08-21T12:47:00-04:00,2026-09-25,125.0,put,-295.0,79.0,,-15280.0,,,,,73124555.0,113908224.0,-40783669.0,11496705.0,,4621868622.0,,,107.96,100.0,unknown,PER_ONE_DOLLAR_MOVE; exact dollar/contract scaling unverified,QuantData
2026-08-21T12:47:00-04:00,2026-09-25,130.0,call,13952.0,4618.0,,228895.0,,,,,73124555.0,113908224.0,-40783669.0,11496705.0,,4621868622.0,,,107.96,100.0,unknown,PER_ONE_DOLLAR_MOVE; exact dollar/contract scaling unverified,QuantData
2026-08-21T12:47:00-04:00,2026-09-25,130.0,put,0.0,0.0,,0.0,,,,,73124555.0,113908224.0,-40783669.0,11496705.0,,4621868622.0,,,107.96,100.0,unknown,PER_ONE_DOLLAR_MOVE; exact dollar/contract scaling unverified,QuantData
2026-08-21T12:47:00-04:00,2026-09-25,135.0,call,490.0,188.0,,7523.0,,,,,73124555.0,113908224.0,-40783669.0,11496705.0,,4621868622.0,,,107.96,100.0,unknown,PER_ONE_DOLLAR_MOVE; exact dollar/contract scaling unverified,QuantData
2026-08-21T12:47:00-04:00,2026-09-25,135.0,put,0.0,0.0,,0.0,,,,,73124555.0,113908224.0,-40783669.0,11496705.0,,4621868622.0,,,107.96,100.0,unknown,PER_ONE_DOLLAR_MOVE; exact dollar/contract scaling unverified,QuantData
2026-08-21T12:47:00-04:00,2026-09-25,140.0,call,0.0,0.0,,0.0,,,,,73124555.0,113908224.0,-40783669.0,11496705.0,,4621868622.0,,,107.96,100.0,unknown,PER_ONE_DOLLAR_MOVE; exact dollar/contract scaling unverified,QuantData
2026-08-21T12:47:00-04:00,2026-09-25,140.0,put,0.0,0.0,,0.0,,,,,73124555.0,113908224.0,-40783669.0,11496705.0,,4621868622.0,,,107.96,100.0,unknown,PER_ONE_DOLLAR_MOVE; exact dollar/contract scaling unverified,QuantData
2026-08-21T12:47:00-04:00,2026-09-25,145.0,call,0.0,0.0,,0.0,,,,,73124555.0,113908224.0,-40783669.0,11496705.0,,4621868622.0,,,107.96,100.0,unknown,PER_ONE_DOLLAR_MOVE; exact dollar/contract scaling unverified,QuantData
2026-08-21T12:47:00-04:00,2026-09-25,145.0,put,0.0,0.0,,0.0,,,,,73124555.0,113908224.0,-40783669.0,11496705.0,,4621868622.0,,,107.96,100.0,unknown,PER_ONE_DOLLAR_MOVE; exact dollar/contract scaling unverified,QuantData
2026-08-21T12:47:00-04:00,2026-09-25,150.0,call,211.0,112.0,,2739.0,,,,,73124555.0,113908224.0,-40783669.0,11496705.0,,4621868622.0,,,107.96,100.0,unknown,PER_ONE_DOLLAR_MOVE; exact dollar/contract scaling unverified,QuantData
2026-08-21T12:47:00-04:00,2026-09-25,150.0,put,0.0,0.0,,0.0,,,,,73124555.0,113908224.0,-40783669.0,11496705.0,,4621868622.0,,,107.96,100.0,unknown,PER_ONE_DOLLAR_MOVE; exact dollar/contract scaling unverified,QuantData
2026-08-21T12:47:00-04:00,2026-09-25,155.0,call,2492.0,1424.0,,31458.0,,,,,73124555.0,113908224.0,-40783669.0,11496705.0,,4621868622.0,,,107.96,100.0,unknown,PER_ONE_DOLLAR_MOVE; exact dollar/contract scaling unverified,QuantData
2026-08-21T12:47:00-04:00,2026-09-25,155.0,put,0.0,0.0,,0.0,,,,,73124555.0,113908224.0,-40783669.0,11496705.0,,4621868622.0,,,107.96,100.0,unknown,PER_ONE_DOLLAR_MOVE; exact dollar/contract scaling unverified,QuantData
2026-08-21T12:47:00-04:00,2026-09-25,160.0,call,0.0,0.0,,0.0,,,,,73124555.0,113908224.0,-40783669.0,11496705.0,,4621868622.0,,,107.96,100.0,unknown,PER_ONE_DOLLAR_MOVE; exact dollar/contract scaling unverified,QuantData
2026-08-21T12:47:00-04:00,2026-09-25,160.0,put,0.0,0.0,,0.0,,,,,73124555.0,113908224.0,-40783669.0,11496705.0,,4621868622.0,,,107.96,100.0,unknown,PER_ONE_DOLLAR_MOVE; exact dollar/contract scaling unverified,QuantData
2026-08-21T12:47:00-04:00,2026-10-02,65.0,call,0.0,0.0,,0.0,,,,,73124555.0,113908224.0,-40783669.0,11496705.0,,4621868622.0,,,107.96,100.0,unknown,PER_ONE_DOLLAR_MOVE; exact dollar/contract scaling unverified,QuantData
2026-08-21T12:47:00-04:00,2026-10-02,65.0,put,-377.0,-243.0,,-4454.0,,,,,73124555.0,113908224.0,-40783669.0,11496705.0,,4621868622.0,,,107.96,100.0,unknown,PER_ONE_DOLLAR_MOVE; exact dollar/contract scaling unverified,QuantData
2026-08-21T12:47:00-04:00,2026-10-02,70.0,call,0.0,0.0,,0.0,,,,,73124555.0,113908224.0,-40783669.0,11496705.0,,4621868622.0,,,107.96,100.0,unknown,PER_ONE_DOLLAR_MOVE; exact dollar/contract scaling unverified,QuantData
2026-08-21T12:47:00-04:00,2026-10-02,70.0,put,-4922.0,-2894.0,,-59649.0,,,,,73124555.0,113908224.0,-40783669.0,11496705.0,,4621868622.0,,,107.96,100.0,unknown,PER_ONE_DOLLAR_MOVE; exact dollar/contract scaling unverified,QuantData
2026-08-21T12:47:00-04:00,2026-10-02,75.0,call,0.0,0.0,,0.0,,,,,73124555.0,113908224.0,-40783669.0,11496705.0,,4621868622.0,,,107.96,100.0,unknown,PER_ONE_DOLLAR_MOVE; exact dollar/contract scaling unverified,QuantData
2026-08-21T12:47:00-04:00,2026-10-02,75.0,put,-8173.0,-4310.0,,-99315.0,,,,,73124555.0,113908224.0,-40783669.0,11496705.0,,4621868622.0,,,107.96,100.0,unknown,PER_ONE_DOLLAR_MOVE; exact dollar/contract scaling unverified,QuantData
2026-08-21T12:47:00-04:00,2026-10-02,80.0,call,0.0,0.0,,0.0,,,,,73124555.0,113908224.0,-40783669.0,11496705.0,,4621868622.0,,,107.96,100.0,unknown,PER_ONE_DOLLAR_MOVE; exact dollar/contract scaling unverified,QuantData
2026-08-21T12:47:00-04:00,2026-10-02,80.0,put,-27320.0,-12069.0,,-364605.0,,,,,73124555.0,113908224.0,-40783669.0,11496705.0,,4621868622.0,,,107.96,100.0,unknown,PER_ONE_DOLLAR_MOVE; exact dollar/contract scaling unverified,QuantData
2026-08-21T12:47:00-04:00,2026-10-02,82.0,call,0.0,0.0,,0.0,,,,,73124555.0,113908224.0,-40783669.0,11496705.0,,4621868622.0,,,107.96,100.0,unknown,PER_ONE_DOLLAR_MOVE; exact dollar/contract scaling unverified,QuantData
2026-08-21T12:47:00-04:00,2026-10-02,82.0,put,-2873.0,-1093.0,,-42097.0,,,,,73124555.0,113908224.0,-40783669.0,11496705.0,,4621868622.0,,,107.96,100.0,unknown,PER_ONE_DOLLAR_MOVE; exact dollar/contract scaling unverified,QuantData
2026-08-21T12:47:00-04:00,2026-10-02,83.0,call,0.0,0.0,,0.0,,,,,73124555.0,113908224.0,-40783669.0,11496705.0,,4621868622.0,,,107.96,100.0,unknown,PER_ONE_DOLLAR_MOVE; exact dollar/contract scaling unverified,QuantData
2026-08-21T12:47:00-04:00,2026-10-02,83.0,put,-5750.0,-2225.0,,-80408.0,,,,,73124555.0,113908224.0,-40783669.0,11496705.0,,4621868622.0,,,107.96,100.0,unknown,PER_ONE_DOLLAR_MOVE; exact dollar/contract scaling unverified,QuantData
2026-08-21T12:47:00-04:00,2026-10-02,84.0,call,0.0,0.0,,0.0,,,,,73124555.0,113908224.0,-40783669.0,11496705.0,,4621868622.0,,,107.96,100.0,unknown,PER_ONE_DOLLAR_MOVE; exact dollar/contract scaling unverified,QuantData
2026-08-21T12:47:00-04:00,2026-10-02,84.0,put,-2453.0,-865.0,,-35899.0,,,,,73124555.0,113908224.0,-40783669.0,11496705.0,,4621868622.0,,,107.96,100.0,unknown,PER_ONE_DOLLAR_MOVE; exact dollar/contract scaling unverified,QuantData
2026-08-21T12:47:00-04:00,2026-10-02,85.0,call,12931.0,-4405.0,,1364958.0,,,,,73124555.0,113908224.0,-40783669.0,11496705.0,,4621868622.0,,,107.96,100.0,unknown,PER_ONE_DOLLAR_MOVE; exact dollar/contract scaling unverified,QuantData
2026-08-21T12:47:00-04:00,2026-10-02,85.0,put,-14161.0,-5038.0,,-206673.0,,,,,73124555.0,113908224.0,-40783669.0,11496705.0,,4621868622.0,,,107.96,100.0,unknown,PER_ONE_DOLLAR_MOVE; exact dollar/contract scaling unverified,QuantData
2026-08-21T12:47:00-04:00,2026-10-02,86.0,call,0.0,0.0,,0.0,,,,,73124555.0,113908224.0,-40783669.0,11496705.0,,4621868622.0,,,107.96,100.0,unknown,PER_ONE_DOLLAR_MOVE; exact dollar/contract scaling unverified,QuantData
2026-08-21T12:47:00-04:00,2026-10-02,86.0,put,-466.0,-156.0,,-6841.0,,,,,73124555.0,113908224.0,-40783669.0,11496705.0,,4621868622.0,,,107.96,100.0,unknown,PER_ONE_DOLLAR_MOVE; exact dollar/contract scaling unverified,QuantData
2026-08-21T12:47:00-04:00,2026-10-02,87.0,call,0.0,0.0,,0.0,,,,,73124555.0,113908224.0,-40783669.0,11496705.0,,4621868622.0,,,107.96,100.0,unknown,PER_ONE_DOLLAR_MOVE; exact dollar/contract scaling unverified,QuantData
2026-08-21T12:47:00-04:00,2026-10-02,87.0,put,-4365.0,-1306.0,,-67618.0,,,,,73124555.0,113908224.0,-40783669.0,11496705.0,,4621868622.0,,,107.96,100.0,unknown,PER_ONE_DOLLAR_MOVE; exact dollar/contract scaling unverified,QuantData
2026-08-21T12:47:00-04:00,2026-10-02,88.0,call,0.0,0.0,,0.0,,,,,73124555.0,113908224.0,-40783669.0,11496705.0,,4621868622.0,,,107.96,100.0,unknown,PER_ONE_DOLLAR_MOVE; exact dollar/contract scaling unverified,QuantData
2026-08-21T12:47:00-04:00,2026-10-02,88.0,put,-1657.0,-496.0,,-25650.0,,,,,73124555.0,113908224.0,-40783669.0,11496705.0,,4621868622.0,,,107.96,100.0,unknown,PER_ONE_DOLLAR_MOVE; exact dollar/contract scaling unverified,QuantData
2026-08-21T12:47:00-04:00,2026-10-02,89.0,call,0.0,0.0,,0.0,,,,,73124555.0,113908224.0,-40783669.0,11496705.0,,4621868622.0,,,107.96,100.0,unknown,PER_ONE_DOLLAR_MOVE; exact dollar/contract scaling unverified,QuantData
2026-08-21T12:47:00-04:00,2026-10-02,89.0,put,-975.0,-280.0,,-15299.0,,,,,73124555.0,113908224.0,-40783669.0,11496705.0,,4621868622.0,,,107.96,100.0,unknown,PER_ONE_DOLLAR_MOVE; exact dollar/contract scaling unverified,QuantData
2026-08-21T12:47:00-04:00,2026-10-02,90.0,call,7680.0,-3314.0,,640801.0,,,,,73124555.0,113908224.0,-40783669.0,11496705.0,,4621868622.0,,,107.96,100.0,unknown,PER_ONE_DOLLAR_MOVE; exact dollar/contract scaling unverified,QuantData
2026-08-21T12:47:00-04:00,2026-10-02,90.0,put,-9161.0,-2397.0,,-149840.0,,,,,73124555.0,113908224.0,-40783669.0,11496705.0,,4621868622.0,,,107.96,100.0,unknown,PER_ONE_DOLLAR_MOVE; exact dollar/contract scaling unverified,QuantData
2026-08-21T12:47:00-04:00,2026-10-02,91.0,call,0.0,0.0,,0.0,,,,,73124555.0,113908224.0,-40783669.0,11496705.0,,4621868622.0,,,107.96,100.0,unknown,PER_ONE_DOLLAR_MOVE; exact dollar/contract scaling unverified,QuantData
2026-08-21T12:47:00-04:00,2026-10-02,91.0,put,-5231.0,-1121.0,,-91932.0,,,,,73124555.0,113908224.0,-40783669.0,11496705.0,,4621868622.0,,,107.96,100.0,unknown,PER_ONE_DOLLAR_MOVE; exact dollar/contract scaling unverified,QuantData
2026-08-21T12:47:00-04:00,2026-10-02,92.0,call,5558.0,-1056.0,,363919.0,,,,,73124555.0,113908224.0,-40783669.0,11496705.0,,4621868622.0,,,107.96,100.0,unknown,PER_ONE_DOLLAR_MOVE; exact dollar/contract scaling unverified,QuantData
2026-08-21T12:47:00-04:00,2026-10-02,92.0,put,-5437.0,-1260.0,,-91172.0,,,,,73124555.0,113908224.0,-40783669.0,11496705.0,,4621868622.0,,,107.96,100.0,unknown,PER_ONE_DOLLAR_MOVE; exact dollar/contract scaling unverified,QuantData
2026-08-21T12:47:00-04:00,2026-10-02,93.0,call,2583.0,-567.0,,151548.0,,,,,73124555.0,113908224.0,-40783669.0,11496705.0,,4621868622.0,,,107.96,100.0,unknown,PER_ONE_DOLLAR_MOVE; exact dollar/contract scaling unverified,QuantData
2026-08-21T12:47:00-04:00,2026-10-02,93.0,put,-3779.0,-777.0,,-67301.0,,,,,73124555.0,113908224.0,-40783669.0,11496705.0,,4621868622.0,,,107.96,100.0,unknown,PER_ONE_DOLLAR_MOVE; exact dollar/contract scaling unverified,QuantData
2026-08-21T12:47:00-04:00,2026-10-02,94.0,call,4270.0,-888.0,,291960.0,,,,,73124555.0,113908224.0,-40783669.0,11496705.0,,4621868622.0,,,107.96,100.0,unknown,PER_ONE_DOLLAR_MOVE; exact dollar/contract scaling unverified,QuantData
2026-08-21T12:47:00-04:00,2026-10-02,94.0,put,-1219.0,-217.0,,-22845.0,,,,,73124555.0,113908224.0,-40783669.0,11496705.0,,4621868622.0,,,107.96,100.0,unknown,PER_ONE_DOLLAR_MOVE; exact dollar/contract scaling unverified,QuantData
2026-08-21T12:47:00-04:00,2026-10-02,95.0,call,0.0,0.0,,0.0,,,,,73124555.0,113908224.0,-40783669.0,11496705.0,,4621868622.0,,,107.96,100.0,unknown,PER_ONE_DOLLAR_MOVE; exact dollar/contract scaling unverified,QuantData
2026-08-21T12:47:00-04:00,2026-10-02,95.0,put,-4534.0,-796.0,,-83239.0,,,,,73124555.0,113908224.0,-40783669.0,11496705.0,,4621868622.0,,,107.96,100.0,unknown,PER_ONE_DOLLAR_MOVE; exact dollar/contract scaling unverified,QuantData
2026-08-21T12:47:00-04:00,2026-10-02,96.0,call,4302.0,-772.0,,247223.0,,,,,73124555.0,113908224.0,-40783669.0,11496705.0,,4621868622.0,,,107.96,100.0,unknown,PER_ONE_DOLLAR_MOVE; exact dollar/contract scaling unverified,QuantData
2026-08-21T12:47:00-04:00,2026-10-02,96.0,put,0.0,0.0,,0.0,,,,,73124555.0,113908224.0,-40783669.0,11496705.0,,4621868622.0,,,107.96,100.0,unknown,PER_ONE_DOLLAR_MOVE; exact dollar/contract scaling unverified,QuantData
2026-08-21T12:47:00-04:00,2026-10-02,97.0,call,2771.0,-355.0,,146852.0,,,,,73124555.0,113908224.0,-40783669.0,11496705.0,,4621868622.0,,,107.96,100.0,unknown,PER_ONE_DOLLAR_MOVE; exact dollar/contract scaling unverified,QuantData
2026-08-21T12:47:00-04:00,2026-10-02,97.0,put,-1093.0,-166.0,,-22639.0,,,,,73124555.0,113908224.0,-40783669.0,11496705.0,,4621868622.0,,,107.96,100.0,unknown,PER_ONE_DOLLAR_MOVE; exact dollar/contract scaling unverified,QuantData
2026-08-21T12:47:00-04:00,2026-10-02,98.0,call,10265.0,-1192.0,,498966.0,,,,,73124555.0,113908224.0,-40783669.0,11496705.0,,4621868622.0,,,107.96,100.0,unknown,PER_ONE_DOLLAR_MOVE; exact dollar/contract scaling unverified,QuantData
2026-08-21T12:47:00-04:00,2026-10-02,98.0,put,-1066.0,-130.0,,-21710.0,,,,,73124555.0,113908224.0,-40783669.0,11496705.0,,4621868622.0,,,107.96,100.0,unknown,PER_ONE_DOLLAR_MOVE; exact dollar/contract scaling unverified,QuantData
2026-08-21T12:47:00-04:00,2026-10-02,99.0,call,16697.0,-1995.0,,874096.0,,,,,73124555.0,113908224.0,-40783669.0,11496705.0,,4621868622.0,,,107.96,100.0,unknown,PER_ONE_DOLLAR_MOVE; exact dollar/contract scaling unverified,QuantData
2026-08-21T12:47:00-04:00,2026-10-02,99.0,put,-472.0,-34.0,,-10566.0,,,,,73124555.0,113908224.0,-40783669.0,11496705.0,,4621868622.0,,,107.96,100.0,unknown,PER_ONE_DOLLAR_MOVE; exact dollar/contract scaling unverified,QuantData
2026-08-21T12:47:00-04:00,2026-10-02,100.0,call,59248.0,-5228.0,,2677374.0,,,,,73124555.0,113908224.0,-40783669.0,11496705.0,,4621868622.0,,,107.96,100.0,unknown,PER_ONE_DOLLAR_MOVE; exact dollar/contract scaling unverified,QuantData
2026-08-21T12:47:00-04:00,2026-10-02,100.0,put,-3247.0,-301.0,,-68491.0,,,,,73124555.0,113908224.0,-40783669.0,11496705.0,,4621868622.0,,,107.96,100.0,unknown,PER_ONE_DOLLAR_MOVE; exact dollar/contract scaling unverified,QuantData
2026-08-21T12:47:00-04:00,2026-10-02,101.0,call,4971.0,-441.0,,237295.0,,,,,73124555.0,113908224.0,-40783669.0,11496705.0,,4621868622.0,,,107.96,100.0,unknown,PER_ONE_DOLLAR_MOVE; exact dollar/contract scaling unverified,QuantData
2026-08-21T12:47:00-04:00,2026-10-02,101.0,put,0.0,0.0,,0.0,,,,,73124555.0,113908224.0,-40783669.0,11496705.0,,4621868622.0,,,107.96,100.0,unknown,PER_ONE_DOLLAR_MOVE; exact dollar/contract scaling unverified,QuantData
2026-08-21T12:47:00-04:00,2026-10-02,102.0,call,4143.0,-165.0,,160634.0,,,,,73124555.0,113908224.0,-40783669.0,11496705.0,,4621868622.0,,,107.96,100.0,unknown,PER_ONE_DOLLAR_MOVE; exact dollar/contract scaling unverified,QuantData
2026-08-21T12:47:00-04:00,2026-10-02,102.0,put,-327.0,-15.0,,-7724.0,,,,,73124555.0,113908224.0,-40783669.0,11496705.0,,4621868622.0,,,107.96,100.0,unknown,PER_ONE_DOLLAR_MOVE; exact dollar/contract scaling unverified,QuantData
2026-08-21T12:47:00-04:00,2026-10-02,103.0,call,6571.0,-139.0,,254441.0,,,,,73124555.0,113908224.0,-40783669.0,11496705.0,,4621868622.0,,,107.96,100.0,unknown,PER_ONE_DOLLAR_MOVE; exact dollar/contract scaling unverified,QuantData
2026-08-21T12:47:00-04:00,2026-10-02,103.0,put,0.0,0.0,,0.0,,,,,73124555.0,113908224.0,-40783669.0,11496705.0,,4621868622.0,,,107.96,100.0,unknown,PER_ONE_DOLLAR_MOVE; exact dollar/contract scaling unverified,QuantData
2026-08-21T12:47:00-04:00,2026-10-02,104.0,call,6646.0,-169.0,,250757.0,,,,,73124555.0,113908224.0,-40783669.0,11496705.0,,4621868622.0,,,107.96,100.0,unknown,PER_ONE_DOLLAR_MOVE; exact dollar/contract scaling unverified,QuantData
2026-08-21T12:47:00-04:00,2026-10-02,104.0,put,0.0,0.0,,0.0,,,,,73124555.0,113908224.0,-40783669.0,11496705.0,,4621868622.0,,,107.96,100.0,unknown,PER_ONE_DOLLAR_MOVE; exact dollar/contract scaling unverified,QuantData
2026-08-21T12:47:00-04:00,2026-10-02,105.0,call,10087.0,-76.0,,364068.0,,,,,73124555.0,113908224.0,-40783669.0,11496705.0,,4621868622.0,,,107.96,100.0,unknown,PER_ONE_DOLLAR_MOVE; exact dollar/contract scaling unverified,QuantData
2026-08-21T12:47:00-04:00,2026-10-02,105.0,put,-1028.0,-6.0,,-26057.0,,,,,73124555.0,113908224.0,-40783669.0,11496705.0,,4621868622.0,,,107.96,100.0,unknown,PER_ONE_DOLLAR_MOVE; exact dollar/contract scaling unverified,QuantData
2026-08-21T12:47:00-04:00,2026-10-02,106.0,call,2137.0,18.0,,74475.0,,,,,73124555.0,113908224.0,-40783669.0,11496705.0,,4621868622.0,,,107.96,100.0,unknown,PER_ONE_DOLLAR_MOVE; exact dollar/contract scaling unverified,QuantData
2026-08-21T12:47:00-04:00,2026-10-02,106.0,put,-876.0,7.0,,-22625.0,,,,,73124555.0,113908224.0,-40783669.0,11496705.0,,4621868622.0,,,107.96,100.0,unknown,PER_ONE_DOLLAR_MOVE; exact dollar/contract scaling unverified,QuantData
2026-08-21T12:47:00-04:00,2026-10-02,107.0,call,722.0,21.0,,23778.0,,,,,73124555.0,113908224.0,-40783669.0,11496705.0,,4621868622.0,,,107.96,100.0,unknown,PER_ONE_DOLLAR_MOVE; exact dollar/contract scaling unverified,QuantData
2026-08-21T12:47:00-04:00,2026-10-02,107.0,put,-356.0,10.0,,-9516.0,,,,,73124555.0,113908224.0,-40783669.0,11496705.0,,4621868622.0,,,107.96,100.0,unknown,PER_ONE_DOLLAR_MOVE; exact dollar/contract scaling unverified,QuantData
2026-08-21T12:47:00-04:00,2026-10-02,108.0,call,1286.0,55.0,,40390.0,,,,,73124555.0,113908224.0,-40783669.0,11496705.0,,4621868622.0,,,107.96,100.0,unknown,PER_ONE_DOLLAR_MOVE; exact dollar/contract scaling unverified,QuantData
2026-08-21T12:47:00-04:00,2026-10-02,108.0,put,-1694.0,59.0,,-48022.0,,,,,73124555.0,113908224.0,-40783669.0,11496705.0,,4621868622.0,,,107.96,100.0,unknown,PER_ONE_DOLLAR_MOVE; exact dollar/contract scaling unverified,QuantData
2026-08-21T12:47:00-04:00,2026-10-02,110.0,call,0.0,0.0,,0.0,,,,,73124555.0,113908224.0,-40783669.0,11496705.0,,4621868622.0,,,107.96,100.0,unknown,PER_ONE_DOLLAR_MOVE; exact dollar/contract scaling unverified,QuantData
2026-08-21T12:47:00-04:00,2026-10-02,110.0,put,0.0,0.0,,0.0,,,,,73124555.0,113908224.0,-40783669.0,11496705.0,,4621868622.0,,,107.96,100.0,unknown,PER_ONE_DOLLAR_MOVE; exact dollar/contract scaling unverified,QuantData
2026-08-21T12:47:00-04:00,2026-10-02,115.0,call,17362.0,2581.0,,446637.0,,,,,73124555.0,113908224.0,-40783669.0,11496705.0,,4621868622.0,,,107.96,100.0,unknown,PER_ONE_DOLLAR_MOVE; exact dollar/contract scaling unverified,QuantData
2026-08-21T12:47:00-04:00,2026-10-02,115.0,put,0.0,0.0,,0.0,,,,,73124555.0,113908224.0,-40783669.0,11496705.0,,4621868622.0,,,107.96,100.0,unknown,PER_ONE_DOLLAR_MOVE; exact dollar/contract scaling unverified,QuantData
2026-08-21T12:47:00-04:00,2026-10-02,120.0,call,0.0,0.0,,0.0,,,,,73124555.0,113908224.0,-40783669.0,11496705.0,,4621868622.0,,,107.96,100.0,unknown,PER_ONE_DOLLAR_MOVE; exact dollar/contract scaling unverified,QuantData
2026-08-21T12:47:00-04:00,2026-10-02,120.0,put,-161.0,34.0,,-6841.0,,,,,73124555.0,113908224.0,-40783669.0,11496705.0,,4621868622.0,,,107.96,100.0,unknown,PER_ONE_DOLLAR_MOVE; exact dollar/contract scaling unverified,QuantData
2026-08-21T12:47:00-04:00,2026-10-02,125.0,call,70312.0,19573.0,,1421162.0,,,,,73124555.0,113908224.0,-40783669.0,11496705.0,,4621868622.0,,,107.96,100.0,unknown,PER_ONE_DOLLAR_MOVE; exact dollar/contract scaling unverified,QuantData
2026-08-21T12:47:00-04:00,2026-10-02,125.0,put,0.0,0.0,,0.0,,,,,73124555.0,113908224.0,-40783669.0,11496705.0,,4621868622.0,,,107.96,100.0,unknown,PER_ONE_DOLLAR_MOVE; exact dollar/contract scaling unverified,QuantData
2026-08-21T12:47:00-04:00,2026-10-02,130.0,call,3093.0,1034.0,,58535.0,,,,,73124555.0,113908224.0,-40783669.0,11496705.0,,4621868622.0,,,107.96,100.0,unknown,PER_ONE_DOLLAR_MOVE; exact dollar/contract scaling unverified,QuantData
2026-08-21T12:47:00-04:00,2026-10-02,130.0,put,0.0,0.0,,0.0,,,,,73124555.0,113908224.0,-40783669.0,11496705.0,,4621868622.0,,,107.96,100.0,unknown,PER_ONE_DOLLAR_MOVE; exact dollar/contract scaling unverified,QuantData
2026-08-21T12:47:00-04:00,2026-10-02,135.0,call,13621.0,5407.0,,235825.0,,,,,73124555.0,113908224.0,-40783669.0,11496705.0,,4621868622.0,,,107.96,100.0,unknown,PER_ONE_DOLLAR_MOVE; exact dollar/contract scaling unverified,QuantData
2026-08-21T12:47:00-04:00,2026-10-02,135.0,put,0.0,0.0,,0.0,,,,,73124555.0,113908224.0,-40783669.0,11496705.0,,4621868622.0,,,107.96,100.0,unknown,PER_ONE_DOLLAR_MOVE; exact dollar/contract scaling unverified,QuantData
2026-08-21T12:47:00-04:00,2026-10-02,140.0,call,0.0,0.0,,0.0,,,,,73124555.0,113908224.0,-40783669.0,11496705.0,,4621868622.0,,,107.96,100.0,unknown,PER_ONE_DOLLAR_MOVE; exact dollar/contract scaling unverified,QuantData
2026-08-21T12:47:00-04:00,2026-10-02,140.0,put,0.0,0.0,,0.0,,,,,73124555.0,113908224.0,-40783669.0,11496705.0,,4621868622.0,,,107.96,100.0,unknown,PER_ONE_DOLLAR_MOVE; exact dollar/contract scaling unverified,QuantData
2026-08-21T12:47:00-04:00,2026-10-02,145.0,call,0.0,0.0,,0.0,,,,,73124555.0,113908224.0,-40783669.0,11496705.0,,4621868622.0,,,107.96,100.0,unknown,PER_ONE_DOLLAR_MOVE; exact dollar/contract scaling unverified,QuantData
2026-08-21T12:47:00-04:00,2026-10-02,145.0,put,0.0,0.0,,0.0,,,,,73124555.0,113908224.0,-40783669.0,11496705.0,,4621868622.0,,,107.96,100.0,unknown,PER_ONE_DOLLAR_MOVE; exact dollar/contract scaling unverified,QuantData
2026-08-21T12:47:00-04:00,2026-10-02,150.0,call,0.0,0.0,,0.0,,,,,73124555.0,113908224.0,-40783669.0,11496705.0,,4621868622.0,,,107.96,100.0,unknown,PER_ONE_DOLLAR_MOVE; exact dollar/contract scaling unverified,QuantData
2026-08-21T12:47:00-04:00,2026-10-02,150.0,put,0.0,0.0,,0.0,,,,,73124555.0,113908224.0,-40783669.0,11496705.0,,4621868622.0,,,107.96,100.0,unknown,PER_ONE_DOLLAR_MOVE; exact dollar/contract scaling unverified,QuantData
2026-08-21T12:47:00-04:00,2026-10-02,155.0,call,0.0,0.0,,0.0,,,,,73124555.0,113908224.0,-40783669.0,11496705.0,,4621868622.0,,,107.96,100.0,unknown,PER_ONE_DOLLAR_MOVE; exact dollar/contract scaling unverified,QuantData
2026-08-21T12:47:00-04:00,2026-10-02,155.0,put,0.0,0.0,,0.0,,,,,73124555.0,113908224.0,-40783669.0,11496705.0,,4621868622.0,,,107.96,100.0,unknown,PER_ONE_DOLLAR_MOVE; exact dollar/contract scaling unverified,QuantData
2026-08-21T12:47:00-04:00,2026-10-02,160.0,call,1256.0,793.0,,17119.0,,,,,73124555.0,113908224.0,-40783669.0,11496705.0,,4621868622.0,,,107.96,100.0,unknown,PER_ONE_DOLLAR_MOVE; exact dollar/contract scaling unverified,QuantData
2026-08-21T12:47:00-04:00,2026-10-02,160.0,put,0.0,0.0,,0.0,,,,,73124555.0,113908224.0,-40783669.0,11496705.0,,4621868622.0,,,107.96,100.0,unknown,PER_ONE_DOLLAR_MOVE; exact dollar/contract scaling unverified,QuantData
2026-08-21T12:47:00-04:00,2026-10-16,35.0,call,0.0,0.0,,0.0,,,,,73124555.0,113908224.0,-40783669.0,11496705.0,,4621868622.0,,,107.96,100.0,unknown,PER_ONE_DOLLAR_MOVE; exact dollar/contract scaling unverified,QuantData
2026-08-21T12:47:00-04:00,2026-10-16,35.0,put,-246.0,-228.0,,-3920.0,,,,,73124555.0,113908224.0,-40783669.0,11496705.0,,4621868622.0,,,107.96,100.0,unknown,PER_ONE_DOLLAR_MOVE; exact dollar/contract scaling unverified,QuantData
2026-08-21T12:47:00-04:00,2026-10-16,40.0,call,0.0,0.0,,0.0,,,,,73124555.0,113908224.0,-40783669.0,11496705.0,,4621868622.0,,,107.96,100.0,unknown,PER_ONE_DOLLAR_MOVE; exact dollar/contract scaling unverified,QuantData
2026-08-21T12:47:00-04:00,2026-10-16,40.0,put,-1180.0,-1134.0,,-16416.0,,,,,73124555.0,113908224.0,-40783669.0,11496705.0,,4621868622.0,,,107.96,100.0,unknown,PER_ONE_DOLLAR_MOVE; exact dollar/contract scaling unverified,QuantData
2026-08-21T12:47:00-04:00,2026-10-16,50.0,call,0.0,0.0,,0.0,,,,,73124555.0,113908224.0,-40783669.0,11496705.0,,4621868622.0,,,107.96,100.0,unknown,PER_ONE_DOLLAR_MOVE; exact dollar/contract scaling unverified,QuantData
2026-08-21T12:47:00-04:00,2026-10-16,50.0,put,-3510.0,-3023.0,,-48772.0,,,,,73124555.0,113908224.0,-40783669.0,11496705.0,,4621868622.0,,,107.96,100.0,unknown,PER_ONE_DOLLAR_MOVE; exact dollar/contract scaling unverified,QuantData
2026-08-21T12:47:00-04:00,2026-10-16,55.0,call,0.0,0.0,,0.0,,,,,73124555.0,113908224.0,-40783669.0,11496705.0,,4621868622.0,,,107.96,100.0,unknown,PER_ONE_DOLLAR_MOVE; exact dollar/contract scaling unverified,QuantData
2026-08-21T12:47:00-04:00,2026-10-16,55.0,put,-12777.0,-10287.0,,-167071.0,,,,,73124555.0,113908224.0,-40783669.0,11496705.0,,4621868622.0,,,107.96,100.0,unknown,PER_ONE_DOLLAR_MOVE; exact dollar/contract scaling unverified,QuantData
2026-08-21T12:47:00-04:00,2026-10-16,60.0,call,0.0,0.0,,0.0,,,,,73124555.0,113908224.0,-40783669.0,11496705.0,,4621868622.0,,,107.96,100.0,unknown,PER_ONE_DOLLAR_MOVE; exact dollar/contract scaling unverified,QuantData
2026-08-21T12:47:00-04:00,2026-10-16,60.0,put,-53155.0,-40093.0,,-709787.0,,,,,73124555.0,113908224.0,-40783669.0,11496705.0,,4621868622.0,,,107.96,100.0,unknown,PER_ONE_DOLLAR_MOVE; exact dollar/contract scaling unverified,QuantData
2026-08-21T12:47:00-04:00,2026-10-16,65.0,call,0.0,0.0,,0.0,,,,,73124555.0,113908224.0,-40783669.0,11496705.0,,4621868622.0,,,107.96,100.0,unknown,PER_ONE_DOLLAR_MOVE; exact dollar/contract scaling unverified,QuantData
2026-08-21T12:47:00-04:00,2026-10-16,65.0,put,-33468.0,-23251.0,,-446083.0,,,,,73124555.0,113908224.0,-40783669.0,11496705.0,,4621868622.0,,,107.96,100.0,unknown,PER_ONE_DOLLAR_MOVE; exact dollar/contract scaling unverified,QuantData
2026-08-21T12:47:00-04:00,2026-10-16,70.0,call,16001.0,-10341.0,,5478197.0,,,,,73124555.0,113908224.0,-40783669.0,11496705.0,,4621868622.0,,,107.96,100.0,unknown,PER_ONE_DOLLAR_MOVE; exact dollar/contract scaling unverified,QuantData
2026-08-21T12:47:00-04:00,2026-10-16,70.0,put,-297687.0,-184425.0,,-4122394.0,,,,,73124555.0,113908224.0,-40783669.0,11496705.0,,4621868622.0,,,107.96,100.0,unknown,PER_ONE_DOLLAR_MOVE; exact dollar/contract scaling unverified,QuantData
2026-08-21T12:47:00-04:00,2026-10-16,75.0,call,62423.0,-32226.0,,12850292.0,,,,,73124555.0,113908224.0,-40783669.0,11496705.0,,4621868622.0,,,107.96,100.0,unknown,PER_ONE_DOLLAR_MOVE; exact dollar/contract scaling unverified,QuantData
2026-08-21T12:47:00-04:00,2026-10-16,75.0,put,-217572.0,-113591.0,,-3226804.0,,,,,73124555.0,113908224.0,-40783669.0,11496705.0,,4621868622.0,,,107.96,100.0,unknown,PER_ONE_DOLLAR_MOVE; exact dollar/contract scaling unverified,QuantData
2026-08-21T12:47:00-04:00,2026-10-16,80.0,call,163765.0,-71197.0,,22782859.0,,,,,73124555.0,113908224.0,-40783669.0,11496705.0,,4621868622.0,,,107.96,100.0,unknown,PER_ONE_DOLLAR_MOVE; exact dollar/contract scaling unverified,QuantData
2026-08-21T12:47:00-04:00,2026-10-16,80.0,put,-346938.0,-154292.0,,-5475679.0,,,,,73124555.0,113908224.0,-40783669.0,11496705.0,,4621868622.0,,,107.96,100.0,unknown,PER_ONE_DOLLAR_MOVE; exact dollar/contract scaling unverified,QuantData
2026-08-21T12:47:00-04:00,2026-10-16,85.0,call,113201.0,-40154.0,,11337893.0,,,,,73124555.0,113908224.0,-40783669.0,11496705.0,,4621868622.0,,,107.96,100.0,unknown,PER_ONE_DOLLAR_MOVE; exact dollar/contract scaling unverified,QuantData
2026-08-21T12:47:00-04:00,2026-10-16,85.0,put,-303914.0,-108743.0,,-5216339.0,,,,,73124555.0,113908224.0,-40783669.0,11496705.0,,4621868622.0,,,107.96,100.0,unknown,PER_ONE_DOLLAR_MOVE; exact dollar/contract scaling unverified,QuantData
2026-08-21T12:47:00-04:00,2026-10-16,90.0,call,163809.0,-42339.0,,13069783.0,,,,,73124555.0,113908224.0,-40783669.0,11496705.0,,4621868622.0,,,107.96,100.0,unknown,PER_ONE_DOLLAR_MOVE; exact dollar/contract scaling unverified,QuantData
2026-08-21T12:47:00-04:00,2026-10-16,90.0,put,-916718.0,-241680.0,,-17619239.0,,,,,73124555.0,113908224.0,-40783669.0,11496705.0,,4621868622.0,,,107.96,100.0,unknown,PER_ONE_DOLLAR_MOVE; exact dollar/contract scaling unverified,QuantData
2026-08-21T12:47:00-04:00,2026-10-16,95.0,call,340837.0,-58418.0,,21263322.0,,,,,73124555.0,113908224.0,-40783669.0,11496705.0,,4621868622.0,,,107.96,100.0,unknown,PER_ONE_DOLLAR_MOVE; exact dollar/contract scaling unverified,QuantData
2026-08-21T12:47:00-04:00,2026-10-16,95.0,put,-527681.0,-92397.0,,-11393828.0,,,,,73124555.0,113908224.0,-40783669.0,11496705.0,,4621868622.0,,,107.96,100.0,unknown,PER_ONE_DOLLAR_MOVE; exact dollar/contract scaling unverified,QuantData
2026-08-21T12:47:00-04:00,2026-10-16,100.0,call,495073.0,-44456.0,,25084241.0,,,,,73124555.0,113908224.0,-40783669.0,11496705.0,,4621868622.0,,,107.96,100.0,unknown,PER_ONE_DOLLAR_MOVE; exact dollar/contract scaling unverified,QuantData
2026-08-21T12:47:00-04:00,2026-10-16,100.0,put,-156313.0,-14042.0,,-3828777.0,,,,,73124555.0,113908224.0,-40783669.0,11496705.0,,4621868622.0,,,107.96,100.0,unknown,PER_ONE_DOLLAR_MOVE; exact dollar/contract scaling unverified,QuantData
2026-08-21T12:47:00-04:00,2026-10-16,105.0,call,722695.0,-908.0,,29853149.0,,,,,73124555.0,113908224.0,-40783669.0,11496705.0,,4621868622.0,,,107.96,100.0,unknown,PER_ONE_DOLLAR_MOVE; exact dollar/contract scaling unverified,QuantData
2026-08-21T12:47:00-04:00,2026-10-16,105.0,put,-101652.0,-701.0,,-2864075.0,,,,,73124555.0,113908224.0,-40783669.0,11496705.0,,4621868622.0,,,107.96,100.0,unknown,PER_ONE_DOLLAR_MOVE; exact dollar/contract scaling unverified,QuantData
2026-08-21T12:47:00-04:00,2026-10-16,110.0,call,649062.0,50534.0,,22860374.0,,,,,73124555.0,113908224.0,-40783669.0,11496705.0,,4621868622.0,,,107.96,100.0,unknown,PER_ONE_DOLLAR_MOVE; exact dollar/contract scaling unverified,QuantData
2026-08-21T12:47:00-04:00,2026-10-16,110.0,put,-377458.0,35908.0,,-12694696.0,,,,,73124555.0,113908224.0,-40783669.0,11496705.0,,4621868622.0,,,107.96,100.0,unknown,PER_ONE_DOLLAR_MOVE; exact dollar/contract scaling unverified,QuantData
2026-08-21T12:47:00-04:00,2026-10-16,115.0,call,222658.0,33189.0,,6625325.0,,,,,73124555.0,113908224.0,-40783669.0,11496705.0,,4621868622.0,,,107.96,100.0,unknown,PER_ONE_DOLLAR_MOVE; exact dollar/contract scaling unverified,QuantData
2026-08-21T12:47:00-04:00,2026-10-16,115.0,put,-59448.0,9688.0,,-2290833.0,,,,,73124555.0,113908224.0,-40783669.0,11496705.0,,4621868622.0,,,107.96,100.0,unknown,PER_ONE_DOLLAR_MOVE; exact dollar/contract scaling unverified,QuantData
2026-08-21T12:47:00-04:00,2026-10-16,120.0,call,1096176.0,236959.0,,31114181.0,,,,,73124555.0,113908224.0,-40783669.0,11496705.0,,4621868622.0,,,107.96,100.0,unknown,PER_ONE_DOLLAR_MOVE; exact dollar/contract scaling unverified,QuantData
2026-08-21T12:47:00-04:00,2026-10-16,120.0,put,-108475.0,25811.0,,-5059190.0,,,,,73124555.0,113908224.0,-40783669.0,11496705.0,,4621868622.0,,,107.96,100.0,unknown,PER_ONE_DOLLAR_MOVE; exact dollar/contract scaling unverified,QuantData
2026-08-21T12:47:00-04:00,2026-10-16,125.0,call,223603.0,65144.0,,5555038.0,,,,,73124555.0,113908224.0,-40783669.0,11496705.0,,4621868622.0,,,107.96,100.0,unknown,PER_ONE_DOLLAR_MOVE; exact dollar/contract scaling unverified,QuantData
2026-08-21T12:47:00-04:00,2026-10-16,125.0,put,-13144.0,3820.0,,-692969.0,,,,,73124555.0,113908224.0,-40783669.0,11496705.0,,4621868622.0,,,107.96,100.0,unknown,PER_ONE_DOLLAR_MOVE; exact dollar/contract scaling unverified,QuantData
2026-08-21T12:47:00-04:00,2026-10-16,130.0,call,156846.0,54439.0,,3685965.0,,,,,73124555.0,113908224.0,-40783669.0,11496705.0,,4621868622.0,,,107.96,100.0,unknown,PER_ONE_DOLLAR_MOVE; exact dollar/contract scaling unverified,QuantData
2026-08-21T12:47:00-04:00,2026-10-16,130.0,put,-25971.0,9002.0,,-1575975.0,,,,,73124555.0,113908224.0,-40783669.0,11496705.0,,4621868622.0,,,107.96,100.0,unknown,PER_ONE_DOLLAR_MOVE; exact dollar/contract scaling unverified,QuantData
2026-08-21T12:47:00-04:00,2026-10-16,135.0,call,98109.0,39907.0,,2136485.0,,,,,73124555.0,113908224.0,-40783669.0,11496705.0,,4621868622.0,,,107.96,100.0,unknown,PER_ONE_DOLLAR_MOVE; exact dollar/contract scaling unverified,QuantData
2026-08-21T12:47:00-04:00,2026-10-16,135.0,put,0.0,0.0,,0.0,,,,,73124555.0,113908224.0,-40783669.0,11496705.0,,4621868622.0,,,107.96,100.0,unknown,PER_ONE_DOLLAR_MOVE; exact dollar/contract scaling unverified,QuantData
2026-08-21T12:47:00-04:00,2026-10-16,140.0,call,123790.0,57223.0,,2525164.0,,,,,73124555.0,113908224.0,-40783669.0,11496705.0,,4621868622.0,,,107.96,100.0,unknown,PER_ONE_DOLLAR_MOVE; exact dollar/contract scaling unverified,QuantData
2026-08-21T12:47:00-04:00,2026-10-16,140.0,put,0.0,0.0,,0.0,,,,,73124555.0,113908224.0,-40783669.0,11496705.0,,4621868622.0,,,107.96,100.0,unknown,PER_ONE_DOLLAR_MOVE; exact dollar/contract scaling unverified,QuantData
2026-08-21T12:47:00-04:00,2026-10-16,145.0,call,69658.0,36242.0,,1325496.0,,,,,73124555.0,113908224.0,-40783669.0,11496705.0,,4621868622.0,,,107.96,100.0,unknown,PER_ONE_DOLLAR_MOVE; exact dollar/contract scaling unverified,QuantData
2026-08-21T12:47:00-04:00,2026-10-16,145.0,put,0.0,0.0,,0.0,,,,,73124555.0,113908224.0,-40783669.0,11496705.0,,4621868622.0,,,107.96,100.0,unknown,PER_ONE_DOLLAR_MOVE; exact dollar/contract scaling unverified,QuantData
2026-08-21T12:47:00-04:00,2026-10-16,150.0,call,126121.0,70708.0,,2345641.0,,,,,73124555.0,113908224.0,-40783669.0,11496705.0,,4621868622.0,,,107.96,100.0,unknown,PER_ONE_DOLLAR_MOVE; exact dollar/contract scaling unverified,QuantData
2026-08-21T12:47:00-04:00,2026-10-16,150.0,put,0.0,0.0,,0.0,,,,,73124555.0,113908224.0,-40783669.0,11496705.0,,4621868622.0,,,107.96,100.0,unknown,PER_ONE_DOLLAR_MOVE; exact dollar/contract scaling unverified,QuantData
2026-08-21T12:47:00-04:00,2026-10-16,155.0,call,305425.0,189072.0,,5252844.0,,,,,73124555.0,113908224.0,-40783669.0,11496705.0,,4621868622.0,,,107.96,100.0,unknown,PER_ONE_DOLLAR_MOVE; exact dollar/contract scaling unverified,QuantData
2026-08-21T12:47:00-04:00,2026-10-16,155.0,put,0.0,0.0,,0.0,,,,,73124555.0,113908224.0,-40783669.0,11496705.0,,4621868622.0,,,107.96,100.0,unknown,PER_ONE_DOLLAR_MOVE; exact dollar/contract scaling unverified,QuantData
2026-08-21T12:47:00-04:00,2026-10-16,160.0,call,126110.0,82689.0,,2126821.0,,,,,73124555.0,113908224.0,-40783669.0,11496705.0,,4621868622.0,,,107.96,100.0,unknown,PER_ONE_DOLLAR_MOVE; exact dollar/contract scaling unverified,QuantData
2026-08-21T12:47:00-04:00,2026-10-16,160.0,put,0.0,0.0,,0.0,,,,,73124555.0,113908224.0,-40783669.0,11496705.0,,4621868622.0,,,107.96,100.0,unknown,PER_ONE_DOLLAR_MOVE; exact dollar/contract scaling unverified,QuantData
2026-08-21T12:47:00-04:00,2026-10-16,165.0,call,87032.0,60778.0,,1414863.0,,,,,73124555.0,113908224.0,-40783669.0,11496705.0,,4621868622.0,,,107.96,100.0,unknown,PER_ONE_DOLLAR_MOVE; exact dollar/contract scaling unverified,QuantData
2026-08-21T12:47:00-04:00,2026-10-16,165.0,put,0.0,0.0,,0.0,,,,,73124555.0,113908224.0,-40783669.0,11496705.0,,4621868622.0,,,107.96,100.0,unknown,PER_ONE_DOLLAR_MOVE; exact dollar/contract scaling unverified,QuantData
2026-08-21T12:47:00-04:00,2026-10-16,170.0,call,22244.0,16314.0,,353217.0,,,,,73124555.0,113908224.0,-40783669.0,11496705.0,,4621868622.0,,,107.96,100.0,unknown,PER_ONE_DOLLAR_MOVE; exact dollar/contract scaling unverified,QuantData
2026-08-21T12:47:00-04:00,2026-10-16,170.0,put,0.0,0.0,,0.0,,,,,73124555.0,113908224.0,-40783669.0,11496705.0,,4621868622.0,,,107.96,100.0,unknown,PER_ONE_DOLLAR_MOVE; exact dollar/contract scaling unverified,QuantData
2026-08-21T12:47:00-04:00,2026-10-16,175.0,call,9263.0,6751.0,,161111.0,,,,,73124555.0,113908224.0,-40783669.0,11496705.0,,4621868622.0,,,107.96,100.0,unknown,PER_ONE_DOLLAR_MOVE; exact dollar/contract scaling unverified,QuantData
2026-08-21T12:47:00-04:00,2026-10-16,175.0,put,0.0,0.0,,0.0,,,,,73124555.0,113908224.0,-40783669.0,11496705.0,,4621868622.0,,,107.96,100.0,unknown,PER_ONE_DOLLAR_MOVE; exact dollar/contract scaling unverified,QuantData
2026-08-21T12:47:00-04:00,2026-10-16,180.0,call,86860.0,68883.0,,1359432.0,,,,,73124555.0,113908224.0,-40783669.0,11496705.0,,4621868622.0,,,107.96,100.0,unknown,PER_ONE_DOLLAR_MOVE; exact dollar/contract scaling unverified,QuantData
2026-08-21T12:47:00-04:00,2026-10-16,180.0,put,0.0,0.0,,0.0,,,,,73124555.0,113908224.0,-40783669.0,11496705.0,,4621868622.0,,,107.96,100.0,unknown,PER_ONE_DOLLAR_MOVE; exact dollar/contract scaling unverified,QuantData
2026-08-21T12:47:00-04:00,2026-10-16,185.0,call,4426.0,3540.0,,72925.0,,,,,73124555.0,113908224.0,-40783669.0,11496705.0,,4621868622.0,,,107.96,100.0,unknown,PER_ONE_DOLLAR_MOVE; exact dollar/contract scaling unverified,QuantData
2026-08-21T12:47:00-04:00,2026-10-16,185.0,put,0.0,0.0,,0.0,,,,,73124555.0,113908224.0,-40783669.0,11496705.0,,4621868622.0,,,107.96,100.0,unknown,PER_ONE_DOLLAR_MOVE; exact dollar/contract scaling unverified,QuantData
2026-08-21T12:47:00-04:00,2026-10-16,195.0,call,3647.0,3234.0,,53315.0,,,,,73124555.0,113908224.0,-40783669.0,11496705.0,,4621868622.0,,,107.96,100.0,unknown,PER_ONE_DOLLAR_MOVE; exact dollar/contract scaling unverified,QuantData
2026-08-21T12:47:00-04:00,2026-10-16,195.0,put,0.0,0.0,,0.0,,,,,73124555.0,113908224.0,-40783669.0,11496705.0,,4621868622.0,,,107.96,100.0,unknown,PER_ONE_DOLLAR_MOVE; exact dollar/contract scaling unverified,QuantData
2026-08-21T12:47:00-04:00,2026-10-16,200.0,call,14955.0,13375.0,,225182.0,,,,,73124555.0,113908224.0,-40783669.0,11496705.0,,4621868622.0,,,107.96,100.0,unknown,PER_ONE_DOLLAR_MOVE; exact dollar/contract scaling unverified,QuantData
2026-08-21T12:47:00-04:00,2026-10-16,200.0,put,0.0,0.0,,0.0,,,,,73124555.0,113908224.0,-40783669.0,11496705.0,,4621868622.0,,,107.96,100.0,unknown,PER_ONE_DOLLAR_MOVE; exact dollar/contract scaling unverified,QuantData
2026-08-21T12:47:00-04:00,2026-10-16,210.0,call,1560.0,1505.0,,21930.0,,,,,73124555.0,113908224.0,-40783669.0,11496705.0,,4621868622.0,,,107.96,100.0,unknown,PER_ONE_DOLLAR_MOVE; exact dollar/contract scaling unverified,QuantData
2026-08-21T12:47:00-04:00,2026-10-16,210.0,put,0.0,0.0,,0.0,,,,,73124555.0,113908224.0,-40783669.0,11496705.0,,4621868622.0,,,107.96,100.0,unknown,PER_ONE_DOLLAR_MOVE; exact dollar/contract scaling unverified,QuantData
2026-08-21T12:47:00-04:00,2026-10-16,220.0,call,831.0,838.0,,11566.0,,,,,73124555.0,113908224.0,-40783669.0,11496705.0,,4621868622.0,,,107.96,100.0,unknown,PER_ONE_DOLLAR_MOVE; exact dollar/contract scaling unverified,QuantData
2026-08-21T12:47:00-04:00,2026-10-16,220.0,put,0.0,0.0,,0.0,,,,,73124555.0,113908224.0,-40783669.0,11496705.0,,4621868622.0,,,107.96,100.0,unknown,PER_ONE_DOLLAR_MOVE; exact dollar/contract scaling unverified,QuantData
2026-08-21T12:47:00-04:00,2026-10-16,230.0,call,31277.0,32975.0,,408169.0,,,,,73124555.0,113908224.0,-40783669.0,11496705.0,,4621868622.0,,,107.96,100.0,unknown,PER_ONE_DOLLAR_MOVE; exact dollar/contract scaling unverified,QuantData
2026-08-21T12:47:00-04:00,2026-10-16,230.0,put,0.0,0.0,,0.0,,,,,73124555.0,113908224.0,-40783669.0,11496705.0,,4621868622.0,,,107.96,100.0,unknown,PER_ONE_DOLLAR_MOVE; exact dollar/contract scaling unverified,QuantData
2026-08-21T12:47:00-04:00,2026-11-20,30.0,call,0.0,0.0,,1015265.0,,,,,73124555.0,113908224.0,-40783669.0,11496705.0,,4621868622.0,,,107.96,100.0,unknown,PER_ONE_DOLLAR_MOVE; exact dollar/contract scaling unverified,QuantData
2026-08-21T12:47:00-04:00,2026-11-20,30.0,put,-376.0,-417.0,,-7998.0,,,,,73124555.0,113908224.0,-40783669.0,11496705.0,,4621868622.0,,,107.96,100.0,unknown,PER_ONE_DOLLAR_MOVE; exact dollar/contract scaling unverified,QuantData
2026-08-21T12:47:00-04:00,2026-11-20,35.0,call,0.0,0.0,,0.0,,,,,73124555.0,113908224.0,-40783669.0,11496705.0,,4621868622.0,,,107.96,100.0,unknown,PER_ONE_DOLLAR_MOVE; exact dollar/contract scaling unverified,QuantData
2026-08-21T12:47:00-04:00,2026-11-20,35.0,put,-271.0,-314.0,,-4723.0,,,,,73124555.0,113908224.0,-40783669.0,11496705.0,,4621868622.0,,,107.96,100.0,unknown,PER_ONE_DOLLAR_MOVE; exact dollar/contract scaling unverified,QuantData
2026-08-21T12:47:00-04:00,2026-11-20,40.0,call,0.0,0.0,,0.0,,,,,73124555.0,113908224.0,-40783669.0,11496705.0,,4621868622.0,,,107.96,100.0,unknown,PER_ONE_DOLLAR_MOVE; exact dollar/contract scaling unverified,QuantData
2026-08-21T12:47:00-04:00,2026-11-20,40.0,put,-2182.0,-2351.0,,-37984.0,,,,,73124555.0,113908224.0,-40783669.0,11496705.0,,4621868622.0,,,107.96,100.0,unknown,PER_ONE_DOLLAR_MOVE; exact dollar/contract scaling unverified,QuantData
2026-08-21T12:47:00-04:00,2026-11-20,50.0,call,1163.0,-1131.0,,1330422.0,,,,,73124555.0,113908224.0,-40783669.0,11496705.0,,4621868622.0,,,107.96,100.0,unknown,PER_ONE_DOLLAR_MOVE; exact dollar/contract scaling unverified,QuantData
2026-08-21T12:47:00-04:00,2026-11-20,50.0,put,0.0,0.0,,0.0,,,,,73124555.0,113908224.0,-40783669.0,11496705.0,,4621868622.0,,,107.96,100.0,unknown,PER_ONE_DOLLAR_MOVE; exact dollar/contract scaling unverified,QuantData
2026-08-21T12:47:00-04:00,2026-11-20,55.0,call,0.0,0.0,,0.0,,,,,73124555.0,113908224.0,-40783669.0,11496705.0,,4621868622.0,,,107.96,100.0,unknown,PER_ONE_DOLLAR_MOVE; exact dollar/contract scaling unverified,QuantData
2026-08-21T12:47:00-04:00,2026-11-20,55.0,put,-13915.0,-11677.0,,-244432.0,,,,,73124555.0,113908224.0,-40783669.0,11496705.0,,4621868622.0,,,107.96,100.0,unknown,PER_ONE_DOLLAR_MOVE; exact dollar/contract scaling unverified,QuantData
2026-08-21T12:47:00-04:00,2026-11-20,60.0,call,0.0,0.0,,0.0,,,,,73124555.0,113908224.0,-40783669.0,11496705.0,,4621868622.0,,,107.96,100.0,unknown,PER_ONE_DOLLAR_MOVE; exact dollar/contract scaling unverified,QuantData
2026-08-21T12:47:00-04:00,2026-11-20,60.0,put,-33992.0,-25389.0,,-638099.0,,,,,73124555.0,113908224.0,-40783669.0,11496705.0,,4621868622.0,,,107.96,100.0,unknown,PER_ONE_DOLLAR_MOVE; exact dollar/contract scaling unverified,QuantData
2026-08-21T12:47:00-04:00,2026-11-20,65.0,call,3417.0,-2295.0,,1150135.0,,,,,73124555.0,113908224.0,-40783669.0,11496705.0,,4621868622.0,,,107.96,100.0,unknown,PER_ONE_DOLLAR_MOVE; exact dollar/contract scaling unverified,QuantData
2026-08-21T12:47:00-04:00,2026-11-20,65.0,put,-148380.0,-93550.0,,-2896336.0,,,,,73124555.0,113908224.0,-40783669.0,11496705.0,,4621868622.0,,,107.96,100.0,unknown,PER_ONE_DOLLAR_MOVE; exact dollar/contract scaling unverified,QuantData
2026-08-21T12:47:00-04:00,2026-11-20,70.0,call,15239.0,-9123.0,,3614063.0,,,,,73124555.0,113908224.0,-40783669.0,11496705.0,,4621868622.0,,,107.96,100.0,unknown,PER_ONE_DOLLAR_MOVE; exact dollar/contract scaling unverified,QuantData
2026-08-21T12:47:00-04:00,2026-11-20,70.0,put,-326876.0,-185861.0,,-6700541.0,,,,,73124555.0,113908224.0,-40783669.0,11496705.0,,4621868622.0,,,107.96,100.0,unknown,PER_ONE_DOLLAR_MOVE; exact dollar/contract scaling unverified,QuantData
2026-08-21T12:47:00-04:00,2026-11-20,75.0,call,60431.0,-32026.0,,11040494.0,,,,,73124555.0,113908224.0,-40783669.0,11496705.0,,4621868622.0,,,107.96,100.0,unknown,PER_ONE_DOLLAR_MOVE; exact dollar/contract scaling unverified,QuantData
2026-08-21T12:47:00-04:00,2026-11-20,75.0,put,-195883.0,-94730.0,,-4319301.0,,,,,73124555.0,113908224.0,-40783669.0,11496705.0,,4621868622.0,,,107.96,100.0,unknown,PER_ONE_DOLLAR_MOVE; exact dollar/contract scaling unverified,QuantData
2026-08-21T12:47:00-04:00,2026-11-20,80.0,call,93254.0,-37135.0,,13347545.0,,,,,73124555.0,113908224.0,-40783669.0,11496705.0,,4621868622.0,,,107.96,100.0,unknown,PER_ONE_DOLLAR_MOVE; exact dollar/contract scaling unverified,QuantData
2026-08-21T12:47:00-04:00,2026-11-20,80.0,put,-125629.0,-48112.0,,-3014783.0,,,,,73124555.0,113908224.0,-40783669.0,11496705.0,,4621868622.0,,,107.96,100.0,unknown,PER_ONE_DOLLAR_MOVE; exact dollar/contract scaling unverified,QuantData
2026-08-21T12:47:00-04:00,2026-11-20,85.0,call,92028.0,-26761.0,,10407178.0,,,,,73124555.0,113908224.0,-40783669.0,11496705.0,,4621868622.0,,,107.96,100.0,unknown,PER_ONE_DOLLAR_MOVE; exact dollar/contract scaling unverified,QuantData
2026-08-21T12:47:00-04:00,2026-11-20,85.0,put,-207493.0,-59491.0,,-5463018.0,,,,,73124555.0,113908224.0,-40783669.0,11496705.0,,4621868622.0,,,107.96,100.0,unknown,PER_ONE_DOLLAR_MOVE; exact dollar/contract scaling unverified,QuantData
2026-08-21T12:47:00-04:00,2026-11-20,90.0,call,118357.0,-25456.0,,10900282.0,,,,,73124555.0,113908224.0,-40783669.0,11496705.0,,4621868622.0,,,107.96,100.0,unknown,PER_ONE_DOLLAR_MOVE; exact dollar/contract scaling unverified,QuantData
2026-08-21T12:47:00-04:00,2026-11-20,90.0,put,-425642.0,-89661.0,,-12023205.0,,,,,73124555.0,113908224.0,-40783669.0,11496705.0,,4621868622.0,,,107.96,100.0,unknown,PER_ONE_DOLLAR_MOVE; exact dollar/contract scaling unverified,QuantData
2026-08-21T12:47:00-04:00,2026-11-20,95.0,call,140398.0,-18430.0,,10983276.0,,,,,73124555.0,113908224.0,-40783669.0,11496705.0,,4621868622.0,,,107.96,100.0,unknown,PER_ONE_DOLLAR_MOVE; exact dollar/contract scaling unverified,QuantData
2026-08-21T12:47:00-04:00,2026-11-20,95.0,put,-51346.0,-6138.0,,-1603220.0,,,,,73124555.0,113908224.0,-40783669.0,11496705.0,,4621868622.0,,,107.96,100.0,unknown,PER_ONE_DOLLAR_MOVE; exact dollar/contract scaling unverified,QuantData
2026-08-21T12:47:00-04:00,2026-11-20,100.0,call,334715.0,-19665.0,,21560480.0,,,,,73124555.0,113908224.0,-40783669.0,11496705.0,,4621868622.0,,,107.96,100.0,unknown,PER_ONE_DOLLAR_MOVE; exact dollar/contract scaling unverified,QuantData
2026-08-21T12:47:00-04:00,2026-11-20,100.0,put,-102664.0,-4136.0,,-3538506.0,,,,,73124555.0,113908224.0,-40783669.0,11496705.0,,4621868622.0,,,107.96,100.0,unknown,PER_ONE_DOLLAR_MOVE; exact dollar/contract scaling unverified,QuantData
2026-08-21T12:47:00-04:00,2026-11-20,105.0,call,344259.0,11480.0,,19968468.0,,,,,73124555.0,113908224.0,-40783669.0,11496705.0,,4621868622.0,,,107.96,100.0,unknown,PER_ONE_DOLLAR_MOVE; exact dollar/contract scaling unverified,QuantData
2026-08-21T12:47:00-04:00,2026-11-20,105.0,put,-149890.0,6168.0,,-5650614.0,,,,,73124555.0,113908224.0,-40783669.0,11496705.0,,4621868622.0,,,107.96,100.0,unknown,PER_ONE_DOLLAR_MOVE; exact dollar/contract scaling unverified,QuantData
2026-08-21T12:47:00-04:00,2026-11-20,110.0,call,478471.0,49458.0,,24815292.0,,,,,73124555.0,113908224.0,-40783669.0,11496705.0,,4621868622.0,,,107.96,100.0,unknown,PER_ONE_DOLLAR_MOVE; exact dollar/contract scaling unverified,QuantData
2026-08-21T12:47:00-04:00,2026-11-20,110.0,put,-24493.0,2657.0,,-1015925.0,,,,,73124555.0,113908224.0,-40783669.0,11496705.0,,4621868622.0,,,107.96,100.0,unknown,PER_ONE_DOLLAR_MOVE; exact dollar/contract scaling unverified,QuantData
2026-08-21T12:47:00-04:00,2026-11-20,115.0,call,128639.0,22253.0,,5934029.0,,,,,73124555.0,113908224.0,-40783669.0,11496705.0,,4621868622.0,,,107.96,100.0,unknown,PER_ONE_DOLLAR_MOVE; exact dollar/contract scaling unverified,QuantData
2026-08-21T12:47:00-04:00,2026-11-20,115.0,put,-15335.0,2953.0,,-724138.0,,,,,73124555.0,113908224.0,-40783669.0,11496705.0,,4621868622.0,,,107.96,100.0,unknown,PER_ONE_DOLLAR_MOVE; exact dollar/contract scaling unverified,QuantData
2026-08-21T12:47:00-04:00,2026-11-20,120.0,call,426854.0,102527.0,,18147675.0,,,,,73124555.0,113908224.0,-40783669.0,11496705.0,,4621868622.0,,,107.96,100.0,unknown,PER_ONE_DOLLAR_MOVE; exact dollar/contract scaling unverified,QuantData
2026-08-21T12:47:00-04:00,2026-11-20,120.0,put,-13784.0,3321.0,,-711564.0,,,,,73124555.0,113908224.0,-40783669.0,11496705.0,,4621868622.0,,,107.96,100.0,unknown,PER_ONE_DOLLAR_MOVE; exact dollar/contract scaling unverified,QuantData
2026-08-21T12:47:00-04:00,2026-11-20,125.0,call,108569.0,33346.0,,4147929.0,,,,,73124555.0,113908224.0,-40783669.0,11496705.0,,4621868622.0,,,107.96,100.0,unknown,PER_ONE_DOLLAR_MOVE; exact dollar/contract scaling unverified,QuantData
2026-08-21T12:47:00-04:00,2026-11-20,125.0,put,0.0,0.0,,0.0,,,,,73124555.0,113908224.0,-40783669.0,11496705.0,,4621868622.0,,,107.96,100.0,unknown,PER_ONE_DOLLAR_MOVE; exact dollar/contract scaling unverified,QuantData
2026-08-21T12:47:00-04:00,2026-11-20,130.0,call,354235.0,131245.0,,12523977.0,,,,,73124555.0,113908224.0,-40783669.0,11496705.0,,4621868622.0,,,107.96,100.0,unknown,PER_ONE_DOLLAR_MOVE; exact dollar/contract scaling unverified,QuantData
2026-08-21T12:47:00-04:00,2026-11-20,130.0,put,0.0,0.0,,0.0,,,,,73124555.0,113908224.0,-40783669.0,11496705.0,,4621868622.0,,,107.96,100.0,unknown,PER_ONE_DOLLAR_MOVE; exact dollar/contract scaling unverified,QuantData
2026-08-21T12:47:00-04:00,2026-11-20,135.0,call,83368.0,35513.0,,2770332.0,,,,,73124555.0,113908224.0,-40783669.0,11496705.0,,4621868622.0,,,107.96,100.0,unknown,PER_ONE_DOLLAR_MOVE; exact dollar/contract scaling unverified,QuantData
2026-08-21T12:47:00-04:00,2026-11-20,135.0,put,0.0,0.0,,0.0,,,,,73124555.0,113908224.0,-40783669.0,11496705.0,,4621868622.0,,,107.96,100.0,unknown,PER_ONE_DOLLAR_MOVE; exact dollar/contract scaling unverified,QuantData
2026-08-21T12:47:00-04:00,2026-11-20,140.0,call,104290.0,50185.0,,3312725.0,,,,,73124555.0,113908224.0,-40783669.0,11496705.0,,4621868622.0,,,107.96,100.0,unknown,PER_ONE_DOLLAR_MOVE; exact dollar/contract scaling unverified,QuantData
2026-08-21T12:47:00-04:00,2026-11-20,140.0,put,0.0,0.0,,0.0,,,,,73124555.0,113908224.0,-40783669.0,11496705.0,,4621868622.0,,,107.96,100.0,unknown,PER_ONE_DOLLAR_MOVE; exact dollar/contract scaling unverified,QuantData
2026-08-21T12:47:00-04:00,2026-11-20,145.0,call,55862.0,29868.0,,1681520.0,,,,,73124555.0,113908224.0,-40783669.0,11496705.0,,4621868622.0,,,107.96,100.0,unknown,PER_ONE_DOLLAR_MOVE; exact dollar/contract scaling unverified,QuantData
2026-08-21T12:47:00-04:00,2026-11-20,145.0,put,0.0,0.0,,0.0,,,,,73124555.0,113908224.0,-40783669.0,11496705.0,,4621868622.0,,,107.96,100.0,unknown,PER_ONE_DOLLAR_MOVE; exact dollar/contract scaling unverified,QuantData
2026-08-21T12:47:00-04:00,2026-11-20,150.0,call,179023.0,105429.0,,5049603.0,,,,,73124555.0,113908224.0,-40783669.0,11496705.0,,4621868622.0,,,107.96,100.0,unknown,PER_ONE_DOLLAR_MOVE; exact dollar/contract scaling unverified,QuantData
2026-08-21T12:47:00-04:00,2026-11-20,150.0,put,0.0,0.0,,0.0,,,,,73124555.0,113908224.0,-40783669.0,11496705.0,,4621868622.0,,,107.96,100.0,unknown,PER_ONE_DOLLAR_MOVE; exact dollar/contract scaling unverified,QuantData
2026-08-21T12:47:00-04:00,2026-11-20,155.0,call,127318.0,80413.0,,3496192.0,,,,,73124555.0,113908224.0,-40783669.0,11496705.0,,4621868622.0,,,107.96,100.0,unknown,PER_ONE_DOLLAR_MOVE; exact dollar/contract scaling unverified,QuantData
2026-08-21T12:47:00-04:00,2026-11-20,155.0,put,0.0,0.0,,0.0,,,,,73124555.0,113908224.0,-40783669.0,11496705.0,,4621868622.0,,,107.96,100.0,unknown,PER_ONE_DOLLAR_MOVE; exact dollar/contract scaling unverified,QuantData
2026-08-21T12:47:00-04:00,2026-11-20,160.0,call,164362.0,113233.0,,4174244.0,,,,,73124555.0,113908224.0,-40783669.0,11496705.0,,4621868622.0,,,107.96,100.0,unknown,PER_ONE_DOLLAR_MOVE; exact dollar/contract scaling unverified,QuantData
2026-08-21T12:47:00-04:00,2026-11-20,160.0,put,0.0,0.0,,0.0,,,,,73124555.0,113908224.0,-40783669.0,11496705.0,,4621868622.0,,,107.96,100.0,unknown,PER_ONE_DOLLAR_MOVE; exact dollar/contract scaling unverified,QuantData
2026-08-21T12:47:00-04:00,2026-11-20,165.0,call,23856.0,17215.0,,605207.0,,,,,73124555.0,113908224.0,-40783669.0,11496705.0,,4621868622.0,,,107.96,100.0,unknown,PER_ONE_DOLLAR_MOVE; exact dollar/contract scaling unverified,QuantData
2026-08-21T12:47:00-04:00,2026-11-20,165.0,put,0.0,0.0,,0.0,,,,,73124555.0,113908224.0,-40783669.0,11496705.0,,4621868622.0,,,107.96,100.0,unknown,PER_ONE_DOLLAR_MOVE; exact dollar/contract scaling unverified,QuantData
2026-08-21T12:47:00-04:00,2026-11-20,170.0,call,8303.0,6334.0,,204074.0,,,,,73124555.0,113908224.0,-40783669.0,11496705.0,,4621868622.0,,,107.96,100.0,unknown,PER_ONE_DOLLAR_MOVE; exact dollar/contract scaling unverified,QuantData
2026-08-21T12:47:00-04:00,2026-11-20,170.0,put,0.0,0.0,,0.0,,,,,73124555.0,113908224.0,-40783669.0,11496705.0,,4621868622.0,,,107.96,100.0,unknown,PER_ONE_DOLLAR_MOVE; exact dollar/contract scaling unverified,QuantData
2026-08-21T12:47:00-04:00,2026-11-20,175.0,call,76323.0,61802.0,,1778994.0,,,,,73124555.0,113908224.0,-40783669.0,11496705.0,,4621868622.0,,,107.96,100.0,unknown,PER_ONE_DOLLAR_MOVE; exact dollar/contract scaling unverified,QuantData
2026-08-21T12:47:00-04:00,2026-11-20,175.0,put,0.0,0.0,,0.0,,,,,73124555.0,113908224.0,-40783669.0,11496705.0,,4621868622.0,,,107.96,100.0,unknown,PER_ONE_DOLLAR_MOVE; exact dollar/contract scaling unverified,QuantData
2026-08-21T12:47:00-04:00,2026-11-20,180.0,call,24630.0,20662.0,,572233.0,,,,,73124555.0,113908224.0,-40783669.0,11496705.0,,4621868622.0,,,107.96,100.0,unknown,PER_ONE_DOLLAR_MOVE; exact dollar/contract scaling unverified,QuantData
2026-08-21T12:47:00-04:00,2026-11-20,180.0,put,0.0,0.0,,0.0,,,,,73124555.0,113908224.0,-40783669.0,11496705.0,,4621868622.0,,,107.96,100.0,unknown,PER_ONE_DOLLAR_MOVE; exact dollar/contract scaling unverified,QuantData
2026-08-21T12:47:00-04:00,2026-11-20,185.0,call,15317.0,13268.0,,353614.0,,,,,73124555.0,113908224.0,-40783669.0,11496705.0,,4621868622.0,,,107.96,100.0,unknown,PER_ONE_DOLLAR_MOVE; exact dollar/contract scaling unverified,QuantData
2026-08-21T12:47:00-04:00,2026-11-20,185.0,put,0.0,0.0,,0.0,,,,,73124555.0,113908224.0,-40783669.0,11496705.0,,4621868622.0,,,107.96,100.0,unknown,PER_ONE_DOLLAR_MOVE; exact dollar/contract scaling unverified,QuantData
2026-08-21T12:47:00-04:00,2026-11-20,190.0,call,2366.0,2082.0,,57202.0,,,,,73124555.0,113908224.0,-40783669.0,11496705.0,,4621868622.0,,,107.96,100.0,unknown,PER_ONE_DOLLAR_MOVE; exact dollar/contract scaling unverified,QuantData
2026-08-21T12:47:00-04:00,2026-11-20,190.0,put,0.0,0.0,,0.0,,,,,73124555.0,113908224.0,-40783669.0,11496705.0,,4621868622.0,,,107.96,100.0,unknown,PER_ONE_DOLLAR_MOVE; exact dollar/contract scaling unverified,QuantData
2026-08-21T12:47:00-04:00,2026-11-20,200.0,call,9973.0,9656.0,,214552.0,,,,,73124555.0,113908224.0,-40783669.0,11496705.0,,4621868622.0,,,107.96,100.0,unknown,PER_ONE_DOLLAR_MOVE; exact dollar/contract scaling unverified,QuantData
2026-08-21T12:47:00-04:00,2026-11-20,200.0,put,0.0,0.0,,0.0,,,,,73124555.0,113908224.0,-40783669.0,11496705.0,,4621868622.0,,,107.96,100.0,unknown,PER_ONE_DOLLAR_MOVE; exact dollar/contract scaling unverified,QuantData
2026-08-21T12:47:00-04:00,2026-11-20,210.0,call,10446.0,10658.0,,219781.0,,,,,73124555.0,113908224.0,-40783669.0,11496705.0,,4621868622.0,,,107.96,100.0,unknown,PER_ONE_DOLLAR_MOVE; exact dollar/contract scaling unverified,QuantData
2026-08-21T12:47:00-04:00,2026-11-20,210.0,put,0.0,0.0,,0.0,,,,,73124555.0,113908224.0,-40783669.0,11496705.0,,4621868622.0,,,107.96,100.0,unknown,PER_ONE_DOLLAR_MOVE; exact dollar/contract scaling unverified,QuantData
2026-08-21T12:47:00-04:00,2026-11-20,220.0,call,9374.0,10131.0,,189703.0,,,,,73124555.0,113908224.0,-40783669.0,11496705.0,,4621868622.0,,,107.96,100.0,unknown,PER_ONE_DOLLAR_MOVE; exact dollar/contract scaling unverified,QuantData
2026-08-21T12:47:00-04:00,2026-11-20,220.0,put,0.0,0.0,,0.0,,,,,73124555.0,113908224.0,-40783669.0,11496705.0,,4621868622.0,,,107.96,100.0,unknown,PER_ONE_DOLLAR_MOVE; exact dollar/contract scaling unverified,QuantData
2026-08-21T12:47:00-04:00,2026-11-20,230.0,call,54760.0,62011.0,,1114153.0,,,,,73124555.0,113908224.0,-40783669.0,11496705.0,,4621868622.0,,,107.96,100.0,unknown,PER_ONE_DOLLAR_MOVE; exact dollar/contract scaling unverified,QuantData
2026-08-21T12:47:00-04:00,2026-11-20,230.0,put,0.0,0.0,,0.0,,,,,73124555.0,113908224.0,-40783669.0,11496705.0,,4621868622.0,,,107.96,100.0,unknown,PER_ONE_DOLLAR_MOVE; exact dollar/contract scaling unverified,QuantData
2026-08-21T12:47:00-04:00,2026-12-18,35.0,call,0.0,0.0,,0.0,,,,,73124555.0,113908224.0,-40783669.0,11496705.0,,4621868622.0,,,107.96,100.0,unknown,PER_ONE_DOLLAR_MOVE; exact dollar/contract scaling unverified,QuantData
2026-08-21T12:47:00-04:00,2026-12-18,35.0,put,-9475.0,-11432.0,,-180570.0,,,,,73124555.0,113908224.0,-40783669.0,11496705.0,,4621868622.0,,,107.96,100.0,unknown,PER_ONE_DOLLAR_MOVE; exact dollar/contract scaling unverified,QuantData
2026-08-21T12:47:00-04:00,2026-12-18,40.0,call,1490.0,-949.0,,1267290.0,,,,,73124555.0,113908224.0,-40783669.0,11496705.0,,4621868622.0,,,107.96,100.0,unknown,PER_ONE_DOLLAR_MOVE; exact dollar/contract scaling unverified,QuantData
2026-08-21T12:47:00-04:00,2026-12-18,40.0,put,0.0,0.0,,0.0,,,,,73124555.0,113908224.0,-40783669.0,11496705.0,,4621868622.0,,,107.96,100.0,unknown,PER_ONE_DOLLAR_MOVE; exact dollar/contract scaling unverified,QuantData
2026-08-21T12:47:00-04:00,2026-12-18,45.0,call,0.0,0.0,,0.0,,,,,73124555.0,113908224.0,-40783669.0,11496705.0,,4621868622.0,,,107.96,100.0,unknown,PER_ONE_DOLLAR_MOVE; exact dollar/contract scaling unverified,QuantData
2026-08-21T12:47:00-04:00,2026-12-18,45.0,put,-24063.0,-25722.0,,-463892.0,,,,,73124555.0,113908224.0,-40783669.0,11496705.0,,4621868622.0,,,107.96,100.0,unknown,PER_ONE_DOLLAR_MOVE; exact dollar/contract scaling unverified,QuantData
2026-08-21T12:47:00-04:00,2026-12-18,50.0,call,3151.0,-3134.0,,2821360.0,,,,,73124555.0,113908224.0,-40783669.0,11496705.0,,4621868622.0,,,107.96,100.0,unknown,PER_ONE_DOLLAR_MOVE; exact dollar/contract scaling unverified,QuantData
2026-08-21T12:47:00-04:00,2026-12-18,50.0,put,-36241.0,-34255.0,,-727601.0,,,,,73124555.0,113908224.0,-40783669.0,11496705.0,,4621868622.0,,,107.96,100.0,unknown,PER_ONE_DOLLAR_MOVE; exact dollar/contract scaling unverified,QuantData
2026-08-21T12:47:00-04:00,2026-12-18,55.0,call,5512.0,-4498.0,,2967338.0,,,,,73124555.0,113908224.0,-40783669.0,11496705.0,,4621868622.0,,,107.96,100.0,unknown,PER_ONE_DOLLAR_MOVE; exact dollar/contract scaling unverified,QuantData
2026-08-21T12:47:00-04:00,2026-12-18,55.0,put,-47391.0,-41351.0,,-976534.0,,,,,73124555.0,113908224.0,-40783669.0,11496705.0,,4621868622.0,,,107.96,100.0,unknown,PER_ONE_DOLLAR_MOVE; exact dollar/contract scaling unverified,QuantData
2026-08-21T12:47:00-04:00,2026-12-18,60.0,call,8170.0,-5567.0,,3043330.0,,,,,73124555.0,113908224.0,-40783669.0,11496705.0,,4621868622.0,,,107.96,100.0,unknown,PER_ONE_DOLLAR_MOVE; exact dollar/contract scaling unverified,QuantData
2026-08-21T12:47:00-04:00,2026-12-18,60.0,put,-71770.0,-54707.0,,-1546976.0,,,,,73124555.0,113908224.0,-40783669.0,11496705.0,,4621868622.0,,,107.96,100.0,unknown,PER_ONE_DOLLAR_MOVE; exact dollar/contract scaling unverified,QuantData
2026-08-21T12:47:00-04:00,2026-12-18,65.0,call,9203.0,-6886.0,,3081056.0,,,,,73124555.0,113908224.0,-40783669.0,11496705.0,,4621868622.0,,,107.96,100.0,unknown,PER_ONE_DOLLAR_MOVE; exact dollar/contract scaling unverified,QuantData
2026-08-21T12:47:00-04:00,2026-12-18,65.0,put,-38169.0,-25090.0,,-872232.0,,,,,73124555.0,113908224.0,-40783669.0,11496705.0,,4621868622.0,,,107.96,100.0,unknown,PER_ONE_DOLLAR_MOVE; exact dollar/contract scaling unverified,QuantData
2026-08-21T12:47:00-04:00,2026-12-18,70.0,call,19493.0,-13703.0,,5054187.0,,,,,73124555.0,113908224.0,-40783669.0,11496705.0,,4621868622.0,,,107.96,100.0,unknown,PER_ONE_DOLLAR_MOVE; exact dollar/contract scaling unverified,QuantData
2026-08-21T12:47:00-04:00,2026-12-18,70.0,put,-67233.0,-37642.0,,-1633204.0,,,,,73124555.0,113908224.0,-40783669.0,11496705.0,,4621868622.0,,,107.96,100.0,unknown,PER_ONE_DOLLAR_MOVE; exact dollar/contract scaling unverified,QuantData
2026-08-21T12:47:00-04:00,2026-12-18,75.0,call,44133.0,-21662.0,,8171842.0,,,,,73124555.0,113908224.0,-40783669.0,11496705.0,,4621868622.0,,,107.96,100.0,unknown,PER_ONE_DOLLAR_MOVE; exact dollar/contract scaling unverified,QuantData
2026-08-21T12:47:00-04:00,2026-12-18,75.0,put,-439722.0,-202468.0,,-11419315.0,,,,,73124555.0,113908224.0,-40783669.0,11496705.0,,4621868622.0,,,107.96,100.0,unknown,PER_ONE_DOLLAR_MOVE; exact dollar/contract scaling unverified,QuantData
2026-08-21T12:47:00-04:00,2026-12-18,80.0,call,78822.0,-29362.0,,11566726.0,,,,,73124555.0,113908224.0,-40783669.0,11496705.0,,4621868622.0,,,107.96,100.0,unknown,PER_ONE_DOLLAR_MOVE; exact dollar/contract scaling unverified,QuantData
2026-08-21T12:47:00-04:00,2026-12-18,80.0,put,-174935.0,-64105.0,,-4906616.0,,,,,73124555.0,113908224.0,-40783669.0,11496705.0,,4621868622.0,,,107.96,100.0,unknown,PER_ONE_DOLLAR_MOVE; exact dollar/contract scaling unverified,QuantData
2026-08-21T12:47:00-04:00,2026-12-18,85.0,call,103658.0,-30073.0,,12186866.0,,,,,73124555.0,113908224.0,-40783669.0,11496705.0,,4621868622.0,,,107.96,100.0,unknown,PER_ONE_DOLLAR_MOVE; exact dollar/contract scaling unverified,QuantData
2026-08-21T12:47:00-04:00,2026-12-18,85.0,put,-131692.0,-36202.0,,-3981435.0,,,,,73124555.0,113908224.0,-40783669.0,11496705.0,,4621868622.0,,,107.96,100.0,unknown,PER_ONE_DOLLAR_MOVE; exact dollar/contract scaling unverified,QuantData
2026-08-21T12:47:00-04:00,2026-12-18,90.0,call,130673.0,-24479.0,,12970567.0,,,,,73124555.0,113908224.0,-40783669.0,11496705.0,,4621868622.0,,,107.96,100.0,unknown,PER_ONE_DOLLAR_MOVE; exact dollar/contract scaling unverified,QuantData
2026-08-21T12:47:00-04:00,2026-12-18,90.0,put,-219236.0,-41132.0,,-7169457.0,,,,,73124555.0,113908224.0,-40783669.0,11496705.0,,4621868622.0,,,107.96,100.0,unknown,PER_ONE_DOLLAR_MOVE; exact dollar/contract scaling unverified,QuantData
2026-08-21T12:47:00-04:00,2026-12-18,95.0,call,152921.0,-15226.0,,13089169.0,,,,,73124555.0,113908224.0,-40783669.0,11496705.0,,4621868622.0,,,107.96,100.0,unknown,PER_ONE_DOLLAR_MOVE; exact dollar/contract scaling unverified,QuantData
2026-08-21T12:47:00-04:00,2026-12-18,95.0,put,-125925.0,-12782.0,,-4499721.0,,,,,73124555.0,113908224.0,-40783669.0,11496705.0,,4621868622.0,,,107.96,100.0,unknown,PER_ONE_DOLLAR_MOVE; exact dollar/contract scaling unverified,QuantData
2026-08-21T12:47:00-04:00,2026-12-18,100.0,call,411629.0,-15296.0,,30860685.0,,,,,73124555.0,113908224.0,-40783669.0,11496705.0,,4621868622.0,,,107.96,100.0,unknown,PER_ONE_DOLLAR_MOVE; exact dollar/contract scaling unverified,QuantData
2026-08-21T12:47:00-04:00,2026-12-18,100.0,put,-1465016.0,-30112.0,,-56884191.0,,,,,73124555.0,113908224.0,-40783669.0,11496705.0,,4621868622.0,,,107.96,100.0,unknown,PER_ONE_DOLLAR_MOVE; exact dollar/contract scaling unverified,QuantData
2026-08-21T12:47:00-04:00,2026-12-18,105.0,call,169250.0,8733.0,,11309395.0,,,,,73124555.0,113908224.0,-40783669.0,11496705.0,,4621868622.0,,,107.96,100.0,unknown,PER_ONE_DOLLAR_MOVE; exact dollar/contract scaling unverified,QuantData
2026-08-21T12:47:00-04:00,2026-12-18,105.0,put,-127803.0,7274.0,,-5420954.0,,,,,73124555.0,113908224.0,-40783669.0,11496705.0,,4621868622.0,,,107.96,100.0,unknown,PER_ONE_DOLLAR_MOVE; exact dollar/contract scaling unverified,QuantData
2026-08-21T12:47:00-04:00,2026-12-18,110.0,call,190445.0,24037.0,,11329553.0,,,,,73124555.0,113908224.0,-40783669.0,11496705.0,,4621868622.0,,,107.96,100.0,unknown,PER_ONE_DOLLAR_MOVE; exact dollar/contract scaling unverified,QuantData
2026-08-21T12:47:00-04:00,2026-12-18,110.0,put,-85107.0,10635.0,,-3897506.0,,,,,73124555.0,113908224.0,-40783669.0,11496705.0,,4621868622.0,,,107.96,100.0,unknown,PER_ONE_DOLLAR_MOVE; exact dollar/contract scaling unverified,QuantData
2026-08-21T12:47:00-04:00,2026-12-18,115.0,call,197406.0,38942.0,,10727984.0,,,,,73124555.0,113908224.0,-40783669.0,11496705.0,,4621868622.0,,,107.96,100.0,unknown,PER_ONE_DOLLAR_MOVE; exact dollar/contract scaling unverified,QuantData
2026-08-21T12:47:00-04:00,2026-12-18,115.0,put,-46932.0,9390.0,,-2370031.0,,,,,73124555.0,113908224.0,-40783669.0,11496705.0,,4621868622.0,,,107.96,100.0,unknown,PER_ONE_DOLLAR_MOVE; exact dollar/contract scaling unverified,QuantData
2026-08-21T12:47:00-04:00,2026-12-18,120.0,call,783425.0,214319.0,,38309917.0,,,,,73124555.0,113908224.0,-40783669.0,11496705.0,,4621868622.0,,,107.96,100.0,unknown,PER_ONE_DOLLAR_MOVE; exact dollar/contract scaling unverified,QuantData
2026-08-21T12:47:00-04:00,2026-12-18,120.0,put,-25000.0,6670.0,,-1382243.0,,,,,73124555.0,113908224.0,-40783669.0,11496705.0,,4621868622.0,,,107.96,100.0,unknown,PER_ONE_DOLLAR_MOVE; exact dollar/contract scaling unverified,QuantData
2026-08-21T12:47:00-04:00,2026-12-18,125.0,call,249346.0,82571.0,,11511632.0,,,,,73124555.0,113908224.0,-40783669.0,11496705.0,,4621868622.0,,,107.96,100.0,unknown,PER_ONE_DOLLAR_MOVE; exact dollar/contract scaling unverified,QuantData
2026-08-21T12:47:00-04:00,2026-12-18,125.0,put,-30954.0,9936.0,,-1911136.0,,,,,73124555.0,113908224.0,-40783669.0,11496705.0,,4621868622.0,,,107.96,100.0,unknown,PER_ONE_DOLLAR_MOVE; exact dollar/contract scaling unverified,QuantData
2026-08-21T12:47:00-04:00,2026-12-18,130.0,call,523777.0,206176.0,,22523962.0,,,,,73124555.0,113908224.0,-40783669.0,11496705.0,,4621868622.0,,,107.96,100.0,unknown,PER_ONE_DOLLAR_MOVE; exact dollar/contract scaling unverified,QuantData
2026-08-21T12:47:00-04:00,2026-12-18,130.0,put,-10470.0,4034.0,,-685449.0,,,,,73124555.0,113908224.0,-40783669.0,11496705.0,,4621868622.0,,,107.96,100.0,unknown,PER_ONE_DOLLAR_MOVE; exact dollar/contract scaling unverified,QuantData
2026-08-21T12:47:00-04:00,2026-12-18,135.0,call,163707.0,73930.0,,6675858.0,,,,,73124555.0,113908224.0,-40783669.0,11496705.0,,4621868622.0,,,107.96,100.0,unknown,PER_ONE_DOLLAR_MOVE; exact dollar/contract scaling unverified,QuantData
2026-08-21T12:47:00-04:00,2026-12-18,135.0,put,-15348.0,6967.0,,-1121776.0,,,,,73124555.0,113908224.0,-40783669.0,11496705.0,,4621868622.0,,,107.96,100.0,unknown,PER_ONE_DOLLAR_MOVE; exact dollar/contract scaling unverified,QuantData
2026-08-21T12:47:00-04:00,2026-12-18,140.0,call,83037.0,42141.0,,3171731.0,,,,,73124555.0,113908224.0,-40783669.0,11496705.0,,4621868622.0,,,107.96,100.0,unknown,PER_ONE_DOLLAR_MOVE; exact dollar/contract scaling unverified,QuantData
2026-08-21T12:47:00-04:00,2026-12-18,140.0,put,0.0,0.0,,0.0,,,,,73124555.0,113908224.0,-40783669.0,11496705.0,,4621868622.0,,,107.96,100.0,unknown,PER_ONE_DOLLAR_MOVE; exact dollar/contract scaling unverified,QuantData
2026-08-21T12:47:00-04:00,2026-12-18,145.0,call,225640.0,127291.0,,8175006.0,,,,,73124555.0,113908224.0,-40783669.0,11496705.0,,4621868622.0,,,107.96,100.0,unknown,PER_ONE_DOLLAR_MOVE; exact dollar/contract scaling unverified,QuantData
2026-08-21T12:47:00-04:00,2026-12-18,145.0,put,0.0,0.0,,0.0,,,,,73124555.0,113908224.0,-40783669.0,11496705.0,,4621868622.0,,,107.96,100.0,unknown,PER_ONE_DOLLAR_MOVE; exact dollar/contract scaling unverified,QuantData
2026-08-21T12:47:00-04:00,2026-12-18,150.0,call,291307.0,178128.0,,10180853.0,,,,,73124555.0,113908224.0,-40783669.0,11496705.0,,4621868622.0,,,107.96,100.0,unknown,PER_ONE_DOLLAR_MOVE; exact dollar/contract scaling unverified,QuantData
2026-08-21T12:47:00-04:00,2026-12-18,150.0,put,-14849.0,8585.0,,-1351572.0,,,,,73124555.0,113908224.0,-40783669.0,11496705.0,,4621868622.0,,,107.96,100.0,unknown,PER_ONE_DOLLAR_MOVE; exact dollar/contract scaling unverified,QuantData
2026-08-21T12:47:00-04:00,2026-12-18,155.0,call,227582.0,151060.0,,7566340.0,,,,,73124555.0,113908224.0,-40783669.0,11496705.0,,4621868622.0,,,107.96,100.0,unknown,PER_ONE_DOLLAR_MOVE; exact dollar/contract scaling unverified,QuantData
2026-08-21T12:47:00-04:00,2026-12-18,155.0,put,0.0,0.0,,0.0,,,,,73124555.0,113908224.0,-40783669.0,11496705.0,,4621868622.0,,,107.96,100.0,unknown,PER_ONE_DOLLAR_MOVE; exact dollar/contract scaling unverified,QuantData
2026-08-21T12:47:00-04:00,2026-12-18,160.0,call,80972.0,57757.0,,2576723.0,,,,,73124555.0,113908224.0,-40783669.0,11496705.0,,4621868622.0,,,107.96,100.0,unknown,PER_ONE_DOLLAR_MOVE; exact dollar/contract scaling unverified,QuantData
2026-08-21T12:47:00-04:00,2026-12-18,160.0,put,0.0,0.0,,0.0,,,,,73124555.0,113908224.0,-40783669.0,11496705.0,,4621868622.0,,,107.96,100.0,unknown,PER_ONE_DOLLAR_MOVE; exact dollar/contract scaling unverified,QuantData
2026-08-21T12:47:00-04:00,2026-12-18,165.0,call,862577.0,650388.0,,26848702.0,,,,,73124555.0,113908224.0,-40783669.0,11496705.0,,4621868622.0,,,107.96,100.0,unknown,PER_ONE_DOLLAR_MOVE; exact dollar/contract scaling unverified,QuantData
2026-08-21T12:47:00-04:00,2026-12-18,165.0,put,0.0,0.0,,0.0,,,,,73124555.0,113908224.0,-40783669.0,11496705.0,,4621868622.0,,,107.96,100.0,unknown,PER_ONE_DOLLAR_MOVE; exact dollar/contract scaling unverified,QuantData
2026-08-21T12:47:00-04:00,2026-12-18,170.0,call,26483.0,21228.0,,786041.0,,,,,73124555.0,113908224.0,-40783669.0,11496705.0,,4621868622.0,,,107.96,100.0,unknown,PER_ONE_DOLLAR_MOVE; exact dollar/contract scaling unverified,QuantData
2026-08-21T12:47:00-04:00,2026-12-18,170.0,put,0.0,0.0,,0.0,,,,,73124555.0,113908224.0,-40783669.0,11496705.0,,4621868622.0,,,107.96,100.0,unknown,PER_ONE_DOLLAR_MOVE; exact dollar/contract scaling unverified,QuantData
2026-08-21T12:47:00-04:00,2026-12-18,175.0,call,28123.0,23683.0,,812264.0,,,,,73124555.0,113908224.0,-40783669.0,11496705.0,,4621868622.0,,,107.96,100.0,unknown,PER_ONE_DOLLAR_MOVE; exact dollar/contract scaling unverified,QuantData
2026-08-21T12:47:00-04:00,2026-12-18,175.0,put,0.0,0.0,,0.0,,,,,73124555.0,113908224.0,-40783669.0,11496705.0,,4621868622.0,,,107.96,100.0,unknown,PER_ONE_DOLLAR_MOVE; exact dollar/contract scaling unverified,QuantData
2026-08-21T12:47:00-04:00,2026-12-18,180.0,call,107462.0,94437.0,,3047368.0,,,,,73124555.0,113908224.0,-40783669.0,11496705.0,,4621868622.0,,,107.96,100.0,unknown,PER_ONE_DOLLAR_MOVE; exact dollar/contract scaling unverified,QuantData
2026-08-21T12:47:00-04:00,2026-12-18,180.0,put,0.0,0.0,,0.0,,,,,73124555.0,113908224.0,-40783669.0,11496705.0,,4621868622.0,,,107.96,100.0,unknown,PER_ONE_DOLLAR_MOVE; exact dollar/contract scaling unverified,QuantData
2026-08-21T12:47:00-04:00,2026-12-18,185.0,call,15545.0,14275.0,,423887.0,,,,,73124555.0,113908224.0,-40783669.0,11496705.0,,4621868622.0,,,107.96,100.0,unknown,PER_ONE_DOLLAR_MOVE; exact dollar/contract scaling unverified,QuantData
2026-08-21T12:47:00-04:00,2026-12-18,185.0,put,0.0,0.0,,0.0,,,,,73124555.0,113908224.0,-40783669.0,11496705.0,,4621868622.0,,,107.96,100.0,unknown,PER_ONE_DOLLAR_MOVE; exact dollar/contract scaling unverified,QuantData
2026-08-21T12:47:00-04:00,2026-12-18,190.0,call,19205.0,18309.0,,515429.0,,,,,73124555.0,113908224.0,-40783669.0,11496705.0,,4621868622.0,,,107.96,100.0,unknown,PER_ONE_DOLLAR_MOVE; exact dollar/contract scaling unverified,QuantData
2026-08-21T12:47:00-04:00,2026-12-18,190.0,put,0.0,0.0,,0.0,,,,,73124555.0,113908224.0,-40783669.0,11496705.0,,4621868622.0,,,107.96,100.0,unknown,PER_ONE_DOLLAR_MOVE; exact dollar/contract scaling unverified,QuantData
2026-08-21T12:47:00-04:00,2026-12-18,195.0,call,23305.0,23125.0,,612014.0,,,,,73124555.0,113908224.0,-40783669.0,11496705.0,,4621868622.0,,,107.96,100.0,unknown,PER_ONE_DOLLAR_MOVE; exact dollar/contract scaling unverified,QuantData
2026-08-21T12:47:00-04:00,2026-12-18,195.0,put,0.0,0.0,,0.0,,,,,73124555.0,113908224.0,-40783669.0,11496705.0,,4621868622.0,,,107.96,100.0,unknown,PER_ONE_DOLLAR_MOVE; exact dollar/contract scaling unverified,QuantData
2026-08-21T12:47:00-04:00,2026-12-18,200.0,call,60472.0,61648.0,,1575354.0,,,,,73124555.0,113908224.0,-40783669.0,11496705.0,,4621868622.0,,,107.96,100.0,unknown,PER_ONE_DOLLAR_MOVE; exact dollar/contract scaling unverified,QuantData
2026-08-21T12:47:00-04:00,2026-12-18,200.0,put,0.0,0.0,,0.0,,,,,73124555.0,113908224.0,-40783669.0,11496705.0,,4621868622.0,,,107.96,100.0,unknown,PER_ONE_DOLLAR_MOVE; exact dollar/contract scaling unverified,QuantData
2026-08-21T12:47:00-04:00,2026-12-18,210.0,call,21062.0,22928.0,,524400.0,,,,,73124555.0,113908224.0,-40783669.0,11496705.0,,4621868622.0,,,107.96,100.0,unknown,PER_ONE_DOLLAR_MOVE; exact dollar/contract scaling unverified,QuantData
2026-08-21T12:47:00-04:00,2026-12-18,210.0,put,0.0,0.0,,0.0,,,,,73124555.0,113908224.0,-40783669.0,11496705.0,,4621868622.0,,,107.96,100.0,unknown,PER_ONE_DOLLAR_MOVE; exact dollar/contract scaling unverified,QuantData
2026-08-21T12:47:00-04:00,2026-12-18,220.0,call,12885.0,14779.0,,310200.0,,,,,73124555.0,113908224.0,-40783669.0,11496705.0,,4621868622.0,,,107.96,100.0,unknown,PER_ONE_DOLLAR_MOVE; exact dollar/contract scaling unverified,QuantData
2026-08-21T12:47:00-04:00,2026-12-18,220.0,put,0.0,0.0,,0.0,,,,,73124555.0,113908224.0,-40783669.0,11496705.0,,4621868622.0,,,107.96,100.0,unknown,PER_ONE_DOLLAR_MOVE; exact dollar/contract scaling unverified,QuantData
2026-08-21T12:47:00-04:00,2026-12-18,230.0,call,4418.0,5279.0,,103455.0,,,,,73124555.0,113908224.0,-40783669.0,11496705.0,,4621868622.0,,,107.96,100.0,unknown,PER_ONE_DOLLAR_MOVE; exact dollar/contract scaling unverified,QuantData
2026-08-21T12:47:00-04:00,2026-12-18,230.0,put,0.0,0.0,,0.0,,,,,73124555.0,113908224.0,-40783669.0,11496705.0,,4621868622.0,,,107.96,100.0,unknown,PER_ONE_DOLLAR_MOVE; exact dollar/contract scaling unverified,QuantData
2026-08-21T12:47:00-04:00,2026-12-18,240.0,call,9153.0,11396.0,,209437.0,,,,,73124555.0,113908224.0,-40783669.0,11496705.0,,4621868622.0,,,107.96,100.0,unknown,PER_ONE_DOLLAR_MOVE; exact dollar/contract scaling unverified,QuantData
2026-08-21T12:47:00-04:00,2026-12-18,240.0,put,0.0,0.0,,0.0,,,,,73124555.0,113908224.0,-40783669.0,11496705.0,,4621868622.0,,,107.96,100.0,unknown,PER_ONE_DOLLAR_MOVE; exact dollar/contract scaling unverified,QuantData
2026-08-21T12:47:00-04:00,2026-12-18,250.0,call,16575.0,21368.0,,375251.0,,,,,73124555.0,113908224.0,-40783669.0,11496705.0,,4621868622.0,,,107.96,100.0,unknown,PER_ONE_DOLLAR_MOVE; exact dollar/contract scaling unverified,QuantData
2026-08-21T12:47:00-04:00,2026-12-18,250.0,put,0.0,0.0,,0.0,,,,,73124555.0,113908224.0,-40783669.0,11496705.0,,4621868622.0,,,107.96,100.0,unknown,PER_ONE_DOLLAR_MOVE; exact dollar/contract scaling unverified,QuantData
2026-08-21T12:47:00-04:00,2026-12-18,260.0,call,41263.0,55221.0,,907096.0,,,,,73124555.0,113908224.0,-40783669.0,11496705.0,,4621868622.0,,,107.96,100.0,unknown,PER_ONE_DOLLAR_MOVE; exact dollar/contract scaling unverified,QuantData
2026-08-21T12:47:00-04:00,2026-12-18,260.0,put,0.0,0.0,,0.0,,,,,73124555.0,113908224.0,-40783669.0,11496705.0,,4621868622.0,,,107.96,100.0,unknown,PER_ONE_DOLLAR_MOVE; exact dollar/contract scaling unverified,QuantData
2026-08-21T12:47:00-04:00,2026-12-18,270.0,call,5075.0,6973.0,,110930.0,,,,,73124555.0,113908224.0,-40783669.0,11496705.0,,4621868622.0,,,107.96,100.0,unknown,PER_ONE_DOLLAR_MOVE; exact dollar/contract scaling unverified,QuantData
2026-08-21T12:47:00-04:00,2026-12-18,270.0,put,0.0,0.0,,0.0,,,,,73124555.0,113908224.0,-40783669.0,11496705.0,,4621868622.0,,,107.96,100.0,unknown,PER_ONE_DOLLAR_MOVE; exact dollar/contract scaling unverified,QuantData
2026-08-21T12:47:00-04:00,2026-12-18,280.0,call,17850.0,25211.0,,384755.0,,,,,73124555.0,113908224.0,-40783669.0,11496705.0,,4621868622.0,,,107.96,100.0,unknown,PER_ONE_DOLLAR_MOVE; exact dollar/contract scaling unverified,QuantData
2026-08-21T12:47:00-04:00,2026-12-18,280.0,put,0.0,0.0,,0.0,,,,,73124555.0,113908224.0,-40783669.0,11496705.0,,4621868622.0,,,107.96,100.0,unknown,PER_ONE_DOLLAR_MOVE; exact dollar/contract scaling unverified,QuantData
2026-08-21T12:47:00-04:00,2026-12-18,290.0,call,174275.0,242459.0,,4129912.0,,,,,73124555.0,113908224.0,-40783669.0,11496705.0,,4621868622.0,,,107.96,100.0,unknown,PER_ONE_DOLLAR_MOVE; exact dollar/contract scaling unverified,QuantData
2026-08-21T12:47:00-04:00,2026-12-18,290.0,put,0.0,0.0,,0.0,,,,,73124555.0,113908224.0,-40783669.0,11496705.0,,4621868622.0,,,107.96,100.0,unknown,PER_ONE_DOLLAR_MOVE; exact dollar/contract scaling unverified,QuantData
2026-08-21T12:47:00-04:00,2027-01-15,5.0,call,0.0,0.0,,0.0,,,,,73124555.0,113908224.0,-40783669.0,11496705.0,,4621868622.0,,,107.96,100.0,unknown,PER_ONE_DOLLAR_MOVE; exact dollar/contract scaling unverified,QuantData
2026-08-21T12:47:00-04:00,2027-01-15,5.0,put,-631.0,-992.0,,-18102.0,,,,,73124555.0,113908224.0,-40783669.0,11496705.0,,4621868622.0,,,107.96,100.0,unknown,PER_ONE_DOLLAR_MOVE; exact dollar/contract scaling unverified,QuantData
2026-08-21T12:47:00-04:00,2027-01-15,13.0,call,0.0,0.0,,7500544.0,,,,,73124555.0,113908224.0,-40783669.0,11496705.0,,4621868622.0,,,107.96,100.0,unknown,PER_ONE_DOLLAR_MOVE; exact dollar/contract scaling unverified,QuantData
2026-08-21T12:47:00-04:00,2027-01-15,13.0,put,0.0,0.0,,0.0,,,,,73124555.0,113908224.0,-40783669.0,11496705.0,,4621868622.0,,,107.96,100.0,unknown,PER_ONE_DOLLAR_MOVE; exact dollar/contract scaling unverified,QuantData
2026-08-21T12:47:00-04:00,2027-01-15,30.0,call,2750.0,-4868.0,,33941397.0,,,,,73124555.0,113908224.0,-40783669.0,11496705.0,,4621868622.0,,,107.96,100.0,unknown,PER_ONE_DOLLAR_MOVE; exact dollar/contract scaling unverified,QuantData
2026-08-21T12:47:00-04:00,2027-01-15,30.0,put,0.0,0.0,,0.0,,,,,73124555.0,113908224.0,-40783669.0,11496705.0,,4621868622.0,,,107.96,100.0,unknown,PER_ONE_DOLLAR_MOVE; exact dollar/contract scaling unverified,QuantData
2026-08-21T12:47:00-04:00,2027-01-15,32.0,call,0.0,0.0,,0.0,,,,,73124555.0,113908224.0,-40783669.0,11496705.0,,4621868622.0,,,107.96,100.0,unknown,PER_ONE_DOLLAR_MOVE; exact dollar/contract scaling unverified,QuantData
2026-08-21T12:47:00-04:00,2027-01-15,32.0,put,-8430.0,-11006.0,,-183177.0,,,,,73124555.0,113908224.0,-40783669.0,11496705.0,,4621868622.0,,,107.96,100.0,unknown,PER_ONE_DOLLAR_MOVE; exact dollar/contract scaling unverified,QuantData
2026-08-21T12:47:00-04:00,2027-01-15,35.0,call,0.0,0.0,,0.0,,,,,73124555.0,113908224.0,-40783669.0,11496705.0,,4621868622.0,,,107.96,100.0,unknown,PER_ONE_DOLLAR_MOVE; exact dollar/contract scaling unverified,QuantData
2026-08-21T12:47:00-04:00,2027-01-15,35.0,put,-8415.0,-10661.0,,-173092.0,,,,,73124555.0,113908224.0,-40783669.0,11496705.0,,4621868622.0,,,107.96,100.0,unknown,PER_ONE_DOLLAR_MOVE; exact dollar/contract scaling unverified,QuantData
2026-08-21T12:47:00-04:00,2027-01-15,37.0,call,0.0,0.0,,0.0,,,,,73124555.0,113908224.0,-40783669.0,11496705.0,,4621868622.0,,,107.96,100.0,unknown,PER_ONE_DOLLAR_MOVE; exact dollar/contract scaling unverified,QuantData
2026-08-21T12:47:00-04:00,2027-01-15,37.0,put,-6355.0,-7089.0,,-149103.0,,,,,73124555.0,113908224.0,-40783669.0,11496705.0,,4621868622.0,,,107.96,100.0,unknown,PER_ONE_DOLLAR_MOVE; exact dollar/contract scaling unverified,QuantData
2026-08-21T12:47:00-04:00,2027-01-15,40.0,call,19087.0,-22534.0,,31694865.0,,,,,73124555.0,113908224.0,-40783669.0,11496705.0,,4621868622.0,,,107.96,100.0,unknown,PER_ONE_DOLLAR_MOVE; exact dollar/contract scaling unverified,QuantData
2026-08-21T12:47:00-04:00,2027-01-15,40.0,put,-27882.0,-32310.0,,-589905.0,,,,,73124555.0,113908224.0,-40783669.0,11496705.0,,4621868622.0,,,107.96,100.0,unknown,PER_ONE_DOLLAR_MOVE; exact dollar/contract scaling unverified,QuantData
2026-08-21T12:47:00-04:00,2027-01-15,42.0,call,0.0,0.0,,0.0,,,,,73124555.0,113908224.0,-40783669.0,11496705.0,,4621868622.0,,,107.96,100.0,unknown,PER_ONE_DOLLAR_MOVE; exact dollar/contract scaling unverified,QuantData
2026-08-21T12:47:00-04:00,2027-01-15,42.0,put,-2867.0,-3144.0,,-63513.0,,,,,73124555.0,113908224.0,-40783669.0,11496705.0,,4621868622.0,,,107.96,100.0,unknown,PER_ONE_DOLLAR_MOVE; exact dollar/contract scaling unverified,QuantData
2026-08-21T12:47:00-04:00,2027-01-15,45.0,call,0.0,0.0,,10955763.0,,,,,73124555.0,113908224.0,-40783669.0,11496705.0,,4621868622.0,,,107.96,100.0,unknown,PER_ONE_DOLLAR_MOVE; exact dollar/contract scaling unverified,QuantData
2026-08-21T12:47:00-04:00,2027-01-15,45.0,put,-23607.0,-25265.0,,-516306.0,,,,,73124555.0,113908224.0,-40783669.0,11496705.0,,4621868622.0,,,107.96,100.0,unknown,PER_ONE_DOLLAR_MOVE; exact dollar/contract scaling unverified,QuantData
2026-08-21T12:47:00-04:00,2027-01-15,47.0,call,0.0,0.0,,0.0,,,,,73124555.0,113908224.0,-40783669.0,11496705.0,,4621868622.0,,,107.96,100.0,unknown,PER_ONE_DOLLAR_MOVE; exact dollar/contract scaling unverified,QuantData
2026-08-21T12:47:00-04:00,2027-01-15,47.0,put,-33035.0,-32311.0,,-796758.0,,,,,73124555.0,113908224.0,-40783669.0,11496705.0,,4621868622.0,,,107.96,100.0,unknown,PER_ONE_DOLLAR_MOVE; exact dollar/contract scaling unverified,QuantData
2026-08-21T12:47:00-04:00,2027-01-15,50.0,call,86863.0,-85662.0,,65104036.0,,,,,73124555.0,113908224.0,-40783669.0,11496705.0,,4621868622.0,,,107.96,100.0,unknown,PER_ONE_DOLLAR_MOVE; exact dollar/contract scaling unverified,QuantData
2026-08-21T12:47:00-04:00,2027-01-15,50.0,put,-107288.0,-103049.0,,-2436510.0,,,,,73124555.0,113908224.0,-40783669.0,11496705.0,,4621868622.0,,,107.96,100.0,unknown,PER_ONE_DOLLAR_MOVE; exact dollar/contract scaling unverified,QuantData
2026-08-21T12:47:00-04:00,2027-01-15,55.0,call,39138.0,-34214.0,,21116422.0,,,,,73124555.0,113908224.0,-40783669.0,11496705.0,,4621868622.0,,,107.96,100.0,unknown,PER_ONE_DOLLAR_MOVE; exact dollar/contract scaling unverified,QuantData
2026-08-21T12:47:00-04:00,2027-01-15,55.0,put,-47371.0,-40795.0,,-1113505.0,,,,,73124555.0,113908224.0,-40783669.0,11496705.0,,4621868622.0,,,107.96,100.0,unknown,PER_ONE_DOLLAR_MOVE; exact dollar/contract scaling unverified,QuantData
2026-08-21T12:47:00-04:00,2027-01-15,60.0,call,78073.0,-59547.0,,30662368.0,,,,,73124555.0,113908224.0,-40783669.0,11496705.0,,4621868622.0,,,107.96,100.0,unknown,PER_ONE_DOLLAR_MOVE; exact dollar/contract scaling unverified,QuantData
2026-08-21T12:47:00-04:00,2027-01-15,60.0,put,-92298.0,-70201.0,,-2275738.0,,,,,73124555.0,113908224.0,-40783669.0,11496705.0,,4621868622.0,,,107.96,100.0,unknown,PER_ONE_DOLLAR_MOVE; exact dollar/contract scaling unverified,QuantData
2026-08-21T12:47:00-04:00,2027-01-15,65.0,call,46363.0,-35313.0,,14718937.0,,,,,73124555.0,113908224.0,-40783669.0,11496705.0,,4621868622.0,,,107.96,100.0,unknown,PER_ONE_DOLLAR_MOVE; exact dollar/contract scaling unverified,QuantData
2026-08-21T12:47:00-04:00,2027-01-15,65.0,put,-254688.0,-164030.0,,-6650883.0,,,,,73124555.0,113908224.0,-40783669.0,11496705.0,,4621868622.0,,,107.96,100.0,unknown,PER_ONE_DOLLAR_MOVE; exact dollar/contract scaling unverified,QuantData
2026-08-21T12:47:00-04:00,2027-01-15,70.0,call,176253.0,-101616.0,,40532519.0,,,,,73124555.0,113908224.0,-40783669.0,11496705.0,,4621868622.0,,,107.96,100.0,unknown,PER_ONE_DOLLAR_MOVE; exact dollar/contract scaling unverified,QuantData
2026-08-21T12:47:00-04:00,2027-01-15,70.0,put,-249115.0,-134615.0,,-6934187.0,,,,,73124555.0,113908224.0,-40783669.0,11496705.0,,4621868622.0,,,107.96,100.0,unknown,PER_ONE_DOLLAR_MOVE; exact dollar/contract scaling unverified,QuantData
2026-08-21T12:47:00-04:00,2027-01-15,75.0,call,107718.0,-50527.0,,19893139.0,,,,,73124555.0,113908224.0,-40783669.0,11496705.0,,4621868622.0,,,107.96,100.0,unknown,PER_ONE_DOLLAR_MOVE; exact dollar/contract scaling unverified,QuantData
2026-08-21T12:47:00-04:00,2027-01-15,75.0,put,-288510.0,-131019.0,,-8480170.0,,,,,73124555.0,113908224.0,-40783669.0,11496705.0,,4621868622.0,,,107.96,100.0,unknown,PER_ONE_DOLLAR_MOVE; exact dollar/contract scaling unverified,QuantData
2026-08-21T12:47:00-04:00,2027-01-15,80.0,call,199212.0,-72788.0,,30065811.0,,,,,73124555.0,113908224.0,-40783669.0,11496705.0,,4621868622.0,,,107.96,100.0,unknown,PER_ONE_DOLLAR_MOVE; exact dollar/contract scaling unverified,QuantData
2026-08-21T12:47:00-04:00,2027-01-15,80.0,put,-549228.0,-193412.0,,-17204376.0,,,,,73124555.0,113908224.0,-40783669.0,11496705.0,,4621868622.0,,,107.96,100.0,unknown,PER_ONE_DOLLAR_MOVE; exact dollar/contract scaling unverified,QuantData
2026-08-21T12:47:00-04:00,2027-01-15,85.0,call,425777.0,-105141.0,,53931899.0,,,,,73124555.0,113908224.0,-40783669.0,11496705.0,,4621868622.0,,,107.96,100.0,unknown,PER_ONE_DOLLAR_MOVE; exact dollar/contract scaling unverified,QuantData
2026-08-21T12:47:00-04:00,2027-01-15,85.0,put,-463383.0,-117324.0,,-15837989.0,,,,,73124555.0,113908224.0,-40783669.0,11496705.0,,4621868622.0,,,107.96,100.0,unknown,PER_ONE_DOLLAR_MOVE; exact dollar/contract scaling unverified,QuantData
2026-08-21T12:47:00-04:00,2027-01-15,90.0,call,234148.0,-41379.0,,25401768.0,,,,,73124555.0,113908224.0,-40783669.0,11496705.0,,4621868622.0,,,107.96,100.0,unknown,PER_ONE_DOLLAR_MOVE; exact dollar/contract scaling unverified,QuantData
2026-08-21T12:47:00-04:00,2027-01-15,90.0,put,-208706.0,-33606.0,,-7635861.0,,,,,73124555.0,113908224.0,-40783669.0,11496705.0,,4621868622.0,,,107.96,100.0,unknown,PER_ONE_DOLLAR_MOVE; exact dollar/contract scaling unverified,QuantData
2026-08-21T12:47:00-04:00,2027-01-15,95.0,call,282256.0,-28600.0,,26438742.0,,,,,73124555.0,113908224.0,-40783669.0,11496705.0,,4621868622.0,,,107.96,100.0,unknown,PER_ONE_DOLLAR_MOVE; exact dollar/contract scaling unverified,QuantData
2026-08-21T12:47:00-04:00,2027-01-15,95.0,put,-164593.0,-11505.0,,-6504763.0,,,,,73124555.0,113908224.0,-40783669.0,11496705.0,,4621868622.0,,,107.96,100.0,unknown,PER_ONE_DOLLAR_MOVE; exact dollar/contract scaling unverified,QuantData
2026-08-21T12:47:00-04:00,2027-01-15,100.0,call,1080899.0,-10931.0,,89011532.0,,,,,73124555.0,113908224.0,-40783669.0,11496705.0,,4621868622.0,,,107.96,100.0,unknown,PER_ONE_DOLLAR_MOVE; exact dollar/contract scaling unverified,QuantData
2026-08-21T12:47:00-04:00,2027-01-15,100.0,put,-898246.0,5735.0,,-38185386.0,,,,,73124555.0,113908224.0,-40783669.0,11496705.0,,4621868622.0,,,107.96,100.0,unknown,PER_ONE_DOLLAR_MOVE; exact dollar/contract scaling unverified,QuantData
2026-08-21T12:47:00-04:00,2027-01-15,105.0,call,242511.0,16942.0,,18054138.0,,,,,73124555.0,113908224.0,-40783669.0,11496705.0,,4621868622.0,,,107.96,100.0,unknown,PER_ONE_DOLLAR_MOVE; exact dollar/contract scaling unverified,QuantData
2026-08-21T12:47:00-04:00,2027-01-15,105.0,put,-83457.0,7187.0,,-3850210.0,,,,,73124555.0,113908224.0,-40783669.0,11496705.0,,4621868622.0,,,107.96,100.0,unknown,PER_ONE_DOLLAR_MOVE; exact dollar/contract scaling unverified,QuantData
2026-08-21T12:47:00-04:00,2027-01-15,110.0,call,464025.0,66747.0,,31511572.0,,,,,73124555.0,113908224.0,-40783669.0,11496705.0,,4621868622.0,,,107.96,100.0,unknown,PER_ONE_DOLLAR_MOVE; exact dollar/contract scaling unverified,QuantData
2026-08-21T12:47:00-04:00,2027-01-15,110.0,put,-340645.0,51324.0,,-16972787.0,,,,,73124555.0,113908224.0,-40783669.0,11496705.0,,4621868622.0,,,107.96,100.0,unknown,PER_ONE_DOLLAR_MOVE; exact dollar/contract scaling unverified,QuantData
2026-08-21T12:47:00-04:00,2027-01-15,115.0,call,223065.0,47873.0,,13692037.0,,,,,73124555.0,113908224.0,-40783669.0,11496705.0,,4621868622.0,,,107.96,100.0,unknown,PER_ONE_DOLLAR_MOVE; exact dollar/contract scaling unverified,QuantData
2026-08-21T12:47:00-04:00,2027-01-15,115.0,put,-316460.0,74536.0,,-17232340.0,,,,,73124555.0,113908224.0,-40783669.0,11496705.0,,4621868622.0,,,107.96,100.0,unknown,PER_ONE_DOLLAR_MOVE; exact dollar/contract scaling unverified,QuantData
2026-08-21T12:47:00-04:00,2027-01-15,120.0,call,798664.0,227071.0,,46239956.0,,,,,73124555.0,113908224.0,-40783669.0,11496705.0,,4621868622.0,,,107.96,100.0,unknown,PER_ONE_DOLLAR_MOVE; exact dollar/contract scaling unverified,QuantData
2026-08-21T12:47:00-04:00,2027-01-15,120.0,put,-432053.0,129287.0,,-25762750.0,,,,,73124555.0,113908224.0,-40783669.0,11496705.0,,4621868622.0,,,107.96,100.0,unknown,PER_ONE_DOLLAR_MOVE; exact dollar/contract scaling unverified,QuantData
2026-08-21T12:47:00-04:00,2027-01-15,125.0,call,307502.0,108892.0,,16426176.0,,,,,73124555.0,113908224.0,-40783669.0,11496705.0,,4621868622.0,,,107.96,100.0,unknown,PER_ONE_DOLLAR_MOVE; exact dollar/contract scaling unverified,QuantData
2026-08-21T12:47:00-04:00,2027-01-15,125.0,put,-85001.0,30556.0,,-5405028.0,,,,,73124555.0,113908224.0,-40783669.0,11496705.0,,4621868622.0,,,107.96,100.0,unknown,PER_ONE_DOLLAR_MOVE; exact dollar/contract scaling unverified,QuantData
2026-08-21T12:47:00-04:00,2027-01-15,130.0,call,442874.0,184247.0,,22203682.0,,,,,73124555.0,113908224.0,-40783669.0,11496705.0,,4621868622.0,,,107.96,100.0,unknown,PER_ONE_DOLLAR_MOVE; exact dollar/contract scaling unverified,QuantData
2026-08-21T12:47:00-04:00,2027-01-15,130.0,put,0.0,0.0,,0.0,,,,,73124555.0,113908224.0,-40783669.0,11496705.0,,4621868622.0,,,107.96,100.0,unknown,PER_ONE_DOLLAR_MOVE; exact dollar/contract scaling unverified,QuantData
2026-08-21T12:47:00-04:00,2027-01-15,135.0,call,308665.0,147124.0,,14512522.0,,,,,73124555.0,113908224.0,-40783669.0,11496705.0,,4621868622.0,,,107.96,100.0,unknown,PER_ONE_DOLLAR_MOVE; exact dollar/contract scaling unverified,QuantData
2026-08-21T12:47:00-04:00,2027-01-15,135.0,put,0.0,0.0,,0.0,,,,,73124555.0,113908224.0,-40783669.0,11496705.0,,4621868622.0,,,107.96,100.0,unknown,PER_ONE_DOLLAR_MOVE; exact dollar/contract scaling unverified,QuantData
2026-08-21T12:47:00-04:00,2027-01-15,140.0,call,646200.0,347773.0,,28513825.0,,,,,73124555.0,113908224.0,-40783669.0,11496705.0,,4621868622.0,,,107.96,100.0,unknown,PER_ONE_DOLLAR_MOVE; exact dollar/contract scaling unverified,QuantData
2026-08-21T12:47:00-04:00,2027-01-15,140.0,put,0.0,0.0,,0.0,,,,,73124555.0,113908224.0,-40783669.0,11496705.0,,4621868622.0,,,107.96,100.0,unknown,PER_ONE_DOLLAR_MOVE; exact dollar/contract scaling unverified,QuantData
2026-08-21T12:47:00-04:00,2027-01-15,145.0,call,91420.0,53750.0,,3882961.0,,,,,73124555.0,113908224.0,-40783669.0,11496705.0,,4621868622.0,,,107.96,100.0,unknown,PER_ONE_DOLLAR_MOVE; exact dollar/contract scaling unverified,QuantData
2026-08-21T12:47:00-04:00,2027-01-15,145.0,put,0.0,0.0,,0.0,,,,,73124555.0,113908224.0,-40783669.0,11496705.0,,4621868622.0,,,107.96,100.0,unknown,PER_ONE_DOLLAR_MOVE; exact dollar/contract scaling unverified,QuantData
2026-08-21T12:47:00-04:00,2027-01-15,150.0,call,907861.0,578882.0,,37206768.0,,,,,73124555.0,113908224.0,-40783669.0,11496705.0,,4621868622.0,,,107.96,100.0,unknown,PER_ONE_DOLLAR_MOVE; exact dollar/contract scaling unverified,QuantData
2026-08-21T12:47:00-04:00,2027-01-15,150.0,put,-42683.0,26132.0,,-3980062.0,,,,,73124555.0,113908224.0,-40783669.0,11496705.0,,4621868622.0,,,107.96,100.0,unknown,PER_ONE_DOLLAR_MOVE; exact dollar/contract scaling unverified,QuantData
2026-08-21T12:47:00-04:00,2027-01-15,155.0,call,100439.0,69323.0,,3922768.0,,,,,73124555.0,113908224.0,-40783669.0,11496705.0,,4621868622.0,,,107.96,100.0,unknown,PER_ONE_DOLLAR_MOVE; exact dollar/contract scaling unverified,QuantData
2026-08-21T12:47:00-04:00,2027-01-15,155.0,put,0.0,0.0,,0.0,,,,,73124555.0,113908224.0,-40783669.0,11496705.0,,4621868622.0,,,107.96,100.0,unknown,PER_ONE_DOLLAR_MOVE; exact dollar/contract scaling unverified,QuantData
2026-08-21T12:47:00-04:00,2027-01-15,160.0,call,270081.0,199614.0,,10144068.0,,,,,73124555.0,113908224.0,-40783669.0,11496705.0,,4621868622.0,,,107.96,100.0,unknown,PER_ONE_DOLLAR_MOVE; exact dollar/contract scaling unverified,QuantData
2026-08-21T12:47:00-04:00,2027-01-15,160.0,put,0.0,0.0,,0.0,,,,,73124555.0,113908224.0,-40783669.0,11496705.0,,4621868622.0,,,107.96,100.0,unknown,PER_ONE_DOLLAR_MOVE; exact dollar/contract scaling unverified,QuantData
2026-08-21T12:47:00-04:00,2027-01-15,165.0,call,59668.0,46906.0,,2159239.0,,,,,73124555.0,113908224.0,-40783669.0,11496705.0,,4621868622.0,,,107.96,100.0,unknown,PER_ONE_DOLLAR_MOVE; exact dollar/contract scaling unverified,QuantData
2026-08-21T12:47:00-04:00,2027-01-15,165.0,put,0.0,0.0,,0.0,,,,,73124555.0,113908224.0,-40783669.0,11496705.0,,4621868622.0,,,107.96,100.0,unknown,PER_ONE_DOLLAR_MOVE; exact dollar/contract scaling unverified,QuantData
2026-08-21T12:47:00-04:00,2027-01-15,170.0,call,565832.0,467939.0,,20017959.0,,,,,73124555.0,113908224.0,-40783669.0,11496705.0,,4621868622.0,,,107.96,100.0,unknown,PER_ONE_DOLLAR_MOVE; exact dollar/contract scaling unverified,QuantData
2026-08-21T12:47:00-04:00,2027-01-15,170.0,put,-2234.0,1725.0,,-269478.0,,,,,73124555.0,113908224.0,-40783669.0,11496705.0,,4621868622.0,,,107.96,100.0,unknown,PER_ONE_DOLLAR_MOVE; exact dollar/contract scaling unverified,QuantData
2026-08-21T12:47:00-04:00,2027-01-15,175.0,call,238772.0,208384.0,,8131269.0,,,,,73124555.0,113908224.0,-40783669.0,11496705.0,,4621868622.0,,,107.96,100.0,unknown,PER_ONE_DOLLAR_MOVE; exact dollar/contract scaling unverified,QuantData
2026-08-21T12:47:00-04:00,2027-01-15,175.0,put,0.0,0.0,,0.0,,,,,73124555.0,113908224.0,-40783669.0,11496705.0,,4621868622.0,,,107.96,100.0,unknown,PER_ONE_DOLLAR_MOVE; exact dollar/contract scaling unverified,QuantData
2026-08-21T12:47:00-04:00,2027-01-15,180.0,call,710247.0,648264.0,,23546111.0,,,,,73124555.0,113908224.0,-40783669.0,11496705.0,,4621868622.0,,,107.96,100.0,unknown,PER_ONE_DOLLAR_MOVE; exact dollar/contract scaling unverified,QuantData
2026-08-21T12:47:00-04:00,2027-01-15,180.0,put,0.0,0.0,,0.0,,,,,73124555.0,113908224.0,-40783669.0,11496705.0,,4621868622.0,,,107.96,100.0,unknown,PER_ONE_DOLLAR_MOVE; exact dollar/contract scaling unverified,QuantData
2026-08-21T12:47:00-04:00,2027-01-15,185.0,call,138776.0,132338.0,,4445099.0,,,,,73124555.0,113908224.0,-40783669.0,11496705.0,,4621868622.0,,,107.96,100.0,unknown,PER_ONE_DOLLAR_MOVE; exact dollar/contract scaling unverified,QuantData
2026-08-21T12:47:00-04:00,2027-01-15,185.0,put,0.0,0.0,,0.0,,,,,73124555.0,113908224.0,-40783669.0,11496705.0,,4621868622.0,,,107.96,100.0,unknown,PER_ONE_DOLLAR_MOVE; exact dollar/contract scaling unverified,QuantData
2026-08-21T12:47:00-04:00,2027-01-15,190.0,call,154181.0,152884.0,,4853804.0,,,,,73124555.0,113908224.0,-40783669.0,11496705.0,,4621868622.0,,,107.96,100.0,unknown,PER_ONE_DOLLAR_MOVE; exact dollar/contract scaling unverified,QuantData
2026-08-21T12:47:00-04:00,2027-01-15,190.0,put,0.0,0.0,,0.0,,,,,73124555.0,113908224.0,-40783669.0,11496705.0,,4621868622.0,,,107.96,100.0,unknown,PER_ONE_DOLLAR_MOVE; exact dollar/contract scaling unverified,QuantData
2026-08-21T12:47:00-04:00,2027-01-15,195.0,call,18721.0,19205.0,,579465.0,,,,,73124555.0,113908224.0,-40783669.0,11496705.0,,4621868622.0,,,107.96,100.0,unknown,PER_ONE_DOLLAR_MOVE; exact dollar/contract scaling unverified,QuantData
2026-08-21T12:47:00-04:00,2027-01-15,195.0,put,0.0,0.0,,0.0,,,,,73124555.0,113908224.0,-40783669.0,11496705.0,,4621868622.0,,,107.96,100.0,unknown,PER_ONE_DOLLAR_MOVE; exact dollar/contract scaling unverified,QuantData
2026-08-21T12:47:00-04:00,2027-01-15,200.0,call,421691.0,448739.0,,12672477.0,,,,,73124555.0,113908224.0,-40783669.0,11496705.0,,4621868622.0,,,107.96,100.0,unknown,PER_ONE_DOLLAR_MOVE; exact dollar/contract scaling unverified,QuantData
2026-08-21T12:47:00-04:00,2027-01-15,200.0,put,0.0,0.0,,0.0,,,,,73124555.0,113908224.0,-40783669.0,11496705.0,,4621868622.0,,,107.96,100.0,unknown,PER_ONE_DOLLAR_MOVE; exact dollar/contract scaling unverified,QuantData
2026-08-21T12:47:00-04:00,2027-01-15,210.0,call,18278.0,20606.0,,533873.0,,,,,73124555.0,113908224.0,-40783669.0,11496705.0,,4621868622.0,,,107.96,100.0,unknown,PER_ONE_DOLLAR_MOVE; exact dollar/contract scaling unverified,QuantData
2026-08-21T12:47:00-04:00,2027-01-15,210.0,put,0.0,0.0,,0.0,,,,,73124555.0,113908224.0,-40783669.0,11496705.0,,4621868622.0,,,107.96,100.0,unknown,PER_ONE_DOLLAR_MOVE; exact dollar/contract scaling unverified,QuantData
2026-08-21T12:47:00-04:00,2027-01-15,220.0,call,12675.0,15057.0,,358582.0,,,,,73124555.0,113908224.0,-40783669.0,11496705.0,,4621868622.0,,,107.96,100.0,unknown,PER_ONE_DOLLAR_MOVE; exact dollar/contract scaling unverified,QuantData
2026-08-21T12:47:00-04:00,2027-01-15,220.0,put,0.0,0.0,,0.0,,,,,73124555.0,113908224.0,-40783669.0,11496705.0,,4621868622.0,,,107.96,100.0,unknown,PER_ONE_DOLLAR_MOVE; exact dollar/contract scaling unverified,QuantData
2026-08-21T12:47:00-04:00,2027-01-15,230.0,call,40402.0,50268.0,,1112935.0,,,,,73124555.0,113908224.0,-40783669.0,11496705.0,,4621868622.0,,,107.96,100.0,unknown,PER_ONE_DOLLAR_MOVE; exact dollar/contract scaling unverified,QuantData
2026-08-21T12:47:00-04:00,2027-01-15,230.0,put,0.0,0.0,,0.0,,,,,73124555.0,113908224.0,-40783669.0,11496705.0,,4621868622.0,,,107.96,100.0,unknown,PER_ONE_DOLLAR_MOVE; exact dollar/contract scaling unverified,QuantData
2026-08-21T12:47:00-04:00,2027-01-15,240.0,call,9704.0,12606.0,,259858.0,,,,,73124555.0,113908224.0,-40783669.0,11496705.0,,4621868622.0,,,107.96,100.0,unknown,PER_ONE_DOLLAR_MOVE; exact dollar/contract scaling unverified,QuantData
2026-08-21T12:47:00-04:00,2027-01-15,240.0,put,0.0,0.0,,0.0,,,,,73124555.0,113908224.0,-40783669.0,11496705.0,,4621868622.0,,,107.96,100.0,unknown,PER_ONE_DOLLAR_MOVE; exact dollar/contract scaling unverified,QuantData
2026-08-21T12:47:00-04:00,2027-01-15,250.0,call,103512.0,139528.0,,2716439.0,,,,,73124555.0,113908224.0,-40783669.0,11496705.0,,4621868622.0,,,107.96,100.0,unknown,PER_ONE_DOLLAR_MOVE; exact dollar/contract scaling unverified,QuantData
2026-08-21T12:47:00-04:00,2027-01-15,250.0,put,0.0,0.0,,0.0,,,,,73124555.0,113908224.0,-40783669.0,11496705.0,,4621868622.0,,,107.96,100.0,unknown,PER_ONE_DOLLAR_MOVE; exact dollar/contract scaling unverified,QuantData
2026-08-21T12:47:00-04:00,2027-01-15,260.0,call,3366.0,4689.0,,87283.0,,,,,73124555.0,113908224.0,-40783669.0,11496705.0,,4621868622.0,,,107.96,100.0,unknown,PER_ONE_DOLLAR_MOVE; exact dollar/contract scaling unverified,QuantData
2026-08-21T12:47:00-04:00,2027-01-15,260.0,put,0.0,0.0,,0.0,,,,,73124555.0,113908224.0,-40783669.0,11496705.0,,4621868622.0,,,107.96,100.0,unknown,PER_ONE_DOLLAR_MOVE; exact dollar/contract scaling unverified,QuantData
2026-08-21T12:47:00-04:00,2027-01-15,270.0,call,9024.0,12984.0,,229572.0,,,,,73124555.0,113908224.0,-40783669.0,11496705.0,,4621868622.0,,,107.96,100.0,unknown,PER_ONE_DOLLAR_MOVE; exact dollar/contract scaling unverified,QuantData
2026-08-21T12:47:00-04:00,2027-01-15,270.0,put,0.0,0.0,,0.0,,,,,73124555.0,113908224.0,-40783669.0,11496705.0,,4621868622.0,,,107.96,100.0,unknown,PER_ONE_DOLLAR_MOVE; exact dollar/contract scaling unverified,QuantData
2026-08-21T12:47:00-04:00,2027-01-15,280.0,call,13212.0,19382.0,,334176.0,,,,,73124555.0,113908224.0,-40783669.0,11496705.0,,4621868622.0,,,107.96,100.0,unknown,PER_ONE_DOLLAR_MOVE; exact dollar/contract scaling unverified,QuantData
2026-08-21T12:47:00-04:00,2027-01-15,280.0,put,0.0,0.0,,0.0,,,,,73124555.0,113908224.0,-40783669.0,11496705.0,,4621868622.0,,,107.96,100.0,unknown,PER_ONE_DOLLAR_MOVE; exact dollar/contract scaling unverified,QuantData
2026-08-21T12:47:00-04:00,2027-01-15,290.0,call,75669.0,114856.0,,1841184.0,,,,,73124555.0,113908224.0,-40783669.0,11496705.0,,4621868622.0,,,107.96,100.0,unknown,PER_ONE_DOLLAR_MOVE; exact dollar/contract scaling unverified,QuantData
2026-08-21T12:47:00-04:00,2027-01-15,290.0,put,0.0,0.0,,0.0,,,,,73124555.0,113908224.0,-40783669.0,11496705.0,,4621868622.0,,,107.96,100.0,unknown,PER_ONE_DOLLAR_MOVE; exact dollar/contract scaling unverified,QuantData
2026-08-21T12:47:00-04:00,2027-02-19,5.0,call,0.0,0.0,,0.0,,,,,73124555.0,113908224.0,-40783669.0,11496705.0,,4621868622.0,,,107.96,100.0,unknown,PER_ONE_DOLLAR_MOVE; exact dollar/contract scaling unverified,QuantData
2026-08-21T12:47:00-04:00,2027-02-19,5.0,put,0.0,0.0,,0.0,,,,,73124555.0,113908224.0,-40783669.0,11496705.0,,4621868622.0,,,107.96,100.0,unknown,PER_ONE_DOLLAR_MOVE; exact dollar/contract scaling unverified,QuantData
2026-08-21T12:47:00-04:00,2027-02-19,15.0,call,0.0,0.0,,0.0,,,,,73124555.0,113908224.0,-40783669.0,11496705.0,,4621868622.0,,,107.96,100.0,unknown,PER_ONE_DOLLAR_MOVE; exact dollar/contract scaling unverified,QuantData
2026-08-21T12:47:00-04:00,2027-02-19,15.0,put,-5.0,-4.0,,-263.0,,,,,73124555.0,113908224.0,-40783669.0,11496705.0,,4621868622.0,,,107.96,100.0,unknown,PER_ONE_DOLLAR_MOVE; exact dollar/contract scaling unverified,QuantData
2026-08-21T12:47:00-04:00,2027-02-19,40.0,call,0.0,0.0,,0.0,,,,,73124555.0,113908224.0,-40783669.0,11496705.0,,4621868622.0,,,107.96,100.0,unknown,PER_ONE_DOLLAR_MOVE; exact dollar/contract scaling unverified,QuantData
2026-08-21T12:47:00-04:00,2027-02-19,40.0,put,-5248.0,-6248.0,,-126030.0,,,,,73124555.0,113908224.0,-40783669.0,11496705.0,,4621868622.0,,,107.96,100.0,unknown,PER_ONE_DOLLAR_MOVE; exact dollar/contract scaling unverified,QuantData
2026-08-21T12:47:00-04:00,2027-02-19,45.0,call,0.0,0.0,,0.0,,,,,73124555.0,113908224.0,-40783669.0,11496705.0,,4621868622.0,,,107.96,100.0,unknown,PER_ONE_DOLLAR_MOVE; exact dollar/contract scaling unverified,QuantData
2026-08-21T12:47:00-04:00,2027-02-19,45.0,put,-10704.0,-11239.0,,-272152.0,,,,,73124555.0,113908224.0,-40783669.0,11496705.0,,4621868622.0,,,107.96,100.0,unknown,PER_ONE_DOLLAR_MOVE; exact dollar/contract scaling unverified,QuantData
2026-08-21T12:47:00-04:00,2027-02-19,50.0,call,0.0,0.0,,0.0,,,,,73124555.0,113908224.0,-40783669.0,11496705.0,,4621868622.0,,,107.96,100.0,unknown,PER_ONE_DOLLAR_MOVE; exact dollar/contract scaling unverified,QuantData
2026-08-21T12:47:00-04:00,2027-02-19,50.0,put,-3610.0,-3387.0,,-94952.0,,,,,73124555.0,113908224.0,-40783669.0,11496705.0,,4621868622.0,,,107.96,100.0,unknown,PER_ONE_DOLLAR_MOVE; exact dollar/contract scaling unverified,QuantData
2026-08-21T12:47:00-04:00,2027-02-19,55.0,call,1449.0,-1206.0,,674372.0,,,,,73124555.0,113908224.0,-40783669.0,11496705.0,,4621868622.0,,,107.96,100.0,unknown,PER_ONE_DOLLAR_MOVE; exact dollar/contract scaling unverified,QuantData
2026-08-21T12:47:00-04:00,2027-02-19,55.0,put,-7187.0,-5920.0,,-197885.0,,,,,73124555.0,113908224.0,-40783669.0,11496705.0,,4621868622.0,,,107.96,100.0,unknown,PER_ONE_DOLLAR_MOVE; exact dollar/contract scaling unverified,QuantData
2026-08-21T12:47:00-04:00,2027-02-19,60.0,call,617.0,-447.0,,231414.0,,,,,73124555.0,113908224.0,-40783669.0,11496705.0,,4621868622.0,,,107.96,100.0,unknown,PER_ONE_DOLLAR_MOVE; exact dollar/contract scaling unverified,QuantData
2026-08-21T12:47:00-04:00,2027-02-19,60.0,put,-22289.0,-15847.0,,-647342.0,,,,,73124555.0,113908224.0,-40783669.0,11496705.0,,4621868622.0,,,107.96,100.0,unknown,PER_ONE_DOLLAR_MOVE; exact dollar/contract scaling unverified,QuantData
2026-08-21T12:47:00-04:00,2027-02-19,65.0,call,1636.0,-981.0,,451709.0,,,,,73124555.0,113908224.0,-40783669.0,11496705.0,,4621868622.0,,,107.96,100.0,unknown,PER_ONE_DOLLAR_MOVE; exact dollar/contract scaling unverified,QuantData
2026-08-21T12:47:00-04:00,2027-02-19,65.0,put,-8536.0,-5063.0,,-260529.0,,,,,73124555.0,113908224.0,-40783669.0,11496705.0,,4621868622.0,,,107.96,100.0,unknown,PER_ONE_DOLLAR_MOVE; exact dollar/contract scaling unverified,QuantData
2026-08-21T12:47:00-04:00,2027-02-19,70.0,call,5511.0,-2669.0,,1126349.0,,,,,73124555.0,113908224.0,-40783669.0,11496705.0,,4621868622.0,,,107.96,100.0,unknown,PER_ONE_DOLLAR_MOVE; exact dollar/contract scaling unverified,QuantData
2026-08-21T12:47:00-04:00,2027-02-19,70.0,put,-15225.0,-7593.0,,-495588.0,,,,,73124555.0,113908224.0,-40783669.0,11496705.0,,4621868622.0,,,107.96,100.0,unknown,PER_ONE_DOLLAR_MOVE; exact dollar/contract scaling unverified,QuantData
2026-08-21T12:47:00-04:00,2027-02-19,75.0,call,7136.0,-2819.0,,1325922.0,,,,,73124555.0,113908224.0,-40783669.0,11496705.0,,4621868622.0,,,107.96,100.0,unknown,PER_ONE_DOLLAR_MOVE; exact dollar/contract scaling unverified,QuantData
2026-08-21T12:47:00-04:00,2027-02-19,75.0,put,-26819.0,-10818.0,,-924706.0,,,,,73124555.0,113908224.0,-40783669.0,11496705.0,,4621868622.0,,,107.96,100.0,unknown,PER_ONE_DOLLAR_MOVE; exact dollar/contract scaling unverified,QuantData
2026-08-21T12:47:00-04:00,2027-02-19,80.0,call,15462.0,-4828.0,,2478336.0,,,,,73124555.0,113908224.0,-40783669.0,11496705.0,,4621868622.0,,,107.96,100.0,unknown,PER_ONE_DOLLAR_MOVE; exact dollar/contract scaling unverified,QuantData
2026-08-21T12:47:00-04:00,2027-02-19,80.0,put,-24877.0,-7686.0,,-916181.0,,,,,73124555.0,113908224.0,-40783669.0,11496705.0,,4621868622.0,,,107.96,100.0,unknown,PER_ONE_DOLLAR_MOVE; exact dollar/contract scaling unverified,QuantData
2026-08-21T12:47:00-04:00,2027-02-19,85.0,call,17286.0,-4194.0,,2346892.0,,,,,73124555.0,113908224.0,-40783669.0,11496705.0,,4621868622.0,,,107.96,100.0,unknown,PER_ONE_DOLLAR_MOVE; exact dollar/contract scaling unverified,QuantData
2026-08-21T12:47:00-04:00,2027-02-19,85.0,put,-8268.0,-1809.0,,-320179.0,,,,,73124555.0,113908224.0,-40783669.0,11496705.0,,4621868622.0,,,107.96,100.0,unknown,PER_ONE_DOLLAR_MOVE; exact dollar/contract scaling unverified,QuantData
2026-08-21T12:47:00-04:00,2027-02-19,90.0,call,13921.0,-1723.0,,1636325.0,,,,,73124555.0,113908224.0,-40783669.0,11496705.0,,4621868622.0,,,107.96,100.0,unknown,PER_ONE_DOLLAR_MOVE; exact dollar/contract scaling unverified,QuantData
2026-08-21T12:47:00-04:00,2027-02-19,90.0,put,-19501.0,-2431.0,,-823561.0,,,,,73124555.0,113908224.0,-40783669.0,11496705.0,,4621868622.0,,,107.96,100.0,unknown,PER_ONE_DOLLAR_MOVE; exact dollar/contract scaling unverified,QuantData
2026-08-21T12:47:00-04:00,2027-02-19,95.0,call,33676.0,-1976.0,,3638605.0,,,,,73124555.0,113908224.0,-40783669.0,11496705.0,,4621868622.0,,,107.96,100.0,unknown,PER_ONE_DOLLAR_MOVE; exact dollar/contract scaling unverified,QuantData
2026-08-21T12:47:00-04:00,2027-02-19,95.0,put,-15036.0,-546.0,,-675340.0,,,,,73124555.0,113908224.0,-40783669.0,11496705.0,,4621868622.0,,,107.96,100.0,unknown,PER_ONE_DOLLAR_MOVE; exact dollar/contract scaling unverified,QuantData
2026-08-21T12:47:00-04:00,2027-02-19,100.0,call,19275.0,657.0,,1825601.0,,,,,73124555.0,113908224.0,-40783669.0,11496705.0,,4621868622.0,,,107.96,100.0,unknown,PER_ONE_DOLLAR_MOVE; exact dollar/contract scaling unverified,QuantData
2026-08-21T12:47:00-04:00,2027-02-19,100.0,put,-3449.0,170.0,,-164748.0,,,,,73124555.0,113908224.0,-40783669.0,11496705.0,,4621868622.0,,,107.96,100.0,unknown,PER_ONE_DOLLAR_MOVE; exact dollar/contract scaling unverified,QuantData
2026-08-21T12:47:00-04:00,2027-02-19,105.0,call,26166.0,2894.0,,2202597.0,,,,,73124555.0,113908224.0,-40783669.0,11496705.0,,4621868622.0,,,107.96,100.0,unknown,PER_ONE_DOLLAR_MOVE; exact dollar/contract scaling unverified,QuantData
2026-08-21T12:47:00-04:00,2027-02-19,105.0,put,0.0,0.0,,0.0,,,,,73124555.0,113908224.0,-40783669.0,11496705.0,,4621868622.0,,,107.96,100.0,unknown,PER_ONE_DOLLAR_MOVE; exact dollar/contract scaling unverified,QuantData
2026-08-21T12:47:00-04:00,2027-02-19,110.0,call,42530.0,7627.0,,3396629.0,,,,,73124555.0,113908224.0,-40783669.0,11496705.0,,4621868622.0,,,107.96,100.0,unknown,PER_ONE_DOLLAR_MOVE; exact dollar/contract scaling unverified,QuantData
2026-08-21T12:47:00-04:00,2027-02-19,110.0,put,0.0,0.0,,0.0,,,,,73124555.0,113908224.0,-40783669.0,11496705.0,,4621868622.0,,,107.96,100.0,unknown,PER_ONE_DOLLAR_MOVE; exact dollar/contract scaling unverified,QuantData
2026-08-21T12:47:00-04:00,2027-02-19,115.0,call,29603.0,7676.0,,2120845.0,,,,,73124555.0,113908224.0,-40783669.0,11496705.0,,4621868622.0,,,107.96,100.0,unknown,PER_ONE_DOLLAR_MOVE; exact dollar/contract scaling unverified,QuantData
2026-08-21T12:47:00-04:00,2027-02-19,115.0,put,-16603.0,4997.0,,-970859.0,,,,,73124555.0,113908224.0,-40783669.0,11496705.0,,4621868622.0,,,107.96,100.0,unknown,PER_ONE_DOLLAR_MOVE; exact dollar/contract scaling unverified,QuantData
2026-08-21T12:47:00-04:00,2027-02-19,120.0,call,48461.0,15875.0,,3293527.0,,,,,73124555.0,113908224.0,-40783669.0,11496705.0,,4621868622.0,,,107.96,100.0,unknown,PER_ONE_DOLLAR_MOVE; exact dollar/contract scaling unverified,QuantData
2026-08-21T12:47:00-04:00,2027-02-19,120.0,put,0.0,0.0,,0.0,,,,,73124555.0,113908224.0,-40783669.0,11496705.0,,4621868622.0,,,107.96,100.0,unknown,PER_ONE_DOLLAR_MOVE; exact dollar/contract scaling unverified,QuantData
2026-08-21T12:47:00-04:00,2027-02-19,125.0,call,23997.0,9042.0,,1549074.0,,,,,73124555.0,113908224.0,-40783669.0,11496705.0,,4621868622.0,,,107.96,100.0,unknown,PER_ONE_DOLLAR_MOVE; exact dollar/contract scaling unverified,QuantData
2026-08-21T12:47:00-04:00,2027-02-19,125.0,put,0.0,0.0,,0.0,,,,,73124555.0,113908224.0,-40783669.0,11496705.0,,4621868622.0,,,107.96,100.0,unknown,PER_ONE_DOLLAR_MOVE; exact dollar/contract scaling unverified,QuantData
2026-08-21T12:47:00-04:00,2027-02-19,130.0,call,51607.0,23199.0,,3041020.0,,,,,73124555.0,113908224.0,-40783669.0,11496705.0,,4621868622.0,,,107.96,100.0,unknown,PER_ONE_DOLLAR_MOVE; exact dollar/contract scaling unverified,QuantData
2026-08-21T12:47:00-04:00,2027-02-19,130.0,put,-1879.0,847.0,,-137046.0,,,,,73124555.0,113908224.0,-40783669.0,11496705.0,,4621868622.0,,,107.96,100.0,unknown,PER_ONE_DOLLAR_MOVE; exact dollar/contract scaling unverified,QuantData
2026-08-21T12:47:00-04:00,2027-02-19,135.0,call,11459.0,5814.0,,641401.0,,,,,73124555.0,113908224.0,-40783669.0,11496705.0,,4621868622.0,,,107.96,100.0,unknown,PER_ONE_DOLLAR_MOVE; exact dollar/contract scaling unverified,QuantData
2026-08-21T12:47:00-04:00,2027-02-19,135.0,put,-461.0,233.0,,-36004.0,,,,,73124555.0,113908224.0,-40783669.0,11496705.0,,4621868622.0,,,107.96,100.0,unknown,PER_ONE_DOLLAR_MOVE; exact dollar/contract scaling unverified,QuantData
2026-08-21T12:47:00-04:00,2027-02-19,140.0,call,27483.0,15307.0,,1485702.0,,,,,73124555.0,113908224.0,-40783669.0,11496705.0,,4621868622.0,,,107.96,100.0,unknown,PER_ONE_DOLLAR_MOVE; exact dollar/contract scaling unverified,QuantData
2026-08-21T12:47:00-04:00,2027-02-19,140.0,put,0.0,0.0,,0.0,,,,,73124555.0,113908224.0,-40783669.0,11496705.0,,4621868622.0,,,107.96,100.0,unknown,PER_ONE_DOLLAR_MOVE; exact dollar/contract scaling unverified,QuantData
2026-08-21T12:47:00-04:00,2027-02-19,145.0,call,29497.0,17992.0,,1543984.0,,,,,73124555.0,113908224.0,-40783669.0,11496705.0,,4621868622.0,,,107.96,100.0,unknown,PER_ONE_DOLLAR_MOVE; exact dollar/contract scaling unverified,QuantData
2026-08-21T12:47:00-04:00,2027-02-19,145.0,put,0.0,0.0,,0.0,,,,,73124555.0,113908224.0,-40783669.0,11496705.0,,4621868622.0,,,107.96,100.0,unknown,PER_ONE_DOLLAR_MOVE; exact dollar/contract scaling unverified,QuantData
2026-08-21T12:47:00-04:00,2027-02-19,150.0,call,44652.0,30060.0,,2166933.0,,,,,73124555.0,113908224.0,-40783669.0,11496705.0,,4621868622.0,,,107.96,100.0,unknown,PER_ONE_DOLLAR_MOVE; exact dollar/contract scaling unverified,QuantData
2026-08-21T12:47:00-04:00,2027-02-19,150.0,put,0.0,0.0,,0.0,,,,,73124555.0,113908224.0,-40783669.0,11496705.0,,4621868622.0,,,107.96,100.0,unknown,PER_ONE_DOLLAR_MOVE; exact dollar/contract scaling unverified,QuantData
2026-08-21T12:47:00-04:00,2027-02-19,155.0,call,22359.0,16176.0,,1037046.0,,,,,73124555.0,113908224.0,-40783669.0,11496705.0,,4621868622.0,,,107.96,100.0,unknown,PER_ONE_DOLLAR_MOVE; exact dollar/contract scaling unverified,QuantData
2026-08-21T12:47:00-04:00,2027-02-19,155.0,put,0.0,0.0,,0.0,,,,,73124555.0,113908224.0,-40783669.0,11496705.0,,4621868622.0,,,107.96,100.0,unknown,PER_ONE_DOLLAR_MOVE; exact dollar/contract scaling unverified,QuantData
2026-08-21T12:47:00-04:00,2027-02-19,160.0,call,8153.0,6230.0,,371464.0,,,,,73124555.0,113908224.0,-40783669.0,11496705.0,,4621868622.0,,,107.96,100.0,unknown,PER_ONE_DOLLAR_MOVE; exact dollar/contract scaling unverified,QuantData
2026-08-21T12:47:00-04:00,2027-02-19,160.0,put,0.0,0.0,,0.0,,,,,73124555.0,113908224.0,-40783669.0,11496705.0,,4621868622.0,,,107.96,100.0,unknown,PER_ONE_DOLLAR_MOVE; exact dollar/contract scaling unverified,QuantData
2026-08-21T12:47:00-04:00,2027-02-19,170.0,call,6631.0,5656.0,,285864.0,,,,,73124555.0,113908224.0,-40783669.0,11496705.0,,4621868622.0,,,107.96,100.0,unknown,PER_ONE_DOLLAR_MOVE; exact dollar/contract scaling unverified,QuantData
2026-08-21T12:47:00-04:00,2027-02-19,170.0,put,0.0,0.0,,0.0,,,,,73124555.0,113908224.0,-40783669.0,11496705.0,,4621868622.0,,,107.96,100.0,unknown,PER_ONE_DOLLAR_MOVE; exact dollar/contract scaling unverified,QuantData
2026-08-21T12:47:00-04:00,2027-02-19,175.0,call,9216.0,8805.0,,312461.0,,,,,73124555.0,113908224.0,-40783669.0,11496705.0,,4621868622.0,,,107.96,100.0,unknown,PER_ONE_DOLLAR_MOVE; exact dollar/contract scaling unverified,QuantData
2026-08-21T12:47:00-04:00,2027-02-19,175.0,put,0.0,0.0,,0.0,,,,,73124555.0,113908224.0,-40783669.0,11496705.0,,4621868622.0,,,107.96,100.0,unknown,PER_ONE_DOLLAR_MOVE; exact dollar/contract scaling unverified,QuantData
2026-08-21T12:47:00-04:00,2027-02-19,180.0,call,18843.0,17825.0,,743115.0,,,,,73124555.0,113908224.0,-40783669.0,11496705.0,,4621868622.0,,,107.96,100.0,unknown,PER_ONE_DOLLAR_MOVE; exact dollar/contract scaling unverified,QuantData
2026-08-21T12:47:00-04:00,2027-02-19,180.0,put,0.0,0.0,,0.0,,,,,73124555.0,113908224.0,-40783669.0,11496705.0,,4621868622.0,,,107.96,100.0,unknown,PER_ONE_DOLLAR_MOVE; exact dollar/contract scaling unverified,QuantData
2026-08-21T12:47:00-04:00,2027-03-19,5.0,call,0.0,0.0,,0.0,,,,,73124555.0,113908224.0,-40783669.0,11496705.0,,4621868622.0,,,107.96,100.0,unknown,PER_ONE_DOLLAR_MOVE; exact dollar/contract scaling unverified,QuantData
2026-08-21T12:47:00-04:00,2027-03-19,5.0,put,-91.0,-40.0,,-6797.0,,,,,73124555.0,113908224.0,-40783669.0,11496705.0,,4621868622.0,,,107.96,100.0,unknown,PER_ONE_DOLLAR_MOVE; exact dollar/contract scaling unverified,QuantData
2026-08-21T12:47:00-04:00,2027-03-19,25.0,call,0.0,0.0,,1571982.0,,,,,73124555.0,113908224.0,-40783669.0,11496705.0,,4621868622.0,,,107.96,100.0,unknown,PER_ONE_DOLLAR_MOVE; exact dollar/contract scaling unverified,QuantData
2026-08-21T12:47:00-04:00,2027-03-19,25.0,put,0.0,0.0,,0.0,,,,,73124555.0,113908224.0,-40783669.0,11496705.0,,4621868622.0,,,107.96,100.0,unknown,PER_ONE_DOLLAR_MOVE; exact dollar/contract scaling unverified,QuantData
2026-08-21T12:47:00-04:00,2027-03-19,40.0,call,883.0,-1096.0,,1161955.0,,,,,73124555.0,113908224.0,-40783669.0,11496705.0,,4621868622.0,,,107.96,100.0,unknown,PER_ONE_DOLLAR_MOVE; exact dollar/contract scaling unverified,QuantData
2026-08-21T12:47:00-04:00,2027-03-19,40.0,put,0.0,0.0,,0.0,,,,,73124555.0,113908224.0,-40783669.0,11496705.0,,4621868622.0,,,107.96,100.0,unknown,PER_ONE_DOLLAR_MOVE; exact dollar/contract scaling unverified,QuantData
2026-08-21T12:47:00-04:00,2027-03-19,50.0,call,3254.0,-3104.0,,2028789.0,,,,,73124555.0,113908224.0,-40783669.0,11496705.0,,4621868622.0,,,107.96,100.0,unknown,PER_ONE_DOLLAR_MOVE; exact dollar/contract scaling unverified,QuantData
2026-08-21T12:47:00-04:00,2027-03-19,50.0,put,-51934.0,-47803.0,,-1496321.0,,,,,73124555.0,113908224.0,-40783669.0,11496705.0,,4621868622.0,,,107.96,100.0,unknown,PER_ONE_DOLLAR_MOVE; exact dollar/contract scaling unverified,QuantData
2026-08-21T12:47:00-04:00,2027-03-19,55.0,call,47946.0,-38914.0,,21591994.0,,,,,73124555.0,113908224.0,-40783669.0,11496705.0,,4621868622.0,,,107.96,100.0,unknown,PER_ONE_DOLLAR_MOVE; exact dollar/contract scaling unverified,QuantData
2026-08-21T12:47:00-04:00,2027-03-19,55.0,put,-17391.0,-13707.0,,-536430.0,,,,,73124555.0,113908224.0,-40783669.0,11496705.0,,4621868622.0,,,107.96,100.0,unknown,PER_ONE_DOLLAR_MOVE; exact dollar/contract scaling unverified,QuantData
2026-08-21T12:47:00-04:00,2027-03-19,60.0,call,10752.0,-7229.0,,3694653.0,,,,,73124555.0,113908224.0,-40783669.0,11496705.0,,4621868622.0,,,107.96,100.0,unknown,PER_ONE_DOLLAR_MOVE; exact dollar/contract scaling unverified,QuantData
2026-08-21T12:47:00-04:00,2027-03-19,60.0,put,-35121.0,-23464.0,,-1119553.0,,,,,73124555.0,113908224.0,-40783669.0,11496705.0,,4621868622.0,,,107.96,100.0,unknown,PER_ONE_DOLLAR_MOVE; exact dollar/contract scaling unverified,QuantData
2026-08-21T12:47:00-04:00,2027-03-19,65.0,call,65532.0,-39116.0,,18821997.0,,,,,73124555.0,113908224.0,-40783669.0,11496705.0,,4621868622.0,,,107.96,100.0,unknown,PER_ONE_DOLLAR_MOVE; exact dollar/contract scaling unverified,QuantData
2026-08-21T12:47:00-04:00,2027-03-19,65.0,put,-20824.0,-12272.0,,-699348.0,,,,,73124555.0,113908224.0,-40783669.0,11496705.0,,4621868622.0,,,107.96,100.0,unknown,PER_ONE_DOLLAR_MOVE; exact dollar/contract scaling unverified,QuantData
2026-08-21T12:47:00-04:00,2027-03-19,70.0,call,27239.0,-12914.0,,6217561.0,,,,,73124555.0,113908224.0,-40783669.0,11496705.0,,4621868622.0,,,107.96,100.0,unknown,PER_ONE_DOLLAR_MOVE; exact dollar/contract scaling unverified,QuantData
2026-08-21T12:47:00-04:00,2027-03-19,70.0,put,-49363.0,-23463.0,,-1741370.0,,,,,73124555.0,113908224.0,-40783669.0,11496705.0,,4621868622.0,,,107.96,100.0,unknown,PER_ONE_DOLLAR_MOVE; exact dollar/contract scaling unverified,QuantData
2026-08-21T12:47:00-04:00,2027-03-19,75.0,call,34953.0,-13313.0,,6637598.0,,,,,73124555.0,113908224.0,-40783669.0,11496705.0,,4621868622.0,,,107.96,100.0,unknown,PER_ONE_DOLLAR_MOVE; exact dollar/contract scaling unverified,QuantData
2026-08-21T12:47:00-04:00,2027-03-19,75.0,put,-77267.0,-29845.0,,-2903753.0,,,,,73124555.0,113908224.0,-40783669.0,11496705.0,,4621868622.0,,,107.96,100.0,unknown,PER_ONE_DOLLAR_MOVE; exact dollar/contract scaling unverified,QuantData
2026-08-21T12:47:00-04:00,2027-03-19,80.0,call,71648.0,-20073.0,,11876650.0,,,,,73124555.0,113908224.0,-40783669.0,11496705.0,,4621868622.0,,,107.96,100.0,unknown,PER_ONE_DOLLAR_MOVE; exact dollar/contract scaling unverified,QuantData
2026-08-21T12:47:00-04:00,2027-03-19,80.0,put,-181363.0,-50701.0,,-7242721.0,,,,,73124555.0,113908224.0,-40783669.0,11496705.0,,4621868622.0,,,107.96,100.0,unknown,PER_ONE_DOLLAR_MOVE; exact dollar/contract scaling unverified,QuantData
2026-08-21T12:47:00-04:00,2027-03-19,85.0,call,63845.0,-12381.0,,9130730.0,,,,,73124555.0,113908224.0,-40783669.0,11496705.0,,4621868622.0,,,107.96,100.0,unknown,PER_ONE_DOLLAR_MOVE; exact dollar/contract scaling unverified,QuantData
2026-08-21T12:47:00-04:00,2027-03-19,85.0,put,-458637.0,-81363.0,,-19485252.0,,,,,73124555.0,113908224.0,-40783669.0,11496705.0,,4621868622.0,,,107.96,100.0,unknown,PER_ONE_DOLLAR_MOVE; exact dollar/contract scaling unverified,QuantData
2026-08-21T12:47:00-04:00,2027-03-19,90.0,call,159848.0,-17726.0,,20563704.0,,,,,73124555.0,113908224.0,-40783669.0,11496705.0,,4621868622.0,,,107.96,100.0,unknown,PER_ONE_DOLLAR_MOVE; exact dollar/contract scaling unverified,QuantData
2026-08-21T12:47:00-04:00,2027-03-19,90.0,put,-69790.0,-6409.0,,-3169456.0,,,,,73124555.0,113908224.0,-40783669.0,11496705.0,,4621868622.0,,,107.96,100.0,unknown,PER_ONE_DOLLAR_MOVE; exact dollar/contract scaling unverified,QuantData
2026-08-21T12:47:00-04:00,2027-03-19,95.0,call,45888.0,-1622.0,,5297077.0,,,,,73124555.0,113908224.0,-40783669.0,11496705.0,,4621868622.0,,,107.96,100.0,unknown,PER_ONE_DOLLAR_MOVE; exact dollar/contract scaling unverified,QuantData
2026-08-21T12:47:00-04:00,2027-03-19,95.0,put,-54138.0,452.0,,-2688538.0,,,,,73124555.0,113908224.0,-40783669.0,11496705.0,,4621868622.0,,,107.96,100.0,unknown,PER_ONE_DOLLAR_MOVE; exact dollar/contract scaling unverified,QuantData
2026-08-21T12:47:00-04:00,2027-03-19,100.0,call,268542.0,12862.0,,28105367.0,,,,,73124555.0,113908224.0,-40783669.0,11496705.0,,4621868622.0,,,107.96,100.0,unknown,PER_ONE_DOLLAR_MOVE; exact dollar/contract scaling unverified,QuantData
2026-08-21T12:47:00-04:00,2027-03-19,100.0,put,-26830.0,1687.0,,-1374526.0,,,,,73124555.0,113908224.0,-40783669.0,11496705.0,,4621868622.0,,,107.96,100.0,unknown,PER_ONE_DOLLAR_MOVE; exact dollar/contract scaling unverified,QuantData
2026-08-21T12:47:00-04:00,2027-03-19,105.0,call,535502.0,76004.0,,50216972.0,,,,,73124555.0,113908224.0,-40783669.0,11496705.0,,4621868622.0,,,107.96,100.0,unknown,PER_ONE_DOLLAR_MOVE; exact dollar/contract scaling unverified,QuantData
2026-08-21T12:47:00-04:00,2027-03-19,105.0,put,-52067.0,7073.0,,-2825505.0,,,,,73124555.0,113908224.0,-40783669.0,11496705.0,,4621868622.0,,,107.96,100.0,unknown,PER_ONE_DOLLAR_MOVE; exact dollar/contract scaling unverified,QuantData
2026-08-21T12:47:00-04:00,2027-03-19,110.0,call,84661.0,17257.0,,7299318.0,,,,,73124555.0,113908224.0,-40783669.0,11496705.0,,4621868622.0,,,107.96,100.0,unknown,PER_ONE_DOLLAR_MOVE; exact dollar/contract scaling unverified,QuantData
2026-08-21T12:47:00-04:00,2027-03-19,110.0,put,-40655.0,8928.0,,-2380731.0,,,,,73124555.0,113908224.0,-40783669.0,11496705.0,,4621868622.0,,,107.96,100.0,unknown,PER_ONE_DOLLAR_MOVE; exact dollar/contract scaling unverified,QuantData
2026-08-21T12:47:00-04:00,2027-03-19,115.0,call,59455.0,16519.0,,4791677.0,,,,,73124555.0,113908224.0,-40783669.0,11496705.0,,4621868622.0,,,107.96,100.0,unknown,PER_ONE_DOLLAR_MOVE; exact dollar/contract scaling unverified,QuantData
2026-08-21T12:47:00-04:00,2027-03-19,115.0,put,0.0,0.0,,0.0,,,,,73124555.0,113908224.0,-40783669.0,11496705.0,,4621868622.0,,,107.96,100.0,unknown,PER_ONE_DOLLAR_MOVE; exact dollar/contract scaling unverified,QuantData
2026-08-21T12:47:00-04:00,2027-03-19,120.0,call,90357.0,30512.0,,6831325.0,,,,,73124555.0,113908224.0,-40783669.0,11496705.0,,4621868622.0,,,107.96,100.0,unknown,PER_ONE_DOLLAR_MOVE; exact dollar/contract scaling unverified,QuantData
2026-08-21T12:47:00-04:00,2027-03-19,120.0,put,-44525.0,15559.0,,-2933407.0,,,,,73124555.0,113908224.0,-40783669.0,11496705.0,,4621868622.0,,,107.96,100.0,unknown,PER_ONE_DOLLAR_MOVE; exact dollar/contract scaling unverified,QuantData
2026-08-21T12:47:00-04:00,2027-03-19,125.0,call,110475.0,45119.0,,7723043.0,,,,,73124555.0,113908224.0,-40783669.0,11496705.0,,4621868622.0,,,107.96,100.0,unknown,PER_ONE_DOLLAR_MOVE; exact dollar/contract scaling unverified,QuantData
2026-08-21T12:47:00-04:00,2027-03-19,125.0,put,0.0,0.0,,0.0,,,,,73124555.0,113908224.0,-40783669.0,11496705.0,,4621868622.0,,,107.96,100.0,unknown,PER_ONE_DOLLAR_MOVE; exact dollar/contract scaling unverified,QuantData
2026-08-21T12:47:00-04:00,2027-03-19,130.0,call,95012.0,44495.0,,6291217.0,,,,,73124555.0,113908224.0,-40783669.0,11496705.0,,4621868622.0,,,107.96,100.0,unknown,PER_ONE_DOLLAR_MOVE; exact dollar/contract scaling unverified,QuantData
2026-08-21T12:47:00-04:00,2027-03-19,130.0,put,0.0,0.0,,0.0,,,,,73124555.0,113908224.0,-40783669.0,11496705.0,,4621868622.0,,,107.96,100.0,unknown,PER_ONE_DOLLAR_MOVE; exact dollar/contract scaling unverified,QuantData
2026-08-21T12:47:00-04:00,2027-03-19,135.0,call,33019.0,17313.0,,2092300.0,,,,,73124555.0,113908224.0,-40783669.0,11496705.0,,4621868622.0,,,107.96,100.0,unknown,PER_ONE_DOLLAR_MOVE; exact dollar/contract scaling unverified,QuantData
2026-08-21T12:47:00-04:00,2027-03-19,135.0,put,0.0,0.0,,0.0,,,,,73124555.0,113908224.0,-40783669.0,11496705.0,,4621868622.0,,,107.96,100.0,unknown,PER_ONE_DOLLAR_MOVE; exact dollar/contract scaling unverified,QuantData
2026-08-21T12:47:00-04:00,2027-03-19,140.0,call,73110.0,43013.0,,4306769.0,,,,,73124555.0,113908224.0,-40783669.0,11496705.0,,4621868622.0,,,107.96,100.0,unknown,PER_ONE_DOLLAR_MOVE; exact dollar/contract scaling unverified,QuantData
2026-08-21T12:47:00-04:00,2027-03-19,140.0,put,0.0,0.0,,0.0,,,,,73124555.0,113908224.0,-40783669.0,11496705.0,,4621868622.0,,,107.96,100.0,unknown,PER_ONE_DOLLAR_MOVE; exact dollar/contract scaling unverified,QuantData
2026-08-21T12:47:00-04:00,2027-03-19,145.0,call,48804.0,30876.0,,2908571.0,,,,,73124555.0,113908224.0,-40783669.0,11496705.0,,4621868622.0,,,107.96,100.0,unknown,PER_ONE_DOLLAR_MOVE; exact dollar/contract scaling unverified,QuantData
2026-08-21T12:47:00-04:00,2027-03-19,145.0,put,0.0,0.0,,0.0,,,,,73124555.0,113908224.0,-40783669.0,11496705.0,,4621868622.0,,,107.96,100.0,unknown,PER_ONE_DOLLAR_MOVE; exact dollar/contract scaling unverified,QuantData
2026-08-21T12:47:00-04:00,2027-03-19,150.0,call,93537.0,64715.0,,5110449.0,,,,,73124555.0,113908224.0,-40783669.0,11496705.0,,4621868622.0,,,107.96,100.0,unknown,PER_ONE_DOLLAR_MOVE; exact dollar/contract scaling unverified,QuantData
2026-08-21T12:47:00-04:00,2027-03-19,150.0,put,-6303.0,4268.0,,-597277.0,,,,,73124555.0,113908224.0,-40783669.0,11496705.0,,4621868622.0,,,107.96,100.0,unknown,PER_ONE_DOLLAR_MOVE; exact dollar/contract scaling unverified,QuantData
2026-08-21T12:47:00-04:00,2027-03-19,155.0,call,18439.0,13725.0,,966197.0,,,,,73124555.0,113908224.0,-40783669.0,11496705.0,,4621868622.0,,,107.96,100.0,unknown,PER_ONE_DOLLAR_MOVE; exact dollar/contract scaling unverified,QuantData
2026-08-21T12:47:00-04:00,2027-03-19,155.0,put,0.0,0.0,,0.0,,,,,73124555.0,113908224.0,-40783669.0,11496705.0,,4621868622.0,,,107.96,100.0,unknown,PER_ONE_DOLLAR_MOVE; exact dollar/contract scaling unverified,QuantData
2026-08-21T12:47:00-04:00,2027-03-19,160.0,call,46914.0,37164.0,,2375707.0,,,,,73124555.0,113908224.0,-40783669.0,11496705.0,,4621868622.0,,,107.96,100.0,unknown,PER_ONE_DOLLAR_MOVE; exact dollar/contract scaling unverified,QuantData
2026-08-21T12:47:00-04:00,2027-03-19,160.0,put,-7441.0,6044.0,,-826237.0,,,,,73124555.0,113908224.0,-40783669.0,11496705.0,,4621868622.0,,,107.96,100.0,unknown,PER_ONE_DOLLAR_MOVE; exact dollar/contract scaling unverified,QuantData
2026-08-21T12:47:00-04:00,2027-03-19,165.0,call,25215.0,21014.0,,1257411.0,,,,,73124555.0,113908224.0,-40783669.0,11496705.0,,4621868622.0,,,107.96,100.0,unknown,PER_ONE_DOLLAR_MOVE; exact dollar/contract scaling unverified,QuantData
2026-08-21T12:47:00-04:00,2027-03-19,165.0,put,0.0,0.0,,0.0,,,,,73124555.0,113908224.0,-40783669.0,11496705.0,,4621868622.0,,,107.96,100.0,unknown,PER_ONE_DOLLAR_MOVE; exact dollar/contract scaling unverified,QuantData
2026-08-21T12:47:00-04:00,2027-03-19,170.0,call,45778.0,40349.0,,2189683.0,,,,,73124555.0,113908224.0,-40783669.0,11496705.0,,4621868622.0,,,107.96,100.0,unknown,PER_ONE_DOLLAR_MOVE; exact dollar/contract scaling unverified,QuantData
2026-08-21T12:47:00-04:00,2027-03-19,170.0,put,0.0,0.0,,0.0,,,,,73124555.0,113908224.0,-40783669.0,11496705.0,,4621868622.0,,,107.96,100.0,unknown,PER_ONE_DOLLAR_MOVE; exact dollar/contract scaling unverified,QuantData
2026-08-21T12:47:00-04:00,2027-03-19,175.0,call,29315.0,27240.0,,1341511.0,,,,,73124555.0,113908224.0,-40783669.0,11496705.0,,4621868622.0,,,107.96,100.0,unknown,PER_ONE_DOLLAR_MOVE; exact dollar/contract scaling unverified,QuantData
2026-08-21T12:47:00-04:00,2027-03-19,175.0,put,0.0,0.0,,0.0,,,,,73124555.0,113908224.0,-40783669.0,11496705.0,,4621868622.0,,,107.96,100.0,unknown,PER_ONE_DOLLAR_MOVE; exact dollar/contract scaling unverified,QuantData
2026-08-21T12:47:00-04:00,2027-03-19,180.0,call,52985.0,51193.0,,2397220.0,,,,,73124555.0,113908224.0,-40783669.0,11496705.0,,4621868622.0,,,107.96,100.0,unknown,PER_ONE_DOLLAR_MOVE; exact dollar/contract scaling unverified,QuantData
2026-08-21T12:47:00-04:00,2027-03-19,180.0,put,0.0,0.0,,0.0,,,,,73124555.0,113908224.0,-40783669.0,11496705.0,,4621868622.0,,,107.96,100.0,unknown,PER_ONE_DOLLAR_MOVE; exact dollar/contract scaling unverified,QuantData
2026-08-21T12:47:00-04:00,2027-03-19,185.0,call,19579.0,19756.0,,855335.0,,,,,73124555.0,113908224.0,-40783669.0,11496705.0,,4621868622.0,,,107.96,100.0,unknown,PER_ONE_DOLLAR_MOVE; exact dollar/contract scaling unverified,QuantData
2026-08-21T12:47:00-04:00,2027-03-19,185.0,put,0.0,0.0,,0.0,,,,,73124555.0,113908224.0,-40783669.0,11496705.0,,4621868622.0,,,107.96,100.0,unknown,PER_ONE_DOLLAR_MOVE; exact dollar/contract scaling unverified,QuantData
2026-08-21T12:47:00-04:00,2027-03-19,190.0,call,16041.0,16778.0,,690749.0,,,,,73124555.0,113908224.0,-40783669.0,11496705.0,,4621868622.0,,,107.96,100.0,unknown,PER_ONE_DOLLAR_MOVE; exact dollar/contract scaling unverified,QuantData
2026-08-21T12:47:00-04:00,2027-03-19,190.0,put,0.0,0.0,,0.0,,,,,73124555.0,113908224.0,-40783669.0,11496705.0,,4621868622.0,,,107.96,100.0,unknown,PER_ONE_DOLLAR_MOVE; exact dollar/contract scaling unverified,QuantData
2026-08-21T12:47:00-04:00,2027-03-19,200.0,call,87156.0,98008.0,,3539158.0,,,,,73124555.0,113908224.0,-40783669.0,11496705.0,,4621868622.0,,,107.96,100.0,unknown,PER_ONE_DOLLAR_MOVE; exact dollar/contract scaling unverified,QuantData
2026-08-21T12:47:00-04:00,2027-03-19,200.0,put,0.0,0.0,,0.0,,,,,73124555.0,113908224.0,-40783669.0,11496705.0,,4621868622.0,,,107.96,100.0,unknown,PER_ONE_DOLLAR_MOVE; exact dollar/contract scaling unverified,QuantData
2026-08-21T12:47:00-04:00,2027-03-19,210.0,call,33933.0,40489.0,,1337519.0,,,,,73124555.0,113908224.0,-40783669.0,11496705.0,,4621868622.0,,,107.96,100.0,unknown,PER_ONE_DOLLAR_MOVE; exact dollar/contract scaling unverified,QuantData
2026-08-21T12:47:00-04:00,2027-03-19,210.0,put,0.0,0.0,,0.0,,,,,73124555.0,113908224.0,-40783669.0,11496705.0,,4621868622.0,,,107.96,100.0,unknown,PER_ONE_DOLLAR_MOVE; exact dollar/contract scaling unverified,QuantData
2026-08-21T12:47:00-04:00,2027-03-19,220.0,call,21128.0,26296.0,,819811.0,,,,,73124555.0,113908224.0,-40783669.0,11496705.0,,4621868622.0,,,107.96,100.0,unknown,PER_ONE_DOLLAR_MOVE; exact dollar/contract scaling unverified,QuantData
2026-08-21T12:47:00-04:00,2027-03-19,220.0,put,0.0,0.0,,0.0,,,,,73124555.0,113908224.0,-40783669.0,11496705.0,,4621868622.0,,,107.96,100.0,unknown,PER_ONE_DOLLAR_MOVE; exact dollar/contract scaling unverified,QuantData
2026-08-21T12:47:00-04:00,2027-03-19,230.0,call,23310.0,30560.0,,873976.0,,,,,73124555.0,113908224.0,-40783669.0,11496705.0,,4621868622.0,,,107.96,100.0,unknown,PER_ONE_DOLLAR_MOVE; exact dollar/contract scaling unverified,QuantData
2026-08-21T12:47:00-04:00,2027-03-19,230.0,put,0.0,0.0,,0.0,,,,,73124555.0,113908224.0,-40783669.0,11496705.0,,4621868622.0,,,107.96,100.0,unknown,PER_ONE_DOLLAR_MOVE; exact dollar/contract scaling unverified,QuantData
2026-08-21T12:47:00-04:00,2027-03-19,240.0,call,8431.0,12041.0,,268474.0,,,,,73124555.0,113908224.0,-40783669.0,11496705.0,,4621868622.0,,,107.96,100.0,unknown,PER_ONE_DOLLAR_MOVE; exact dollar/contract scaling unverified,QuantData
2026-08-21T12:47:00-04:00,2027-03-19,240.0,put,0.0,0.0,,0.0,,,,,73124555.0,113908224.0,-40783669.0,11496705.0,,4621868622.0,,,107.96,100.0,unknown,PER_ONE_DOLLAR_MOVE; exact dollar/contract scaling unverified,QuantData
2026-08-21T12:47:00-04:00,2027-03-19,250.0,call,10485.0,14989.0,,369541.0,,,,,73124555.0,113908224.0,-40783669.0,11496705.0,,4621868622.0,,,107.96,100.0,unknown,PER_ONE_DOLLAR_MOVE; exact dollar/contract scaling unverified,QuantData
2026-08-21T12:47:00-04:00,2027-03-19,250.0,put,0.0,0.0,,0.0,,,,,73124555.0,113908224.0,-40783669.0,11496705.0,,4621868622.0,,,107.96,100.0,unknown,PER_ONE_DOLLAR_MOVE; exact dollar/contract scaling unverified,QuantData
2026-08-21T12:47:00-04:00,2027-03-19,270.0,call,8523.0,13011.0,,289828.0,,,,,73124555.0,113908224.0,-40783669.0,11496705.0,,4621868622.0,,,107.96,100.0,unknown,PER_ONE_DOLLAR_MOVE; exact dollar/contract scaling unverified,QuantData
2026-08-21T12:47:00-04:00,2027-03-19,270.0,put,0.0,0.0,,0.0,,,,,73124555.0,113908224.0,-40783669.0,11496705.0,,4621868622.0,,,107.96,100.0,unknown,PER_ONE_DOLLAR_MOVE; exact dollar/contract scaling unverified,QuantData
2026-08-21T12:47:00-04:00,2027-03-19,280.0,call,23759.0,37428.0,,774200.0,,,,,73124555.0,113908224.0,-40783669.0,11496705.0,,4621868622.0,,,107.96,100.0,unknown,PER_ONE_DOLLAR_MOVE; exact dollar/contract scaling unverified,QuantData
2026-08-21T12:47:00-04:00,2027-03-19,280.0,put,0.0,0.0,,0.0,,,,,73124555.0,113908224.0,-40783669.0,11496705.0,,4621868622.0,,,107.96,100.0,unknown,PER_ONE_DOLLAR_MOVE; exact dollar/contract scaling unverified,QuantData
2026-08-21T12:47:00-04:00,2027-03-19,290.0,call,74638.0,119764.0,,2433151.0,,,,,73124555.0,113908224.0,-40783669.0,11496705.0,,4621868622.0,,,107.96,100.0,unknown,PER_ONE_DOLLAR_MOVE; exact dollar/contract scaling unverified,QuantData
2026-08-21T12:47:00-04:00,2027-03-19,290.0,put,0.0,0.0,,0.0,,,,,73124555.0,113908224.0,-40783669.0,11496705.0,,4621868622.0,,,107.96,100.0,unknown,PER_ONE_DOLLAR_MOVE; exact dollar/contract scaling unverified,QuantData
2026-08-21T12:47:00-04:00,2027-04-16,55.0,call,0.0,0.0,,0.0,,,,,73124555.0,113908224.0,-40783669.0,11496705.0,,4621868622.0,,,107.96,100.0,unknown,PER_ONE_DOLLAR_MOVE; exact dollar/contract scaling unverified,QuantData
2026-08-21T12:47:00-04:00,2027-04-16,55.0,put,-2441.0,-1902.0,,-80309.0,,,,,73124555.0,113908224.0,-40783669.0,11496705.0,,4621868622.0,,,107.96,100.0,unknown,PER_ONE_DOLLAR_MOVE; exact dollar/contract scaling unverified,QuantData
2026-08-21T12:47:00-04:00,2027-04-16,65.0,call,983.0,-560.0,,274452.0,,,,,73124555.0,113908224.0,-40783669.0,11496705.0,,4621868622.0,,,107.96,100.0,unknown,PER_ONE_DOLLAR_MOVE; exact dollar/contract scaling unverified,QuantData
2026-08-21T12:47:00-04:00,2027-04-16,65.0,put,-39415.0,-21879.0,,-1436025.0,,,,,73124555.0,113908224.0,-40783669.0,11496705.0,,4621868622.0,,,107.96,100.0,unknown,PER_ONE_DOLLAR_MOVE; exact dollar/contract scaling unverified,QuantData
2026-08-21T12:47:00-04:00,2027-04-16,70.0,call,3151.0,-1558.0,,757161.0,,,,,73124555.0,113908224.0,-40783669.0,11496705.0,,4621868622.0,,,107.96,100.0,unknown,PER_ONE_DOLLAR_MOVE; exact dollar/contract scaling unverified,QuantData
2026-08-21T12:47:00-04:00,2027-04-16,70.0,put,0.0,0.0,,0.0,,,,,73124555.0,113908224.0,-40783669.0,11496705.0,,4621868622.0,,,107.96,100.0,unknown,PER_ONE_DOLLAR_MOVE; exact dollar/contract scaling unverified,QuantData
2026-08-21T12:47:00-04:00,2027-04-16,75.0,call,7583.0,-2812.0,,1523915.0,,,,,73124555.0,113908224.0,-40783669.0,11496705.0,,4621868622.0,,,107.96,100.0,unknown,PER_ONE_DOLLAR_MOVE; exact dollar/contract scaling unverified,QuantData
2026-08-21T12:47:00-04:00,2027-04-16,75.0,put,-41979.0,-14432.0,,-1700487.0,,,,,73124555.0,113908224.0,-40783669.0,11496705.0,,4621868622.0,,,107.96,100.0,unknown,PER_ONE_DOLLAR_MOVE; exact dollar/contract scaling unverified,QuantData
2026-08-21T12:47:00-04:00,2027-04-16,80.0,call,28897.0,-8859.0,,4981421.0,,,,,73124555.0,113908224.0,-40783669.0,11496705.0,,4621868622.0,,,107.96,100.0,unknown,PER_ONE_DOLLAR_MOVE; exact dollar/contract scaling unverified,QuantData
2026-08-21T12:47:00-04:00,2027-04-16,80.0,put,-3597.0,-845.0,,-155189.0,,,,,73124555.0,113908224.0,-40783669.0,11496705.0,,4621868622.0,,,107.96,100.0,unknown,PER_ONE_DOLLAR_MOVE; exact dollar/contract scaling unverified,QuantData
2026-08-21T12:47:00-04:00,2027-04-16,85.0,call,5650.0,-1110.0,,805238.0,,,,,73124555.0,113908224.0,-40783669.0,11496705.0,,4621868622.0,,,107.96,100.0,unknown,PER_ONE_DOLLAR_MOVE; exact dollar/contract scaling unverified,QuantData
2026-08-21T12:47:00-04:00,2027-04-16,85.0,put,0.0,0.0,,0.0,,,,,73124555.0,113908224.0,-40783669.0,11496705.0,,4621868622.0,,,107.96,100.0,unknown,PER_ONE_DOLLAR_MOVE; exact dollar/contract scaling unverified,QuantData
2026-08-21T12:47:00-04:00,2027-04-16,90.0,call,6956.0,114.0,,722965.0,,,,,73124555.0,113908224.0,-40783669.0,11496705.0,,4621868622.0,,,107.96,100.0,unknown,PER_ONE_DOLLAR_MOVE; exact dollar/contract scaling unverified,QuantData
2026-08-21T12:47:00-04:00,2027-04-16,90.0,put,-29032.0,-1642.0,,-1429029.0,,,,,73124555.0,113908224.0,-40783669.0,11496705.0,,4621868622.0,,,107.96,100.0,unknown,PER_ONE_DOLLAR_MOVE; exact dollar/contract scaling unverified,QuantData
2026-08-21T12:47:00-04:00,2027-04-16,95.0,call,28021.0,-481.0,,3413269.0,,,,,73124555.0,113908224.0,-40783669.0,11496705.0,,4621868622.0,,,107.96,100.0,unknown,PER_ONE_DOLLAR_MOVE; exact dollar/contract scaling unverified,QuantData
2026-08-21T12:47:00-04:00,2027-04-16,95.0,put,-8820.0,202.0,,-458853.0,,,,,73124555.0,113908224.0,-40783669.0,11496705.0,,4621868622.0,,,107.96,100.0,unknown,PER_ONE_DOLLAR_MOVE; exact dollar/contract scaling unverified,QuantData
2026-08-21T12:47:00-04:00,2027-04-16,100.0,call,19797.0,1791.0,,2200007.0,,,,,73124555.0,113908224.0,-40783669.0,11496705.0,,4621868622.0,,,107.96,100.0,unknown,PER_ONE_DOLLAR_MOVE; exact dollar/contract scaling unverified,QuantData
2026-08-21T12:47:00-04:00,2027-04-16,100.0,put,-4985.0,445.0,,-269732.0,,,,,73124555.0,113908224.0,-40783669.0,11496705.0,,4621868622.0,,,107.96,100.0,unknown,PER_ONE_DOLLAR_MOVE; exact dollar/contract scaling unverified,QuantData
2026-08-21T12:47:00-04:00,2027-04-16,105.0,call,37671.0,6126.0,,3761467.0,,,,,73124555.0,113908224.0,-40783669.0,11496705.0,,4621868622.0,,,107.96,100.0,unknown,PER_ONE_DOLLAR_MOVE; exact dollar/contract scaling unverified,QuantData
2026-08-21T12:47:00-04:00,2027-04-16,105.0,put,-5055.0,933.0,,-294202.0,,,,,73124555.0,113908224.0,-40783669.0,11496705.0,,4621868622.0,,,107.96,100.0,unknown,PER_ONE_DOLLAR_MOVE; exact dollar/contract scaling unverified,QuantData
2026-08-21T12:47:00-04:00,2027-04-16,110.0,call,7882.0,1735.0,,720596.0,,,,,73124555.0,113908224.0,-40783669.0,11496705.0,,4621868622.0,,,107.96,100.0,unknown,PER_ONE_DOLLAR_MOVE; exact dollar/contract scaling unverified,QuantData
2026-08-21T12:47:00-04:00,2027-04-16,110.0,put,0.0,0.0,,0.0,,,,,73124555.0,113908224.0,-40783669.0,11496705.0,,4621868622.0,,,107.96,100.0,unknown,PER_ONE_DOLLAR_MOVE; exact dollar/contract scaling unverified,QuantData
2026-08-21T12:47:00-04:00,2027-04-16,115.0,call,10194.0,3010.0,,884277.0,,,,,73124555.0,113908224.0,-40783669.0,11496705.0,,4621868622.0,,,107.96,100.0,unknown,PER_ONE_DOLLAR_MOVE; exact dollar/contract scaling unverified,QuantData
2026-08-21T12:47:00-04:00,2027-04-16,115.0,put,0.0,0.0,,0.0,,,,,73124555.0,113908224.0,-40783669.0,11496705.0,,4621868622.0,,,107.96,100.0,unknown,PER_ONE_DOLLAR_MOVE; exact dollar/contract scaling unverified,QuantData
2026-08-21T12:47:00-04:00,2027-04-16,120.0,call,5029.0,1827.0,,414960.0,,,,,73124555.0,113908224.0,-40783669.0,11496705.0,,4621868622.0,,,107.96,100.0,unknown,PER_ONE_DOLLAR_MOVE; exact dollar/contract scaling unverified,QuantData
2026-08-21T12:47:00-04:00,2027-04-16,120.0,put,0.0,0.0,,0.0,,,,,73124555.0,113908224.0,-40783669.0,11496705.0,,4621868622.0,,,107.96,100.0,unknown,PER_ONE_DOLLAR_MOVE; exact dollar/contract scaling unverified,QuantData
2026-08-21T12:47:00-04:00,2027-04-16,125.0,call,52050.0,23088.0,,3996906.0,,,,,73124555.0,113908224.0,-40783669.0,11496705.0,,4621868622.0,,,107.96,100.0,unknown,PER_ONE_DOLLAR_MOVE; exact dollar/contract scaling unverified,QuantData
2026-08-21T12:47:00-04:00,2027-04-16,125.0,put,0.0,0.0,,0.0,,,,,73124555.0,113908224.0,-40783669.0,11496705.0,,4621868622.0,,,107.96,100.0,unknown,PER_ONE_DOLLAR_MOVE; exact dollar/contract scaling unverified,QuantData
2026-08-21T12:47:00-04:00,2027-04-16,135.0,call,8256.0,4597.0,,572827.0,,,,,73124555.0,113908224.0,-40783669.0,11496705.0,,4621868622.0,,,107.96,100.0,unknown,PER_ONE_DOLLAR_MOVE; exact dollar/contract scaling unverified,QuantData
2026-08-21T12:47:00-04:00,2027-04-16,135.0,put,0.0,0.0,,0.0,,,,,73124555.0,113908224.0,-40783669.0,11496705.0,,4621868622.0,,,107.96,100.0,unknown,PER_ONE_DOLLAR_MOVE; exact dollar/contract scaling unverified,QuantData
2026-08-21T12:47:00-04:00,2027-04-16,140.0,call,12799.0,7784.0,,879336.0,,,,,73124555.0,113908224.0,-40783669.0,11496705.0,,4621868622.0,,,107.96,100.0,unknown,PER_ONE_DOLLAR_MOVE; exact dollar/contract scaling unverified,QuantData
2026-08-21T12:47:00-04:00,2027-04-16,140.0,put,0.0,0.0,,0.0,,,,,73124555.0,113908224.0,-40783669.0,11496705.0,,4621868622.0,,,107.96,100.0,unknown,PER_ONE_DOLLAR_MOVE; exact dollar/contract scaling unverified,QuantData
2026-08-21T12:47:00-04:00,2027-04-16,145.0,call,15706.0,10509.0,,972670.0,,,,,73124555.0,113908224.0,-40783669.0,11496705.0,,4621868622.0,,,107.96,100.0,unknown,PER_ONE_DOLLAR_MOVE; exact dollar/contract scaling unverified,QuantData
2026-08-21T12:47:00-04:00,2027-04-16,145.0,put,0.0,0.0,,0.0,,,,,73124555.0,113908224.0,-40783669.0,11496705.0,,4621868622.0,,,107.96,100.0,unknown,PER_ONE_DOLLAR_MOVE; exact dollar/contract scaling unverified,QuantData
2026-08-21T12:47:00-04:00,2027-04-16,150.0,call,253340.0,181695.0,,15245059.0,,,,,73124555.0,113908224.0,-40783669.0,11496705.0,,4621868622.0,,,107.96,100.0,unknown,PER_ONE_DOLLAR_MOVE; exact dollar/contract scaling unverified,QuantData
2026-08-21T12:47:00-04:00,2027-04-16,150.0,put,0.0,0.0,,0.0,,,,,73124555.0,113908224.0,-40783669.0,11496705.0,,4621868622.0,,,107.96,100.0,unknown,PER_ONE_DOLLAR_MOVE; exact dollar/contract scaling unverified,QuantData
2026-08-21T12:47:00-04:00,2027-04-16,155.0,call,12691.0,9664.0,,727299.0,,,,,73124555.0,113908224.0,-40783669.0,11496705.0,,4621868622.0,,,107.96,100.0,unknown,PER_ONE_DOLLAR_MOVE; exact dollar/contract scaling unverified,QuantData
2026-08-21T12:47:00-04:00,2027-04-16,155.0,put,0.0,0.0,,0.0,,,,,73124555.0,113908224.0,-40783669.0,11496705.0,,4621868622.0,,,107.96,100.0,unknown,PER_ONE_DOLLAR_MOVE; exact dollar/contract scaling unverified,QuantData
2026-08-21T12:47:00-04:00,2027-04-16,160.0,call,13850.0,11340.0,,769789.0,,,,,73124555.0,113908224.0,-40783669.0,11496705.0,,4621868622.0,,,107.96,100.0,unknown,PER_ONE_DOLLAR_MOVE; exact dollar/contract scaling unverified,QuantData
2026-08-21T12:47:00-04:00,2027-04-16,160.0,put,0.0,0.0,,0.0,,,,,73124555.0,113908224.0,-40783669.0,11496705.0,,4621868622.0,,,107.96,100.0,unknown,PER_ONE_DOLLAR_MOVE; exact dollar/contract scaling unverified,QuantData
2026-08-21T12:47:00-04:00,2027-04-16,170.0,call,12556.0,11456.0,,649800.0,,,,,73124555.0,113908224.0,-40783669.0,11496705.0,,4621868622.0,,,107.96,100.0,unknown,PER_ONE_DOLLAR_MOVE; exact dollar/contract scaling unverified,QuantData
2026-08-21T12:47:00-04:00,2027-04-16,170.0,put,0.0,0.0,,0.0,,,,,73124555.0,113908224.0,-40783669.0,11496705.0,,4621868622.0,,,107.96,100.0,unknown,PER_ONE_DOLLAR_MOVE; exact dollar/contract scaling unverified,QuantData
2026-08-21T12:47:00-04:00,2027-04-16,180.0,call,55079.0,54669.0,,2747105.0,,,,,73124555.0,113908224.0,-40783669.0,11496705.0,,4621868622.0,,,107.96,100.0,unknown,PER_ONE_DOLLAR_MOVE; exact dollar/contract scaling unverified,QuantData
2026-08-21T12:47:00-04:00,2027-04-16,180.0,put,0.0,0.0,,0.0,,,,,73124555.0,113908224.0,-40783669.0,11496705.0,,4621868622.0,,,107.96,100.0,unknown,PER_ONE_DOLLAR_MOVE; exact dollar/contract scaling unverified,QuantData
2026-08-21T12:47:00-04:00,2027-05-21,70.0,call,0.0,0.0,,0.0,,,,,73124555.0,113908224.0,-40783669.0,11496705.0,,4621868622.0,,,107.96,100.0,unknown,PER_ONE_DOLLAR_MOVE; exact dollar/contract scaling unverified,QuantData
2026-08-21T12:47:00-04:00,2027-05-21,70.0,put,-3356.0,-1282.0,,-142635.0,,,,,73124555.0,113908224.0,-40783669.0,11496705.0,,4621868622.0,,,107.96,100.0,unknown,PER_ONE_DOLLAR_MOVE; exact dollar/contract scaling unverified,QuantData
2026-08-21T12:47:00-04:00,2027-05-21,75.0,call,24564.0,-8358.0,,5272188.0,,,,,73124555.0,113908224.0,-40783669.0,11496705.0,,4621868622.0,,,107.96,100.0,unknown,PER_ONE_DOLLAR_MOVE; exact dollar/contract scaling unverified,QuantData
2026-08-21T12:47:00-04:00,2027-05-21,75.0,put,0.0,0.0,,0.0,,,,,73124555.0,113908224.0,-40783669.0,11496705.0,,4621868622.0,,,107.96,100.0,unknown,PER_ONE_DOLLAR_MOVE; exact dollar/contract scaling unverified,QuantData
2026-08-21T12:47:00-04:00,2027-05-21,80.0,call,5727.0,-1299.0,,1053030.0,,,,,73124555.0,113908224.0,-40783669.0,11496705.0,,4621868622.0,,,107.96,100.0,unknown,PER_ONE_DOLLAR_MOVE; exact dollar/contract scaling unverified,QuantData
2026-08-21T12:47:00-04:00,2027-05-21,80.0,put,-2979.0,-657.0,,-140171.0,,,,,73124555.0,113908224.0,-40783669.0,11496705.0,,4621868622.0,,,107.96,100.0,unknown,PER_ONE_DOLLAR_MOVE; exact dollar/contract scaling unverified,QuantData
2026-08-21T12:47:00-04:00,2027-05-21,85.0,call,9578.0,-1324.0,,1501476.0,,,,,73124555.0,113908224.0,-40783669.0,11496705.0,,4621868622.0,,,107.96,100.0,unknown,PER_ONE_DOLLAR_MOVE; exact dollar/contract scaling unverified,QuantData
2026-08-21T12:47:00-04:00,2027-05-21,85.0,put,-1657.0,-184.0,,-83387.0,,,,,73124555.0,113908224.0,-40783669.0,11496705.0,,4621868622.0,,,107.96,100.0,unknown,PER_ONE_DOLLAR_MOVE; exact dollar/contract scaling unverified,QuantData
2026-08-21T12:47:00-04:00,2027-05-21,90.0,call,8911.0,-433.0,,1298162.0,,,,,73124555.0,113908224.0,-40783669.0,11496705.0,,4621868622.0,,,107.96,100.0,unknown,PER_ONE_DOLLAR_MOVE; exact dollar/contract scaling unverified,QuantData
2026-08-21T12:47:00-04:00,2027-05-21,90.0,put,-4900.0,-91.0,,-256506.0,,,,,73124555.0,113908224.0,-40783669.0,11496705.0,,4621868622.0,,,107.96,100.0,unknown,PER_ONE_DOLLAR_MOVE; exact dollar/contract scaling unverified,QuantData
2026-08-21T12:47:00-04:00,2027-05-21,95.0,call,14545.0,282.0,,1957827.0,,,,,73124555.0,113908224.0,-40783669.0,11496705.0,,4621868622.0,,,107.96,100.0,unknown,PER_ONE_DOLLAR_MOVE; exact dollar/contract scaling unverified,QuantData
2026-08-21T12:47:00-04:00,2027-05-21,95.0,put,-6570.0,365.0,,-364052.0,,,,,73124555.0,113908224.0,-40783669.0,11496705.0,,4621868622.0,,,107.96,100.0,unknown,PER_ONE_DOLLAR_MOVE; exact dollar/contract scaling unverified,QuantData
2026-08-21T12:47:00-04:00,2027-05-21,100.0,call,19072.0,2046.0,,2354184.0,,,,,73124555.0,113908224.0,-40783669.0,11496705.0,,4621868622.0,,,107.96,100.0,unknown,PER_ONE_DOLLAR_MOVE; exact dollar/contract scaling unverified,QuantData
2026-08-21T12:47:00-04:00,2027-05-21,100.0,put,-11990.0,1574.0,,-699881.0,,,,,73124555.0,113908224.0,-40783669.0,11496705.0,,4621868622.0,,,107.96,100.0,unknown,PER_ONE_DOLLAR_MOVE; exact dollar/contract scaling unverified,QuantData
2026-08-21T12:47:00-04:00,2027-05-21,105.0,call,9737.0,1830.0,,1065625.0,,,,,73124555.0,113908224.0,-40783669.0,11496705.0,,4621868622.0,,,107.96,100.0,unknown,PER_ONE_DOLLAR_MOVE; exact dollar/contract scaling unverified,QuantData
2026-08-21T12:47:00-04:00,2027-05-21,105.0,put,-10501.0,1884.0,,-650864.0,,,,,73124555.0,113908224.0,-40783669.0,11496705.0,,4621868622.0,,,107.96,100.0,unknown,PER_ONE_DOLLAR_MOVE; exact dollar/contract scaling unverified,QuantData
2026-08-21T12:47:00-04:00,2027-05-21,110.0,call,14519.0,3668.0,,1516594.0,,,,,73124555.0,113908224.0,-40783669.0,11496705.0,,4621868622.0,,,107.96,100.0,unknown,PER_ONE_DOLLAR_MOVE; exact dollar/contract scaling unverified,QuantData
2026-08-21T12:47:00-04:00,2027-05-21,110.0,put,-7793.0,2197.0,,-503623.0,,,,,73124555.0,113908224.0,-40783669.0,11496705.0,,4621868622.0,,,107.96,100.0,unknown,PER_ONE_DOLLAR_MOVE; exact dollar/contract scaling unverified,QuantData
2026-08-21T12:47:00-04:00,2027-05-21,115.0,call,27796.0,8566.0,,2886328.0,,,,,73124555.0,113908224.0,-40783669.0,11496705.0,,4621868622.0,,,107.96,100.0,unknown,PER_ONE_DOLLAR_MOVE; exact dollar/contract scaling unverified,QuantData
2026-08-21T12:47:00-04:00,2027-05-21,115.0,put,0.0,0.0,,0.0,,,,,73124555.0,113908224.0,-40783669.0,11496705.0,,4621868622.0,,,107.96,100.0,unknown,PER_ONE_DOLLAR_MOVE; exact dollar/contract scaling unverified,QuantData
2026-08-21T12:47:00-04:00,2027-05-21,120.0,call,15771.0,6885.0,,1242561.0,,,,,73124555.0,113908224.0,-40783669.0,11496705.0,,4621868622.0,,,107.96,100.0,unknown,PER_ONE_DOLLAR_MOVE; exact dollar/contract scaling unverified,QuantData
2026-08-21T12:47:00-04:00,2027-05-21,120.0,put,0.0,0.0,,0.0,,,,,73124555.0,113908224.0,-40783669.0,11496705.0,,4621868622.0,,,107.96,100.0,unknown,PER_ONE_DOLLAR_MOVE; exact dollar/contract scaling unverified,QuantData
2026-08-21T12:47:00-04:00,2027-05-21,125.0,call,13265.0,6187.0,,1115104.0,,,,,73124555.0,113908224.0,-40783669.0,11496705.0,,4621868622.0,,,107.96,100.0,unknown,PER_ONE_DOLLAR_MOVE; exact dollar/contract scaling unverified,QuantData
2026-08-21T12:47:00-04:00,2027-05-21,125.0,put,-256.0,118.0,,-19392.0,,,,,73124555.0,113908224.0,-40783669.0,11496705.0,,4621868622.0,,,107.96,100.0,unknown,PER_ONE_DOLLAR_MOVE; exact dollar/contract scaling unverified,QuantData
2026-08-21T12:47:00-04:00,2027-05-21,130.0,call,11641.0,6081.0,,993369.0,,,,,73124555.0,113908224.0,-40783669.0,11496705.0,,4621868622.0,,,107.96,100.0,unknown,PER_ONE_DOLLAR_MOVE; exact dollar/contract scaling unverified,QuantData
2026-08-21T12:47:00-04:00,2027-05-21,130.0,put,-250.0,127.0,,-20132.0,,,,,73124555.0,113908224.0,-40783669.0,11496705.0,,4621868622.0,,,107.96,100.0,unknown,PER_ONE_DOLLAR_MOVE; exact dollar/contract scaling unverified,QuantData
2026-08-21T12:47:00-04:00,2027-05-21,135.0,call,5895.0,3462.0,,442848.0,,,,,73124555.0,113908224.0,-40783669.0,11496705.0,,4621868622.0,,,107.96,100.0,unknown,PER_ONE_DOLLAR_MOVE; exact dollar/contract scaling unverified,QuantData
2026-08-21T12:47:00-04:00,2027-05-21,135.0,put,-63.0,37.0,,-5342.0,,,,,73124555.0,113908224.0,-40783669.0,11496705.0,,4621868622.0,,,107.96,100.0,unknown,PER_ONE_DOLLAR_MOVE; exact dollar/contract scaling unverified,QuantData
2026-08-21T12:47:00-04:00,2027-05-21,140.0,call,6799.0,4313.0,,507762.0,,,,,73124555.0,113908224.0,-40783669.0,11496705.0,,4621868622.0,,,107.96,100.0,unknown,PER_ONE_DOLLAR_MOVE; exact dollar/contract scaling unverified,QuantData
2026-08-21T12:47:00-04:00,2027-05-21,140.0,put,0.0,0.0,,0.0,,,,,73124555.0,113908224.0,-40783669.0,11496705.0,,4621868622.0,,,107.96,100.0,unknown,PER_ONE_DOLLAR_MOVE; exact dollar/contract scaling unverified,QuantData
2026-08-21T12:47:00-04:00,2027-05-21,145.0,call,8441.0,5725.0,,631564.0,,,,,73124555.0,113908224.0,-40783669.0,11496705.0,,4621868622.0,,,107.96,100.0,unknown,PER_ONE_DOLLAR_MOVE; exact dollar/contract scaling unverified,QuantData
2026-08-21T12:47:00-04:00,2027-05-21,145.0,put,0.0,0.0,,0.0,,,,,73124555.0,113908224.0,-40783669.0,11496705.0,,4621868622.0,,,107.96,100.0,unknown,PER_ONE_DOLLAR_MOVE; exact dollar/contract scaling unverified,QuantData
2026-08-21T12:47:00-04:00,2027-05-21,150.0,call,12121.0,8966.0,,841002.0,,,,,73124555.0,113908224.0,-40783669.0,11496705.0,,4621868622.0,,,107.96,100.0,unknown,PER_ONE_DOLLAR_MOVE; exact dollar/contract scaling unverified,QuantData
2026-08-21T12:47:00-04:00,2027-05-21,150.0,put,0.0,0.0,,0.0,,,,,73124555.0,113908224.0,-40783669.0,11496705.0,,4621868622.0,,,107.96,100.0,unknown,PER_ONE_DOLLAR_MOVE; exact dollar/contract scaling unverified,QuantData
2026-08-21T12:47:00-04:00,2027-05-21,160.0,call,6540.0,5465.0,,418771.0,,,,,73124555.0,113908224.0,-40783669.0,11496705.0,,4621868622.0,,,107.96,100.0,unknown,PER_ONE_DOLLAR_MOVE; exact dollar/contract scaling unverified,QuantData
2026-08-21T12:47:00-04:00,2027-05-21,160.0,put,0.0,0.0,,0.0,,,,,73124555.0,113908224.0,-40783669.0,11496705.0,,4621868622.0,,,107.96,100.0,unknown,PER_ONE_DOLLAR_MOVE; exact dollar/contract scaling unverified,QuantData
2026-08-21T12:47:00-04:00,2027-05-21,170.0,call,6661.0,6191.0,,405699.0,,,,,73124555.0,113908224.0,-40783669.0,11496705.0,,4621868622.0,,,107.96,100.0,unknown,PER_ONE_DOLLAR_MOVE; exact dollar/contract scaling unverified,QuantData
2026-08-21T12:47:00-04:00,2027-05-21,170.0,put,0.0,0.0,,0.0,,,,,73124555.0,113908224.0,-40783669.0,11496705.0,,4621868622.0,,,107.96,100.0,unknown,PER_ONE_DOLLAR_MOVE; exact dollar/contract scaling unverified,QuantData
2026-08-21T12:47:00-04:00,2027-05-21,180.0,call,30273.0,30857.0,,1718342.0,,,,,73124555.0,113908224.0,-40783669.0,11496705.0,,4621868622.0,,,107.96,100.0,unknown,PER_ONE_DOLLAR_MOVE; exact dollar/contract scaling unverified,QuantData
2026-08-21T12:47:00-04:00,2027-05-21,180.0,put,-3846.0,3743.0,,-483624.0,,,,,73124555.0,113908224.0,-40783669.0,11496705.0,,4621868622.0,,,107.96,100.0,unknown,PER_ONE_DOLLAR_MOVE; exact dollar/contract scaling unverified,QuantData
2026-08-21T12:47:00-04:00,2027-06-17,35.0,call,0.0,0.0,,0.0,,,,,73124555.0,113908224.0,-40783669.0,11496705.0,,4621868622.0,,,107.96,100.0,unknown,PER_ONE_DOLLAR_MOVE; exact dollar/contract scaling unverified,QuantData
2026-08-21T12:47:00-04:00,2027-06-17,35.0,put,-1941.0,-2342.0,,-63536.0,,,,,73124555.0,113908224.0,-40783669.0,11496705.0,,4621868622.0,,,107.96,100.0,unknown,PER_ONE_DOLLAR_MOVE; exact dollar/contract scaling unverified,QuantData
2026-08-21T12:47:00-04:00,2027-06-17,40.0,call,1991.0,-2232.0,,1927179.0,,,,,73124555.0,113908224.0,-40783669.0,11496705.0,,4621868622.0,,,107.96,100.0,unknown,PER_ONE_DOLLAR_MOVE; exact dollar/contract scaling unverified,QuantData
2026-08-21T12:47:00-04:00,2027-06-17,40.0,put,-3934.0,-4211.0,,-136371.0,,,,,73124555.0,113908224.0,-40783669.0,11496705.0,,4621868622.0,,,107.96,100.0,unknown,PER_ONE_DOLLAR_MOVE; exact dollar/contract scaling unverified,QuantData
2026-08-21T12:47:00-04:00,2027-06-17,45.0,call,616.0,-632.0,,469186.0,,,,,73124555.0,113908224.0,-40783669.0,11496705.0,,4621868622.0,,,107.96,100.0,unknown,PER_ONE_DOLLAR_MOVE; exact dollar/contract scaling unverified,QuantData
2026-08-21T12:47:00-04:00,2027-06-17,45.0,put,0.0,0.0,,0.0,,,,,73124555.0,113908224.0,-40783669.0,11496705.0,,4621868622.0,,,107.96,100.0,unknown,PER_ONE_DOLLAR_MOVE; exact dollar/contract scaling unverified,QuantData
2026-08-21T12:47:00-04:00,2027-06-17,50.0,call,5407.0,-4753.0,,3039166.0,,,,,73124555.0,113908224.0,-40783669.0,11496705.0,,4621868622.0,,,107.96,100.0,unknown,PER_ONE_DOLLAR_MOVE; exact dollar/contract scaling unverified,QuantData
2026-08-21T12:47:00-04:00,2027-06-17,50.0,put,-69339.0,-58305.0,,-2533721.0,,,,,73124555.0,113908224.0,-40783669.0,11496705.0,,4621868622.0,,,107.96,100.0,unknown,PER_ONE_DOLLAR_MOVE; exact dollar/contract scaling unverified,QuantData
2026-08-21T12:47:00-04:00,2027-06-17,55.0,call,5650.0,-3932.0,,2414522.0,,,,,73124555.0,113908224.0,-40783669.0,11496705.0,,4621868622.0,,,107.96,100.0,unknown,PER_ONE_DOLLAR_MOVE; exact dollar/contract scaling unverified,QuantData
2026-08-21T12:47:00-04:00,2027-06-17,55.0,put,-16904.0,-12086.0,,-651417.0,,,,,73124555.0,113908224.0,-40783669.0,11496705.0,,4621868622.0,,,107.96,100.0,unknown,PER_ONE_DOLLAR_MOVE; exact dollar/contract scaling unverified,QuantData
2026-08-21T12:47:00-04:00,2027-06-17,60.0,call,12420.0,-9093.0,,4112260.0,,,,,73124555.0,113908224.0,-40783669.0,11496705.0,,4621868622.0,,,107.96,100.0,unknown,PER_ONE_DOLLAR_MOVE; exact dollar/contract scaling unverified,QuantData
2026-08-21T12:47:00-04:00,2027-06-17,60.0,put,-38577.0,-23601.0,,-1552932.0,,,,,73124555.0,113908224.0,-40783669.0,11496705.0,,4621868622.0,,,107.96,100.0,unknown,PER_ONE_DOLLAR_MOVE; exact dollar/contract scaling unverified,QuantData
2026-08-21T12:47:00-04:00,2027-06-17,65.0,call,12859.0,-6675.0,,3892632.0,,,,,73124555.0,113908224.0,-40783669.0,11496705.0,,4621868622.0,,,107.96,100.0,unknown,PER_ONE_DOLLAR_MOVE; exact dollar/contract scaling unverified,QuantData
2026-08-21T12:47:00-04:00,2027-06-17,65.0,put,-43820.0,-21175.0,,-1882668.0,,,,,73124555.0,113908224.0,-40783669.0,11496705.0,,4621868622.0,,,107.96,100.0,unknown,PER_ONE_DOLLAR_MOVE; exact dollar/contract scaling unverified,QuantData
2026-08-21T12:47:00-04:00,2027-06-17,70.0,call,33601.0,-14034.0,,8603125.0,,,,,73124555.0,113908224.0,-40783669.0,11496705.0,,4621868622.0,,,107.96,100.0,unknown,PER_ONE_DOLLAR_MOVE; exact dollar/contract scaling unverified,QuantData
2026-08-21T12:47:00-04:00,2027-06-17,70.0,put,-120384.0,-49526.0,,-5410814.0,,,,,73124555.0,113908224.0,-40783669.0,11496705.0,,4621868622.0,,,107.96,100.0,unknown,PER_ONE_DOLLAR_MOVE; exact dollar/contract scaling unverified,QuantData
2026-08-21T12:47:00-04:00,2027-06-17,75.0,call,42540.0,-13504.0,,9554754.0,,,,,73124555.0,113908224.0,-40783669.0,11496705.0,,4621868622.0,,,107.96,100.0,unknown,PER_ONE_DOLLAR_MOVE; exact dollar/contract scaling unverified,QuantData
2026-08-21T12:47:00-04:00,2027-06-17,75.0,put,-56430.0,-15353.0,,-2724088.0,,,,,73124555.0,113908224.0,-40783669.0,11496705.0,,4621868622.0,,,107.96,100.0,unknown,PER_ONE_DOLLAR_MOVE; exact dollar/contract scaling unverified,QuantData
2026-08-21T12:47:00-04:00,2027-06-17,80.0,call,71066.0,-15550.0,,13867423.0,,,,,73124555.0,113908224.0,-40783669.0,11496705.0,,4621868622.0,,,107.96,100.0,unknown,PER_ONE_DOLLAR_MOVE; exact dollar/contract scaling unverified,QuantData
2026-08-21T12:47:00-04:00,2027-06-17,80.0,put,-68063.0,-13662.0,,-3355675.0,,,,,73124555.0,113908224.0,-40783669.0,11496705.0,,4621868622.0,,,107.96,100.0,unknown,PER_ONE_DOLLAR_MOVE; exact dollar/contract scaling unverified,QuantData
2026-08-21T12:47:00-04:00,2027-06-17,85.0,call,33199.0,-3961.0,,5695036.0,,,,,73124555.0,113908224.0,-40783669.0,11496705.0,,4621868622.0,,,107.96,100.0,unknown,PER_ONE_DOLLAR_MOVE; exact dollar/contract scaling unverified,QuantData
2026-08-21T12:47:00-04:00,2027-06-17,85.0,put,-24840.0,-1938.0,,-1310849.0,,,,,73124555.0,113908224.0,-40783669.0,11496705.0,,4621868622.0,,,107.96,100.0,unknown,PER_ONE_DOLLAR_MOVE; exact dollar/contract scaling unverified,QuantData
2026-08-21T12:47:00-04:00,2027-06-17,90.0,call,48157.0,-2130.0,,7605346.0,,,,,73124555.0,113908224.0,-40783669.0,11496705.0,,4621868622.0,,,107.96,100.0,unknown,PER_ONE_DOLLAR_MOVE; exact dollar/contract scaling unverified,QuantData
2026-08-21T12:47:00-04:00,2027-06-17,90.0,put,-164437.0,-3144.0,,-8999057.0,,,,,73124555.0,113908224.0,-40783669.0,11496705.0,,4621868622.0,,,107.96,100.0,unknown,PER_ONE_DOLLAR_MOVE; exact dollar/contract scaling unverified,QuantData
2026-08-21T12:47:00-04:00,2027-06-17,95.0,call,30205.0,1064.0,,4234772.0,,,,,73124555.0,113908224.0,-40783669.0,11496705.0,,4621868622.0,,,107.96,100.0,unknown,PER_ONE_DOLLAR_MOVE; exact dollar/contract scaling unverified,QuantData
2026-08-21T12:47:00-04:00,2027-06-17,95.0,put,0.0,0.0,,0.0,,,,,73124555.0,113908224.0,-40783669.0,11496705.0,,4621868622.0,,,107.96,100.0,unknown,PER_ONE_DOLLAR_MOVE; exact dollar/contract scaling unverified,QuantData
2026-08-21T12:47:00-04:00,2027-06-17,100.0,call,310566.0,35961.0,,40769599.0,,,,,73124555.0,113908224.0,-40783669.0,11496705.0,,4621868622.0,,,107.96,100.0,unknown,PER_ONE_DOLLAR_MOVE; exact dollar/contract scaling unverified,QuantData
2026-08-21T12:47:00-04:00,2027-06-17,100.0,put,-41233.0,6184.0,,-2495576.0,,,,,73124555.0,113908224.0,-40783669.0,11496705.0,,4621868622.0,,,107.96,100.0,unknown,PER_ONE_DOLLAR_MOVE; exact dollar/contract scaling unverified,QuantData
2026-08-21T12:47:00-04:00,2027-06-17,105.0,call,20009.0,3998.0,,2421916.0,,,,,73124555.0,113908224.0,-40783669.0,11496705.0,,4621868622.0,,,107.96,100.0,unknown,PER_ONE_DOLLAR_MOVE; exact dollar/contract scaling unverified,QuantData
2026-08-21T12:47:00-04:00,2027-06-17,105.0,put,0.0,0.0,,0.0,,,,,73124555.0,113908224.0,-40783669.0,11496705.0,,4621868622.0,,,107.96,100.0,unknown,PER_ONE_DOLLAR_MOVE; exact dollar/contract scaling unverified,QuantData
2026-08-21T12:47:00-04:00,2027-06-17,110.0,call,51415.0,14148.0,,5657292.0,,,,,73124555.0,113908224.0,-40783669.0,11496705.0,,4621868622.0,,,107.96,100.0,unknown,PER_ONE_DOLLAR_MOVE; exact dollar/contract scaling unverified,QuantData
2026-08-21T12:47:00-04:00,2027-06-17,110.0,put,-32532.0,9043.0,,-2199853.0,,,,,73124555.0,113908224.0,-40783669.0,11496705.0,,4621868622.0,,,107.96,100.0,unknown,PER_ONE_DOLLAR_MOVE; exact dollar/contract scaling unverified,QuantData
2026-08-21T12:47:00-04:00,2027-06-17,115.0,call,53078.0,17978.0,,5616947.0,,,,,73124555.0,113908224.0,-40783669.0,11496705.0,,4621868622.0,,,107.96,100.0,unknown,PER_ONE_DOLLAR_MOVE; exact dollar/contract scaling unverified,QuantData
2026-08-21T12:47:00-04:00,2027-06-17,115.0,put,-9841.0,3484.0,,-693740.0,,,,,73124555.0,113908224.0,-40783669.0,11496705.0,,4621868622.0,,,107.96,100.0,unknown,PER_ONE_DOLLAR_MOVE; exact dollar/contract scaling unverified,QuantData
2026-08-21T12:47:00-04:00,2027-06-17,120.0,call,72937.0,29850.0,,7210277.0,,,,,73124555.0,113908224.0,-40783669.0,11496705.0,,4621868622.0,,,107.96,100.0,unknown,PER_ONE_DOLLAR_MOVE; exact dollar/contract scaling unverified,QuantData
2026-08-21T12:47:00-04:00,2027-06-17,120.0,put,0.0,0.0,,0.0,,,,,73124555.0,113908224.0,-40783669.0,11496705.0,,4621868622.0,,,107.96,100.0,unknown,PER_ONE_DOLLAR_MOVE; exact dollar/contract scaling unverified,QuantData
2026-08-21T12:47:00-04:00,2027-06-17,125.0,call,55921.0,26447.0,,5238204.0,,,,,73124555.0,113908224.0,-40783669.0,11496705.0,,4621868622.0,,,107.96,100.0,unknown,PER_ONE_DOLLAR_MOVE; exact dollar/contract scaling unverified,QuantData
2026-08-21T12:47:00-04:00,2027-06-17,125.0,put,0.0,0.0,,0.0,,,,,73124555.0,113908224.0,-40783669.0,11496705.0,,4621868622.0,,,107.96,100.0,unknown,PER_ONE_DOLLAR_MOVE; exact dollar/contract scaling unverified,QuantData
2026-08-21T12:47:00-04:00,2027-06-17,130.0,call,57270.0,30610.0,,5082706.0,,,,,73124555.0,113908224.0,-40783669.0,11496705.0,,4621868622.0,,,107.96,100.0,unknown,PER_ONE_DOLLAR_MOVE; exact dollar/contract scaling unverified,QuantData
2026-08-21T12:47:00-04:00,2027-06-17,130.0,put,0.0,0.0,,0.0,,,,,73124555.0,113908224.0,-40783669.0,11496705.0,,4621868622.0,,,107.96,100.0,unknown,PER_ONE_DOLLAR_MOVE; exact dollar/contract scaling unverified,QuantData
2026-08-21T12:47:00-04:00,2027-06-17,135.0,call,69167.0,41714.0,,5749808.0,,,,,73124555.0,113908224.0,-40783669.0,11496705.0,,4621868622.0,,,107.96,100.0,unknown,PER_ONE_DOLLAR_MOVE; exact dollar/contract scaling unverified,QuantData
2026-08-21T12:47:00-04:00,2027-06-17,135.0,put,0.0,0.0,,0.0,,,,,73124555.0,113908224.0,-40783669.0,11496705.0,,4621868622.0,,,107.96,100.0,unknown,PER_ONE_DOLLAR_MOVE; exact dollar/contract scaling unverified,QuantData
2026-08-21T12:47:00-04:00,2027-06-17,140.0,call,238099.0,156019.0,,19180554.0,,,,,73124555.0,113908224.0,-40783669.0,11496705.0,,4621868622.0,,,107.96,100.0,unknown,PER_ONE_DOLLAR_MOVE; exact dollar/contract scaling unverified,QuantData
2026-08-21T12:47:00-04:00,2027-06-17,140.0,put,-788.0,519.0,,-70549.0,,,,,73124555.0,113908224.0,-40783669.0,11496705.0,,4621868622.0,,,107.96,100.0,unknown,PER_ONE_DOLLAR_MOVE; exact dollar/contract scaling unverified,QuantData
2026-08-21T12:47:00-04:00,2027-06-17,145.0,call,37278.0,26723.0,,2810822.0,,,,,73124555.0,113908224.0,-40783669.0,11496705.0,,4621868622.0,,,107.96,100.0,unknown,PER_ONE_DOLLAR_MOVE; exact dollar/contract scaling unverified,QuantData
2026-08-21T12:47:00-04:00,2027-06-17,145.0,put,0.0,0.0,,0.0,,,,,73124555.0,113908224.0,-40783669.0,11496705.0,,4621868622.0,,,107.96,100.0,unknown,PER_ONE_DOLLAR_MOVE; exact dollar/contract scaling unverified,QuantData
2026-08-21T12:47:00-04:00,2027-06-17,150.0,call,111563.0,84941.0,,8255824.0,,,,,73124555.0,113908224.0,-40783669.0,11496705.0,,4621868622.0,,,107.96,100.0,unknown,PER_ONE_DOLLAR_MOVE; exact dollar/contract scaling unverified,QuantData
2026-08-21T12:47:00-04:00,2027-06-17,150.0,put,0.0,0.0,,0.0,,,,,73124555.0,113908224.0,-40783669.0,11496705.0,,4621868622.0,,,107.96,100.0,unknown,PER_ONE_DOLLAR_MOVE; exact dollar/contract scaling unverified,QuantData
2026-08-21T12:47:00-04:00,2027-06-17,155.0,call,38812.0,31663.0,,2762861.0,,,,,73124555.0,113908224.0,-40783669.0,11496705.0,,4621868622.0,,,107.96,100.0,unknown,PER_ONE_DOLLAR_MOVE; exact dollar/contract scaling unverified,QuantData
2026-08-21T12:47:00-04:00,2027-06-17,155.0,put,0.0,0.0,,0.0,,,,,73124555.0,113908224.0,-40783669.0,11496705.0,,4621868622.0,,,107.96,100.0,unknown,PER_ONE_DOLLAR_MOVE; exact dollar/contract scaling unverified,QuantData
2026-08-21T12:47:00-04:00,2027-06-17,160.0,call,37289.0,33574.0,,2193056.0,,,,,73124555.0,113908224.0,-40783669.0,11496705.0,,4621868622.0,,,107.96,100.0,unknown,PER_ONE_DOLLAR_MOVE; exact dollar/contract scaling unverified,QuantData
2026-08-21T12:47:00-04:00,2027-06-17,160.0,put,0.0,0.0,,0.0,,,,,73124555.0,113908224.0,-40783669.0,11496705.0,,4621868622.0,,,107.96,100.0,unknown,PER_ONE_DOLLAR_MOVE; exact dollar/contract scaling unverified,QuantData
2026-08-21T12:47:00-04:00,2027-06-17,165.0,call,24302.0,21760.0,,1722995.0,,,,,73124555.0,113908224.0,-40783669.0,11496705.0,,4621868622.0,,,107.96,100.0,unknown,PER_ONE_DOLLAR_MOVE; exact dollar/contract scaling unverified,QuantData
2026-08-21T12:47:00-04:00,2027-06-17,165.0,put,0.0,0.0,,0.0,,,,,73124555.0,113908224.0,-40783669.0,11496705.0,,4621868622.0,,,107.96,100.0,unknown,PER_ONE_DOLLAR_MOVE; exact dollar/contract scaling unverified,QuantData
2026-08-21T12:47:00-04:00,2027-06-17,170.0,call,29265.0,28049.0,,1883357.0,,,,,73124555.0,113908224.0,-40783669.0,11496705.0,,4621868622.0,,,107.96,100.0,unknown,PER_ONE_DOLLAR_MOVE; exact dollar/contract scaling unverified,QuantData
2026-08-21T12:47:00-04:00,2027-06-17,170.0,put,-112.0,104.0,,-12998.0,,,,,73124555.0,113908224.0,-40783669.0,11496705.0,,4621868622.0,,,107.96,100.0,unknown,PER_ONE_DOLLAR_MOVE; exact dollar/contract scaling unverified,QuantData
2026-08-21T12:47:00-04:00,2027-06-17,175.0,call,104385.0,104258.0,,6610595.0,,,,,73124555.0,113908224.0,-40783669.0,11496705.0,,4621868622.0,,,107.96,100.0,unknown,PER_ONE_DOLLAR_MOVE; exact dollar/contract scaling unverified,QuantData
2026-08-21T12:47:00-04:00,2027-06-17,175.0,put,0.0,0.0,,0.0,,,,,73124555.0,113908224.0,-40783669.0,11496705.0,,4621868622.0,,,107.96,100.0,unknown,PER_ONE_DOLLAR_MOVE; exact dollar/contract scaling unverified,QuantData
2026-08-21T12:47:00-04:00,2027-06-17,185.0,call,30084.0,32658.0,,1790877.0,,,,,73124555.0,113908224.0,-40783669.0,11496705.0,,4621868622.0,,,107.96,100.0,unknown,PER_ONE_DOLLAR_MOVE; exact dollar/contract scaling unverified,QuantData
2026-08-21T12:47:00-04:00,2027-06-17,185.0,put,0.0,0.0,,0.0,,,,,73124555.0,113908224.0,-40783669.0,11496705.0,,4621868622.0,,,107.96,100.0,unknown,PER_ONE_DOLLAR_MOVE; exact dollar/contract scaling unverified,QuantData
2026-08-21T12:47:00-04:00,2027-06-17,195.0,call,9051.0,10493.0,,519503.0,,,,,73124555.0,113908224.0,-40783669.0,11496705.0,,4621868622.0,,,107.96,100.0,unknown,PER_ONE_DOLLAR_MOVE; exact dollar/contract scaling unverified,QuantData
2026-08-21T12:47:00-04:00,2027-06-17,195.0,put,0.0,0.0,,0.0,,,,,73124555.0,113908224.0,-40783669.0,11496705.0,,4621868622.0,,,107.96,100.0,unknown,PER_ONE_DOLLAR_MOVE; exact dollar/contract scaling unverified,QuantData
2026-08-21T12:47:00-04:00,2027-06-17,200.0,call,96542.0,115822.0,,5421154.0,,,,,73124555.0,113908224.0,-40783669.0,11496705.0,,4621868622.0,,,107.96,100.0,unknown,PER_ONE_DOLLAR_MOVE; exact dollar/contract scaling unverified,QuantData
2026-08-21T12:47:00-04:00,2027-06-17,200.0,put,0.0,0.0,,0.0,,,,,73124555.0,113908224.0,-40783669.0,11496705.0,,4621868622.0,,,107.96,100.0,unknown,PER_ONE_DOLLAR_MOVE; exact dollar/contract scaling unverified,QuantData
2026-08-21T12:47:00-04:00,2027-06-17,210.0,call,8829.0,11303.0,,461422.0,,,,,73124555.0,113908224.0,-40783669.0,11496705.0,,4621868622.0,,,107.96,100.0,unknown,PER_ONE_DOLLAR_MOVE; exact dollar/contract scaling unverified,QuantData
2026-08-21T12:47:00-04:00,2027-06-17,210.0,put,0.0,0.0,,0.0,,,,,73124555.0,113908224.0,-40783669.0,11496705.0,,4621868622.0,,,107.96,100.0,unknown,PER_ONE_DOLLAR_MOVE; exact dollar/contract scaling unverified,QuantData
2026-08-21T12:47:00-04:00,2027-06-17,220.0,call,0.0,0.0,,0.0,,,,,73124555.0,113908224.0,-40783669.0,11496705.0,,4621868622.0,,,107.96,100.0,unknown,PER_ONE_DOLLAR_MOVE; exact dollar/contract scaling unverified,QuantData
2026-08-21T12:47:00-04:00,2027-06-17,220.0,put,0.0,0.0,,0.0,,,,,73124555.0,113908224.0,-40783669.0,11496705.0,,4621868622.0,,,107.96,100.0,unknown,PER_ONE_DOLLAR_MOVE; exact dollar/contract scaling unverified,QuantData
2026-08-21T12:47:00-04:00,2027-06-17,230.0,call,50451.0,70899.0,,2530591.0,,,,,73124555.0,113908224.0,-40783669.0,11496705.0,,4621868622.0,,,107.96,100.0,unknown,PER_ONE_DOLLAR_MOVE; exact dollar/contract scaling unverified,QuantData
2026-08-21T12:47:00-04:00,2027-06-17,230.0,put,0.0,0.0,,0.0,,,,,73124555.0,113908224.0,-40783669.0,11496705.0,,4621868622.0,,,107.96,100.0,unknown,PER_ONE_DOLLAR_MOVE; exact dollar/contract scaling unverified,QuantData
2026-08-21T12:47:00-04:00,2027-06-17,240.0,call,76488.0,112405.0,,3697183.0,,,,,73124555.0,113908224.0,-40783669.0,11496705.0,,4621868622.0,,,107.96,100.0,unknown,PER_ONE_DOLLAR_MOVE; exact dollar/contract scaling unverified,QuantData
2026-08-21T12:47:00-04:00,2027-06-17,240.0,put,0.0,0.0,,0.0,,,,,73124555.0,113908224.0,-40783669.0,11496705.0,,4621868622.0,,,107.96,100.0,unknown,PER_ONE_DOLLAR_MOVE; exact dollar/contract scaling unverified,QuantData
2026-08-21T12:47:00-04:00,2027-09-17,50.0,call,17.0,-14.0,,10161.0,,,,,73124555.0,113908224.0,-40783669.0,11496705.0,,4621868622.0,,,107.96,100.0,unknown,PER_ONE_DOLLAR_MOVE; exact dollar/contract scaling unverified,QuantData
2026-08-21T12:47:00-04:00,2027-09-17,50.0,put,0.0,0.0,,0.0,,,,,73124555.0,113908224.0,-40783669.0,11496705.0,,4621868622.0,,,107.96,100.0,unknown,PER_ONE_DOLLAR_MOVE; exact dollar/contract scaling unverified,QuantData
2026-08-21T12:47:00-04:00,2027-09-17,55.0,call,0.0,0.0,,0.0,,,,,73124555.0,113908224.0,-40783669.0,11496705.0,,4621868622.0,,,107.96,100.0,unknown,PER_ONE_DOLLAR_MOVE; exact dollar/contract scaling unverified,QuantData
2026-08-21T12:47:00-04:00,2027-09-17,55.0,put,0.0,0.0,,0.0,,,,,73124555.0,113908224.0,-40783669.0,11496705.0,,4621868622.0,,,107.96,100.0,unknown,PER_ONE_DOLLAR_MOVE; exact dollar/contract scaling unverified,QuantData
2026-08-21T12:47:00-04:00,2027-09-17,60.0,call,0.0,0.0,,0.0,,,,,73124555.0,113908224.0,-40783669.0,11496705.0,,4621868622.0,,,107.96,100.0,unknown,PER_ONE_DOLLAR_MOVE; exact dollar/contract scaling unverified,QuantData
2026-08-21T12:47:00-04:00,2027-09-17,60.0,put,0.0,0.0,,0.0,,,,,73124555.0,113908224.0,-40783669.0,11496705.0,,4621868622.0,,,107.96,100.0,unknown,PER_ONE_DOLLAR_MOVE; exact dollar/contract scaling unverified,QuantData
2026-08-21T12:47:00-04:00,2027-09-17,70.0,call,0.0,0.0,,0.0,,,,,73124555.0,113908224.0,-40783669.0,11496705.0,,4621868622.0,,,107.96,100.0,unknown,PER_ONE_DOLLAR_MOVE; exact dollar/contract scaling unverified,QuantData
2026-08-21T12:47:00-04:00,2027-09-17,70.0,put,0.0,0.0,,0.0,,,,,73124555.0,113908224.0,-40783669.0,11496705.0,,4621868622.0,,,107.96,100.0,unknown,PER_ONE_DOLLAR_MOVE; exact dollar/contract scaling unverified,QuantData
2026-08-21T12:47:00-04:00,2027-09-17,75.0,call,0.0,0.0,,0.0,,,,,73124555.0,113908224.0,-40783669.0,11496705.0,,4621868622.0,,,107.96,100.0,unknown,PER_ONE_DOLLAR_MOVE; exact dollar/contract scaling unverified,QuantData
2026-08-21T12:47:00-04:00,2027-09-17,75.0,put,-809.0,-164.0,,-43803.0,,,,,73124555.0,113908224.0,-40783669.0,11496705.0,,4621868622.0,,,107.96,100.0,unknown,PER_ONE_DOLLAR_MOVE; exact dollar/contract scaling unverified,QuantData
2026-08-21T12:47:00-04:00,2027-09-17,80.0,call,232.0,-30.0,,51410.0,,,,,73124555.0,113908224.0,-40783669.0,11496705.0,,4621868622.0,,,107.96,100.0,unknown,PER_ONE_DOLLAR_MOVE; exact dollar/contract scaling unverified,QuantData
2026-08-21T12:47:00-04:00,2027-09-17,80.0,put,0.0,0.0,,0.0,,,,,73124555.0,113908224.0,-40783669.0,11496705.0,,4621868622.0,,,107.96,100.0,unknown,PER_ONE_DOLLAR_MOVE; exact dollar/contract scaling unverified,QuantData
2026-08-21T12:47:00-04:00,2027-09-17,85.0,call,38.0,1.0,,8193.0,,,,,73124555.0,113908224.0,-40783669.0,11496705.0,,4621868622.0,,,107.96,100.0,unknown,PER_ONE_DOLLAR_MOVE; exact dollar/contract scaling unverified,QuantData
2026-08-21T12:47:00-04:00,2027-09-17,85.0,put,-321.0,-1.0,,-19320.0,,,,,73124555.0,113908224.0,-40783669.0,11496705.0,,4621868622.0,,,107.96,100.0,unknown,PER_ONE_DOLLAR_MOVE; exact dollar/contract scaling unverified,QuantData
2026-08-21T12:47:00-04:00,2027-09-17,90.0,call,89.0,5.0,,15749.0,,,,,73124555.0,113908224.0,-40783669.0,11496705.0,,4621868622.0,,,107.96,100.0,unknown,PER_ONE_DOLLAR_MOVE; exact dollar/contract scaling unverified,QuantData
2026-08-21T12:47:00-04:00,2027-09-17,90.0,put,0.0,0.0,,0.0,,,,,73124555.0,113908224.0,-40783669.0,11496705.0,,4621868622.0,,,107.96,100.0,unknown,PER_ONE_DOLLAR_MOVE; exact dollar/contract scaling unverified,QuantData
2026-08-21T12:47:00-04:00,2027-09-17,95.0,call,2128.0,271.0,,359118.0,,,,,73124555.0,113908224.0,-40783669.0,11496705.0,,4621868622.0,,,107.96,100.0,unknown,PER_ONE_DOLLAR_MOVE; exact dollar/contract scaling unverified,QuantData
2026-08-21T12:47:00-04:00,2027-09-17,95.0,put,0.0,0.0,,0.0,,,,,73124555.0,113908224.0,-40783669.0,11496705.0,,4621868622.0,,,107.96,100.0,unknown,PER_ONE_DOLLAR_MOVE; exact dollar/contract scaling unverified,QuantData
2026-08-21T12:47:00-04:00,2027-09-17,100.0,call,143.0,29.0,,22723.0,,,,,73124555.0,113908224.0,-40783669.0,11496705.0,,4621868622.0,,,107.96,100.0,unknown,PER_ONE_DOLLAR_MOVE; exact dollar/contract scaling unverified,QuantData
2026-08-21T12:47:00-04:00,2027-09-17,100.0,put,0.0,0.0,,0.0,,,,,73124555.0,113908224.0,-40783669.0,11496705.0,,4621868622.0,,,107.96,100.0,unknown,PER_ONE_DOLLAR_MOVE; exact dollar/contract scaling unverified,QuantData
2026-08-21T12:47:00-04:00,2027-09-17,105.0,call,393.0,109.0,,59092.0,,,,,73124555.0,113908224.0,-40783669.0,11496705.0,,4621868622.0,,,107.96,100.0,unknown,PER_ONE_DOLLAR_MOVE; exact dollar/contract scaling unverified,QuantData
2026-08-21T12:47:00-04:00,2027-09-17,105.0,put,0.0,0.0,,0.0,,,,,73124555.0,113908224.0,-40783669.0,11496705.0,,4621868622.0,,,107.96,100.0,unknown,PER_ONE_DOLLAR_MOVE; exact dollar/contract scaling unverified,QuantData
2026-08-21T12:47:00-04:00,2027-09-17,110.0,call,1563.0,533.0,,212273.0,,,,,73124555.0,113908224.0,-40783669.0,11496705.0,,4621868622.0,,,107.96,100.0,unknown,PER_ONE_DOLLAR_MOVE; exact dollar/contract scaling unverified,QuantData
2026-08-21T12:47:00-04:00,2027-09-17,110.0,put,0.0,0.0,,0.0,,,,,73124555.0,113908224.0,-40783669.0,11496705.0,,4621868622.0,,,107.96,100.0,unknown,PER_ONE_DOLLAR_MOVE; exact dollar/contract scaling unverified,QuantData
2026-08-21T12:47:00-04:00,2027-09-17,115.0,call,0.0,0.0,,0.0,,,,,73124555.0,113908224.0,-40783669.0,11496705.0,,4621868622.0,,,107.96,100.0,unknown,PER_ONE_DOLLAR_MOVE; exact dollar/contract scaling unverified,QuantData
2026-08-21T12:47:00-04:00,2027-09-17,115.0,put,0.0,0.0,,0.0,,,,,73124555.0,113908224.0,-40783669.0,11496705.0,,4621868622.0,,,107.96,100.0,unknown,PER_ONE_DOLLAR_MOVE; exact dollar/contract scaling unverified,QuantData
2026-08-21T12:47:00-04:00,2027-09-17,120.0,call,1499.0,728.0,,184024.0,,,,,73124555.0,113908224.0,-40783669.0,11496705.0,,4621868622.0,,,107.96,100.0,unknown,PER_ONE_DOLLAR_MOVE; exact dollar/contract scaling unverified,QuantData
2026-08-21T12:47:00-04:00,2027-09-17,120.0,put,0.0,0.0,,0.0,,,,,73124555.0,113908224.0,-40783669.0,11496705.0,,4621868622.0,,,107.96,100.0,unknown,PER_ONE_DOLLAR_MOVE; exact dollar/contract scaling unverified,QuantData
2026-08-21T12:47:00-04:00,2027-09-17,125.0,call,0.0,0.0,,0.0,,,,,73124555.0,113908224.0,-40783669.0,11496705.0,,4621868622.0,,,107.96,100.0,unknown,PER_ONE_DOLLAR_MOVE; exact dollar/contract scaling unverified,QuantData
2026-08-21T12:47:00-04:00,2027-09-17,125.0,put,0.0,0.0,,0.0,,,,,73124555.0,113908224.0,-40783669.0,11496705.0,,4621868622.0,,,107.96,100.0,unknown,PER_ONE_DOLLAR_MOVE; exact dollar/contract scaling unverified,QuantData
2026-08-21T12:47:00-04:00,2027-09-17,130.0,call,274.0,163.0,,31281.0,,,,,73124555.0,113908224.0,-40783669.0,11496705.0,,4621868622.0,,,107.96,100.0,unknown,PER_ONE_DOLLAR_MOVE; exact dollar/contract scaling unverified,QuantData
2026-08-21T12:47:00-04:00,2027-09-17,130.0,put,0.0,0.0,,0.0,,,,,73124555.0,113908224.0,-40783669.0,11496705.0,,4621868622.0,,,107.96,100.0,unknown,PER_ONE_DOLLAR_MOVE; exact dollar/contract scaling unverified,QuantData
2026-08-21T12:47:00-04:00,2027-09-17,135.0,call,66.0,47.0,,4807.0,,,,,73124555.0,113908224.0,-40783669.0,11496705.0,,4621868622.0,,,107.96,100.0,unknown,PER_ONE_DOLLAR_MOVE; exact dollar/contract scaling unverified,QuantData
2026-08-21T12:47:00-04:00,2027-09-17,135.0,put,0.0,0.0,,0.0,,,,,73124555.0,113908224.0,-40783669.0,11496705.0,,4621868622.0,,,107.96,100.0,unknown,PER_ONE_DOLLAR_MOVE; exact dollar/contract scaling unverified,QuantData
2026-08-21T12:47:00-04:00,2027-09-17,140.0,call,0.0,0.0,,0.0,,,,,73124555.0,113908224.0,-40783669.0,11496705.0,,4621868622.0,,,107.96,100.0,unknown,PER_ONE_DOLLAR_MOVE; exact dollar/contract scaling unverified,QuantData
2026-08-21T12:47:00-04:00,2027-09-17,140.0,put,0.0,0.0,,0.0,,,,,73124555.0,113908224.0,-40783669.0,11496705.0,,4621868622.0,,,107.96,100.0,unknown,PER_ONE_DOLLAR_MOVE; exact dollar/contract scaling unverified,QuantData
2026-08-21T12:47:00-04:00,2027-09-17,150.0,call,167.0,141.0,,15344.0,,,,,73124555.0,113908224.0,-40783669.0,11496705.0,,4621868622.0,,,107.96,100.0,unknown,PER_ONE_DOLLAR_MOVE; exact dollar/contract scaling unverified,QuantData
2026-08-21T12:47:00-04:00,2027-09-17,150.0,put,-52.0,43.0,,-5304.0,,,,,73124555.0,113908224.0,-40783669.0,11496705.0,,4621868622.0,,,107.96,100.0,unknown,PER_ONE_DOLLAR_MOVE; exact dollar/contract scaling unverified,QuantData
2026-08-21T12:47:00-04:00,2027-09-17,155.0,call,0.0,0.0,,0.0,,,,,73124555.0,113908224.0,-40783669.0,11496705.0,,4621868622.0,,,107.96,100.0,unknown,PER_ONE_DOLLAR_MOVE; exact dollar/contract scaling unverified,QuantData
2026-08-21T12:47:00-04:00,2027-09-17,155.0,put,0.0,0.0,,0.0,,,,,73124555.0,113908224.0,-40783669.0,11496705.0,,4621868622.0,,,107.96,100.0,unknown,PER_ONE_DOLLAR_MOVE; exact dollar/contract scaling unverified,QuantData
2026-08-21T12:47:00-04:00,2027-09-17,165.0,call,55.0,54.0,,4657.0,,,,,73124555.0,113908224.0,-40783669.0,11496705.0,,4621868622.0,,,107.96,100.0,unknown,PER_ONE_DOLLAR_MOVE; exact dollar/contract scaling unverified,QuantData
2026-08-21T12:47:00-04:00,2027-09-17,165.0,put,0.0,0.0,,0.0,,,,,73124555.0,113908224.0,-40783669.0,11496705.0,,4621868622.0,,,107.96,100.0,unknown,PER_ONE_DOLLAR_MOVE; exact dollar/contract scaling unverified,QuantData
2026-08-21T12:47:00-04:00,2027-09-17,175.0,call,0.0,0.0,,0.0,,,,,73124555.0,113908224.0,-40783669.0,11496705.0,,4621868622.0,,,107.96,100.0,unknown,PER_ONE_DOLLAR_MOVE; exact dollar/contract scaling unverified,QuantData
2026-08-21T12:47:00-04:00,2027-09-17,175.0,put,0.0,0.0,,0.0,,,,,73124555.0,113908224.0,-40783669.0,11496705.0,,4621868622.0,,,107.96,100.0,unknown,PER_ONE_DOLLAR_MOVE; exact dollar/contract scaling unverified,QuantData
2026-08-21T12:47:00-04:00,2027-09-17,180.0,call,0.0,0.0,,0.0,,,,,73124555.0,113908224.0,-40783669.0,11496705.0,,4621868622.0,,,107.96,100.0,unknown,PER_ONE_DOLLAR_MOVE; exact dollar/contract scaling unverified,QuantData
2026-08-21T12:47:00-04:00,2027-09-17,180.0,put,0.0,0.0,,0.0,,,,,73124555.0,113908224.0,-40783669.0,11496705.0,,4621868622.0,,,107.96,100.0,unknown,PER_ONE_DOLLAR_MOVE; exact dollar/contract scaling unverified,QuantData
2026-08-21T12:47:00-04:00,2027-09-17,185.0,call,0.0,0.0,,0.0,,,,,73124555.0,113908224.0,-40783669.0,11496705.0,,4621868622.0,,,107.96,100.0,unknown,PER_ONE_DOLLAR_MOVE; exact dollar/contract scaling unverified,QuantData
2026-08-21T12:47:00-04:00,2027-09-17,185.0,put,0.0,0.0,,0.0,,,,,73124555.0,113908224.0,-40783669.0,11496705.0,,4621868622.0,,,107.96,100.0,unknown,PER_ONE_DOLLAR_MOVE; exact dollar/contract scaling unverified,QuantData
2026-08-21T12:47:00-04:00,2027-12-17,35.0,call,930.0,-1072.0,,1051099.0,,,,,73124555.0,113908224.0,-40783669.0,11496705.0,,4621868622.0,,,107.96,100.0,unknown,PER_ONE_DOLLAR_MOVE; exact dollar/contract scaling unverified,QuantData
2026-08-21T12:47:00-04:00,2027-12-17,35.0,put,0.0,0.0,,0.0,,,,,73124555.0,113908224.0,-40783669.0,11496705.0,,4621868622.0,,,107.96,100.0,unknown,PER_ONE_DOLLAR_MOVE; exact dollar/contract scaling unverified,QuantData
2026-08-21T12:47:00-04:00,2027-12-17,45.0,call,4425.0,-3837.0,,3005923.0,,,,,73124555.0,113908224.0,-40783669.0,11496705.0,,4621868622.0,,,107.96,100.0,unknown,PER_ONE_DOLLAR_MOVE; exact dollar/contract scaling unverified,QuantData
2026-08-21T12:47:00-04:00,2027-12-17,45.0,put,-4503.0,-3278.0,,-203049.0,,,,,73124555.0,113908224.0,-40783669.0,11496705.0,,4621868622.0,,,107.96,100.0,unknown,PER_ONE_DOLLAR_MOVE; exact dollar/contract scaling unverified,QuantData
2026-08-21T12:47:00-04:00,2027-12-17,50.0,call,25629.0,-17437.0,,14043961.0,,,,,73124555.0,113908224.0,-40783669.0,11496705.0,,4621868622.0,,,107.96,100.0,unknown,PER_ONE_DOLLAR_MOVE; exact dollar/contract scaling unverified,QuantData
2026-08-21T12:47:00-04:00,2027-12-17,50.0,put,-31103.0,-19216.0,,-1406246.0,,,,,73124555.0,113908224.0,-40783669.0,11496705.0,,4621868622.0,,,107.96,100.0,unknown,PER_ONE_DOLLAR_MOVE; exact dollar/contract scaling unverified,QuantData
2026-08-21T12:47:00-04:00,2027-12-17,55.0,call,13201.0,-8395.0,,6189431.0,,,,,73124555.0,113908224.0,-40783669.0,11496705.0,,4621868622.0,,,107.96,100.0,unknown,PER_ONE_DOLLAR_MOVE; exact dollar/contract scaling unverified,QuantData
2026-08-21T12:47:00-04:00,2027-12-17,55.0,put,-12676.0,-7024.0,,-648527.0,,,,,73124555.0,113908224.0,-40783669.0,11496705.0,,4621868622.0,,,107.96,100.0,unknown,PER_ONE_DOLLAR_MOVE; exact dollar/contract scaling unverified,QuantData
2026-08-21T12:47:00-04:00,2027-12-17,60.0,call,25238.0,-12573.0,,10099844.0,,,,,73124555.0,113908224.0,-40783669.0,11496705.0,,4621868622.0,,,107.96,100.0,unknown,PER_ONE_DOLLAR_MOVE; exact dollar/contract scaling unverified,QuantData
2026-08-21T12:47:00-04:00,2027-12-17,60.0,put,-35569.0,-14542.0,,-1912298.0,,,,,73124555.0,113908224.0,-40783669.0,11496705.0,,4621868622.0,,,107.96,100.0,unknown,PER_ONE_DOLLAR_MOVE; exact dollar/contract scaling unverified,QuantData
2026-08-21T12:47:00-04:00,2027-12-17,65.0,call,50226.0,-19495.0,,16988949.0,,,,,73124555.0,113908224.0,-40783669.0,11496705.0,,4621868622.0,,,107.96,100.0,unknown,PER_ONE_DOLLAR_MOVE; exact dollar/contract scaling unverified,QuantData
2026-08-21T12:47:00-04:00,2027-12-17,65.0,put,-11364.0,-3679.0,,-623722.0,,,,,73124555.0,113908224.0,-40783669.0,11496705.0,,4621868622.0,,,107.96,100.0,unknown,PER_ONE_DOLLAR_MOVE; exact dollar/contract scaling unverified,QuantData
2026-08-21T12:47:00-04:00,2027-12-17,70.0,call,18399.0,-4932.0,,5657297.0,,,,,73124555.0,113908224.0,-40783669.0,11496705.0,,4621868622.0,,,107.96,100.0,unknown,PER_ONE_DOLLAR_MOVE; exact dollar/contract scaling unverified,QuantData
2026-08-21T12:47:00-04:00,2027-12-17,70.0,put,-33306.0,-7644.0,,-1935097.0,,,,,73124555.0,113908224.0,-40783669.0,11496705.0,,4621868622.0,,,107.96,100.0,unknown,PER_ONE_DOLLAR_MOVE; exact dollar/contract scaling unverified,QuantData
2026-08-21T12:47:00-04:00,2027-12-17,75.0,call,34568.0,-3904.0,,9475600.0,,,,,73124555.0,113908224.0,-40783669.0,11496705.0,,4621868622.0,,,107.96,100.0,unknown,PER_ONE_DOLLAR_MOVE; exact dollar/contract scaling unverified,QuantData
2026-08-21T12:47:00-04:00,2027-12-17,75.0,put,-38327.0,-4736.0,,-2302096.0,,,,,73124555.0,113908224.0,-40783669.0,11496705.0,,4621868622.0,,,107.96,100.0,unknown,PER_ONE_DOLLAR_MOVE; exact dollar/contract scaling unverified,QuantData
2026-08-21T12:47:00-04:00,2027-12-17,80.0,call,85945.0,-5805.0,,21349204.0,,,,,73124555.0,113908224.0,-40783669.0,11496705.0,,4621868622.0,,,107.96,100.0,unknown,PER_ONE_DOLLAR_MOVE; exact dollar/contract scaling unverified,QuantData
2026-08-21T12:47:00-04:00,2027-12-17,80.0,put,-19792.0,-539.0,,-1260127.0,,,,,73124555.0,113908224.0,-40783669.0,11496705.0,,4621868622.0,,,107.96,100.0,unknown,PER_ONE_DOLLAR_MOVE; exact dollar/contract scaling unverified,QuantData
2026-08-21T12:47:00-04:00,2027-12-17,85.0,call,80585.0,3477.0,,18431415.0,,,,,73124555.0,113908224.0,-40783669.0,11496705.0,,4621868622.0,,,107.96,100.0,unknown,PER_ONE_DOLLAR_MOVE; exact dollar/contract scaling unverified,QuantData
2026-08-21T12:47:00-04:00,2027-12-17,85.0,put,-39938.0,2124.0,,-2625222.0,,,,,73124555.0,113908224.0,-40783669.0,11496705.0,,4621868622.0,,,107.96,100.0,unknown,PER_ONE_DOLLAR_MOVE; exact dollar/contract scaling unverified,QuantData
2026-08-21T12:47:00-04:00,2027-12-17,90.0,call,419270.0,42996.0,,87651206.0,,,,,73124555.0,113908224.0,-40783669.0,11496705.0,,4621868622.0,,,107.96,100.0,unknown,PER_ONE_DOLLAR_MOVE; exact dollar/contract scaling unverified,QuantData
2026-08-21T12:47:00-04:00,2027-12-17,90.0,put,-143460.0,20888.0,,-9804043.0,,,,,73124555.0,113908224.0,-40783669.0,11496705.0,,4621868622.0,,,107.96,100.0,unknown,PER_ONE_DOLLAR_MOVE; exact dollar/contract scaling unverified,QuantData
2026-08-21T12:47:00-04:00,2027-12-17,95.0,call,158647.0,34091.0,,30161353.0,,,,,73124555.0,113908224.0,-40783669.0,11496705.0,,4621868622.0,,,107.96,100.0,unknown,PER_ONE_DOLLAR_MOVE; exact dollar/contract scaling unverified,QuantData
2026-08-21T12:47:00-04:00,2027-12-17,95.0,put,-41423.0,9762.0,,-2950986.0,,,,,73124555.0,113908224.0,-40783669.0,11496705.0,,4621868622.0,,,107.96,100.0,unknown,PER_ONE_DOLLAR_MOVE; exact dollar/contract scaling unverified,QuantData
2026-08-21T12:47:00-04:00,2027-12-17,100.0,call,433995.0,123293.0,,77472673.0,,,,,73124555.0,113908224.0,-40783669.0,11496705.0,,4621868622.0,,,107.96,100.0,unknown,PER_ONE_DOLLAR_MOVE; exact dollar/contract scaling unverified,QuantData
2026-08-21T12:47:00-04:00,2027-12-17,100.0,put,-67670.0,20595.0,,-4969274.0,,,,,73124555.0,113908224.0,-40783669.0,11496705.0,,4621868622.0,,,107.96,100.0,unknown,PER_ONE_DOLLAR_MOVE; exact dollar/contract scaling unverified,QuantData
2026-08-21T12:47:00-04:00,2027-12-17,105.0,call,66082.0,24205.0,,11377827.0,,,,,73124555.0,113908224.0,-40783669.0,11496705.0,,4621868622.0,,,107.96,100.0,unknown,PER_ONE_DOLLAR_MOVE; exact dollar/contract scaling unverified,QuantData
2026-08-21T12:47:00-04:00,2027-12-17,105.0,put,-11298.0,4402.0,,-864478.0,,,,,73124555.0,113908224.0,-40783669.0,11496705.0,,4621868622.0,,,107.96,100.0,unknown,PER_ONE_DOLLAR_MOVE; exact dollar/contract scaling unverified,QuantData
2026-08-21T12:47:00-04:00,2027-12-17,110.0,call,34289.0,14737.0,,5433645.0,,,,,73124555.0,113908224.0,-40783669.0,11496705.0,,4621868622.0,,,107.96,100.0,unknown,PER_ONE_DOLLAR_MOVE; exact dollar/contract scaling unverified,QuantData
2026-08-21T12:47:00-04:00,2027-12-17,110.0,put,0.0,0.0,,0.0,,,,,73124555.0,113908224.0,-40783669.0,11496705.0,,4621868622.0,,,107.96,100.0,unknown,PER_ONE_DOLLAR_MOVE; exact dollar/contract scaling unverified,QuantData
2026-08-21T12:47:00-04:00,2027-12-17,115.0,call,47734.0,23581.0,,7186062.0,,,,,73124555.0,113908224.0,-40783669.0,11496705.0,,4621868622.0,,,107.96,100.0,unknown,PER_ONE_DOLLAR_MOVE; exact dollar/contract scaling unverified,QuantData
2026-08-21T12:47:00-04:00,2027-12-17,115.0,put,0.0,0.0,,0.0,,,,,73124555.0,113908224.0,-40783669.0,11496705.0,,4621868622.0,,,107.96,100.0,unknown,PER_ONE_DOLLAR_MOVE; exact dollar/contract scaling unverified,QuantData
2026-08-21T12:47:00-04:00,2027-12-17,120.0,call,274118.0,155300.0,,38245306.0,,,,,73124555.0,113908224.0,-40783669.0,11496705.0,,4621868622.0,,,107.96,100.0,unknown,PER_ONE_DOLLAR_MOVE; exact dollar/contract scaling unverified,QuantData
2026-08-21T12:47:00-04:00,2027-12-17,120.0,put,-7513.0,4495.0,,-631858.0,,,,,73124555.0,113908224.0,-40783669.0,11496705.0,,4621868622.0,,,107.96,100.0,unknown,PER_ONE_DOLLAR_MOVE; exact dollar/contract scaling unverified,QuantData
2026-08-21T12:47:00-04:00,2027-12-17,125.0,call,81263.0,50561.0,,10936041.0,,,,,73124555.0,113908224.0,-40783669.0,11496705.0,,4621868622.0,,,107.96,100.0,unknown,PER_ONE_DOLLAR_MOVE; exact dollar/contract scaling unverified,QuantData
2026-08-21T12:47:00-04:00,2027-12-17,125.0,put,0.0,0.0,,0.0,,,,,73124555.0,113908224.0,-40783669.0,11496705.0,,4621868622.0,,,107.96,100.0,unknown,PER_ONE_DOLLAR_MOVE; exact dollar/contract scaling unverified,QuantData
2026-08-21T12:47:00-04:00,2027-12-17,130.0,call,55798.0,38243.0,,7063361.0,,,,,73124555.0,113908224.0,-40783669.0,11496705.0,,4621868622.0,,,107.96,100.0,unknown,PER_ONE_DOLLAR_MOVE; exact dollar/contract scaling unverified,QuantData
2026-08-21T12:47:00-04:00,2027-12-17,130.0,put,-3700.0,2598.0,,-341450.0,,,,,73124555.0,113908224.0,-40783669.0,11496705.0,,4621868622.0,,,107.96,100.0,unknown,PER_ONE_DOLLAR_MOVE; exact dollar/contract scaling unverified,QuantData
2026-08-21T12:47:00-04:00,2027-12-17,140.0,call,207002.0,165024.0,,24718391.0,,,,,73124555.0,113908224.0,-40783669.0,11496705.0,,4621868622.0,,,107.96,100.0,unknown,PER_ONE_DOLLAR_MOVE; exact dollar/contract scaling unverified,QuantData
2026-08-21T12:47:00-04:00,2027-12-17,140.0,put,0.0,0.0,,0.0,,,,,73124555.0,113908224.0,-40783669.0,11496705.0,,4621868622.0,,,107.96,100.0,unknown,PER_ONE_DOLLAR_MOVE; exact dollar/contract scaling unverified,QuantData
2026-08-21T12:47:00-04:00,2027-12-17,145.0,call,56283.0,47897.0,,6464200.0,,,,,73124555.0,113908224.0,-40783669.0,11496705.0,,4621868622.0,,,107.96,100.0,unknown,PER_ONE_DOLLAR_MOVE; exact dollar/contract scaling unverified,QuantData
2026-08-21T12:47:00-04:00,2027-12-17,145.0,put,0.0,0.0,,0.0,,,,,73124555.0,113908224.0,-40783669.0,11496705.0,,4621868622.0,,,107.96,100.0,unknown,PER_ONE_DOLLAR_MOVE; exact dollar/contract scaling unverified,QuantData
2026-08-21T12:47:00-04:00,2027-12-17,150.0,call,53097.0,48011.0,,5823770.0,,,,,73124555.0,113908224.0,-40783669.0,11496705.0,,4621868622.0,,,107.96,100.0,unknown,PER_ONE_DOLLAR_MOVE; exact dollar/contract scaling unverified,QuantData
2026-08-21T12:47:00-04:00,2027-12-17,150.0,put,0.0,0.0,,0.0,,,,,73124555.0,113908224.0,-40783669.0,11496705.0,,4621868622.0,,,107.96,100.0,unknown,PER_ONE_DOLLAR_MOVE; exact dollar/contract scaling unverified,QuantData
2026-08-21T12:47:00-04:00,2027-12-17,160.0,call,7690.0,7793.0,,806910.0,,,,,73124555.0,113908224.0,-40783669.0,11496705.0,,4621868622.0,,,107.96,100.0,unknown,PER_ONE_DOLLAR_MOVE; exact dollar/contract scaling unverified,QuantData
2026-08-21T12:47:00-04:00,2027-12-17,160.0,put,0.0,0.0,,0.0,,,,,73124555.0,113908224.0,-40783669.0,11496705.0,,4621868622.0,,,107.96,100.0,unknown,PER_ONE_DOLLAR_MOVE; exact dollar/contract scaling unverified,QuantData
2026-08-21T12:47:00-04:00,2027-12-17,165.0,call,617913.0,655361.0,,61329992.0,,,,,73124555.0,113908224.0,-40783669.0,11496705.0,,4621868622.0,,,107.96,100.0,unknown,PER_ONE_DOLLAR_MOVE; exact dollar/contract scaling unverified,QuantData
2026-08-21T12:47:00-04:00,2027-12-17,165.0,put,0.0,0.0,,0.0,,,,,73124555.0,113908224.0,-40783669.0,11496705.0,,4621868622.0,,,107.96,100.0,unknown,PER_ONE_DOLLAR_MOVE; exact dollar/contract scaling unverified,QuantData
2026-08-21T12:47:00-04:00,2027-12-17,170.0,call,286187.0,316643.0,,27874512.0,,,,,73124555.0,113908224.0,-40783669.0,11496705.0,,4621868622.0,,,107.96,100.0,unknown,PER_ONE_DOLLAR_MOVE; exact dollar/contract scaling unverified,QuantData
2026-08-21T12:47:00-04:00,2027-12-17,170.0,put,0.0,0.0,,0.0,,,,,73124555.0,113908224.0,-40783669.0,11496705.0,,4621868622.0,,,107.96,100.0,unknown,PER_ONE_DOLLAR_MOVE; exact dollar/contract scaling unverified,QuantData
2026-08-21T12:47:00-04:00,2027-12-17,175.0,call,30856.0,35485.0,,2958893.0,,,,,73124555.0,113908224.0,-40783669.0,11496705.0,,4621868622.0,,,107.96,100.0,unknown,PER_ONE_DOLLAR_MOVE; exact dollar/contract scaling unverified,QuantData
2026-08-21T12:47:00-04:00,2027-12-17,175.0,put,0.0,0.0,,0.0,,,,,73124555.0,113908224.0,-40783669.0,11496705.0,,4621868622.0,,,107.96,100.0,unknown,PER_ONE_DOLLAR_MOVE; exact dollar/contract scaling unverified,QuantData
2026-08-21T12:47:00-04:00,2027-12-17,180.0,call,81000.0,96563.0,,7552577.0,,,,,73124555.0,113908224.0,-40783669.0,11496705.0,,4621868622.0,,,107.96,100.0,unknown,PER_ONE_DOLLAR_MOVE; exact dollar/contract scaling unverified,QuantData
2026-08-21T12:47:00-04:00,2027-12-17,180.0,put,0.0,0.0,,0.0,,,,,73124555.0,113908224.0,-40783669.0,11496705.0,,4621868622.0,,,107.96,100.0,unknown,PER_ONE_DOLLAR_MOVE; exact dollar/contract scaling unverified,QuantData
2026-08-21T12:47:00-04:00,2027-12-17,185.0,call,2611.0,3231.0,,234051.0,,,,,73124555.0,113908224.0,-40783669.0,11496705.0,,4621868622.0,,,107.96,100.0,unknown,PER_ONE_DOLLAR_MOVE; exact dollar/contract scaling unverified,QuantData
2026-08-21T12:47:00-04:00,2027-12-17,185.0,put,0.0,0.0,,0.0,,,,,73124555.0,113908224.0,-40783669.0,11496705.0,,4621868622.0,,,107.96,100.0,unknown,PER_ONE_DOLLAR_MOVE; exact dollar/contract scaling unverified,QuantData
2026-08-21T12:47:00-04:00,2027-12-17,190.0,call,35110.0,44836.0,,3104354.0,,,,,73124555.0,113908224.0,-40783669.0,11496705.0,,4621868622.0,,,107.96,100.0,unknown,PER_ONE_DOLLAR_MOVE; exact dollar/contract scaling unverified,QuantData
2026-08-21T12:47:00-04:00,2027-12-17,190.0,put,0.0,0.0,,0.0,,,,,73124555.0,113908224.0,-40783669.0,11496705.0,,4621868622.0,,,107.96,100.0,unknown,PER_ONE_DOLLAR_MOVE; exact dollar/contract scaling unverified,QuantData
2026-08-21T12:47:00-04:00,2027-12-17,195.0,call,4693.0,6158.0,,420624.0,,,,,73124555.0,113908224.0,-40783669.0,11496705.0,,4621868622.0,,,107.96,100.0,unknown,PER_ONE_DOLLAR_MOVE; exact dollar/contract scaling unverified,QuantData
2026-08-21T12:47:00-04:00,2027-12-17,195.0,put,0.0,0.0,,0.0,,,,,73124555.0,113908224.0,-40783669.0,11496705.0,,4621868622.0,,,107.96,100.0,unknown,PER_ONE_DOLLAR_MOVE; exact dollar/contract scaling unverified,QuantData
2026-08-21T12:47:00-04:00,2027-12-17,200.0,call,22881.0,30920.0,,1982474.0,,,,,73124555.0,113908224.0,-40783669.0,11496705.0,,4621868622.0,,,107.96,100.0,unknown,PER_ONE_DOLLAR_MOVE; exact dollar/contract scaling unverified,QuantData
2026-08-21T12:47:00-04:00,2027-12-17,200.0,put,0.0,0.0,,0.0,,,,,73124555.0,113908224.0,-40783669.0,11496705.0,,4621868622.0,,,107.96,100.0,unknown,PER_ONE_DOLLAR_MOVE; exact dollar/contract scaling unverified,QuantData
2026-08-21T12:47:00-04:00,2027-12-17,210.0,call,12947.0,18512.0,,1057306.0,,,,,73124555.0,113908224.0,-40783669.0,11496705.0,,4621868622.0,,,107.96,100.0,unknown,PER_ONE_DOLLAR_MOVE; exact dollar/contract scaling unverified,QuantData
2026-08-21T12:47:00-04:00,2027-12-17,210.0,put,0.0,0.0,,0.0,,,,,73124555.0,113908224.0,-40783669.0,11496705.0,,4621868622.0,,,107.96,100.0,unknown,PER_ONE_DOLLAR_MOVE; exact dollar/contract scaling unverified,QuantData
2026-08-21T12:47:00-04:00,2027-12-17,230.0,call,0.0,0.0,,0.0,,,,,73124555.0,113908224.0,-40783669.0,11496705.0,,4621868622.0,,,107.96,100.0,unknown,PER_ONE_DOLLAR_MOVE; exact dollar/contract scaling unverified,QuantData
2026-08-21T12:47:00-04:00,2027-12-17,230.0,put,0.0,0.0,,0.0,,,,,73124555.0,113908224.0,-40783669.0,11496705.0,,4621868622.0,,,107.96,100.0,unknown,PER_ONE_DOLLAR_MOVE; exact dollar/contract scaling unverified,QuantData
2026-08-21T12:47:00-04:00,2027-12-17,240.0,call,10306.0,16817.0,,758777.0,,,,,73124555.0,113908224.0,-40783669.0,11496705.0,,4621868622.0,,,107.96,100.0,unknown,PER_ONE_DOLLAR_MOVE; exact dollar/contract scaling unverified,QuantData
2026-08-21T12:47:00-04:00,2027-12-17,240.0,put,0.0,0.0,,0.0,,,,,73124555.0,113908224.0,-40783669.0,11496705.0,,4621868622.0,,,107.96,100.0,unknown,PER_ONE_DOLLAR_MOVE; exact dollar/contract scaling unverified,QuantData
2026-08-21T12:47:00-04:00,2027-12-17,250.0,call,35300.0,59782.0,,2567139.0,,,,,73124555.0,113908224.0,-40783669.0,11496705.0,,4621868622.0,,,107.96,100.0,unknown,PER_ONE_DOLLAR_MOVE; exact dollar/contract scaling unverified,QuantData
2026-08-21T12:47:00-04:00,2027-12-17,250.0,put,0.0,0.0,,0.0,,,,,73124555.0,113908224.0,-40783669.0,11496705.0,,4621868622.0,,,107.96,100.0,unknown,PER_ONE_DOLLAR_MOVE; exact dollar/contract scaling unverified,QuantData
2026-08-21T12:47:00-04:00,2027-12-17,260.0,call,15890.0,27977.0,,1084186.0,,,,,73124555.0,113908224.0,-40783669.0,11496705.0,,4621868622.0,,,107.96,100.0,unknown,PER_ONE_DOLLAR_MOVE; exact dollar/contract scaling unverified,QuantData
2026-08-21T12:47:00-04:00,2027-12-17,260.0,put,0.0,0.0,,0.0,,,,,73124555.0,113908224.0,-40783669.0,11496705.0,,4621868622.0,,,107.96,100.0,unknown,PER_ONE_DOLLAR_MOVE; exact dollar/contract scaling unverified,QuantData
2026-08-21T12:47:00-04:00,2027-12-17,270.0,call,5542.0,10056.0,,371449.0,,,,,73124555.0,113908224.0,-40783669.0,11496705.0,,4621868622.0,,,107.96,100.0,unknown,PER_ONE_DOLLAR_MOVE; exact dollar/contract scaling unverified,QuantData
2026-08-21T12:47:00-04:00,2027-12-17,270.0,put,0.0,0.0,,0.0,,,,,73124555.0,113908224.0,-40783669.0,11496705.0,,4621868622.0,,,107.96,100.0,unknown,PER_ONE_DOLLAR_MOVE; exact dollar/contract scaling unverified,QuantData
2026-08-21T12:47:00-04:00,2027-12-17,280.0,call,57223.0,106596.0,,3786444.0,,,,,73124555.0,113908224.0,-40783669.0,11496705.0,,4621868622.0,,,107.96,100.0,unknown,PER_ONE_DOLLAR_MOVE; exact dollar/contract scaling unverified,QuantData
2026-08-21T12:47:00-04:00,2027-12-17,280.0,put,0.0,0.0,,0.0,,,,,73124555.0,113908224.0,-40783669.0,11496705.0,,4621868622.0,,,107.96,100.0,unknown,PER_ONE_DOLLAR_MOVE; exact dollar/contract scaling unverified,QuantData
2026-08-21T12:47:00-04:00,2027-12-17,290.0,call,213165.0,408800.0,,14304212.0,,,,,73124555.0,113908224.0,-40783669.0,11496705.0,,4621868622.0,,,107.96,100.0,unknown,PER_ONE_DOLLAR_MOVE; exact dollar/contract scaling unverified,QuantData
2026-08-21T12:47:00-04:00,2027-12-17,290.0,put,0.0,0.0,,0.0,,,,,73124555.0,113908224.0,-40783669.0,11496705.0,,4621868622.0,,,107.96,100.0,unknown,PER_ONE_DOLLAR_MOVE; exact dollar/contract scaling unverified,QuantData
2026-08-21T12:47:00-04:00,2028-01-21,5.0,call,569.0,-1310.0,,22896135.0,,,,,73124555.0,113908224.0,-40783669.0,11496705.0,,4621868622.0,,,107.96,100.0,unknown,PER_ONE_DOLLAR_MOVE; exact dollar/contract scaling unverified,QuantData
2026-08-21T12:47:00-04:00,2028-01-21,5.0,put,0.0,0.0,,0.0,,,,,73124555.0,113908224.0,-40783669.0,11496705.0,,4621868622.0,,,107.96,100.0,unknown,PER_ONE_DOLLAR_MOVE; exact dollar/contract scaling unverified,QuantData
2026-08-21T12:47:00-04:00,2028-01-21,10.0,call,0.0,0.0,,491510.0,,,,,73124555.0,113908224.0,-40783669.0,11496705.0,,4621868622.0,,,107.96,100.0,unknown,PER_ONE_DOLLAR_MOVE; exact dollar/contract scaling unverified,QuantData
2026-08-21T12:47:00-04:00,2028-01-21,10.0,put,-1174.0,-2288.0,,-44370.0,,,,,73124555.0,113908224.0,-40783669.0,11496705.0,,4621868622.0,,,107.96,100.0,unknown,PER_ONE_DOLLAR_MOVE; exact dollar/contract scaling unverified,QuantData
2026-08-21T12:47:00-04:00,2028-01-21,25.0,call,884.0,-1351.0,,2043177.0,,,,,73124555.0,113908224.0,-40783669.0,11496705.0,,4621868622.0,,,107.96,100.0,unknown,PER_ONE_DOLLAR_MOVE; exact dollar/contract scaling unverified,QuantData
2026-08-21T12:47:00-04:00,2028-01-21,25.0,put,0.0,0.0,,0.0,,,,,73124555.0,113908224.0,-40783669.0,11496705.0,,4621868622.0,,,107.96,100.0,unknown,PER_ONE_DOLLAR_MOVE; exact dollar/contract scaling unverified,QuantData
2026-08-21T12:47:00-04:00,2028-01-21,30.0,call,0.0,0.0,,0.0,,,,,73124555.0,113908224.0,-40783669.0,11496705.0,,4621868622.0,,,107.96,100.0,unknown,PER_ONE_DOLLAR_MOVE; exact dollar/contract scaling unverified,QuantData
2026-08-21T12:47:00-04:00,2028-01-21,30.0,put,-2098.0,-2585.0,,-93089.0,,,,,73124555.0,113908224.0,-40783669.0,11496705.0,,4621868622.0,,,107.96,100.0,unknown,PER_ONE_DOLLAR_MOVE; exact dollar/contract scaling unverified,QuantData
2026-08-21T12:47:00-04:00,2028-01-21,35.0,call,1198.0,-1399.0,,1418550.0,,,,,73124555.0,113908224.0,-40783669.0,11496705.0,,4621868622.0,,,107.96,100.0,unknown,PER_ONE_DOLLAR_MOVE; exact dollar/contract scaling unverified,QuantData
2026-08-21T12:47:00-04:00,2028-01-21,35.0,put,-11175.0,-11947.0,,-505749.0,,,,,73124555.0,113908224.0,-40783669.0,11496705.0,,4621868622.0,,,107.96,100.0,unknown,PER_ONE_DOLLAR_MOVE; exact dollar/contract scaling unverified,QuantData
2026-08-21T12:47:00-04:00,2028-01-21,40.0,call,0.0,0.0,,0.0,,,,,73124555.0,113908224.0,-40783669.0,11496705.0,,4621868622.0,,,107.96,100.0,unknown,PER_ONE_DOLLAR_MOVE; exact dollar/contract scaling unverified,QuantData
2026-08-21T12:47:00-04:00,2028-01-21,40.0,put,-30841.0,-28390.0,,-1470804.0,,,,,73124555.0,113908224.0,-40783669.0,11496705.0,,4621868622.0,,,107.96,100.0,unknown,PER_ONE_DOLLAR_MOVE; exact dollar/contract scaling unverified,QuantData
2026-08-21T12:47:00-04:00,2028-01-21,45.0,call,2747.0,-2290.0,,1913228.0,,,,,73124555.0,113908224.0,-40783669.0,11496705.0,,4621868622.0,,,107.96,100.0,unknown,PER_ONE_DOLLAR_MOVE; exact dollar/contract scaling unverified,QuantData
2026-08-21T12:47:00-04:00,2028-01-21,45.0,put,-8758.0,-6877.0,,-431125.0,,,,,73124555.0,113908224.0,-40783669.0,11496705.0,,4621868622.0,,,107.96,100.0,unknown,PER_ONE_DOLLAR_MOVE; exact dollar/contract scaling unverified,QuantData
2026-08-21T12:47:00-04:00,2028-01-21,50.0,call,16232.0,-10923.0,,9240231.0,,,,,73124555.0,113908224.0,-40783669.0,11496705.0,,4621868622.0,,,107.96,100.0,unknown,PER_ONE_DOLLAR_MOVE; exact dollar/contract scaling unverified,QuantData
2026-08-21T12:47:00-04:00,2028-01-21,50.0,put,-27931.0,-17999.0,,-1441099.0,,,,,73124555.0,113908224.0,-40783669.0,11496705.0,,4621868622.0,,,107.96,100.0,unknown,PER_ONE_DOLLAR_MOVE; exact dollar/contract scaling unverified,QuantData
2026-08-21T12:47:00-04:00,2028-01-21,55.0,call,10064.0,-6947.0,,4734151.0,,,,,73124555.0,113908224.0,-40783669.0,11496705.0,,4621868622.0,,,107.96,100.0,unknown,PER_ONE_DOLLAR_MOVE; exact dollar/contract scaling unverified,QuantData
2026-08-21T12:47:00-04:00,2028-01-21,55.0,put,-20062.0,-10739.0,,-1060362.0,,,,,73124555.0,113908224.0,-40783669.0,11496705.0,,4621868622.0,,,107.96,100.0,unknown,PER_ONE_DOLLAR_MOVE; exact dollar/contract scaling unverified,QuantData
2026-08-21T12:47:00-04:00,2028-01-21,60.0,call,30094.0,-13641.0,,12870508.0,,,,,73124555.0,113908224.0,-40783669.0,11496705.0,,4621868622.0,,,107.96,100.0,unknown,PER_ONE_DOLLAR_MOVE; exact dollar/contract scaling unverified,QuantData
2026-08-21T12:47:00-04:00,2028-01-21,60.0,put,-120098.0,-49456.0,,-6677729.0,,,,,73124555.0,113908224.0,-40783669.0,11496705.0,,4621868622.0,,,107.96,100.0,unknown,PER_ONE_DOLLAR_MOVE; exact dollar/contract scaling unverified,QuantData
2026-08-21T12:47:00-04:00,2028-01-21,65.0,call,16297.0,-5497.0,,5856759.0,,,,,73124555.0,113908224.0,-40783669.0,11496705.0,,4621868622.0,,,107.96,100.0,unknown,PER_ONE_DOLLAR_MOVE; exact dollar/contract scaling unverified,QuantData
2026-08-21T12:47:00-04:00,2028-01-21,65.0,put,-47050.0,-13573.0,,-2715264.0,,,,,73124555.0,113908224.0,-40783669.0,11496705.0,,4621868622.0,,,107.96,100.0,unknown,PER_ONE_DOLLAR_MOVE; exact dollar/contract scaling unverified,QuantData
2026-08-21T12:47:00-04:00,2028-01-21,70.0,call,50121.0,-14564.0,,15575569.0,,,,,73124555.0,113908224.0,-40783669.0,11496705.0,,4621868622.0,,,107.96,100.0,unknown,PER_ONE_DOLLAR_MOVE; exact dollar/contract scaling unverified,QuantData
2026-08-21T12:47:00-04:00,2028-01-21,70.0,put,-229329.0,-44578.0,,-13833789.0,,,,,73124555.0,113908224.0,-40783669.0,11496705.0,,4621868622.0,,,107.96,100.0,unknown,PER_ONE_DOLLAR_MOVE; exact dollar/contract scaling unverified,QuantData
2026-08-21T12:47:00-04:00,2028-01-21,75.0,call,306502.0,-42036.0,,87443425.0,,,,,73124555.0,113908224.0,-40783669.0,11496705.0,,4621868622.0,,,107.96,100.0,unknown,PER_ONE_DOLLAR_MOVE; exact dollar/contract scaling unverified,QuantData
2026-08-21T12:47:00-04:00,2028-01-21,75.0,put,-79116.0,-7308.0,,-4963785.0,,,,,73124555.0,113908224.0,-40783669.0,11496705.0,,4621868622.0,,,107.96,100.0,unknown,PER_ONE_DOLLAR_MOVE; exact dollar/contract scaling unverified,QuantData
2026-08-21T12:47:00-04:00,2028-01-21,80.0,call,60431.0,-3317.0,,15433378.0,,,,,73124555.0,113908224.0,-40783669.0,11496705.0,,4621868622.0,,,107.96,100.0,unknown,PER_ONE_DOLLAR_MOVE; exact dollar/contract scaling unverified,QuantData
2026-08-21T12:47:00-04:00,2028-01-21,80.0,put,-49356.0,25.0,,-3224952.0,,,,,73124555.0,113908224.0,-40783669.0,11496705.0,,4621868622.0,,,107.96,100.0,unknown,PER_ONE_DOLLAR_MOVE; exact dollar/contract scaling unverified,QuantData
2026-08-21T12:47:00-04:00,2028-01-21,85.0,call,49343.0,2090.0,,11591428.0,,,,,73124555.0,113908224.0,-40783669.0,11496705.0,,4621868622.0,,,107.96,100.0,unknown,PER_ONE_DOLLAR_MOVE; exact dollar/contract scaling unverified,QuantData
2026-08-21T12:47:00-04:00,2028-01-21,85.0,put,-40747.0,4055.0,,-2765027.0,,,,,73124555.0,113908224.0,-40783669.0,11496705.0,,4621868622.0,,,107.96,100.0,unknown,PER_ONE_DOLLAR_MOVE; exact dollar/contract scaling unverified,QuantData
2026-08-21T12:47:00-04:00,2028-01-21,90.0,call,89512.0,12495.0,,19719036.0,,,,,73124555.0,113908224.0,-40783669.0,11496705.0,,4621868622.0,,,107.96,100.0,unknown,PER_ONE_DOLLAR_MOVE; exact dollar/contract scaling unverified,QuantData
2026-08-21T12:47:00-04:00,2028-01-21,90.0,put,-77191.0,13968.0,,-5423231.0,,,,,73124555.0,113908224.0,-40783669.0,11496705.0,,4621868622.0,,,107.96,100.0,unknown,PER_ONE_DOLLAR_MOVE; exact dollar/contract scaling unverified,QuantData
2026-08-21T12:47:00-04:00,2028-01-21,95.0,call,49799.0,10926.0,,9999765.0,,,,,73124555.0,113908224.0,-40783669.0,11496705.0,,4621868622.0,,,107.96,100.0,unknown,PER_ONE_DOLLAR_MOVE; exact dollar/contract scaling unverified,QuantData
2026-08-21T12:47:00-04:00,2028-01-21,95.0,put,-35826.0,9059.0,,-2623194.0,,,,,73124555.0,113908224.0,-40783669.0,11496705.0,,4621868622.0,,,107.96,100.0,unknown,PER_ONE_DOLLAR_MOVE; exact dollar/contract scaling unverified,QuantData
2026-08-21T12:47:00-04:00,2028-01-21,100.0,call,373776.0,113182.0,,69805425.0,,,,,73124555.0,113908224.0,-40783669.0,11496705.0,,4621868622.0,,,107.96,100.0,unknown,PER_ONE_DOLLAR_MOVE; exact dollar/contract scaling unverified,QuantData
2026-08-21T12:47:00-04:00,2028-01-21,100.0,put,-165648.0,57141.0,,-12567581.0,,,,,73124555.0,113908224.0,-40783669.0,11496705.0,,4621868622.0,,,107.96,100.0,unknown,PER_ONE_DOLLAR_MOVE; exact dollar/contract scaling unverified,QuantData
2026-08-21T12:47:00-04:00,2028-01-21,105.0,call,43914.0,16324.0,,7761874.0,,,,,73124555.0,113908224.0,-40783669.0,11496705.0,,4621868622.0,,,107.96,100.0,unknown,PER_ONE_DOLLAR_MOVE; exact dollar/contract scaling unverified,QuantData
2026-08-21T12:47:00-04:00,2028-01-21,105.0,put,-14267.0,6073.0,,-1090516.0,,,,,73124555.0,113908224.0,-40783669.0,11496705.0,,4621868622.0,,,107.96,100.0,unknown,PER_ONE_DOLLAR_MOVE; exact dollar/contract scaling unverified,QuantData
2026-08-21T12:47:00-04:00,2028-01-21,110.0,call,63498.0,28164.0,,10463314.0,,,,,73124555.0,113908224.0,-40783669.0,11496705.0,,4621868622.0,,,107.96,100.0,unknown,PER_ONE_DOLLAR_MOVE; exact dollar/contract scaling unverified,QuantData
2026-08-21T12:47:00-04:00,2028-01-21,110.0,put,-34539.0,16853.0,,-2807116.0,,,,,73124555.0,113908224.0,-40783669.0,11496705.0,,4621868622.0,,,107.96,100.0,unknown,PER_ONE_DOLLAR_MOVE; exact dollar/contract scaling unverified,QuantData
2026-08-21T12:47:00-04:00,2028-01-21,115.0,call,37937.0,19948.0,,5988806.0,,,,,73124555.0,113908224.0,-40783669.0,11496705.0,,4621868622.0,,,107.96,100.0,unknown,PER_ONE_DOLLAR_MOVE; exact dollar/contract scaling unverified,QuantData
2026-08-21T12:47:00-04:00,2028-01-21,115.0,put,0.0,0.0,,0.0,,,,,73124555.0,113908224.0,-40783669.0,11496705.0,,4621868622.0,,,107.96,100.0,unknown,PER_ONE_DOLLAR_MOVE; exact dollar/contract scaling unverified,QuantData
2026-08-21T12:47:00-04:00,2028-01-21,120.0,call,101812.0,59012.0,,15167414.0,,,,,73124555.0,113908224.0,-40783669.0,11496705.0,,4621868622.0,,,107.96,100.0,unknown,PER_ONE_DOLLAR_MOVE; exact dollar/contract scaling unverified,QuantData
2026-08-21T12:47:00-04:00,2028-01-21,120.0,put,-12985.0,7960.0,,-1138070.0,,,,,73124555.0,113908224.0,-40783669.0,11496705.0,,4621868622.0,,,107.96,100.0,unknown,PER_ONE_DOLLAR_MOVE; exact dollar/contract scaling unverified,QuantData
2026-08-21T12:47:00-04:00,2028-01-21,125.0,call,57196.0,36731.0,,8167112.0,,,,,73124555.0,113908224.0,-40783669.0,11496705.0,,4621868622.0,,,107.96,100.0,unknown,PER_ONE_DOLLAR_MOVE; exact dollar/contract scaling unverified,QuantData
2026-08-21T12:47:00-04:00,2028-01-21,125.0,put,0.0,0.0,,0.0,,,,,73124555.0,113908224.0,-40783669.0,11496705.0,,4621868622.0,,,107.96,100.0,unknown,PER_ONE_DOLLAR_MOVE; exact dollar/contract scaling unverified,QuantData
2026-08-21T12:47:00-04:00,2028-01-21,130.0,call,58367.0,41319.0,,8010454.0,,,,,73124555.0,113908224.0,-40783669.0,11496705.0,,4621868622.0,,,107.96,100.0,unknown,PER_ONE_DOLLAR_MOVE; exact dollar/contract scaling unverified,QuantData
2026-08-21T12:47:00-04:00,2028-01-21,130.0,put,-12407.0,9162.0,,-1162330.0,,,,,73124555.0,113908224.0,-40783669.0,11496705.0,,4621868622.0,,,107.96,100.0,unknown,PER_ONE_DOLLAR_MOVE; exact dollar/contract scaling unverified,QuantData
2026-08-21T12:47:00-04:00,2028-01-21,135.0,call,29301.0,22653.0,,3800793.0,,,,,73124555.0,113908224.0,-40783669.0,11496705.0,,4621868622.0,,,107.96,100.0,unknown,PER_ONE_DOLLAR_MOVE; exact dollar/contract scaling unverified,QuantData
2026-08-21T12:47:00-04:00,2028-01-21,135.0,put,-6714.0,5405.0,,-641790.0,,,,,73124555.0,113908224.0,-40783669.0,11496705.0,,4621868622.0,,,107.96,100.0,unknown,PER_ONE_DOLLAR_MOVE; exact dollar/contract scaling unverified,QuantData
2026-08-21T12:47:00-04:00,2028-01-21,140.0,call,86957.0,71996.0,,10720502.0,,,,,73124555.0,113908224.0,-40783669.0,11496705.0,,4621868622.0,,,107.96,100.0,unknown,PER_ONE_DOLLAR_MOVE; exact dollar/contract scaling unverified,QuantData
2026-08-21T12:47:00-04:00,2028-01-21,140.0,put,-5321.0,4513.0,,-530608.0,,,,,73124555.0,113908224.0,-40783669.0,11496705.0,,4621868622.0,,,107.96,100.0,unknown,PER_ONE_DOLLAR_MOVE; exact dollar/contract scaling unverified,QuantData
2026-08-21T12:47:00-04:00,2028-01-21,145.0,call,250138.0,220204.0,,30533962.0,,,,,73124555.0,113908224.0,-40783669.0,11496705.0,,4621868622.0,,,107.96,100.0,unknown,PER_ONE_DOLLAR_MOVE; exact dollar/contract scaling unverified,QuantData
2026-08-21T12:47:00-04:00,2028-01-21,145.0,put,0.0,0.0,,0.0,,,,,73124555.0,113908224.0,-40783669.0,11496705.0,,4621868622.0,,,107.96,100.0,unknown,PER_ONE_DOLLAR_MOVE; exact dollar/contract scaling unverified,QuantData
2026-08-21T12:47:00-04:00,2028-01-21,150.0,call,215829.0,200878.0,,25120338.0,,,,,73124555.0,113908224.0,-40783669.0,11496705.0,,4621868622.0,,,107.96,100.0,unknown,PER_ONE_DOLLAR_MOVE; exact dollar/contract scaling unverified,QuantData
2026-08-21T12:47:00-04:00,2028-01-21,150.0,put,0.0,0.0,,0.0,,,,,73124555.0,113908224.0,-40783669.0,11496705.0,,4621868622.0,,,107.96,100.0,unknown,PER_ONE_DOLLAR_MOVE; exact dollar/contract scaling unverified,QuantData
2026-08-21T12:47:00-04:00,2028-01-21,160.0,call,63907.0,66090.0,,7112806.0,,,,,73124555.0,113908224.0,-40783669.0,11496705.0,,4621868622.0,,,107.96,100.0,unknown,PER_ONE_DOLLAR_MOVE; exact dollar/contract scaling unverified,QuantData
2026-08-21T12:47:00-04:00,2028-01-21,160.0,put,0.0,0.0,,0.0,,,,,73124555.0,113908224.0,-40783669.0,11496705.0,,4621868622.0,,,107.96,100.0,unknown,PER_ONE_DOLLAR_MOVE; exact dollar/contract scaling unverified,QuantData
2026-08-21T12:47:00-04:00,2028-01-21,165.0,call,15183.0,16516.0,,1605139.0,,,,,73124555.0,113908224.0,-40783669.0,11496705.0,,4621868622.0,,,107.96,100.0,unknown,PER_ONE_DOLLAR_MOVE; exact dollar/contract scaling unverified,QuantData
2026-08-21T12:47:00-04:00,2028-01-21,165.0,put,0.0,0.0,,0.0,,,,,73124555.0,113908224.0,-40783669.0,11496705.0,,4621868622.0,,,107.96,100.0,unknown,PER_ONE_DOLLAR_MOVE; exact dollar/contract scaling unverified,QuantData
2026-08-21T12:47:00-04:00,2028-01-21,170.0,call,34083.0,38530.0,,3565855.0,,,,,73124555.0,113908224.0,-40783669.0,11496705.0,,4621868622.0,,,107.96,100.0,unknown,PER_ONE_DOLLAR_MOVE; exact dollar/contract scaling unverified,QuantData
2026-08-21T12:47:00-04:00,2028-01-21,170.0,put,0.0,0.0,,0.0,,,,,73124555.0,113908224.0,-40783669.0,11496705.0,,4621868622.0,,,107.96,100.0,unknown,PER_ONE_DOLLAR_MOVE; exact dollar/contract scaling unverified,QuantData
2026-08-21T12:47:00-04:00,2028-01-21,175.0,call,27102.0,31885.0,,2729598.0,,,,,73124555.0,113908224.0,-40783669.0,11496705.0,,4621868622.0,,,107.96,100.0,unknown,PER_ONE_DOLLAR_MOVE; exact dollar/contract scaling unverified,QuantData
2026-08-21T12:47:00-04:00,2028-01-21,175.0,put,0.0,0.0,,0.0,,,,,73124555.0,113908224.0,-40783669.0,11496705.0,,4621868622.0,,,107.96,100.0,unknown,PER_ONE_DOLLAR_MOVE; exact dollar/contract scaling unverified,QuantData
2026-08-21T12:47:00-04:00,2028-01-21,180.0,call,99767.0,121762.0,,9862788.0,,,,,73124555.0,113908224.0,-40783669.0,11496705.0,,4621868622.0,,,107.96,100.0,unknown,PER_ONE_DOLLAR_MOVE; exact dollar/contract scaling unverified,QuantData
2026-08-21T12:47:00-04:00,2028-01-21,180.0,put,0.0,0.0,,0.0,,,,,73124555.0,113908224.0,-40783669.0,11496705.0,,4621868622.0,,,107.96,100.0,unknown,PER_ONE_DOLLAR_MOVE; exact dollar/contract scaling unverified,QuantData
2026-08-21T12:47:00-04:00,2028-01-21,185.0,call,10084.0,12742.0,,972238.0,,,,,73124555.0,113908224.0,-40783669.0,11496705.0,,4621868622.0,,,107.96,100.0,unknown,PER_ONE_DOLLAR_MOVE; exact dollar/contract scaling unverified,QuantData
2026-08-21T12:47:00-04:00,2028-01-21,185.0,put,0.0,0.0,,0.0,,,,,73124555.0,113908224.0,-40783669.0,11496705.0,,4621868622.0,,,107.96,100.0,unknown,PER_ONE_DOLLAR_MOVE; exact dollar/contract scaling unverified,QuantData
2026-08-21T12:47:00-04:00,2028-01-21,190.0,call,28502.0,37234.0,,2664629.0,,,,,73124555.0,113908224.0,-40783669.0,11496705.0,,4621868622.0,,,107.96,100.0,unknown,PER_ONE_DOLLAR_MOVE; exact dollar/contract scaling unverified,QuantData
2026-08-21T12:47:00-04:00,2028-01-21,190.0,put,0.0,0.0,,0.0,,,,,73124555.0,113908224.0,-40783669.0,11496705.0,,4621868622.0,,,107.96,100.0,unknown,PER_ONE_DOLLAR_MOVE; exact dollar/contract scaling unverified,QuantData
2026-08-21T12:47:00-04:00,2028-01-21,195.0,call,22596.0,30414.0,,2071763.0,,,,,73124555.0,113908224.0,-40783669.0,11496705.0,,4621868622.0,,,107.96,100.0,unknown,PER_ONE_DOLLAR_MOVE; exact dollar/contract scaling unverified,QuantData
2026-08-21T12:47:00-04:00,2028-01-21,195.0,put,0.0,0.0,,0.0,,,,,73124555.0,113908224.0,-40783669.0,11496705.0,,4621868622.0,,,107.96,100.0,unknown,PER_ONE_DOLLAR_MOVE; exact dollar/contract scaling unverified,QuantData
2026-08-21T12:47:00-04:00,2028-01-21,200.0,call,189585.0,262874.0,,17021007.0,,,,,73124555.0,113908224.0,-40783669.0,11496705.0,,4621868622.0,,,107.96,100.0,unknown,PER_ONE_DOLLAR_MOVE; exact dollar/contract scaling unverified,QuantData
2026-08-21T12:47:00-04:00,2028-01-21,200.0,put,0.0,0.0,,0.0,,,,,73124555.0,113908224.0,-40783669.0,11496705.0,,4621868622.0,,,107.96,100.0,unknown,PER_ONE_DOLLAR_MOVE; exact dollar/contract scaling unverified,QuantData
2026-08-21T12:47:00-04:00,2028-01-21,210.0,call,21711.0,31700.0,,1877217.0,,,,,73124555.0,113908224.0,-40783669.0,11496705.0,,4621868622.0,,,107.96,100.0,unknown,PER_ONE_DOLLAR_MOVE; exact dollar/contract scaling unverified,QuantData
2026-08-21T12:47:00-04:00,2028-01-21,210.0,put,0.0,0.0,,0.0,,,,,73124555.0,113908224.0,-40783669.0,11496705.0,,4621868622.0,,,107.96,100.0,unknown,PER_ONE_DOLLAR_MOVE; exact dollar/contract scaling unverified,QuantData
2026-08-21T12:47:00-04:00,2028-01-21,220.0,call,43002.0,65888.0,,3582049.0,,,,,73124555.0,113908224.0,-40783669.0,11496705.0,,4621868622.0,,,107.96,100.0,unknown,PER_ONE_DOLLAR_MOVE; exact dollar/contract scaling unverified,QuantData
2026-08-21T12:47:00-04:00,2028-01-21,220.0,put,0.0,0.0,,0.0,,,,,73124555.0,113908224.0,-40783669.0,11496705.0,,4621868622.0,,,107.96,100.0,unknown,PER_ONE_DOLLAR_MOVE; exact dollar/contract scaling unverified,QuantData
2026-08-21T12:47:00-04:00,2028-01-21,230.0,call,9158.0,14622.0,,746044.0,,,,,73124555.0,113908224.0,-40783669.0,11496705.0,,4621868622.0,,,107.96,100.0,unknown,PER_ONE_DOLLAR_MOVE; exact dollar/contract scaling unverified,QuantData
2026-08-21T12:47:00-04:00,2028-01-21,230.0,put,0.0,0.0,,0.0,,,,,73124555.0,113908224.0,-40783669.0,11496705.0,,4621868622.0,,,107.96,100.0,unknown,PER_ONE_DOLLAR_MOVE; exact dollar/contract scaling unverified,QuantData
2026-08-21T12:47:00-04:00,2028-01-21,240.0,call,61283.0,102056.0,,4779026.0,,,,,73124555.0,113908224.0,-40783669.0,11496705.0,,4621868622.0,,,107.96,100.0,unknown,PER_ONE_DOLLAR_MOVE; exact dollar/contract scaling unverified,QuantData
2026-08-21T12:47:00-04:00,2028-01-21,240.0,put,0.0,0.0,,0.0,,,,,73124555.0,113908224.0,-40783669.0,11496705.0,,4621868622.0,,,107.96,100.0,unknown,PER_ONE_DOLLAR_MOVE; exact dollar/contract scaling unverified,QuantData
2026-08-21T12:47:00-04:00,2028-01-21,250.0,call,100800.0,174756.0,,7660884.0,,,,,73124555.0,113908224.0,-40783669.0,11496705.0,,4621868622.0,,,107.96,100.0,unknown,PER_ONE_DOLLAR_MOVE; exact dollar/contract scaling unverified,QuantData
2026-08-21T12:47:00-04:00,2028-01-21,250.0,put,0.0,0.0,,0.0,,,,,73124555.0,113908224.0,-40783669.0,11496705.0,,4621868622.0,,,107.96,100.0,unknown,PER_ONE_DOLLAR_MOVE; exact dollar/contract scaling unverified,QuantData
2026-08-21T12:47:00-04:00,2028-01-21,260.0,call,41521.0,74061.0,,3230975.0,,,,,73124555.0,113908224.0,-40783669.0,11496705.0,,4621868622.0,,,107.96,100.0,unknown,PER_ONE_DOLLAR_MOVE; exact dollar/contract scaling unverified,QuantData
2026-08-21T12:47:00-04:00,2028-01-21,260.0,put,0.0,0.0,,0.0,,,,,73124555.0,113908224.0,-40783669.0,11496705.0,,4621868622.0,,,107.96,100.0,unknown,PER_ONE_DOLLAR_MOVE; exact dollar/contract scaling unverified,QuantData
2026-08-21T12:47:00-04:00,2028-01-21,270.0,call,10308.0,18921.0,,748831.0,,,,,73124555.0,113908224.0,-40783669.0,11496705.0,,4621868622.0,,,107.96,100.0,unknown,PER_ONE_DOLLAR_MOVE; exact dollar/contract scaling unverified,QuantData
2026-08-21T12:47:00-04:00,2028-01-21,270.0,put,0.0,0.0,,0.0,,,,,73124555.0,113908224.0,-40783669.0,11496705.0,,4621868622.0,,,107.96,100.0,unknown,PER_ONE_DOLLAR_MOVE; exact dollar/contract scaling unverified,QuantData
2026-08-21T12:47:00-04:00,2028-01-21,280.0,call,103992.0,197491.0,,7425260.0,,,,,73124555.0,113908224.0,-40783669.0,11496705.0,,4621868622.0,,,107.96,100.0,unknown,PER_ONE_DOLLAR_MOVE; exact dollar/contract scaling unverified,QuantData
2026-08-21T12:47:00-04:00,2028-01-21,280.0,put,0.0,0.0,,0.0,,,,,73124555.0,113908224.0,-40783669.0,11496705.0,,4621868622.0,,,107.96,100.0,unknown,PER_ONE_DOLLAR_MOVE; exact dollar/contract scaling unverified,QuantData
2026-08-21T12:47:00-04:00,2028-01-21,290.0,call,570662.0,1113422.0,,39927288.0,,,,,73124555.0,113908224.0,-40783669.0,11496705.0,,4621868622.0,,,107.96,100.0,unknown,PER_ONE_DOLLAR_MOVE; exact dollar/contract scaling unverified,QuantData
2026-08-21T12:47:00-04:00,2028-01-21,290.0,put,0.0,0.0,,0.0,,,,,73124555.0,113908224.0,-40783669.0,11496705.0,,4621868622.0,,,107.96,100.0,unknown,PER_ONE_DOLLAR_MOVE; exact dollar/contract scaling unverified,QuantData
2026-08-21T12:47:00-04:00,2028-12-15,35.0,call,0.0,0.0,,0.0,,,,,73124555.0,113908224.0,-40783669.0,11496705.0,,4621868622.0,,,107.96,100.0,unknown,PER_ONE_DOLLAR_MOVE; exact dollar/contract scaling unverified,QuantData
2026-08-21T12:47:00-04:00,2028-12-15,35.0,put,-1063.0,-902.0,,-62939.0,,,,,73124555.0,113908224.0,-40783669.0,11496705.0,,4621868622.0,,,107.96,100.0,unknown,PER_ONE_DOLLAR_MOVE; exact dollar/contract scaling unverified,QuantData
2026-08-21T12:47:00-04:00,2028-12-15,45.0,call,575.0,-355.0,,449537.0,,,,,73124555.0,113908224.0,-40783669.0,11496705.0,,4621868622.0,,,107.96,100.0,unknown,PER_ONE_DOLLAR_MOVE; exact dollar/contract scaling unverified,QuantData
2026-08-21T12:47:00-04:00,2028-12-15,45.0,put,0.0,0.0,,0.0,,,,,73124555.0,113908224.0,-40783669.0,11496705.0,,4621868622.0,,,107.96,100.0,unknown,PER_ONE_DOLLAR_MOVE; exact dollar/contract scaling unverified,QuantData
2026-08-21T12:47:00-04:00,2028-12-15,50.0,call,4340.0,-1923.0,,2827763.0,,,,,73124555.0,113908224.0,-40783669.0,11496705.0,,4621868622.0,,,107.96,100.0,unknown,PER_ONE_DOLLAR_MOVE; exact dollar/contract scaling unverified,QuantData
2026-08-21T12:47:00-04:00,2028-12-15,50.0,put,-3057.0,-1105.0,,-201735.0,,,,,73124555.0,113908224.0,-40783669.0,11496705.0,,4621868622.0,,,107.96,100.0,unknown,PER_ONE_DOLLAR_MOVE; exact dollar/contract scaling unverified,QuantData
2026-08-21T12:47:00-04:00,2028-12-15,55.0,call,0.0,0.0,,0.0,,,,,73124555.0,113908224.0,-40783669.0,11496705.0,,4621868622.0,,,107.96,100.0,unknown,PER_ONE_DOLLAR_MOVE; exact dollar/contract scaling unverified,QuantData
2026-08-21T12:47:00-04:00,2028-12-15,55.0,put,-1666.0,-478.0,,-110766.0,,,,,73124555.0,113908224.0,-40783669.0,11496705.0,,4621868622.0,,,107.96,100.0,unknown,PER_ONE_DOLLAR_MOVE; exact dollar/contract scaling unverified,QuantData
2026-08-21T12:47:00-04:00,2028-12-15,60.0,call,4948.0,-970.0,,2539970.0,,,,,73124555.0,113908224.0,-40783669.0,11496705.0,,4621868622.0,,,107.96,100.0,unknown,PER_ONE_DOLLAR_MOVE; exact dollar/contract scaling unverified,QuantData
2026-08-21T12:47:00-04:00,2028-12-15,60.0,put,-11199.0,-1348.0,,-791282.0,,,,,73124555.0,113908224.0,-40783669.0,11496705.0,,4621868622.0,,,107.96,100.0,unknown,PER_ONE_DOLLAR_MOVE; exact dollar/contract scaling unverified,QuantData
2026-08-21T12:47:00-04:00,2028-12-15,65.0,call,749.0,-54.0,,343202.0,,,,,73124555.0,113908224.0,-40783669.0,11496705.0,,4621868622.0,,,107.96,100.0,unknown,PER_ONE_DOLLAR_MOVE; exact dollar/contract scaling unverified,QuantData
2026-08-21T12:47:00-04:00,2028-12-15,65.0,put,-11912.0,-78.0,,-871227.0,,,,,73124555.0,113908224.0,-40783669.0,11496705.0,,4621868622.0,,,107.96,100.0,unknown,PER_ONE_DOLLAR_MOVE; exact dollar/contract scaling unverified,QuantData
2026-08-21T12:47:00-04:00,2028-12-15,70.0,call,1537.0,36.0,,638951.0,,,,,73124555.0,113908224.0,-40783669.0,11496705.0,,4621868622.0,,,107.96,100.0,unknown,PER_ONE_DOLLAR_MOVE; exact dollar/contract scaling unverified,QuantData
2026-08-21T12:47:00-04:00,2028-12-15,70.0,put,0.0,0.0,,0.0,,,,,73124555.0,113908224.0,-40783669.0,11496705.0,,4621868622.0,,,107.96,100.0,unknown,PER_ONE_DOLLAR_MOVE; exact dollar/contract scaling unverified,QuantData
2026-08-21T12:47:00-04:00,2028-12-15,75.0,call,16259.0,2044.0,,6201352.0,,,,,73124555.0,113908224.0,-40783669.0,11496705.0,,4621868622.0,,,107.96,100.0,unknown,PER_ONE_DOLLAR_MOVE; exact dollar/contract scaling unverified,QuantData
2026-08-21T12:47:00-04:00,2028-12-15,75.0,put,-4513.0,842.0,,-349661.0,,,,,73124555.0,113908224.0,-40783669.0,11496705.0,,4621868622.0,,,107.96,100.0,unknown,PER_ONE_DOLLAR_MOVE; exact dollar/contract scaling unverified,QuantData
2026-08-21T12:47:00-04:00,2028-12-15,80.0,call,31277.0,7351.0,,10991487.0,,,,,73124555.0,113908224.0,-40783669.0,11496705.0,,4621868622.0,,,107.96,100.0,unknown,PER_ONE_DOLLAR_MOVE; exact dollar/contract scaling unverified,QuantData
2026-08-21T12:47:00-04:00,2028-12-15,80.0,put,-38430.0,11338.0,,-2937455.0,,,,,73124555.0,113908224.0,-40783669.0,11496705.0,,4621868622.0,,,107.96,100.0,unknown,PER_ONE_DOLLAR_MOVE; exact dollar/contract scaling unverified,QuantData
2026-08-21T12:47:00-04:00,2028-12-15,85.0,call,1663.0,523.0,,541929.0,,,,,73124555.0,113908224.0,-40783669.0,11496705.0,,4621868622.0,,,107.96,100.0,unknown,PER_ONE_DOLLAR_MOVE; exact dollar/contract scaling unverified,QuantData
2026-08-21T12:47:00-04:00,2028-12-15,85.0,put,-30301.0,12075.0,,-2519363.0,,,,,73124555.0,113908224.0,-40783669.0,11496705.0,,4621868622.0,,,107.96,100.0,unknown,PER_ONE_DOLLAR_MOVE; exact dollar/contract scaling unverified,QuantData
2026-08-21T12:47:00-04:00,2028-12-15,90.0,call,10742.0,4174.0,,3198545.0,,,,,73124555.0,113908224.0,-40783669.0,11496705.0,,4621868622.0,,,107.96,100.0,unknown,PER_ONE_DOLLAR_MOVE; exact dollar/contract scaling unverified,QuantData
2026-08-21T12:47:00-04:00,2028-12-15,90.0,put,-25154.0,11898.0,,-2170893.0,,,,,73124555.0,113908224.0,-40783669.0,11496705.0,,4621868622.0,,,107.96,100.0,unknown,PER_ONE_DOLLAR_MOVE; exact dollar/contract scaling unverified,QuantData
2026-08-21T12:47:00-04:00,2028-12-15,95.0,call,35217.0,17048.0,,10085766.0,,,,,73124555.0,113908224.0,-40783669.0,11496705.0,,4621868622.0,,,107.96,100.0,unknown,PER_ONE_DOLLAR_MOVE; exact dollar/contract scaling unverified,QuantData
2026-08-21T12:47:00-04:00,2028-12-15,95.0,put,-22392.0,12116.0,,-1991472.0,,,,,73124555.0,113908224.0,-40783669.0,11496705.0,,4621868622.0,,,107.96,100.0,unknown,PER_ONE_DOLLAR_MOVE; exact dollar/contract scaling unverified,QuantData
2026-08-21T12:47:00-04:00,2028-12-15,100.0,call,19504.0,11026.0,,5272182.0,,,,,73124555.0,113908224.0,-40783669.0,11496705.0,,4621868622.0,,,107.96,100.0,unknown,PER_ONE_DOLLAR_MOVE; exact dollar/contract scaling unverified,QuantData
2026-08-21T12:47:00-04:00,2028-12-15,100.0,put,-7587.0,4621.0,,-692801.0,,,,,73124555.0,113908224.0,-40783669.0,11496705.0,,4621868622.0,,,107.96,100.0,unknown,PER_ONE_DOLLAR_MOVE; exact dollar/contract scaling unverified,QuantData
2026-08-21T12:47:00-04:00,2028-12-15,105.0,call,3318.0,2089.0,,856194.0,,,,,73124555.0,113908224.0,-40783669.0,11496705.0,,4621868622.0,,,107.96,100.0,unknown,PER_ONE_DOLLAR_MOVE; exact dollar/contract scaling unverified,QuantData
2026-08-21T12:47:00-04:00,2028-12-15,105.0,put,-27237.0,19670.0,,-2577740.0,,,,,73124555.0,113908224.0,-40783669.0,11496705.0,,4621868622.0,,,107.96,100.0,unknown,PER_ONE_DOLLAR_MOVE; exact dollar/contract scaling unverified,QuantData
2026-08-21T12:47:00-04:00,2028-12-15,110.0,call,6170.0,4304.0,,1489023.0,,,,,73124555.0,113908224.0,-40783669.0,11496705.0,,4621868622.0,,,107.96,100.0,unknown,PER_ONE_DOLLAR_MOVE; exact dollar/contract scaling unverified,QuantData
2026-08-21T12:47:00-04:00,2028-12-15,110.0,put,-6332.0,4872.0,,-607482.0,,,,,73124555.0,113908224.0,-40783669.0,11496705.0,,4621868622.0,,,107.96,100.0,unknown,PER_ONE_DOLLAR_MOVE; exact dollar/contract scaling unverified,QuantData
2026-08-21T12:47:00-04:00,2028-12-15,115.0,call,7305.0,5671.0,,1722466.0,,,,,73124555.0,113908224.0,-40783669.0,11496705.0,,4621868622.0,,,107.96,100.0,unknown,PER_ONE_DOLLAR_MOVE; exact dollar/contract scaling unverified,QuantData
2026-08-21T12:47:00-04:00,2028-12-15,115.0,put,0.0,0.0,,0.0,,,,,73124555.0,113908224.0,-40783669.0,11496705.0,,4621868622.0,,,107.96,100.0,unknown,PER_ONE_DOLLAR_MOVE; exact dollar/contract scaling unverified,QuantData
2026-08-21T12:47:00-04:00,2028-12-15,120.0,call,9422.0,7808.0,,2098389.0,,,,,73124555.0,113908224.0,-40783669.0,11496705.0,,4621868622.0,,,107.96,100.0,unknown,PER_ONE_DOLLAR_MOVE; exact dollar/contract scaling unverified,QuantData
2026-08-21T12:47:00-04:00,2028-12-15,120.0,put,0.0,0.0,,0.0,,,,,73124555.0,113908224.0,-40783669.0,11496705.0,,4621868622.0,,,107.96,100.0,unknown,PER_ONE_DOLLAR_MOVE; exact dollar/contract scaling unverified,QuantData
2026-08-21T12:47:00-04:00,2028-12-15,125.0,call,13759.0,12890.0,,3120965.0,,,,,73124555.0,113908224.0,-40783669.0,11496705.0,,4621868622.0,,,107.96,100.0,unknown,PER_ONE_DOLLAR_MOVE; exact dollar/contract scaling unverified,QuantData
2026-08-21T12:47:00-04:00,2028-12-15,125.0,put,0.0,0.0,,0.0,,,,,73124555.0,113908224.0,-40783669.0,11496705.0,,4621868622.0,,,107.96,100.0,unknown,PER_ONE_DOLLAR_MOVE; exact dollar/contract scaling unverified,QuantData
2026-08-21T12:47:00-04:00,2028-12-15,130.0,call,11918.0,11418.0,,2471666.0,,,,,73124555.0,113908224.0,-40783669.0,11496705.0,,4621868622.0,,,107.96,100.0,unknown,PER_ONE_DOLLAR_MOVE; exact dollar/contract scaling unverified,QuantData
2026-08-21T12:47:00-04:00,2028-12-15,130.0,put,0.0,0.0,,0.0,,,,,73124555.0,113908224.0,-40783669.0,11496705.0,,4621868622.0,,,107.96,100.0,unknown,PER_ONE_DOLLAR_MOVE; exact dollar/contract scaling unverified,QuantData
2026-08-21T12:47:00-04:00,2028-12-15,140.0,call,4424.0,4791.0,,835857.0,,,,,73124555.0,113908224.0,-40783669.0,11496705.0,,4621868622.0,,,107.96,100.0,unknown,PER_ONE_DOLLAR_MOVE; exact dollar/contract scaling unverified,QuantData
2026-08-21T12:47:00-04:00,2028-12-15,140.0,put,0.0,0.0,,0.0,,,,,73124555.0,113908224.0,-40783669.0,11496705.0,,4621868622.0,,,107.96,100.0,unknown,PER_ONE_DOLLAR_MOVE; exact dollar/contract scaling unverified,QuantData
2026-08-21T12:47:00-04:00,2028-12-15,145.0,call,2315.0,2598.0,,437531.0,,,,,73124555.0,113908224.0,-40783669.0,11496705.0,,4621868622.0,,,107.96,100.0,unknown,PER_ONE_DOLLAR_MOVE; exact dollar/contract scaling unverified,QuantData
2026-08-21T12:47:00-04:00,2028-12-15,145.0,put,0.0,0.0,,0.0,,,,,73124555.0,113908224.0,-40783669.0,11496705.0,,4621868622.0,,,107.96,100.0,unknown,PER_ONE_DOLLAR_MOVE; exact dollar/contract scaling unverified,QuantData
2026-08-21T12:47:00-04:00,2028-12-15,150.0,call,19084.0,22562.0,,3384017.0,,,,,73124555.0,113908224.0,-40783669.0,11496705.0,,4621868622.0,,,107.96,100.0,unknown,PER_ONE_DOLLAR_MOVE; exact dollar/contract scaling unverified,QuantData
2026-08-21T12:47:00-04:00,2028-12-15,150.0,put,-256.0,321.0,,-30022.0,,,,,73124555.0,113908224.0,-40783669.0,11496705.0,,4621868622.0,,,107.96,100.0,unknown,PER_ONE_DOLLAR_MOVE; exact dollar/contract scaling unverified,QuantData
2026-08-21T12:47:00-04:00,2028-12-15,160.0,call,7417.0,9563.0,,1249947.0,,,,,73124555.0,113908224.0,-40783669.0,11496705.0,,4621868622.0,,,107.96,100.0,unknown,PER_ONE_DOLLAR_MOVE; exact dollar/contract scaling unverified,QuantData
2026-08-21T12:47:00-04:00,2028-12-15,160.0,put,0.0,0.0,,0.0,,,,,73124555.0,113908224.0,-40783669.0,11496705.0,,4621868622.0,,,107.96,100.0,unknown,PER_ONE_DOLLAR_MOVE; exact dollar/contract scaling unverified,QuantData
2026-08-21T12:47:00-04:00,2028-12-15,165.0,call,764.0,1025.0,,122955.0,,,,,73124555.0,113908224.0,-40783669.0,11496705.0,,4621868622.0,,,107.96,100.0,unknown,PER_ONE_DOLLAR_MOVE; exact dollar/contract scaling unverified,QuantData
2026-08-21T12:47:00-04:00,2028-12-15,165.0,put,0.0,0.0,,0.0,,,,,73124555.0,113908224.0,-40783669.0,11496705.0,,4621868622.0,,,107.96,100.0,unknown,PER_ONE_DOLLAR_MOVE; exact dollar/contract scaling unverified,QuantData
2026-08-21T12:47:00-04:00,2028-12-15,170.0,call,201261.0,277813.0,,30514717.0,,,,,73124555.0,113908224.0,-40783669.0,11496705.0,,4621868622.0,,,107.96,100.0,unknown,PER_ONE_DOLLAR_MOVE; exact dollar/contract scaling unverified,QuantData
2026-08-21T12:47:00-04:00,2028-12-15,170.0,put,0.0,0.0,,0.0,,,,,73124555.0,113908224.0,-40783669.0,11496705.0,,4621868622.0,,,107.96,100.0,unknown,PER_ONE_DOLLAR_MOVE; exact dollar/contract scaling unverified,QuantData
2026-08-21T12:47:00-04:00,2028-12-15,175.0,call,4133.0,5914.0,,666397.0,,,,,73124555.0,113908224.0,-40783669.0,11496705.0,,4621868622.0,,,107.96,100.0,unknown,PER_ONE_DOLLAR_MOVE; exact dollar/contract scaling unverified,QuantData
2026-08-21T12:47:00-04:00,2028-12-15,175.0,put,0.0,0.0,,0.0,,,,,73124555.0,113908224.0,-40783669.0,11496705.0,,4621868622.0,,,107.96,100.0,unknown,PER_ONE_DOLLAR_MOVE; exact dollar/contract scaling unverified,QuantData
2026-08-21T12:47:00-04:00,2028-12-15,180.0,call,1616.0,2389.0,,249192.0,,,,,73124555.0,113908224.0,-40783669.0,11496705.0,,4621868622.0,,,107.96,100.0,unknown,PER_ONE_DOLLAR_MOVE; exact dollar/contract scaling unverified,QuantData
2026-08-21T12:47:00-04:00,2028-12-15,180.0,put,0.0,0.0,,0.0,,,,,73124555.0,113908224.0,-40783669.0,11496705.0,,4621868622.0,,,107.96,100.0,unknown,PER_ONE_DOLLAR_MOVE; exact dollar/contract scaling unverified,QuantData
2026-08-21T12:47:00-04:00,2028-12-15,185.0,call,924.0,1408.0,,136763.0,,,,,73124555.0,113908224.0,-40783669.0,11496705.0,,4621868622.0,,,107.96,100.0,unknown,PER_ONE_DOLLAR_MOVE; exact dollar/contract scaling unverified,QuantData
2026-08-21T12:47:00-04:00,2028-12-15,185.0,put,0.0,0.0,,0.0,,,,,73124555.0,113908224.0,-40783669.0,11496705.0,,4621868622.0,,,107.96,100.0,unknown,PER_ONE_DOLLAR_MOVE; exact dollar/contract scaling unverified,QuantData
2026-08-21T12:47:00-04:00,2028-12-15,190.0,call,1047.0,1638.0,,151354.0,,,,,73124555.0,113908224.0,-40783669.0,11496705.0,,4621868622.0,,,107.96,100.0,unknown,PER_ONE_DOLLAR_MOVE; exact dollar/contract scaling unverified,QuantData
2026-08-21T12:47:00-04:00,2028-12-15,190.0,put,0.0,0.0,,0.0,,,,,73124555.0,113908224.0,-40783669.0,11496705.0,,4621868622.0,,,107.96,100.0,unknown,PER_ONE_DOLLAR_MOVE; exact dollar/contract scaling unverified,QuantData
2026-08-21T12:47:00-04:00,2028-12-15,195.0,call,4200.0,6743.0,,591650.0,,,,,73124555.0,113908224.0,-40783669.0,11496705.0,,4621868622.0,,,107.96,100.0,unknown,PER_ONE_DOLLAR_MOVE; exact dollar/contract scaling unverified,QuantData
2026-08-21T12:47:00-04:00,2028-12-15,195.0,put,0.0,0.0,,0.0,,,,,73124555.0,113908224.0,-40783669.0,11496705.0,,4621868622.0,,,107.96,100.0,unknown,PER_ONE_DOLLAR_MOVE; exact dollar/contract scaling unverified,QuantData
2026-08-21T12:47:00-04:00,2028-12-15,200.0,call,19176.0,31568.0,,2725390.0,,,,,73124555.0,113908224.0,-40783669.0,11496705.0,,4621868622.0,,,107.96,100.0,unknown,PER_ONE_DOLLAR_MOVE; exact dollar/contract scaling unverified,QuantData
2026-08-21T12:47:00-04:00,2028-12-15,200.0,put,0.0,0.0,,0.0,,,,,73124555.0,113908224.0,-40783669.0,11496705.0,,4621868622.0,,,107.96,100.0,unknown,PER_ONE_DOLLAR_MOVE; exact dollar/contract scaling unverified,QuantData
2026-08-21T12:47:00-04:00,2028-12-15,210.0,call,4500.0,7757.0,,610929.0,,,,,73124555.0,113908224.0,-40783669.0,11496705.0,,4621868622.0,,,107.96,100.0,unknown,PER_ONE_DOLLAR_MOVE; exact dollar/contract scaling unverified,QuantData
2026-08-21T12:47:00-04:00,2028-12-15,210.0,put,0.0,0.0,,0.0,,,,,73124555.0,113908224.0,-40783669.0,11496705.0,,4621868622.0,,,107.96,100.0,unknown,PER_ONE_DOLLAR_MOVE; exact dollar/contract scaling unverified,QuantData
2026-08-21T12:47:00-04:00,2028-12-15,220.0,call,34479.0,61977.0,,4537892.0,,,,,73124555.0,113908224.0,-40783669.0,11496705.0,,4621868622.0,,,107.96,100.0,unknown,PER_ONE_DOLLAR_MOVE; exact dollar/contract scaling unverified,QuantData
2026-08-21T12:47:00-04:00,2028-12-15,220.0,put,0.0,0.0,,0.0,,,,,73124555.0,113908224.0,-40783669.0,11496705.0,,4621868622.0,,,107.96,100.0,unknown,PER_ONE_DOLLAR_MOVE; exact dollar/contract scaling unverified,QuantData
