timestamp,expiration,strike,call_put,gex,vanna_or_vex,charm,delta_exposure,gamma_gradient,vanna_gradient,charm_gradient,delta_change,net_gex,call_gex,put_gex,net_vanna,net_charm,net_delta_exposure,zero_gamma,gamma_flip,underlying_price,contract_multiplier,perspective,gex_unit,source
2026-08-17T16:00:00-04:00,2026-08-21,300.0,call,0.0,0.0,,280527.0,,,,,4047529.0,9502620.0,-5455091.0,-2303749.0,,2581076271.0,,,968.46,100.0,unknown,QuantData PER_ONE_DOLLAR_MOVE; exact dollar/contract scaling unverified,QuantData
2026-08-17T16:00:00-04:00,2026-08-21,300.0,put,-108.0,-328.0,,-11252.0,,,,,4047529.0,9502620.0,-5455091.0,-2303749.0,,2581076271.0,,,968.46,100.0,unknown,QuantData PER_ONE_DOLLAR_MOVE; exact dollar/contract scaling unverified,QuantData
2026-08-17T16:00:00-04:00,2026-08-21,320.0,call,13.0,-32.0,,661540.0,,,,,4047529.0,9502620.0,-5455091.0,-2303749.0,,2581076271.0,,,968.46,100.0,unknown,QuantData PER_ONE_DOLLAR_MOVE; exact dollar/contract scaling unverified,QuantData
2026-08-17T16:00:00-04:00,2026-08-21,320.0,put,0.0,0.0,,0.0,,,,,4047529.0,9502620.0,-5455091.0,-2303749.0,,2581076271.0,,,968.46,100.0,unknown,QuantData PER_ONE_DOLLAR_MOVE; exact dollar/contract scaling unverified,QuantData
2026-08-17T16:00:00-04:00,2026-08-21,400.0,call,0.0,0.0,,187386.0,,,,,4047529.0,9502620.0,-5455091.0,-2303749.0,,2581076271.0,,,968.46,100.0,unknown,QuantData PER_ONE_DOLLAR_MOVE; exact dollar/contract scaling unverified,QuantData
2026-08-17T16:00:00-04:00,2026-08-21,400.0,put,0.0,0.0,,0.0,,,,,4047529.0,9502620.0,-5455091.0,-2303749.0,,2581076271.0,,,968.46,100.0,unknown,QuantData PER_ONE_DOLLAR_MOVE; exact dollar/contract scaling unverified,QuantData
2026-08-17T16:00:00-04:00,2026-08-21,410.0,call,0.0,0.0,,374772.0,,,,,4047529.0,9502620.0,-5455091.0,-2303749.0,,2581076271.0,,,968.46,100.0,unknown,QuantData PER_ONE_DOLLAR_MOVE; exact dollar/contract scaling unverified,QuantData
2026-08-17T16:00:00-04:00,2026-08-21,410.0,put,-30.0,-92.0,,-2407.0,,,,,4047529.0,9502620.0,-5455091.0,-2303749.0,,2581076271.0,,,968.46,100.0,unknown,QuantData PER_ONE_DOLLAR_MOVE; exact dollar/contract scaling unverified,QuantData
2026-08-17T16:00:00-04:00,2026-08-21,420.0,call,0.0,0.0,,0.0,,,,,4047529.0,9502620.0,-5455091.0,-2303749.0,,2581076271.0,,,968.46,100.0,unknown,QuantData PER_ONE_DOLLAR_MOVE; exact dollar/contract scaling unverified,QuantData
2026-08-17T16:00:00-04:00,2026-08-21,420.0,put,-76.0,-236.0,,-5975.0,,,,,4047529.0,9502620.0,-5455091.0,-2303749.0,,2581076271.0,,,968.46,100.0,unknown,QuantData PER_ONE_DOLLAR_MOVE; exact dollar/contract scaling unverified,QuantData
2026-08-17T16:00:00-04:00,2026-08-21,450.0,call,272.0,-378.0,,1715636.0,,,,,4047529.0,9502620.0,-5455091.0,-2303749.0,,2581076271.0,,,968.46,100.0,unknown,QuantData PER_ONE_DOLLAR_MOVE; exact dollar/contract scaling unverified,QuantData
2026-08-17T16:00:00-04:00,2026-08-21,450.0,put,-477.0,-1476.0,,-34742.0,,,,,4047529.0,9502620.0,-5455091.0,-2303749.0,,2581076271.0,,,968.46,100.0,unknown,QuantData PER_ONE_DOLLAR_MOVE; exact dollar/contract scaling unverified,QuantData
2026-08-17T16:00:00-04:00,2026-08-21,460.0,call,91.0,-202.0,,1472702.0,,,,,4047529.0,9502620.0,-5455091.0,-2303749.0,,2581076271.0,,,968.46,100.0,unknown,QuantData PER_ONE_DOLLAR_MOVE; exact dollar/contract scaling unverified,QuantData
2026-08-17T16:00:00-04:00,2026-08-21,460.0,put,0.0,0.0,,0.0,,,,,4047529.0,9502620.0,-5455091.0,-2303749.0,,2581076271.0,,,968.46,100.0,unknown,QuantData PER_ONE_DOLLAR_MOVE; exact dollar/contract scaling unverified,QuantData
2026-08-17T16:00:00-04:00,2026-08-21,470.0,call,0.0,0.0,,1776671.0,,,,,4047529.0,9502620.0,-5455091.0,-2303749.0,,2581076271.0,,,968.46,100.0,unknown,QuantData PER_ONE_DOLLAR_MOVE; exact dollar/contract scaling unverified,QuantData
2026-08-17T16:00:00-04:00,2026-08-21,470.0,put,0.0,0.0,,0.0,,,,,4047529.0,9502620.0,-5455091.0,-2303749.0,,2581076271.0,,,968.46,100.0,unknown,QuantData PER_ONE_DOLLAR_MOVE; exact dollar/contract scaling unverified,QuantData
2026-08-17T16:00:00-04:00,2026-08-21,490.0,call,0.0,0.0,,0.0,,,,,4047529.0,9502620.0,-5455091.0,-2303749.0,,2581076271.0,,,968.46,100.0,unknown,QuantData PER_ONE_DOLLAR_MOVE; exact dollar/contract scaling unverified,QuantData
2026-08-17T16:00:00-04:00,2026-08-21,490.0,put,-86.0,-277.0,,-5546.0,,,,,4047529.0,9502620.0,-5455091.0,-2303749.0,,2581076271.0,,,968.46,100.0,unknown,QuantData PER_ONE_DOLLAR_MOVE; exact dollar/contract scaling unverified,QuantData
2026-08-17T16:00:00-04:00,2026-08-21,500.0,call,0.0,0.0,,4932050.0,,,,,4047529.0,9502620.0,-5455091.0,-2303749.0,,2581076271.0,,,968.46,100.0,unknown,QuantData PER_ONE_DOLLAR_MOVE; exact dollar/contract scaling unverified,QuantData
2026-08-17T16:00:00-04:00,2026-08-21,500.0,put,-734.0,-2274.0,,-47200.0,,,,,4047529.0,9502620.0,-5455091.0,-2303749.0,,2581076271.0,,,968.46,100.0,unknown,QuantData PER_ONE_DOLLAR_MOVE; exact dollar/contract scaling unverified,QuantData
2026-08-17T16:00:00-04:00,2026-08-21,520.0,call,0.0,0.0,,0.0,,,,,4047529.0,9502620.0,-5455091.0,-2303749.0,,2581076271.0,,,968.46,100.0,unknown,QuantData PER_ONE_DOLLAR_MOVE; exact dollar/contract scaling unverified,QuantData
2026-08-17T16:00:00-04:00,2026-08-21,520.0,put,-188.0,-583.0,,-10941.0,,,,,4047529.0,9502620.0,-5455091.0,-2303749.0,,2581076271.0,,,968.46,100.0,unknown,QuantData PER_ONE_DOLLAR_MOVE; exact dollar/contract scaling unverified,QuantData
2026-08-17T16:00:00-04:00,2026-08-21,530.0,call,0.0,0.0,,0.0,,,,,4047529.0,9502620.0,-5455091.0,-2303749.0,,2581076271.0,,,968.46,100.0,unknown,QuantData PER_ONE_DOLLAR_MOVE; exact dollar/contract scaling unverified,QuantData
2026-08-17T16:00:00-04:00,2026-08-21,530.0,put,-323.0,-1004.0,,-18956.0,,,,,4047529.0,9502620.0,-5455091.0,-2303749.0,,2581076271.0,,,968.46,100.0,unknown,QuantData PER_ONE_DOLLAR_MOVE; exact dollar/contract scaling unverified,QuantData
2026-08-17T16:00:00-04:00,2026-08-21,550.0,call,0.0,0.0,,0.0,,,,,4047529.0,9502620.0,-5455091.0,-2303749.0,,2581076271.0,,,968.46,100.0,unknown,QuantData PER_ONE_DOLLAR_MOVE; exact dollar/contract scaling unverified,QuantData
2026-08-17T16:00:00-04:00,2026-08-21,550.0,put,-761.0,-2383.0,,-38276.0,,,,,4047529.0,9502620.0,-5455091.0,-2303749.0,,2581076271.0,,,968.46,100.0,unknown,QuantData PER_ONE_DOLLAR_MOVE; exact dollar/contract scaling unverified,QuantData
2026-08-17T16:00:00-04:00,2026-08-21,560.0,call,272.0,-613.0,,2726204.0,,,,,4047529.0,9502620.0,-5455091.0,-2303749.0,,2581076271.0,,,968.46,100.0,unknown,QuantData PER_ONE_DOLLAR_MOVE; exact dollar/contract scaling unverified,QuantData
2026-08-17T16:00:00-04:00,2026-08-21,560.0,put,0.0,0.0,,0.0,,,,,4047529.0,9502620.0,-5455091.0,-2303749.0,,2581076271.0,,,968.46,100.0,unknown,QuantData PER_ONE_DOLLAR_MOVE; exact dollar/contract scaling unverified,QuantData
2026-08-17T16:00:00-04:00,2026-08-21,570.0,call,0.0,0.0,,0.0,,,,,4047529.0,9502620.0,-5455091.0,-2303749.0,,2581076271.0,,,968.46,100.0,unknown,QuantData PER_ONE_DOLLAR_MOVE; exact dollar/contract scaling unverified,QuantData
2026-08-17T16:00:00-04:00,2026-08-21,570.0,put,-615.0,-1856.0,,-30622.0,,,,,4047529.0,9502620.0,-5455091.0,-2303749.0,,2581076271.0,,,968.46,100.0,unknown,QuantData PER_ONE_DOLLAR_MOVE; exact dollar/contract scaling unverified,QuantData
2026-08-17T16:00:00-04:00,2026-08-21,600.0,call,0.0,0.0,,2470075.0,,,,,4047529.0,9502620.0,-5455091.0,-2303749.0,,2581076271.0,,,968.46,100.0,unknown,QuantData PER_ONE_DOLLAR_MOVE; exact dollar/contract scaling unverified,QuantData
2026-08-17T16:00:00-04:00,2026-08-21,600.0,put,-2165.0,-6539.0,,-97633.0,,,,,4047529.0,9502620.0,-5455091.0,-2303749.0,,2581076271.0,,,968.46,100.0,unknown,QuantData PER_ONE_DOLLAR_MOVE; exact dollar/contract scaling unverified,QuantData
2026-08-17T16:00:00-04:00,2026-08-21,620.0,call,1447.0,-2819.0,,7199430.0,,,,,4047529.0,9502620.0,-5455091.0,-2303749.0,,2581076271.0,,,968.46,100.0,unknown,QuantData PER_ONE_DOLLAR_MOVE; exact dollar/contract scaling unverified,QuantData
2026-08-17T16:00:00-04:00,2026-08-21,620.0,put,-1427.0,-4445.0,,-67603.0,,,,,4047529.0,9502620.0,-5455091.0,-2303749.0,,2581076271.0,,,968.46,100.0,unknown,QuantData PER_ONE_DOLLAR_MOVE; exact dollar/contract scaling unverified,QuantData
2026-08-17T16:00:00-04:00,2026-08-21,630.0,call,0.0,0.0,,0.0,,,,,4047529.0,9502620.0,-5455091.0,-2303749.0,,2581076271.0,,,968.46,100.0,unknown,QuantData PER_ONE_DOLLAR_MOVE; exact dollar/contract scaling unverified,QuantData
2026-08-17T16:00:00-04:00,2026-08-21,630.0,put,-1063.0,-2784.0,,-64679.0,,,,,4047529.0,9502620.0,-5455091.0,-2303749.0,,2581076271.0,,,968.46,100.0,unknown,QuantData PER_ONE_DOLLAR_MOVE; exact dollar/contract scaling unverified,QuantData
2026-08-17T16:00:00-04:00,2026-08-21,640.0,call,0.0,0.0,,0.0,,,,,4047529.0,9502620.0,-5455091.0,-2303749.0,,2581076271.0,,,968.46,100.0,unknown,QuantData PER_ONE_DOLLAR_MOVE; exact dollar/contract scaling unverified,QuantData
2026-08-17T16:00:00-04:00,2026-08-21,640.0,put,-1706.0,-5177.0,,-73898.0,,,,,4047529.0,9502620.0,-5455091.0,-2303749.0,,2581076271.0,,,968.46,100.0,unknown,QuantData PER_ONE_DOLLAR_MOVE; exact dollar/contract scaling unverified,QuantData
2026-08-17T16:00:00-04:00,2026-08-21,650.0,call,0.0,0.0,,0.0,,,,,4047529.0,9502620.0,-5455091.0,-2303749.0,,2581076271.0,,,968.46,100.0,unknown,QuantData PER_ONE_DOLLAR_MOVE; exact dollar/contract scaling unverified,QuantData
2026-08-17T16:00:00-04:00,2026-08-21,650.0,put,-2882.0,-8121.0,,-125613.0,,,,,4047529.0,9502620.0,-5455091.0,-2303749.0,,2581076271.0,,,968.46,100.0,unknown,QuantData PER_ONE_DOLLAR_MOVE; exact dollar/contract scaling unverified,QuantData
2026-08-17T16:00:00-04:00,2026-08-21,655.0,call,0.0,0.0,,0.0,,,,,4047529.0,9502620.0,-5455091.0,-2303749.0,,2581076271.0,,,968.46,100.0,unknown,QuantData PER_ONE_DOLLAR_MOVE; exact dollar/contract scaling unverified,QuantData
2026-08-17T16:00:00-04:00,2026-08-21,655.0,put,-79.0,-236.0,,-3247.0,,,,,4047529.0,9502620.0,-5455091.0,-2303749.0,,2581076271.0,,,968.46,100.0,unknown,QuantData PER_ONE_DOLLAR_MOVE; exact dollar/contract scaling unverified,QuantData
2026-08-17T16:00:00-04:00,2026-08-21,660.0,call,0.0,0.0,,0.0,,,,,4047529.0,9502620.0,-5455091.0,-2303749.0,,2581076271.0,,,968.46,100.0,unknown,QuantData PER_ONE_DOLLAR_MOVE; exact dollar/contract scaling unverified,QuantData
2026-08-17T16:00:00-04:00,2026-08-21,660.0,put,-3307.0,-9901.0,,-133611.0,,,,,4047529.0,9502620.0,-5455091.0,-2303749.0,,2581076271.0,,,968.46,100.0,unknown,QuantData PER_ONE_DOLLAR_MOVE; exact dollar/contract scaling unverified,QuantData
2026-08-17T16:00:00-04:00,2026-08-21,665.0,call,0.0,0.0,,0.0,,,,,4047529.0,9502620.0,-5455091.0,-2303749.0,,2581076271.0,,,968.46,100.0,unknown,QuantData PER_ONE_DOLLAR_MOVE; exact dollar/contract scaling unverified,QuantData
2026-08-17T16:00:00-04:00,2026-08-21,665.0,put,-279.0,-836.0,,-11106.0,,,,,4047529.0,9502620.0,-5455091.0,-2303749.0,,2581076271.0,,,968.46,100.0,unknown,QuantData PER_ONE_DOLLAR_MOVE; exact dollar/contract scaling unverified,QuantData
2026-08-17T16:00:00-04:00,2026-08-21,670.0,call,0.0,0.0,,0.0,,,,,4047529.0,9502620.0,-5455091.0,-2303749.0,,2581076271.0,,,968.46,100.0,unknown,QuantData PER_ONE_DOLLAR_MOVE; exact dollar/contract scaling unverified,QuantData
2026-08-17T16:00:00-04:00,2026-08-21,670.0,put,-1735.0,-4402.0,,-97282.0,,,,,4047529.0,9502620.0,-5455091.0,-2303749.0,,2581076271.0,,,968.46,100.0,unknown,QuantData PER_ONE_DOLLAR_MOVE; exact dollar/contract scaling unverified,QuantData
2026-08-17T16:00:00-04:00,2026-08-21,675.0,call,0.0,0.0,,0.0,,,,,4047529.0,9502620.0,-5455091.0,-2303749.0,,2581076271.0,,,968.46,100.0,unknown,QuantData PER_ONE_DOLLAR_MOVE; exact dollar/contract scaling unverified,QuantData
2026-08-17T16:00:00-04:00,2026-08-21,675.0,put,-57.0,-174.0,,-2247.0,,,,,4047529.0,9502620.0,-5455091.0,-2303749.0,,2581076271.0,,,968.46,100.0,unknown,QuantData PER_ONE_DOLLAR_MOVE; exact dollar/contract scaling unverified,QuantData
2026-08-17T16:00:00-04:00,2026-08-21,680.0,call,0.0,0.0,,0.0,,,,,4047529.0,9502620.0,-5455091.0,-2303749.0,,2581076271.0,,,968.46,100.0,unknown,QuantData PER_ONE_DOLLAR_MOVE; exact dollar/contract scaling unverified,QuantData
2026-08-17T16:00:00-04:00,2026-08-21,680.0,put,-2853.0,-8736.0,,-111276.0,,,,,4047529.0,9502620.0,-5455091.0,-2303749.0,,2581076271.0,,,968.46,100.0,unknown,QuantData PER_ONE_DOLLAR_MOVE; exact dollar/contract scaling unverified,QuantData
2026-08-17T16:00:00-04:00,2026-08-21,685.0,call,0.0,0.0,,291840.0,,,,,4047529.0,9502620.0,-5455091.0,-2303749.0,,2581076271.0,,,968.46,100.0,unknown,QuantData PER_ONE_DOLLAR_MOVE; exact dollar/contract scaling unverified,QuantData
2026-08-17T16:00:00-04:00,2026-08-21,685.0,put,-265.0,-799.0,,-10527.0,,,,,4047529.0,9502620.0,-5455091.0,-2303749.0,,2581076271.0,,,968.46,100.0,unknown,QuantData PER_ONE_DOLLAR_MOVE; exact dollar/contract scaling unverified,QuantData
2026-08-17T16:00:00-04:00,2026-08-21,690.0,call,0.0,0.0,,0.0,,,,,4047529.0,9502620.0,-5455091.0,-2303749.0,,2581076271.0,,,968.46,100.0,unknown,QuantData PER_ONE_DOLLAR_MOVE; exact dollar/contract scaling unverified,QuantData
2026-08-17T16:00:00-04:00,2026-08-21,690.0,put,-1330.0,-3757.0,,-51908.0,,,,,4047529.0,9502620.0,-5455091.0,-2303749.0,,2581076271.0,,,968.46,100.0,unknown,QuantData PER_ONE_DOLLAR_MOVE; exact dollar/contract scaling unverified,QuantData
2026-08-17T16:00:00-04:00,2026-08-21,695.0,call,0.0,0.0,,0.0,,,,,4047529.0,9502620.0,-5455091.0,-2303749.0,,2581076271.0,,,968.46,100.0,unknown,QuantData PER_ONE_DOLLAR_MOVE; exact dollar/contract scaling unverified,QuantData
2026-08-17T16:00:00-04:00,2026-08-21,695.0,put,-453.0,-1351.0,,-16275.0,,,,,4047529.0,9502620.0,-5455091.0,-2303749.0,,2581076271.0,,,968.46,100.0,unknown,QuantData PER_ONE_DOLLAR_MOVE; exact dollar/contract scaling unverified,QuantData
2026-08-17T16:00:00-04:00,2026-08-21,697.5,call,0.0,0.0,,0.0,,,,,4047529.0,9502620.0,-5455091.0,-2303749.0,,2581076271.0,,,968.46,100.0,unknown,QuantData PER_ONE_DOLLAR_MOVE; exact dollar/contract scaling unverified,QuantData
2026-08-17T16:00:00-04:00,2026-08-21,697.5,put,-432.0,-1302.0,,-15688.0,,,,,4047529.0,9502620.0,-5455091.0,-2303749.0,,2581076271.0,,,968.46,100.0,unknown,QuantData PER_ONE_DOLLAR_MOVE; exact dollar/contract scaling unverified,QuantData
2026-08-17T16:00:00-04:00,2026-08-21,700.0,call,0.0,0.0,,0.0,,,,,4047529.0,9502620.0,-5455091.0,-2303749.0,,2581076271.0,,,968.46,100.0,unknown,QuantData PER_ONE_DOLLAR_MOVE; exact dollar/contract scaling unverified,QuantData
2026-08-17T16:00:00-04:00,2026-08-21,700.0,put,-6045.0,-17531.0,,-200520.0,,,,,4047529.0,9502620.0,-5455091.0,-2303749.0,,2581076271.0,,,968.46,100.0,unknown,QuantData PER_ONE_DOLLAR_MOVE; exact dollar/contract scaling unverified,QuantData
2026-08-17T16:00:00-04:00,2026-08-21,702.5,call,0.0,0.0,,0.0,,,,,4047529.0,9502620.0,-5455091.0,-2303749.0,,2581076271.0,,,968.46,100.0,unknown,QuantData PER_ONE_DOLLAR_MOVE; exact dollar/contract scaling unverified,QuantData
2026-08-17T16:00:00-04:00,2026-08-21,702.5,put,-1408.0,-3292.0,,-68266.0,,,,,4047529.0,9502620.0,-5455091.0,-2303749.0,,2581076271.0,,,968.46,100.0,unknown,QuantData PER_ONE_DOLLAR_MOVE; exact dollar/contract scaling unverified,QuantData
2026-08-17T16:00:00-04:00,2026-08-21,705.0,call,0.0,0.0,,0.0,,,,,4047529.0,9502620.0,-5455091.0,-2303749.0,,2581076271.0,,,968.46,100.0,unknown,QuantData PER_ONE_DOLLAR_MOVE; exact dollar/contract scaling unverified,QuantData
2026-08-17T16:00:00-04:00,2026-08-21,705.0,put,-240.0,-739.0,,-8187.0,,,,,4047529.0,9502620.0,-5455091.0,-2303749.0,,2581076271.0,,,968.46,100.0,unknown,QuantData PER_ONE_DOLLAR_MOVE; exact dollar/contract scaling unverified,QuantData
2026-08-17T16:00:00-04:00,2026-08-21,707.5,call,0.0,0.0,,0.0,,,,,4047529.0,9502620.0,-5455091.0,-2303749.0,,2581076271.0,,,968.46,100.0,unknown,QuantData PER_ONE_DOLLAR_MOVE; exact dollar/contract scaling unverified,QuantData
2026-08-17T16:00:00-04:00,2026-08-21,707.5,put,-1962.0,-4472.0,,-97371.0,,,,,4047529.0,9502620.0,-5455091.0,-2303749.0,,2581076271.0,,,968.46,100.0,unknown,QuantData PER_ONE_DOLLAR_MOVE; exact dollar/contract scaling unverified,QuantData
2026-08-17T16:00:00-04:00,2026-08-21,710.0,call,0.0,0.0,,0.0,,,,,4047529.0,9502620.0,-5455091.0,-2303749.0,,2581076271.0,,,968.46,100.0,unknown,QuantData PER_ONE_DOLLAR_MOVE; exact dollar/contract scaling unverified,QuantData
2026-08-17T16:00:00-04:00,2026-08-21,710.0,put,-1869.0,-4862.0,,-75059.0,,,,,4047529.0,9502620.0,-5455091.0,-2303749.0,,2581076271.0,,,968.46,100.0,unknown,QuantData PER_ONE_DOLLAR_MOVE; exact dollar/contract scaling unverified,QuantData
2026-08-17T16:00:00-04:00,2026-08-21,712.5,call,0.0,0.0,,0.0,,,,,4047529.0,9502620.0,-5455091.0,-2303749.0,,2581076271.0,,,968.46,100.0,unknown,QuantData PER_ONE_DOLLAR_MOVE; exact dollar/contract scaling unverified,QuantData
2026-08-17T16:00:00-04:00,2026-08-21,712.5,put,-385.0,-1138.0,,-12836.0,,,,,4047529.0,9502620.0,-5455091.0,-2303749.0,,2581076271.0,,,968.46,100.0,unknown,QuantData PER_ONE_DOLLAR_MOVE; exact dollar/contract scaling unverified,QuantData
2026-08-17T16:00:00-04:00,2026-08-21,715.0,call,498.0,-893.0,,1223247.0,,,,,4047529.0,9502620.0,-5455091.0,-2303749.0,,2581076271.0,,,968.46,100.0,unknown,QuantData PER_ONE_DOLLAR_MOVE; exact dollar/contract scaling unverified,QuantData
2026-08-17T16:00:00-04:00,2026-08-21,715.0,put,-1025.0,-2756.0,,-41329.0,,,,,4047529.0,9502620.0,-5455091.0,-2303749.0,,2581076271.0,,,968.46,100.0,unknown,QuantData PER_ONE_DOLLAR_MOVE; exact dollar/contract scaling unverified,QuantData
2026-08-17T16:00:00-04:00,2026-08-21,717.5,call,548.0,-979.0,,1316807.0,,,,,4047529.0,9502620.0,-5455091.0,-2303749.0,,2581076271.0,,,968.46,100.0,unknown,QuantData PER_ONE_DOLLAR_MOVE; exact dollar/contract scaling unverified,QuantData
2026-08-17T16:00:00-04:00,2026-08-21,717.5,put,-1137.0,-3280.0,,-39878.0,,,,,4047529.0,9502620.0,-5455091.0,-2303749.0,,2581076271.0,,,968.46,100.0,unknown,QuantData PER_ONE_DOLLAR_MOVE; exact dollar/contract scaling unverified,QuantData
2026-08-17T16:00:00-04:00,2026-08-21,720.0,call,14692.0,-25284.0,,32819507.0,,,,,4047529.0,9502620.0,-5455091.0,-2303749.0,,2581076271.0,,,968.46,100.0,unknown,QuantData PER_ONE_DOLLAR_MOVE; exact dollar/contract scaling unverified,QuantData
2026-08-17T16:00:00-04:00,2026-08-21,720.0,put,-8069.0,-19207.0,,-356122.0,,,,,4047529.0,9502620.0,-5455091.0,-2303749.0,,2581076271.0,,,968.46,100.0,unknown,QuantData PER_ONE_DOLLAR_MOVE; exact dollar/contract scaling unverified,QuantData
2026-08-17T16:00:00-04:00,2026-08-21,722.5,call,0.0,0.0,,0.0,,,,,4047529.0,9502620.0,-5455091.0,-2303749.0,,2581076271.0,,,968.46,100.0,unknown,QuantData PER_ONE_DOLLAR_MOVE; exact dollar/contract scaling unverified,QuantData
2026-08-17T16:00:00-04:00,2026-08-21,722.5,put,-639.0,-1817.0,,-22523.0,,,,,4047529.0,9502620.0,-5455091.0,-2303749.0,,2581076271.0,,,968.46,100.0,unknown,QuantData PER_ONE_DOLLAR_MOVE; exact dollar/contract scaling unverified,QuantData
2026-08-17T16:00:00-04:00,2026-08-21,725.0,call,0.0,0.0,,0.0,,,,,4047529.0,9502620.0,-5455091.0,-2303749.0,,2581076271.0,,,968.46,100.0,unknown,QuantData PER_ONE_DOLLAR_MOVE; exact dollar/contract scaling unverified,QuantData
2026-08-17T16:00:00-04:00,2026-08-21,725.0,put,-1042.0,-2552.0,,-43390.0,,,,,4047529.0,9502620.0,-5455091.0,-2303749.0,,2581076271.0,,,968.46,100.0,unknown,QuantData PER_ONE_DOLLAR_MOVE; exact dollar/contract scaling unverified,QuantData
2026-08-17T16:00:00-04:00,2026-08-21,727.5,call,0.0,0.0,,0.0,,,,,4047529.0,9502620.0,-5455091.0,-2303749.0,,2581076271.0,,,968.46,100.0,unknown,QuantData PER_ONE_DOLLAR_MOVE; exact dollar/contract scaling unverified,QuantData
2026-08-17T16:00:00-04:00,2026-08-21,727.5,put,-540.0,-1435.0,,-21082.0,,,,,4047529.0,9502620.0,-5455091.0,-2303749.0,,2581076271.0,,,968.46,100.0,unknown,QuantData PER_ONE_DOLLAR_MOVE; exact dollar/contract scaling unverified,QuantData
2026-08-17T16:00:00-04:00,2026-08-21,730.0,call,3796.0,-6496.0,,7912244.0,,,,,4047529.0,9502620.0,-5455091.0,-2303749.0,,2581076271.0,,,968.46,100.0,unknown,QuantData PER_ONE_DOLLAR_MOVE; exact dollar/contract scaling unverified,QuantData
2026-08-17T16:00:00-04:00,2026-08-21,730.0,put,-6681.0,-17190.0,,-266494.0,,,,,4047529.0,9502620.0,-5455091.0,-2303749.0,,2581076271.0,,,968.46,100.0,unknown,QuantData PER_ONE_DOLLAR_MOVE; exact dollar/contract scaling unverified,QuantData
2026-08-17T16:00:00-04:00,2026-08-21,735.0,call,0.0,0.0,,0.0,,,,,4047529.0,9502620.0,-5455091.0,-2303749.0,,2581076271.0,,,968.46,100.0,unknown,QuantData PER_ONE_DOLLAR_MOVE; exact dollar/contract scaling unverified,QuantData
2026-08-17T16:00:00-04:00,2026-08-21,735.0,put,-1134.0,-1882.0,,-82571.0,,,,,4047529.0,9502620.0,-5455091.0,-2303749.0,,2581076271.0,,,968.46,100.0,unknown,QuantData PER_ONE_DOLLAR_MOVE; exact dollar/contract scaling unverified,QuantData
2026-08-17T16:00:00-04:00,2026-08-21,737.5,call,0.0,0.0,,0.0,,,,,4047529.0,9502620.0,-5455091.0,-2303749.0,,2581076271.0,,,968.46,100.0,unknown,QuantData PER_ONE_DOLLAR_MOVE; exact dollar/contract scaling unverified,QuantData
2026-08-17T16:00:00-04:00,2026-08-21,737.5,put,-332.0,-842.0,,-13549.0,,,,,4047529.0,9502620.0,-5455091.0,-2303749.0,,2581076271.0,,,968.46,100.0,unknown,QuantData PER_ONE_DOLLAR_MOVE; exact dollar/contract scaling unverified,QuantData
2026-08-17T16:00:00-04:00,2026-08-21,740.0,call,0.0,0.0,,0.0,,,,,4047529.0,9502620.0,-5455091.0,-2303749.0,,2581076271.0,,,968.46,100.0,unknown,QuantData PER_ONE_DOLLAR_MOVE; exact dollar/contract scaling unverified,QuantData
2026-08-17T16:00:00-04:00,2026-08-21,740.0,put,-7866.0,-20514.0,,-288433.0,,,,,4047529.0,9502620.0,-5455091.0,-2303749.0,,2581076271.0,,,968.46,100.0,unknown,QuantData PER_ONE_DOLLAR_MOVE; exact dollar/contract scaling unverified,QuantData
2026-08-17T16:00:00-04:00,2026-08-21,745.0,call,0.0,0.0,,0.0,,,,,4047529.0,9502620.0,-5455091.0,-2303749.0,,2581076271.0,,,968.46,100.0,unknown,QuantData PER_ONE_DOLLAR_MOVE; exact dollar/contract scaling unverified,QuantData
2026-08-17T16:00:00-04:00,2026-08-21,745.0,put,-1487.0,-3501.0,,-59555.0,,,,,4047529.0,9502620.0,-5455091.0,-2303749.0,,2581076271.0,,,968.46,100.0,unknown,QuantData PER_ONE_DOLLAR_MOVE; exact dollar/contract scaling unverified,QuantData
2026-08-17T16:00:00-04:00,2026-08-21,750.0,call,2204.0,-5199.0,,10439646.0,,,,,4047529.0,9502620.0,-5455091.0,-2303749.0,,2581076271.0,,,968.46,100.0,unknown,QuantData PER_ONE_DOLLAR_MOVE; exact dollar/contract scaling unverified,QuantData
2026-08-17T16:00:00-04:00,2026-08-21,750.0,put,-8509.0,-19116.0,,-358458.0,,,,,4047529.0,9502620.0,-5455091.0,-2303749.0,,2581076271.0,,,968.46,100.0,unknown,QuantData PER_ONE_DOLLAR_MOVE; exact dollar/contract scaling unverified,QuantData
2026-08-17T16:00:00-04:00,2026-08-21,755.0,call,0.0,0.0,,0.0,,,,,4047529.0,9502620.0,-5455091.0,-2303749.0,,2581076271.0,,,968.46,100.0,unknown,QuantData PER_ONE_DOLLAR_MOVE; exact dollar/contract scaling unverified,QuantData
2026-08-17T16:00:00-04:00,2026-08-21,755.0,put,-1538.0,-3308.0,,-68486.0,,,,,4047529.0,9502620.0,-5455091.0,-2303749.0,,2581076271.0,,,968.46,100.0,unknown,QuantData PER_ONE_DOLLAR_MOVE; exact dollar/contract scaling unverified,QuantData
2026-08-17T16:00:00-04:00,2026-08-21,760.0,call,0.0,0.0,,8559575.0,,,,,4047529.0,9502620.0,-5455091.0,-2303749.0,,2581076271.0,,,968.46,100.0,unknown,QuantData PER_ONE_DOLLAR_MOVE; exact dollar/contract scaling unverified,QuantData
2026-08-17T16:00:00-04:00,2026-08-21,760.0,put,-29639.0,-62047.0,,-1347324.0,,,,,4047529.0,9502620.0,-5455091.0,-2303749.0,,2581076271.0,,,968.46,100.0,unknown,QuantData PER_ONE_DOLLAR_MOVE; exact dollar/contract scaling unverified,QuantData
2026-08-17T16:00:00-04:00,2026-08-21,765.0,call,0.0,0.0,,0.0,,,,,4047529.0,9502620.0,-5455091.0,-2303749.0,,2581076271.0,,,968.46,100.0,unknown,QuantData PER_ONE_DOLLAR_MOVE; exact dollar/contract scaling unverified,QuantData
2026-08-17T16:00:00-04:00,2026-08-21,765.0,put,-3571.0,-7310.0,,-162479.0,,,,,4047529.0,9502620.0,-5455091.0,-2303749.0,,2581076271.0,,,968.46,100.0,unknown,QuantData PER_ONE_DOLLAR_MOVE; exact dollar/contract scaling unverified,QuantData
2026-08-17T16:00:00-04:00,2026-08-21,770.0,call,0.0,0.0,,10033946.0,,,,,4047529.0,9502620.0,-5455091.0,-2303749.0,,2581076271.0,,,968.46,100.0,unknown,QuantData PER_ONE_DOLLAR_MOVE; exact dollar/contract scaling unverified,QuantData
2026-08-17T16:00:00-04:00,2026-08-21,770.0,put,-16111.0,-35407.0,,-650645.0,,,,,4047529.0,9502620.0,-5455091.0,-2303749.0,,2581076271.0,,,968.46,100.0,unknown,QuantData PER_ONE_DOLLAR_MOVE; exact dollar/contract scaling unverified,QuantData
2026-08-17T16:00:00-04:00,2026-08-21,775.0,call,106.0,-263.0,,480465.0,,,,,4047529.0,9502620.0,-5455091.0,-2303749.0,,2581076271.0,,,968.46,100.0,unknown,QuantData PER_ONE_DOLLAR_MOVE; exact dollar/contract scaling unverified,QuantData
2026-08-17T16:00:00-04:00,2026-08-21,775.0,put,-3066.0,-6425.0,,-129017.0,,,,,4047529.0,9502620.0,-5455091.0,-2303749.0,,2581076271.0,,,968.46,100.0,unknown,QuantData PER_ONE_DOLLAR_MOVE; exact dollar/contract scaling unverified,QuantData
2026-08-17T16:00:00-04:00,2026-08-21,780.0,call,0.0,0.0,,0.0,,,,,4047529.0,9502620.0,-5455091.0,-2303749.0,,2581076271.0,,,968.46,100.0,unknown,QuantData PER_ONE_DOLLAR_MOVE; exact dollar/contract scaling unverified,QuantData
2026-08-17T16:00:00-04:00,2026-08-21,780.0,put,-36011.0,-76931.0,,-1421048.0,,,,,4047529.0,9502620.0,-5455091.0,-2303749.0,,2581076271.0,,,968.46,100.0,unknown,QuantData PER_ONE_DOLLAR_MOVE; exact dollar/contract scaling unverified,QuantData
2026-08-17T16:00:00-04:00,2026-08-21,785.0,call,0.0,0.0,,0.0,,,,,4047529.0,9502620.0,-5455091.0,-2303749.0,,2581076271.0,,,968.46,100.0,unknown,QuantData PER_ONE_DOLLAR_MOVE; exact dollar/contract scaling unverified,QuantData
2026-08-17T16:00:00-04:00,2026-08-21,785.0,put,-1291.0,-2698.0,,-51913.0,,,,,4047529.0,9502620.0,-5455091.0,-2303749.0,,2581076271.0,,,968.46,100.0,unknown,QuantData PER_ONE_DOLLAR_MOVE; exact dollar/contract scaling unverified,QuantData
2026-08-17T16:00:00-04:00,2026-08-21,790.0,call,5344.0,-9666.0,,8797877.0,,,,,4047529.0,9502620.0,-5455091.0,-2303749.0,,2581076271.0,,,968.46,100.0,unknown,QuantData PER_ONE_DOLLAR_MOVE; exact dollar/contract scaling unverified,QuantData
2026-08-17T16:00:00-04:00,2026-08-21,790.0,put,-14520.0,-28814.0,,-618272.0,,,,,4047529.0,9502620.0,-5455091.0,-2303749.0,,2581076271.0,,,968.46,100.0,unknown,QuantData PER_ONE_DOLLAR_MOVE; exact dollar/contract scaling unverified,QuantData
2026-08-17T16:00:00-04:00,2026-08-21,795.0,call,0.0,0.0,,2415050.0,,,,,4047529.0,9502620.0,-5455091.0,-2303749.0,,2581076271.0,,,968.46,100.0,unknown,QuantData PER_ONE_DOLLAR_MOVE; exact dollar/contract scaling unverified,QuantData
2026-08-17T16:00:00-04:00,2026-08-21,795.0,put,-6748.0,-13101.0,,-289196.0,,,,,4047529.0,9502620.0,-5455091.0,-2303749.0,,2581076271.0,,,968.46,100.0,unknown,QuantData PER_ONE_DOLLAR_MOVE; exact dollar/contract scaling unverified,QuantData
2026-08-17T16:00:00-04:00,2026-08-21,800.0,call,67367.0,-124647.0,,104782695.0,,,,,4047529.0,9502620.0,-5455091.0,-2303749.0,,2581076271.0,,,968.46,100.0,unknown,QuantData PER_ONE_DOLLAR_MOVE; exact dollar/contract scaling unverified,QuantData
2026-08-17T16:00:00-04:00,2026-08-21,800.0,put,-105580.0,-197484.0,,-4588285.0,,,,,4047529.0,9502620.0,-5455091.0,-2303749.0,,2581076271.0,,,968.46,100.0,unknown,QuantData PER_ONE_DOLLAR_MOVE; exact dollar/contract scaling unverified,QuantData
2026-08-17T16:00:00-04:00,2026-08-21,805.0,call,0.0,0.0,,0.0,,,,,4047529.0,9502620.0,-5455091.0,-2303749.0,,2581076271.0,,,968.46,100.0,unknown,QuantData PER_ONE_DOLLAR_MOVE; exact dollar/contract scaling unverified,QuantData
2026-08-17T16:00:00-04:00,2026-08-21,805.0,put,-4597.0,-9181.0,,-202628.0,,,,,4047529.0,9502620.0,-5455091.0,-2303749.0,,2581076271.0,,,968.46,100.0,unknown,QuantData PER_ONE_DOLLAR_MOVE; exact dollar/contract scaling unverified,QuantData
2026-08-17T16:00:00-04:00,2026-08-21,810.0,call,0.0,0.0,,18975086.0,,,,,4047529.0,9502620.0,-5455091.0,-2303749.0,,2581076271.0,,,968.46,100.0,unknown,QuantData PER_ONE_DOLLAR_MOVE; exact dollar/contract scaling unverified,QuantData
2026-08-17T16:00:00-04:00,2026-08-21,810.0,put,-15320.0,-26491.0,,-717225.0,,,,,4047529.0,9502620.0,-5455091.0,-2303749.0,,2581076271.0,,,968.46,100.0,unknown,QuantData PER_ONE_DOLLAR_MOVE; exact dollar/contract scaling unverified,QuantData
2026-08-17T16:00:00-04:00,2026-08-21,815.0,call,0.0,0.0,,0.0,,,,,4047529.0,9502620.0,-5455091.0,-2303749.0,,2581076271.0,,,968.46,100.0,unknown,QuantData PER_ONE_DOLLAR_MOVE; exact dollar/contract scaling unverified,QuantData
2026-08-17T16:00:00-04:00,2026-08-21,815.0,put,-4497.0,-7630.0,,-209888.0,,,,,4047529.0,9502620.0,-5455091.0,-2303749.0,,2581076271.0,,,968.46,100.0,unknown,QuantData PER_ONE_DOLLAR_MOVE; exact dollar/contract scaling unverified,QuantData
2026-08-17T16:00:00-04:00,2026-08-21,820.0,call,0.0,0.0,,8142600.0,,,,,4047529.0,9502620.0,-5455091.0,-2303749.0,,2581076271.0,,,968.46,100.0,unknown,QuantData PER_ONE_DOLLAR_MOVE; exact dollar/contract scaling unverified,QuantData
2026-08-17T16:00:00-04:00,2026-08-21,820.0,put,-31595.0,-53674.0,,-1419940.0,,,,,4047529.0,9502620.0,-5455091.0,-2303749.0,,2581076271.0,,,968.46,100.0,unknown,QuantData PER_ONE_DOLLAR_MOVE; exact dollar/contract scaling unverified,QuantData
2026-08-17T16:00:00-04:00,2026-08-21,825.0,call,1632.0,-2793.0,,1902045.0,,,,,4047529.0,9502620.0,-5455091.0,-2303749.0,,2581076271.0,,,968.46,100.0,unknown,QuantData PER_ONE_DOLLAR_MOVE; exact dollar/contract scaling unverified,QuantData
2026-08-17T16:00:00-04:00,2026-08-21,825.0,put,-25045.0,-39789.0,,-1206917.0,,,,,4047529.0,9502620.0,-5455091.0,-2303749.0,,2581076271.0,,,968.46,100.0,unknown,QuantData PER_ONE_DOLLAR_MOVE; exact dollar/contract scaling unverified,QuantData
2026-08-17T16:00:00-04:00,2026-08-21,830.0,call,7288.0,-11717.0,,6774000.0,,,,,4047529.0,9502620.0,-5455091.0,-2303749.0,,2581076271.0,,,968.46,100.0,unknown,QuantData PER_ONE_DOLLAR_MOVE; exact dollar/contract scaling unverified,QuantData
2026-08-17T16:00:00-04:00,2026-08-21,830.0,put,-22594.0,-35209.0,,-1088979.0,,,,,4047529.0,9502620.0,-5455091.0,-2303749.0,,2581076271.0,,,968.46,100.0,unknown,QuantData PER_ONE_DOLLAR_MOVE; exact dollar/contract scaling unverified,QuantData
2026-08-17T16:00:00-04:00,2026-08-21,835.0,call,0.0,0.0,,0.0,,,,,4047529.0,9502620.0,-5455091.0,-2303749.0,,2581076271.0,,,968.46,100.0,unknown,QuantData PER_ONE_DOLLAR_MOVE; exact dollar/contract scaling unverified,QuantData
2026-08-17T16:00:00-04:00,2026-08-21,835.0,put,-14258.0,-21527.0,,-686170.0,,,,,4047529.0,9502620.0,-5455091.0,-2303749.0,,2581076271.0,,,968.46,100.0,unknown,QuantData PER_ONE_DOLLAR_MOVE; exact dollar/contract scaling unverified,QuantData
2026-08-17T16:00:00-04:00,2026-08-21,840.0,call,0.0,0.0,,11277906.0,,,,,4047529.0,9502620.0,-5455091.0,-2303749.0,,2581076271.0,,,968.46,100.0,unknown,QuantData PER_ONE_DOLLAR_MOVE; exact dollar/contract scaling unverified,QuantData
2026-08-17T16:00:00-04:00,2026-08-21,840.0,put,-92789.0,-135661.0,,-4584822.0,,,,,4047529.0,9502620.0,-5455091.0,-2303749.0,,2581076271.0,,,968.46,100.0,unknown,QuantData PER_ONE_DOLLAR_MOVE; exact dollar/contract scaling unverified,QuantData
2026-08-17T16:00:00-04:00,2026-08-21,845.0,call,0.0,0.0,,0.0,,,,,4047529.0,9502620.0,-5455091.0,-2303749.0,,2581076271.0,,,968.46,100.0,unknown,QuantData PER_ONE_DOLLAR_MOVE; exact dollar/contract scaling unverified,QuantData
2026-08-17T16:00:00-04:00,2026-08-21,845.0,put,-10205.0,-14420.0,,-502774.0,,,,,4047529.0,9502620.0,-5455091.0,-2303749.0,,2581076271.0,,,968.46,100.0,unknown,QuantData PER_ONE_DOLLAR_MOVE; exact dollar/contract scaling unverified,QuantData
2026-08-17T16:00:00-04:00,2026-08-21,847.5,call,1716.0,-2669.0,,1396261.0,,,,,4047529.0,9502620.0,-5455091.0,-2303749.0,,2581076271.0,,,968.46,100.0,unknown,QuantData PER_ONE_DOLLAR_MOVE; exact dollar/contract scaling unverified,QuantData
2026-08-17T16:00:00-04:00,2026-08-21,847.5,put,-17074.0,-25466.0,,-843740.0,,,,,4047529.0,9502620.0,-5455091.0,-2303749.0,,2581076271.0,,,968.46,100.0,unknown,QuantData PER_ONE_DOLLAR_MOVE; exact dollar/contract scaling unverified,QuantData
2026-08-17T16:00:00-04:00,2026-08-21,850.0,call,48708.0,-66698.0,,29118565.0,,,,,4047529.0,9502620.0,-5455091.0,-2303749.0,,2581076271.0,,,968.46,100.0,unknown,QuantData PER_ONE_DOLLAR_MOVE; exact dollar/contract scaling unverified,QuantData
2026-08-17T16:00:00-04:00,2026-08-21,850.0,put,-142933.0,-193627.0,,-7242947.0,,,,,4047529.0,9502620.0,-5455091.0,-2303749.0,,2581076271.0,,,968.46,100.0,unknown,QuantData PER_ONE_DOLLAR_MOVE; exact dollar/contract scaling unverified,QuantData
2026-08-17T16:00:00-04:00,2026-08-21,852.5,call,0.0,0.0,,0.0,,,,,4047529.0,9502620.0,-5455091.0,-2303749.0,,2581076271.0,,,968.46,100.0,unknown,QuantData PER_ONE_DOLLAR_MOVE; exact dollar/contract scaling unverified,QuantData
2026-08-17T16:00:00-04:00,2026-08-21,852.5,put,-1205.0,-1739.0,,-61162.0,,,,,4047529.0,9502620.0,-5455091.0,-2303749.0,,2581076271.0,,,968.46,100.0,unknown,QuantData PER_ONE_DOLLAR_MOVE; exact dollar/contract scaling unverified,QuantData
2026-08-17T16:00:00-04:00,2026-08-21,855.0,call,0.0,0.0,,0.0,,,,,4047529.0,9502620.0,-5455091.0,-2303749.0,,2581076271.0,,,968.46,100.0,unknown,QuantData PER_ONE_DOLLAR_MOVE; exact dollar/contract scaling unverified,QuantData
2026-08-17T16:00:00-04:00,2026-08-21,855.0,put,-23815.0,-30476.0,,-1265474.0,,,,,4047529.0,9502620.0,-5455091.0,-2303749.0,,2581076271.0,,,968.46,100.0,unknown,QuantData PER_ONE_DOLLAR_MOVE; exact dollar/contract scaling unverified,QuantData
2026-08-17T16:00:00-04:00,2026-08-21,857.5,call,0.0,0.0,,0.0,,,,,4047529.0,9502620.0,-5455091.0,-2303749.0,,2581076271.0,,,968.46,100.0,unknown,QuantData PER_ONE_DOLLAR_MOVE; exact dollar/contract scaling unverified,QuantData
2026-08-17T16:00:00-04:00,2026-08-21,857.5,put,-7243.0,-9414.0,,-378575.0,,,,,4047529.0,9502620.0,-5455091.0,-2303749.0,,2581076271.0,,,968.46,100.0,unknown,QuantData PER_ONE_DOLLAR_MOVE; exact dollar/contract scaling unverified,QuantData
2026-08-17T16:00:00-04:00,2026-08-21,860.0,call,79878.0,-102522.0,,41480004.0,,,,,4047529.0,9502620.0,-5455091.0,-2303749.0,,2581076271.0,,,968.46,100.0,unknown,QuantData PER_ONE_DOLLAR_MOVE; exact dollar/contract scaling unverified,QuantData
2026-08-17T16:00:00-04:00,2026-08-21,860.0,put,-158027.0,-198888.0,,-8448909.0,,,,,4047529.0,9502620.0,-5455091.0,-2303749.0,,2581076271.0,,,968.46,100.0,unknown,QuantData PER_ONE_DOLLAR_MOVE; exact dollar/contract scaling unverified,QuantData
2026-08-17T16:00:00-04:00,2026-08-21,862.5,call,0.0,0.0,,0.0,,,,,4047529.0,9502620.0,-5455091.0,-2303749.0,,2581076271.0,,,968.46,100.0,unknown,QuantData PER_ONE_DOLLAR_MOVE; exact dollar/contract scaling unverified,QuantData
2026-08-17T16:00:00-04:00,2026-08-21,862.5,put,-1046.0,-1295.0,,-56253.0,,,,,4047529.0,9502620.0,-5455091.0,-2303749.0,,2581076271.0,,,968.46,100.0,unknown,QuantData PER_ONE_DOLLAR_MOVE; exact dollar/contract scaling unverified,QuantData
2026-08-17T16:00:00-04:00,2026-08-21,865.0,call,0.0,0.0,,0.0,,,,,4047529.0,9502620.0,-5455091.0,-2303749.0,,2581076271.0,,,968.46,100.0,unknown,QuantData PER_ONE_DOLLAR_MOVE; exact dollar/contract scaling unverified,QuantData
2026-08-17T16:00:00-04:00,2026-08-21,865.0,put,-22022.0,-29725.0,,-1191218.0,,,,,4047529.0,9502620.0,-5455091.0,-2303749.0,,2581076271.0,,,968.46,100.0,unknown,QuantData PER_ONE_DOLLAR_MOVE; exact dollar/contract scaling unverified,QuantData
2026-08-17T16:00:00-04:00,2026-08-21,870.0,call,298669.0,-432412.0,,186880451.0,,,,,4047529.0,9502620.0,-5455091.0,-2303749.0,,2581076271.0,,,968.46,100.0,unknown,QuantData PER_ONE_DOLLAR_MOVE; exact dollar/contract scaling unverified,QuantData
2026-08-17T16:00:00-04:00,2026-08-21,870.0,put,-113744.0,-124790.0,,-6337849.0,,,,,4047529.0,9502620.0,-5455091.0,-2303749.0,,2581076271.0,,,968.46,100.0,unknown,QuantData PER_ONE_DOLLAR_MOVE; exact dollar/contract scaling unverified,QuantData
2026-08-17T16:00:00-04:00,2026-08-21,875.0,call,5433.0,-5577.0,,2100566.0,,,,,4047529.0,9502620.0,-5455091.0,-2303749.0,,2581076271.0,,,968.46,100.0,unknown,QuantData PER_ONE_DOLLAR_MOVE; exact dollar/contract scaling unverified,QuantData
2026-08-17T16:00:00-04:00,2026-08-21,875.0,put,-20066.0,-21074.0,,-1178566.0,,,,,4047529.0,9502620.0,-5455091.0,-2303749.0,,2581076271.0,,,968.46,100.0,unknown,QuantData PER_ONE_DOLLAR_MOVE; exact dollar/contract scaling unverified,QuantData
2026-08-17T16:00:00-04:00,2026-08-21,880.0,call,38648.0,-43302.0,,16984226.0,,,,,4047529.0,9502620.0,-5455091.0,-2303749.0,,2581076271.0,,,968.46,100.0,unknown,QuantData PER_ONE_DOLLAR_MOVE; exact dollar/contract scaling unverified,QuantData
2026-08-17T16:00:00-04:00,2026-08-21,880.0,put,-387733.0,-381503.0,,-22775087.0,,,,,4047529.0,9502620.0,-5455091.0,-2303749.0,,2581076271.0,,,968.46,100.0,unknown,QuantData PER_ONE_DOLLAR_MOVE; exact dollar/contract scaling unverified,QuantData
2026-08-17T16:00:00-04:00,2026-08-21,885.0,call,3848.0,-4101.0,,1628613.0,,,,,4047529.0,9502620.0,-5455091.0,-2303749.0,,2581076271.0,,,968.46,100.0,unknown,QuantData PER_ONE_DOLLAR_MOVE; exact dollar/contract scaling unverified,QuantData
2026-08-17T16:00:00-04:00,2026-08-21,885.0,put,-12309.0,-11440.0,,-762490.0,,,,,4047529.0,9502620.0,-5455091.0,-2303749.0,,2581076271.0,,,968.46,100.0,unknown,QuantData PER_ONE_DOLLAR_MOVE; exact dollar/contract scaling unverified,QuantData
2026-08-17T16:00:00-04:00,2026-08-21,890.0,call,501701.0,-471800.0,,170503989.0,,,,,4047529.0,9502620.0,-5455091.0,-2303749.0,,2581076271.0,,,968.46,100.0,unknown,QuantData PER_ONE_DOLLAR_MOVE; exact dollar/contract scaling unverified,QuantData
2026-08-17T16:00:00-04:00,2026-08-21,890.0,put,-45253.0,-40156.0,,-2849312.0,,,,,4047529.0,9502620.0,-5455091.0,-2303749.0,,2581076271.0,,,968.46,100.0,unknown,QuantData PER_ONE_DOLLAR_MOVE; exact dollar/contract scaling unverified,QuantData
2026-08-17T16:00:00-04:00,2026-08-21,895.0,call,7255.0,-6309.0,,2088206.0,,,,,4047529.0,9502620.0,-5455091.0,-2303749.0,,2581076271.0,,,968.46,100.0,unknown,QuantData PER_ONE_DOLLAR_MOVE; exact dollar/contract scaling unverified,QuantData
2026-08-17T16:00:00-04:00,2026-08-21,895.0,put,-566.0,-448.0,,-37081.0,,,,,4047529.0,9502620.0,-5455091.0,-2303749.0,,2581076271.0,,,968.46,100.0,unknown,QuantData PER_ONE_DOLLAR_MOVE; exact dollar/contract scaling unverified,QuantData
2026-08-17T16:00:00-04:00,2026-08-21,900.0,call,192852.0,-151037.0,,52695150.0,,,,,4047529.0,9502620.0,-5455091.0,-2303749.0,,2581076271.0,,,968.46,100.0,unknown,QuantData PER_ONE_DOLLAR_MOVE; exact dollar/contract scaling unverified,QuantData
2026-08-17T16:00:00-04:00,2026-08-21,900.0,put,-5512.0,-4212.0,,-367803.0,,,,,4047529.0,9502620.0,-5455091.0,-2303749.0,,2581076271.0,,,968.46,100.0,unknown,QuantData PER_ONE_DOLLAR_MOVE; exact dollar/contract scaling unverified,QuantData
2026-08-17T16:00:00-04:00,2026-08-21,905.0,call,5728.0,-5219.0,,1719979.0,,,,,4047529.0,9502620.0,-5455091.0,-2303749.0,,2581076271.0,,,968.46,100.0,unknown,QuantData PER_ONE_DOLLAR_MOVE; exact dollar/contract scaling unverified,QuantData
2026-08-17T16:00:00-04:00,2026-08-21,905.0,put,-6555.0,-4490.0,,-450614.0,,,,,4047529.0,9502620.0,-5455091.0,-2303749.0,,2581076271.0,,,968.46,100.0,unknown,QuantData PER_ONE_DOLLAR_MOVE; exact dollar/contract scaling unverified,QuantData
2026-08-17T16:00:00-04:00,2026-08-21,910.0,call,25483.0,-18851.0,,6745753.0,,,,,4047529.0,9502620.0,-5455091.0,-2303749.0,,2581076271.0,,,968.46,100.0,unknown,QuantData PER_ONE_DOLLAR_MOVE; exact dollar/contract scaling unverified,QuantData
2026-08-17T16:00:00-04:00,2026-08-21,910.0,put,0.0,0.0,,0.0,,,,,4047529.0,9502620.0,-5455091.0,-2303749.0,,2581076271.0,,,968.46,100.0,unknown,QuantData PER_ONE_DOLLAR_MOVE; exact dollar/contract scaling unverified,QuantData
2026-08-17T16:00:00-04:00,2026-08-21,915.0,call,18552.0,-15023.0,,5173364.0,,,,,4047529.0,9502620.0,-5455091.0,-2303749.0,,2581076271.0,,,968.46,100.0,unknown,QuantData PER_ONE_DOLLAR_MOVE; exact dollar/contract scaling unverified,QuantData
2026-08-17T16:00:00-04:00,2026-08-21,915.0,put,0.0,0.0,,0.0,,,,,4047529.0,9502620.0,-5455091.0,-2303749.0,,2581076271.0,,,968.46,100.0,unknown,QuantData PER_ONE_DOLLAR_MOVE; exact dollar/contract scaling unverified,QuantData
2026-08-17T16:00:00-04:00,2026-08-21,920.0,call,254250.0,-132403.0,,52773421.0,,,,,4047529.0,9502620.0,-5455091.0,-2303749.0,,2581076271.0,,,968.46,100.0,unknown,QuantData PER_ONE_DOLLAR_MOVE; exact dollar/contract scaling unverified,QuantData
2026-08-17T16:00:00-04:00,2026-08-21,920.0,put,0.0,0.0,,0.0,,,,,4047529.0,9502620.0,-5455091.0,-2303749.0,,2581076271.0,,,968.46,100.0,unknown,QuantData PER_ONE_DOLLAR_MOVE; exact dollar/contract scaling unverified,QuantData
2026-08-17T16:00:00-04:00,2026-08-21,925.0,call,13909.0,-7295.0,,2838870.0,,,,,4047529.0,9502620.0,-5455091.0,-2303749.0,,2581076271.0,,,968.46,100.0,unknown,QuantData PER_ONE_DOLLAR_MOVE; exact dollar/contract scaling unverified,QuantData
2026-08-17T16:00:00-04:00,2026-08-21,925.0,put,-12163.0,-5730.0,,-954409.0,,,,,4047529.0,9502620.0,-5455091.0,-2303749.0,,2581076271.0,,,968.46,100.0,unknown,QuantData PER_ONE_DOLLAR_MOVE; exact dollar/contract scaling unverified,QuantData
2026-08-17T16:00:00-04:00,2026-08-21,930.0,call,75742.0,-34482.0,,14202214.0,,,,,4047529.0,9502620.0,-5455091.0,-2303749.0,,2581076271.0,,,968.46,100.0,unknown,QuantData PER_ONE_DOLLAR_MOVE; exact dollar/contract scaling unverified,QuantData
2026-08-17T16:00:00-04:00,2026-08-21,930.0,put,0.0,0.0,,0.0,,,,,4047529.0,9502620.0,-5455091.0,-2303749.0,,2581076271.0,,,968.46,100.0,unknown,QuantData PER_ONE_DOLLAR_MOVE; exact dollar/contract scaling unverified,QuantData
2026-08-17T16:00:00-04:00,2026-08-21,935.0,call,12225.0,-6549.0,,2586698.0,,,,,4047529.0,9502620.0,-5455091.0,-2303749.0,,2581076271.0,,,968.46,100.0,unknown,QuantData PER_ONE_DOLLAR_MOVE; exact dollar/contract scaling unverified,QuantData
2026-08-17T16:00:00-04:00,2026-08-21,935.0,put,-18443.0,-6658.0,,-1584780.0,,,,,4047529.0,9502620.0,-5455091.0,-2303749.0,,2581076271.0,,,968.46,100.0,unknown,QuantData PER_ONE_DOLLAR_MOVE; exact dollar/contract scaling unverified,QuantData
2026-08-17T16:00:00-04:00,2026-08-21,940.0,call,45154.0,-18254.0,,8348164.0,,,,,4047529.0,9502620.0,-5455091.0,-2303749.0,,2581076271.0,,,968.46,100.0,unknown,QuantData PER_ONE_DOLLAR_MOVE; exact dollar/contract scaling unverified,QuantData
2026-08-17T16:00:00-04:00,2026-08-21,940.0,put,0.0,0.0,,0.0,,,,,4047529.0,9502620.0,-5455091.0,-2303749.0,,2581076271.0,,,968.46,100.0,unknown,QuantData PER_ONE_DOLLAR_MOVE; exact dollar/contract scaling unverified,QuantData
2026-08-17T16:00:00-04:00,2026-08-21,945.0,call,125619.0,-43628.0,,22394722.0,,,,,4047529.0,9502620.0,-5455091.0,-2303749.0,,2581076271.0,,,968.46,100.0,unknown,QuantData PER_ONE_DOLLAR_MOVE; exact dollar/contract scaling unverified,QuantData
2026-08-17T16:00:00-04:00,2026-08-21,945.0,put,-19335.0,-4883.0,,-1775770.0,,,,,4047529.0,9502620.0,-5455091.0,-2303749.0,,2581076271.0,,,968.46,100.0,unknown,QuantData PER_ONE_DOLLAR_MOVE; exact dollar/contract scaling unverified,QuantData
2026-08-17T16:00:00-04:00,2026-08-21,950.0,call,358430.0,-61074.0,,52007891.0,,,,,4047529.0,9502620.0,-5455091.0,-2303749.0,,2581076271.0,,,968.46,100.0,unknown,QuantData PER_ONE_DOLLAR_MOVE; exact dollar/contract scaling unverified,QuantData
2026-08-17T16:00:00-04:00,2026-08-21,950.0,put,0.0,0.0,,0.0,,,,,4047529.0,9502620.0,-5455091.0,-2303749.0,,2581076271.0,,,968.46,100.0,unknown,QuantData PER_ONE_DOLLAR_MOVE; exact dollar/contract scaling unverified,QuantData
2026-08-17T16:00:00-04:00,2026-08-21,955.0,call,0.0,0.0,,0.0,,,,,4047529.0,9502620.0,-5455091.0,-2303749.0,,2581076271.0,,,968.46,100.0,unknown,QuantData PER_ONE_DOLLAR_MOVE; exact dollar/contract scaling unverified,QuantData
2026-08-17T16:00:00-04:00,2026-08-21,955.0,put,-31758.0,-3619.0,,-3158244.0,,,,,4047529.0,9502620.0,-5455091.0,-2303749.0,,2581076271.0,,,968.46,100.0,unknown,QuantData PER_ONE_DOLLAR_MOVE; exact dollar/contract scaling unverified,QuantData
2026-08-17T16:00:00-04:00,2026-08-21,960.0,call,141948.0,-16075.0,,19717280.0,,,,,4047529.0,9502620.0,-5455091.0,-2303749.0,,2581076271.0,,,968.46,100.0,unknown,QuantData PER_ONE_DOLLAR_MOVE; exact dollar/contract scaling unverified,QuantData
2026-08-17T16:00:00-04:00,2026-08-21,960.0,put,-45507.0,-2430.0,,-4781396.0,,,,,4047529.0,9502620.0,-5455091.0,-2303749.0,,2581076271.0,,,968.46,100.0,unknown,QuantData PER_ONE_DOLLAR_MOVE; exact dollar/contract scaling unverified,QuantData
2026-08-17T16:00:00-04:00,2026-08-21,970.0,call,221947.0,6724.0,,27461539.0,,,,,4047529.0,9502620.0,-5455091.0,-2303749.0,,2581076271.0,,,968.46,100.0,unknown,QuantData PER_ONE_DOLLAR_MOVE; exact dollar/contract scaling unverified,QuantData
2026-08-17T16:00:00-04:00,2026-08-21,970.0,put,0.0,0.0,,0.0,,,,,4047529.0,9502620.0,-5455091.0,-2303749.0,,2581076271.0,,,968.46,100.0,unknown,QuantData PER_ONE_DOLLAR_MOVE; exact dollar/contract scaling unverified,QuantData
2026-08-17T16:00:00-04:00,2026-08-21,980.0,call,175318.0,22877.0,,20298774.0,,,,,4047529.0,9502620.0,-5455091.0,-2303749.0,,2581076271.0,,,968.46,100.0,unknown,QuantData PER_ONE_DOLLAR_MOVE; exact dollar/contract scaling unverified,QuantData
2026-08-17T16:00:00-04:00,2026-08-21,980.0,put,-22906.0,3180.0,,-2848473.0,,,,,4047529.0,9502620.0,-5455091.0,-2303749.0,,2581076271.0,,,968.46,100.0,unknown,QuantData PER_ONE_DOLLAR_MOVE; exact dollar/contract scaling unverified,QuantData
2026-08-17T16:00:00-04:00,2026-08-21,990.0,call,123439.0,30243.0,,13182324.0,,,,,4047529.0,9502620.0,-5455091.0,-2303749.0,,2581076271.0,,,968.46,100.0,unknown,QuantData PER_ONE_DOLLAR_MOVE; exact dollar/contract scaling unverified,QuantData
2026-08-17T16:00:00-04:00,2026-08-21,990.0,put,-44611.0,10333.0,,-6092811.0,,,,,4047529.0,9502620.0,-5455091.0,-2303749.0,,2581076271.0,,,968.46,100.0,unknown,QuantData PER_ONE_DOLLAR_MOVE; exact dollar/contract scaling unverified,QuantData
2026-08-17T16:00:00-04:00,2026-08-21,1000.0,call,1313722.0,468653.0,,125977248.0,,,,,4047529.0,9502620.0,-5455091.0,-2303749.0,,2581076271.0,,,968.46,100.0,unknown,QuantData PER_ONE_DOLLAR_MOVE; exact dollar/contract scaling unverified,QuantData
2026-08-17T16:00:00-04:00,2026-08-21,1000.0,put,-20594.0,7965.0,,-3128921.0,,,,,4047529.0,9502620.0,-5455091.0,-2303749.0,,2581076271.0,,,968.46,100.0,unknown,QuantData PER_ONE_DOLLAR_MOVE; exact dollar/contract scaling unverified,QuantData
2026-08-17T16:00:00-04:00,2026-08-21,1010.0,call,185840.0,83224.0,,17074335.0,,,,,4047529.0,9502620.0,-5455091.0,-2303749.0,,2581076271.0,,,968.46,100.0,unknown,QuantData PER_ONE_DOLLAR_MOVE; exact dollar/contract scaling unverified,QuantData
2026-08-17T16:00:00-04:00,2026-08-21,1010.0,put,-14304.0,6041.0,,-2245246.0,,,,,4047529.0,9502620.0,-5455091.0,-2303749.0,,2581076271.0,,,968.46,100.0,unknown,QuantData PER_ONE_DOLLAR_MOVE; exact dollar/contract scaling unverified,QuantData
2026-08-17T16:00:00-04:00,2026-08-21,1020.0,call,94520.0,54896.0,,7992339.0,,,,,4047529.0,9502620.0,-5455091.0,-2303749.0,,2581076271.0,,,968.46,100.0,unknown,QuantData PER_ONE_DOLLAR_MOVE; exact dollar/contract scaling unverified,QuantData
2026-08-17T16:00:00-04:00,2026-08-21,1020.0,put,-19408.0,8236.0,,-3054357.0,,,,,4047529.0,9502620.0,-5455091.0,-2303749.0,,2581076271.0,,,968.46,100.0,unknown,QuantData PER_ONE_DOLLAR_MOVE; exact dollar/contract scaling unverified,QuantData
2026-08-17T16:00:00-04:00,2026-08-21,1030.0,call,55163.0,35948.0,,4529704.0,,,,,4047529.0,9502620.0,-5455091.0,-2303749.0,,2581076271.0,,,968.46,100.0,unknown,QuantData PER_ONE_DOLLAR_MOVE; exact dollar/contract scaling unverified,QuantData
2026-08-17T16:00:00-04:00,2026-08-21,1030.0,put,-108891.0,71103.0,,-21165391.0,,,,,4047529.0,9502620.0,-5455091.0,-2303749.0,,2581076271.0,,,968.46,100.0,unknown,QuantData PER_ONE_DOLLAR_MOVE; exact dollar/contract scaling unverified,QuantData
2026-08-17T16:00:00-04:00,2026-08-21,1040.0,call,31775.0,24483.0,,2381391.0,,,,,4047529.0,9502620.0,-5455091.0,-2303749.0,,2581076271.0,,,968.46,100.0,unknown,QuantData PER_ONE_DOLLAR_MOVE; exact dollar/contract scaling unverified,QuantData
2026-08-17T16:00:00-04:00,2026-08-21,1040.0,put,-3354.0,1677.0,,-576643.0,,,,,4047529.0,9502620.0,-5455091.0,-2303749.0,,2581076271.0,,,968.46,100.0,unknown,QuantData PER_ONE_DOLLAR_MOVE; exact dollar/contract scaling unverified,QuantData
2026-08-17T16:00:00-04:00,2026-08-21,1050.0,call,267311.0,230668.0,,19706881.0,,,,,4047529.0,9502620.0,-5455091.0,-2303749.0,,2581076271.0,,,968.46,100.0,unknown,QuantData PER_ONE_DOLLAR_MOVE; exact dollar/contract scaling unverified,QuantData
2026-08-17T16:00:00-04:00,2026-08-21,1050.0,put,-9065.0,6335.0,,-1967166.0,,,,,4047529.0,9502620.0,-5455091.0,-2303749.0,,2581076271.0,,,968.46,100.0,unknown,QuantData PER_ONE_DOLLAR_MOVE; exact dollar/contract scaling unverified,QuantData
2026-08-17T16:00:00-04:00,2026-08-21,1060.0,call,59570.0,57760.0,,4085776.0,,,,,4047529.0,9502620.0,-5455091.0,-2303749.0,,2581076271.0,,,968.46,100.0,unknown,QuantData PER_ONE_DOLLAR_MOVE; exact dollar/contract scaling unverified,QuantData
2026-08-17T16:00:00-04:00,2026-08-21,1060.0,put,-10515.0,9035.0,,-2556865.0,,,,,4047529.0,9502620.0,-5455091.0,-2303749.0,,2581076271.0,,,968.46,100.0,unknown,QuantData PER_ONE_DOLLAR_MOVE; exact dollar/contract scaling unverified,QuantData
2026-08-17T16:00:00-04:00,2026-08-21,1070.0,call,0.0,0.0,,0.0,,,,,4047529.0,9502620.0,-5455091.0,-2303749.0,,2581076271.0,,,968.46,100.0,unknown,QuantData PER_ONE_DOLLAR_MOVE; exact dollar/contract scaling unverified,QuantData
2026-08-17T16:00:00-04:00,2026-08-21,1070.0,put,-2905.0,2612.0,,-763005.0,,,,,4047529.0,9502620.0,-5455091.0,-2303749.0,,2581076271.0,,,968.46,100.0,unknown,QuantData PER_ONE_DOLLAR_MOVE; exact dollar/contract scaling unverified,QuantData
2026-08-17T16:00:00-04:00,2026-08-21,1080.0,call,0.0,0.0,,0.0,,,,,4047529.0,9502620.0,-5455091.0,-2303749.0,,2581076271.0,,,968.46,100.0,unknown,QuantData PER_ONE_DOLLAR_MOVE; exact dollar/contract scaling unverified,QuantData
2026-08-17T16:00:00-04:00,2026-08-21,1080.0,put,0.0,0.0,,0.0,,,,,4047529.0,9502620.0,-5455091.0,-2303749.0,,2581076271.0,,,968.46,100.0,unknown,QuantData PER_ONE_DOLLAR_MOVE; exact dollar/contract scaling unverified,QuantData
2026-08-17T16:00:00-04:00,2026-08-21,1090.0,call,29544.0,34887.0,,1851324.0,,,,,4047529.0,9502620.0,-5455091.0,-2303749.0,,2581076271.0,,,968.46,100.0,unknown,QuantData PER_ONE_DOLLAR_MOVE; exact dollar/contract scaling unverified,QuantData
2026-08-17T16:00:00-04:00,2026-08-21,1090.0,put,0.0,0.0,,0.0,,,,,4047529.0,9502620.0,-5455091.0,-2303749.0,,2581076271.0,,,968.46,100.0,unknown,QuantData PER_ONE_DOLLAR_MOVE; exact dollar/contract scaling unverified,QuantData
2026-08-17T16:00:00-04:00,2026-08-21,1100.0,call,57993.0,78053.0,,3291390.0,,,,,4047529.0,9502620.0,-5455091.0,-2303749.0,,2581076271.0,,,968.46,100.0,unknown,QuantData PER_ONE_DOLLAR_MOVE; exact dollar/contract scaling unverified,QuantData
2026-08-17T16:00:00-04:00,2026-08-21,1100.0,put,-7639.0,8459.0,,-2536521.0,,,,,4047529.0,9502620.0,-5455091.0,-2303749.0,,2581076271.0,,,968.46,100.0,unknown,QuantData PER_ONE_DOLLAR_MOVE; exact dollar/contract scaling unverified,QuantData
2026-08-17T16:00:00-04:00,2026-08-21,1110.0,call,40538.0,54914.0,,2397845.0,,,,,4047529.0,9502620.0,-5455091.0,-2303749.0,,2581076271.0,,,968.46,100.0,unknown,QuantData PER_ONE_DOLLAR_MOVE; exact dollar/contract scaling unverified,QuantData
2026-08-17T16:00:00-04:00,2026-08-21,1110.0,put,-2742.0,3153.0,,-992977.0,,,,,4047529.0,9502620.0,-5455091.0,-2303749.0,,2581076271.0,,,968.46,100.0,unknown,QuantData PER_ONE_DOLLAR_MOVE; exact dollar/contract scaling unverified,QuantData
2026-08-17T16:00:00-04:00,2026-08-21,1120.0,call,26629.0,38688.0,,1480314.0,,,,,4047529.0,9502620.0,-5455091.0,-2303749.0,,2581076271.0,,,968.46,100.0,unknown,QuantData PER_ONE_DOLLAR_MOVE; exact dollar/contract scaling unverified,QuantData
2026-08-17T16:00:00-04:00,2026-08-21,1120.0,put,0.0,0.0,,0.0,,,,,4047529.0,9502620.0,-5455091.0,-2303749.0,,2581076271.0,,,968.46,100.0,unknown,QuantData PER_ONE_DOLLAR_MOVE; exact dollar/contract scaling unverified,QuantData
2026-08-17T16:00:00-04:00,2026-08-21,1130.0,call,6593.0,10229.0,,351944.0,,,,,4047529.0,9502620.0,-5455091.0,-2303749.0,,2581076271.0,,,968.46,100.0,unknown,QuantData PER_ONE_DOLLAR_MOVE; exact dollar/contract scaling unverified,QuantData
2026-08-17T16:00:00-04:00,2026-08-21,1130.0,put,0.0,0.0,,0.0,,,,,4047529.0,9502620.0,-5455091.0,-2303749.0,,2581076271.0,,,968.46,100.0,unknown,QuantData PER_ONE_DOLLAR_MOVE; exact dollar/contract scaling unverified,QuantData
2026-08-17T16:00:00-04:00,2026-08-21,1140.0,call,8622.0,13772.0,,465955.0,,,,,4047529.0,9502620.0,-5455091.0,-2303749.0,,2581076271.0,,,968.46,100.0,unknown,QuantData PER_ONE_DOLLAR_MOVE; exact dollar/contract scaling unverified,QuantData
2026-08-17T16:00:00-04:00,2026-08-21,1140.0,put,0.0,0.0,,0.0,,,,,4047529.0,9502620.0,-5455091.0,-2303749.0,,2581076271.0,,,968.46,100.0,unknown,QuantData PER_ONE_DOLLAR_MOVE; exact dollar/contract scaling unverified,QuantData
2026-08-17T16:00:00-04:00,2026-08-21,1150.0,call,37107.0,61748.0,,1971626.0,,,,,4047529.0,9502620.0,-5455091.0,-2303749.0,,2581076271.0,,,968.46,100.0,unknown,QuantData PER_ONE_DOLLAR_MOVE; exact dollar/contract scaling unverified,QuantData
2026-08-17T16:00:00-04:00,2026-08-21,1150.0,put,0.0,0.0,,0.0,,,,,4047529.0,9502620.0,-5455091.0,-2303749.0,,2581076271.0,,,968.46,100.0,unknown,QuantData PER_ONE_DOLLAR_MOVE; exact dollar/contract scaling unverified,QuantData
2026-08-17T16:00:00-04:00,2026-08-21,1160.0,call,4720.0,8432.0,,230815.0,,,,,4047529.0,9502620.0,-5455091.0,-2303749.0,,2581076271.0,,,968.46,100.0,unknown,QuantData PER_ONE_DOLLAR_MOVE; exact dollar/contract scaling unverified,QuantData
2026-08-17T16:00:00-04:00,2026-08-21,1160.0,put,0.0,0.0,,0.0,,,,,4047529.0,9502620.0,-5455091.0,-2303749.0,,2581076271.0,,,968.46,100.0,unknown,QuantData PER_ONE_DOLLAR_MOVE; exact dollar/contract scaling unverified,QuantData
2026-08-17T16:00:00-04:00,2026-08-21,1170.0,call,4536.0,8635.0,,209226.0,,,,,4047529.0,9502620.0,-5455091.0,-2303749.0,,2581076271.0,,,968.46,100.0,unknown,QuantData PER_ONE_DOLLAR_MOVE; exact dollar/contract scaling unverified,QuantData
2026-08-17T16:00:00-04:00,2026-08-21,1170.0,put,0.0,0.0,,0.0,,,,,4047529.0,9502620.0,-5455091.0,-2303749.0,,2581076271.0,,,968.46,100.0,unknown,QuantData PER_ONE_DOLLAR_MOVE; exact dollar/contract scaling unverified,QuantData
2026-08-17T16:00:00-04:00,2026-08-21,1180.0,call,0.0,0.0,,0.0,,,,,4047529.0,9502620.0,-5455091.0,-2303749.0,,2581076271.0,,,968.46,100.0,unknown,QuantData PER_ONE_DOLLAR_MOVE; exact dollar/contract scaling unverified,QuantData
2026-08-17T16:00:00-04:00,2026-08-21,1180.0,put,0.0,0.0,,0.0,,,,,4047529.0,9502620.0,-5455091.0,-2303749.0,,2581076271.0,,,968.46,100.0,unknown,QuantData PER_ONE_DOLLAR_MOVE; exact dollar/contract scaling unverified,QuantData
2026-08-17T16:00:00-04:00,2026-08-21,1190.0,call,4734.0,9547.0,,216608.0,,,,,4047529.0,9502620.0,-5455091.0,-2303749.0,,2581076271.0,,,968.46,100.0,unknown,QuantData PER_ONE_DOLLAR_MOVE; exact dollar/contract scaling unverified,QuantData
2026-08-17T16:00:00-04:00,2026-08-21,1190.0,put,0.0,0.0,,0.0,,,,,4047529.0,9502620.0,-5455091.0,-2303749.0,,2581076271.0,,,968.46,100.0,unknown,QuantData PER_ONE_DOLLAR_MOVE; exact dollar/contract scaling unverified,QuantData
2026-08-17T16:00:00-04:00,2026-08-21,1200.0,call,63661.0,128315.0,,3018532.0,,,,,4047529.0,9502620.0,-5455091.0,-2303749.0,,2581076271.0,,,968.46,100.0,unknown,QuantData PER_ONE_DOLLAR_MOVE; exact dollar/contract scaling unverified,QuantData
2026-08-17T16:00:00-04:00,2026-08-21,1200.0,put,-685.0,1381.0,,-856753.0,,,,,4047529.0,9502620.0,-5455091.0,-2303749.0,,2581076271.0,,,968.46,100.0,unknown,QuantData PER_ONE_DOLLAR_MOVE; exact dollar/contract scaling unverified,QuantData
2026-08-17T16:00:00-04:00,2026-08-21,1210.0,call,12534.0,25830.0,,594801.0,,,,,4047529.0,9502620.0,-5455091.0,-2303749.0,,2581076271.0,,,968.46,100.0,unknown,QuantData PER_ONE_DOLLAR_MOVE; exact dollar/contract scaling unverified,QuantData
2026-08-17T16:00:00-04:00,2026-08-21,1210.0,put,0.0,0.0,,0.0,,,,,4047529.0,9502620.0,-5455091.0,-2303749.0,,2581076271.0,,,968.46,100.0,unknown,QuantData PER_ONE_DOLLAR_MOVE; exact dollar/contract scaling unverified,QuantData
2026-08-17T16:00:00-04:00,2026-08-21,1220.0,call,487.0,1060.0,,21779.0,,,,,4047529.0,9502620.0,-5455091.0,-2303749.0,,2581076271.0,,,968.46,100.0,unknown,QuantData PER_ONE_DOLLAR_MOVE; exact dollar/contract scaling unverified,QuantData
2026-08-17T16:00:00-04:00,2026-08-21,1220.0,put,0.0,0.0,,0.0,,,,,4047529.0,9502620.0,-5455091.0,-2303749.0,,2581076271.0,,,968.46,100.0,unknown,QuantData PER_ONE_DOLLAR_MOVE; exact dollar/contract scaling unverified,QuantData
2026-08-17T16:00:00-04:00,2026-08-21,1230.0,call,2137.0,4799.0,,93255.0,,,,,4047529.0,9502620.0,-5455091.0,-2303749.0,,2581076271.0,,,968.46,100.0,unknown,QuantData PER_ONE_DOLLAR_MOVE; exact dollar/contract scaling unverified,QuantData
2026-08-17T16:00:00-04:00,2026-08-21,1230.0,put,0.0,0.0,,0.0,,,,,4047529.0,9502620.0,-5455091.0,-2303749.0,,2581076271.0,,,968.46,100.0,unknown,QuantData PER_ONE_DOLLAR_MOVE; exact dollar/contract scaling unverified,QuantData
2026-08-17T16:00:00-04:00,2026-08-21,1240.0,call,4318.0,9695.0,,194327.0,,,,,4047529.0,9502620.0,-5455091.0,-2303749.0,,2581076271.0,,,968.46,100.0,unknown,QuantData PER_ONE_DOLLAR_MOVE; exact dollar/contract scaling unverified,QuantData
2026-08-17T16:00:00-04:00,2026-08-21,1240.0,put,0.0,0.0,,0.0,,,,,4047529.0,9502620.0,-5455091.0,-2303749.0,,2581076271.0,,,968.46,100.0,unknown,QuantData PER_ONE_DOLLAR_MOVE; exact dollar/contract scaling unverified,QuantData
2026-08-17T16:00:00-04:00,2026-08-21,1250.0,call,4632.0,10713.0,,205224.0,,,,,4047529.0,9502620.0,-5455091.0,-2303749.0,,2581076271.0,,,968.46,100.0,unknown,QuantData PER_ONE_DOLLAR_MOVE; exact dollar/contract scaling unverified,QuantData
2026-08-17T16:00:00-04:00,2026-08-21,1250.0,put,0.0,0.0,,0.0,,,,,4047529.0,9502620.0,-5455091.0,-2303749.0,,2581076271.0,,,968.46,100.0,unknown,QuantData PER_ONE_DOLLAR_MOVE; exact dollar/contract scaling unverified,QuantData
2026-08-17T16:00:00-04:00,2026-08-21,1260.0,call,3241.0,7100.0,,164948.0,,,,,4047529.0,9502620.0,-5455091.0,-2303749.0,,2581076271.0,,,968.46,100.0,unknown,QuantData PER_ONE_DOLLAR_MOVE; exact dollar/contract scaling unverified,QuantData
2026-08-17T16:00:00-04:00,2026-08-21,1260.0,put,0.0,0.0,,0.0,,,,,4047529.0,9502620.0,-5455091.0,-2303749.0,,2581076271.0,,,968.46,100.0,unknown,QuantData PER_ONE_DOLLAR_MOVE; exact dollar/contract scaling unverified,QuantData
2026-08-17T16:00:00-04:00,2026-08-21,1270.0,call,2374.0,5313.0,,119774.0,,,,,4047529.0,9502620.0,-5455091.0,-2303749.0,,2581076271.0,,,968.46,100.0,unknown,QuantData PER_ONE_DOLLAR_MOVE; exact dollar/contract scaling unverified,QuantData
2026-08-17T16:00:00-04:00,2026-08-21,1270.0,put,0.0,0.0,,0.0,,,,,4047529.0,9502620.0,-5455091.0,-2303749.0,,2581076271.0,,,968.46,100.0,unknown,QuantData PER_ONE_DOLLAR_MOVE; exact dollar/contract scaling unverified,QuantData
2026-08-17T16:00:00-04:00,2026-08-21,1280.0,call,1816.0,4537.0,,79376.0,,,,,4047529.0,9502620.0,-5455091.0,-2303749.0,,2581076271.0,,,968.46,100.0,unknown,QuantData PER_ONE_DOLLAR_MOVE; exact dollar/contract scaling unverified,QuantData
2026-08-17T16:00:00-04:00,2026-08-21,1280.0,put,0.0,0.0,,0.0,,,,,4047529.0,9502620.0,-5455091.0,-2303749.0,,2581076271.0,,,968.46,100.0,unknown,QuantData PER_ONE_DOLLAR_MOVE; exact dollar/contract scaling unverified,QuantData
2026-08-17T16:00:00-04:00,2026-08-21,1290.0,call,1554.0,3898.0,,67406.0,,,,,4047529.0,9502620.0,-5455091.0,-2303749.0,,2581076271.0,,,968.46,100.0,unknown,QuantData PER_ONE_DOLLAR_MOVE; exact dollar/contract scaling unverified,QuantData
2026-08-17T16:00:00-04:00,2026-08-21,1290.0,put,0.0,0.0,,0.0,,,,,4047529.0,9502620.0,-5455091.0,-2303749.0,,2581076271.0,,,968.46,100.0,unknown,QuantData PER_ONE_DOLLAR_MOVE; exact dollar/contract scaling unverified,QuantData
2026-08-17T16:00:00-04:00,2026-08-21,1300.0,call,2660.0,6473.0,,124935.0,,,,,4047529.0,9502620.0,-5455091.0,-2303749.0,,2581076271.0,,,968.46,100.0,unknown,QuantData PER_ONE_DOLLAR_MOVE; exact dollar/contract scaling unverified,QuantData
2026-08-17T16:00:00-04:00,2026-08-21,1300.0,put,0.0,0.0,,0.0,,,,,4047529.0,9502620.0,-5455091.0,-2303749.0,,2581076271.0,,,968.46,100.0,unknown,QuantData PER_ONE_DOLLAR_MOVE; exact dollar/contract scaling unverified,QuantData
2026-08-17T16:00:00-04:00,2026-08-21,1310.0,call,4118.0,10567.0,,181941.0,,,,,4047529.0,9502620.0,-5455091.0,-2303749.0,,2581076271.0,,,968.46,100.0,unknown,QuantData PER_ONE_DOLLAR_MOVE; exact dollar/contract scaling unverified,QuantData
2026-08-17T16:00:00-04:00,2026-08-21,1310.0,put,0.0,0.0,,0.0,,,,,4047529.0,9502620.0,-5455091.0,-2303749.0,,2581076271.0,,,968.46,100.0,unknown,QuantData PER_ONE_DOLLAR_MOVE; exact dollar/contract scaling unverified,QuantData
2026-08-17T16:00:00-04:00,2026-08-21,1320.0,call,564.0,1409.0,,27289.0,,,,,4047529.0,9502620.0,-5455091.0,-2303749.0,,2581076271.0,,,968.46,100.0,unknown,QuantData PER_ONE_DOLLAR_MOVE; exact dollar/contract scaling unverified,QuantData
2026-08-17T16:00:00-04:00,2026-08-21,1320.0,put,0.0,0.0,,0.0,,,,,4047529.0,9502620.0,-5455091.0,-2303749.0,,2581076271.0,,,968.46,100.0,unknown,QuantData PER_ONE_DOLLAR_MOVE; exact dollar/contract scaling unverified,QuantData
2026-08-17T16:00:00-04:00,2026-08-21,1330.0,call,1598.0,4205.0,,71097.0,,,,,4047529.0,9502620.0,-5455091.0,-2303749.0,,2581076271.0,,,968.46,100.0,unknown,QuantData PER_ONE_DOLLAR_MOVE; exact dollar/contract scaling unverified,QuantData
2026-08-17T16:00:00-04:00,2026-08-21,1330.0,put,0.0,0.0,,0.0,,,,,4047529.0,9502620.0,-5455091.0,-2303749.0,,2581076271.0,,,968.46,100.0,unknown,QuantData PER_ONE_DOLLAR_MOVE; exact dollar/contract scaling unverified,QuantData
2026-08-17T16:00:00-04:00,2026-08-21,1380.0,call,927.0,2648.0,,41311.0,,,,,4047529.0,9502620.0,-5455091.0,-2303749.0,,2581076271.0,,,968.46,100.0,unknown,QuantData PER_ONE_DOLLAR_MOVE; exact dollar/contract scaling unverified,QuantData
2026-08-17T16:00:00-04:00,2026-08-21,1380.0,put,0.0,0.0,,0.0,,,,,4047529.0,9502620.0,-5455091.0,-2303749.0,,2581076271.0,,,968.46,100.0,unknown,QuantData PER_ONE_DOLLAR_MOVE; exact dollar/contract scaling unverified,QuantData
2026-08-17T16:00:00-04:00,2026-08-21,1400.0,call,1933.0,5542.0,,84199.0,,,,,4047529.0,9502620.0,-5455091.0,-2303749.0,,2581076271.0,,,968.46,100.0,unknown,QuantData PER_ONE_DOLLAR_MOVE; exact dollar/contract scaling unverified,QuantData
2026-08-17T16:00:00-04:00,2026-08-21,1400.0,put,0.0,0.0,,0.0,,,,,4047529.0,9502620.0,-5455091.0,-2303749.0,,2581076271.0,,,968.46,100.0,unknown,QuantData PER_ONE_DOLLAR_MOVE; exact dollar/contract scaling unverified,QuantData
2026-08-17T16:00:00-04:00,2026-08-21,1410.0,call,1030.0,3300.0,,38086.0,,,,,4047529.0,9502620.0,-5455091.0,-2303749.0,,2581076271.0,,,968.46,100.0,unknown,QuantData PER_ONE_DOLLAR_MOVE; exact dollar/contract scaling unverified,QuantData
2026-08-17T16:00:00-04:00,2026-08-21,1410.0,put,0.0,0.0,,0.0,,,,,4047529.0,9502620.0,-5455091.0,-2303749.0,,2581076271.0,,,968.46,100.0,unknown,QuantData PER_ONE_DOLLAR_MOVE; exact dollar/contract scaling unverified,QuantData
2026-08-17T16:00:00-04:00,2026-08-21,1420.0,call,105.0,320.0,,4529.0,,,,,4047529.0,9502620.0,-5455091.0,-2303749.0,,2581076271.0,,,968.46,100.0,unknown,QuantData PER_ONE_DOLLAR_MOVE; exact dollar/contract scaling unverified,QuantData
2026-08-17T16:00:00-04:00,2026-08-21,1420.0,put,0.0,0.0,,0.0,,,,,4047529.0,9502620.0,-5455091.0,-2303749.0,,2581076271.0,,,968.46,100.0,unknown,QuantData PER_ONE_DOLLAR_MOVE; exact dollar/contract scaling unverified,QuantData
2026-08-17T16:00:00-04:00,2026-08-21,1600.0,call,408.0,1552.0,,14956.0,,,,,4047529.0,9502620.0,-5455091.0,-2303749.0,,2581076271.0,,,968.46,100.0,unknown,QuantData PER_ONE_DOLLAR_MOVE; exact dollar/contract scaling unverified,QuantData
2026-08-17T16:00:00-04:00,2026-08-21,1600.0,put,0.0,0.0,,0.0,,,,,4047529.0,9502620.0,-5455091.0,-2303749.0,,2581076271.0,,,968.46,100.0,unknown,QuantData PER_ONE_DOLLAR_MOVE; exact dollar/contract scaling unverified,QuantData
2026-08-17T16:00:00-04:00,2026-08-28,380.0,call,0.0,0.0,,0.0,,,,,4047529.0,9502620.0,-5455091.0,-2303749.0,,2581076271.0,,,968.46,100.0,unknown,QuantData PER_ONE_DOLLAR_MOVE; exact dollar/contract scaling unverified,QuantData
2026-08-17T16:00:00-04:00,2026-08-28,380.0,put,-159.0,-632.0,,-18910.0,,,,,4047529.0,9502620.0,-5455091.0,-2303749.0,,2581076271.0,,,968.46,100.0,unknown,QuantData PER_ONE_DOLLAR_MOVE; exact dollar/contract scaling unverified,QuantData
2026-08-17T16:00:00-04:00,2026-08-28,440.0,call,8.0,-25.0,,93662.0,,,,,4047529.0,9502620.0,-5455091.0,-2303749.0,,2581076271.0,,,968.46,100.0,unknown,QuantData PER_ONE_DOLLAR_MOVE; exact dollar/contract scaling unverified,QuantData
2026-08-17T16:00:00-04:00,2026-08-28,440.0,put,0.0,0.0,,0.0,,,,,4047529.0,9502620.0,-5455091.0,-2303749.0,,2581076271.0,,,968.46,100.0,unknown,QuantData PER_ONE_DOLLAR_MOVE; exact dollar/contract scaling unverified,QuantData
2026-08-17T16:00:00-04:00,2026-08-28,460.0,call,0.0,0.0,,187566.0,,,,,4047529.0,9502620.0,-5455091.0,-2303749.0,,2581076271.0,,,968.46,100.0,unknown,QuantData PER_ONE_DOLLAR_MOVE; exact dollar/contract scaling unverified,QuantData
2026-08-17T16:00:00-04:00,2026-08-28,460.0,put,0.0,0.0,,0.0,,,,,4047529.0,9502620.0,-5455091.0,-2303749.0,,2581076271.0,,,968.46,100.0,unknown,QuantData PER_ONE_DOLLAR_MOVE; exact dollar/contract scaling unverified,QuantData
2026-08-17T16:00:00-04:00,2026-08-28,500.0,call,0.0,0.0,,0.0,,,,,4047529.0,9502620.0,-5455091.0,-2303749.0,,2581076271.0,,,968.46,100.0,unknown,QuantData PER_ONE_DOLLAR_MOVE; exact dollar/contract scaling unverified,QuantData
2026-08-17T16:00:00-04:00,2026-08-28,500.0,put,-40.0,-193.0,,-2576.0,,,,,4047529.0,9502620.0,-5455091.0,-2303749.0,,2581076271.0,,,968.46,100.0,unknown,QuantData PER_ONE_DOLLAR_MOVE; exact dollar/contract scaling unverified,QuantData
2026-08-17T16:00:00-04:00,2026-08-28,535.0,call,0.0,0.0,,0.0,,,,,4047529.0,9502620.0,-5455091.0,-2303749.0,,2581076271.0,,,968.46,100.0,unknown,QuantData PER_ONE_DOLLAR_MOVE; exact dollar/contract scaling unverified,QuantData
2026-08-17T16:00:00-04:00,2026-08-28,535.0,put,-276.0,-832.0,,-33166.0,,,,,4047529.0,9502620.0,-5455091.0,-2303749.0,,2581076271.0,,,968.46,100.0,unknown,QuantData PER_ONE_DOLLAR_MOVE; exact dollar/contract scaling unverified,QuantData
2026-08-17T16:00:00-04:00,2026-08-28,545.0,call,0.0,0.0,,0.0,,,,,4047529.0,9502620.0,-5455091.0,-2303749.0,,2581076271.0,,,968.46,100.0,unknown,QuantData PER_ONE_DOLLAR_MOVE; exact dollar/contract scaling unverified,QuantData
2026-08-17T16:00:00-04:00,2026-08-28,545.0,put,-140.0,-668.0,,-9044.0,,,,,4047529.0,9502620.0,-5455091.0,-2303749.0,,2581076271.0,,,968.46,100.0,unknown,QuantData PER_ONE_DOLLAR_MOVE; exact dollar/contract scaling unverified,QuantData
2026-08-17T16:00:00-04:00,2026-08-28,550.0,call,0.0,0.0,,189090.0,,,,,4047529.0,9502620.0,-5455091.0,-2303749.0,,2581076271.0,,,968.46,100.0,unknown,QuantData PER_ONE_DOLLAR_MOVE; exact dollar/contract scaling unverified,QuantData
2026-08-17T16:00:00-04:00,2026-08-28,550.0,put,-225.0,-1116.0,,-12326.0,,,,,4047529.0,9502620.0,-5455091.0,-2303749.0,,2581076271.0,,,968.46,100.0,unknown,QuantData PER_ONE_DOLLAR_MOVE; exact dollar/contract scaling unverified,QuantData
2026-08-17T16:00:00-04:00,2026-08-28,555.0,call,0.0,0.0,,187018.0,,,,,4047529.0,9502620.0,-5455091.0,-2303749.0,,2581076271.0,,,968.46,100.0,unknown,QuantData PER_ONE_DOLLAR_MOVE; exact dollar/contract scaling unverified,QuantData
2026-08-17T16:00:00-04:00,2026-08-28,555.0,put,0.0,0.0,,0.0,,,,,4047529.0,9502620.0,-5455091.0,-2303749.0,,2581076271.0,,,968.46,100.0,unknown,QuantData PER_ONE_DOLLAR_MOVE; exact dollar/contract scaling unverified,QuantData
2026-08-17T16:00:00-04:00,2026-08-28,570.0,call,0.0,0.0,,0.0,,,,,4047529.0,9502620.0,-5455091.0,-2303749.0,,2581076271.0,,,968.46,100.0,unknown,QuantData PER_ONE_DOLLAR_MOVE; exact dollar/contract scaling unverified,QuantData
2026-08-17T16:00:00-04:00,2026-08-28,570.0,put,-269.0,-1169.0,,-15739.0,,,,,4047529.0,9502620.0,-5455091.0,-2303749.0,,2581076271.0,,,968.46,100.0,unknown,QuantData PER_ONE_DOLLAR_MOVE; exact dollar/contract scaling unverified,QuantData
2026-08-17T16:00:00-04:00,2026-08-28,600.0,call,32.0,-106.0,,194911.0,,,,,4047529.0,9502620.0,-5455091.0,-2303749.0,,2581076271.0,,,968.46,100.0,unknown,QuantData PER_ONE_DOLLAR_MOVE; exact dollar/contract scaling unverified,QuantData
2026-08-17T16:00:00-04:00,2026-08-28,600.0,put,-1119.0,-4895.0,,-69961.0,,,,,4047529.0,9502620.0,-5455091.0,-2303749.0,,2581076271.0,,,968.46,100.0,unknown,QuantData PER_ONE_DOLLAR_MOVE; exact dollar/contract scaling unverified,QuantData
2026-08-17T16:00:00-04:00,2026-08-28,625.0,call,0.0,0.0,,0.0,,,,,4047529.0,9502620.0,-5455091.0,-2303749.0,,2581076271.0,,,968.46,100.0,unknown,QuantData PER_ONE_DOLLAR_MOVE; exact dollar/contract scaling unverified,QuantData
2026-08-17T16:00:00-04:00,2026-08-28,625.0,put,-1081.0,-4561.0,,-65307.0,,,,,4047529.0,9502620.0,-5455091.0,-2303749.0,,2581076271.0,,,968.46,100.0,unknown,QuantData PER_ONE_DOLLAR_MOVE; exact dollar/contract scaling unverified,QuantData
2026-08-17T16:00:00-04:00,2026-08-28,630.0,call,0.0,0.0,,0.0,,,,,4047529.0,9502620.0,-5455091.0,-2303749.0,,2581076271.0,,,968.46,100.0,unknown,QuantData PER_ONE_DOLLAR_MOVE; exact dollar/contract scaling unverified,QuantData
2026-08-17T16:00:00-04:00,2026-08-28,630.0,put,-1485.0,-6145.0,,-92385.0,,,,,4047529.0,9502620.0,-5455091.0,-2303749.0,,2581076271.0,,,968.46,100.0,unknown,QuantData PER_ONE_DOLLAR_MOVE; exact dollar/contract scaling unverified,QuantData
2026-08-17T16:00:00-04:00,2026-08-28,640.0,call,0.0,0.0,,0.0,,,,,4047529.0,9502620.0,-5455091.0,-2303749.0,,2581076271.0,,,968.46,100.0,unknown,QuantData PER_ONE_DOLLAR_MOVE; exact dollar/contract scaling unverified,QuantData
2026-08-17T16:00:00-04:00,2026-08-28,640.0,put,-356.0,-1428.0,,-22410.0,,,,,4047529.0,9502620.0,-5455091.0,-2303749.0,,2581076271.0,,,968.46,100.0,unknown,QuantData PER_ONE_DOLLAR_MOVE; exact dollar/contract scaling unverified,QuantData
2026-08-17T16:00:00-04:00,2026-08-28,650.0,call,0.0,0.0,,0.0,,,,,4047529.0,9502620.0,-5455091.0,-2303749.0,,2581076271.0,,,968.46,100.0,unknown,QuantData PER_ONE_DOLLAR_MOVE; exact dollar/contract scaling unverified,QuantData
2026-08-17T16:00:00-04:00,2026-08-28,650.0,put,-1722.0,-6742.0,,-104700.0,,,,,4047529.0,9502620.0,-5455091.0,-2303749.0,,2581076271.0,,,968.46,100.0,unknown,QuantData PER_ONE_DOLLAR_MOVE; exact dollar/contract scaling unverified,QuantData
2026-08-17T16:00:00-04:00,2026-08-28,670.0,call,0.0,0.0,,0.0,,,,,4047529.0,9502620.0,-5455091.0,-2303749.0,,2581076271.0,,,968.46,100.0,unknown,QuantData PER_ONE_DOLLAR_MOVE; exact dollar/contract scaling unverified,QuantData
2026-08-17T16:00:00-04:00,2026-08-28,670.0,put,-384.0,-1416.0,,-25930.0,,,,,4047529.0,9502620.0,-5455091.0,-2303749.0,,2581076271.0,,,968.46,100.0,unknown,QuantData PER_ONE_DOLLAR_MOVE; exact dollar/contract scaling unverified,QuantData
2026-08-17T16:00:00-04:00,2026-08-28,680.0,call,279.0,-806.0,,736904.0,,,,,4047529.0,9502620.0,-5455091.0,-2303749.0,,2581076271.0,,,968.46,100.0,unknown,QuantData PER_ONE_DOLLAR_MOVE; exact dollar/contract scaling unverified,QuantData
2026-08-17T16:00:00-04:00,2026-08-28,680.0,put,-953.0,-3176.0,,-62253.0,,,,,4047529.0,9502620.0,-5455091.0,-2303749.0,,2581076271.0,,,968.46,100.0,unknown,QuantData PER_ONE_DOLLAR_MOVE; exact dollar/contract scaling unverified,QuantData
2026-08-17T16:00:00-04:00,2026-08-28,685.0,call,0.0,0.0,,0.0,,,,,4047529.0,9502620.0,-5455091.0,-2303749.0,,2581076271.0,,,968.46,100.0,unknown,QuantData PER_ONE_DOLLAR_MOVE; exact dollar/contract scaling unverified,QuantData
2026-08-17T16:00:00-04:00,2026-08-28,685.0,put,-1074.0,-3576.0,,-71105.0,,,,,4047529.0,9502620.0,-5455091.0,-2303749.0,,2581076271.0,,,968.46,100.0,unknown,QuantData PER_ONE_DOLLAR_MOVE; exact dollar/contract scaling unverified,QuantData
2026-08-17T16:00:00-04:00,2026-08-28,690.0,call,0.0,0.0,,0.0,,,,,4047529.0,9502620.0,-5455091.0,-2303749.0,,2581076271.0,,,968.46,100.0,unknown,QuantData PER_ONE_DOLLAR_MOVE; exact dollar/contract scaling unverified,QuantData
2026-08-17T16:00:00-04:00,2026-08-28,690.0,put,-1300.0,-4353.0,,-86061.0,,,,,4047529.0,9502620.0,-5455091.0,-2303749.0,,2581076271.0,,,968.46,100.0,unknown,QuantData PER_ONE_DOLLAR_MOVE; exact dollar/contract scaling unverified,QuantData
2026-08-17T16:00:00-04:00,2026-08-28,695.0,call,0.0,0.0,,0.0,,,,,4047529.0,9502620.0,-5455091.0,-2303749.0,,2581076271.0,,,968.46,100.0,unknown,QuantData PER_ONE_DOLLAR_MOVE; exact dollar/contract scaling unverified,QuantData
2026-08-17T16:00:00-04:00,2026-08-28,695.0,put,-853.0,-2839.0,,-54687.0,,,,,4047529.0,9502620.0,-5455091.0,-2303749.0,,2581076271.0,,,968.46,100.0,unknown,QuantData PER_ONE_DOLLAR_MOVE; exact dollar/contract scaling unverified,QuantData
2026-08-17T16:00:00-04:00,2026-08-28,700.0,call,3971.0,-11708.0,,11157024.0,,,,,4047529.0,9502620.0,-5455091.0,-2303749.0,,2581076271.0,,,968.46,100.0,unknown,QuantData PER_ONE_DOLLAR_MOVE; exact dollar/contract scaling unverified,QuantData
2026-08-17T16:00:00-04:00,2026-08-28,700.0,put,-5322.0,-17724.0,,-338106.0,,,,,4047529.0,9502620.0,-5455091.0,-2303749.0,,2581076271.0,,,968.46,100.0,unknown,QuantData PER_ONE_DOLLAR_MOVE; exact dollar/contract scaling unverified,QuantData
2026-08-17T16:00:00-04:00,2026-08-28,710.0,call,0.0,0.0,,0.0,,,,,4047529.0,9502620.0,-5455091.0,-2303749.0,,2581076271.0,,,968.46,100.0,unknown,QuantData PER_ONE_DOLLAR_MOVE; exact dollar/contract scaling unverified,QuantData
2026-08-17T16:00:00-04:00,2026-08-28,710.0,put,-302.0,-969.0,,-19399.0,,,,,4047529.0,9502620.0,-5455091.0,-2303749.0,,2581076271.0,,,968.46,100.0,unknown,QuantData PER_ONE_DOLLAR_MOVE; exact dollar/contract scaling unverified,QuantData
2026-08-17T16:00:00-04:00,2026-08-28,720.0,call,0.0,0.0,,0.0,,,,,4047529.0,9502620.0,-5455091.0,-2303749.0,,2581076271.0,,,968.46,100.0,unknown,QuantData PER_ONE_DOLLAR_MOVE; exact dollar/contract scaling unverified,QuantData
2026-08-17T16:00:00-04:00,2026-08-28,720.0,put,-1365.0,-4034.0,,-95005.0,,,,,4047529.0,9502620.0,-5455091.0,-2303749.0,,2581076271.0,,,968.46,100.0,unknown,QuantData PER_ONE_DOLLAR_MOVE; exact dollar/contract scaling unverified,QuantData
2026-08-17T16:00:00-04:00,2026-08-28,725.0,call,0.0,0.0,,0.0,,,,,4047529.0,9502620.0,-5455091.0,-2303749.0,,2581076271.0,,,968.46,100.0,unknown,QuantData PER_ONE_DOLLAR_MOVE; exact dollar/contract scaling unverified,QuantData
2026-08-17T16:00:00-04:00,2026-08-28,725.0,put,-1423.0,-4302.0,,-101224.0,,,,,4047529.0,9502620.0,-5455091.0,-2303749.0,,2581076271.0,,,968.46,100.0,unknown,QuantData PER_ONE_DOLLAR_MOVE; exact dollar/contract scaling unverified,QuantData
2026-08-17T16:00:00-04:00,2026-08-28,730.0,call,390.0,-1104.0,,861325.0,,,,,4047529.0,9502620.0,-5455091.0,-2303749.0,,2581076271.0,,,968.46,100.0,unknown,QuantData PER_ONE_DOLLAR_MOVE; exact dollar/contract scaling unverified,QuantData
2026-08-17T16:00:00-04:00,2026-08-28,730.0,put,-1763.0,-5051.0,,-123443.0,,,,,4047529.0,9502620.0,-5455091.0,-2303749.0,,2581076271.0,,,968.46,100.0,unknown,QuantData PER_ONE_DOLLAR_MOVE; exact dollar/contract scaling unverified,QuantData
2026-08-17T16:00:00-04:00,2026-08-28,735.0,call,0.0,0.0,,0.0,,,,,4047529.0,9502620.0,-5455091.0,-2303749.0,,2581076271.0,,,968.46,100.0,unknown,QuantData PER_ONE_DOLLAR_MOVE; exact dollar/contract scaling unverified,QuantData
2026-08-17T16:00:00-04:00,2026-08-28,735.0,put,-1030.0,-2871.0,,-73046.0,,,,,4047529.0,9502620.0,-5455091.0,-2303749.0,,2581076271.0,,,968.46,100.0,unknown,QuantData PER_ONE_DOLLAR_MOVE; exact dollar/contract scaling unverified,QuantData
2026-08-17T16:00:00-04:00,2026-08-28,740.0,call,0.0,0.0,,0.0,,,,,4047529.0,9502620.0,-5455091.0,-2303749.0,,2581076271.0,,,968.46,100.0,unknown,QuantData PER_ONE_DOLLAR_MOVE; exact dollar/contract scaling unverified,QuantData
2026-08-17T16:00:00-04:00,2026-08-28,740.0,put,-1643.0,-4711.0,,-117211.0,,,,,4047529.0,9502620.0,-5455091.0,-2303749.0,,2581076271.0,,,968.46,100.0,unknown,QuantData PER_ONE_DOLLAR_MOVE; exact dollar/contract scaling unverified,QuantData
2026-08-17T16:00:00-04:00,2026-08-28,745.0,call,0.0,0.0,,0.0,,,,,4047529.0,9502620.0,-5455091.0,-2303749.0,,2581076271.0,,,968.46,100.0,unknown,QuantData PER_ONE_DOLLAR_MOVE; exact dollar/contract scaling unverified,QuantData
2026-08-17T16:00:00-04:00,2026-08-28,745.0,put,-1825.0,-5337.0,,-132282.0,,,,,4047529.0,9502620.0,-5455091.0,-2303749.0,,2581076271.0,,,968.46,100.0,unknown,QuantData PER_ONE_DOLLAR_MOVE; exact dollar/contract scaling unverified,QuantData
2026-08-17T16:00:00-04:00,2026-08-28,750.0,call,0.0,0.0,,0.0,,,,,4047529.0,9502620.0,-5455091.0,-2303749.0,,2581076271.0,,,968.46,100.0,unknown,QuantData PER_ONE_DOLLAR_MOVE; exact dollar/contract scaling unverified,QuantData
2026-08-17T16:00:00-04:00,2026-08-28,750.0,put,-15768.0,-40928.0,,-1183069.0,,,,,4047529.0,9502620.0,-5455091.0,-2303749.0,,2581076271.0,,,968.46,100.0,unknown,QuantData PER_ONE_DOLLAR_MOVE; exact dollar/contract scaling unverified,QuantData
2026-08-17T16:00:00-04:00,2026-08-28,755.0,call,0.0,0.0,,0.0,,,,,4047529.0,9502620.0,-5455091.0,-2303749.0,,2581076271.0,,,968.46,100.0,unknown,QuantData PER_ONE_DOLLAR_MOVE; exact dollar/contract scaling unverified,QuantData
2026-08-17T16:00:00-04:00,2026-08-28,755.0,put,-3218.0,-9027.0,,-233366.0,,,,,4047529.0,9502620.0,-5455091.0,-2303749.0,,2581076271.0,,,968.46,100.0,unknown,QuantData PER_ONE_DOLLAR_MOVE; exact dollar/contract scaling unverified,QuantData
2026-08-17T16:00:00-04:00,2026-08-28,760.0,call,0.0,0.0,,0.0,,,,,4047529.0,9502620.0,-5455091.0,-2303749.0,,2581076271.0,,,968.46,100.0,unknown,QuantData PER_ONE_DOLLAR_MOVE; exact dollar/contract scaling unverified,QuantData
2026-08-17T16:00:00-04:00,2026-08-28,760.0,put,-4317.0,-11451.0,,-332137.0,,,,,4047529.0,9502620.0,-5455091.0,-2303749.0,,2581076271.0,,,968.46,100.0,unknown,QuantData PER_ONE_DOLLAR_MOVE; exact dollar/contract scaling unverified,QuantData
2026-08-17T16:00:00-04:00,2026-08-28,765.0,call,0.0,0.0,,0.0,,,,,4047529.0,9502620.0,-5455091.0,-2303749.0,,2581076271.0,,,968.46,100.0,unknown,QuantData PER_ONE_DOLLAR_MOVE; exact dollar/contract scaling unverified,QuantData
2026-08-17T16:00:00-04:00,2026-08-28,765.0,put,-1230.0,-3203.0,,-94814.0,,,,,4047529.0,9502620.0,-5455091.0,-2303749.0,,2581076271.0,,,968.46,100.0,unknown,QuantData PER_ONE_DOLLAR_MOVE; exact dollar/contract scaling unverified,QuantData
2026-08-17T16:00:00-04:00,2026-08-28,770.0,call,1060.0,-2520.0,,1276384.0,,,,,4047529.0,9502620.0,-5455091.0,-2303749.0,,2581076271.0,,,968.46,100.0,unknown,QuantData PER_ONE_DOLLAR_MOVE; exact dollar/contract scaling unverified,QuantData
2026-08-17T16:00:00-04:00,2026-08-28,770.0,put,-3816.0,-9882.0,,-299105.0,,,,,4047529.0,9502620.0,-5455091.0,-2303749.0,,2581076271.0,,,968.46,100.0,unknown,QuantData PER_ONE_DOLLAR_MOVE; exact dollar/contract scaling unverified,QuantData
2026-08-17T16:00:00-04:00,2026-08-28,775.0,call,0.0,0.0,,0.0,,,,,4047529.0,9502620.0,-5455091.0,-2303749.0,,2581076271.0,,,968.46,100.0,unknown,QuantData PER_ONE_DOLLAR_MOVE; exact dollar/contract scaling unverified,QuantData
2026-08-17T16:00:00-04:00,2026-08-28,775.0,put,-3350.0,-7729.0,,-267642.0,,,,,4047529.0,9502620.0,-5455091.0,-2303749.0,,2581076271.0,,,968.46,100.0,unknown,QuantData PER_ONE_DOLLAR_MOVE; exact dollar/contract scaling unverified,QuantData
2026-08-17T16:00:00-04:00,2026-08-28,780.0,call,0.0,0.0,,0.0,,,,,4047529.0,9502620.0,-5455091.0,-2303749.0,,2581076271.0,,,968.46,100.0,unknown,QuantData PER_ONE_DOLLAR_MOVE; exact dollar/contract scaling unverified,QuantData
2026-08-17T16:00:00-04:00,2026-08-28,780.0,put,-5608.0,-12513.0,,-446142.0,,,,,4047529.0,9502620.0,-5455091.0,-2303749.0,,2581076271.0,,,968.46,100.0,unknown,QuantData PER_ONE_DOLLAR_MOVE; exact dollar/contract scaling unverified,QuantData
2026-08-17T16:00:00-04:00,2026-08-28,785.0,call,0.0,0.0,,0.0,,,,,4047529.0,9502620.0,-5455091.0,-2303749.0,,2581076271.0,,,968.46,100.0,unknown,QuantData PER_ONE_DOLLAR_MOVE; exact dollar/contract scaling unverified,QuantData
2026-08-17T16:00:00-04:00,2026-08-28,785.0,put,-1998.0,-4752.0,,-161018.0,,,,,4047529.0,9502620.0,-5455091.0,-2303749.0,,2581076271.0,,,968.46,100.0,unknown,QuantData PER_ONE_DOLLAR_MOVE; exact dollar/contract scaling unverified,QuantData
2026-08-17T16:00:00-04:00,2026-08-28,790.0,call,0.0,0.0,,0.0,,,,,4047529.0,9502620.0,-5455091.0,-2303749.0,,2581076271.0,,,968.46,100.0,unknown,QuantData PER_ONE_DOLLAR_MOVE; exact dollar/contract scaling unverified,QuantData
2026-08-17T16:00:00-04:00,2026-08-28,790.0,put,-2712.0,-6223.0,,-224627.0,,,,,4047529.0,9502620.0,-5455091.0,-2303749.0,,2581076271.0,,,968.46,100.0,unknown,QuantData PER_ONE_DOLLAR_MOVE; exact dollar/contract scaling unverified,QuantData
2026-08-17T16:00:00-04:00,2026-08-28,795.0,call,0.0,0.0,,0.0,,,,,4047529.0,9502620.0,-5455091.0,-2303749.0,,2581076271.0,,,968.46,100.0,unknown,QuantData PER_ONE_DOLLAR_MOVE; exact dollar/contract scaling unverified,QuantData
2026-08-17T16:00:00-04:00,2026-08-28,795.0,put,-3757.0,-8761.0,,-308728.0,,,,,4047529.0,9502620.0,-5455091.0,-2303749.0,,2581076271.0,,,968.46,100.0,unknown,QuantData PER_ONE_DOLLAR_MOVE; exact dollar/contract scaling unverified,QuantData
2026-08-17T16:00:00-04:00,2026-08-28,800.0,call,2549.0,-5543.0,,2446242.0,,,,,4047529.0,9502620.0,-5455091.0,-2303749.0,,2581076271.0,,,968.46,100.0,unknown,QuantData PER_ONE_DOLLAR_MOVE; exact dollar/contract scaling unverified,QuantData
2026-08-17T16:00:00-04:00,2026-08-28,800.0,put,-18868.0,-38098.0,,-1548929.0,,,,,4047529.0,9502620.0,-5455091.0,-2303749.0,,2581076271.0,,,968.46,100.0,unknown,QuantData PER_ONE_DOLLAR_MOVE; exact dollar/contract scaling unverified,QuantData
2026-08-17T16:00:00-04:00,2026-08-28,805.0,call,2302.0,-4966.0,,2179540.0,,,,,4047529.0,9502620.0,-5455091.0,-2303749.0,,2581076271.0,,,968.46,100.0,unknown,QuantData PER_ONE_DOLLAR_MOVE; exact dollar/contract scaling unverified,QuantData
2026-08-17T16:00:00-04:00,2026-08-28,805.0,put,-9367.0,-17295.0,,-821981.0,,,,,4047529.0,9502620.0,-5455091.0,-2303749.0,,2581076271.0,,,968.46,100.0,unknown,QuantData PER_ONE_DOLLAR_MOVE; exact dollar/contract scaling unverified,QuantData
2026-08-17T16:00:00-04:00,2026-08-28,810.0,call,709.0,-1110.0,,408453.0,,,,,4047529.0,9502620.0,-5455091.0,-2303749.0,,2581076271.0,,,968.46,100.0,unknown,QuantData PER_ONE_DOLLAR_MOVE; exact dollar/contract scaling unverified,QuantData
2026-08-17T16:00:00-04:00,2026-08-28,810.0,put,-5212.0,-9826.0,,-435467.0,,,,,4047529.0,9502620.0,-5455091.0,-2303749.0,,2581076271.0,,,968.46,100.0,unknown,QuantData PER_ONE_DOLLAR_MOVE; exact dollar/contract scaling unverified,QuantData
2026-08-17T16:00:00-04:00,2026-08-28,815.0,call,1034.0,-2117.0,,902462.0,,,,,4047529.0,9502620.0,-5455091.0,-2303749.0,,2581076271.0,,,968.46,100.0,unknown,QuantData PER_ONE_DOLLAR_MOVE; exact dollar/contract scaling unverified,QuantData
2026-08-17T16:00:00-04:00,2026-08-28,815.0,put,-3811.0,-7531.0,,-333077.0,,,,,4047529.0,9502620.0,-5455091.0,-2303749.0,,2581076271.0,,,968.46,100.0,unknown,QuantData PER_ONE_DOLLAR_MOVE; exact dollar/contract scaling unverified,QuantData
2026-08-17T16:00:00-04:00,2026-08-28,820.0,call,0.0,0.0,,0.0,,,,,4047529.0,9502620.0,-5455091.0,-2303749.0,,2581076271.0,,,968.46,100.0,unknown,QuantData PER_ONE_DOLLAR_MOVE; exact dollar/contract scaling unverified,QuantData
2026-08-17T16:00:00-04:00,2026-08-28,820.0,put,-13455.0,-24545.0,,-1168632.0,,,,,4047529.0,9502620.0,-5455091.0,-2303749.0,,2581076271.0,,,968.46,100.0,unknown,QuantData PER_ONE_DOLLAR_MOVE; exact dollar/contract scaling unverified,QuantData
2026-08-17T16:00:00-04:00,2026-08-28,825.0,call,0.0,0.0,,0.0,,,,,4047529.0,9502620.0,-5455091.0,-2303749.0,,2581076271.0,,,968.46,100.0,unknown,QuantData PER_ONE_DOLLAR_MOVE; exact dollar/contract scaling unverified,QuantData
2026-08-17T16:00:00-04:00,2026-08-28,825.0,put,-4915.0,-8489.0,,-433618.0,,,,,4047529.0,9502620.0,-5455091.0,-2303749.0,,2581076271.0,,,968.46,100.0,unknown,QuantData PER_ONE_DOLLAR_MOVE; exact dollar/contract scaling unverified,QuantData
2026-08-17T16:00:00-04:00,2026-08-28,830.0,call,3088.0,-5709.0,,2195048.0,,,,,4047529.0,9502620.0,-5455091.0,-2303749.0,,2581076271.0,,,968.46,100.0,unknown,QuantData PER_ONE_DOLLAR_MOVE; exact dollar/contract scaling unverified,QuantData
2026-08-17T16:00:00-04:00,2026-08-28,830.0,put,-6892.0,-11112.0,,-623349.0,,,,,4047529.0,9502620.0,-5455091.0,-2303749.0,,2581076271.0,,,968.46,100.0,unknown,QuantData PER_ONE_DOLLAR_MOVE; exact dollar/contract scaling unverified,QuantData
2026-08-17T16:00:00-04:00,2026-08-28,835.0,call,0.0,0.0,,0.0,,,,,4047529.0,9502620.0,-5455091.0,-2303749.0,,2581076271.0,,,968.46,100.0,unknown,QuantData PER_ONE_DOLLAR_MOVE; exact dollar/contract scaling unverified,QuantData
2026-08-17T16:00:00-04:00,2026-08-28,835.0,put,-5842.0,-10174.0,,-543766.0,,,,,4047529.0,9502620.0,-5455091.0,-2303749.0,,2581076271.0,,,968.46,100.0,unknown,QuantData PER_ONE_DOLLAR_MOVE; exact dollar/contract scaling unverified,QuantData
2026-08-17T16:00:00-04:00,2026-08-28,840.0,call,1658.0,-2167.0,,789680.0,,,,,4047529.0,9502620.0,-5455091.0,-2303749.0,,2581076271.0,,,968.46,100.0,unknown,QuantData PER_ONE_DOLLAR_MOVE; exact dollar/contract scaling unverified,QuantData
2026-08-17T16:00:00-04:00,2026-08-28,840.0,put,-5661.0,-9038.0,,-527032.0,,,,,4047529.0,9502620.0,-5455091.0,-2303749.0,,2581076271.0,,,968.46,100.0,unknown,QuantData PER_ONE_DOLLAR_MOVE; exact dollar/contract scaling unverified,QuantData
2026-08-17T16:00:00-04:00,2026-08-28,845.0,call,8126.0,-13684.0,,4984503.0,,,,,4047529.0,9502620.0,-5455091.0,-2303749.0,,2581076271.0,,,968.46,100.0,unknown,QuantData PER_ONE_DOLLAR_MOVE; exact dollar/contract scaling unverified,QuantData
2026-08-17T16:00:00-04:00,2026-08-28,845.0,put,-28321.0,-41006.0,,-2709264.0,,,,,4047529.0,9502620.0,-5455091.0,-2303749.0,,2581076271.0,,,968.46,100.0,unknown,QuantData PER_ONE_DOLLAR_MOVE; exact dollar/contract scaling unverified,QuantData
2026-08-17T16:00:00-04:00,2026-08-28,847.5,call,0.0,0.0,,0.0,,,,,4047529.0,9502620.0,-5455091.0,-2303749.0,,2581076271.0,,,968.46,100.0,unknown,QuantData PER_ONE_DOLLAR_MOVE; exact dollar/contract scaling unverified,QuantData
2026-08-17T16:00:00-04:00,2026-08-28,847.5,put,-156.0,-228.0,,-15253.0,,,,,4047529.0,9502620.0,-5455091.0,-2303749.0,,2581076271.0,,,968.46,100.0,unknown,QuantData PER_ONE_DOLLAR_MOVE; exact dollar/contract scaling unverified,QuantData
2026-08-17T16:00:00-04:00,2026-08-28,850.0,call,12712.0,-15704.0,,5436437.0,,,,,4047529.0,9502620.0,-5455091.0,-2303749.0,,2581076271.0,,,968.46,100.0,unknown,QuantData PER_ONE_DOLLAR_MOVE; exact dollar/contract scaling unverified,QuantData
2026-08-17T16:00:00-04:00,2026-08-28,850.0,put,-14742.0,-20423.0,,-1433523.0,,,,,4047529.0,9502620.0,-5455091.0,-2303749.0,,2581076271.0,,,968.46,100.0,unknown,QuantData PER_ONE_DOLLAR_MOVE; exact dollar/contract scaling unverified,QuantData
2026-08-17T16:00:00-04:00,2026-08-28,852.5,call,0.0,0.0,,0.0,,,,,4047529.0,9502620.0,-5455091.0,-2303749.0,,2581076271.0,,,968.46,100.0,unknown,QuantData PER_ONE_DOLLAR_MOVE; exact dollar/contract scaling unverified,QuantData
2026-08-17T16:00:00-04:00,2026-08-28,852.5,put,-581.0,-922.0,,-56753.0,,,,,4047529.0,9502620.0,-5455091.0,-2303749.0,,2581076271.0,,,968.46,100.0,unknown,QuantData PER_ONE_DOLLAR_MOVE; exact dollar/contract scaling unverified,QuantData
2026-08-17T16:00:00-04:00,2026-08-28,855.0,call,0.0,0.0,,0.0,,,,,4047529.0,9502620.0,-5455091.0,-2303749.0,,2581076271.0,,,968.46,100.0,unknown,QuantData PER_ONE_DOLLAR_MOVE; exact dollar/contract scaling unverified,QuantData
2026-08-17T16:00:00-04:00,2026-08-28,855.0,put,-4257.0,-6402.0,,-422824.0,,,,,4047529.0,9502620.0,-5455091.0,-2303749.0,,2581076271.0,,,968.46,100.0,unknown,QuantData PER_ONE_DOLLAR_MOVE; exact dollar/contract scaling unverified,QuantData
2026-08-17T16:00:00-04:00,2026-08-28,857.5,call,0.0,0.0,,0.0,,,,,4047529.0,9502620.0,-5455091.0,-2303749.0,,2581076271.0,,,968.46,100.0,unknown,QuantData PER_ONE_DOLLAR_MOVE; exact dollar/contract scaling unverified,QuantData
2026-08-17T16:00:00-04:00,2026-08-28,857.5,put,0.0,0.0,,0.0,,,,,4047529.0,9502620.0,-5455091.0,-2303749.0,,2581076271.0,,,968.46,100.0,unknown,QuantData PER_ONE_DOLLAR_MOVE; exact dollar/contract scaling unverified,QuantData
2026-08-17T16:00:00-04:00,2026-08-28,860.0,call,11092.0,-16594.0,,5942242.0,,,,,4047529.0,9502620.0,-5455091.0,-2303749.0,,2581076271.0,,,968.46,100.0,unknown,QuantData PER_ONE_DOLLAR_MOVE; exact dollar/contract scaling unverified,QuantData
2026-08-17T16:00:00-04:00,2026-08-28,860.0,put,-4256.0,-5415.0,,-427922.0,,,,,4047529.0,9502620.0,-5455091.0,-2303749.0,,2581076271.0,,,968.46,100.0,unknown,QuantData PER_ONE_DOLLAR_MOVE; exact dollar/contract scaling unverified,QuantData
2026-08-17T16:00:00-04:00,2026-08-28,862.5,call,0.0,0.0,,0.0,,,,,4047529.0,9502620.0,-5455091.0,-2303749.0,,2581076271.0,,,968.46,100.0,unknown,QuantData PER_ONE_DOLLAR_MOVE; exact dollar/contract scaling unverified,QuantData
2026-08-17T16:00:00-04:00,2026-08-28,862.5,put,-337.0,-452.0,,-34274.0,,,,,4047529.0,9502620.0,-5455091.0,-2303749.0,,2581076271.0,,,968.46,100.0,unknown,QuantData PER_ONE_DOLLAR_MOVE; exact dollar/contract scaling unverified,QuantData
2026-08-17T16:00:00-04:00,2026-08-28,865.0,call,0.0,0.0,,0.0,,,,,4047529.0,9502620.0,-5455091.0,-2303749.0,,2581076271.0,,,968.46,100.0,unknown,QuantData PER_ONE_DOLLAR_MOVE; exact dollar/contract scaling unverified,QuantData
2026-08-17T16:00:00-04:00,2026-08-28,865.0,put,-3182.0,-4266.0,,-330046.0,,,,,4047529.0,9502620.0,-5455091.0,-2303749.0,,2581076271.0,,,968.46,100.0,unknown,QuantData PER_ONE_DOLLAR_MOVE; exact dollar/contract scaling unverified,QuantData
2026-08-17T16:00:00-04:00,2026-08-28,870.0,call,3928.0,-5149.0,,1860775.0,,,,,4047529.0,9502620.0,-5455091.0,-2303749.0,,2581076271.0,,,968.46,100.0,unknown,QuantData PER_ONE_DOLLAR_MOVE; exact dollar/contract scaling unverified,QuantData
2026-08-17T16:00:00-04:00,2026-08-28,870.0,put,-14159.0,-16039.0,,-1501041.0,,,,,4047529.0,9502620.0,-5455091.0,-2303749.0,,2581076271.0,,,968.46,100.0,unknown,QuantData PER_ONE_DOLLAR_MOVE; exact dollar/contract scaling unverified,QuantData
2026-08-17T16:00:00-04:00,2026-08-28,875.0,call,3211.0,-4209.0,,1454509.0,,,,,4047529.0,9502620.0,-5455091.0,-2303749.0,,2581076271.0,,,968.46,100.0,unknown,QuantData PER_ONE_DOLLAR_MOVE; exact dollar/contract scaling unverified,QuantData
2026-08-17T16:00:00-04:00,2026-08-28,875.0,put,-7829.0,-8350.0,,-844343.0,,,,,4047529.0,9502620.0,-5455091.0,-2303749.0,,2581076271.0,,,968.46,100.0,unknown,QuantData PER_ONE_DOLLAR_MOVE; exact dollar/contract scaling unverified,QuantData
2026-08-17T16:00:00-04:00,2026-08-28,880.0,call,7199.0,-8716.0,,3179927.0,,,,,4047529.0,9502620.0,-5455091.0,-2303749.0,,2581076271.0,,,968.46,100.0,unknown,QuantData PER_ONE_DOLLAR_MOVE; exact dollar/contract scaling unverified,QuantData
2026-08-17T16:00:00-04:00,2026-08-28,880.0,put,-31678.0,-31592.0,,-3500041.0,,,,,4047529.0,9502620.0,-5455091.0,-2303749.0,,2581076271.0,,,968.46,100.0,unknown,QuantData PER_ONE_DOLLAR_MOVE; exact dollar/contract scaling unverified,QuantData
2026-08-17T16:00:00-04:00,2026-08-28,890.0,call,5601.0,-5480.0,,2103905.0,,,,,4047529.0,9502620.0,-5455091.0,-2303749.0,,2581076271.0,,,968.46,100.0,unknown,QuantData PER_ONE_DOLLAR_MOVE; exact dollar/contract scaling unverified,QuantData
2026-08-17T16:00:00-04:00,2026-08-28,890.0,put,-10430.0,-9047.0,,-1206168.0,,,,,4047529.0,9502620.0,-5455091.0,-2303749.0,,2581076271.0,,,968.46,100.0,unknown,QuantData PER_ONE_DOLLAR_MOVE; exact dollar/contract scaling unverified,QuantData
2026-08-17T16:00:00-04:00,2026-08-28,895.0,call,1499.0,-1177.0,,496531.0,,,,,4047529.0,9502620.0,-5455091.0,-2303749.0,,2581076271.0,,,968.46,100.0,unknown,QuantData PER_ONE_DOLLAR_MOVE; exact dollar/contract scaling unverified,QuantData
2026-08-17T16:00:00-04:00,2026-08-28,895.0,put,-1994.0,-2064.0,,-224724.0,,,,,4047529.0,9502620.0,-5455091.0,-2303749.0,,2581076271.0,,,968.46,100.0,unknown,QuantData PER_ONE_DOLLAR_MOVE; exact dollar/contract scaling unverified,QuantData
2026-08-17T16:00:00-04:00,2026-08-28,900.0,call,28732.0,-20319.0,,9265411.0,,,,,4047529.0,9502620.0,-5455091.0,-2303749.0,,2581076271.0,,,968.46,100.0,unknown,QuantData PER_ONE_DOLLAR_MOVE; exact dollar/contract scaling unverified,QuantData
2026-08-17T16:00:00-04:00,2026-08-28,900.0,put,-40157.0,-27345.0,,-4946691.0,,,,,4047529.0,9502620.0,-5455091.0,-2303749.0,,2581076271.0,,,968.46,100.0,unknown,QuantData PER_ONE_DOLLAR_MOVE; exact dollar/contract scaling unverified,QuantData
2026-08-17T16:00:00-04:00,2026-08-28,905.0,call,0.0,0.0,,0.0,,,,,4047529.0,9502620.0,-5455091.0,-2303749.0,,2581076271.0,,,968.46,100.0,unknown,QuantData PER_ONE_DOLLAR_MOVE; exact dollar/contract scaling unverified,QuantData
2026-08-17T16:00:00-04:00,2026-08-28,905.0,put,0.0,0.0,,0.0,,,,,4047529.0,9502620.0,-5455091.0,-2303749.0,,2581076271.0,,,968.46,100.0,unknown,QuantData PER_ONE_DOLLAR_MOVE; exact dollar/contract scaling unverified,QuantData
2026-08-17T16:00:00-04:00,2026-08-28,910.0,call,0.0,0.0,,0.0,,,,,4047529.0,9502620.0,-5455091.0,-2303749.0,,2581076271.0,,,968.46,100.0,unknown,QuantData PER_ONE_DOLLAR_MOVE; exact dollar/contract scaling unverified,QuantData
2026-08-17T16:00:00-04:00,2026-08-28,910.0,put,-4183.0,-3224.0,,-512313.0,,,,,4047529.0,9502620.0,-5455091.0,-2303749.0,,2581076271.0,,,968.46,100.0,unknown,QuantData PER_ONE_DOLLAR_MOVE; exact dollar/contract scaling unverified,QuantData
2026-08-17T16:00:00-04:00,2026-08-28,915.0,call,3048.0,-1732.0,,868253.0,,,,,4047529.0,9502620.0,-5455091.0,-2303749.0,,2581076271.0,,,968.46,100.0,unknown,QuantData PER_ONE_DOLLAR_MOVE; exact dollar/contract scaling unverified,QuantData
2026-08-17T16:00:00-04:00,2026-08-28,915.0,put,-18163.0,-11022.0,,-2240946.0,,,,,4047529.0,9502620.0,-5455091.0,-2303749.0,,2581076271.0,,,968.46,100.0,unknown,QuantData PER_ONE_DOLLAR_MOVE; exact dollar/contract scaling unverified,QuantData
2026-08-17T16:00:00-04:00,2026-08-28,920.0,call,1571.0,-1148.0,,496856.0,,,,,4047529.0,9502620.0,-5455091.0,-2303749.0,,2581076271.0,,,968.46,100.0,unknown,QuantData PER_ONE_DOLLAR_MOVE; exact dollar/contract scaling unverified,QuantData
2026-08-17T16:00:00-04:00,2026-08-28,920.0,put,-20333.0,-10091.0,,-2680289.0,,,,,4047529.0,9502620.0,-5455091.0,-2303749.0,,2581076271.0,,,968.46,100.0,unknown,QuantData PER_ONE_DOLLAR_MOVE; exact dollar/contract scaling unverified,QuantData
2026-08-17T16:00:00-04:00,2026-08-28,925.0,call,30317.0,-13450.0,,7876162.0,,,,,4047529.0,9502620.0,-5455091.0,-2303749.0,,2581076271.0,,,968.46,100.0,unknown,QuantData PER_ONE_DOLLAR_MOVE; exact dollar/contract scaling unverified,QuantData
2026-08-17T16:00:00-04:00,2026-08-28,925.0,put,-4701.0,-2673.0,,-618087.0,,,,,4047529.0,9502620.0,-5455091.0,-2303749.0,,2581076271.0,,,968.46,100.0,unknown,QuantData PER_ONE_DOLLAR_MOVE; exact dollar/contract scaling unverified,QuantData
2026-08-17T16:00:00-04:00,2026-08-28,930.0,call,1122.0,-700.0,,345990.0,,,,,4047529.0,9502620.0,-5455091.0,-2303749.0,,2581076271.0,,,968.46,100.0,unknown,QuantData PER_ONE_DOLLAR_MOVE; exact dollar/contract scaling unverified,QuantData
2026-08-17T16:00:00-04:00,2026-08-28,930.0,put,-11118.0,-5749.0,,-1502240.0,,,,,4047529.0,9502620.0,-5455091.0,-2303749.0,,2581076271.0,,,968.46,100.0,unknown,QuantData PER_ONE_DOLLAR_MOVE; exact dollar/contract scaling unverified,QuantData
2026-08-17T16:00:00-04:00,2026-08-28,935.0,call,1896.0,-906.0,,525335.0,,,,,4047529.0,9502620.0,-5455091.0,-2303749.0,,2581076271.0,,,968.46,100.0,unknown,QuantData PER_ONE_DOLLAR_MOVE; exact dollar/contract scaling unverified,QuantData
2026-08-17T16:00:00-04:00,2026-08-28,935.0,put,-11983.0,-4161.0,,-1656631.0,,,,,4047529.0,9502620.0,-5455091.0,-2303749.0,,2581076271.0,,,968.46,100.0,unknown,QuantData PER_ONE_DOLLAR_MOVE; exact dollar/contract scaling unverified,QuantData
2026-08-17T16:00:00-04:00,2026-08-28,940.0,call,15288.0,-7824.0,,4419151.0,,,,,4047529.0,9502620.0,-5455091.0,-2303749.0,,2581076271.0,,,968.46,100.0,unknown,QuantData PER_ONE_DOLLAR_MOVE; exact dollar/contract scaling unverified,QuantData
2026-08-17T16:00:00-04:00,2026-08-28,940.0,put,-8955.0,-2283.0,,-1297939.0,,,,,4047529.0,9502620.0,-5455091.0,-2303749.0,,2581076271.0,,,968.46,100.0,unknown,QuantData PER_ONE_DOLLAR_MOVE; exact dollar/contract scaling unverified,QuantData
2026-08-17T16:00:00-04:00,2026-08-28,942.5,call,3136.0,-1252.0,,833000.0,,,,,4047529.0,9502620.0,-5455091.0,-2303749.0,,2581076271.0,,,968.46,100.0,unknown,QuantData PER_ONE_DOLLAR_MOVE; exact dollar/contract scaling unverified,QuantData
2026-08-17T16:00:00-04:00,2026-08-28,942.5,put,0.0,0.0,,0.0,,,,,4047529.0,9502620.0,-5455091.0,-2303749.0,,2581076271.0,,,968.46,100.0,unknown,QuantData PER_ONE_DOLLAR_MOVE; exact dollar/contract scaling unverified,QuantData
2026-08-17T16:00:00-04:00,2026-08-28,945.0,call,8855.0,-3303.0,,2283372.0,,,,,4047529.0,9502620.0,-5455091.0,-2303749.0,,2581076271.0,,,968.46,100.0,unknown,QuantData PER_ONE_DOLLAR_MOVE; exact dollar/contract scaling unverified,QuantData
2026-08-17T16:00:00-04:00,2026-08-28,945.0,put,-2633.0,-1149.0,,-374273.0,,,,,4047529.0,9502620.0,-5455091.0,-2303749.0,,2581076271.0,,,968.46,100.0,unknown,QuantData PER_ONE_DOLLAR_MOVE; exact dollar/contract scaling unverified,QuantData
2026-08-17T16:00:00-04:00,2026-08-28,947.5,call,29350.0,-12415.0,,7927526.0,,,,,4047529.0,9502620.0,-5455091.0,-2303749.0,,2581076271.0,,,968.46,100.0,unknown,QuantData PER_ONE_DOLLAR_MOVE; exact dollar/contract scaling unverified,QuantData
2026-08-17T16:00:00-04:00,2026-08-28,947.5,put,-479.0,-198.0,,-69074.0,,,,,4047529.0,9502620.0,-5455091.0,-2303749.0,,2581076271.0,,,968.46,100.0,unknown,QuantData PER_ONE_DOLLAR_MOVE; exact dollar/contract scaling unverified,QuantData
2026-08-17T16:00:00-04:00,2026-08-28,950.0,call,82338.0,-28574.0,,21502536.0,,,,,4047529.0,9502620.0,-5455091.0,-2303749.0,,2581076271.0,,,968.46,100.0,unknown,QuantData PER_ONE_DOLLAR_MOVE; exact dollar/contract scaling unverified,QuantData
2026-08-17T16:00:00-04:00,2026-08-28,950.0,put,0.0,0.0,,0.0,,,,,4047529.0,9502620.0,-5455091.0,-2303749.0,,2581076271.0,,,968.46,100.0,unknown,QuantData PER_ONE_DOLLAR_MOVE; exact dollar/contract scaling unverified,QuantData
2026-08-17T16:00:00-04:00,2026-08-28,952.5,call,0.0,0.0,,0.0,,,,,4047529.0,9502620.0,-5455091.0,-2303749.0,,2581076271.0,,,968.46,100.0,unknown,QuantData PER_ONE_DOLLAR_MOVE; exact dollar/contract scaling unverified,QuantData
2026-08-17T16:00:00-04:00,2026-08-28,952.5,put,0.0,0.0,,0.0,,,,,4047529.0,9502620.0,-5455091.0,-2303749.0,,2581076271.0,,,968.46,100.0,unknown,QuantData PER_ONE_DOLLAR_MOVE; exact dollar/contract scaling unverified,QuantData
2026-08-17T16:00:00-04:00,2026-08-28,955.0,call,6652.0,-309.0,,1440053.0,,,,,4047529.0,9502620.0,-5455091.0,-2303749.0,,2581076271.0,,,968.46,100.0,unknown,QuantData PER_ONE_DOLLAR_MOVE; exact dollar/contract scaling unverified,QuantData
2026-08-17T16:00:00-04:00,2026-08-28,955.0,put,0.0,0.0,,0.0,,,,,4047529.0,9502620.0,-5455091.0,-2303749.0,,2581076271.0,,,968.46,100.0,unknown,QuantData PER_ONE_DOLLAR_MOVE; exact dollar/contract scaling unverified,QuantData
2026-08-17T16:00:00-04:00,2026-08-28,957.5,call,2804.0,-434.0,,642340.0,,,,,4047529.0,9502620.0,-5455091.0,-2303749.0,,2581076271.0,,,968.46,100.0,unknown,QuantData PER_ONE_DOLLAR_MOVE; exact dollar/contract scaling unverified,QuantData
2026-08-17T16:00:00-04:00,2026-08-28,957.5,put,0.0,0.0,,0.0,,,,,4047529.0,9502620.0,-5455091.0,-2303749.0,,2581076271.0,,,968.46,100.0,unknown,QuantData PER_ONE_DOLLAR_MOVE; exact dollar/contract scaling unverified,QuantData
2026-08-17T16:00:00-04:00,2026-08-28,960.0,call,9074.0,-2964.0,,2337792.0,,,,,4047529.0,9502620.0,-5455091.0,-2303749.0,,2581076271.0,,,968.46,100.0,unknown,QuantData PER_ONE_DOLLAR_MOVE; exact dollar/contract scaling unverified,QuantData
2026-08-17T16:00:00-04:00,2026-08-28,960.0,put,-2574.0,82.0,,-431731.0,,,,,4047529.0,9502620.0,-5455091.0,-2303749.0,,2581076271.0,,,968.46,100.0,unknown,QuantData PER_ONE_DOLLAR_MOVE; exact dollar/contract scaling unverified,QuantData
2026-08-17T16:00:00-04:00,2026-08-28,962.5,call,517.0,-63.0,,115514.0,,,,,4047529.0,9502620.0,-5455091.0,-2303749.0,,2581076271.0,,,968.46,100.0,unknown,QuantData PER_ONE_DOLLAR_MOVE; exact dollar/contract scaling unverified,QuantData
2026-08-17T16:00:00-04:00,2026-08-28,962.5,put,0.0,0.0,,0.0,,,,,4047529.0,9502620.0,-5455091.0,-2303749.0,,2581076271.0,,,968.46,100.0,unknown,QuantData PER_ONE_DOLLAR_MOVE; exact dollar/contract scaling unverified,QuantData
2026-08-17T16:00:00-04:00,2026-08-28,965.0,call,1298.0,2.0,,272820.0,,,,,4047529.0,9502620.0,-5455091.0,-2303749.0,,2581076271.0,,,968.46,100.0,unknown,QuantData PER_ONE_DOLLAR_MOVE; exact dollar/contract scaling unverified,QuantData
2026-08-17T16:00:00-04:00,2026-08-28,965.0,put,-1013.0,-141.0,,-160942.0,,,,,4047529.0,9502620.0,-5455091.0,-2303749.0,,2581076271.0,,,968.46,100.0,unknown,QuantData PER_ONE_DOLLAR_MOVE; exact dollar/contract scaling unverified,QuantData
2026-08-17T16:00:00-04:00,2026-08-28,967.5,call,1877.0,203.0,,361304.0,,,,,4047529.0,9502620.0,-5455091.0,-2303749.0,,2581076271.0,,,968.46,100.0,unknown,QuantData PER_ONE_DOLLAR_MOVE; exact dollar/contract scaling unverified,QuantData
2026-08-17T16:00:00-04:00,2026-08-28,967.5,put,0.0,0.0,,0.0,,,,,4047529.0,9502620.0,-5455091.0,-2303749.0,,2581076271.0,,,968.46,100.0,unknown,QuantData PER_ONE_DOLLAR_MOVE; exact dollar/contract scaling unverified,QuantData
2026-08-17T16:00:00-04:00,2026-08-28,970.0,call,3170.0,265.0,,630123.0,,,,,4047529.0,9502620.0,-5455091.0,-2303749.0,,2581076271.0,,,968.46,100.0,unknown,QuantData PER_ONE_DOLLAR_MOVE; exact dollar/contract scaling unverified,QuantData
2026-08-17T16:00:00-04:00,2026-08-28,970.0,put,-520.0,-10.0,,-85437.0,,,,,4047529.0,9502620.0,-5455091.0,-2303749.0,,2581076271.0,,,968.46,100.0,unknown,QuantData PER_ONE_DOLLAR_MOVE; exact dollar/contract scaling unverified,QuantData
2026-08-17T16:00:00-04:00,2026-08-28,975.0,call,0.0,0.0,,0.0,,,,,4047529.0,9502620.0,-5455091.0,-2303749.0,,2581076271.0,,,968.46,100.0,unknown,QuantData PER_ONE_DOLLAR_MOVE; exact dollar/contract scaling unverified,QuantData
2026-08-17T16:00:00-04:00,2026-08-28,975.0,put,-534.0,69.0,,-91744.0,,,,,4047529.0,9502620.0,-5455091.0,-2303749.0,,2581076271.0,,,968.46,100.0,unknown,QuantData PER_ONE_DOLLAR_MOVE; exact dollar/contract scaling unverified,QuantData
2026-08-17T16:00:00-04:00,2026-08-28,980.0,call,2379.0,233.0,,474205.0,,,,,4047529.0,9502620.0,-5455091.0,-2303749.0,,2581076271.0,,,968.46,100.0,unknown,QuantData PER_ONE_DOLLAR_MOVE; exact dollar/contract scaling unverified,QuantData
2026-08-17T16:00:00-04:00,2026-08-28,980.0,put,-512.0,-7.0,,-86378.0,,,,,4047529.0,9502620.0,-5455091.0,-2303749.0,,2581076271.0,,,968.46,100.0,unknown,QuantData PER_ONE_DOLLAR_MOVE; exact dollar/contract scaling unverified,QuantData
2026-08-17T16:00:00-04:00,2026-08-28,985.0,call,1283.0,135.0,,264775.0,,,,,4047529.0,9502620.0,-5455091.0,-2303749.0,,2581076271.0,,,968.46,100.0,unknown,QuantData PER_ONE_DOLLAR_MOVE; exact dollar/contract scaling unverified,QuantData
2026-08-17T16:00:00-04:00,2026-08-28,985.0,put,0.0,0.0,,0.0,,,,,4047529.0,9502620.0,-5455091.0,-2303749.0,,2581076271.0,,,968.46,100.0,unknown,QuantData PER_ONE_DOLLAR_MOVE; exact dollar/contract scaling unverified,QuantData
2026-08-17T16:00:00-04:00,2026-08-28,990.0,call,1873.0,719.0,,316690.0,,,,,4047529.0,9502620.0,-5455091.0,-2303749.0,,2581076271.0,,,968.46,100.0,unknown,QuantData PER_ONE_DOLLAR_MOVE; exact dollar/contract scaling unverified,QuantData
2026-08-17T16:00:00-04:00,2026-08-28,990.0,put,0.0,0.0,,0.0,,,,,4047529.0,9502620.0,-5455091.0,-2303749.0,,2581076271.0,,,968.46,100.0,unknown,QuantData PER_ONE_DOLLAR_MOVE; exact dollar/contract scaling unverified,QuantData
2026-08-17T16:00:00-04:00,2026-08-28,995.0,call,6937.0,3059.0,,1142471.0,,,,,4047529.0,9502620.0,-5455091.0,-2303749.0,,2581076271.0,,,968.46,100.0,unknown,QuantData PER_ONE_DOLLAR_MOVE; exact dollar/contract scaling unverified,QuantData
2026-08-17T16:00:00-04:00,2026-08-28,995.0,put,0.0,0.0,,0.0,,,,,4047529.0,9502620.0,-5455091.0,-2303749.0,,2581076271.0,,,968.46,100.0,unknown,QuantData PER_ONE_DOLLAR_MOVE; exact dollar/contract scaling unverified,QuantData
2026-08-17T16:00:00-04:00,2026-08-28,1000.0,call,60386.0,25029.0,,10208572.0,,,,,4047529.0,9502620.0,-5455091.0,-2303749.0,,2581076271.0,,,968.46,100.0,unknown,QuantData PER_ONE_DOLLAR_MOVE; exact dollar/contract scaling unverified,QuantData
2026-08-17T16:00:00-04:00,2026-08-28,1000.0,put,0.0,0.0,,0.0,,,,,4047529.0,9502620.0,-5455091.0,-2303749.0,,2581076271.0,,,968.46,100.0,unknown,QuantData PER_ONE_DOLLAR_MOVE; exact dollar/contract scaling unverified,QuantData
2026-08-17T16:00:00-04:00,2026-08-28,1005.0,call,2681.0,1168.0,,446100.0,,,,,4047529.0,9502620.0,-5455091.0,-2303749.0,,2581076271.0,,,968.46,100.0,unknown,QuantData PER_ONE_DOLLAR_MOVE; exact dollar/contract scaling unverified,QuantData
2026-08-17T16:00:00-04:00,2026-08-28,1005.0,put,0.0,0.0,,0.0,,,,,4047529.0,9502620.0,-5455091.0,-2303749.0,,2581076271.0,,,968.46,100.0,unknown,QuantData PER_ONE_DOLLAR_MOVE; exact dollar/contract scaling unverified,QuantData
2026-08-17T16:00:00-04:00,2026-08-28,1010.0,call,6355.0,2998.0,,1055105.0,,,,,4047529.0,9502620.0,-5455091.0,-2303749.0,,2581076271.0,,,968.46,100.0,unknown,QuantData PER_ONE_DOLLAR_MOVE; exact dollar/contract scaling unverified,QuantData
2026-08-17T16:00:00-04:00,2026-08-28,1010.0,put,-786.0,314.0,,-157105.0,,,,,4047529.0,9502620.0,-5455091.0,-2303749.0,,2581076271.0,,,968.46,100.0,unknown,QuantData PER_ONE_DOLLAR_MOVE; exact dollar/contract scaling unverified,QuantData
2026-08-17T16:00:00-04:00,2026-08-28,1015.0,call,2883.0,1160.0,,509449.0,,,,,4047529.0,9502620.0,-5455091.0,-2303749.0,,2581076271.0,,,968.46,100.0,unknown,QuantData PER_ONE_DOLLAR_MOVE; exact dollar/contract scaling unverified,QuantData
2026-08-17T16:00:00-04:00,2026-08-28,1015.0,put,0.0,0.0,,0.0,,,,,4047529.0,9502620.0,-5455091.0,-2303749.0,,2581076271.0,,,968.46,100.0,unknown,QuantData PER_ONE_DOLLAR_MOVE; exact dollar/contract scaling unverified,QuantData
2026-08-17T16:00:00-04:00,2026-08-28,1020.0,call,3829.0,1815.0,,670699.0,,,,,4047529.0,9502620.0,-5455091.0,-2303749.0,,2581076271.0,,,968.46,100.0,unknown,QuantData PER_ONE_DOLLAR_MOVE; exact dollar/contract scaling unverified,QuantData
2026-08-17T16:00:00-04:00,2026-08-28,1020.0,put,0.0,0.0,,0.0,,,,,4047529.0,9502620.0,-5455091.0,-2303749.0,,2581076271.0,,,968.46,100.0,unknown,QuantData PER_ONE_DOLLAR_MOVE; exact dollar/contract scaling unverified,QuantData
2026-08-17T16:00:00-04:00,2026-08-28,1025.0,call,3516.0,1827.0,,613056.0,,,,,4047529.0,9502620.0,-5455091.0,-2303749.0,,2581076271.0,,,968.46,100.0,unknown,QuantData PER_ONE_DOLLAR_MOVE; exact dollar/contract scaling unverified,QuantData
2026-08-17T16:00:00-04:00,2026-08-28,1025.0,put,0.0,0.0,,0.0,,,,,4047529.0,9502620.0,-5455091.0,-2303749.0,,2581076271.0,,,968.46,100.0,unknown,QuantData PER_ONE_DOLLAR_MOVE; exact dollar/contract scaling unverified,QuantData
2026-08-17T16:00:00-04:00,2026-08-28,1030.0,call,10607.0,5819.0,,1768750.0,,,,,4047529.0,9502620.0,-5455091.0,-2303749.0,,2581076271.0,,,968.46,100.0,unknown,QuantData PER_ONE_DOLLAR_MOVE; exact dollar/contract scaling unverified,QuantData
2026-08-17T16:00:00-04:00,2026-08-28,1030.0,put,0.0,0.0,,0.0,,,,,4047529.0,9502620.0,-5455091.0,-2303749.0,,2581076271.0,,,968.46,100.0,unknown,QuantData PER_ONE_DOLLAR_MOVE; exact dollar/contract scaling unverified,QuantData
2026-08-17T16:00:00-04:00,2026-08-28,1040.0,call,1758.0,1225.0,,277585.0,,,,,4047529.0,9502620.0,-5455091.0,-2303749.0,,2581076271.0,,,968.46,100.0,unknown,QuantData PER_ONE_DOLLAR_MOVE; exact dollar/contract scaling unverified,QuantData
2026-08-17T16:00:00-04:00,2026-08-28,1040.0,put,0.0,0.0,,0.0,,,,,4047529.0,9502620.0,-5455091.0,-2303749.0,,2581076271.0,,,968.46,100.0,unknown,QuantData PER_ONE_DOLLAR_MOVE; exact dollar/contract scaling unverified,QuantData
2026-08-17T16:00:00-04:00,2026-08-28,1045.0,call,4254.0,3100.0,,664732.0,,,,,4047529.0,9502620.0,-5455091.0,-2303749.0,,2581076271.0,,,968.46,100.0,unknown,QuantData PER_ONE_DOLLAR_MOVE; exact dollar/contract scaling unverified,QuantData
2026-08-17T16:00:00-04:00,2026-08-28,1045.0,put,0.0,0.0,,0.0,,,,,4047529.0,9502620.0,-5455091.0,-2303749.0,,2581076271.0,,,968.46,100.0,unknown,QuantData PER_ONE_DOLLAR_MOVE; exact dollar/contract scaling unverified,QuantData
2026-08-17T16:00:00-04:00,2026-08-28,1050.0,call,55778.0,54450.0,,7526462.0,,,,,4047529.0,9502620.0,-5455091.0,-2303749.0,,2581076271.0,,,968.46,100.0,unknown,QuantData PER_ONE_DOLLAR_MOVE; exact dollar/contract scaling unverified,QuantData
2026-08-17T16:00:00-04:00,2026-08-28,1050.0,put,0.0,0.0,,0.0,,,,,4047529.0,9502620.0,-5455091.0,-2303749.0,,2581076271.0,,,968.46,100.0,unknown,QuantData PER_ONE_DOLLAR_MOVE; exact dollar/contract scaling unverified,QuantData
2026-08-17T16:00:00-04:00,2026-08-28,1060.0,call,7103.0,5866.0,,1082407.0,,,,,4047529.0,9502620.0,-5455091.0,-2303749.0,,2581076271.0,,,968.46,100.0,unknown,QuantData PER_ONE_DOLLAR_MOVE; exact dollar/contract scaling unverified,QuantData
2026-08-17T16:00:00-04:00,2026-08-28,1060.0,put,0.0,0.0,,0.0,,,,,4047529.0,9502620.0,-5455091.0,-2303749.0,,2581076271.0,,,968.46,100.0,unknown,QuantData PER_ONE_DOLLAR_MOVE; exact dollar/contract scaling unverified,QuantData
2026-08-17T16:00:00-04:00,2026-08-28,1065.0,call,0.0,0.0,,0.0,,,,,4047529.0,9502620.0,-5455091.0,-2303749.0,,2581076271.0,,,968.46,100.0,unknown,QuantData PER_ONE_DOLLAR_MOVE; exact dollar/contract scaling unverified,QuantData
2026-08-17T16:00:00-04:00,2026-08-28,1065.0,put,0.0,0.0,,0.0,,,,,4047529.0,9502620.0,-5455091.0,-2303749.0,,2581076271.0,,,968.46,100.0,unknown,QuantData PER_ONE_DOLLAR_MOVE; exact dollar/contract scaling unverified,QuantData
2026-08-17T16:00:00-04:00,2026-08-28,1070.0,call,2244.0,3016.0,,272545.0,,,,,4047529.0,9502620.0,-5455091.0,-2303749.0,,2581076271.0,,,968.46,100.0,unknown,QuantData PER_ONE_DOLLAR_MOVE; exact dollar/contract scaling unverified,QuantData
2026-08-17T16:00:00-04:00,2026-08-28,1070.0,put,0.0,0.0,,0.0,,,,,4047529.0,9502620.0,-5455091.0,-2303749.0,,2581076271.0,,,968.46,100.0,unknown,QuantData PER_ONE_DOLLAR_MOVE; exact dollar/contract scaling unverified,QuantData
2026-08-17T16:00:00-04:00,2026-08-28,1075.0,call,698.0,740.0,,95993.0,,,,,4047529.0,9502620.0,-5455091.0,-2303749.0,,2581076271.0,,,968.46,100.0,unknown,QuantData PER_ONE_DOLLAR_MOVE; exact dollar/contract scaling unverified,QuantData
2026-08-17T16:00:00-04:00,2026-08-28,1075.0,put,0.0,0.0,,0.0,,,,,4047529.0,9502620.0,-5455091.0,-2303749.0,,2581076271.0,,,968.46,100.0,unknown,QuantData PER_ONE_DOLLAR_MOVE; exact dollar/contract scaling unverified,QuantData
2026-08-17T16:00:00-04:00,2026-08-28,1080.0,call,8937.0,11825.0,,1071009.0,,,,,4047529.0,9502620.0,-5455091.0,-2303749.0,,2581076271.0,,,968.46,100.0,unknown,QuantData PER_ONE_DOLLAR_MOVE; exact dollar/contract scaling unverified,QuantData
2026-08-17T16:00:00-04:00,2026-08-28,1080.0,put,0.0,0.0,,0.0,,,,,4047529.0,9502620.0,-5455091.0,-2303749.0,,2581076271.0,,,968.46,100.0,unknown,QuantData PER_ONE_DOLLAR_MOVE; exact dollar/contract scaling unverified,QuantData
2026-08-17T16:00:00-04:00,2026-08-28,1090.0,call,0.0,0.0,,0.0,,,,,4047529.0,9502620.0,-5455091.0,-2303749.0,,2581076271.0,,,968.46,100.0,unknown,QuantData PER_ONE_DOLLAR_MOVE; exact dollar/contract scaling unverified,QuantData
2026-08-17T16:00:00-04:00,2026-08-28,1090.0,put,0.0,0.0,,0.0,,,,,4047529.0,9502620.0,-5455091.0,-2303749.0,,2581076271.0,,,968.46,100.0,unknown,QuantData PER_ONE_DOLLAR_MOVE; exact dollar/contract scaling unverified,QuantData
2026-08-17T16:00:00-04:00,2026-08-28,1095.0,call,2548.0,3397.0,,315794.0,,,,,4047529.0,9502620.0,-5455091.0,-2303749.0,,2581076271.0,,,968.46,100.0,unknown,QuantData PER_ONE_DOLLAR_MOVE; exact dollar/contract scaling unverified,QuantData
2026-08-17T16:00:00-04:00,2026-08-28,1095.0,put,0.0,0.0,,0.0,,,,,4047529.0,9502620.0,-5455091.0,-2303749.0,,2581076271.0,,,968.46,100.0,unknown,QuantData PER_ONE_DOLLAR_MOVE; exact dollar/contract scaling unverified,QuantData
2026-08-17T16:00:00-04:00,2026-08-28,1100.0,call,294188.0,440869.0,,33407108.0,,,,,4047529.0,9502620.0,-5455091.0,-2303749.0,,2581076271.0,,,968.46,100.0,unknown,QuantData PER_ONE_DOLLAR_MOVE; exact dollar/contract scaling unverified,QuantData
2026-08-17T16:00:00-04:00,2026-08-28,1100.0,put,0.0,0.0,,0.0,,,,,4047529.0,9502620.0,-5455091.0,-2303749.0,,2581076271.0,,,968.46,100.0,unknown,QuantData PER_ONE_DOLLAR_MOVE; exact dollar/contract scaling unverified,QuantData
2026-08-17T16:00:00-04:00,2026-08-28,1105.0,call,3423.0,4443.0,,441790.0,,,,,4047529.0,9502620.0,-5455091.0,-2303749.0,,2581076271.0,,,968.46,100.0,unknown,QuantData PER_ONE_DOLLAR_MOVE; exact dollar/contract scaling unverified,QuantData
2026-08-17T16:00:00-04:00,2026-08-28,1105.0,put,0.0,0.0,,0.0,,,,,4047529.0,9502620.0,-5455091.0,-2303749.0,,2581076271.0,,,968.46,100.0,unknown,QuantData PER_ONE_DOLLAR_MOVE; exact dollar/contract scaling unverified,QuantData
2026-08-17T16:00:00-04:00,2026-08-28,1110.0,call,65200.0,91534.0,,7970290.0,,,,,4047529.0,9502620.0,-5455091.0,-2303749.0,,2581076271.0,,,968.46,100.0,unknown,QuantData PER_ONE_DOLLAR_MOVE; exact dollar/contract scaling unverified,QuantData
2026-08-17T16:00:00-04:00,2026-08-28,1110.0,put,0.0,0.0,,0.0,,,,,4047529.0,9502620.0,-5455091.0,-2303749.0,,2581076271.0,,,968.46,100.0,unknown,QuantData PER_ONE_DOLLAR_MOVE; exact dollar/contract scaling unverified,QuantData
2026-08-17T16:00:00-04:00,2026-08-28,1115.0,call,1630.0,2906.0,,172915.0,,,,,4047529.0,9502620.0,-5455091.0,-2303749.0,,2581076271.0,,,968.46,100.0,unknown,QuantData PER_ONE_DOLLAR_MOVE; exact dollar/contract scaling unverified,QuantData
2026-08-17T16:00:00-04:00,2026-08-28,1115.0,put,0.0,0.0,,0.0,,,,,4047529.0,9502620.0,-5455091.0,-2303749.0,,2581076271.0,,,968.46,100.0,unknown,QuantData PER_ONE_DOLLAR_MOVE; exact dollar/contract scaling unverified,QuantData
2026-08-17T16:00:00-04:00,2026-08-28,1120.0,call,4043.0,5882.0,,493420.0,,,,,4047529.0,9502620.0,-5455091.0,-2303749.0,,2581076271.0,,,968.46,100.0,unknown,QuantData PER_ONE_DOLLAR_MOVE; exact dollar/contract scaling unverified,QuantData
2026-08-17T16:00:00-04:00,2026-08-28,1120.0,put,0.0,0.0,,0.0,,,,,4047529.0,9502620.0,-5455091.0,-2303749.0,,2581076271.0,,,968.46,100.0,unknown,QuantData PER_ONE_DOLLAR_MOVE; exact dollar/contract scaling unverified,QuantData
2026-08-17T16:00:00-04:00,2026-08-28,1130.0,call,1800.0,3092.0,,191905.0,,,,,4047529.0,9502620.0,-5455091.0,-2303749.0,,2581076271.0,,,968.46,100.0,unknown,QuantData PER_ONE_DOLLAR_MOVE; exact dollar/contract scaling unverified,QuantData
2026-08-17T16:00:00-04:00,2026-08-28,1130.0,put,0.0,0.0,,0.0,,,,,4047529.0,9502620.0,-5455091.0,-2303749.0,,2581076271.0,,,968.46,100.0,unknown,QuantData PER_ONE_DOLLAR_MOVE; exact dollar/contract scaling unverified,QuantData
2026-08-17T16:00:00-04:00,2026-08-28,1150.0,call,26962.0,46320.0,,3069981.0,,,,,4047529.0,9502620.0,-5455091.0,-2303749.0,,2581076271.0,,,968.46,100.0,unknown,QuantData PER_ONE_DOLLAR_MOVE; exact dollar/contract scaling unverified,QuantData
2026-08-17T16:00:00-04:00,2026-08-28,1150.0,put,0.0,0.0,,0.0,,,,,4047529.0,9502620.0,-5455091.0,-2303749.0,,2581076271.0,,,968.46,100.0,unknown,QuantData PER_ONE_DOLLAR_MOVE; exact dollar/contract scaling unverified,QuantData
2026-08-17T16:00:00-04:00,2026-08-28,1160.0,call,1972.0,3724.0,,208387.0,,,,,4047529.0,9502620.0,-5455091.0,-2303749.0,,2581076271.0,,,968.46,100.0,unknown,QuantData PER_ONE_DOLLAR_MOVE; exact dollar/contract scaling unverified,QuantData
2026-08-17T16:00:00-04:00,2026-08-28,1160.0,put,0.0,0.0,,0.0,,,,,4047529.0,9502620.0,-5455091.0,-2303749.0,,2581076271.0,,,968.46,100.0,unknown,QuantData PER_ONE_DOLLAR_MOVE; exact dollar/contract scaling unverified,QuantData
2026-08-17T16:00:00-04:00,2026-08-28,1170.0,call,839.0,1776.0,,79916.0,,,,,4047529.0,9502620.0,-5455091.0,-2303749.0,,2581076271.0,,,968.46,100.0,unknown,QuantData PER_ONE_DOLLAR_MOVE; exact dollar/contract scaling unverified,QuantData
2026-08-17T16:00:00-04:00,2026-08-28,1170.0,put,0.0,0.0,,0.0,,,,,4047529.0,9502620.0,-5455091.0,-2303749.0,,2581076271.0,,,968.46,100.0,unknown,QuantData PER_ONE_DOLLAR_MOVE; exact dollar/contract scaling unverified,QuantData
2026-08-17T16:00:00-04:00,2026-08-28,1180.0,call,2053.0,4338.0,,198662.0,,,,,4047529.0,9502620.0,-5455091.0,-2303749.0,,2581076271.0,,,968.46,100.0,unknown,QuantData PER_ONE_DOLLAR_MOVE; exact dollar/contract scaling unverified,QuantData
2026-08-17T16:00:00-04:00,2026-08-28,1180.0,put,0.0,0.0,,0.0,,,,,4047529.0,9502620.0,-5455091.0,-2303749.0,,2581076271.0,,,968.46,100.0,unknown,QuantData PER_ONE_DOLLAR_MOVE; exact dollar/contract scaling unverified,QuantData
2026-08-17T16:00:00-04:00,2026-08-28,1190.0,call,17398.0,40081.0,,1589398.0,,,,,4047529.0,9502620.0,-5455091.0,-2303749.0,,2581076271.0,,,968.46,100.0,unknown,QuantData PER_ONE_DOLLAR_MOVE; exact dollar/contract scaling unverified,QuantData
2026-08-17T16:00:00-04:00,2026-08-28,1190.0,put,0.0,0.0,,0.0,,,,,4047529.0,9502620.0,-5455091.0,-2303749.0,,2581076271.0,,,968.46,100.0,unknown,QuantData PER_ONE_DOLLAR_MOVE; exact dollar/contract scaling unverified,QuantData
2026-08-17T16:00:00-04:00,2026-08-28,1200.0,call,14808.0,35222.0,,1333007.0,,,,,4047529.0,9502620.0,-5455091.0,-2303749.0,,2581076271.0,,,968.46,100.0,unknown,QuantData PER_ONE_DOLLAR_MOVE; exact dollar/contract scaling unverified,QuantData
2026-08-17T16:00:00-04:00,2026-08-28,1200.0,put,0.0,0.0,,0.0,,,,,4047529.0,9502620.0,-5455091.0,-2303749.0,,2581076271.0,,,968.46,100.0,unknown,QuantData PER_ONE_DOLLAR_MOVE; exact dollar/contract scaling unverified,QuantData
2026-08-17T16:00:00-04:00,2026-08-28,1250.0,call,497.0,1300.0,,44226.0,,,,,4047529.0,9502620.0,-5455091.0,-2303749.0,,2581076271.0,,,968.46,100.0,unknown,QuantData PER_ONE_DOLLAR_MOVE; exact dollar/contract scaling unverified,QuantData
2026-08-17T16:00:00-04:00,2026-08-28,1250.0,put,0.0,0.0,,0.0,,,,,4047529.0,9502620.0,-5455091.0,-2303749.0,,2581076271.0,,,968.46,100.0,unknown,QuantData PER_ONE_DOLLAR_MOVE; exact dollar/contract scaling unverified,QuantData
2026-08-17T16:00:00-04:00,2026-08-28,1270.0,call,356.0,1049.0,,28232.0,,,,,4047529.0,9502620.0,-5455091.0,-2303749.0,,2581076271.0,,,968.46,100.0,unknown,QuantData PER_ONE_DOLLAR_MOVE; exact dollar/contract scaling unverified,QuantData
2026-08-17T16:00:00-04:00,2026-08-28,1270.0,put,0.0,0.0,,0.0,,,,,4047529.0,9502620.0,-5455091.0,-2303749.0,,2581076271.0,,,968.46,100.0,unknown,QuantData PER_ONE_DOLLAR_MOVE; exact dollar/contract scaling unverified,QuantData
2026-08-17T16:00:00-04:00,2026-08-28,1280.0,call,783.0,2323.0,,61422.0,,,,,4047529.0,9502620.0,-5455091.0,-2303749.0,,2581076271.0,,,968.46,100.0,unknown,QuantData PER_ONE_DOLLAR_MOVE; exact dollar/contract scaling unverified,QuantData
2026-08-17T16:00:00-04:00,2026-08-28,1280.0,put,0.0,0.0,,0.0,,,,,4047529.0,9502620.0,-5455091.0,-2303749.0,,2581076271.0,,,968.46,100.0,unknown,QuantData PER_ONE_DOLLAR_MOVE; exact dollar/contract scaling unverified,QuantData
2026-08-17T16:00:00-04:00,2026-08-28,1300.0,call,1706.0,5316.0,,129381.0,,,,,4047529.0,9502620.0,-5455091.0,-2303749.0,,2581076271.0,,,968.46,100.0,unknown,QuantData PER_ONE_DOLLAR_MOVE; exact dollar/contract scaling unverified,QuantData
2026-08-17T16:00:00-04:00,2026-08-28,1300.0,put,0.0,0.0,,0.0,,,,,4047529.0,9502620.0,-5455091.0,-2303749.0,,2581076271.0,,,968.46,100.0,unknown,QuantData PER_ONE_DOLLAR_MOVE; exact dollar/contract scaling unverified,QuantData
2026-08-17T16:00:00-04:00,2026-08-28,1310.0,call,68.0,201.0,,5965.0,,,,,4047529.0,9502620.0,-5455091.0,-2303749.0,,2581076271.0,,,968.46,100.0,unknown,QuantData PER_ONE_DOLLAR_MOVE; exact dollar/contract scaling unverified,QuantData
2026-08-17T16:00:00-04:00,2026-08-28,1310.0,put,0.0,0.0,,0.0,,,,,4047529.0,9502620.0,-5455091.0,-2303749.0,,2581076271.0,,,968.46,100.0,unknown,QuantData PER_ONE_DOLLAR_MOVE; exact dollar/contract scaling unverified,QuantData
2026-08-17T16:00:00-04:00,2026-08-28,1320.0,call,64.0,193.0,,5508.0,,,,,4047529.0,9502620.0,-5455091.0,-2303749.0,,2581076271.0,,,968.46,100.0,unknown,QuantData PER_ONE_DOLLAR_MOVE; exact dollar/contract scaling unverified,QuantData
2026-08-17T16:00:00-04:00,2026-08-28,1320.0,put,0.0,0.0,,0.0,,,,,4047529.0,9502620.0,-5455091.0,-2303749.0,,2581076271.0,,,968.46,100.0,unknown,QuantData PER_ONE_DOLLAR_MOVE; exact dollar/contract scaling unverified,QuantData
2026-08-17T16:00:00-04:00,2026-08-28,1380.0,call,0.0,0.0,,0.0,,,,,4047529.0,9502620.0,-5455091.0,-2303749.0,,2581076271.0,,,968.46,100.0,unknown,QuantData PER_ONE_DOLLAR_MOVE; exact dollar/contract scaling unverified,QuantData
2026-08-17T16:00:00-04:00,2026-08-28,1380.0,put,0.0,0.0,,0.0,,,,,4047529.0,9502620.0,-5455091.0,-2303749.0,,2581076271.0,,,968.46,100.0,unknown,QuantData PER_ONE_DOLLAR_MOVE; exact dollar/contract scaling unverified,QuantData
2026-08-17T16:00:00-04:00,2026-08-28,1400.0,call,987.0,3569.0,,72754.0,,,,,4047529.0,9502620.0,-5455091.0,-2303749.0,,2581076271.0,,,968.46,100.0,unknown,QuantData PER_ONE_DOLLAR_MOVE; exact dollar/contract scaling unverified,QuantData
2026-08-17T16:00:00-04:00,2026-08-28,1400.0,put,0.0,0.0,,0.0,,,,,4047529.0,9502620.0,-5455091.0,-2303749.0,,2581076271.0,,,968.46,100.0,unknown,QuantData PER_ONE_DOLLAR_MOVE; exact dollar/contract scaling unverified,QuantData
2026-08-17T16:00:00-04:00,2026-09-04,420.0,call,0.0,0.0,,0.0,,,,,4047529.0,9502620.0,-5455091.0,-2303749.0,,2581076271.0,,,968.46,100.0,unknown,QuantData PER_ONE_DOLLAR_MOVE; exact dollar/contract scaling unverified,QuantData
2026-08-17T16:00:00-04:00,2026-09-04,420.0,put,-27.0,-169.0,,-2458.0,,,,,4047529.0,9502620.0,-5455091.0,-2303749.0,,2581076271.0,,,968.46,100.0,unknown,QuantData PER_ONE_DOLLAR_MOVE; exact dollar/contract scaling unverified,QuantData
2026-08-17T16:00:00-04:00,2026-09-04,430.0,call,0.0,0.0,,0.0,,,,,4047529.0,9502620.0,-5455091.0,-2303749.0,,2581076271.0,,,968.46,100.0,unknown,QuantData PER_ONE_DOLLAR_MOVE; exact dollar/contract scaling unverified,QuantData
2026-08-17T16:00:00-04:00,2026-09-04,430.0,put,-42.0,-246.0,,-3352.0,,,,,4047529.0,9502620.0,-5455091.0,-2303749.0,,2581076271.0,,,968.46,100.0,unknown,QuantData PER_ONE_DOLLAR_MOVE; exact dollar/contract scaling unverified,QuantData
2026-08-17T16:00:00-04:00,2026-09-04,460.0,call,0.0,0.0,,0.0,,,,,4047529.0,9502620.0,-5455091.0,-2303749.0,,2581076271.0,,,968.46,100.0,unknown,QuantData PER_ONE_DOLLAR_MOVE; exact dollar/contract scaling unverified,QuantData
2026-08-17T16:00:00-04:00,2026-09-04,460.0,put,0.0,0.0,,0.0,,,,,4047529.0,9502620.0,-5455091.0,-2303749.0,,2581076271.0,,,968.46,100.0,unknown,QuantData PER_ONE_DOLLAR_MOVE; exact dollar/contract scaling unverified,QuantData
2026-08-17T16:00:00-04:00,2026-09-04,465.0,call,0.0,0.0,,93853.0,,,,,4047529.0,9502620.0,-5455091.0,-2303749.0,,2581076271.0,,,968.46,100.0,unknown,QuantData PER_ONE_DOLLAR_MOVE; exact dollar/contract scaling unverified,QuantData
2026-08-17T16:00:00-04:00,2026-09-04,465.0,put,0.0,0.0,,0.0,,,,,4047529.0,9502620.0,-5455091.0,-2303749.0,,2581076271.0,,,968.46,100.0,unknown,QuantData PER_ONE_DOLLAR_MOVE; exact dollar/contract scaling unverified,QuantData
2026-08-17T16:00:00-04:00,2026-09-04,545.0,call,0.0,0.0,,0.0,,,,,4047529.0,9502620.0,-5455091.0,-2303749.0,,2581076271.0,,,968.46,100.0,unknown,QuantData PER_ONE_DOLLAR_MOVE; exact dollar/contract scaling unverified,QuantData
2026-08-17T16:00:00-04:00,2026-09-04,545.0,put,-32.0,-186.0,,-2196.0,,,,,4047529.0,9502620.0,-5455091.0,-2303749.0,,2581076271.0,,,968.46,100.0,unknown,QuantData PER_ONE_DOLLAR_MOVE; exact dollar/contract scaling unverified,QuantData
2026-08-17T16:00:00-04:00,2026-09-04,550.0,call,0.0,0.0,,0.0,,,,,4047529.0,9502620.0,-5455091.0,-2303749.0,,2581076271.0,,,968.46,100.0,unknown,QuantData PER_ONE_DOLLAR_MOVE; exact dollar/contract scaling unverified,QuantData
2026-08-17T16:00:00-04:00,2026-09-04,550.0,put,-268.0,-1256.0,,-21985.0,,,,,4047529.0,9502620.0,-5455091.0,-2303749.0,,2581076271.0,,,968.46,100.0,unknown,QuantData PER_ONE_DOLLAR_MOVE; exact dollar/contract scaling unverified,QuantData
2026-08-17T16:00:00-04:00,2026-09-04,590.0,call,0.0,0.0,,0.0,,,,,4047529.0,9502620.0,-5455091.0,-2303749.0,,2581076271.0,,,968.46,100.0,unknown,QuantData PER_ONE_DOLLAR_MOVE; exact dollar/contract scaling unverified,QuantData
2026-08-17T16:00:00-04:00,2026-09-04,590.0,put,-66.0,-309.0,,-5404.0,,,,,4047529.0,9502620.0,-5455091.0,-2303749.0,,2581076271.0,,,968.46,100.0,unknown,QuantData PER_ONE_DOLLAR_MOVE; exact dollar/contract scaling unverified,QuantData
2026-08-17T16:00:00-04:00,2026-09-04,595.0,call,0.0,0.0,,0.0,,,,,4047529.0,9502620.0,-5455091.0,-2303749.0,,2581076271.0,,,968.46,100.0,unknown,QuantData PER_ONE_DOLLAR_MOVE; exact dollar/contract scaling unverified,QuantData
2026-08-17T16:00:00-04:00,2026-09-04,595.0,put,-61.0,-278.0,,-4601.0,,,,,4047529.0,9502620.0,-5455091.0,-2303749.0,,2581076271.0,,,968.46,100.0,unknown,QuantData PER_ONE_DOLLAR_MOVE; exact dollar/contract scaling unverified,QuantData
2026-08-17T16:00:00-04:00,2026-09-04,600.0,call,0.0,0.0,,0.0,,,,,4047529.0,9502620.0,-5455091.0,-2303749.0,,2581076271.0,,,968.46,100.0,unknown,QuantData PER_ONE_DOLLAR_MOVE; exact dollar/contract scaling unverified,QuantData
2026-08-17T16:00:00-04:00,2026-09-04,600.0,put,-689.0,-3170.0,,-58206.0,,,,,4047529.0,9502620.0,-5455091.0,-2303749.0,,2581076271.0,,,968.46,100.0,unknown,QuantData PER_ONE_DOLLAR_MOVE; exact dollar/contract scaling unverified,QuantData
2026-08-17T16:00:00-04:00,2026-09-04,610.0,call,0.0,0.0,,0.0,,,,,4047529.0,9502620.0,-5455091.0,-2303749.0,,2581076271.0,,,968.46,100.0,unknown,QuantData PER_ONE_DOLLAR_MOVE; exact dollar/contract scaling unverified,QuantData
2026-08-17T16:00:00-04:00,2026-09-04,610.0,put,-57.0,-254.0,,-4676.0,,,,,4047529.0,9502620.0,-5455091.0,-2303749.0,,2581076271.0,,,968.46,100.0,unknown,QuantData PER_ONE_DOLLAR_MOVE; exact dollar/contract scaling unverified,QuantData
2026-08-17T16:00:00-04:00,2026-09-04,615.0,call,0.0,0.0,,0.0,,,,,4047529.0,9502620.0,-5455091.0,-2303749.0,,2581076271.0,,,968.46,100.0,unknown,QuantData PER_ONE_DOLLAR_MOVE; exact dollar/contract scaling unverified,QuantData
2026-08-17T16:00:00-04:00,2026-09-04,615.0,put,-601.0,-2404.0,,-51507.0,,,,,4047529.0,9502620.0,-5455091.0,-2303749.0,,2581076271.0,,,968.46,100.0,unknown,QuantData PER_ONE_DOLLAR_MOVE; exact dollar/contract scaling unverified,QuantData
2026-08-17T16:00:00-04:00,2026-09-04,620.0,call,0.0,0.0,,0.0,,,,,4047529.0,9502620.0,-5455091.0,-2303749.0,,2581076271.0,,,968.46,100.0,unknown,QuantData PER_ONE_DOLLAR_MOVE; exact dollar/contract scaling unverified,QuantData
2026-08-17T16:00:00-04:00,2026-09-04,620.0,put,-906.0,-4028.0,,-77365.0,,,,,4047529.0,9502620.0,-5455091.0,-2303749.0,,2581076271.0,,,968.46,100.0,unknown,QuantData PER_ONE_DOLLAR_MOVE; exact dollar/contract scaling unverified,QuantData
2026-08-17T16:00:00-04:00,2026-09-04,635.0,call,0.0,0.0,,0.0,,,,,4047529.0,9502620.0,-5455091.0,-2303749.0,,2581076271.0,,,968.46,100.0,unknown,QuantData PER_ONE_DOLLAR_MOVE; exact dollar/contract scaling unverified,QuantData
2026-08-17T16:00:00-04:00,2026-09-04,635.0,put,-320.0,-1244.0,,-32492.0,,,,,4047529.0,9502620.0,-5455091.0,-2303749.0,,2581076271.0,,,968.46,100.0,unknown,QuantData PER_ONE_DOLLAR_MOVE; exact dollar/contract scaling unverified,QuantData
2026-08-17T16:00:00-04:00,2026-09-04,645.0,call,0.0,0.0,,0.0,,,,,4047529.0,9502620.0,-5455091.0,-2303749.0,,2581076271.0,,,968.46,100.0,unknown,QuantData PER_ONE_DOLLAR_MOVE; exact dollar/contract scaling unverified,QuantData
2026-08-17T16:00:00-04:00,2026-09-04,645.0,put,-677.0,-2432.0,,-64175.0,,,,,4047529.0,9502620.0,-5455091.0,-2303749.0,,2581076271.0,,,968.46,100.0,unknown,QuantData PER_ONE_DOLLAR_MOVE; exact dollar/contract scaling unverified,QuantData
2026-08-17T16:00:00-04:00,2026-09-04,650.0,call,0.0,0.0,,0.0,,,,,4047529.0,9502620.0,-5455091.0,-2303749.0,,2581076271.0,,,968.46,100.0,unknown,QuantData PER_ONE_DOLLAR_MOVE; exact dollar/contract scaling unverified,QuantData
2026-08-17T16:00:00-04:00,2026-09-04,650.0,put,-928.0,-3993.0,,-74657.0,,,,,4047529.0,9502620.0,-5455091.0,-2303749.0,,2581076271.0,,,968.46,100.0,unknown,QuantData PER_ONE_DOLLAR_MOVE; exact dollar/contract scaling unverified,QuantData
2026-08-17T16:00:00-04:00,2026-09-04,660.0,call,0.0,0.0,,0.0,,,,,4047529.0,9502620.0,-5455091.0,-2303749.0,,2581076271.0,,,968.46,100.0,unknown,QuantData PER_ONE_DOLLAR_MOVE; exact dollar/contract scaling unverified,QuantData
2026-08-17T16:00:00-04:00,2026-09-04,660.0,put,0.0,0.0,,0.0,,,,,4047529.0,9502620.0,-5455091.0,-2303749.0,,2581076271.0,,,968.46,100.0,unknown,QuantData PER_ONE_DOLLAR_MOVE; exact dollar/contract scaling unverified,QuantData
2026-08-17T16:00:00-04:00,2026-09-04,670.0,call,0.0,0.0,,0.0,,,,,4047529.0,9502620.0,-5455091.0,-2303749.0,,2581076271.0,,,968.46,100.0,unknown,QuantData PER_ONE_DOLLAR_MOVE; exact dollar/contract scaling unverified,QuantData
2026-08-17T16:00:00-04:00,2026-09-04,670.0,put,-1500.0,-5703.0,,-143172.0,,,,,4047529.0,9502620.0,-5455091.0,-2303749.0,,2581076271.0,,,968.46,100.0,unknown,QuantData PER_ONE_DOLLAR_MOVE; exact dollar/contract scaling unverified,QuantData
2026-08-17T16:00:00-04:00,2026-09-04,680.0,call,0.0,0.0,,0.0,,,,,4047529.0,9502620.0,-5455091.0,-2303749.0,,2581076271.0,,,968.46,100.0,unknown,QuantData PER_ONE_DOLLAR_MOVE; exact dollar/contract scaling unverified,QuantData
2026-08-17T16:00:00-04:00,2026-09-04,680.0,put,-1735.0,-6508.0,,-154165.0,,,,,4047529.0,9502620.0,-5455091.0,-2303749.0,,2581076271.0,,,968.46,100.0,unknown,QuantData PER_ONE_DOLLAR_MOVE; exact dollar/contract scaling unverified,QuantData
2026-08-17T16:00:00-04:00,2026-09-04,690.0,call,72.0,-259.0,,188452.0,,,,,4047529.0,9502620.0,-5455091.0,-2303749.0,,2581076271.0,,,968.46,100.0,unknown,QuantData PER_ONE_DOLLAR_MOVE; exact dollar/contract scaling unverified,QuantData
2026-08-17T16:00:00-04:00,2026-09-04,690.0,put,0.0,0.0,,0.0,,,,,4047529.0,9502620.0,-5455091.0,-2303749.0,,2581076271.0,,,968.46,100.0,unknown,QuantData PER_ONE_DOLLAR_MOVE; exact dollar/contract scaling unverified,QuantData
2026-08-17T16:00:00-04:00,2026-09-04,700.0,call,0.0,0.0,,0.0,,,,,4047529.0,9502620.0,-5455091.0,-2303749.0,,2581076271.0,,,968.46,100.0,unknown,QuantData PER_ONE_DOLLAR_MOVE; exact dollar/contract scaling unverified,QuantData
2026-08-17T16:00:00-04:00,2026-09-04,700.0,put,-6374.0,-21853.0,,-582918.0,,,,,4047529.0,9502620.0,-5455091.0,-2303749.0,,2581076271.0,,,968.46,100.0,unknown,QuantData PER_ONE_DOLLAR_MOVE; exact dollar/contract scaling unverified,QuantData
2026-08-17T16:00:00-04:00,2026-09-04,710.0,call,230.0,-747.0,,470589.0,,,,,4047529.0,9502620.0,-5455091.0,-2303749.0,,2581076271.0,,,968.46,100.0,unknown,QuantData PER_ONE_DOLLAR_MOVE; exact dollar/contract scaling unverified,QuantData
2026-08-17T16:00:00-04:00,2026-09-04,710.0,put,0.0,0.0,,0.0,,,,,4047529.0,9502620.0,-5455091.0,-2303749.0,,2581076271.0,,,968.46,100.0,unknown,QuantData PER_ONE_DOLLAR_MOVE; exact dollar/contract scaling unverified,QuantData
2026-08-17T16:00:00-04:00,2026-09-04,715.0,call,0.0,0.0,,0.0,,,,,4047529.0,9502620.0,-5455091.0,-2303749.0,,2581076271.0,,,968.46,100.0,unknown,QuantData PER_ONE_DOLLAR_MOVE; exact dollar/contract scaling unverified,QuantData
2026-08-17T16:00:00-04:00,2026-09-04,715.0,put,-1198.0,-4074.0,,-109553.0,,,,,4047529.0,9502620.0,-5455091.0,-2303749.0,,2581076271.0,,,968.46,100.0,unknown,QuantData PER_ONE_DOLLAR_MOVE; exact dollar/contract scaling unverified,QuantData
2026-08-17T16:00:00-04:00,2026-09-04,730.0,call,108.0,-331.0,,187172.0,,,,,4047529.0,9502620.0,-5455091.0,-2303749.0,,2581076271.0,,,968.46,100.0,unknown,QuantData PER_ONE_DOLLAR_MOVE; exact dollar/contract scaling unverified,QuantData
2026-08-17T16:00:00-04:00,2026-09-04,730.0,put,0.0,0.0,,0.0,,,,,4047529.0,9502620.0,-5455091.0,-2303749.0,,2581076271.0,,,968.46,100.0,unknown,QuantData PER_ONE_DOLLAR_MOVE; exact dollar/contract scaling unverified,QuantData
2026-08-17T16:00:00-04:00,2026-09-04,735.0,call,0.0,0.0,,0.0,,,,,4047529.0,9502620.0,-5455091.0,-2303749.0,,2581076271.0,,,968.46,100.0,unknown,QuantData PER_ONE_DOLLAR_MOVE; exact dollar/contract scaling unverified,QuantData
2026-08-17T16:00:00-04:00,2026-09-04,735.0,put,-999.0,-3083.0,,-97861.0,,,,,4047529.0,9502620.0,-5455091.0,-2303749.0,,2581076271.0,,,968.46,100.0,unknown,QuantData PER_ONE_DOLLAR_MOVE; exact dollar/contract scaling unverified,QuantData
2026-08-17T16:00:00-04:00,2026-09-04,740.0,call,0.0,0.0,,0.0,,,,,4047529.0,9502620.0,-5455091.0,-2303749.0,,2581076271.0,,,968.46,100.0,unknown,QuantData PER_ONE_DOLLAR_MOVE; exact dollar/contract scaling unverified,QuantData
2026-08-17T16:00:00-04:00,2026-09-04,740.0,put,-538.0,-1505.0,,-52556.0,,,,,4047529.0,9502620.0,-5455091.0,-2303749.0,,2581076271.0,,,968.46,100.0,unknown,QuantData PER_ONE_DOLLAR_MOVE; exact dollar/contract scaling unverified,QuantData
2026-08-17T16:00:00-04:00,2026-09-04,745.0,call,0.0,0.0,,0.0,,,,,4047529.0,9502620.0,-5455091.0,-2303749.0,,2581076271.0,,,968.46,100.0,unknown,QuantData PER_ONE_DOLLAR_MOVE; exact dollar/contract scaling unverified,QuantData
2026-08-17T16:00:00-04:00,2026-09-04,745.0,put,-129.0,-363.0,,-13737.0,,,,,4047529.0,9502620.0,-5455091.0,-2303749.0,,2581076271.0,,,968.46,100.0,unknown,QuantData PER_ONE_DOLLAR_MOVE; exact dollar/contract scaling unverified,QuantData
2026-08-17T16:00:00-04:00,2026-09-04,750.0,call,0.0,0.0,,0.0,,,,,4047529.0,9502620.0,-5455091.0,-2303749.0,,2581076271.0,,,968.46,100.0,unknown,QuantData PER_ONE_DOLLAR_MOVE; exact dollar/contract scaling unverified,QuantData
2026-08-17T16:00:00-04:00,2026-09-04,750.0,put,-6863.0,-18307.0,,-698190.0,,,,,4047529.0,9502620.0,-5455091.0,-2303749.0,,2581076271.0,,,968.46,100.0,unknown,QuantData PER_ONE_DOLLAR_MOVE; exact dollar/contract scaling unverified,QuantData
2026-08-17T16:00:00-04:00,2026-09-04,755.0,call,0.0,0.0,,0.0,,,,,4047529.0,9502620.0,-5455091.0,-2303749.0,,2581076271.0,,,968.46,100.0,unknown,QuantData PER_ONE_DOLLAR_MOVE; exact dollar/contract scaling unverified,QuantData
2026-08-17T16:00:00-04:00,2026-09-04,755.0,put,-3210.0,-8798.0,,-337427.0,,,,,4047529.0,9502620.0,-5455091.0,-2303749.0,,2581076271.0,,,968.46,100.0,unknown,QuantData PER_ONE_DOLLAR_MOVE; exact dollar/contract scaling unverified,QuantData
2026-08-17T16:00:00-04:00,2026-09-04,760.0,call,367.0,-974.0,,453909.0,,,,,4047529.0,9502620.0,-5455091.0,-2303749.0,,2581076271.0,,,968.46,100.0,unknown,QuantData PER_ONE_DOLLAR_MOVE; exact dollar/contract scaling unverified,QuantData
2026-08-17T16:00:00-04:00,2026-09-04,760.0,put,-1945.0,-4926.0,,-212849.0,,,,,4047529.0,9502620.0,-5455091.0,-2303749.0,,2581076271.0,,,968.46,100.0,unknown,QuantData PER_ONE_DOLLAR_MOVE; exact dollar/contract scaling unverified,QuantData
2026-08-17T16:00:00-04:00,2026-09-04,765.0,call,0.0,0.0,,0.0,,,,,4047529.0,9502620.0,-5455091.0,-2303749.0,,2581076271.0,,,968.46,100.0,unknown,QuantData PER_ONE_DOLLAR_MOVE; exact dollar/contract scaling unverified,QuantData
2026-08-17T16:00:00-04:00,2026-09-04,765.0,put,-3011.0,-7471.0,,-314048.0,,,,,4047529.0,9502620.0,-5455091.0,-2303749.0,,2581076271.0,,,968.46,100.0,unknown,QuantData PER_ONE_DOLLAR_MOVE; exact dollar/contract scaling unverified,QuantData
2026-08-17T16:00:00-04:00,2026-09-04,770.0,call,0.0,0.0,,0.0,,,,,4047529.0,9502620.0,-5455091.0,-2303749.0,,2581076271.0,,,968.46,100.0,unknown,QuantData PER_ONE_DOLLAR_MOVE; exact dollar/contract scaling unverified,QuantData
2026-08-17T16:00:00-04:00,2026-09-04,770.0,put,-6968.0,-17670.0,,-770183.0,,,,,4047529.0,9502620.0,-5455091.0,-2303749.0,,2581076271.0,,,968.46,100.0,unknown,QuantData PER_ONE_DOLLAR_MOVE; exact dollar/contract scaling unverified,QuantData
2026-08-17T16:00:00-04:00,2026-09-04,775.0,call,0.0,0.0,,0.0,,,,,4047529.0,9502620.0,-5455091.0,-2303749.0,,2581076271.0,,,968.46,100.0,unknown,QuantData PER_ONE_DOLLAR_MOVE; exact dollar/contract scaling unverified,QuantData
2026-08-17T16:00:00-04:00,2026-09-04,775.0,put,-932.0,-2140.0,,-100688.0,,,,,4047529.0,9502620.0,-5455091.0,-2303749.0,,2581076271.0,,,968.46,100.0,unknown,QuantData PER_ONE_DOLLAR_MOVE; exact dollar/contract scaling unverified,QuantData
2026-08-17T16:00:00-04:00,2026-09-04,780.0,call,0.0,0.0,,0.0,,,,,4047529.0,9502620.0,-5455091.0,-2303749.0,,2581076271.0,,,968.46,100.0,unknown,QuantData PER_ONE_DOLLAR_MOVE; exact dollar/contract scaling unverified,QuantData
2026-08-17T16:00:00-04:00,2026-09-04,780.0,put,-3038.0,-7176.0,,-336509.0,,,,,4047529.0,9502620.0,-5455091.0,-2303749.0,,2581076271.0,,,968.46,100.0,unknown,QuantData PER_ONE_DOLLAR_MOVE; exact dollar/contract scaling unverified,QuantData
2026-08-17T16:00:00-04:00,2026-09-04,785.0,call,0.0,0.0,,0.0,,,,,4047529.0,9502620.0,-5455091.0,-2303749.0,,2581076271.0,,,968.46,100.0,unknown,QuantData PER_ONE_DOLLAR_MOVE; exact dollar/contract scaling unverified,QuantData
2026-08-17T16:00:00-04:00,2026-09-04,785.0,put,-4192.0,-9893.0,,-475441.0,,,,,4047529.0,9502620.0,-5455091.0,-2303749.0,,2581076271.0,,,968.46,100.0,unknown,QuantData PER_ONE_DOLLAR_MOVE; exact dollar/contract scaling unverified,QuantData
2026-08-17T16:00:00-04:00,2026-09-04,790.0,call,0.0,0.0,,0.0,,,,,4047529.0,9502620.0,-5455091.0,-2303749.0,,2581076271.0,,,968.46,100.0,unknown,QuantData PER_ONE_DOLLAR_MOVE; exact dollar/contract scaling unverified,QuantData
2026-08-17T16:00:00-04:00,2026-09-04,790.0,put,-9664.0,-22479.0,,-1110530.0,,,,,4047529.0,9502620.0,-5455091.0,-2303749.0,,2581076271.0,,,968.46,100.0,unknown,QuantData PER_ONE_DOLLAR_MOVE; exact dollar/contract scaling unverified,QuantData
2026-08-17T16:00:00-04:00,2026-09-04,795.0,call,0.0,0.0,,0.0,,,,,4047529.0,9502620.0,-5455091.0,-2303749.0,,2581076271.0,,,968.46,100.0,unknown,QuantData PER_ONE_DOLLAR_MOVE; exact dollar/contract scaling unverified,QuantData
2026-08-17T16:00:00-04:00,2026-09-04,795.0,put,-8431.0,-19072.0,,-980570.0,,,,,4047529.0,9502620.0,-5455091.0,-2303749.0,,2581076271.0,,,968.46,100.0,unknown,QuantData PER_ONE_DOLLAR_MOVE; exact dollar/contract scaling unverified,QuantData
2026-08-17T16:00:00-04:00,2026-09-04,800.0,call,1674.0,-3497.0,,1374823.0,,,,,4047529.0,9502620.0,-5455091.0,-2303749.0,,2581076271.0,,,968.46,100.0,unknown,QuantData PER_ONE_DOLLAR_MOVE; exact dollar/contract scaling unverified,QuantData
2026-08-17T16:00:00-04:00,2026-09-04,800.0,put,-53053.0,-112859.0,,-5698582.0,,,,,4047529.0,9502620.0,-5455091.0,-2303749.0,,2581076271.0,,,968.46,100.0,unknown,QuantData PER_ONE_DOLLAR_MOVE; exact dollar/contract scaling unverified,QuantData
2026-08-17T16:00:00-04:00,2026-09-04,805.0,call,1674.0,-3534.0,,1383595.0,,,,,4047529.0,9502620.0,-5455091.0,-2303749.0,,2581076271.0,,,968.46,100.0,unknown,QuantData PER_ONE_DOLLAR_MOVE; exact dollar/contract scaling unverified,QuantData
2026-08-17T16:00:00-04:00,2026-09-04,805.0,put,-11406.0,-21406.0,,-1347568.0,,,,,4047529.0,9502620.0,-5455091.0,-2303749.0,,2581076271.0,,,968.46,100.0,unknown,QuantData PER_ONE_DOLLAR_MOVE; exact dollar/contract scaling unverified,QuantData
2026-08-17T16:00:00-04:00,2026-09-04,810.0,call,0.0,0.0,,0.0,,,,,4047529.0,9502620.0,-5455091.0,-2303749.0,,2581076271.0,,,968.46,100.0,unknown,QuantData PER_ONE_DOLLAR_MOVE; exact dollar/contract scaling unverified,QuantData
2026-08-17T16:00:00-04:00,2026-09-04,810.0,put,-19628.0,-40023.0,,-2404552.0,,,,,4047529.0,9502620.0,-5455091.0,-2303749.0,,2581076271.0,,,968.46,100.0,unknown,QuantData PER_ONE_DOLLAR_MOVE; exact dollar/contract scaling unverified,QuantData
2026-08-17T16:00:00-04:00,2026-09-04,820.0,call,0.0,0.0,,0.0,,,,,4047529.0,9502620.0,-5455091.0,-2303749.0,,2581076271.0,,,968.46,100.0,unknown,QuantData PER_ONE_DOLLAR_MOVE; exact dollar/contract scaling unverified,QuantData
2026-08-17T16:00:00-04:00,2026-09-04,820.0,put,-42994.0,-76103.0,,-5265110.0,,,,,4047529.0,9502620.0,-5455091.0,-2303749.0,,2581076271.0,,,968.46,100.0,unknown,QuantData PER_ONE_DOLLAR_MOVE; exact dollar/contract scaling unverified,QuantData
2026-08-17T16:00:00-04:00,2026-09-04,825.0,call,0.0,0.0,,0.0,,,,,4047529.0,9502620.0,-5455091.0,-2303749.0,,2581076271.0,,,968.46,100.0,unknown,QuantData PER_ONE_DOLLAR_MOVE; exact dollar/contract scaling unverified,QuantData
2026-08-17T16:00:00-04:00,2026-09-04,825.0,put,-3948.0,-7092.0,,-505899.0,,,,,4047529.0,9502620.0,-5455091.0,-2303749.0,,2581076271.0,,,968.46,100.0,unknown,QuantData PER_ONE_DOLLAR_MOVE; exact dollar/contract scaling unverified,QuantData
2026-08-17T16:00:00-04:00,2026-09-04,830.0,call,11660.0,-20944.0,,7828405.0,,,,,4047529.0,9502620.0,-5455091.0,-2303749.0,,2581076271.0,,,968.46,100.0,unknown,QuantData PER_ONE_DOLLAR_MOVE; exact dollar/contract scaling unverified,QuantData
2026-08-17T16:00:00-04:00,2026-09-04,830.0,put,-10875.0,-20118.0,,-1371134.0,,,,,4047529.0,9502620.0,-5455091.0,-2303749.0,,2581076271.0,,,968.46,100.0,unknown,QuantData PER_ONE_DOLLAR_MOVE; exact dollar/contract scaling unverified,QuantData
2026-08-17T16:00:00-04:00,2026-09-04,835.0,call,0.0,0.0,,0.0,,,,,4047529.0,9502620.0,-5455091.0,-2303749.0,,2581076271.0,,,968.46,100.0,unknown,QuantData PER_ONE_DOLLAR_MOVE; exact dollar/contract scaling unverified,QuantData
2026-08-17T16:00:00-04:00,2026-09-04,835.0,put,-7687.0,-12619.0,,-981206.0,,,,,4047529.0,9502620.0,-5455091.0,-2303749.0,,2581076271.0,,,968.46,100.0,unknown,QuantData PER_ONE_DOLLAR_MOVE; exact dollar/contract scaling unverified,QuantData
2026-08-17T16:00:00-04:00,2026-09-04,840.0,call,0.0,0.0,,0.0,,,,,4047529.0,9502620.0,-5455091.0,-2303749.0,,2581076271.0,,,968.46,100.0,unknown,QuantData PER_ONE_DOLLAR_MOVE; exact dollar/contract scaling unverified,QuantData
2026-08-17T16:00:00-04:00,2026-09-04,840.0,put,-16947.0,-27782.0,,-2249460.0,,,,,4047529.0,9502620.0,-5455091.0,-2303749.0,,2581076271.0,,,968.46,100.0,unknown,QuantData PER_ONE_DOLLAR_MOVE; exact dollar/contract scaling unverified,QuantData
2026-08-17T16:00:00-04:00,2026-09-04,850.0,call,0.0,0.0,,0.0,,,,,4047529.0,9502620.0,-5455091.0,-2303749.0,,2581076271.0,,,968.46,100.0,unknown,QuantData PER_ONE_DOLLAR_MOVE; exact dollar/contract scaling unverified,QuantData
2026-08-17T16:00:00-04:00,2026-09-04,850.0,put,-13130.0,-19786.0,,-1798569.0,,,,,4047529.0,9502620.0,-5455091.0,-2303749.0,,2581076271.0,,,968.46,100.0,unknown,QuantData PER_ONE_DOLLAR_MOVE; exact dollar/contract scaling unverified,QuantData
2026-08-17T16:00:00-04:00,2026-09-04,855.0,call,0.0,0.0,,0.0,,,,,4047529.0,9502620.0,-5455091.0,-2303749.0,,2581076271.0,,,968.46,100.0,unknown,QuantData PER_ONE_DOLLAR_MOVE; exact dollar/contract scaling unverified,QuantData
2026-08-17T16:00:00-04:00,2026-09-04,855.0,put,-17813.0,-26311.0,,-2438502.0,,,,,4047529.0,9502620.0,-5455091.0,-2303749.0,,2581076271.0,,,968.46,100.0,unknown,QuantData PER_ONE_DOLLAR_MOVE; exact dollar/contract scaling unverified,QuantData
2026-08-17T16:00:00-04:00,2026-09-04,860.0,call,0.0,0.0,,0.0,,,,,4047529.0,9502620.0,-5455091.0,-2303749.0,,2581076271.0,,,968.46,100.0,unknown,QuantData PER_ONE_DOLLAR_MOVE; exact dollar/contract scaling unverified,QuantData
2026-08-17T16:00:00-04:00,2026-09-04,860.0,put,-27853.0,-39106.0,,-3857673.0,,,,,4047529.0,9502620.0,-5455091.0,-2303749.0,,2581076271.0,,,968.46,100.0,unknown,QuantData PER_ONE_DOLLAR_MOVE; exact dollar/contract scaling unverified,QuantData
2026-08-17T16:00:00-04:00,2026-09-04,870.0,call,0.0,0.0,,0.0,,,,,4047529.0,9502620.0,-5455091.0,-2303749.0,,2581076271.0,,,968.46,100.0,unknown,QuantData PER_ONE_DOLLAR_MOVE; exact dollar/contract scaling unverified,QuantData
2026-08-17T16:00:00-04:00,2026-09-04,870.0,put,-6734.0,-8618.0,,-978234.0,,,,,4047529.0,9502620.0,-5455091.0,-2303749.0,,2581076271.0,,,968.46,100.0,unknown,QuantData PER_ONE_DOLLAR_MOVE; exact dollar/contract scaling unverified,QuantData
2026-08-17T16:00:00-04:00,2026-09-04,875.0,call,932.0,-1155.0,,460285.0,,,,,4047529.0,9502620.0,-5455091.0,-2303749.0,,2581076271.0,,,968.46,100.0,unknown,QuantData PER_ONE_DOLLAR_MOVE; exact dollar/contract scaling unverified,QuantData
2026-08-17T16:00:00-04:00,2026-09-04,875.0,put,-13685.0,-16831.0,,-1998515.0,,,,,4047529.0,9502620.0,-5455091.0,-2303749.0,,2581076271.0,,,968.46,100.0,unknown,QuantData PER_ONE_DOLLAR_MOVE; exact dollar/contract scaling unverified,QuantData
2026-08-17T16:00:00-04:00,2026-09-04,880.0,call,25233.0,-26783.0,,11706289.0,,,,,4047529.0,9502620.0,-5455091.0,-2303749.0,,2581076271.0,,,968.46,100.0,unknown,QuantData PER_ONE_DOLLAR_MOVE; exact dollar/contract scaling unverified,QuantData
2026-08-17T16:00:00-04:00,2026-09-04,880.0,put,-19132.0,-21892.0,,-2848129.0,,,,,4047529.0,9502620.0,-5455091.0,-2303749.0,,2581076271.0,,,968.46,100.0,unknown,QuantData PER_ONE_DOLLAR_MOVE; exact dollar/contract scaling unverified,QuantData
2026-08-17T16:00:00-04:00,2026-09-04,885.0,call,0.0,0.0,,0.0,,,,,4047529.0,9502620.0,-5455091.0,-2303749.0,,2581076271.0,,,968.46,100.0,unknown,QuantData PER_ONE_DOLLAR_MOVE; exact dollar/contract scaling unverified,QuantData
2026-08-17T16:00:00-04:00,2026-09-04,885.0,put,-5542.0,-2985.0,,-925991.0,,,,,4047529.0,9502620.0,-5455091.0,-2303749.0,,2581076271.0,,,968.46,100.0,unknown,QuantData PER_ONE_DOLLAR_MOVE; exact dollar/contract scaling unverified,QuantData
2026-08-17T16:00:00-04:00,2026-09-04,890.0,call,47623.0,-22529.0,,16999275.0,,,,,4047529.0,9502620.0,-5455091.0,-2303749.0,,2581076271.0,,,968.46,100.0,unknown,QuantData PER_ONE_DOLLAR_MOVE; exact dollar/contract scaling unverified,QuantData
2026-08-17T16:00:00-04:00,2026-09-04,890.0,put,-3694.0,-3244.0,,-591124.0,,,,,4047529.0,9502620.0,-5455091.0,-2303749.0,,2581076271.0,,,968.46,100.0,unknown,QuantData PER_ONE_DOLLAR_MOVE; exact dollar/contract scaling unverified,QuantData
2026-08-17T16:00:00-04:00,2026-09-04,900.0,call,4605.0,-3205.0,,1689949.0,,,,,4047529.0,9502620.0,-5455091.0,-2303749.0,,2581076271.0,,,968.46,100.0,unknown,QuantData PER_ONE_DOLLAR_MOVE; exact dollar/contract scaling unverified,QuantData
2026-08-17T16:00:00-04:00,2026-09-04,900.0,put,-8055.0,-5792.0,,-1288541.0,,,,,4047529.0,9502620.0,-5455091.0,-2303749.0,,2581076271.0,,,968.46,100.0,unknown,QuantData PER_ONE_DOLLAR_MOVE; exact dollar/contract scaling unverified,QuantData
2026-08-17T16:00:00-04:00,2026-09-04,905.0,call,1608.0,-1253.0,,627364.0,,,,,4047529.0,9502620.0,-5455091.0,-2303749.0,,2581076271.0,,,968.46,100.0,unknown,QuantData PER_ONE_DOLLAR_MOVE; exact dollar/contract scaling unverified,QuantData
2026-08-17T16:00:00-04:00,2026-09-04,905.0,put,-4762.0,-4021.0,,-781833.0,,,,,4047529.0,9502620.0,-5455091.0,-2303749.0,,2581076271.0,,,968.46,100.0,unknown,QuantData PER_ONE_DOLLAR_MOVE; exact dollar/contract scaling unverified,QuantData
2026-08-17T16:00:00-04:00,2026-09-04,910.0,call,1895.0,-726.0,,619162.0,,,,,4047529.0,9502620.0,-5455091.0,-2303749.0,,2581076271.0,,,968.46,100.0,unknown,QuantData PER_ONE_DOLLAR_MOVE; exact dollar/contract scaling unverified,QuantData
2026-08-17T16:00:00-04:00,2026-09-04,910.0,put,-4620.0,-3620.0,,-752099.0,,,,,4047529.0,9502620.0,-5455091.0,-2303749.0,,2581076271.0,,,968.46,100.0,unknown,QuantData PER_ONE_DOLLAR_MOVE; exact dollar/contract scaling unverified,QuantData
2026-08-17T16:00:00-04:00,2026-09-04,915.0,call,6629.0,-4016.0,,2406798.0,,,,,4047529.0,9502620.0,-5455091.0,-2303749.0,,2581076271.0,,,968.46,100.0,unknown,QuantData PER_ONE_DOLLAR_MOVE; exact dollar/contract scaling unverified,QuantData
2026-08-17T16:00:00-04:00,2026-09-04,915.0,put,0.0,0.0,,0.0,,,,,4047529.0,9502620.0,-5455091.0,-2303749.0,,2581076271.0,,,968.46,100.0,unknown,QuantData PER_ONE_DOLLAR_MOVE; exact dollar/contract scaling unverified,QuantData
2026-08-17T16:00:00-04:00,2026-09-04,920.0,call,2151.0,-975.0,,700056.0,,,,,4047529.0,9502620.0,-5455091.0,-2303749.0,,2581076271.0,,,968.46,100.0,unknown,QuantData PER_ONE_DOLLAR_MOVE; exact dollar/contract scaling unverified,QuantData
2026-08-17T16:00:00-04:00,2026-09-04,920.0,put,0.0,0.0,,0.0,,,,,4047529.0,9502620.0,-5455091.0,-2303749.0,,2581076271.0,,,968.46,100.0,unknown,QuantData PER_ONE_DOLLAR_MOVE; exact dollar/contract scaling unverified,QuantData
2026-08-17T16:00:00-04:00,2026-09-04,930.0,call,974.0,-123.0,,287871.0,,,,,4047529.0,9502620.0,-5455091.0,-2303749.0,,2581076271.0,,,968.46,100.0,unknown,QuantData PER_ONE_DOLLAR_MOVE; exact dollar/contract scaling unverified,QuantData
2026-08-17T16:00:00-04:00,2026-09-04,930.0,put,-11328.0,-5363.0,,-1987068.0,,,,,4047529.0,9502620.0,-5455091.0,-2303749.0,,2581076271.0,,,968.46,100.0,unknown,QuantData PER_ONE_DOLLAR_MOVE; exact dollar/contract scaling unverified,QuantData
2026-08-17T16:00:00-04:00,2026-09-04,940.0,call,0.0,0.0,,0.0,,,,,4047529.0,9502620.0,-5455091.0,-2303749.0,,2581076271.0,,,968.46,100.0,unknown,QuantData PER_ONE_DOLLAR_MOVE; exact dollar/contract scaling unverified,QuantData
2026-08-17T16:00:00-04:00,2026-09-04,940.0,put,-2871.0,-1083.0,,-529394.0,,,,,4047529.0,9502620.0,-5455091.0,-2303749.0,,2581076271.0,,,968.46,100.0,unknown,QuantData PER_ONE_DOLLAR_MOVE; exact dollar/contract scaling unverified,QuantData
2026-08-17T16:00:00-04:00,2026-09-04,942.5,call,0.0,0.0,,0.0,,,,,4047529.0,9502620.0,-5455091.0,-2303749.0,,2581076271.0,,,968.46,100.0,unknown,QuantData PER_ONE_DOLLAR_MOVE; exact dollar/contract scaling unverified,QuantData
2026-08-17T16:00:00-04:00,2026-09-04,942.5,put,0.0,0.0,,0.0,,,,,4047529.0,9502620.0,-5455091.0,-2303749.0,,2581076271.0,,,968.46,100.0,unknown,QuantData PER_ONE_DOLLAR_MOVE; exact dollar/contract scaling unverified,QuantData
2026-08-17T16:00:00-04:00,2026-09-04,945.0,call,0.0,0.0,,0.0,,,,,4047529.0,9502620.0,-5455091.0,-2303749.0,,2581076271.0,,,968.46,100.0,unknown,QuantData PER_ONE_DOLLAR_MOVE; exact dollar/contract scaling unverified,QuantData
2026-08-17T16:00:00-04:00,2026-09-04,945.0,put,0.0,0.0,,0.0,,,,,4047529.0,9502620.0,-5455091.0,-2303749.0,,2581076271.0,,,968.46,100.0,unknown,QuantData PER_ONE_DOLLAR_MOVE; exact dollar/contract scaling unverified,QuantData
2026-08-17T16:00:00-04:00,2026-09-04,950.0,call,23342.0,-1582.0,,6437473.0,,,,,4047529.0,9502620.0,-5455091.0,-2303749.0,,2581076271.0,,,968.46,100.0,unknown,QuantData PER_ONE_DOLLAR_MOVE; exact dollar/contract scaling unverified,QuantData
2026-08-17T16:00:00-04:00,2026-09-04,950.0,put,-14735.0,-1176.0,,-2870404.0,,,,,4047529.0,9502620.0,-5455091.0,-2303749.0,,2581076271.0,,,968.46,100.0,unknown,QuantData PER_ONE_DOLLAR_MOVE; exact dollar/contract scaling unverified,QuantData
2026-08-17T16:00:00-04:00,2026-09-04,955.0,call,8280.0,2411.0,,1972381.0,,,,,4047529.0,9502620.0,-5455091.0,-2303749.0,,2581076271.0,,,968.46,100.0,unknown,QuantData PER_ONE_DOLLAR_MOVE; exact dollar/contract scaling unverified,QuantData
2026-08-17T16:00:00-04:00,2026-09-04,955.0,put,-602.0,16.0,,-124233.0,,,,,4047529.0,9502620.0,-5455091.0,-2303749.0,,2581076271.0,,,968.46,100.0,unknown,QuantData PER_ONE_DOLLAR_MOVE; exact dollar/contract scaling unverified,QuantData
2026-08-17T16:00:00-04:00,2026-09-04,960.0,call,14389.0,-326.0,,4029651.0,,,,,4047529.0,9502620.0,-5455091.0,-2303749.0,,2581076271.0,,,968.46,100.0,unknown,QuantData PER_ONE_DOLLAR_MOVE; exact dollar/contract scaling unverified,QuantData
2026-08-17T16:00:00-04:00,2026-09-04,960.0,put,-207.0,10.0,,-42121.0,,,,,4047529.0,9502620.0,-5455091.0,-2303749.0,,2581076271.0,,,968.46,100.0,unknown,QuantData PER_ONE_DOLLAR_MOVE; exact dollar/contract scaling unverified,QuantData
2026-08-17T16:00:00-04:00,2026-09-04,965.0,call,1184.0,-182.0,,360527.0,,,,,4047529.0,9502620.0,-5455091.0,-2303749.0,,2581076271.0,,,968.46,100.0,unknown,QuantData PER_ONE_DOLLAR_MOVE; exact dollar/contract scaling unverified,QuantData
2026-08-17T16:00:00-04:00,2026-09-04,965.0,put,0.0,0.0,,0.0,,,,,4047529.0,9502620.0,-5455091.0,-2303749.0,,2581076271.0,,,968.46,100.0,unknown,QuantData PER_ONE_DOLLAR_MOVE; exact dollar/contract scaling unverified,QuantData
2026-08-17T16:00:00-04:00,2026-09-04,970.0,call,1436.0,117.0,,384618.0,,,,,4047529.0,9502620.0,-5455091.0,-2303749.0,,2581076271.0,,,968.46,100.0,unknown,QuantData PER_ONE_DOLLAR_MOVE; exact dollar/contract scaling unverified,QuantData
2026-08-17T16:00:00-04:00,2026-09-04,970.0,put,-2383.0,-30.0,,-497490.0,,,,,4047529.0,9502620.0,-5455091.0,-2303749.0,,2581076271.0,,,968.46,100.0,unknown,QuantData PER_ONE_DOLLAR_MOVE; exact dollar/contract scaling unverified,QuantData
2026-08-17T16:00:00-04:00,2026-09-04,975.0,call,2506.0,559.0,,622937.0,,,,,4047529.0,9502620.0,-5455091.0,-2303749.0,,2581076271.0,,,968.46,100.0,unknown,QuantData PER_ONE_DOLLAR_MOVE; exact dollar/contract scaling unverified,QuantData
2026-08-17T16:00:00-04:00,2026-09-04,975.0,put,-405.0,50.0,,-87282.0,,,,,4047529.0,9502620.0,-5455091.0,-2303749.0,,2581076271.0,,,968.46,100.0,unknown,QuantData PER_ONE_DOLLAR_MOVE; exact dollar/contract scaling unverified,QuantData
2026-08-17T16:00:00-04:00,2026-09-04,980.0,call,5687.0,1578.0,,1374490.0,,,,,4047529.0,9502620.0,-5455091.0,-2303749.0,,2581076271.0,,,968.46,100.0,unknown,QuantData PER_ONE_DOLLAR_MOVE; exact dollar/contract scaling unverified,QuantData
2026-08-17T16:00:00-04:00,2026-09-04,980.0,put,-619.0,98.0,,-133299.0,,,,,4047529.0,9502620.0,-5455091.0,-2303749.0,,2581076271.0,,,968.46,100.0,unknown,QuantData PER_ONE_DOLLAR_MOVE; exact dollar/contract scaling unverified,QuantData
2026-08-17T16:00:00-04:00,2026-09-04,985.0,call,1202.0,255.0,,318646.0,,,,,4047529.0,9502620.0,-5455091.0,-2303749.0,,2581076271.0,,,968.46,100.0,unknown,QuantData PER_ONE_DOLLAR_MOVE; exact dollar/contract scaling unverified,QuantData
2026-08-17T16:00:00-04:00,2026-09-04,985.0,put,0.0,0.0,,0.0,,,,,4047529.0,9502620.0,-5455091.0,-2303749.0,,2581076271.0,,,968.46,100.0,unknown,QuantData PER_ONE_DOLLAR_MOVE; exact dollar/contract scaling unverified,QuantData
2026-08-17T16:00:00-04:00,2026-09-04,990.0,call,607.0,114.0,,161568.0,,,,,4047529.0,9502620.0,-5455091.0,-2303749.0,,2581076271.0,,,968.46,100.0,unknown,QuantData PER_ONE_DOLLAR_MOVE; exact dollar/contract scaling unverified,QuantData
2026-08-17T16:00:00-04:00,2026-09-04,990.0,put,-418.0,180.0,,-97515.0,,,,,4047529.0,9502620.0,-5455091.0,-2303749.0,,2581076271.0,,,968.46,100.0,unknown,QuantData PER_ONE_DOLLAR_MOVE; exact dollar/contract scaling unverified,QuantData
2026-08-17T16:00:00-04:00,2026-09-04,995.0,call,1815.0,399.0,,481185.0,,,,,4047529.0,9502620.0,-5455091.0,-2303749.0,,2581076271.0,,,968.46,100.0,unknown,QuantData PER_ONE_DOLLAR_MOVE; exact dollar/contract scaling unverified,QuantData
2026-08-17T16:00:00-04:00,2026-09-04,995.0,put,0.0,0.0,,0.0,,,,,4047529.0,9502620.0,-5455091.0,-2303749.0,,2581076271.0,,,968.46,100.0,unknown,QuantData PER_ONE_DOLLAR_MOVE; exact dollar/contract scaling unverified,QuantData
2026-08-17T16:00:00-04:00,2026-09-04,1000.0,call,11940.0,6011.0,,2567456.0,,,,,4047529.0,9502620.0,-5455091.0,-2303749.0,,2581076271.0,,,968.46,100.0,unknown,QuantData PER_ONE_DOLLAR_MOVE; exact dollar/contract scaling unverified,QuantData
2026-08-17T16:00:00-04:00,2026-09-04,1000.0,put,-1233.0,386.0,,-284305.0,,,,,4047529.0,9502620.0,-5455091.0,-2303749.0,,2581076271.0,,,968.46,100.0,unknown,QuantData PER_ONE_DOLLAR_MOVE; exact dollar/contract scaling unverified,QuantData
2026-08-17T16:00:00-04:00,2026-09-04,1005.0,call,3965.0,2239.0,,870889.0,,,,,4047529.0,9502620.0,-5455091.0,-2303749.0,,2581076271.0,,,968.46,100.0,unknown,QuantData PER_ONE_DOLLAR_MOVE; exact dollar/contract scaling unverified,QuantData
2026-08-17T16:00:00-04:00,2026-09-04,1005.0,put,0.0,0.0,,0.0,,,,,4047529.0,9502620.0,-5455091.0,-2303749.0,,2581076271.0,,,968.46,100.0,unknown,QuantData PER_ONE_DOLLAR_MOVE; exact dollar/contract scaling unverified,QuantData
2026-08-17T16:00:00-04:00,2026-09-04,1010.0,call,1442.0,776.0,,328245.0,,,,,4047529.0,9502620.0,-5455091.0,-2303749.0,,2581076271.0,,,968.46,100.0,unknown,QuantData PER_ONE_DOLLAR_MOVE; exact dollar/contract scaling unverified,QuantData
2026-08-17T16:00:00-04:00,2026-09-04,1010.0,put,0.0,0.0,,0.0,,,,,4047529.0,9502620.0,-5455091.0,-2303749.0,,2581076271.0,,,968.46,100.0,unknown,QuantData PER_ONE_DOLLAR_MOVE; exact dollar/contract scaling unverified,QuantData
2026-08-17T16:00:00-04:00,2026-09-04,1020.0,call,2869.0,1534.0,,665917.0,,,,,4047529.0,9502620.0,-5455091.0,-2303749.0,,2581076271.0,,,968.46,100.0,unknown,QuantData PER_ONE_DOLLAR_MOVE; exact dollar/contract scaling unverified,QuantData
2026-08-17T16:00:00-04:00,2026-09-04,1020.0,put,0.0,0.0,,0.0,,,,,4047529.0,9502620.0,-5455091.0,-2303749.0,,2581076271.0,,,968.46,100.0,unknown,QuantData PER_ONE_DOLLAR_MOVE; exact dollar/contract scaling unverified,QuantData
2026-08-17T16:00:00-04:00,2026-09-04,1025.0,call,2615.0,2126.0,,539522.0,,,,,4047529.0,9502620.0,-5455091.0,-2303749.0,,2581076271.0,,,968.46,100.0,unknown,QuantData PER_ONE_DOLLAR_MOVE; exact dollar/contract scaling unverified,QuantData
2026-08-17T16:00:00-04:00,2026-09-04,1025.0,put,-1011.0,773.0,,-273572.0,,,,,4047529.0,9502620.0,-5455091.0,-2303749.0,,2581076271.0,,,968.46,100.0,unknown,QuantData PER_ONE_DOLLAR_MOVE; exact dollar/contract scaling unverified,QuantData
2026-08-17T16:00:00-04:00,2026-09-04,1030.0,call,1432.0,785.0,,335075.0,,,,,4047529.0,9502620.0,-5455091.0,-2303749.0,,2581076271.0,,,968.46,100.0,unknown,QuantData PER_ONE_DOLLAR_MOVE; exact dollar/contract scaling unverified,QuantData
2026-08-17T16:00:00-04:00,2026-09-04,1030.0,put,0.0,0.0,,0.0,,,,,4047529.0,9502620.0,-5455091.0,-2303749.0,,2581076271.0,,,968.46,100.0,unknown,QuantData PER_ONE_DOLLAR_MOVE; exact dollar/contract scaling unverified,QuantData
2026-08-17T16:00:00-04:00,2026-09-04,1040.0,call,3241.0,2508.0,,692163.0,,,,,4047529.0,9502620.0,-5455091.0,-2303749.0,,2581076271.0,,,968.46,100.0,unknown,QuantData PER_ONE_DOLLAR_MOVE; exact dollar/contract scaling unverified,QuantData
2026-08-17T16:00:00-04:00,2026-09-04,1040.0,put,0.0,0.0,,0.0,,,,,4047529.0,9502620.0,-5455091.0,-2303749.0,,2581076271.0,,,968.46,100.0,unknown,QuantData PER_ONE_DOLLAR_MOVE; exact dollar/contract scaling unverified,QuantData
2026-08-17T16:00:00-04:00,2026-09-04,1050.0,call,4830.0,4710.0,,937960.0,,,,,4047529.0,9502620.0,-5455091.0,-2303749.0,,2581076271.0,,,968.46,100.0,unknown,QuantData PER_ONE_DOLLAR_MOVE; exact dollar/contract scaling unverified,QuantData
2026-08-17T16:00:00-04:00,2026-09-04,1050.0,put,0.0,0.0,,0.0,,,,,4047529.0,9502620.0,-5455091.0,-2303749.0,,2581076271.0,,,968.46,100.0,unknown,QuantData PER_ONE_DOLLAR_MOVE; exact dollar/contract scaling unverified,QuantData
2026-08-17T16:00:00-04:00,2026-09-04,1055.0,call,2184.0,2109.0,,437416.0,,,,,4047529.0,9502620.0,-5455091.0,-2303749.0,,2581076271.0,,,968.46,100.0,unknown,QuantData PER_ONE_DOLLAR_MOVE; exact dollar/contract scaling unverified,QuantData
2026-08-17T16:00:00-04:00,2026-09-04,1055.0,put,0.0,0.0,,0.0,,,,,4047529.0,9502620.0,-5455091.0,-2303749.0,,2581076271.0,,,968.46,100.0,unknown,QuantData PER_ONE_DOLLAR_MOVE; exact dollar/contract scaling unverified,QuantData
2026-08-17T16:00:00-04:00,2026-09-04,1060.0,call,1590.0,1566.0,,316207.0,,,,,4047529.0,9502620.0,-5455091.0,-2303749.0,,2581076271.0,,,968.46,100.0,unknown,QuantData PER_ONE_DOLLAR_MOVE; exact dollar/contract scaling unverified,QuantData
2026-08-17T16:00:00-04:00,2026-09-04,1060.0,put,0.0,0.0,,0.0,,,,,4047529.0,9502620.0,-5455091.0,-2303749.0,,2581076271.0,,,968.46,100.0,unknown,QuantData PER_ONE_DOLLAR_MOVE; exact dollar/contract scaling unverified,QuantData
2026-08-17T16:00:00-04:00,2026-09-04,1075.0,call,0.0,0.0,,0.0,,,,,4047529.0,9502620.0,-5455091.0,-2303749.0,,2581076271.0,,,968.46,100.0,unknown,QuantData PER_ONE_DOLLAR_MOVE; exact dollar/contract scaling unverified,QuantData
2026-08-17T16:00:00-04:00,2026-09-04,1075.0,put,0.0,0.0,,0.0,,,,,4047529.0,9502620.0,-5455091.0,-2303749.0,,2581076271.0,,,968.46,100.0,unknown,QuantData PER_ONE_DOLLAR_MOVE; exact dollar/contract scaling unverified,QuantData
2026-08-17T16:00:00-04:00,2026-09-04,1080.0,call,386.0,436.0,,75029.0,,,,,4047529.0,9502620.0,-5455091.0,-2303749.0,,2581076271.0,,,968.46,100.0,unknown,QuantData PER_ONE_DOLLAR_MOVE; exact dollar/contract scaling unverified,QuantData
2026-08-17T16:00:00-04:00,2026-09-04,1080.0,put,0.0,0.0,,0.0,,,,,4047529.0,9502620.0,-5455091.0,-2303749.0,,2581076271.0,,,968.46,100.0,unknown,QuantData PER_ONE_DOLLAR_MOVE; exact dollar/contract scaling unverified,QuantData
2026-08-17T16:00:00-04:00,2026-09-04,1100.0,call,26263.0,41337.0,,4199804.0,,,,,4047529.0,9502620.0,-5455091.0,-2303749.0,,2581076271.0,,,968.46,100.0,unknown,QuantData PER_ONE_DOLLAR_MOVE; exact dollar/contract scaling unverified,QuantData
2026-08-17T16:00:00-04:00,2026-09-04,1100.0,put,0.0,0.0,,0.0,,,,,4047529.0,9502620.0,-5455091.0,-2303749.0,,2581076271.0,,,968.46,100.0,unknown,QuantData PER_ONE_DOLLAR_MOVE; exact dollar/contract scaling unverified,QuantData
2026-08-17T16:00:00-04:00,2026-09-04,1110.0,call,0.0,0.0,,0.0,,,,,4047529.0,9502620.0,-5455091.0,-2303749.0,,2581076271.0,,,968.46,100.0,unknown,QuantData PER_ONE_DOLLAR_MOVE; exact dollar/contract scaling unverified,QuantData
2026-08-17T16:00:00-04:00,2026-09-04,1110.0,put,0.0,0.0,,0.0,,,,,4047529.0,9502620.0,-5455091.0,-2303749.0,,2581076271.0,,,968.46,100.0,unknown,QuantData PER_ONE_DOLLAR_MOVE; exact dollar/contract scaling unverified,QuantData
2026-08-17T16:00:00-04:00,2026-09-04,1120.0,call,876.0,1323.0,,157109.0,,,,,4047529.0,9502620.0,-5455091.0,-2303749.0,,2581076271.0,,,968.46,100.0,unknown,QuantData PER_ONE_DOLLAR_MOVE; exact dollar/contract scaling unverified,QuantData
2026-08-17T16:00:00-04:00,2026-09-04,1120.0,put,0.0,0.0,,0.0,,,,,4047529.0,9502620.0,-5455091.0,-2303749.0,,2581076271.0,,,968.46,100.0,unknown,QuantData PER_ONE_DOLLAR_MOVE; exact dollar/contract scaling unverified,QuantData
2026-08-17T16:00:00-04:00,2026-09-04,1150.0,call,13243.0,27087.0,,1872508.0,,,,,4047529.0,9502620.0,-5455091.0,-2303749.0,,2581076271.0,,,968.46,100.0,unknown,QuantData PER_ONE_DOLLAR_MOVE; exact dollar/contract scaling unverified,QuantData
2026-08-17T16:00:00-04:00,2026-09-04,1150.0,put,0.0,0.0,,0.0,,,,,4047529.0,9502620.0,-5455091.0,-2303749.0,,2581076271.0,,,968.46,100.0,unknown,QuantData PER_ONE_DOLLAR_MOVE; exact dollar/contract scaling unverified,QuantData
2026-08-17T16:00:00-04:00,2026-09-04,1170.0,call,2731.0,5590.0,,415489.0,,,,,4047529.0,9502620.0,-5455091.0,-2303749.0,,2581076271.0,,,968.46,100.0,unknown,QuantData PER_ONE_DOLLAR_MOVE; exact dollar/contract scaling unverified,QuantData
2026-08-17T16:00:00-04:00,2026-09-04,1170.0,put,0.0,0.0,,0.0,,,,,4047529.0,9502620.0,-5455091.0,-2303749.0,,2581076271.0,,,968.46,100.0,unknown,QuantData PER_ONE_DOLLAR_MOVE; exact dollar/contract scaling unverified,QuantData
2026-08-17T16:00:00-04:00,2026-09-04,1180.0,call,3056.0,6818.0,,423843.0,,,,,4047529.0,9502620.0,-5455091.0,-2303749.0,,2581076271.0,,,968.46,100.0,unknown,QuantData PER_ONE_DOLLAR_MOVE; exact dollar/contract scaling unverified,QuantData
2026-08-17T16:00:00-04:00,2026-09-04,1180.0,put,0.0,0.0,,0.0,,,,,4047529.0,9502620.0,-5455091.0,-2303749.0,,2581076271.0,,,968.46,100.0,unknown,QuantData PER_ONE_DOLLAR_MOVE; exact dollar/contract scaling unverified,QuantData
2026-08-17T16:00:00-04:00,2026-09-04,1190.0,call,2367.0,6150.0,,290044.0,,,,,4047529.0,9502620.0,-5455091.0,-2303749.0,,2581076271.0,,,968.46,100.0,unknown,QuantData PER_ONE_DOLLAR_MOVE; exact dollar/contract scaling unverified,QuantData
2026-08-17T16:00:00-04:00,2026-09-04,1190.0,put,0.0,0.0,,0.0,,,,,4047529.0,9502620.0,-5455091.0,-2303749.0,,2581076271.0,,,968.46,100.0,unknown,QuantData PER_ONE_DOLLAR_MOVE; exact dollar/contract scaling unverified,QuantData
2026-08-17T16:00:00-04:00,2026-09-04,1200.0,call,1545.0,3846.0,,199050.0,,,,,4047529.0,9502620.0,-5455091.0,-2303749.0,,2581076271.0,,,968.46,100.0,unknown,QuantData PER_ONE_DOLLAR_MOVE; exact dollar/contract scaling unverified,QuantData
2026-08-17T16:00:00-04:00,2026-09-04,1200.0,put,0.0,0.0,,0.0,,,,,4047529.0,9502620.0,-5455091.0,-2303749.0,,2581076271.0,,,968.46,100.0,unknown,QuantData PER_ONE_DOLLAR_MOVE; exact dollar/contract scaling unverified,QuantData
2026-08-17T16:00:00-04:00,2026-09-04,1210.0,call,4202.0,9998.0,,589594.0,,,,,4047529.0,9502620.0,-5455091.0,-2303749.0,,2581076271.0,,,968.46,100.0,unknown,QuantData PER_ONE_DOLLAR_MOVE; exact dollar/contract scaling unverified,QuantData
2026-08-17T16:00:00-04:00,2026-09-04,1210.0,put,0.0,0.0,,0.0,,,,,4047529.0,9502620.0,-5455091.0,-2303749.0,,2581076271.0,,,968.46,100.0,unknown,QuantData PER_ONE_DOLLAR_MOVE; exact dollar/contract scaling unverified,QuantData
2026-08-17T16:00:00-04:00,2026-09-04,1220.0,call,0.0,0.0,,0.0,,,,,4047529.0,9502620.0,-5455091.0,-2303749.0,,2581076271.0,,,968.46,100.0,unknown,QuantData PER_ONE_DOLLAR_MOVE; exact dollar/contract scaling unverified,QuantData
2026-08-17T16:00:00-04:00,2026-09-04,1220.0,put,-104.0,292.0,,-82289.0,,,,,4047529.0,9502620.0,-5455091.0,-2303749.0,,2581076271.0,,,968.46,100.0,unknown,QuantData PER_ONE_DOLLAR_MOVE; exact dollar/contract scaling unverified,QuantData
2026-08-17T16:00:00-04:00,2026-09-04,1230.0,call,0.0,0.0,,0.0,,,,,4047529.0,9502620.0,-5455091.0,-2303749.0,,2581076271.0,,,968.46,100.0,unknown,QuantData PER_ONE_DOLLAR_MOVE; exact dollar/contract scaling unverified,QuantData
2026-08-17T16:00:00-04:00,2026-09-04,1230.0,put,0.0,0.0,,0.0,,,,,4047529.0,9502620.0,-5455091.0,-2303749.0,,2581076271.0,,,968.46,100.0,unknown,QuantData PER_ONE_DOLLAR_MOVE; exact dollar/contract scaling unverified,QuantData
2026-08-17T16:00:00-04:00,2026-09-04,1240.0,call,0.0,0.0,,0.0,,,,,4047529.0,9502620.0,-5455091.0,-2303749.0,,2581076271.0,,,968.46,100.0,unknown,QuantData PER_ONE_DOLLAR_MOVE; exact dollar/contract scaling unverified,QuantData
2026-08-17T16:00:00-04:00,2026-09-04,1240.0,put,0.0,0.0,,0.0,,,,,4047529.0,9502620.0,-5455091.0,-2303749.0,,2581076271.0,,,968.46,100.0,unknown,QuantData PER_ONE_DOLLAR_MOVE; exact dollar/contract scaling unverified,QuantData
2026-08-17T16:00:00-04:00,2026-09-04,1250.0,call,459.0,1400.0,,52175.0,,,,,4047529.0,9502620.0,-5455091.0,-2303749.0,,2581076271.0,,,968.46,100.0,unknown,QuantData PER_ONE_DOLLAR_MOVE; exact dollar/contract scaling unverified,QuantData
2026-08-17T16:00:00-04:00,2026-09-04,1250.0,put,0.0,0.0,,0.0,,,,,4047529.0,9502620.0,-5455091.0,-2303749.0,,2581076271.0,,,968.46,100.0,unknown,QuantData PER_ONE_DOLLAR_MOVE; exact dollar/contract scaling unverified,QuantData
2026-08-17T16:00:00-04:00,2026-09-04,1280.0,call,690.0,2110.0,,81086.0,,,,,4047529.0,9502620.0,-5455091.0,-2303749.0,,2581076271.0,,,968.46,100.0,unknown,QuantData PER_ONE_DOLLAR_MOVE; exact dollar/contract scaling unverified,QuantData
2026-08-17T16:00:00-04:00,2026-09-04,1280.0,put,0.0,0.0,,0.0,,,,,4047529.0,9502620.0,-5455091.0,-2303749.0,,2581076271.0,,,968.46,100.0,unknown,QuantData PER_ONE_DOLLAR_MOVE; exact dollar/contract scaling unverified,QuantData
2026-08-17T16:00:00-04:00,2026-09-04,1290.0,call,0.0,0.0,,0.0,,,,,4047529.0,9502620.0,-5455091.0,-2303749.0,,2581076271.0,,,968.46,100.0,unknown,QuantData PER_ONE_DOLLAR_MOVE; exact dollar/contract scaling unverified,QuantData
2026-08-17T16:00:00-04:00,2026-09-04,1290.0,put,0.0,0.0,,0.0,,,,,4047529.0,9502620.0,-5455091.0,-2303749.0,,2581076271.0,,,968.46,100.0,unknown,QuantData PER_ONE_DOLLAR_MOVE; exact dollar/contract scaling unverified,QuantData
2026-08-17T16:00:00-04:00,2026-09-04,1300.0,call,70.0,243.0,,7234.0,,,,,4047529.0,9502620.0,-5455091.0,-2303749.0,,2581076271.0,,,968.46,100.0,unknown,QuantData PER_ONE_DOLLAR_MOVE; exact dollar/contract scaling unverified,QuantData
2026-08-17T16:00:00-04:00,2026-09-04,1300.0,put,0.0,0.0,,0.0,,,,,4047529.0,9502620.0,-5455091.0,-2303749.0,,2581076271.0,,,968.46,100.0,unknown,QuantData PER_ONE_DOLLAR_MOVE; exact dollar/contract scaling unverified,QuantData
2026-08-17T16:00:00-04:00,2026-09-04,1350.0,call,0.0,0.0,,0.0,,,,,4047529.0,9502620.0,-5455091.0,-2303749.0,,2581076271.0,,,968.46,100.0,unknown,QuantData PER_ONE_DOLLAR_MOVE; exact dollar/contract scaling unverified,QuantData
2026-08-17T16:00:00-04:00,2026-09-04,1350.0,put,0.0,0.0,,0.0,,,,,4047529.0,9502620.0,-5455091.0,-2303749.0,,2581076271.0,,,968.46,100.0,unknown,QuantData PER_ONE_DOLLAR_MOVE; exact dollar/contract scaling unverified,QuantData
2026-08-17T16:00:00-04:00,2026-09-04,1360.0,call,264.0,1033.0,,25036.0,,,,,4047529.0,9502620.0,-5455091.0,-2303749.0,,2581076271.0,,,968.46,100.0,unknown,QuantData PER_ONE_DOLLAR_MOVE; exact dollar/contract scaling unverified,QuantData
2026-08-17T16:00:00-04:00,2026-09-04,1360.0,put,0.0,0.0,,0.0,,,,,4047529.0,9502620.0,-5455091.0,-2303749.0,,2581076271.0,,,968.46,100.0,unknown,QuantData PER_ONE_DOLLAR_MOVE; exact dollar/contract scaling unverified,QuantData
2026-08-17T16:00:00-04:00,2026-09-04,1390.0,call,55.0,216.0,,5708.0,,,,,4047529.0,9502620.0,-5455091.0,-2303749.0,,2581076271.0,,,968.46,100.0,unknown,QuantData PER_ONE_DOLLAR_MOVE; exact dollar/contract scaling unverified,QuantData
2026-08-17T16:00:00-04:00,2026-09-04,1390.0,put,0.0,0.0,,0.0,,,,,4047529.0,9502620.0,-5455091.0,-2303749.0,,2581076271.0,,,968.46,100.0,unknown,QuantData PER_ONE_DOLLAR_MOVE; exact dollar/contract scaling unverified,QuantData
2026-08-17T16:00:00-04:00,2026-09-04,1400.0,call,0.0,0.0,,0.0,,,,,4047529.0,9502620.0,-5455091.0,-2303749.0,,2581076271.0,,,968.46,100.0,unknown,QuantData PER_ONE_DOLLAR_MOVE; exact dollar/contract scaling unverified,QuantData
2026-08-17T16:00:00-04:00,2026-09-04,1400.0,put,0.0,0.0,,0.0,,,,,4047529.0,9502620.0,-5455091.0,-2303749.0,,2581076271.0,,,968.46,100.0,unknown,QuantData PER_ONE_DOLLAR_MOVE; exact dollar/contract scaling unverified,QuantData
2026-08-17T16:00:00-04:00,2026-09-11,460.0,call,15.0,-98.0,,493092.0,,,,,4047529.0,9502620.0,-5455091.0,-2303749.0,,2581076271.0,,,968.46,100.0,unknown,QuantData PER_ONE_DOLLAR_MOVE; exact dollar/contract scaling unverified,QuantData
2026-08-17T16:00:00-04:00,2026-09-11,460.0,put,0.0,0.0,,0.0,,,,,4047529.0,9502620.0,-5455091.0,-2303749.0,,2581076271.0,,,968.46,100.0,unknown,QuantData PER_ONE_DOLLAR_MOVE; exact dollar/contract scaling unverified,QuantData
2026-08-17T16:00:00-04:00,2026-09-11,505.0,call,0.0,0.0,,0.0,,,,,4047529.0,9502620.0,-5455091.0,-2303749.0,,2581076271.0,,,968.46,100.0,unknown,QuantData PER_ONE_DOLLAR_MOVE; exact dollar/contract scaling unverified,QuantData
2026-08-17T16:00:00-04:00,2026-09-11,505.0,put,-1143.0,-5430.0,,-147822.0,,,,,4047529.0,9502620.0,-5455091.0,-2303749.0,,2581076271.0,,,968.46,100.0,unknown,QuantData PER_ONE_DOLLAR_MOVE; exact dollar/contract scaling unverified,QuantData
2026-08-17T16:00:00-04:00,2026-09-11,520.0,call,0.0,0.0,,0.0,,,,,4047529.0,9502620.0,-5455091.0,-2303749.0,,2581076271.0,,,968.46,100.0,unknown,QuantData PER_ONE_DOLLAR_MOVE; exact dollar/contract scaling unverified,QuantData
2026-08-17T16:00:00-04:00,2026-09-11,520.0,put,-52.0,-299.0,,-4519.0,,,,,4047529.0,9502620.0,-5455091.0,-2303749.0,,2581076271.0,,,968.46,100.0,unknown,QuantData PER_ONE_DOLLAR_MOVE; exact dollar/contract scaling unverified,QuantData
2026-08-17T16:00:00-04:00,2026-09-11,570.0,call,0.0,0.0,,0.0,,,,,4047529.0,9502620.0,-5455091.0,-2303749.0,,2581076271.0,,,968.46,100.0,unknown,QuantData PER_ONE_DOLLAR_MOVE; exact dollar/contract scaling unverified,QuantData
2026-08-17T16:00:00-04:00,2026-09-11,570.0,put,-30.0,-144.0,,-3402.0,,,,,4047529.0,9502620.0,-5455091.0,-2303749.0,,2581076271.0,,,968.46,100.0,unknown,QuantData PER_ONE_DOLLAR_MOVE; exact dollar/contract scaling unverified,QuantData
2026-08-17T16:00:00-04:00,2026-09-11,595.0,call,0.0,0.0,,0.0,,,,,4047529.0,9502620.0,-5455091.0,-2303749.0,,2581076271.0,,,968.46,100.0,unknown,QuantData PER_ONE_DOLLAR_MOVE; exact dollar/contract scaling unverified,QuantData
2026-08-17T16:00:00-04:00,2026-09-11,595.0,put,-52.0,-247.0,,-5598.0,,,,,4047529.0,9502620.0,-5455091.0,-2303749.0,,2581076271.0,,,968.46,100.0,unknown,QuantData PER_ONE_DOLLAR_MOVE; exact dollar/contract scaling unverified,QuantData
2026-08-17T16:00:00-04:00,2026-09-11,635.0,call,0.0,0.0,,0.0,,,,,4047529.0,9502620.0,-5455091.0,-2303749.0,,2581076271.0,,,968.46,100.0,unknown,QuantData PER_ONE_DOLLAR_MOVE; exact dollar/contract scaling unverified,QuantData
2026-08-17T16:00:00-04:00,2026-09-11,635.0,put,-714.0,-2970.0,,-72462.0,,,,,4047529.0,9502620.0,-5455091.0,-2303749.0,,2581076271.0,,,968.46,100.0,unknown,QuantData PER_ONE_DOLLAR_MOVE; exact dollar/contract scaling unverified,QuantData
2026-08-17T16:00:00-04:00,2026-09-11,640.0,call,0.0,0.0,,0.0,,,,,4047529.0,9502620.0,-5455091.0,-2303749.0,,2581076271.0,,,968.46,100.0,unknown,QuantData PER_ONE_DOLLAR_MOVE; exact dollar/contract scaling unverified,QuantData
2026-08-17T16:00:00-04:00,2026-09-11,640.0,put,-532.0,-2392.0,,-54066.0,,,,,4047529.0,9502620.0,-5455091.0,-2303749.0,,2581076271.0,,,968.46,100.0,unknown,QuantData PER_ONE_DOLLAR_MOVE; exact dollar/contract scaling unverified,QuantData
2026-08-17T16:00:00-04:00,2026-09-11,650.0,call,0.0,0.0,,0.0,,,,,4047529.0,9502620.0,-5455091.0,-2303749.0,,2581076271.0,,,968.46,100.0,unknown,QuantData PER_ONE_DOLLAR_MOVE; exact dollar/contract scaling unverified,QuantData
2026-08-17T16:00:00-04:00,2026-09-11,650.0,put,-2530.0,-10924.0,,-264654.0,,,,,4047529.0,9502620.0,-5455091.0,-2303749.0,,2581076271.0,,,968.46,100.0,unknown,QuantData PER_ONE_DOLLAR_MOVE; exact dollar/contract scaling unverified,QuantData
2026-08-17T16:00:00-04:00,2026-09-11,655.0,call,0.0,0.0,,0.0,,,,,4047529.0,9502620.0,-5455091.0,-2303749.0,,2581076271.0,,,968.46,100.0,unknown,QuantData PER_ONE_DOLLAR_MOVE; exact dollar/contract scaling unverified,QuantData
2026-08-17T16:00:00-04:00,2026-09-11,655.0,put,-61.0,-253.0,,-6664.0,,,,,4047529.0,9502620.0,-5455091.0,-2303749.0,,2581076271.0,,,968.46,100.0,unknown,QuantData PER_ONE_DOLLAR_MOVE; exact dollar/contract scaling unverified,QuantData
2026-08-17T16:00:00-04:00,2026-09-11,680.0,call,211.0,-703.0,,352051.0,,,,,4047529.0,9502620.0,-5455091.0,-2303749.0,,2581076271.0,,,968.46,100.0,unknown,QuantData PER_ONE_DOLLAR_MOVE; exact dollar/contract scaling unverified,QuantData
2026-08-17T16:00:00-04:00,2026-09-11,680.0,put,-805.0,-2669.0,,-90603.0,,,,,4047529.0,9502620.0,-5455091.0,-2303749.0,,2581076271.0,,,968.46,100.0,unknown,QuantData PER_ONE_DOLLAR_MOVE; exact dollar/contract scaling unverified,QuantData
2026-08-17T16:00:00-04:00,2026-09-11,690.0,call,0.0,0.0,,0.0,,,,,4047529.0,9502620.0,-5455091.0,-2303749.0,,2581076271.0,,,968.46,100.0,unknown,QuantData PER_ONE_DOLLAR_MOVE; exact dollar/contract scaling unverified,QuantData
2026-08-17T16:00:00-04:00,2026-09-11,690.0,put,-221.0,-689.0,,-26574.0,,,,,4047529.0,9502620.0,-5455091.0,-2303749.0,,2581076271.0,,,968.46,100.0,unknown,QuantData PER_ONE_DOLLAR_MOVE; exact dollar/contract scaling unverified,QuantData
2026-08-17T16:00:00-04:00,2026-09-11,700.0,call,0.0,0.0,,0.0,,,,,4047529.0,9502620.0,-5455091.0,-2303749.0,,2581076271.0,,,968.46,100.0,unknown,QuantData PER_ONE_DOLLAR_MOVE; exact dollar/contract scaling unverified,QuantData
2026-08-17T16:00:00-04:00,2026-09-11,700.0,put,-1273.0,-4187.0,,-147604.0,,,,,4047529.0,9502620.0,-5455091.0,-2303749.0,,2581076271.0,,,968.46,100.0,unknown,QuantData PER_ONE_DOLLAR_MOVE; exact dollar/contract scaling unverified,QuantData
2026-08-17T16:00:00-04:00,2026-09-11,705.0,call,0.0,0.0,,0.0,,,,,4047529.0,9502620.0,-5455091.0,-2303749.0,,2581076271.0,,,968.46,100.0,unknown,QuantData PER_ONE_DOLLAR_MOVE; exact dollar/contract scaling unverified,QuantData
2026-08-17T16:00:00-04:00,2026-09-11,705.0,put,-285.0,-1034.0,,-30964.0,,,,,4047529.0,9502620.0,-5455091.0,-2303749.0,,2581076271.0,,,968.46,100.0,unknown,QuantData PER_ONE_DOLLAR_MOVE; exact dollar/contract scaling unverified,QuantData
2026-08-17T16:00:00-04:00,2026-09-11,720.0,call,0.0,0.0,,0.0,,,,,4047529.0,9502620.0,-5455091.0,-2303749.0,,2581076271.0,,,968.46,100.0,unknown,QuantData PER_ONE_DOLLAR_MOVE; exact dollar/contract scaling unverified,QuantData
2026-08-17T16:00:00-04:00,2026-09-11,720.0,put,-4074.0,-13535.0,,-494023.0,,,,,4047529.0,9502620.0,-5455091.0,-2303749.0,,2581076271.0,,,968.46,100.0,unknown,QuantData PER_ONE_DOLLAR_MOVE; exact dollar/contract scaling unverified,QuantData
2026-08-17T16:00:00-04:00,2026-09-11,735.0,call,0.0,0.0,,0.0,,,,,4047529.0,9502620.0,-5455091.0,-2303749.0,,2581076271.0,,,968.46,100.0,unknown,QuantData PER_ONE_DOLLAR_MOVE; exact dollar/contract scaling unverified,QuantData
2026-08-17T16:00:00-04:00,2026-09-11,735.0,put,-183.0,-583.0,,-22048.0,,,,,4047529.0,9502620.0,-5455091.0,-2303749.0,,2581076271.0,,,968.46,100.0,unknown,QuantData PER_ONE_DOLLAR_MOVE; exact dollar/contract scaling unverified,QuantData
2026-08-17T16:00:00-04:00,2026-09-11,740.0,call,0.0,0.0,,0.0,,,,,4047529.0,9502620.0,-5455091.0,-2303749.0,,2581076271.0,,,968.46,100.0,unknown,QuantData PER_ONE_DOLLAR_MOVE; exact dollar/contract scaling unverified,QuantData
2026-08-17T16:00:00-04:00,2026-09-11,740.0,put,-386.0,-1219.0,,-44715.0,,,,,4047529.0,9502620.0,-5455091.0,-2303749.0,,2581076271.0,,,968.46,100.0,unknown,QuantData PER_ONE_DOLLAR_MOVE; exact dollar/contract scaling unverified,QuantData
2026-08-17T16:00:00-04:00,2026-09-11,745.0,call,0.0,0.0,,0.0,,,,,4047529.0,9502620.0,-5455091.0,-2303749.0,,2581076271.0,,,968.46,100.0,unknown,QuantData PER_ONE_DOLLAR_MOVE; exact dollar/contract scaling unverified,QuantData
2026-08-17T16:00:00-04:00,2026-09-11,745.0,put,-1036.0,-2878.0,,-128895.0,,,,,4047529.0,9502620.0,-5455091.0,-2303749.0,,2581076271.0,,,968.46,100.0,unknown,QuantData PER_ONE_DOLLAR_MOVE; exact dollar/contract scaling unverified,QuantData
2026-08-17T16:00:00-04:00,2026-09-11,750.0,call,0.0,0.0,,0.0,,,,,4047529.0,9502620.0,-5455091.0,-2303749.0,,2581076271.0,,,968.46,100.0,unknown,QuantData PER_ONE_DOLLAR_MOVE; exact dollar/contract scaling unverified,QuantData
2026-08-17T16:00:00-04:00,2026-09-11,750.0,put,-2192.0,-6014.0,,-263640.0,,,,,4047529.0,9502620.0,-5455091.0,-2303749.0,,2581076271.0,,,968.46,100.0,unknown,QuantData PER_ONE_DOLLAR_MOVE; exact dollar/contract scaling unverified,QuantData
2026-08-17T16:00:00-04:00,2026-09-11,755.0,call,0.0,0.0,,0.0,,,,,4047529.0,9502620.0,-5455091.0,-2303749.0,,2581076271.0,,,968.46,100.0,unknown,QuantData PER_ONE_DOLLAR_MOVE; exact dollar/contract scaling unverified,QuantData
2026-08-17T16:00:00-04:00,2026-09-11,755.0,put,-1992.0,-5275.0,,-252180.0,,,,,4047529.0,9502620.0,-5455091.0,-2303749.0,,2581076271.0,,,968.46,100.0,unknown,QuantData PER_ONE_DOLLAR_MOVE; exact dollar/contract scaling unverified,QuantData
2026-08-17T16:00:00-04:00,2026-09-11,770.0,call,0.0,0.0,,0.0,,,,,4047529.0,9502620.0,-5455091.0,-2303749.0,,2581076271.0,,,968.46,100.0,unknown,QuantData PER_ONE_DOLLAR_MOVE; exact dollar/contract scaling unverified,QuantData
2026-08-17T16:00:00-04:00,2026-09-11,770.0,put,-4121.0,-10809.0,,-535046.0,,,,,4047529.0,9502620.0,-5455091.0,-2303749.0,,2581076271.0,,,968.46,100.0,unknown,QuantData PER_ONE_DOLLAR_MOVE; exact dollar/contract scaling unverified,QuantData
2026-08-17T16:00:00-04:00,2026-09-11,775.0,call,172.0,-434.0,,174708.0,,,,,4047529.0,9502620.0,-5455091.0,-2303749.0,,2581076271.0,,,968.46,100.0,unknown,QuantData PER_ONE_DOLLAR_MOVE; exact dollar/contract scaling unverified,QuantData
2026-08-17T16:00:00-04:00,2026-09-11,775.0,put,-3051.0,-7901.0,,-410328.0,,,,,4047529.0,9502620.0,-5455091.0,-2303749.0,,2581076271.0,,,968.46,100.0,unknown,QuantData PER_ONE_DOLLAR_MOVE; exact dollar/contract scaling unverified,QuantData
2026-08-17T16:00:00-04:00,2026-09-11,780.0,call,0.0,0.0,,0.0,,,,,4047529.0,9502620.0,-5455091.0,-2303749.0,,2581076271.0,,,968.46,100.0,unknown,QuantData PER_ONE_DOLLAR_MOVE; exact dollar/contract scaling unverified,QuantData
2026-08-17T16:00:00-04:00,2026-09-11,780.0,put,-7079.0,-17544.0,,-940299.0,,,,,4047529.0,9502620.0,-5455091.0,-2303749.0,,2581076271.0,,,968.46,100.0,unknown,QuantData PER_ONE_DOLLAR_MOVE; exact dollar/contract scaling unverified,QuantData
2026-08-17T16:00:00-04:00,2026-09-11,795.0,call,95.0,-224.0,,86339.0,,,,,4047529.0,9502620.0,-5455091.0,-2303749.0,,2581076271.0,,,968.46,100.0,unknown,QuantData PER_ONE_DOLLAR_MOVE; exact dollar/contract scaling unverified,QuantData
2026-08-17T16:00:00-04:00,2026-09-11,795.0,put,0.0,0.0,,0.0,,,,,4047529.0,9502620.0,-5455091.0,-2303749.0,,2581076271.0,,,968.46,100.0,unknown,QuantData PER_ONE_DOLLAR_MOVE; exact dollar/contract scaling unverified,QuantData
2026-08-17T16:00:00-04:00,2026-09-11,800.0,call,3147.0,-7183.0,,2743599.0,,,,,4047529.0,9502620.0,-5455091.0,-2303749.0,,2581076271.0,,,968.46,100.0,unknown,QuantData PER_ONE_DOLLAR_MOVE; exact dollar/contract scaling unverified,QuantData
2026-08-17T16:00:00-04:00,2026-09-11,800.0,put,-42045.0,-89692.0,,-5866878.0,,,,,4047529.0,9502620.0,-5455091.0,-2303749.0,,2581076271.0,,,968.46,100.0,unknown,QuantData PER_ONE_DOLLAR_MOVE; exact dollar/contract scaling unverified,QuantData
2026-08-17T16:00:00-04:00,2026-09-11,820.0,call,0.0,0.0,,0.0,,,,,4047529.0,9502620.0,-5455091.0,-2303749.0,,2581076271.0,,,968.46,100.0,unknown,QuantData PER_ONE_DOLLAR_MOVE; exact dollar/contract scaling unverified,QuantData
2026-08-17T16:00:00-04:00,2026-09-11,820.0,put,-36827.0,-66037.0,,-5281940.0,,,,,4047529.0,9502620.0,-5455091.0,-2303749.0,,2581076271.0,,,968.46,100.0,unknown,QuantData PER_ONE_DOLLAR_MOVE; exact dollar/contract scaling unverified,QuantData
2026-08-17T16:00:00-04:00,2026-09-11,825.0,call,0.0,0.0,,0.0,,,,,4047529.0,9502620.0,-5455091.0,-2303749.0,,2581076271.0,,,968.46,100.0,unknown,QuantData PER_ONE_DOLLAR_MOVE; exact dollar/contract scaling unverified,QuantData
2026-08-17T16:00:00-04:00,2026-09-11,825.0,put,-1014.0,-1667.0,,-150021.0,,,,,4047529.0,9502620.0,-5455091.0,-2303749.0,,2581076271.0,,,968.46,100.0,unknown,QuantData PER_ONE_DOLLAR_MOVE; exact dollar/contract scaling unverified,QuantData
2026-08-17T16:00:00-04:00,2026-09-11,830.0,call,0.0,0.0,,0.0,,,,,4047529.0,9502620.0,-5455091.0,-2303749.0,,2581076271.0,,,968.46,100.0,unknown,QuantData PER_ONE_DOLLAR_MOVE; exact dollar/contract scaling unverified,QuantData
2026-08-17T16:00:00-04:00,2026-09-11,830.0,put,-9712.0,-16020.0,,-1436657.0,,,,,4047529.0,9502620.0,-5455091.0,-2303749.0,,2581076271.0,,,968.46,100.0,unknown,QuantData PER_ONE_DOLLAR_MOVE; exact dollar/contract scaling unverified,QuantData
2026-08-17T16:00:00-04:00,2026-09-11,835.0,call,0.0,0.0,,0.0,,,,,4047529.0,9502620.0,-5455091.0,-2303749.0,,2581076271.0,,,968.46,100.0,unknown,QuantData PER_ONE_DOLLAR_MOVE; exact dollar/contract scaling unverified,QuantData
2026-08-17T16:00:00-04:00,2026-09-11,835.0,put,-1933.0,-3452.0,,-289552.0,,,,,4047529.0,9502620.0,-5455091.0,-2303749.0,,2581076271.0,,,968.46,100.0,unknown,QuantData PER_ONE_DOLLAR_MOVE; exact dollar/contract scaling unverified,QuantData
2026-08-17T16:00:00-04:00,2026-09-11,840.0,call,3773.0,-5965.0,,2262973.0,,,,,4047529.0,9502620.0,-5455091.0,-2303749.0,,2581076271.0,,,968.46,100.0,unknown,QuantData PER_ONE_DOLLAR_MOVE; exact dollar/contract scaling unverified,QuantData
2026-08-17T16:00:00-04:00,2026-09-11,840.0,put,-16290.0,-26178.0,,-2493127.0,,,,,4047529.0,9502620.0,-5455091.0,-2303749.0,,2581076271.0,,,968.46,100.0,unknown,QuantData PER_ONE_DOLLAR_MOVE; exact dollar/contract scaling unverified,QuantData
2026-08-17T16:00:00-04:00,2026-09-11,845.0,call,2660.0,-4019.0,,1545370.0,,,,,4047529.0,9502620.0,-5455091.0,-2303749.0,,2581076271.0,,,968.46,100.0,unknown,QuantData PER_ONE_DOLLAR_MOVE; exact dollar/contract scaling unverified,QuantData
2026-08-17T16:00:00-04:00,2026-09-11,845.0,put,-4494.0,-7235.0,,-693590.0,,,,,4047529.0,9502620.0,-5455091.0,-2303749.0,,2581076271.0,,,968.46,100.0,unknown,QuantData PER_ONE_DOLLAR_MOVE; exact dollar/contract scaling unverified,QuantData
2026-08-17T16:00:00-04:00,2026-09-11,850.0,call,2797.0,-4038.0,,1614591.0,,,,,4047529.0,9502620.0,-5455091.0,-2303749.0,,2581076271.0,,,968.46,100.0,unknown,QuantData PER_ONE_DOLLAR_MOVE; exact dollar/contract scaling unverified,QuantData
2026-08-17T16:00:00-04:00,2026-09-11,850.0,put,-18507.0,-26669.0,,-2718529.0,,,,,4047529.0,9502620.0,-5455091.0,-2303749.0,,2581076271.0,,,968.46,100.0,unknown,QuantData PER_ONE_DOLLAR_MOVE; exact dollar/contract scaling unverified,QuantData
2026-08-17T16:00:00-04:00,2026-09-11,870.0,call,0.0,0.0,,0.0,,,,,4047529.0,9502620.0,-5455091.0,-2303749.0,,2581076271.0,,,968.46,100.0,unknown,QuantData PER_ONE_DOLLAR_MOVE; exact dollar/contract scaling unverified,QuantData
2026-08-17T16:00:00-04:00,2026-09-11,870.0,put,-6445.0,-7475.0,,-1084562.0,,,,,4047529.0,9502620.0,-5455091.0,-2303749.0,,2581076271.0,,,968.46,100.0,unknown,QuantData PER_ONE_DOLLAR_MOVE; exact dollar/contract scaling unverified,QuantData
2026-08-17T16:00:00-04:00,2026-09-11,875.0,call,1296.0,-1551.0,,668956.0,,,,,4047529.0,9502620.0,-5455091.0,-2303749.0,,2581076271.0,,,968.46,100.0,unknown,QuantData PER_ONE_DOLLAR_MOVE; exact dollar/contract scaling unverified,QuantData
2026-08-17T16:00:00-04:00,2026-09-11,875.0,put,-8571.0,-8477.0,,-1481389.0,,,,,4047529.0,9502620.0,-5455091.0,-2303749.0,,2581076271.0,,,968.46,100.0,unknown,QuantData PER_ONE_DOLLAR_MOVE; exact dollar/contract scaling unverified,QuantData
2026-08-17T16:00:00-04:00,2026-09-11,880.0,call,0.0,0.0,,0.0,,,,,4047529.0,9502620.0,-5455091.0,-2303749.0,,2581076271.0,,,968.46,100.0,unknown,QuantData PER_ONE_DOLLAR_MOVE; exact dollar/contract scaling unverified,QuantData
2026-08-17T16:00:00-04:00,2026-09-11,880.0,put,-5263.0,-3353.0,,-1020656.0,,,,,4047529.0,9502620.0,-5455091.0,-2303749.0,,2581076271.0,,,968.46,100.0,unknown,QuantData PER_ONE_DOLLAR_MOVE; exact dollar/contract scaling unverified,QuantData
2026-08-17T16:00:00-04:00,2026-09-11,890.0,call,0.0,0.0,,0.0,,,,,4047529.0,9502620.0,-5455091.0,-2303749.0,,2581076271.0,,,968.46,100.0,unknown,QuantData PER_ONE_DOLLAR_MOVE; exact dollar/contract scaling unverified,QuantData
2026-08-17T16:00:00-04:00,2026-09-11,890.0,put,-5611.0,-5525.0,,-1003049.0,,,,,4047529.0,9502620.0,-5455091.0,-2303749.0,,2581076271.0,,,968.46,100.0,unknown,QuantData PER_ONE_DOLLAR_MOVE; exact dollar/contract scaling unverified,QuantData
2026-08-17T16:00:00-04:00,2026-09-11,900.0,call,5284.0,-4511.0,,2381040.0,,,,,4047529.0,9502620.0,-5455091.0,-2303749.0,,2581076271.0,,,968.46,100.0,unknown,QuantData PER_ONE_DOLLAR_MOVE; exact dollar/contract scaling unverified,QuantData
2026-08-17T16:00:00-04:00,2026-09-11,900.0,put,-14325.0,-11841.0,,-2618637.0,,,,,4047529.0,9502620.0,-5455091.0,-2303749.0,,2581076271.0,,,968.46,100.0,unknown,QuantData PER_ONE_DOLLAR_MOVE; exact dollar/contract scaling unverified,QuantData
2026-08-17T16:00:00-04:00,2026-09-11,920.0,call,1052.0,37.0,,327455.0,,,,,4047529.0,9502620.0,-5455091.0,-2303749.0,,2581076271.0,,,968.46,100.0,unknown,QuantData PER_ONE_DOLLAR_MOVE; exact dollar/contract scaling unverified,QuantData
2026-08-17T16:00:00-04:00,2026-09-11,920.0,put,-2942.0,-1156.0,,-586675.0,,,,,4047529.0,9502620.0,-5455091.0,-2303749.0,,2581076271.0,,,968.46,100.0,unknown,QuantData PER_ONE_DOLLAR_MOVE; exact dollar/contract scaling unverified,QuantData
2026-08-17T16:00:00-04:00,2026-09-11,925.0,call,0.0,0.0,,0.0,,,,,4047529.0,9502620.0,-5455091.0,-2303749.0,,2581076271.0,,,968.46,100.0,unknown,QuantData PER_ONE_DOLLAR_MOVE; exact dollar/contract scaling unverified,QuantData
2026-08-17T16:00:00-04:00,2026-09-11,925.0,put,-2465.0,-1466.0,,-487213.0,,,,,4047529.0,9502620.0,-5455091.0,-2303749.0,,2581076271.0,,,968.46,100.0,unknown,QuantData PER_ONE_DOLLAR_MOVE; exact dollar/contract scaling unverified,QuantData
2026-08-17T16:00:00-04:00,2026-09-11,930.0,call,0.0,0.0,,0.0,,,,,4047529.0,9502620.0,-5455091.0,-2303749.0,,2581076271.0,,,968.46,100.0,unknown,QuantData PER_ONE_DOLLAR_MOVE; exact dollar/contract scaling unverified,QuantData
2026-08-17T16:00:00-04:00,2026-09-11,930.0,put,-3034.0,-1469.0,,-610044.0,,,,,4047529.0,9502620.0,-5455091.0,-2303749.0,,2581076271.0,,,968.46,100.0,unknown,QuantData PER_ONE_DOLLAR_MOVE; exact dollar/contract scaling unverified,QuantData
2026-08-17T16:00:00-04:00,2026-09-11,940.0,call,0.0,0.0,,0.0,,,,,4047529.0,9502620.0,-5455091.0,-2303749.0,,2581076271.0,,,968.46,100.0,unknown,QuantData PER_ONE_DOLLAR_MOVE; exact dollar/contract scaling unverified,QuantData
2026-08-17T16:00:00-04:00,2026-09-11,940.0,put,-17941.0,452.0,,-4032751.0,,,,,4047529.0,9502620.0,-5455091.0,-2303749.0,,2581076271.0,,,968.46,100.0,unknown,QuantData PER_ONE_DOLLAR_MOVE; exact dollar/contract scaling unverified,QuantData
2026-08-17T16:00:00-04:00,2026-09-11,945.0,call,4494.0,50.0,,1406839.0,,,,,4047529.0,9502620.0,-5455091.0,-2303749.0,,2581076271.0,,,968.46,100.0,unknown,QuantData PER_ONE_DOLLAR_MOVE; exact dollar/contract scaling unverified,QuantData
2026-08-17T16:00:00-04:00,2026-09-11,945.0,put,-8045.0,-2822.0,,-1720893.0,,,,,4047529.0,9502620.0,-5455091.0,-2303749.0,,2581076271.0,,,968.46,100.0,unknown,QuantData PER_ONE_DOLLAR_MOVE; exact dollar/contract scaling unverified,QuantData
2026-08-17T16:00:00-04:00,2026-09-11,950.0,call,3831.0,-873.0,,1348613.0,,,,,4047529.0,9502620.0,-5455091.0,-2303749.0,,2581076271.0,,,968.46,100.0,unknown,QuantData PER_ONE_DOLLAR_MOVE; exact dollar/contract scaling unverified,QuantData
2026-08-17T16:00:00-04:00,2026-09-11,950.0,put,-3048.0,-154.0,,-638850.0,,,,,4047529.0,9502620.0,-5455091.0,-2303749.0,,2581076271.0,,,968.46,100.0,unknown,QuantData PER_ONE_DOLLAR_MOVE; exact dollar/contract scaling unverified,QuantData
2026-08-17T16:00:00-04:00,2026-09-11,960.0,call,0.0,0.0,,0.0,,,,,4047529.0,9502620.0,-5455091.0,-2303749.0,,2581076271.0,,,968.46,100.0,unknown,QuantData PER_ONE_DOLLAR_MOVE; exact dollar/contract scaling unverified,QuantData
2026-08-17T16:00:00-04:00,2026-09-11,960.0,put,-2385.0,238.0,,-543324.0,,,,,4047529.0,9502620.0,-5455091.0,-2303749.0,,2581076271.0,,,968.46,100.0,unknown,QuantData PER_ONE_DOLLAR_MOVE; exact dollar/contract scaling unverified,QuantData
2026-08-17T16:00:00-04:00,2026-09-11,965.0,call,0.0,0.0,,0.0,,,,,4047529.0,9502620.0,-5455091.0,-2303749.0,,2581076271.0,,,968.46,100.0,unknown,QuantData PER_ONE_DOLLAR_MOVE; exact dollar/contract scaling unverified,QuantData
2026-08-17T16:00:00-04:00,2026-09-11,965.0,put,-353.0,-36.0,,-79105.0,,,,,4047529.0,9502620.0,-5455091.0,-2303749.0,,2581076271.0,,,968.46,100.0,unknown,QuantData PER_ONE_DOLLAR_MOVE; exact dollar/contract scaling unverified,QuantData
2026-08-17T16:00:00-04:00,2026-09-11,970.0,call,0.0,0.0,,0.0,,,,,4047529.0,9502620.0,-5455091.0,-2303749.0,,2581076271.0,,,968.46,100.0,unknown,QuantData PER_ONE_DOLLAR_MOVE; exact dollar/contract scaling unverified,QuantData
2026-08-17T16:00:00-04:00,2026-09-11,970.0,put,-735.0,154.0,,-173876.0,,,,,4047529.0,9502620.0,-5455091.0,-2303749.0,,2581076271.0,,,968.46,100.0,unknown,QuantData PER_ONE_DOLLAR_MOVE; exact dollar/contract scaling unverified,QuantData
2026-08-17T16:00:00-04:00,2026-09-11,975.0,call,365.0,91.0,,106570.0,,,,,4047529.0,9502620.0,-5455091.0,-2303749.0,,2581076271.0,,,968.46,100.0,unknown,QuantData PER_ONE_DOLLAR_MOVE; exact dollar/contract scaling unverified,QuantData
2026-08-17T16:00:00-04:00,2026-09-11,975.0,put,0.0,0.0,,0.0,,,,,4047529.0,9502620.0,-5455091.0,-2303749.0,,2581076271.0,,,968.46,100.0,unknown,QuantData PER_ONE_DOLLAR_MOVE; exact dollar/contract scaling unverified,QuantData
2026-08-17T16:00:00-04:00,2026-09-11,980.0,call,1647.0,551.0,,467271.0,,,,,4047529.0,9502620.0,-5455091.0,-2303749.0,,2581076271.0,,,968.46,100.0,unknown,QuantData PER_ONE_DOLLAR_MOVE; exact dollar/contract scaling unverified,QuantData
2026-08-17T16:00:00-04:00,2026-09-11,980.0,put,-1844.0,613.0,,-452973.0,,,,,4047529.0,9502620.0,-5455091.0,-2303749.0,,2581076271.0,,,968.46,100.0,unknown,QuantData PER_ONE_DOLLAR_MOVE; exact dollar/contract scaling unverified,QuantData
2026-08-17T16:00:00-04:00,2026-09-11,985.0,call,1459.0,376.0,,430105.0,,,,,4047529.0,9502620.0,-5455091.0,-2303749.0,,2581076271.0,,,968.46,100.0,unknown,QuantData PER_ONE_DOLLAR_MOVE; exact dollar/contract scaling unverified,QuantData
2026-08-17T16:00:00-04:00,2026-09-11,985.0,put,-717.0,129.0,,-174393.0,,,,,4047529.0,9502620.0,-5455091.0,-2303749.0,,2581076271.0,,,968.46,100.0,unknown,QuantData PER_ONE_DOLLAR_MOVE; exact dollar/contract scaling unverified,QuantData
2026-08-17T16:00:00-04:00,2026-09-11,990.0,call,911.0,225.0,,271357.0,,,,,4047529.0,9502620.0,-5455091.0,-2303749.0,,2581076271.0,,,968.46,100.0,unknown,QuantData PER_ONE_DOLLAR_MOVE; exact dollar/contract scaling unverified,QuantData
2026-08-17T16:00:00-04:00,2026-09-11,990.0,put,0.0,0.0,,0.0,,,,,4047529.0,9502620.0,-5455091.0,-2303749.0,,2581076271.0,,,968.46,100.0,unknown,QuantData PER_ONE_DOLLAR_MOVE; exact dollar/contract scaling unverified,QuantData
2026-08-17T16:00:00-04:00,2026-09-11,995.0,call,885.0,245.0,,271437.0,,,,,4047529.0,9502620.0,-5455091.0,-2303749.0,,2581076271.0,,,968.46,100.0,unknown,QuantData PER_ONE_DOLLAR_MOVE; exact dollar/contract scaling unverified,QuantData
2026-08-17T16:00:00-04:00,2026-09-11,995.0,put,0.0,0.0,,0.0,,,,,4047529.0,9502620.0,-5455091.0,-2303749.0,,2581076271.0,,,968.46,100.0,unknown,QuantData PER_ONE_DOLLAR_MOVE; exact dollar/contract scaling unverified,QuantData
2026-08-17T16:00:00-04:00,2026-09-11,1000.0,call,6511.0,5141.0,,1584853.0,,,,,4047529.0,9502620.0,-5455091.0,-2303749.0,,2581076271.0,,,968.46,100.0,unknown,QuantData PER_ONE_DOLLAR_MOVE; exact dollar/contract scaling unverified,QuantData
2026-08-17T16:00:00-04:00,2026-09-11,1000.0,put,0.0,0.0,,0.0,,,,,4047529.0,9502620.0,-5455091.0,-2303749.0,,2581076271.0,,,968.46,100.0,unknown,QuantData PER_ONE_DOLLAR_MOVE; exact dollar/contract scaling unverified,QuantData
2026-08-17T16:00:00-04:00,2026-09-11,1005.0,call,361.0,145.0,,104421.0,,,,,4047529.0,9502620.0,-5455091.0,-2303749.0,,2581076271.0,,,968.46,100.0,unknown,QuantData PER_ONE_DOLLAR_MOVE; exact dollar/contract scaling unverified,QuantData
2026-08-17T16:00:00-04:00,2026-09-11,1005.0,put,0.0,0.0,,0.0,,,,,4047529.0,9502620.0,-5455091.0,-2303749.0,,2581076271.0,,,968.46,100.0,unknown,QuantData PER_ONE_DOLLAR_MOVE; exact dollar/contract scaling unverified,QuantData
2026-08-17T16:00:00-04:00,2026-09-11,1010.0,call,1302.0,973.0,,316432.0,,,,,4047529.0,9502620.0,-5455091.0,-2303749.0,,2581076271.0,,,968.46,100.0,unknown,QuantData PER_ONE_DOLLAR_MOVE; exact dollar/contract scaling unverified,QuantData
2026-08-17T16:00:00-04:00,2026-09-11,1010.0,put,-356.0,153.0,,-94801.0,,,,,4047529.0,9502620.0,-5455091.0,-2303749.0,,2581076271.0,,,968.46,100.0,unknown,QuantData PER_ONE_DOLLAR_MOVE; exact dollar/contract scaling unverified,QuantData
2026-08-17T16:00:00-04:00,2026-09-11,1040.0,call,3100.0,2791.0,,749336.0,,,,,4047529.0,9502620.0,-5455091.0,-2303749.0,,2581076271.0,,,968.46,100.0,unknown,QuantData PER_ONE_DOLLAR_MOVE; exact dollar/contract scaling unverified,QuantData
2026-08-17T16:00:00-04:00,2026-09-11,1040.0,put,0.0,0.0,,0.0,,,,,4047529.0,9502620.0,-5455091.0,-2303749.0,,2581076271.0,,,968.46,100.0,unknown,QuantData PER_ONE_DOLLAR_MOVE; exact dollar/contract scaling unverified,QuantData
2026-08-17T16:00:00-04:00,2026-09-11,1045.0,call,0.0,0.0,,0.0,,,,,4047529.0,9502620.0,-5455091.0,-2303749.0,,2581076271.0,,,968.46,100.0,unknown,QuantData PER_ONE_DOLLAR_MOVE; exact dollar/contract scaling unverified,QuantData
2026-08-17T16:00:00-04:00,2026-09-11,1045.0,put,0.0,0.0,,0.0,,,,,4047529.0,9502620.0,-5455091.0,-2303749.0,,2581076271.0,,,968.46,100.0,unknown,QuantData PER_ONE_DOLLAR_MOVE; exact dollar/contract scaling unverified,QuantData
2026-08-17T16:00:00-04:00,2026-09-11,1050.0,call,1084.0,954.0,,270898.0,,,,,4047529.0,9502620.0,-5455091.0,-2303749.0,,2581076271.0,,,968.46,100.0,unknown,QuantData PER_ONE_DOLLAR_MOVE; exact dollar/contract scaling unverified,QuantData
2026-08-17T16:00:00-04:00,2026-09-11,1050.0,put,0.0,0.0,,0.0,,,,,4047529.0,9502620.0,-5455091.0,-2303749.0,,2581076271.0,,,968.46,100.0,unknown,QuantData PER_ONE_DOLLAR_MOVE; exact dollar/contract scaling unverified,QuantData
2026-08-17T16:00:00-04:00,2026-09-11,1080.0,call,1565.0,1920.0,,359807.0,,,,,4047529.0,9502620.0,-5455091.0,-2303749.0,,2581076271.0,,,968.46,100.0,unknown,QuantData PER_ONE_DOLLAR_MOVE; exact dollar/contract scaling unverified,QuantData
2026-08-17T16:00:00-04:00,2026-09-11,1080.0,put,0.0,0.0,,0.0,,,,,4047529.0,9502620.0,-5455091.0,-2303749.0,,2581076271.0,,,968.46,100.0,unknown,QuantData PER_ONE_DOLLAR_MOVE; exact dollar/contract scaling unverified,QuantData
2026-08-17T16:00:00-04:00,2026-09-11,1100.0,call,5417.0,8548.0,,1089510.0,,,,,4047529.0,9502620.0,-5455091.0,-2303749.0,,2581076271.0,,,968.46,100.0,unknown,QuantData PER_ONE_DOLLAR_MOVE; exact dollar/contract scaling unverified,QuantData
2026-08-17T16:00:00-04:00,2026-09-11,1100.0,put,0.0,0.0,,0.0,,,,,4047529.0,9502620.0,-5455091.0,-2303749.0,,2581076271.0,,,968.46,100.0,unknown,QuantData PER_ONE_DOLLAR_MOVE; exact dollar/contract scaling unverified,QuantData
2026-08-17T16:00:00-04:00,2026-09-11,1150.0,call,456.0,931.0,,84465.0,,,,,4047529.0,9502620.0,-5455091.0,-2303749.0,,2581076271.0,,,968.46,100.0,unknown,QuantData PER_ONE_DOLLAR_MOVE; exact dollar/contract scaling unverified,QuantData
2026-08-17T16:00:00-04:00,2026-09-11,1150.0,put,0.0,0.0,,0.0,,,,,4047529.0,9502620.0,-5455091.0,-2303749.0,,2581076271.0,,,968.46,100.0,unknown,QuantData PER_ONE_DOLLAR_MOVE; exact dollar/contract scaling unverified,QuantData
2026-08-17T16:00:00-04:00,2026-09-11,1155.0,call,456.0,950.0,,83360.0,,,,,4047529.0,9502620.0,-5455091.0,-2303749.0,,2581076271.0,,,968.46,100.0,unknown,QuantData PER_ONE_DOLLAR_MOVE; exact dollar/contract scaling unverified,QuantData
2026-08-17T16:00:00-04:00,2026-09-11,1155.0,put,0.0,0.0,,0.0,,,,,4047529.0,9502620.0,-5455091.0,-2303749.0,,2581076271.0,,,968.46,100.0,unknown,QuantData PER_ONE_DOLLAR_MOVE; exact dollar/contract scaling unverified,QuantData
2026-08-17T16:00:00-04:00,2026-09-11,1160.0,call,0.0,0.0,,0.0,,,,,4047529.0,9502620.0,-5455091.0,-2303749.0,,2581076271.0,,,968.46,100.0,unknown,QuantData PER_ONE_DOLLAR_MOVE; exact dollar/contract scaling unverified,QuantData
2026-08-17T16:00:00-04:00,2026-09-11,1160.0,put,0.0,0.0,,0.0,,,,,4047529.0,9502620.0,-5455091.0,-2303749.0,,2581076271.0,,,968.46,100.0,unknown,QuantData PER_ONE_DOLLAR_MOVE; exact dollar/contract scaling unverified,QuantData
2026-08-17T16:00:00-04:00,2026-09-11,1180.0,call,142.0,328.0,,25078.0,,,,,4047529.0,9502620.0,-5455091.0,-2303749.0,,2581076271.0,,,968.46,100.0,unknown,QuantData PER_ONE_DOLLAR_MOVE; exact dollar/contract scaling unverified,QuantData
2026-08-17T16:00:00-04:00,2026-09-11,1180.0,put,0.0,0.0,,0.0,,,,,4047529.0,9502620.0,-5455091.0,-2303749.0,,2581076271.0,,,968.46,100.0,unknown,QuantData PER_ONE_DOLLAR_MOVE; exact dollar/contract scaling unverified,QuantData
2026-08-17T16:00:00-04:00,2026-09-11,1200.0,call,422.0,1015.0,,73215.0,,,,,4047529.0,9502620.0,-5455091.0,-2303749.0,,2581076271.0,,,968.46,100.0,unknown,QuantData PER_ONE_DOLLAR_MOVE; exact dollar/contract scaling unverified,QuantData
2026-08-17T16:00:00-04:00,2026-09-11,1200.0,put,0.0,0.0,,0.0,,,,,4047529.0,9502620.0,-5455091.0,-2303749.0,,2581076271.0,,,968.46,100.0,unknown,QuantData PER_ONE_DOLLAR_MOVE; exact dollar/contract scaling unverified,QuantData
2026-08-17T16:00:00-04:00,2026-09-11,1350.0,call,0.0,0.0,,0.0,,,,,4047529.0,9502620.0,-5455091.0,-2303749.0,,2581076271.0,,,968.46,100.0,unknown,QuantData PER_ONE_DOLLAR_MOVE; exact dollar/contract scaling unverified,QuantData
2026-08-17T16:00:00-04:00,2026-09-11,1350.0,put,0.0,0.0,,0.0,,,,,4047529.0,9502620.0,-5455091.0,-2303749.0,,2581076271.0,,,968.46,100.0,unknown,QuantData PER_ONE_DOLLAR_MOVE; exact dollar/contract scaling unverified,QuantData
2026-08-17T16:00:00-04:00,2026-09-18,310.0,call,43.0,-242.0,,1129656.0,,,,,4047529.0,9502620.0,-5455091.0,-2303749.0,,2581076271.0,,,968.46,100.0,unknown,QuantData PER_ONE_DOLLAR_MOVE; exact dollar/contract scaling unverified,QuantData
2026-08-17T16:00:00-04:00,2026-09-18,310.0,put,0.0,0.0,,0.0,,,,,4047529.0,9502620.0,-5455091.0,-2303749.0,,2581076271.0,,,968.46,100.0,unknown,QuantData PER_ONE_DOLLAR_MOVE; exact dollar/contract scaling unverified,QuantData
2026-08-17T16:00:00-04:00,2026-09-18,320.0,call,70.0,-399.0,,1788619.0,,,,,4047529.0,9502620.0,-5455091.0,-2303749.0,,2581076271.0,,,968.46,100.0,unknown,QuantData PER_ONE_DOLLAR_MOVE; exact dollar/contract scaling unverified,QuantData
2026-08-17T16:00:00-04:00,2026-09-18,320.0,put,0.0,0.0,,0.0,,,,,4047529.0,9502620.0,-5455091.0,-2303749.0,,2581076271.0,,,968.46,100.0,unknown,QuantData PER_ONE_DOLLAR_MOVE; exact dollar/contract scaling unverified,QuantData
2026-08-17T16:00:00-04:00,2026-09-18,350.0,call,0.0,0.0,,0.0,,,,,4047529.0,9502620.0,-5455091.0,-2303749.0,,2581076271.0,,,968.46,100.0,unknown,QuantData PER_ONE_DOLLAR_MOVE; exact dollar/contract scaling unverified,QuantData
2026-08-17T16:00:00-04:00,2026-09-18,350.0,put,-188.0,-1307.0,,-24622.0,,,,,4047529.0,9502620.0,-5455091.0,-2303749.0,,2581076271.0,,,968.46,100.0,unknown,QuantData PER_ONE_DOLLAR_MOVE; exact dollar/contract scaling unverified,QuantData
2026-08-17T16:00:00-04:00,2026-09-18,390.0,call,0.0,0.0,,0.0,,,,,4047529.0,9502620.0,-5455091.0,-2303749.0,,2581076271.0,,,968.46,100.0,unknown,QuantData PER_ONE_DOLLAR_MOVE; exact dollar/contract scaling unverified,QuantData
2026-08-17T16:00:00-04:00,2026-09-18,390.0,put,-409.0,-3266.0,,-38995.0,,,,,4047529.0,9502620.0,-5455091.0,-2303749.0,,2581076271.0,,,968.46,100.0,unknown,QuantData PER_ONE_DOLLAR_MOVE; exact dollar/contract scaling unverified,QuantData
2026-08-17T16:00:00-04:00,2026-09-18,400.0,call,0.0,0.0,,0.0,,,,,4047529.0,9502620.0,-5455091.0,-2303749.0,,2581076271.0,,,968.46,100.0,unknown,QuantData PER_ONE_DOLLAR_MOVE; exact dollar/contract scaling unverified,QuantData
2026-08-17T16:00:00-04:00,2026-09-18,400.0,put,-454.0,-3692.0,,-40767.0,,,,,4047529.0,9502620.0,-5455091.0,-2303749.0,,2581076271.0,,,968.46,100.0,unknown,QuantData PER_ONE_DOLLAR_MOVE; exact dollar/contract scaling unverified,QuantData
2026-08-17T16:00:00-04:00,2026-09-18,420.0,call,0.0,0.0,,0.0,,,,,4047529.0,9502620.0,-5455091.0,-2303749.0,,2581076271.0,,,968.46,100.0,unknown,QuantData PER_ONE_DOLLAR_MOVE; exact dollar/contract scaling unverified,QuantData
2026-08-17T16:00:00-04:00,2026-09-18,420.0,put,-465.0,-3206.0,,-46168.0,,,,,4047529.0,9502620.0,-5455091.0,-2303749.0,,2581076271.0,,,968.46,100.0,unknown,QuantData PER_ONE_DOLLAR_MOVE; exact dollar/contract scaling unverified,QuantData
2026-08-17T16:00:00-04:00,2026-09-18,450.0,call,0.0,0.0,,0.0,,,,,4047529.0,9502620.0,-5455091.0,-2303749.0,,2581076271.0,,,968.46,100.0,unknown,QuantData PER_ONE_DOLLAR_MOVE; exact dollar/contract scaling unverified,QuantData
2026-08-17T16:00:00-04:00,2026-09-18,450.0,put,-1419.0,-9770.0,,-140245.0,,,,,4047529.0,9502620.0,-5455091.0,-2303749.0,,2581076271.0,,,968.46,100.0,unknown,QuantData PER_ONE_DOLLAR_MOVE; exact dollar/contract scaling unverified,QuantData
2026-08-17T16:00:00-04:00,2026-09-18,460.0,call,0.0,0.0,,0.0,,,,,4047529.0,9502620.0,-5455091.0,-2303749.0,,2581076271.0,,,968.46,100.0,unknown,QuantData PER_ONE_DOLLAR_MOVE; exact dollar/contract scaling unverified,QuantData
2026-08-17T16:00:00-04:00,2026-09-18,460.0,put,-367.0,-2565.0,,-36229.0,,,,,4047529.0,9502620.0,-5455091.0,-2303749.0,,2581076271.0,,,968.46,100.0,unknown,QuantData PER_ONE_DOLLAR_MOVE; exact dollar/contract scaling unverified,QuantData
2026-08-17T16:00:00-04:00,2026-09-18,490.0,call,0.0,0.0,,0.0,,,,,4047529.0,9502620.0,-5455091.0,-2303749.0,,2581076271.0,,,968.46,100.0,unknown,QuantData PER_ONE_DOLLAR_MOVE; exact dollar/contract scaling unverified,QuantData
2026-08-17T16:00:00-04:00,2026-09-18,490.0,put,-1017.0,-6439.0,,-103449.0,,,,,4047529.0,9502620.0,-5455091.0,-2303749.0,,2581076271.0,,,968.46,100.0,unknown,QuantData PER_ONE_DOLLAR_MOVE; exact dollar/contract scaling unverified,QuantData
2026-08-17T16:00:00-04:00,2026-09-18,500.0,call,3464.0,-20444.0,,40007412.0,,,,,4047529.0,9502620.0,-5455091.0,-2303749.0,,2581076271.0,,,968.46,100.0,unknown,QuantData PER_ONE_DOLLAR_MOVE; exact dollar/contract scaling unverified,QuantData
2026-08-17T16:00:00-04:00,2026-09-18,500.0,put,-7714.0,-48039.0,,-783703.0,,,,,4047529.0,9502620.0,-5455091.0,-2303749.0,,2581076271.0,,,968.46,100.0,unknown,QuantData PER_ONE_DOLLAR_MOVE; exact dollar/contract scaling unverified,QuantData
2026-08-17T16:00:00-04:00,2026-09-18,510.0,call,0.0,0.0,,0.0,,,,,4047529.0,9502620.0,-5455091.0,-2303749.0,,2581076271.0,,,968.46,100.0,unknown,QuantData PER_ONE_DOLLAR_MOVE; exact dollar/contract scaling unverified,QuantData
2026-08-17T16:00:00-04:00,2026-09-18,510.0,put,-720.0,-4784.0,,-70092.0,,,,,4047529.0,9502620.0,-5455091.0,-2303749.0,,2581076271.0,,,968.46,100.0,unknown,QuantData PER_ONE_DOLLAR_MOVE; exact dollar/contract scaling unverified,QuantData
2026-08-17T16:00:00-04:00,2026-09-18,520.0,call,0.0,0.0,,0.0,,,,,4047529.0,9502620.0,-5455091.0,-2303749.0,,2581076271.0,,,968.46,100.0,unknown,QuantData PER_ONE_DOLLAR_MOVE; exact dollar/contract scaling unverified,QuantData
2026-08-17T16:00:00-04:00,2026-09-18,520.0,put,-6942.0,-41045.0,,-740150.0,,,,,4047529.0,9502620.0,-5455091.0,-2303749.0,,2581076271.0,,,968.46,100.0,unknown,QuantData PER_ONE_DOLLAR_MOVE; exact dollar/contract scaling unverified,QuantData
2026-08-17T16:00:00-04:00,2026-09-18,530.0,call,0.0,0.0,,0.0,,,,,4047529.0,9502620.0,-5455091.0,-2303749.0,,2581076271.0,,,968.46,100.0,unknown,QuantData PER_ONE_DOLLAR_MOVE; exact dollar/contract scaling unverified,QuantData
2026-08-17T16:00:00-04:00,2026-09-18,530.0,put,-307.0,-1644.0,,-39283.0,,,,,4047529.0,9502620.0,-5455091.0,-2303749.0,,2581076271.0,,,968.46,100.0,unknown,QuantData PER_ONE_DOLLAR_MOVE; exact dollar/contract scaling unverified,QuantData
2026-08-17T16:00:00-04:00,2026-09-18,540.0,call,3140.0,-15934.0,,18977752.0,,,,,4047529.0,9502620.0,-5455091.0,-2303749.0,,2581076271.0,,,968.46,100.0,unknown,QuantData PER_ONE_DOLLAR_MOVE; exact dollar/contract scaling unverified,QuantData
2026-08-17T16:00:00-04:00,2026-09-18,540.0,put,-19043.0,-102597.0,,-1996288.0,,,,,4047529.0,9502620.0,-5455091.0,-2303749.0,,2581076271.0,,,968.46,100.0,unknown,QuantData PER_ONE_DOLLAR_MOVE; exact dollar/contract scaling unverified,QuantData
2026-08-17T16:00:00-04:00,2026-09-18,550.0,call,0.0,0.0,,0.0,,,,,4047529.0,9502620.0,-5455091.0,-2303749.0,,2581076271.0,,,968.46,100.0,unknown,QuantData PER_ONE_DOLLAR_MOVE; exact dollar/contract scaling unverified,QuantData
2026-08-17T16:00:00-04:00,2026-09-18,550.0,put,-9026.0,-49718.0,,-967347.0,,,,,4047529.0,9502620.0,-5455091.0,-2303749.0,,2581076271.0,,,968.46,100.0,unknown,QuantData PER_ONE_DOLLAR_MOVE; exact dollar/contract scaling unverified,QuantData
2026-08-17T16:00:00-04:00,2026-09-18,560.0,call,0.0,0.0,,0.0,,,,,4047529.0,9502620.0,-5455091.0,-2303749.0,,2581076271.0,,,968.46,100.0,unknown,QuantData PER_ONE_DOLLAR_MOVE; exact dollar/contract scaling unverified,QuantData
2026-08-17T16:00:00-04:00,2026-09-18,560.0,put,-3094.0,-17602.0,,-329349.0,,,,,4047529.0,9502620.0,-5455091.0,-2303749.0,,2581076271.0,,,968.46,100.0,unknown,QuantData PER_ONE_DOLLAR_MOVE; exact dollar/contract scaling unverified,QuantData
2026-08-17T16:00:00-04:00,2026-09-18,570.0,call,0.0,0.0,,0.0,,,,,4047529.0,9502620.0,-5455091.0,-2303749.0,,2581076271.0,,,968.46,100.0,unknown,QuantData PER_ONE_DOLLAR_MOVE; exact dollar/contract scaling unverified,QuantData
2026-08-17T16:00:00-04:00,2026-09-18,570.0,put,-2847.0,-16082.0,,-297214.0,,,,,4047529.0,9502620.0,-5455091.0,-2303749.0,,2581076271.0,,,968.46,100.0,unknown,QuantData PER_ONE_DOLLAR_MOVE; exact dollar/contract scaling unverified,QuantData
2026-08-17T16:00:00-04:00,2026-09-18,580.0,call,0.0,0.0,,0.0,,,,,4047529.0,9502620.0,-5455091.0,-2303749.0,,2581076271.0,,,968.46,100.0,unknown,QuantData PER_ONE_DOLLAR_MOVE; exact dollar/contract scaling unverified,QuantData
2026-08-17T16:00:00-04:00,2026-09-18,580.0,put,-12168.0,-56518.0,,-1381977.0,,,,,4047529.0,9502620.0,-5455091.0,-2303749.0,,2581076271.0,,,968.46,100.0,unknown,QuantData PER_ONE_DOLLAR_MOVE; exact dollar/contract scaling unverified,QuantData
2026-08-17T16:00:00-04:00,2026-09-18,590.0,call,0.0,0.0,,0.0,,,,,4047529.0,9502620.0,-5455091.0,-2303749.0,,2581076271.0,,,968.46,100.0,unknown,QuantData PER_ONE_DOLLAR_MOVE; exact dollar/contract scaling unverified,QuantData
2026-08-17T16:00:00-04:00,2026-09-18,590.0,put,-4719.0,-24899.0,,-513807.0,,,,,4047529.0,9502620.0,-5455091.0,-2303749.0,,2581076271.0,,,968.46,100.0,unknown,QuantData PER_ONE_DOLLAR_MOVE; exact dollar/contract scaling unverified,QuantData
2026-08-17T16:00:00-04:00,2026-09-18,600.0,call,1964.0,-9829.0,,8941982.0,,,,,4047529.0,9502620.0,-5455091.0,-2303749.0,,2581076271.0,,,968.46,100.0,unknown,QuantData PER_ONE_DOLLAR_MOVE; exact dollar/contract scaling unverified,QuantData
2026-08-17T16:00:00-04:00,2026-09-18,600.0,put,-29130.0,-145062.0,,-3135673.0,,,,,4047529.0,9502620.0,-5455091.0,-2303749.0,,2581076271.0,,,968.46,100.0,unknown,QuantData PER_ONE_DOLLAR_MOVE; exact dollar/contract scaling unverified,QuantData
2026-08-17T16:00:00-04:00,2026-09-18,620.0,call,0.0,0.0,,0.0,,,,,4047529.0,9502620.0,-5455091.0,-2303749.0,,2581076271.0,,,968.46,100.0,unknown,QuantData PER_ONE_DOLLAR_MOVE; exact dollar/contract scaling unverified,QuantData
2026-08-17T16:00:00-04:00,2026-09-18,620.0,put,-8460.0,-38210.0,,-986506.0,,,,,4047529.0,9502620.0,-5455091.0,-2303749.0,,2581076271.0,,,968.46,100.0,unknown,QuantData PER_ONE_DOLLAR_MOVE; exact dollar/contract scaling unverified,QuantData
2026-08-17T16:00:00-04:00,2026-09-18,630.0,call,0.0,0.0,,0.0,,,,,4047529.0,9502620.0,-5455091.0,-2303749.0,,2581076271.0,,,968.46,100.0,unknown,QuantData PER_ONE_DOLLAR_MOVE; exact dollar/contract scaling unverified,QuantData
2026-08-17T16:00:00-04:00,2026-09-18,630.0,put,-7576.0,-33743.0,,-873475.0,,,,,4047529.0,9502620.0,-5455091.0,-2303749.0,,2581076271.0,,,968.46,100.0,unknown,QuantData PER_ONE_DOLLAR_MOVE; exact dollar/contract scaling unverified,QuantData
2026-08-17T16:00:00-04:00,2026-09-18,640.0,call,0.0,0.0,,0.0,,,,,4047529.0,9502620.0,-5455091.0,-2303749.0,,2581076271.0,,,968.46,100.0,unknown,QuantData PER_ONE_DOLLAR_MOVE; exact dollar/contract scaling unverified,QuantData
2026-08-17T16:00:00-04:00,2026-09-18,640.0,put,-15044.0,-65897.0,,-1722131.0,,,,,4047529.0,9502620.0,-5455091.0,-2303749.0,,2581076271.0,,,968.46,100.0,unknown,QuantData PER_ONE_DOLLAR_MOVE; exact dollar/contract scaling unverified,QuantData
2026-08-17T16:00:00-04:00,2026-09-18,650.0,call,5245.0,-21896.0,,12670911.0,,,,,4047529.0,9502620.0,-5455091.0,-2303749.0,,2581076271.0,,,968.46,100.0,unknown,QuantData PER_ONE_DOLLAR_MOVE; exact dollar/contract scaling unverified,QuantData
2026-08-17T16:00:00-04:00,2026-09-18,650.0,put,-30885.0,-130304.0,,-3630346.0,,,,,4047529.0,9502620.0,-5455091.0,-2303749.0,,2581076271.0,,,968.46,100.0,unknown,QuantData PER_ONE_DOLLAR_MOVE; exact dollar/contract scaling unverified,QuantData
2026-08-17T16:00:00-04:00,2026-09-18,660.0,call,0.0,0.0,,0.0,,,,,4047529.0,9502620.0,-5455091.0,-2303749.0,,2581076271.0,,,968.46,100.0,unknown,QuantData PER_ONE_DOLLAR_MOVE; exact dollar/contract scaling unverified,QuantData
2026-08-17T16:00:00-04:00,2026-09-18,660.0,put,-25524.0,-103420.0,,-3049011.0,,,,,4047529.0,9502620.0,-5455091.0,-2303749.0,,2581076271.0,,,968.46,100.0,unknown,QuantData PER_ONE_DOLLAR_MOVE; exact dollar/contract scaling unverified,QuantData
2026-08-17T16:00:00-04:00,2026-09-18,670.0,call,0.0,0.0,,0.0,,,,,4047529.0,9502620.0,-5455091.0,-2303749.0,,2581076271.0,,,968.46,100.0,unknown,QuantData PER_ONE_DOLLAR_MOVE; exact dollar/contract scaling unverified,QuantData
2026-08-17T16:00:00-04:00,2026-09-18,670.0,put,-36937.0,-144598.0,,-4459524.0,,,,,4047529.0,9502620.0,-5455091.0,-2303749.0,,2581076271.0,,,968.46,100.0,unknown,QuantData PER_ONE_DOLLAR_MOVE; exact dollar/contract scaling unverified,QuantData
2026-08-17T16:00:00-04:00,2026-09-18,680.0,call,0.0,0.0,,0.0,,,,,4047529.0,9502620.0,-5455091.0,-2303749.0,,2581076271.0,,,968.46,100.0,unknown,QuantData PER_ONE_DOLLAR_MOVE; exact dollar/contract scaling unverified,QuantData
2026-08-17T16:00:00-04:00,2026-09-18,680.0,put,-13503.0,-52288.0,,-1702390.0,,,,,4047529.0,9502620.0,-5455091.0,-2303749.0,,2581076271.0,,,968.46,100.0,unknown,QuantData PER_ONE_DOLLAR_MOVE; exact dollar/contract scaling unverified,QuantData
2026-08-17T16:00:00-04:00,2026-09-18,690.0,call,0.0,0.0,,0.0,,,,,4047529.0,9502620.0,-5455091.0,-2303749.0,,2581076271.0,,,968.46,100.0,unknown,QuantData PER_ONE_DOLLAR_MOVE; exact dollar/contract scaling unverified,QuantData
2026-08-17T16:00:00-04:00,2026-09-18,690.0,put,-26991.0,-97272.0,,-3380508.0,,,,,4047529.0,9502620.0,-5455091.0,-2303749.0,,2581076271.0,,,968.46,100.0,unknown,QuantData PER_ONE_DOLLAR_MOVE; exact dollar/contract scaling unverified,QuantData
2026-08-17T16:00:00-04:00,2026-09-18,700.0,call,5424.0,-19772.0,,9640511.0,,,,,4047529.0,9502620.0,-5455091.0,-2303749.0,,2581076271.0,,,968.46,100.0,unknown,QuantData PER_ONE_DOLLAR_MOVE; exact dollar/contract scaling unverified,QuantData
2026-08-17T16:00:00-04:00,2026-09-18,700.0,put,-66520.0,-228354.0,,-8595584.0,,,,,4047529.0,9502620.0,-5455091.0,-2303749.0,,2581076271.0,,,968.46,100.0,unknown,QuantData PER_ONE_DOLLAR_MOVE; exact dollar/contract scaling unverified,QuantData
2026-08-17T16:00:00-04:00,2026-09-18,710.0,call,0.0,0.0,,0.0,,,,,4047529.0,9502620.0,-5455091.0,-2303749.0,,2581076271.0,,,968.46,100.0,unknown,QuantData PER_ONE_DOLLAR_MOVE; exact dollar/contract scaling unverified,QuantData
2026-08-17T16:00:00-04:00,2026-09-18,710.0,put,-15450.0,-51483.0,,-2179782.0,,,,,4047529.0,9502620.0,-5455091.0,-2303749.0,,2581076271.0,,,968.46,100.0,unknown,QuantData PER_ONE_DOLLAR_MOVE; exact dollar/contract scaling unverified,QuantData
2026-08-17T16:00:00-04:00,2026-09-18,720.0,call,0.0,0.0,,0.0,,,,,4047529.0,9502620.0,-5455091.0,-2303749.0,,2581076271.0,,,968.46,100.0,unknown,QuantData PER_ONE_DOLLAR_MOVE; exact dollar/contract scaling unverified,QuantData
2026-08-17T16:00:00-04:00,2026-09-18,720.0,put,-18306.0,-59340.0,,-2469352.0,,,,,4047529.0,9502620.0,-5455091.0,-2303749.0,,2581076271.0,,,968.46,100.0,unknown,QuantData PER_ONE_DOLLAR_MOVE; exact dollar/contract scaling unverified,QuantData
2026-08-17T16:00:00-04:00,2026-09-18,730.0,call,0.0,0.0,,0.0,,,,,4047529.0,9502620.0,-5455091.0,-2303749.0,,2581076271.0,,,968.46,100.0,unknown,QuantData PER_ONE_DOLLAR_MOVE; exact dollar/contract scaling unverified,QuantData
2026-08-17T16:00:00-04:00,2026-09-18,730.0,put,-13956.0,-42250.0,,-1907897.0,,,,,4047529.0,9502620.0,-5455091.0,-2303749.0,,2581076271.0,,,968.46,100.0,unknown,QuantData PER_ONE_DOLLAR_MOVE; exact dollar/contract scaling unverified,QuantData
2026-08-17T16:00:00-04:00,2026-09-18,740.0,call,9998.0,-28907.0,,11637671.0,,,,,4047529.0,9502620.0,-5455091.0,-2303749.0,,2581076271.0,,,968.46,100.0,unknown,QuantData PER_ONE_DOLLAR_MOVE; exact dollar/contract scaling unverified,QuantData
2026-08-17T16:00:00-04:00,2026-09-18,740.0,put,-40933.0,-123806.0,,-5844612.0,,,,,4047529.0,9502620.0,-5455091.0,-2303749.0,,2581076271.0,,,968.46,100.0,unknown,QuantData PER_ONE_DOLLAR_MOVE; exact dollar/contract scaling unverified,QuantData
2026-08-17T16:00:00-04:00,2026-09-18,750.0,call,0.0,0.0,,0.0,,,,,4047529.0,9502620.0,-5455091.0,-2303749.0,,2581076271.0,,,968.46,100.0,unknown,QuantData PER_ONE_DOLLAR_MOVE; exact dollar/contract scaling unverified,QuantData
2026-08-17T16:00:00-04:00,2026-09-18,750.0,put,-64722.0,-177018.0,,-9334195.0,,,,,4047529.0,9502620.0,-5455091.0,-2303749.0,,2581076271.0,,,968.46,100.0,unknown,QuantData PER_ONE_DOLLAR_MOVE; exact dollar/contract scaling unverified,QuantData
2026-08-17T16:00:00-04:00,2026-09-18,760.0,call,0.0,0.0,,0.0,,,,,4047529.0,9502620.0,-5455091.0,-2303749.0,,2581076271.0,,,968.46,100.0,unknown,QuantData PER_ONE_DOLLAR_MOVE; exact dollar/contract scaling unverified,QuantData
2026-08-17T16:00:00-04:00,2026-09-18,760.0,put,-48395.0,-121707.0,,-7139283.0,,,,,4047529.0,9502620.0,-5455091.0,-2303749.0,,2581076271.0,,,968.46,100.0,unknown,QuantData PER_ONE_DOLLAR_MOVE; exact dollar/contract scaling unverified,QuantData
2026-08-17T16:00:00-04:00,2026-09-18,770.0,call,4997.0,-13169.0,,5182564.0,,,,,4047529.0,9502620.0,-5455091.0,-2303749.0,,2581076271.0,,,968.46,100.0,unknown,QuantData PER_ONE_DOLLAR_MOVE; exact dollar/contract scaling unverified,QuantData
2026-08-17T16:00:00-04:00,2026-09-18,770.0,put,-15744.0,-37109.0,,-2375098.0,,,,,4047529.0,9502620.0,-5455091.0,-2303749.0,,2581076271.0,,,968.46,100.0,unknown,QuantData PER_ONE_DOLLAR_MOVE; exact dollar/contract scaling unverified,QuantData
2026-08-17T16:00:00-04:00,2026-09-18,780.0,call,4938.0,-11116.0,,4183309.0,,,,,4047529.0,9502620.0,-5455091.0,-2303749.0,,2581076271.0,,,968.46,100.0,unknown,QuantData PER_ONE_DOLLAR_MOVE; exact dollar/contract scaling unverified,QuantData
2026-08-17T16:00:00-04:00,2026-09-18,780.0,put,-25886.0,-61771.0,,-4042167.0,,,,,4047529.0,9502620.0,-5455091.0,-2303749.0,,2581076271.0,,,968.46,100.0,unknown,QuantData PER_ONE_DOLLAR_MOVE; exact dollar/contract scaling unverified,QuantData
2026-08-17T16:00:00-04:00,2026-09-18,790.0,call,4659.0,-10663.0,,4190950.0,,,,,4047529.0,9502620.0,-5455091.0,-2303749.0,,2581076271.0,,,968.46,100.0,unknown,QuantData PER_ONE_DOLLAR_MOVE; exact dollar/contract scaling unverified,QuantData
2026-08-17T16:00:00-04:00,2026-09-18,790.0,put,-8059.0,-18091.0,,-1287865.0,,,,,4047529.0,9502620.0,-5455091.0,-2303749.0,,2581076271.0,,,968.46,100.0,unknown,QuantData PER_ONE_DOLLAR_MOVE; exact dollar/contract scaling unverified,QuantData
2026-08-17T16:00:00-04:00,2026-09-18,800.0,call,51389.0,-106583.0,,42234090.0,,,,,4047529.0,9502620.0,-5455091.0,-2303749.0,,2581076271.0,,,968.46,100.0,unknown,QuantData PER_ONE_DOLLAR_MOVE; exact dollar/contract scaling unverified,QuantData
2026-08-17T16:00:00-04:00,2026-09-18,800.0,put,-97271.0,-191126.0,,-15431374.0,,,,,4047529.0,9502620.0,-5455091.0,-2303749.0,,2581076271.0,,,968.46,100.0,unknown,QuantData PER_ONE_DOLLAR_MOVE; exact dollar/contract scaling unverified,QuantData
2026-08-17T16:00:00-04:00,2026-09-18,810.0,call,11462.0,-23956.0,,9313613.0,,,,,4047529.0,9502620.0,-5455091.0,-2303749.0,,2581076271.0,,,968.46,100.0,unknown,QuantData PER_ONE_DOLLAR_MOVE; exact dollar/contract scaling unverified,QuantData
2026-08-17T16:00:00-04:00,2026-09-18,810.0,put,-21686.0,-42697.0,,-3641505.0,,,,,4047529.0,9502620.0,-5455091.0,-2303749.0,,2581076271.0,,,968.46,100.0,unknown,QuantData PER_ONE_DOLLAR_MOVE; exact dollar/contract scaling unverified,QuantData
2026-08-17T16:00:00-04:00,2026-09-18,820.0,call,0.0,0.0,,0.0,,,,,4047529.0,9502620.0,-5455091.0,-2303749.0,,2581076271.0,,,968.46,100.0,unknown,QuantData PER_ONE_DOLLAR_MOVE; exact dollar/contract scaling unverified,QuantData
2026-08-17T16:00:00-04:00,2026-09-18,820.0,put,-69115.0,-118022.0,,-11763102.0,,,,,4047529.0,9502620.0,-5455091.0,-2303749.0,,2581076271.0,,,968.46,100.0,unknown,QuantData PER_ONE_DOLLAR_MOVE; exact dollar/contract scaling unverified,QuantData
2026-08-17T16:00:00-04:00,2026-09-18,830.0,call,22251.0,-38648.0,,15260777.0,,,,,4047529.0,9502620.0,-5455091.0,-2303749.0,,2581076271.0,,,968.46,100.0,unknown,QuantData PER_ONE_DOLLAR_MOVE; exact dollar/contract scaling unverified,QuantData
2026-08-17T16:00:00-04:00,2026-09-18,830.0,put,-38678.0,-59445.0,,-6809701.0,,,,,4047529.0,9502620.0,-5455091.0,-2303749.0,,2581076271.0,,,968.46,100.0,unknown,QuantData PER_ONE_DOLLAR_MOVE; exact dollar/contract scaling unverified,QuantData
2026-08-17T16:00:00-04:00,2026-09-18,840.0,call,15109.0,-24167.0,,10205193.0,,,,,4047529.0,9502620.0,-5455091.0,-2303749.0,,2581076271.0,,,968.46,100.0,unknown,QuantData PER_ONE_DOLLAR_MOVE; exact dollar/contract scaling unverified,QuantData
2026-08-17T16:00:00-04:00,2026-09-18,840.0,put,-9029.0,-13097.0,,-1619045.0,,,,,4047529.0,9502620.0,-5455091.0,-2303749.0,,2581076271.0,,,968.46,100.0,unknown,QuantData PER_ONE_DOLLAR_MOVE; exact dollar/contract scaling unverified,QuantData
2026-08-17T16:00:00-04:00,2026-09-18,850.0,call,30769.0,-42459.0,,18074797.0,,,,,4047529.0,9502620.0,-5455091.0,-2303749.0,,2581076271.0,,,968.46,100.0,unknown,QuantData PER_ONE_DOLLAR_MOVE; exact dollar/contract scaling unverified,QuantData
2026-08-17T16:00:00-04:00,2026-09-18,850.0,put,-23030.0,-28752.0,,-4245806.0,,,,,4047529.0,9502620.0,-5455091.0,-2303749.0,,2581076271.0,,,968.46,100.0,unknown,QuantData PER_ONE_DOLLAR_MOVE; exact dollar/contract scaling unverified,QuantData
2026-08-17T16:00:00-04:00,2026-09-18,860.0,call,11481.0,-12721.0,,6045965.0,,,,,4047529.0,9502620.0,-5455091.0,-2303749.0,,2581076271.0,,,968.46,100.0,unknown,QuantData PER_ONE_DOLLAR_MOVE; exact dollar/contract scaling unverified,QuantData
2026-08-17T16:00:00-04:00,2026-09-18,860.0,put,-32721.0,-35937.0,,-6248370.0,,,,,4047529.0,9502620.0,-5455091.0,-2303749.0,,2581076271.0,,,968.46,100.0,unknown,QuantData PER_ONE_DOLLAR_MOVE; exact dollar/contract scaling unverified,QuantData
2026-08-17T16:00:00-04:00,2026-09-18,870.0,call,10795.0,-11315.0,,5859074.0,,,,,4047529.0,9502620.0,-5455091.0,-2303749.0,,2581076271.0,,,968.46,100.0,unknown,QuantData PER_ONE_DOLLAR_MOVE; exact dollar/contract scaling unverified,QuantData
2026-08-17T16:00:00-04:00,2026-09-18,870.0,put,-7676.0,-7764.0,,-1502126.0,,,,,4047529.0,9502620.0,-5455091.0,-2303749.0,,2581076271.0,,,968.46,100.0,unknown,QuantData PER_ONE_DOLLAR_MOVE; exact dollar/contract scaling unverified,QuantData
2026-08-17T16:00:00-04:00,2026-09-18,880.0,call,0.0,0.0,,0.0,,,,,4047529.0,9502620.0,-5455091.0,-2303749.0,,2581076271.0,,,968.46,100.0,unknown,QuantData PER_ONE_DOLLAR_MOVE; exact dollar/contract scaling unverified,QuantData
2026-08-17T16:00:00-04:00,2026-09-18,880.0,put,-10963.0,-9070.0,,-2217434.0,,,,,4047529.0,9502620.0,-5455091.0,-2303749.0,,2581076271.0,,,968.46,100.0,unknown,QuantData PER_ONE_DOLLAR_MOVE; exact dollar/contract scaling unverified,QuantData
2026-08-17T16:00:00-04:00,2026-09-18,890.0,call,0.0,0.0,,0.0,,,,,4047529.0,9502620.0,-5455091.0,-2303749.0,,2581076271.0,,,968.46,100.0,unknown,QuantData PER_ONE_DOLLAR_MOVE; exact dollar/contract scaling unverified,QuantData
2026-08-17T16:00:00-04:00,2026-09-18,890.0,put,-54436.0,-46773.0,,-11239202.0,,,,,4047529.0,9502620.0,-5455091.0,-2303749.0,,2581076271.0,,,968.46,100.0,unknown,QuantData PER_ONE_DOLLAR_MOVE; exact dollar/contract scaling unverified,QuantData
2026-08-17T16:00:00-04:00,2026-09-18,900.0,call,102262.0,-72964.0,,47365337.0,,,,,4047529.0,9502620.0,-5455091.0,-2303749.0,,2581076271.0,,,968.46,100.0,unknown,QuantData PER_ONE_DOLLAR_MOVE; exact dollar/contract scaling unverified,QuantData
2026-08-17T16:00:00-04:00,2026-09-18,900.0,put,-49312.0,-36362.0,,-10499842.0,,,,,4047529.0,9502620.0,-5455091.0,-2303749.0,,2581076271.0,,,968.46,100.0,unknown,QuantData PER_ONE_DOLLAR_MOVE; exact dollar/contract scaling unverified,QuantData
2026-08-17T16:00:00-04:00,2026-09-18,910.0,call,0.0,0.0,,0.0,,,,,4047529.0,9502620.0,-5455091.0,-2303749.0,,2581076271.0,,,968.46,100.0,unknown,QuantData PER_ONE_DOLLAR_MOVE; exact dollar/contract scaling unverified,QuantData
2026-08-17T16:00:00-04:00,2026-09-18,910.0,put,-6982.0,-4216.0,,-1532617.0,,,,,4047529.0,9502620.0,-5455091.0,-2303749.0,,2581076271.0,,,968.46,100.0,unknown,QuantData PER_ONE_DOLLAR_MOVE; exact dollar/contract scaling unverified,QuantData
2026-08-17T16:00:00-04:00,2026-09-18,920.0,call,36079.0,-19195.0,,15874553.0,,,,,4047529.0,9502620.0,-5455091.0,-2303749.0,,2581076271.0,,,968.46,100.0,unknown,QuantData PER_ONE_DOLLAR_MOVE; exact dollar/contract scaling unverified,QuantData
2026-08-17T16:00:00-04:00,2026-09-18,920.0,put,-10719.0,-5073.0,,-2357308.0,,,,,4047529.0,9502620.0,-5455091.0,-2303749.0,,2581076271.0,,,968.46,100.0,unknown,QuantData PER_ONE_DOLLAR_MOVE; exact dollar/contract scaling unverified,QuantData
2026-08-17T16:00:00-04:00,2026-09-18,930.0,call,7769.0,-3582.0,,3464955.0,,,,,4047529.0,9502620.0,-5455091.0,-2303749.0,,2581076271.0,,,968.46,100.0,unknown,QuantData PER_ONE_DOLLAR_MOVE; exact dollar/contract scaling unverified,QuantData
2026-08-17T16:00:00-04:00,2026-09-18,930.0,put,-17999.0,-7709.0,,-4184185.0,,,,,4047529.0,9502620.0,-5455091.0,-2303749.0,,2581076271.0,,,968.46,100.0,unknown,QuantData PER_ONE_DOLLAR_MOVE; exact dollar/contract scaling unverified,QuantData
2026-08-17T16:00:00-04:00,2026-09-18,940.0,call,12983.0,-4659.0,,5581851.0,,,,,4047529.0,9502620.0,-5455091.0,-2303749.0,,2581076271.0,,,968.46,100.0,unknown,QuantData PER_ONE_DOLLAR_MOVE; exact dollar/contract scaling unverified,QuantData
2026-08-17T16:00:00-04:00,2026-09-18,940.0,put,-30536.0,-6989.0,,-7168846.0,,,,,4047529.0,9502620.0,-5455091.0,-2303749.0,,2581076271.0,,,968.46,100.0,unknown,QuantData PER_ONE_DOLLAR_MOVE; exact dollar/contract scaling unverified,QuantData
2026-08-17T16:00:00-04:00,2026-09-18,950.0,call,64918.0,4405.0,,22879570.0,,,,,4047529.0,9502620.0,-5455091.0,-2303749.0,,2581076271.0,,,968.46,100.0,unknown,QuantData PER_ONE_DOLLAR_MOVE; exact dollar/contract scaling unverified,QuantData
2026-08-17T16:00:00-04:00,2026-09-18,950.0,put,-26329.0,-2134.0,,-6436569.0,,,,,4047529.0,9502620.0,-5455091.0,-2303749.0,,2581076271.0,,,968.46,100.0,unknown,QuantData PER_ONE_DOLLAR_MOVE; exact dollar/contract scaling unverified,QuantData
2026-08-17T16:00:00-04:00,2026-09-18,960.0,call,12309.0,2003.0,,4232742.0,,,,,4047529.0,9502620.0,-5455091.0,-2303749.0,,2581076271.0,,,968.46,100.0,unknown,QuantData PER_ONE_DOLLAR_MOVE; exact dollar/contract scaling unverified,QuantData
2026-08-17T16:00:00-04:00,2026-09-18,960.0,put,-2209.0,458.0,,-582757.0,,,,,4047529.0,9502620.0,-5455091.0,-2303749.0,,2581076271.0,,,968.46,100.0,unknown,QuantData PER_ONE_DOLLAR_MOVE; exact dollar/contract scaling unverified,QuantData
2026-08-17T16:00:00-04:00,2026-09-18,970.0,call,8498.0,2301.0,,2823765.0,,,,,4047529.0,9502620.0,-5455091.0,-2303749.0,,2581076271.0,,,968.46,100.0,unknown,QuantData PER_ONE_DOLLAR_MOVE; exact dollar/contract scaling unverified,QuantData
2026-08-17T16:00:00-04:00,2026-09-18,970.0,put,-1893.0,342.0,,-501344.0,,,,,4047529.0,9502620.0,-5455091.0,-2303749.0,,2581076271.0,,,968.46,100.0,unknown,QuantData PER_ONE_DOLLAR_MOVE; exact dollar/contract scaling unverified,QuantData
2026-08-17T16:00:00-04:00,2026-09-18,980.0,call,24754.0,10603.0,,7858642.0,,,,,4047529.0,9502620.0,-5455091.0,-2303749.0,,2581076271.0,,,968.46,100.0,unknown,QuantData PER_ONE_DOLLAR_MOVE; exact dollar/contract scaling unverified,QuantData
2026-08-17T16:00:00-04:00,2026-09-18,980.0,put,-13080.0,3810.0,,-3552146.0,,,,,4047529.0,9502620.0,-5455091.0,-2303749.0,,2581076271.0,,,968.46,100.0,unknown,QuantData PER_ONE_DOLLAR_MOVE; exact dollar/contract scaling unverified,QuantData
2026-08-17T16:00:00-04:00,2026-09-18,990.0,call,53566.0,28086.0,,16469562.0,,,,,4047529.0,9502620.0,-5455091.0,-2303749.0,,2581076271.0,,,968.46,100.0,unknown,QuantData PER_ONE_DOLLAR_MOVE; exact dollar/contract scaling unverified,QuantData
2026-08-17T16:00:00-04:00,2026-09-18,990.0,put,-13102.0,4066.0,,-3638476.0,,,,,4047529.0,9502620.0,-5455091.0,-2303749.0,,2581076271.0,,,968.46,100.0,unknown,QuantData PER_ONE_DOLLAR_MOVE; exact dollar/contract scaling unverified,QuantData
2026-08-17T16:00:00-04:00,2026-09-18,1000.0,call,62712.0,39799.0,,18838294.0,,,,,4047529.0,9502620.0,-5455091.0,-2303749.0,,2581076271.0,,,968.46,100.0,unknown,QuantData PER_ONE_DOLLAR_MOVE; exact dollar/contract scaling unverified,QuantData
2026-08-17T16:00:00-04:00,2026-09-18,1000.0,put,-11573.0,5854.0,,-3330736.0,,,,,4047529.0,9502620.0,-5455091.0,-2303749.0,,2581076271.0,,,968.46,100.0,unknown,QuantData PER_ONE_DOLLAR_MOVE; exact dollar/contract scaling unverified,QuantData
2026-08-17T16:00:00-04:00,2026-09-18,1010.0,call,6536.0,3572.0,,2197152.0,,,,,4047529.0,9502620.0,-5455091.0,-2303749.0,,2581076271.0,,,968.46,100.0,unknown,QuantData PER_ONE_DOLLAR_MOVE; exact dollar/contract scaling unverified,QuantData
2026-08-17T16:00:00-04:00,2026-09-18,1010.0,put,0.0,0.0,,0.0,,,,,4047529.0,9502620.0,-5455091.0,-2303749.0,,2581076271.0,,,968.46,100.0,unknown,QuantData PER_ONE_DOLLAR_MOVE; exact dollar/contract scaling unverified,QuantData
2026-08-17T16:00:00-04:00,2026-09-18,1020.0,call,9516.0,7935.0,,2724544.0,,,,,4047529.0,9502620.0,-5455091.0,-2303749.0,,2581076271.0,,,968.46,100.0,unknown,QuantData PER_ONE_DOLLAR_MOVE; exact dollar/contract scaling unverified,QuantData
2026-08-17T16:00:00-04:00,2026-09-18,1020.0,put,0.0,0.0,,0.0,,,,,4047529.0,9502620.0,-5455091.0,-2303749.0,,2581076271.0,,,968.46,100.0,unknown,QuantData PER_ONE_DOLLAR_MOVE; exact dollar/contract scaling unverified,QuantData
2026-08-17T16:00:00-04:00,2026-09-18,1030.0,call,4407.0,3919.0,,1258443.0,,,,,4047529.0,9502620.0,-5455091.0,-2303749.0,,2581076271.0,,,968.46,100.0,unknown,QuantData PER_ONE_DOLLAR_MOVE; exact dollar/contract scaling unverified,QuantData
2026-08-17T16:00:00-04:00,2026-09-18,1030.0,put,0.0,0.0,,0.0,,,,,4047529.0,9502620.0,-5455091.0,-2303749.0,,2581076271.0,,,968.46,100.0,unknown,QuantData PER_ONE_DOLLAR_MOVE; exact dollar/contract scaling unverified,QuantData
2026-08-17T16:00:00-04:00,2026-09-18,1040.0,call,5164.0,5874.0,,1362344.0,,,,,4047529.0,9502620.0,-5455091.0,-2303749.0,,2581076271.0,,,968.46,100.0,unknown,QuantData PER_ONE_DOLLAR_MOVE; exact dollar/contract scaling unverified,QuantData
2026-08-17T16:00:00-04:00,2026-09-18,1040.0,put,-1862.0,2569.0,,-675008.0,,,,,4047529.0,9502620.0,-5455091.0,-2303749.0,,2581076271.0,,,968.46,100.0,unknown,QuantData PER_ONE_DOLLAR_MOVE; exact dollar/contract scaling unverified,QuantData
2026-08-17T16:00:00-04:00,2026-09-18,1050.0,call,11371.0,14051.0,,2936113.0,,,,,4047529.0,9502620.0,-5455091.0,-2303749.0,,2581076271.0,,,968.46,100.0,unknown,QuantData PER_ONE_DOLLAR_MOVE; exact dollar/contract scaling unverified,QuantData
2026-08-17T16:00:00-04:00,2026-09-18,1050.0,put,-155.0,153.0,,-52710.0,,,,,4047529.0,9502620.0,-5455091.0,-2303749.0,,2581076271.0,,,968.46,100.0,unknown,QuantData PER_ONE_DOLLAR_MOVE; exact dollar/contract scaling unverified,QuantData
2026-08-17T16:00:00-04:00,2026-09-18,1070.0,call,50803.0,72508.0,,12469276.0,,,,,4047529.0,9502620.0,-5455091.0,-2303749.0,,2581076271.0,,,968.46,100.0,unknown,QuantData PER_ONE_DOLLAR_MOVE; exact dollar/contract scaling unverified,QuantData
2026-08-17T16:00:00-04:00,2026-09-18,1070.0,put,0.0,0.0,,0.0,,,,,4047529.0,9502620.0,-5455091.0,-2303749.0,,2581076271.0,,,968.46,100.0,unknown,QuantData PER_ONE_DOLLAR_MOVE; exact dollar/contract scaling unverified,QuantData
2026-08-17T16:00:00-04:00,2026-09-18,1090.0,call,6820.0,10184.0,,1723041.0,,,,,4047529.0,9502620.0,-5455091.0,-2303749.0,,2581076271.0,,,968.46,100.0,unknown,QuantData PER_ONE_DOLLAR_MOVE; exact dollar/contract scaling unverified,QuantData
2026-08-17T16:00:00-04:00,2026-09-18,1090.0,put,-24337.0,42221.0,,-10016873.0,,,,,4047529.0,9502620.0,-5455091.0,-2303749.0,,2581076271.0,,,968.46,100.0,unknown,QuantData PER_ONE_DOLLAR_MOVE; exact dollar/contract scaling unverified,QuantData
2026-08-17T16:00:00-04:00,2026-09-18,1100.0,call,27762.0,49221.0,,6267870.0,,,,,4047529.0,9502620.0,-5455091.0,-2303749.0,,2581076271.0,,,968.46,100.0,unknown,QuantData PER_ONE_DOLLAR_MOVE; exact dollar/contract scaling unverified,QuantData
2026-08-17T16:00:00-04:00,2026-09-18,1100.0,put,0.0,0.0,,0.0,,,,,4047529.0,9502620.0,-5455091.0,-2303749.0,,2581076271.0,,,968.46,100.0,unknown,QuantData PER_ONE_DOLLAR_MOVE; exact dollar/contract scaling unverified,QuantData
2026-08-17T16:00:00-04:00,2026-09-18,1110.0,call,26001.0,44147.0,,6246705.0,,,,,4047529.0,9502620.0,-5455091.0,-2303749.0,,2581076271.0,,,968.46,100.0,unknown,QuantData PER_ONE_DOLLAR_MOVE; exact dollar/contract scaling unverified,QuantData
2026-08-17T16:00:00-04:00,2026-09-18,1110.0,put,0.0,0.0,,0.0,,,,,4047529.0,9502620.0,-5455091.0,-2303749.0,,2581076271.0,,,968.46,100.0,unknown,QuantData PER_ONE_DOLLAR_MOVE; exact dollar/contract scaling unverified,QuantData
2026-08-17T16:00:00-04:00,2026-09-18,1120.0,call,15162.0,29657.0,,3332561.0,,,,,4047529.0,9502620.0,-5455091.0,-2303749.0,,2581076271.0,,,968.46,100.0,unknown,QuantData PER_ONE_DOLLAR_MOVE; exact dollar/contract scaling unverified,QuantData
2026-08-17T16:00:00-04:00,2026-09-18,1120.0,put,0.0,0.0,,0.0,,,,,4047529.0,9502620.0,-5455091.0,-2303749.0,,2581076271.0,,,968.46,100.0,unknown,QuantData PER_ONE_DOLLAR_MOVE; exact dollar/contract scaling unverified,QuantData
2026-08-17T16:00:00-04:00,2026-09-18,1130.0,call,11999.0,24911.0,,2587760.0,,,,,4047529.0,9502620.0,-5455091.0,-2303749.0,,2581076271.0,,,968.46,100.0,unknown,QuantData PER_ONE_DOLLAR_MOVE; exact dollar/contract scaling unverified,QuantData
2026-08-17T16:00:00-04:00,2026-09-18,1130.0,put,0.0,0.0,,0.0,,,,,4047529.0,9502620.0,-5455091.0,-2303749.0,,2581076271.0,,,968.46,100.0,unknown,QuantData PER_ONE_DOLLAR_MOVE; exact dollar/contract scaling unverified,QuantData
2026-08-17T16:00:00-04:00,2026-09-18,1140.0,call,44963.0,89475.0,,10103213.0,,,,,4047529.0,9502620.0,-5455091.0,-2303749.0,,2581076271.0,,,968.46,100.0,unknown,QuantData PER_ONE_DOLLAR_MOVE; exact dollar/contract scaling unverified,QuantData
2026-08-17T16:00:00-04:00,2026-09-18,1140.0,put,0.0,0.0,,0.0,,,,,4047529.0,9502620.0,-5455091.0,-2303749.0,,2581076271.0,,,968.46,100.0,unknown,QuantData PER_ONE_DOLLAR_MOVE; exact dollar/contract scaling unverified,QuantData
2026-08-17T16:00:00-04:00,2026-09-18,1150.0,call,22701.0,50256.0,,4790152.0,,,,,4047529.0,9502620.0,-5455091.0,-2303749.0,,2581076271.0,,,968.46,100.0,unknown,QuantData PER_ONE_DOLLAR_MOVE; exact dollar/contract scaling unverified,QuantData
2026-08-17T16:00:00-04:00,2026-09-18,1150.0,put,0.0,0.0,,0.0,,,,,4047529.0,9502620.0,-5455091.0,-2303749.0,,2581076271.0,,,968.46,100.0,unknown,QuantData PER_ONE_DOLLAR_MOVE; exact dollar/contract scaling unverified,QuantData
2026-08-17T16:00:00-04:00,2026-09-18,1160.0,call,3831.0,8147.0,,858827.0,,,,,4047529.0,9502620.0,-5455091.0,-2303749.0,,2581076271.0,,,968.46,100.0,unknown,QuantData PER_ONE_DOLLAR_MOVE; exact dollar/contract scaling unverified,QuantData
2026-08-17T16:00:00-04:00,2026-09-18,1160.0,put,0.0,0.0,,0.0,,,,,4047529.0,9502620.0,-5455091.0,-2303749.0,,2581076271.0,,,968.46,100.0,unknown,QuantData PER_ONE_DOLLAR_MOVE; exact dollar/contract scaling unverified,QuantData
2026-08-17T16:00:00-04:00,2026-09-18,1170.0,call,3475.0,7855.0,,750602.0,,,,,4047529.0,9502620.0,-5455091.0,-2303749.0,,2581076271.0,,,968.46,100.0,unknown,QuantData PER_ONE_DOLLAR_MOVE; exact dollar/contract scaling unverified,QuantData
2026-08-17T16:00:00-04:00,2026-09-18,1170.0,put,0.0,0.0,,0.0,,,,,4047529.0,9502620.0,-5455091.0,-2303749.0,,2581076271.0,,,968.46,100.0,unknown,QuantData PER_ONE_DOLLAR_MOVE; exact dollar/contract scaling unverified,QuantData
2026-08-17T16:00:00-04:00,2026-09-18,1180.0,call,9115.0,21906.0,,1907284.0,,,,,4047529.0,9502620.0,-5455091.0,-2303749.0,,2581076271.0,,,968.46,100.0,unknown,QuantData PER_ONE_DOLLAR_MOVE; exact dollar/contract scaling unverified,QuantData
2026-08-17T16:00:00-04:00,2026-09-18,1180.0,put,0.0,0.0,,0.0,,,,,4047529.0,9502620.0,-5455091.0,-2303749.0,,2581076271.0,,,968.46,100.0,unknown,QuantData PER_ONE_DOLLAR_MOVE; exact dollar/contract scaling unverified,QuantData
2026-08-17T16:00:00-04:00,2026-09-18,1190.0,call,2700.0,7768.0,,478472.0,,,,,4047529.0,9502620.0,-5455091.0,-2303749.0,,2581076271.0,,,968.46,100.0,unknown,QuantData PER_ONE_DOLLAR_MOVE; exact dollar/contract scaling unverified,QuantData
2026-08-17T16:00:00-04:00,2026-09-18,1190.0,put,0.0,0.0,,0.0,,,,,4047529.0,9502620.0,-5455091.0,-2303749.0,,2581076271.0,,,968.46,100.0,unknown,QuantData PER_ONE_DOLLAR_MOVE; exact dollar/contract scaling unverified,QuantData
2026-08-17T16:00:00-04:00,2026-09-18,1200.0,call,41253.0,114378.0,,7639822.0,,,,,4047529.0,9502620.0,-5455091.0,-2303749.0,,2581076271.0,,,968.46,100.0,unknown,QuantData PER_ONE_DOLLAR_MOVE; exact dollar/contract scaling unverified,QuantData
2026-08-17T16:00:00-04:00,2026-09-18,1200.0,put,-9143.0,24101.0,,-5245491.0,,,,,4047529.0,9502620.0,-5455091.0,-2303749.0,,2581076271.0,,,968.46,100.0,unknown,QuantData PER_ONE_DOLLAR_MOVE; exact dollar/contract scaling unverified,QuantData
2026-08-17T16:00:00-04:00,2026-09-18,1210.0,call,2676.0,7128.0,,532588.0,,,,,4047529.0,9502620.0,-5455091.0,-2303749.0,,2581076271.0,,,968.46,100.0,unknown,QuantData PER_ONE_DOLLAR_MOVE; exact dollar/contract scaling unverified,QuantData
2026-08-17T16:00:00-04:00,2026-09-18,1210.0,put,0.0,0.0,,0.0,,,,,4047529.0,9502620.0,-5455091.0,-2303749.0,,2581076271.0,,,968.46,100.0,unknown,QuantData PER_ONE_DOLLAR_MOVE; exact dollar/contract scaling unverified,QuantData
2026-08-17T16:00:00-04:00,2026-09-18,1220.0,call,34483.0,97210.0,,6608435.0,,,,,4047529.0,9502620.0,-5455091.0,-2303749.0,,2581076271.0,,,968.46,100.0,unknown,QuantData PER_ONE_DOLLAR_MOVE; exact dollar/contract scaling unverified,QuantData
2026-08-17T16:00:00-04:00,2026-09-18,1220.0,put,0.0,0.0,,0.0,,,,,4047529.0,9502620.0,-5455091.0,-2303749.0,,2581076271.0,,,968.46,100.0,unknown,QuantData PER_ONE_DOLLAR_MOVE; exact dollar/contract scaling unverified,QuantData
2026-08-17T16:00:00-04:00,2026-09-18,1230.0,call,1898.0,5520.0,,357981.0,,,,,4047529.0,9502620.0,-5455091.0,-2303749.0,,2581076271.0,,,968.46,100.0,unknown,QuantData PER_ONE_DOLLAR_MOVE; exact dollar/contract scaling unverified,QuantData
2026-08-17T16:00:00-04:00,2026-09-18,1230.0,put,0.0,0.0,,0.0,,,,,4047529.0,9502620.0,-5455091.0,-2303749.0,,2581076271.0,,,968.46,100.0,unknown,QuantData PER_ONE_DOLLAR_MOVE; exact dollar/contract scaling unverified,QuantData
2026-08-17T16:00:00-04:00,2026-09-18,1250.0,call,17567.0,54881.0,,3132783.0,,,,,4047529.0,9502620.0,-5455091.0,-2303749.0,,2581076271.0,,,968.46,100.0,unknown,QuantData PER_ONE_DOLLAR_MOVE; exact dollar/contract scaling unverified,QuantData
2026-08-17T16:00:00-04:00,2026-09-18,1250.0,put,0.0,0.0,,0.0,,,,,4047529.0,9502620.0,-5455091.0,-2303749.0,,2581076271.0,,,968.46,100.0,unknown,QuantData PER_ONE_DOLLAR_MOVE; exact dollar/contract scaling unverified,QuantData
2026-08-17T16:00:00-04:00,2026-09-18,1260.0,call,1124.0,3775.0,,188561.0,,,,,4047529.0,9502620.0,-5455091.0,-2303749.0,,2581076271.0,,,968.46,100.0,unknown,QuantData PER_ONE_DOLLAR_MOVE; exact dollar/contract scaling unverified,QuantData
2026-08-17T16:00:00-04:00,2026-09-18,1260.0,put,0.0,0.0,,0.0,,,,,4047529.0,9502620.0,-5455091.0,-2303749.0,,2581076271.0,,,968.46,100.0,unknown,QuantData PER_ONE_DOLLAR_MOVE; exact dollar/contract scaling unverified,QuantData
2026-08-17T16:00:00-04:00,2026-09-18,1270.0,call,0.0,0.0,,0.0,,,,,4047529.0,9502620.0,-5455091.0,-2303749.0,,2581076271.0,,,968.46,100.0,unknown,QuantData PER_ONE_DOLLAR_MOVE; exact dollar/contract scaling unverified,QuantData
2026-08-17T16:00:00-04:00,2026-09-18,1270.0,put,0.0,0.0,,0.0,,,,,4047529.0,9502620.0,-5455091.0,-2303749.0,,2581076271.0,,,968.46,100.0,unknown,QuantData PER_ONE_DOLLAR_MOVE; exact dollar/contract scaling unverified,QuantData
2026-08-17T16:00:00-04:00,2026-09-18,1280.0,call,25981.0,85528.0,,4611504.0,,,,,4047529.0,9502620.0,-5455091.0,-2303749.0,,2581076271.0,,,968.46,100.0,unknown,QuantData PER_ONE_DOLLAR_MOVE; exact dollar/contract scaling unverified,QuantData
2026-08-17T16:00:00-04:00,2026-09-18,1280.0,put,-215.0,692.0,,-157711.0,,,,,4047529.0,9502620.0,-5455091.0,-2303749.0,,2581076271.0,,,968.46,100.0,unknown,QuantData PER_ONE_DOLLAR_MOVE; exact dollar/contract scaling unverified,QuantData
2026-08-17T16:00:00-04:00,2026-09-18,1290.0,call,806.0,2807.0,,135538.0,,,,,4047529.0,9502620.0,-5455091.0,-2303749.0,,2581076271.0,,,968.46,100.0,unknown,QuantData PER_ONE_DOLLAR_MOVE; exact dollar/contract scaling unverified,QuantData
2026-08-17T16:00:00-04:00,2026-09-18,1290.0,put,-421.0,1394.0,,-319504.0,,,,,4047529.0,9502620.0,-5455091.0,-2303749.0,,2581076271.0,,,968.46,100.0,unknown,QuantData PER_ONE_DOLLAR_MOVE; exact dollar/contract scaling unverified,QuantData
2026-08-17T16:00:00-04:00,2026-09-18,1300.0,call,48343.0,174980.0,,7792135.0,,,,,4047529.0,9502620.0,-5455091.0,-2303749.0,,2581076271.0,,,968.46,100.0,unknown,QuantData PER_ONE_DOLLAR_MOVE; exact dollar/contract scaling unverified,QuantData
2026-08-17T16:00:00-04:00,2026-09-18,1300.0,put,0.0,0.0,,0.0,,,,,4047529.0,9502620.0,-5455091.0,-2303749.0,,2581076271.0,,,968.46,100.0,unknown,QuantData PER_ONE_DOLLAR_MOVE; exact dollar/contract scaling unverified,QuantData
2026-08-17T16:00:00-04:00,2026-09-18,1320.0,call,25234.0,95570.0,,3977064.0,,,,,4047529.0,9502620.0,-5455091.0,-2303749.0,,2581076271.0,,,968.46,100.0,unknown,QuantData PER_ONE_DOLLAR_MOVE; exact dollar/contract scaling unverified,QuantData
2026-08-17T16:00:00-04:00,2026-09-18,1320.0,put,0.0,0.0,,0.0,,,,,4047529.0,9502620.0,-5455091.0,-2303749.0,,2581076271.0,,,968.46,100.0,unknown,QuantData PER_ONE_DOLLAR_MOVE; exact dollar/contract scaling unverified,QuantData
2026-08-17T16:00:00-04:00,2026-09-18,1340.0,call,2913.0,10999.0,,481950.0,,,,,4047529.0,9502620.0,-5455091.0,-2303749.0,,2581076271.0,,,968.46,100.0,unknown,QuantData PER_ONE_DOLLAR_MOVE; exact dollar/contract scaling unverified,QuantData
2026-08-17T16:00:00-04:00,2026-09-18,1340.0,put,0.0,0.0,,0.0,,,,,4047529.0,9502620.0,-5455091.0,-2303749.0,,2581076271.0,,,968.46,100.0,unknown,QuantData PER_ONE_DOLLAR_MOVE; exact dollar/contract scaling unverified,QuantData
2026-08-17T16:00:00-04:00,2026-09-18,1350.0,call,5581.0,22416.0,,846899.0,,,,,4047529.0,9502620.0,-5455091.0,-2303749.0,,2581076271.0,,,968.46,100.0,unknown,QuantData PER_ONE_DOLLAR_MOVE; exact dollar/contract scaling unverified,QuantData
2026-08-17T16:00:00-04:00,2026-09-18,1350.0,put,0.0,0.0,,0.0,,,,,4047529.0,9502620.0,-5455091.0,-2303749.0,,2581076271.0,,,968.46,100.0,unknown,QuantData PER_ONE_DOLLAR_MOVE; exact dollar/contract scaling unverified,QuantData
2026-08-17T16:00:00-04:00,2026-09-18,1360.0,call,1973.0,7767.0,,318073.0,,,,,4047529.0,9502620.0,-5455091.0,-2303749.0,,2581076271.0,,,968.46,100.0,unknown,QuantData PER_ONE_DOLLAR_MOVE; exact dollar/contract scaling unverified,QuantData
2026-08-17T16:00:00-04:00,2026-09-18,1360.0,put,0.0,0.0,,0.0,,,,,4047529.0,9502620.0,-5455091.0,-2303749.0,,2581076271.0,,,968.46,100.0,unknown,QuantData PER_ONE_DOLLAR_MOVE; exact dollar/contract scaling unverified,QuantData
2026-08-17T16:00:00-04:00,2026-09-18,1380.0,call,4126.0,17112.0,,634526.0,,,,,4047529.0,9502620.0,-5455091.0,-2303749.0,,2581076271.0,,,968.46,100.0,unknown,QuantData PER_ONE_DOLLAR_MOVE; exact dollar/contract scaling unverified,QuantData
2026-08-17T16:00:00-04:00,2026-09-18,1380.0,put,0.0,0.0,,0.0,,,,,4047529.0,9502620.0,-5455091.0,-2303749.0,,2581076271.0,,,968.46,100.0,unknown,QuantData PER_ONE_DOLLAR_MOVE; exact dollar/contract scaling unverified,QuantData
2026-08-17T16:00:00-04:00,2026-09-18,1390.0,call,2797.0,12040.0,,409647.0,,,,,4047529.0,9502620.0,-5455091.0,-2303749.0,,2581076271.0,,,968.46,100.0,unknown,QuantData PER_ONE_DOLLAR_MOVE; exact dollar/contract scaling unverified,QuantData
2026-08-17T16:00:00-04:00,2026-09-18,1390.0,put,0.0,0.0,,0.0,,,,,4047529.0,9502620.0,-5455091.0,-2303749.0,,2581076271.0,,,968.46,100.0,unknown,QuantData PER_ONE_DOLLAR_MOVE; exact dollar/contract scaling unverified,QuantData
2026-08-17T16:00:00-04:00,2026-09-18,1400.0,call,22723.0,99628.0,,3284318.0,,,,,4047529.0,9502620.0,-5455091.0,-2303749.0,,2581076271.0,,,968.46,100.0,unknown,QuantData PER_ONE_DOLLAR_MOVE; exact dollar/contract scaling unverified,QuantData
2026-08-17T16:00:00-04:00,2026-09-18,1400.0,put,0.0,0.0,,0.0,,,,,4047529.0,9502620.0,-5455091.0,-2303749.0,,2581076271.0,,,968.46,100.0,unknown,QuantData PER_ONE_DOLLAR_MOVE; exact dollar/contract scaling unverified,QuantData
2026-08-17T16:00:00-04:00,2026-09-18,1410.0,call,48997.0,213187.0,,7347813.0,,,,,4047529.0,9502620.0,-5455091.0,-2303749.0,,2581076271.0,,,968.46,100.0,unknown,QuantData PER_ONE_DOLLAR_MOVE; exact dollar/contract scaling unverified,QuantData
2026-08-17T16:00:00-04:00,2026-09-18,1410.0,put,0.0,0.0,,0.0,,,,,4047529.0,9502620.0,-5455091.0,-2303749.0,,2581076271.0,,,968.46,100.0,unknown,QuantData PER_ONE_DOLLAR_MOVE; exact dollar/contract scaling unverified,QuantData
2026-08-17T16:00:00-04:00,2026-09-18,1430.0,call,3833.0,17225.0,,564690.0,,,,,4047529.0,9502620.0,-5455091.0,-2303749.0,,2581076271.0,,,968.46,100.0,unknown,QuantData PER_ONE_DOLLAR_MOVE; exact dollar/contract scaling unverified,QuantData
2026-08-17T16:00:00-04:00,2026-09-18,1430.0,put,0.0,0.0,,0.0,,,,,4047529.0,9502620.0,-5455091.0,-2303749.0,,2581076271.0,,,968.46,100.0,unknown,QuantData PER_ONE_DOLLAR_MOVE; exact dollar/contract scaling unverified,QuantData
2026-08-17T16:00:00-04:00,2026-09-18,1450.0,call,2584.0,12307.0,,352765.0,,,,,4047529.0,9502620.0,-5455091.0,-2303749.0,,2581076271.0,,,968.46,100.0,unknown,QuantData PER_ONE_DOLLAR_MOVE; exact dollar/contract scaling unverified,QuantData
2026-08-17T16:00:00-04:00,2026-09-18,1450.0,put,0.0,0.0,,0.0,,,,,4047529.0,9502620.0,-5455091.0,-2303749.0,,2581076271.0,,,968.46,100.0,unknown,QuantData PER_ONE_DOLLAR_MOVE; exact dollar/contract scaling unverified,QuantData
2026-08-17T16:00:00-04:00,2026-09-18,1500.0,call,7198.0,36589.0,,949190.0,,,,,4047529.0,9502620.0,-5455091.0,-2303749.0,,2581076271.0,,,968.46,100.0,unknown,QuantData PER_ONE_DOLLAR_MOVE; exact dollar/contract scaling unverified,QuantData
2026-08-17T16:00:00-04:00,2026-09-18,1500.0,put,0.0,0.0,,0.0,,,,,4047529.0,9502620.0,-5455091.0,-2303749.0,,2581076271.0,,,968.46,100.0,unknown,QuantData PER_ONE_DOLLAR_MOVE; exact dollar/contract scaling unverified,QuantData
2026-08-17T16:00:00-04:00,2026-09-18,1510.0,call,140.0,728.0,,18077.0,,,,,4047529.0,9502620.0,-5455091.0,-2303749.0,,2581076271.0,,,968.46,100.0,unknown,QuantData PER_ONE_DOLLAR_MOVE; exact dollar/contract scaling unverified,QuantData
2026-08-17T16:00:00-04:00,2026-09-18,1510.0,put,0.0,0.0,,0.0,,,,,4047529.0,9502620.0,-5455091.0,-2303749.0,,2581076271.0,,,968.46,100.0,unknown,QuantData PER_ONE_DOLLAR_MOVE; exact dollar/contract scaling unverified,QuantData
2026-08-17T16:00:00-04:00,2026-09-18,1560.0,call,333.0,1707.0,,48688.0,,,,,4047529.0,9502620.0,-5455091.0,-2303749.0,,2581076271.0,,,968.46,100.0,unknown,QuantData PER_ONE_DOLLAR_MOVE; exact dollar/contract scaling unverified,QuantData
2026-08-17T16:00:00-04:00,2026-09-18,1560.0,put,0.0,0.0,,0.0,,,,,4047529.0,9502620.0,-5455091.0,-2303749.0,,2581076271.0,,,968.46,100.0,unknown,QuantData PER_ONE_DOLLAR_MOVE; exact dollar/contract scaling unverified,QuantData
2026-08-17T16:00:00-04:00,2026-09-18,1590.0,call,1286.0,7047.0,,170664.0,,,,,4047529.0,9502620.0,-5455091.0,-2303749.0,,2581076271.0,,,968.46,100.0,unknown,QuantData PER_ONE_DOLLAR_MOVE; exact dollar/contract scaling unverified,QuantData
2026-08-17T16:00:00-04:00,2026-09-18,1590.0,put,0.0,0.0,,0.0,,,,,4047529.0,9502620.0,-5455091.0,-2303749.0,,2581076271.0,,,968.46,100.0,unknown,QuantData PER_ONE_DOLLAR_MOVE; exact dollar/contract scaling unverified,QuantData
2026-08-17T16:00:00-04:00,2026-09-18,1600.0,call,13548.0,75561.0,,1767156.0,,,,,4047529.0,9502620.0,-5455091.0,-2303749.0,,2581076271.0,,,968.46,100.0,unknown,QuantData PER_ONE_DOLLAR_MOVE; exact dollar/contract scaling unverified,QuantData
2026-08-17T16:00:00-04:00,2026-09-18,1600.0,put,0.0,0.0,,0.0,,,,,4047529.0,9502620.0,-5455091.0,-2303749.0,,2581076271.0,,,968.46,100.0,unknown,QuantData PER_ONE_DOLLAR_MOVE; exact dollar/contract scaling unverified,QuantData
2026-08-17T16:00:00-04:00,2026-09-25,420.0,call,0.0,0.0,,0.0,,,,,4047529.0,9502620.0,-5455091.0,-2303749.0,,2581076271.0,,,968.46,100.0,unknown,QuantData PER_ONE_DOLLAR_MOVE; exact dollar/contract scaling unverified,QuantData
2026-08-17T16:00:00-04:00,2026-09-25,420.0,put,-20.0,-184.0,,-1806.0,,,,,4047529.0,9502620.0,-5455091.0,-2303749.0,,2581076271.0,,,968.46,100.0,unknown,QuantData PER_ONE_DOLLAR_MOVE; exact dollar/contract scaling unverified,QuantData
2026-08-17T16:00:00-04:00,2026-09-25,500.0,call,0.0,0.0,,0.0,,,,,4047529.0,9502620.0,-5455091.0,-2303749.0,,2581076271.0,,,968.46,100.0,unknown,QuantData PER_ONE_DOLLAR_MOVE; exact dollar/contract scaling unverified,QuantData
2026-08-17T16:00:00-04:00,2026-09-25,500.0,put,-299.0,-2106.0,,-31099.0,,,,,4047529.0,9502620.0,-5455091.0,-2303749.0,,2581076271.0,,,968.46,100.0,unknown,QuantData PER_ONE_DOLLAR_MOVE; exact dollar/contract scaling unverified,QuantData
2026-08-17T16:00:00-04:00,2026-09-25,520.0,call,0.0,0.0,,0.0,,,,,4047529.0,9502620.0,-5455091.0,-2303749.0,,2581076271.0,,,968.46,100.0,unknown,QuantData PER_ONE_DOLLAR_MOVE; exact dollar/contract scaling unverified,QuantData
2026-08-17T16:00:00-04:00,2026-09-25,520.0,put,-29.0,-189.0,,-3223.0,,,,,4047529.0,9502620.0,-5455091.0,-2303749.0,,2581076271.0,,,968.46,100.0,unknown,QuantData PER_ONE_DOLLAR_MOVE; exact dollar/contract scaling unverified,QuantData
2026-08-17T16:00:00-04:00,2026-09-25,525.0,call,0.0,0.0,,0.0,,,,,4047529.0,9502620.0,-5455091.0,-2303749.0,,2581076271.0,,,968.46,100.0,unknown,QuantData PER_ONE_DOLLAR_MOVE; exact dollar/contract scaling unverified,QuantData
2026-08-17T16:00:00-04:00,2026-09-25,525.0,put,0.0,0.0,,0.0,,,,,4047529.0,9502620.0,-5455091.0,-2303749.0,,2581076271.0,,,968.46,100.0,unknown,QuantData PER_ONE_DOLLAR_MOVE; exact dollar/contract scaling unverified,QuantData
2026-08-17T16:00:00-04:00,2026-09-25,540.0,call,16.0,-87.0,,93360.0,,,,,4047529.0,9502620.0,-5455091.0,-2303749.0,,2581076271.0,,,968.46,100.0,unknown,QuantData PER_ONE_DOLLAR_MOVE; exact dollar/contract scaling unverified,QuantData
2026-08-17T16:00:00-04:00,2026-09-25,540.0,put,0.0,0.0,,0.0,,,,,4047529.0,9502620.0,-5455091.0,-2303749.0,,2581076271.0,,,968.46,100.0,unknown,QuantData PER_ONE_DOLLAR_MOVE; exact dollar/contract scaling unverified,QuantData
2026-08-17T16:00:00-04:00,2026-09-25,550.0,call,0.0,0.0,,0.0,,,,,4047529.0,9502620.0,-5455091.0,-2303749.0,,2581076271.0,,,968.46,100.0,unknown,QuantData PER_ONE_DOLLAR_MOVE; exact dollar/contract scaling unverified,QuantData
2026-08-17T16:00:00-04:00,2026-09-25,550.0,put,-823.0,-4296.0,,-112264.0,,,,,4047529.0,9502620.0,-5455091.0,-2303749.0,,2581076271.0,,,968.46,100.0,unknown,QuantData PER_ONE_DOLLAR_MOVE; exact dollar/contract scaling unverified,QuantData
2026-08-17T16:00:00-04:00,2026-09-25,560.0,call,0.0,0.0,,0.0,,,,,4047529.0,9502620.0,-5455091.0,-2303749.0,,2581076271.0,,,968.46,100.0,unknown,QuantData PER_ONE_DOLLAR_MOVE; exact dollar/contract scaling unverified,QuantData
2026-08-17T16:00:00-04:00,2026-09-25,560.0,put,-278.0,-1523.0,,-35151.0,,,,,4047529.0,9502620.0,-5455091.0,-2303749.0,,2581076271.0,,,968.46,100.0,unknown,QuantData PER_ONE_DOLLAR_MOVE; exact dollar/contract scaling unverified,QuantData
2026-08-17T16:00:00-04:00,2026-09-25,570.0,call,0.0,0.0,,0.0,,,,,4047529.0,9502620.0,-5455091.0,-2303749.0,,2581076271.0,,,968.46,100.0,unknown,QuantData PER_ONE_DOLLAR_MOVE; exact dollar/contract scaling unverified,QuantData
2026-08-17T16:00:00-04:00,2026-09-25,570.0,put,-101.0,-528.0,,-12601.0,,,,,4047529.0,9502620.0,-5455091.0,-2303749.0,,2581076271.0,,,968.46,100.0,unknown,QuantData PER_ONE_DOLLAR_MOVE; exact dollar/contract scaling unverified,QuantData
2026-08-17T16:00:00-04:00,2026-09-25,600.0,call,0.0,0.0,,0.0,,,,,4047529.0,9502620.0,-5455091.0,-2303749.0,,2581076271.0,,,968.46,100.0,unknown,QuantData PER_ONE_DOLLAR_MOVE; exact dollar/contract scaling unverified,QuantData
2026-08-17T16:00:00-04:00,2026-09-25,600.0,put,-1982.0,-10118.0,,-247876.0,,,,,4047529.0,9502620.0,-5455091.0,-2303749.0,,2581076271.0,,,968.46,100.0,unknown,QuantData PER_ONE_DOLLAR_MOVE; exact dollar/contract scaling unverified,QuantData
2026-08-17T16:00:00-04:00,2026-09-25,610.0,call,32.0,-144.0,,90454.0,,,,,4047529.0,9502620.0,-5455091.0,-2303749.0,,2581076271.0,,,968.46,100.0,unknown,QuantData PER_ONE_DOLLAR_MOVE; exact dollar/contract scaling unverified,QuantData
2026-08-17T16:00:00-04:00,2026-09-25,610.0,put,-1231.0,-5672.0,,-169259.0,,,,,4047529.0,9502620.0,-5455091.0,-2303749.0,,2581076271.0,,,968.46,100.0,unknown,QuantData PER_ONE_DOLLAR_MOVE; exact dollar/contract scaling unverified,QuantData
2026-08-17T16:00:00-04:00,2026-09-25,640.0,call,0.0,0.0,,0.0,,,,,4047529.0,9502620.0,-5455091.0,-2303749.0,,2581076271.0,,,968.46,100.0,unknown,QuantData PER_ONE_DOLLAR_MOVE; exact dollar/contract scaling unverified,QuantData
2026-08-17T16:00:00-04:00,2026-09-25,640.0,put,-406.0,-1844.0,,-54270.0,,,,,4047529.0,9502620.0,-5455091.0,-2303749.0,,2581076271.0,,,968.46,100.0,unknown,QuantData PER_ONE_DOLLAR_MOVE; exact dollar/contract scaling unverified,QuantData
2026-08-17T16:00:00-04:00,2026-09-25,645.0,call,0.0,0.0,,0.0,,,,,4047529.0,9502620.0,-5455091.0,-2303749.0,,2581076271.0,,,968.46,100.0,unknown,QuantData PER_ONE_DOLLAR_MOVE; exact dollar/contract scaling unverified,QuantData
2026-08-17T16:00:00-04:00,2026-09-25,645.0,put,-876.0,-3789.0,,-122974.0,,,,,4047529.0,9502620.0,-5455091.0,-2303749.0,,2581076271.0,,,968.46,100.0,unknown,QuantData PER_ONE_DOLLAR_MOVE; exact dollar/contract scaling unverified,QuantData
2026-08-17T16:00:00-04:00,2026-09-25,650.0,call,0.0,0.0,,0.0,,,,,4047529.0,9502620.0,-5455091.0,-2303749.0,,2581076271.0,,,968.46,100.0,unknown,QuantData PER_ONE_DOLLAR_MOVE; exact dollar/contract scaling unverified,QuantData
2026-08-17T16:00:00-04:00,2026-09-25,650.0,put,-1113.0,-4839.0,,-153169.0,,,,,4047529.0,9502620.0,-5455091.0,-2303749.0,,2581076271.0,,,968.46,100.0,unknown,QuantData PER_ONE_DOLLAR_MOVE; exact dollar/contract scaling unverified,QuantData
2026-08-17T16:00:00-04:00,2026-09-25,660.0,call,0.0,0.0,,0.0,,,,,4047529.0,9502620.0,-5455091.0,-2303749.0,,2581076271.0,,,968.46,100.0,unknown,QuantData PER_ONE_DOLLAR_MOVE; exact dollar/contract scaling unverified,QuantData
2026-08-17T16:00:00-04:00,2026-09-25,660.0,put,-77.0,-333.0,,-10983.0,,,,,4047529.0,9502620.0,-5455091.0,-2303749.0,,2581076271.0,,,968.46,100.0,unknown,QuantData PER_ONE_DOLLAR_MOVE; exact dollar/contract scaling unverified,QuantData
2026-08-17T16:00:00-04:00,2026-09-25,665.0,call,0.0,0.0,,0.0,,,,,4047529.0,9502620.0,-5455091.0,-2303749.0,,2581076271.0,,,968.46,100.0,unknown,QuantData PER_ONE_DOLLAR_MOVE; exact dollar/contract scaling unverified,QuantData
2026-08-17T16:00:00-04:00,2026-09-25,665.0,put,-340.0,-1381.0,,-48469.0,,,,,4047529.0,9502620.0,-5455091.0,-2303749.0,,2581076271.0,,,968.46,100.0,unknown,QuantData PER_ONE_DOLLAR_MOVE; exact dollar/contract scaling unverified,QuantData
2026-08-17T16:00:00-04:00,2026-09-25,680.0,call,0.0,0.0,,0.0,,,,,4047529.0,9502620.0,-5455091.0,-2303749.0,,2581076271.0,,,968.46,100.0,unknown,QuantData PER_ONE_DOLLAR_MOVE; exact dollar/contract scaling unverified,QuantData
2026-08-17T16:00:00-04:00,2026-09-25,680.0,put,-532.0,-2016.0,,-77848.0,,,,,4047529.0,9502620.0,-5455091.0,-2303749.0,,2581076271.0,,,968.46,100.0,unknown,QuantData PER_ONE_DOLLAR_MOVE; exact dollar/contract scaling unverified,QuantData
2026-08-17T16:00:00-04:00,2026-09-25,700.0,call,0.0,0.0,,0.0,,,,,4047529.0,9502620.0,-5455091.0,-2303749.0,,2581076271.0,,,968.46,100.0,unknown,QuantData PER_ONE_DOLLAR_MOVE; exact dollar/contract scaling unverified,QuantData
2026-08-17T16:00:00-04:00,2026-09-25,700.0,put,-1596.0,-5308.0,,-241591.0,,,,,4047529.0,9502620.0,-5455091.0,-2303749.0,,2581076271.0,,,968.46,100.0,unknown,QuantData PER_ONE_DOLLAR_MOVE; exact dollar/contract scaling unverified,QuantData
2026-08-17T16:00:00-04:00,2026-09-25,705.0,call,0.0,0.0,,0.0,,,,,4047529.0,9502620.0,-5455091.0,-2303749.0,,2581076271.0,,,968.46,100.0,unknown,QuantData PER_ONE_DOLLAR_MOVE; exact dollar/contract scaling unverified,QuantData
2026-08-17T16:00:00-04:00,2026-09-25,705.0,put,-344.0,-1156.0,,-54600.0,,,,,4047529.0,9502620.0,-5455091.0,-2303749.0,,2581076271.0,,,968.46,100.0,unknown,QuantData PER_ONE_DOLLAR_MOVE; exact dollar/contract scaling unverified,QuantData
2026-08-17T16:00:00-04:00,2026-09-25,720.0,call,0.0,0.0,,0.0,,,,,4047529.0,9502620.0,-5455091.0,-2303749.0,,2581076271.0,,,968.46,100.0,unknown,QuantData PER_ONE_DOLLAR_MOVE; exact dollar/contract scaling unverified,QuantData
2026-08-17T16:00:00-04:00,2026-09-25,720.0,put,-2822.0,-7931.0,,-460033.0,,,,,4047529.0,9502620.0,-5455091.0,-2303749.0,,2581076271.0,,,968.46,100.0,unknown,QuantData PER_ONE_DOLLAR_MOVE; exact dollar/contract scaling unverified,QuantData
2026-08-17T16:00:00-04:00,2026-09-25,725.0,call,0.0,0.0,,0.0,,,,,4047529.0,9502620.0,-5455091.0,-2303749.0,,2581076271.0,,,968.46,100.0,unknown,QuantData PER_ONE_DOLLAR_MOVE; exact dollar/contract scaling unverified,QuantData
2026-08-17T16:00:00-04:00,2026-09-25,725.0,put,-552.0,-1343.0,,-93134.0,,,,,4047529.0,9502620.0,-5455091.0,-2303749.0,,2581076271.0,,,968.46,100.0,unknown,QuantData PER_ONE_DOLLAR_MOVE; exact dollar/contract scaling unverified,QuantData
2026-08-17T16:00:00-04:00,2026-09-25,730.0,call,0.0,0.0,,0.0,,,,,4047529.0,9502620.0,-5455091.0,-2303749.0,,2581076271.0,,,968.46,100.0,unknown,QuantData PER_ONE_DOLLAR_MOVE; exact dollar/contract scaling unverified,QuantData
2026-08-17T16:00:00-04:00,2026-09-25,730.0,put,-271.0,-816.0,,-44064.0,,,,,4047529.0,9502620.0,-5455091.0,-2303749.0,,2581076271.0,,,968.46,100.0,unknown,QuantData PER_ONE_DOLLAR_MOVE; exact dollar/contract scaling unverified,QuantData
2026-08-17T16:00:00-04:00,2026-09-25,745.0,call,0.0,0.0,,0.0,,,,,4047529.0,9502620.0,-5455091.0,-2303749.0,,2581076271.0,,,968.46,100.0,unknown,QuantData PER_ONE_DOLLAR_MOVE; exact dollar/contract scaling unverified,QuantData
2026-08-17T16:00:00-04:00,2026-09-25,745.0,put,0.0,0.0,,0.0,,,,,4047529.0,9502620.0,-5455091.0,-2303749.0,,2581076271.0,,,968.46,100.0,unknown,QuantData PER_ONE_DOLLAR_MOVE; exact dollar/contract scaling unverified,QuantData
2026-08-17T16:00:00-04:00,2026-09-25,750.0,call,86.0,-188.0,,79373.0,,,,,4047529.0,9502620.0,-5455091.0,-2303749.0,,2581076271.0,,,968.46,100.0,unknown,QuantData PER_ONE_DOLLAR_MOVE; exact dollar/contract scaling unverified,QuantData
2026-08-17T16:00:00-04:00,2026-09-25,750.0,put,-1681.0,-4587.0,,-280221.0,,,,,4047529.0,9502620.0,-5455091.0,-2303749.0,,2581076271.0,,,968.46,100.0,unknown,QuantData PER_ONE_DOLLAR_MOVE; exact dollar/contract scaling unverified,QuantData
2026-08-17T16:00:00-04:00,2026-09-25,755.0,call,0.0,0.0,,0.0,,,,,4047529.0,9502620.0,-5455091.0,-2303749.0,,2581076271.0,,,968.46,100.0,unknown,QuantData PER_ONE_DOLLAR_MOVE; exact dollar/contract scaling unverified,QuantData
2026-08-17T16:00:00-04:00,2026-09-25,755.0,put,-175.0,-374.0,,-31657.0,,,,,4047529.0,9502620.0,-5455091.0,-2303749.0,,2581076271.0,,,968.46,100.0,unknown,QuantData PER_ONE_DOLLAR_MOVE; exact dollar/contract scaling unverified,QuantData
2026-08-17T16:00:00-04:00,2026-09-25,760.0,call,0.0,0.0,,0.0,,,,,4047529.0,9502620.0,-5455091.0,-2303749.0,,2581076271.0,,,968.46,100.0,unknown,QuantData PER_ONE_DOLLAR_MOVE; exact dollar/contract scaling unverified,QuantData
2026-08-17T16:00:00-04:00,2026-09-25,760.0,put,-539.0,-1458.0,,-92414.0,,,,,4047529.0,9502620.0,-5455091.0,-2303749.0,,2581076271.0,,,968.46,100.0,unknown,QuantData PER_ONE_DOLLAR_MOVE; exact dollar/contract scaling unverified,QuantData
2026-08-17T16:00:00-04:00,2026-09-25,765.0,call,0.0,0.0,,0.0,,,,,4047529.0,9502620.0,-5455091.0,-2303749.0,,2581076271.0,,,968.46,100.0,unknown,QuantData PER_ONE_DOLLAR_MOVE; exact dollar/contract scaling unverified,QuantData
2026-08-17T16:00:00-04:00,2026-09-25,765.0,put,-690.0,-1643.0,,-118658.0,,,,,4047529.0,9502620.0,-5455091.0,-2303749.0,,2581076271.0,,,968.46,100.0,unknown,QuantData PER_ONE_DOLLAR_MOVE; exact dollar/contract scaling unverified,QuantData
2026-08-17T16:00:00-04:00,2026-09-25,770.0,call,0.0,0.0,,0.0,,,,,4047529.0,9502620.0,-5455091.0,-2303749.0,,2581076271.0,,,968.46,100.0,unknown,QuantData PER_ONE_DOLLAR_MOVE; exact dollar/contract scaling unverified,QuantData
2026-08-17T16:00:00-04:00,2026-09-25,770.0,put,0.0,0.0,,0.0,,,,,4047529.0,9502620.0,-5455091.0,-2303749.0,,2581076271.0,,,968.46,100.0,unknown,QuantData PER_ONE_DOLLAR_MOVE; exact dollar/contract scaling unverified,QuantData
2026-08-17T16:00:00-04:00,2026-09-25,775.0,call,0.0,0.0,,0.0,,,,,4047529.0,9502620.0,-5455091.0,-2303749.0,,2581076271.0,,,968.46,100.0,unknown,QuantData PER_ONE_DOLLAR_MOVE; exact dollar/contract scaling unverified,QuantData
2026-08-17T16:00:00-04:00,2026-09-25,775.0,put,0.0,0.0,,0.0,,,,,4047529.0,9502620.0,-5455091.0,-2303749.0,,2581076271.0,,,968.46,100.0,unknown,QuantData PER_ONE_DOLLAR_MOVE; exact dollar/contract scaling unverified,QuantData
2026-08-17T16:00:00-04:00,2026-09-25,780.0,call,98.0,-189.0,,77424.0,,,,,4047529.0,9502620.0,-5455091.0,-2303749.0,,2581076271.0,,,968.46,100.0,unknown,QuantData PER_ONE_DOLLAR_MOVE; exact dollar/contract scaling unverified,QuantData
2026-08-17T16:00:00-04:00,2026-09-25,780.0,put,-1912.0,-4640.0,,-349507.0,,,,,4047529.0,9502620.0,-5455091.0,-2303749.0,,2581076271.0,,,968.46,100.0,unknown,QuantData PER_ONE_DOLLAR_MOVE; exact dollar/contract scaling unverified,QuantData
2026-08-17T16:00:00-04:00,2026-09-25,790.0,call,0.0,0.0,,0.0,,,,,4047529.0,9502620.0,-5455091.0,-2303749.0,,2581076271.0,,,968.46,100.0,unknown,QuantData PER_ONE_DOLLAR_MOVE; exact dollar/contract scaling unverified,QuantData
2026-08-17T16:00:00-04:00,2026-09-25,790.0,put,-180.0,-406.0,,-32725.0,,,,,4047529.0,9502620.0,-5455091.0,-2303749.0,,2581076271.0,,,968.46,100.0,unknown,QuantData PER_ONE_DOLLAR_MOVE; exact dollar/contract scaling unverified,QuantData
2026-08-17T16:00:00-04:00,2026-09-25,795.0,call,0.0,0.0,,0.0,,,,,4047529.0,9502620.0,-5455091.0,-2303749.0,,2581076271.0,,,968.46,100.0,unknown,QuantData PER_ONE_DOLLAR_MOVE; exact dollar/contract scaling unverified,QuantData
2026-08-17T16:00:00-04:00,2026-09-25,795.0,put,-508.0,-795.0,,-102429.0,,,,,4047529.0,9502620.0,-5455091.0,-2303749.0,,2581076271.0,,,968.46,100.0,unknown,QuantData PER_ONE_DOLLAR_MOVE; exact dollar/contract scaling unverified,QuantData
2026-08-17T16:00:00-04:00,2026-09-25,800.0,call,0.0,0.0,,0.0,,,,,4047529.0,9502620.0,-5455091.0,-2303749.0,,2581076271.0,,,968.46,100.0,unknown,QuantData PER_ONE_DOLLAR_MOVE; exact dollar/contract scaling unverified,QuantData
2026-08-17T16:00:00-04:00,2026-09-25,800.0,put,-5315.0,-11018.0,,-991496.0,,,,,4047529.0,9502620.0,-5455091.0,-2303749.0,,2581076271.0,,,968.46,100.0,unknown,QuantData PER_ONE_DOLLAR_MOVE; exact dollar/contract scaling unverified,QuantData
2026-08-17T16:00:00-04:00,2026-09-25,810.0,call,0.0,0.0,,0.0,,,,,4047529.0,9502620.0,-5455091.0,-2303749.0,,2581076271.0,,,968.46,100.0,unknown,QuantData PER_ONE_DOLLAR_MOVE; exact dollar/contract scaling unverified,QuantData
2026-08-17T16:00:00-04:00,2026-09-25,810.0,put,-384.0,-691.0,,-78540.0,,,,,4047529.0,9502620.0,-5455091.0,-2303749.0,,2581076271.0,,,968.46,100.0,unknown,QuantData PER_ONE_DOLLAR_MOVE; exact dollar/contract scaling unverified,QuantData
2026-08-17T16:00:00-04:00,2026-09-25,815.0,call,0.0,0.0,,0.0,,,,,4047529.0,9502620.0,-5455091.0,-2303749.0,,2581076271.0,,,968.46,100.0,unknown,QuantData PER_ONE_DOLLAR_MOVE; exact dollar/contract scaling unverified,QuantData
2026-08-17T16:00:00-04:00,2026-09-25,815.0,put,-616.0,-1121.0,,-118312.0,,,,,4047529.0,9502620.0,-5455091.0,-2303749.0,,2581076271.0,,,968.46,100.0,unknown,QuantData PER_ONE_DOLLAR_MOVE; exact dollar/contract scaling unverified,QuantData
2026-08-17T16:00:00-04:00,2026-09-25,820.0,call,0.0,0.0,,0.0,,,,,4047529.0,9502620.0,-5455091.0,-2303749.0,,2581076271.0,,,968.46,100.0,unknown,QuantData PER_ONE_DOLLAR_MOVE; exact dollar/contract scaling unverified,QuantData
2026-08-17T16:00:00-04:00,2026-09-25,820.0,put,0.0,0.0,,0.0,,,,,4047529.0,9502620.0,-5455091.0,-2303749.0,,2581076271.0,,,968.46,100.0,unknown,QuantData PER_ONE_DOLLAR_MOVE; exact dollar/contract scaling unverified,QuantData
2026-08-17T16:00:00-04:00,2026-09-25,825.0,call,0.0,0.0,,0.0,,,,,4047529.0,9502620.0,-5455091.0,-2303749.0,,2581076271.0,,,968.46,100.0,unknown,QuantData PER_ONE_DOLLAR_MOVE; exact dollar/contract scaling unverified,QuantData
2026-08-17T16:00:00-04:00,2026-09-25,825.0,put,-237.0,-259.0,,-49695.0,,,,,4047529.0,9502620.0,-5455091.0,-2303749.0,,2581076271.0,,,968.46,100.0,unknown,QuantData PER_ONE_DOLLAR_MOVE; exact dollar/contract scaling unverified,QuantData
2026-08-17T16:00:00-04:00,2026-09-25,830.0,call,210.0,-352.0,,155495.0,,,,,4047529.0,9502620.0,-5455091.0,-2303749.0,,2581076271.0,,,968.46,100.0,unknown,QuantData PER_ONE_DOLLAR_MOVE; exact dollar/contract scaling unverified,QuantData
2026-08-17T16:00:00-04:00,2026-09-25,830.0,put,-904.0,-1381.0,,-177051.0,,,,,4047529.0,9502620.0,-5455091.0,-2303749.0,,2581076271.0,,,968.46,100.0,unknown,QuantData PER_ONE_DOLLAR_MOVE; exact dollar/contract scaling unverified,QuantData
2026-08-17T16:00:00-04:00,2026-09-25,850.0,call,915.0,-1142.0,,586127.0,,,,,4047529.0,9502620.0,-5455091.0,-2303749.0,,2581076271.0,,,968.46,100.0,unknown,QuantData PER_ONE_DOLLAR_MOVE; exact dollar/contract scaling unverified,QuantData
2026-08-17T16:00:00-04:00,2026-09-25,850.0,put,0.0,0.0,,0.0,,,,,4047529.0,9502620.0,-5455091.0,-2303749.0,,2581076271.0,,,968.46,100.0,unknown,QuantData PER_ONE_DOLLAR_MOVE; exact dollar/contract scaling unverified,QuantData
2026-08-17T16:00:00-04:00,2026-09-25,860.0,call,0.0,0.0,,0.0,,,,,4047529.0,9502620.0,-5455091.0,-2303749.0,,2581076271.0,,,968.46,100.0,unknown,QuantData PER_ONE_DOLLAR_MOVE; exact dollar/contract scaling unverified,QuantData
2026-08-17T16:00:00-04:00,2026-09-25,860.0,put,-452.0,-576.0,,-99655.0,,,,,4047529.0,9502620.0,-5455091.0,-2303749.0,,2581076271.0,,,968.46,100.0,unknown,QuantData PER_ONE_DOLLAR_MOVE; exact dollar/contract scaling unverified,QuantData
2026-08-17T16:00:00-04:00,2026-09-25,875.0,call,0.0,0.0,,0.0,,,,,4047529.0,9502620.0,-5455091.0,-2303749.0,,2581076271.0,,,968.46,100.0,unknown,QuantData PER_ONE_DOLLAR_MOVE; exact dollar/contract scaling unverified,QuantData
2026-08-17T16:00:00-04:00,2026-09-25,875.0,put,-355.0,-384.0,,-80552.0,,,,,4047529.0,9502620.0,-5455091.0,-2303749.0,,2581076271.0,,,968.46,100.0,unknown,QuantData PER_ONE_DOLLAR_MOVE; exact dollar/contract scaling unverified,QuantData
2026-08-17T16:00:00-04:00,2026-09-25,880.0,call,0.0,0.0,,0.0,,,,,4047529.0,9502620.0,-5455091.0,-2303749.0,,2581076271.0,,,968.46,100.0,unknown,QuantData PER_ONE_DOLLAR_MOVE; exact dollar/contract scaling unverified,QuantData
2026-08-17T16:00:00-04:00,2026-09-25,880.0,put,-873.0,-815.0,,-197326.0,,,,,4047529.0,9502620.0,-5455091.0,-2303749.0,,2581076271.0,,,968.46,100.0,unknown,QuantData PER_ONE_DOLLAR_MOVE; exact dollar/contract scaling unverified,QuantData
2026-08-17T16:00:00-04:00,2026-09-25,885.0,call,253.0,-102.0,,126110.0,,,,,4047529.0,9502620.0,-5455091.0,-2303749.0,,2581076271.0,,,968.46,100.0,unknown,QuantData PER_ONE_DOLLAR_MOVE; exact dollar/contract scaling unverified,QuantData
2026-08-17T16:00:00-04:00,2026-09-25,885.0,put,0.0,0.0,,0.0,,,,,4047529.0,9502620.0,-5455091.0,-2303749.0,,2581076271.0,,,968.46,100.0,unknown,QuantData PER_ONE_DOLLAR_MOVE; exact dollar/contract scaling unverified,QuantData
2026-08-17T16:00:00-04:00,2026-09-25,890.0,call,0.0,0.0,,0.0,,,,,4047529.0,9502620.0,-5455091.0,-2303749.0,,2581076271.0,,,968.46,100.0,unknown,QuantData PER_ONE_DOLLAR_MOVE; exact dollar/contract scaling unverified,QuantData
2026-08-17T16:00:00-04:00,2026-09-25,890.0,put,-1503.0,-1258.0,,-351323.0,,,,,4047529.0,9502620.0,-5455091.0,-2303749.0,,2581076271.0,,,968.46,100.0,unknown,QuantData PER_ONE_DOLLAR_MOVE; exact dollar/contract scaling unverified,QuantData
2026-08-17T16:00:00-04:00,2026-09-25,900.0,call,4595.0,-3044.0,,2349373.0,,,,,4047529.0,9502620.0,-5455091.0,-2303749.0,,2581076271.0,,,968.46,100.0,unknown,QuantData PER_ONE_DOLLAR_MOVE; exact dollar/contract scaling unverified,QuantData
2026-08-17T16:00:00-04:00,2026-09-25,900.0,put,-1382.0,-1079.0,,-330838.0,,,,,4047529.0,9502620.0,-5455091.0,-2303749.0,,2581076271.0,,,968.46,100.0,unknown,QuantData PER_ONE_DOLLAR_MOVE; exact dollar/contract scaling unverified,QuantData
2026-08-17T16:00:00-04:00,2026-09-25,910.0,call,1830.0,-70.0,,749772.0,,,,,4047529.0,9502620.0,-5455091.0,-2303749.0,,2581076271.0,,,968.46,100.0,unknown,QuantData PER_ONE_DOLLAR_MOVE; exact dollar/contract scaling unverified,QuantData
2026-08-17T16:00:00-04:00,2026-09-25,910.0,put,-137.0,-61.0,,-33348.0,,,,,4047529.0,9502620.0,-5455091.0,-2303749.0,,2581076271.0,,,968.46,100.0,unknown,QuantData PER_ONE_DOLLAR_MOVE; exact dollar/contract scaling unverified,QuantData
2026-08-17T16:00:00-04:00,2026-09-25,915.0,call,131.0,-68.0,,65978.0,,,,,4047529.0,9502620.0,-5455091.0,-2303749.0,,2581076271.0,,,968.46,100.0,unknown,QuantData PER_ONE_DOLLAR_MOVE; exact dollar/contract scaling unverified,QuantData
2026-08-17T16:00:00-04:00,2026-09-25,915.0,put,0.0,0.0,,0.0,,,,,4047529.0,9502620.0,-5455091.0,-2303749.0,,2581076271.0,,,968.46,100.0,unknown,QuantData PER_ONE_DOLLAR_MOVE; exact dollar/contract scaling unverified,QuantData
2026-08-17T16:00:00-04:00,2026-09-25,920.0,call,270.0,-140.0,,131983.0,,,,,4047529.0,9502620.0,-5455091.0,-2303749.0,,2581076271.0,,,968.46,100.0,unknown,QuantData PER_ONE_DOLLAR_MOVE; exact dollar/contract scaling unverified,QuantData
2026-08-17T16:00:00-04:00,2026-09-25,920.0,put,-2773.0,-1346.0,,-697416.0,,,,,4047529.0,9502620.0,-5455091.0,-2303749.0,,2581076271.0,,,968.46,100.0,unknown,QuantData PER_ONE_DOLLAR_MOVE; exact dollar/contract scaling unverified,QuantData
2026-08-17T16:00:00-04:00,2026-09-25,930.0,call,700.0,-215.0,,315399.0,,,,,4047529.0,9502620.0,-5455091.0,-2303749.0,,2581076271.0,,,968.46,100.0,unknown,QuantData PER_ONE_DOLLAR_MOVE; exact dollar/contract scaling unverified,QuantData
2026-08-17T16:00:00-04:00,2026-09-25,930.0,put,-284.0,-51.0,,-72629.0,,,,,4047529.0,9502620.0,-5455091.0,-2303749.0,,2581076271.0,,,968.46,100.0,unknown,QuantData PER_ONE_DOLLAR_MOVE; exact dollar/contract scaling unverified,QuantData
2026-08-17T16:00:00-04:00,2026-09-25,940.0,call,950.0,-192.0,,438022.0,,,,,4047529.0,9502620.0,-5455091.0,-2303749.0,,2581076271.0,,,968.46,100.0,unknown,QuantData PER_ONE_DOLLAR_MOVE; exact dollar/contract scaling unverified,QuantData
2026-08-17T16:00:00-04:00,2026-09-25,940.0,put,-567.0,84.0,,-157216.0,,,,,4047529.0,9502620.0,-5455091.0,-2303749.0,,2581076271.0,,,968.46,100.0,unknown,QuantData PER_ONE_DOLLAR_MOVE; exact dollar/contract scaling unverified,QuantData
2026-08-17T16:00:00-04:00,2026-09-25,945.0,call,135.0,-27.0,,62854.0,,,,,4047529.0,9502620.0,-5455091.0,-2303749.0,,2581076271.0,,,968.46,100.0,unknown,QuantData PER_ONE_DOLLAR_MOVE; exact dollar/contract scaling unverified,QuantData
2026-08-17T16:00:00-04:00,2026-09-25,945.0,put,0.0,0.0,,0.0,,,,,4047529.0,9502620.0,-5455091.0,-2303749.0,,2581076271.0,,,968.46,100.0,unknown,QuantData PER_ONE_DOLLAR_MOVE; exact dollar/contract scaling unverified,QuantData
2026-08-17T16:00:00-04:00,2026-09-25,950.0,call,2123.0,201.0,,870312.0,,,,,4047529.0,9502620.0,-5455091.0,-2303749.0,,2581076271.0,,,968.46,100.0,unknown,QuantData PER_ONE_DOLLAR_MOVE; exact dollar/contract scaling unverified,QuantData
2026-08-17T16:00:00-04:00,2026-09-25,950.0,put,-1670.0,-29.0,,-459219.0,,,,,4047529.0,9502620.0,-5455091.0,-2303749.0,,2581076271.0,,,968.46,100.0,unknown,QuantData PER_ONE_DOLLAR_MOVE; exact dollar/contract scaling unverified,QuantData
2026-08-17T16:00:00-04:00,2026-09-25,955.0,call,0.0,0.0,,0.0,,,,,4047529.0,9502620.0,-5455091.0,-2303749.0,,2581076271.0,,,968.46,100.0,unknown,QuantData PER_ONE_DOLLAR_MOVE; exact dollar/contract scaling unverified,QuantData
2026-08-17T16:00:00-04:00,2026-09-25,955.0,put,0.0,0.0,,0.0,,,,,4047529.0,9502620.0,-5455091.0,-2303749.0,,2581076271.0,,,968.46,100.0,unknown,QuantData PER_ONE_DOLLAR_MOVE; exact dollar/contract scaling unverified,QuantData
2026-08-17T16:00:00-04:00,2026-09-25,960.0,call,0.0,0.0,,0.0,,,,,4047529.0,9502620.0,-5455091.0,-2303749.0,,2581076271.0,,,968.46,100.0,unknown,QuantData PER_ONE_DOLLAR_MOVE; exact dollar/contract scaling unverified,QuantData
2026-08-17T16:00:00-04:00,2026-09-25,960.0,put,-4803.0,428.0,,-1347413.0,,,,,4047529.0,9502620.0,-5455091.0,-2303749.0,,2581076271.0,,,968.46,100.0,unknown,QuantData PER_ONE_DOLLAR_MOVE; exact dollar/contract scaling unverified,QuantData
2026-08-17T16:00:00-04:00,2026-09-25,970.0,call,1734.0,677.0,,650311.0,,,,,4047529.0,9502620.0,-5455091.0,-2303749.0,,2581076271.0,,,968.46,100.0,unknown,QuantData PER_ONE_DOLLAR_MOVE; exact dollar/contract scaling unverified,QuantData
2026-08-17T16:00:00-04:00,2026-09-25,970.0,put,0.0,0.0,,0.0,,,,,4047529.0,9502620.0,-5455091.0,-2303749.0,,2581076271.0,,,968.46,100.0,unknown,QuantData PER_ONE_DOLLAR_MOVE; exact dollar/contract scaling unverified,QuantData
2026-08-17T16:00:00-04:00,2026-09-25,980.0,call,992.0,365.0,,387869.0,,,,,4047529.0,9502620.0,-5455091.0,-2303749.0,,2581076271.0,,,968.46,100.0,unknown,QuantData PER_ONE_DOLLAR_MOVE; exact dollar/contract scaling unverified,QuantData
2026-08-17T16:00:00-04:00,2026-09-25,980.0,put,0.0,0.0,,0.0,,,,,4047529.0,9502620.0,-5455091.0,-2303749.0,,2581076271.0,,,968.46,100.0,unknown,QuantData PER_ONE_DOLLAR_MOVE; exact dollar/contract scaling unverified,QuantData
2026-08-17T16:00:00-04:00,2026-09-25,995.0,call,727.0,339.0,,271972.0,,,,,4047529.0,9502620.0,-5455091.0,-2303749.0,,2581076271.0,,,968.46,100.0,unknown,QuantData PER_ONE_DOLLAR_MOVE; exact dollar/contract scaling unverified,QuantData
2026-08-17T16:00:00-04:00,2026-09-25,995.0,put,0.0,0.0,,0.0,,,,,4047529.0,9502620.0,-5455091.0,-2303749.0,,2581076271.0,,,968.46,100.0,unknown,QuantData PER_ONE_DOLLAR_MOVE; exact dollar/contract scaling unverified,QuantData
2026-08-17T16:00:00-04:00,2026-09-25,1000.0,call,3658.0,2101.0,,1319811.0,,,,,4047529.0,9502620.0,-5455091.0,-2303749.0,,2581076271.0,,,968.46,100.0,unknown,QuantData PER_ONE_DOLLAR_MOVE; exact dollar/contract scaling unverified,QuantData
2026-08-17T16:00:00-04:00,2026-09-25,1000.0,put,-292.0,217.0,,-93923.0,,,,,4047529.0,9502620.0,-5455091.0,-2303749.0,,2581076271.0,,,968.46,100.0,unknown,QuantData PER_ONE_DOLLAR_MOVE; exact dollar/contract scaling unverified,QuantData
2026-08-17T16:00:00-04:00,2026-09-25,1010.0,call,713.0,416.0,,267861.0,,,,,4047529.0,9502620.0,-5455091.0,-2303749.0,,2581076271.0,,,968.46,100.0,unknown,QuantData PER_ONE_DOLLAR_MOVE; exact dollar/contract scaling unverified,QuantData
2026-08-17T16:00:00-04:00,2026-09-25,1010.0,put,0.0,0.0,,0.0,,,,,4047529.0,9502620.0,-5455091.0,-2303749.0,,2581076271.0,,,968.46,100.0,unknown,QuantData PER_ONE_DOLLAR_MOVE; exact dollar/contract scaling unverified,QuantData
2026-08-17T16:00:00-04:00,2026-09-25,1035.0,call,291.0,275.0,,97165.0,,,,,4047529.0,9502620.0,-5455091.0,-2303749.0,,2581076271.0,,,968.46,100.0,unknown,QuantData PER_ONE_DOLLAR_MOVE; exact dollar/contract scaling unverified,QuantData
2026-08-17T16:00:00-04:00,2026-09-25,1035.0,put,0.0,0.0,,0.0,,,,,4047529.0,9502620.0,-5455091.0,-2303749.0,,2581076271.0,,,968.46,100.0,unknown,QuantData PER_ONE_DOLLAR_MOVE; exact dollar/contract scaling unverified,QuantData
2026-08-17T16:00:00-04:00,2026-09-25,1050.0,call,7197.0,7567.0,,2388717.0,,,,,4047529.0,9502620.0,-5455091.0,-2303749.0,,2581076271.0,,,968.46,100.0,unknown,QuantData PER_ONE_DOLLAR_MOVE; exact dollar/contract scaling unverified,QuantData
2026-08-17T16:00:00-04:00,2026-09-25,1050.0,put,0.0,0.0,,0.0,,,,,4047529.0,9502620.0,-5455091.0,-2303749.0,,2581076271.0,,,968.46,100.0,unknown,QuantData PER_ONE_DOLLAR_MOVE; exact dollar/contract scaling unverified,QuantData
2026-08-17T16:00:00-04:00,2026-09-25,1100.0,call,8373.0,14921.0,,2312084.0,,,,,4047529.0,9502620.0,-5455091.0,-2303749.0,,2581076271.0,,,968.46,100.0,unknown,QuantData PER_ONE_DOLLAR_MOVE; exact dollar/contract scaling unverified,QuantData
2026-08-17T16:00:00-04:00,2026-09-25,1100.0,put,0.0,0.0,,0.0,,,,,4047529.0,9502620.0,-5455091.0,-2303749.0,,2581076271.0,,,968.46,100.0,unknown,QuantData PER_ONE_DOLLAR_MOVE; exact dollar/contract scaling unverified,QuantData
2026-08-17T16:00:00-04:00,2026-09-25,1105.0,call,3936.0,7201.0,,1087482.0,,,,,4047529.0,9502620.0,-5455091.0,-2303749.0,,2581076271.0,,,968.46,100.0,unknown,QuantData PER_ONE_DOLLAR_MOVE; exact dollar/contract scaling unverified,QuantData
2026-08-17T16:00:00-04:00,2026-09-25,1105.0,put,0.0,0.0,,0.0,,,,,4047529.0,9502620.0,-5455091.0,-2303749.0,,2581076271.0,,,968.46,100.0,unknown,QuantData PER_ONE_DOLLAR_MOVE; exact dollar/contract scaling unverified,QuantData
2026-08-17T16:00:00-04:00,2026-09-25,1160.0,call,0.0,0.0,,0.0,,,,,4047529.0,9502620.0,-5455091.0,-2303749.0,,2581076271.0,,,968.46,100.0,unknown,QuantData PER_ONE_DOLLAR_MOVE; exact dollar/contract scaling unverified,QuantData
2026-08-17T16:00:00-04:00,2026-09-25,1160.0,put,0.0,0.0,,0.0,,,,,4047529.0,9502620.0,-5455091.0,-2303749.0,,2581076271.0,,,968.46,100.0,unknown,QuantData PER_ONE_DOLLAR_MOVE; exact dollar/contract scaling unverified,QuantData
2026-08-17T16:00:00-04:00,2026-09-25,1250.0,call,0.0,0.0,,0.0,,,,,4047529.0,9502620.0,-5455091.0,-2303749.0,,2581076271.0,,,968.46,100.0,unknown,QuantData PER_ONE_DOLLAR_MOVE; exact dollar/contract scaling unverified,QuantData
2026-08-17T16:00:00-04:00,2026-09-25,1250.0,put,0.0,0.0,,0.0,,,,,4047529.0,9502620.0,-5455091.0,-2303749.0,,2581076271.0,,,968.46,100.0,unknown,QuantData PER_ONE_DOLLAR_MOVE; exact dollar/contract scaling unverified,QuantData
2026-08-17T16:00:00-04:00,2026-09-25,1290.0,call,0.0,0.0,,0.0,,,,,4047529.0,9502620.0,-5455091.0,-2303749.0,,2581076271.0,,,968.46,100.0,unknown,QuantData PER_ONE_DOLLAR_MOVE; exact dollar/contract scaling unverified,QuantData
2026-08-17T16:00:00-04:00,2026-09-25,1290.0,put,0.0,0.0,,0.0,,,,,4047529.0,9502620.0,-5455091.0,-2303749.0,,2581076271.0,,,968.46,100.0,unknown,QuantData PER_ONE_DOLLAR_MOVE; exact dollar/contract scaling unverified,QuantData
2026-08-17T16:00:00-04:00,2026-09-25,1300.0,call,309.0,1085.0,,63596.0,,,,,4047529.0,9502620.0,-5455091.0,-2303749.0,,2581076271.0,,,968.46,100.0,unknown,QuantData PER_ONE_DOLLAR_MOVE; exact dollar/contract scaling unverified,QuantData
2026-08-17T16:00:00-04:00,2026-09-25,1300.0,put,0.0,0.0,,0.0,,,,,4047529.0,9502620.0,-5455091.0,-2303749.0,,2581076271.0,,,968.46,100.0,unknown,QuantData PER_ONE_DOLLAR_MOVE; exact dollar/contract scaling unverified,QuantData
2026-08-17T16:00:00-04:00,2026-09-25,1360.0,call,87.0,367.0,,15157.0,,,,,4047529.0,9502620.0,-5455091.0,-2303749.0,,2581076271.0,,,968.46,100.0,unknown,QuantData PER_ONE_DOLLAR_MOVE; exact dollar/contract scaling unverified,QuantData
2026-08-17T16:00:00-04:00,2026-09-25,1360.0,put,0.0,0.0,,0.0,,,,,4047529.0,9502620.0,-5455091.0,-2303749.0,,2581076271.0,,,968.46,100.0,unknown,QuantData PER_ONE_DOLLAR_MOVE; exact dollar/contract scaling unverified,QuantData
2026-08-17T16:00:00-04:00,2026-10-02,450.0,call,0.0,0.0,,0.0,,,,,4047529.0,9502620.0,-5455091.0,-2303749.0,,2581076271.0,,,968.46,100.0,unknown,QuantData PER_ONE_DOLLAR_MOVE; exact dollar/contract scaling unverified,QuantData
2026-08-17T16:00:00-04:00,2026-10-02,450.0,put,0.0,0.0,,0.0,,,,,4047529.0,9502620.0,-5455091.0,-2303749.0,,2581076271.0,,,968.46,100.0,unknown,QuantData PER_ONE_DOLLAR_MOVE; exact dollar/contract scaling unverified,QuantData
2026-08-17T16:00:00-04:00,2026-10-02,520.0,call,0.0,0.0,,0.0,,,,,4047529.0,9502620.0,-5455091.0,-2303749.0,,2581076271.0,,,968.46,100.0,unknown,QuantData PER_ONE_DOLLAR_MOVE; exact dollar/contract scaling unverified,QuantData
2026-08-17T16:00:00-04:00,2026-10-02,520.0,put,0.0,0.0,,0.0,,,,,4047529.0,9502620.0,-5455091.0,-2303749.0,,2581076271.0,,,968.46,100.0,unknown,QuantData PER_ONE_DOLLAR_MOVE; exact dollar/contract scaling unverified,QuantData
2026-08-17T16:00:00-04:00,2026-10-02,550.0,call,19.0,-107.0,,92152.0,,,,,4047529.0,9502620.0,-5455091.0,-2303749.0,,2581076271.0,,,968.46,100.0,unknown,QuantData PER_ONE_DOLLAR_MOVE; exact dollar/contract scaling unverified,QuantData
2026-08-17T16:00:00-04:00,2026-10-02,550.0,put,0.0,0.0,,0.0,,,,,4047529.0,9502620.0,-5455091.0,-2303749.0,,2581076271.0,,,968.46,100.0,unknown,QuantData PER_ONE_DOLLAR_MOVE; exact dollar/contract scaling unverified,QuantData
2026-08-17T16:00:00-04:00,2026-10-02,590.0,call,0.0,0.0,,0.0,,,,,4047529.0,9502620.0,-5455091.0,-2303749.0,,2581076271.0,,,968.46,100.0,unknown,QuantData PER_ONE_DOLLAR_MOVE; exact dollar/contract scaling unverified,QuantData
2026-08-17T16:00:00-04:00,2026-10-02,590.0,put,-24.0,-128.0,,-3316.0,,,,,4047529.0,9502620.0,-5455091.0,-2303749.0,,2581076271.0,,,968.46,100.0,unknown,QuantData PER_ONE_DOLLAR_MOVE; exact dollar/contract scaling unverified,QuantData
2026-08-17T16:00:00-04:00,2026-10-02,620.0,call,0.0,0.0,,0.0,,,,,4047529.0,9502620.0,-5455091.0,-2303749.0,,2581076271.0,,,968.46,100.0,unknown,QuantData PER_ONE_DOLLAR_MOVE; exact dollar/contract scaling unverified,QuantData
2026-08-17T16:00:00-04:00,2026-10-02,620.0,put,-76.0,-321.0,,-11607.0,,,,,4047529.0,9502620.0,-5455091.0,-2303749.0,,2581076271.0,,,968.46,100.0,unknown,QuantData PER_ONE_DOLLAR_MOVE; exact dollar/contract scaling unverified,QuantData
2026-08-17T16:00:00-04:00,2026-10-02,680.0,call,0.0,0.0,,0.0,,,,,4047529.0,9502620.0,-5455091.0,-2303749.0,,2581076271.0,,,968.46,100.0,unknown,QuantData PER_ONE_DOLLAR_MOVE; exact dollar/contract scaling unverified,QuantData
2026-08-17T16:00:00-04:00,2026-10-02,680.0,put,0.0,0.0,,0.0,,,,,4047529.0,9502620.0,-5455091.0,-2303749.0,,2581076271.0,,,968.46,100.0,unknown,QuantData PER_ONE_DOLLAR_MOVE; exact dollar/contract scaling unverified,QuantData
2026-08-17T16:00:00-04:00,2026-10-02,700.0,call,0.0,0.0,,0.0,,,,,4047529.0,9502620.0,-5455091.0,-2303749.0,,2581076271.0,,,968.46,100.0,unknown,QuantData PER_ONE_DOLLAR_MOVE; exact dollar/contract scaling unverified,QuantData
2026-08-17T16:00:00-04:00,2026-10-02,700.0,put,-179.0,-600.0,,-29776.0,,,,,4047529.0,9502620.0,-5455091.0,-2303749.0,,2581076271.0,,,968.46,100.0,unknown,QuantData PER_ONE_DOLLAR_MOVE; exact dollar/contract scaling unverified,QuantData
2026-08-17T16:00:00-04:00,2026-10-02,740.0,call,0.0,0.0,,0.0,,,,,4047529.0,9502620.0,-5455091.0,-2303749.0,,2581076271.0,,,968.46,100.0,unknown,QuantData PER_ONE_DOLLAR_MOVE; exact dollar/contract scaling unverified,QuantData
2026-08-17T16:00:00-04:00,2026-10-02,740.0,put,-279.0,-804.0,,-51675.0,,,,,4047529.0,9502620.0,-5455091.0,-2303749.0,,2581076271.0,,,968.46,100.0,unknown,QuantData PER_ONE_DOLLAR_MOVE; exact dollar/contract scaling unverified,QuantData
2026-08-17T16:00:00-04:00,2026-10-02,750.0,call,0.0,0.0,,0.0,,,,,4047529.0,9502620.0,-5455091.0,-2303749.0,,2581076271.0,,,968.46,100.0,unknown,QuantData PER_ONE_DOLLAR_MOVE; exact dollar/contract scaling unverified,QuantData
2026-08-17T16:00:00-04:00,2026-10-02,750.0,put,-73.0,-202.0,,-13788.0,,,,,4047529.0,9502620.0,-5455091.0,-2303749.0,,2581076271.0,,,968.46,100.0,unknown,QuantData PER_ONE_DOLLAR_MOVE; exact dollar/contract scaling unverified,QuantData
2026-08-17T16:00:00-04:00,2026-10-02,800.0,call,182.0,-370.0,,159901.0,,,,,4047529.0,9502620.0,-5455091.0,-2303749.0,,2581076271.0,,,968.46,100.0,unknown,QuantData PER_ONE_DOLLAR_MOVE; exact dollar/contract scaling unverified,QuantData
2026-08-17T16:00:00-04:00,2026-10-02,800.0,put,0.0,0.0,,0.0,,,,,4047529.0,9502620.0,-5455091.0,-2303749.0,,2581076271.0,,,968.46,100.0,unknown,QuantData PER_ONE_DOLLAR_MOVE; exact dollar/contract scaling unverified,QuantData
2026-08-17T16:00:00-04:00,2026-10-02,810.0,call,0.0,0.0,,0.0,,,,,4047529.0,9502620.0,-5455091.0,-2303749.0,,2581076271.0,,,968.46,100.0,unknown,QuantData PER_ONE_DOLLAR_MOVE; exact dollar/contract scaling unverified,QuantData
2026-08-17T16:00:00-04:00,2026-10-02,810.0,put,0.0,0.0,,0.0,,,,,4047529.0,9502620.0,-5455091.0,-2303749.0,,2581076271.0,,,968.46,100.0,unknown,QuantData PER_ONE_DOLLAR_MOVE; exact dollar/contract scaling unverified,QuantData
2026-08-17T16:00:00-04:00,2026-10-02,815.0,call,0.0,0.0,,0.0,,,,,4047529.0,9502620.0,-5455091.0,-2303749.0,,2581076271.0,,,968.46,100.0,unknown,QuantData PER_ONE_DOLLAR_MOVE; exact dollar/contract scaling unverified,QuantData
2026-08-17T16:00:00-04:00,2026-10-02,815.0,put,0.0,0.0,,0.0,,,,,4047529.0,9502620.0,-5455091.0,-2303749.0,,2581076271.0,,,968.46,100.0,unknown,QuantData PER_ONE_DOLLAR_MOVE; exact dollar/contract scaling unverified,QuantData
2026-08-17T16:00:00-04:00,2026-10-02,840.0,call,0.0,0.0,,0.0,,,,,4047529.0,9502620.0,-5455091.0,-2303749.0,,2581076271.0,,,968.46,100.0,unknown,QuantData PER_ONE_DOLLAR_MOVE; exact dollar/contract scaling unverified,QuantData
2026-08-17T16:00:00-04:00,2026-10-02,840.0,put,-212.0,-296.0,,-47786.0,,,,,4047529.0,9502620.0,-5455091.0,-2303749.0,,2581076271.0,,,968.46,100.0,unknown,QuantData PER_ONE_DOLLAR_MOVE; exact dollar/contract scaling unverified,QuantData
2026-08-17T16:00:00-04:00,2026-10-02,875.0,call,0.0,0.0,,0.0,,,,,4047529.0,9502620.0,-5455091.0,-2303749.0,,2581076271.0,,,968.46,100.0,unknown,QuantData PER_ONE_DOLLAR_MOVE; exact dollar/contract scaling unverified,QuantData
2026-08-17T16:00:00-04:00,2026-10-02,875.0,put,0.0,0.0,,0.0,,,,,4047529.0,9502620.0,-5455091.0,-2303749.0,,2581076271.0,,,968.46,100.0,unknown,QuantData PER_ONE_DOLLAR_MOVE; exact dollar/contract scaling unverified,QuantData
2026-08-17T16:00:00-04:00,2026-10-02,880.0,call,0.0,0.0,,0.0,,,,,4047529.0,9502620.0,-5455091.0,-2303749.0,,2581076271.0,,,968.46,100.0,unknown,QuantData PER_ONE_DOLLAR_MOVE; exact dollar/contract scaling unverified,QuantData
2026-08-17T16:00:00-04:00,2026-10-02,880.0,put,-114.0,-89.0,,-29277.0,,,,,4047529.0,9502620.0,-5455091.0,-2303749.0,,2581076271.0,,,968.46,100.0,unknown,QuantData PER_ONE_DOLLAR_MOVE; exact dollar/contract scaling unverified,QuantData
2026-08-17T16:00:00-04:00,2026-10-02,940.0,call,0.0,0.0,,0.0,,,,,4047529.0,9502620.0,-5455091.0,-2303749.0,,2581076271.0,,,968.46,100.0,unknown,QuantData PER_ONE_DOLLAR_MOVE; exact dollar/contract scaling unverified,QuantData
2026-08-17T16:00:00-04:00,2026-10-02,940.0,put,0.0,0.0,,0.0,,,,,4047529.0,9502620.0,-5455091.0,-2303749.0,,2581076271.0,,,968.46,100.0,unknown,QuantData PER_ONE_DOLLAR_MOVE; exact dollar/contract scaling unverified,QuantData
2026-08-17T16:00:00-04:00,2026-10-02,945.0,call,0.0,0.0,,0.0,,,,,4047529.0,9502620.0,-5455091.0,-2303749.0,,2581076271.0,,,968.46,100.0,unknown,QuantData PER_ONE_DOLLAR_MOVE; exact dollar/contract scaling unverified,QuantData
2026-08-17T16:00:00-04:00,2026-10-02,945.0,put,0.0,0.0,,0.0,,,,,4047529.0,9502620.0,-5455091.0,-2303749.0,,2581076271.0,,,968.46,100.0,unknown,QuantData PER_ONE_DOLLAR_MOVE; exact dollar/contract scaling unverified,QuantData
2026-08-17T16:00:00-04:00,2026-10-02,950.0,call,0.0,0.0,,0.0,,,,,4047529.0,9502620.0,-5455091.0,-2303749.0,,2581076271.0,,,968.46,100.0,unknown,QuantData PER_ONE_DOLLAR_MOVE; exact dollar/contract scaling unverified,QuantData
2026-08-17T16:00:00-04:00,2026-10-02,950.0,put,0.0,0.0,,0.0,,,,,4047529.0,9502620.0,-5455091.0,-2303749.0,,2581076271.0,,,968.46,100.0,unknown,QuantData PER_ONE_DOLLAR_MOVE; exact dollar/contract scaling unverified,QuantData
2026-08-17T16:00:00-04:00,2026-10-02,955.0,call,0.0,0.0,,0.0,,,,,4047529.0,9502620.0,-5455091.0,-2303749.0,,2581076271.0,,,968.46,100.0,unknown,QuantData PER_ONE_DOLLAR_MOVE; exact dollar/contract scaling unverified,QuantData
2026-08-17T16:00:00-04:00,2026-10-02,955.0,put,0.0,0.0,,0.0,,,,,4047529.0,9502620.0,-5455091.0,-2303749.0,,2581076271.0,,,968.46,100.0,unknown,QuantData PER_ONE_DOLLAR_MOVE; exact dollar/contract scaling unverified,QuantData
2026-08-17T16:00:00-04:00,2026-10-02,960.0,call,0.0,0.0,,0.0,,,,,4047529.0,9502620.0,-5455091.0,-2303749.0,,2581076271.0,,,968.46,100.0,unknown,QuantData PER_ONE_DOLLAR_MOVE; exact dollar/contract scaling unverified,QuantData
2026-08-17T16:00:00-04:00,2026-10-02,960.0,put,0.0,0.0,,0.0,,,,,4047529.0,9502620.0,-5455091.0,-2303749.0,,2581076271.0,,,968.46,100.0,unknown,QuantData PER_ONE_DOLLAR_MOVE; exact dollar/contract scaling unverified,QuantData
2026-08-17T16:00:00-04:00,2026-10-02,980.0,call,0.0,0.0,,0.0,,,,,4047529.0,9502620.0,-5455091.0,-2303749.0,,2581076271.0,,,968.46,100.0,unknown,QuantData PER_ONE_DOLLAR_MOVE; exact dollar/contract scaling unverified,QuantData
2026-08-17T16:00:00-04:00,2026-10-02,980.0,put,0.0,0.0,,0.0,,,,,4047529.0,9502620.0,-5455091.0,-2303749.0,,2581076271.0,,,968.46,100.0,unknown,QuantData PER_ONE_DOLLAR_MOVE; exact dollar/contract scaling unverified,QuantData
2026-08-17T16:00:00-04:00,2026-10-02,990.0,call,0.0,0.0,,0.0,,,,,4047529.0,9502620.0,-5455091.0,-2303749.0,,2581076271.0,,,968.46,100.0,unknown,QuantData PER_ONE_DOLLAR_MOVE; exact dollar/contract scaling unverified,QuantData
2026-08-17T16:00:00-04:00,2026-10-02,990.0,put,0.0,0.0,,0.0,,,,,4047529.0,9502620.0,-5455091.0,-2303749.0,,2581076271.0,,,968.46,100.0,unknown,QuantData PER_ONE_DOLLAR_MOVE; exact dollar/contract scaling unverified,QuantData
2026-08-17T16:00:00-04:00,2026-10-02,1000.0,call,0.0,0.0,,0.0,,,,,4047529.0,9502620.0,-5455091.0,-2303749.0,,2581076271.0,,,968.46,100.0,unknown,QuantData PER_ONE_DOLLAR_MOVE; exact dollar/contract scaling unverified,QuantData
2026-08-17T16:00:00-04:00,2026-10-02,1000.0,put,0.0,0.0,,0.0,,,,,4047529.0,9502620.0,-5455091.0,-2303749.0,,2581076271.0,,,968.46,100.0,unknown,QuantData PER_ONE_DOLLAR_MOVE; exact dollar/contract scaling unverified,QuantData
2026-08-17T16:00:00-04:00,2026-10-02,1025.0,call,1069.0,1029.0,,399197.0,,,,,4047529.0,9502620.0,-5455091.0,-2303749.0,,2581076271.0,,,968.46,100.0,unknown,QuantData PER_ONE_DOLLAR_MOVE; exact dollar/contract scaling unverified,QuantData
2026-08-17T16:00:00-04:00,2026-10-02,1025.0,put,0.0,0.0,,0.0,,,,,4047529.0,9502620.0,-5455091.0,-2303749.0,,2581076271.0,,,968.46,100.0,unknown,QuantData PER_ONE_DOLLAR_MOVE; exact dollar/contract scaling unverified,QuantData
2026-08-17T16:00:00-04:00,2026-10-02,1030.0,call,0.0,0.0,,0.0,,,,,4047529.0,9502620.0,-5455091.0,-2303749.0,,2581076271.0,,,968.46,100.0,unknown,QuantData PER_ONE_DOLLAR_MOVE; exact dollar/contract scaling unverified,QuantData
2026-08-17T16:00:00-04:00,2026-10-02,1030.0,put,0.0,0.0,,0.0,,,,,4047529.0,9502620.0,-5455091.0,-2303749.0,,2581076271.0,,,968.46,100.0,unknown,QuantData PER_ONE_DOLLAR_MOVE; exact dollar/contract scaling unverified,QuantData
2026-08-17T16:00:00-04:00,2026-10-02,1040.0,call,0.0,0.0,,0.0,,,,,4047529.0,9502620.0,-5455091.0,-2303749.0,,2581076271.0,,,968.46,100.0,unknown,QuantData PER_ONE_DOLLAR_MOVE; exact dollar/contract scaling unverified,QuantData
2026-08-17T16:00:00-04:00,2026-10-02,1040.0,put,0.0,0.0,,0.0,,,,,4047529.0,9502620.0,-5455091.0,-2303749.0,,2581076271.0,,,968.46,100.0,unknown,QuantData PER_ONE_DOLLAR_MOVE; exact dollar/contract scaling unverified,QuantData
2026-08-17T16:00:00-04:00,2026-10-02,1050.0,call,0.0,0.0,,0.0,,,,,4047529.0,9502620.0,-5455091.0,-2303749.0,,2581076271.0,,,968.46,100.0,unknown,QuantData PER_ONE_DOLLAR_MOVE; exact dollar/contract scaling unverified,QuantData
2026-08-17T16:00:00-04:00,2026-10-02,1050.0,put,0.0,0.0,,0.0,,,,,4047529.0,9502620.0,-5455091.0,-2303749.0,,2581076271.0,,,968.46,100.0,unknown,QuantData PER_ONE_DOLLAR_MOVE; exact dollar/contract scaling unverified,QuantData
2026-08-17T16:00:00-04:00,2026-10-02,1055.0,call,0.0,0.0,,0.0,,,,,4047529.0,9502620.0,-5455091.0,-2303749.0,,2581076271.0,,,968.46,100.0,unknown,QuantData PER_ONE_DOLLAR_MOVE; exact dollar/contract scaling unverified,QuantData
2026-08-17T16:00:00-04:00,2026-10-02,1055.0,put,0.0,0.0,,0.0,,,,,4047529.0,9502620.0,-5455091.0,-2303749.0,,2581076271.0,,,968.46,100.0,unknown,QuantData PER_ONE_DOLLAR_MOVE; exact dollar/contract scaling unverified,QuantData
2026-08-17T16:00:00-04:00,2026-10-02,1080.0,call,0.0,0.0,,0.0,,,,,4047529.0,9502620.0,-5455091.0,-2303749.0,,2581076271.0,,,968.46,100.0,unknown,QuantData PER_ONE_DOLLAR_MOVE; exact dollar/contract scaling unverified,QuantData
2026-08-17T16:00:00-04:00,2026-10-02,1080.0,put,0.0,0.0,,0.0,,,,,4047529.0,9502620.0,-5455091.0,-2303749.0,,2581076271.0,,,968.46,100.0,unknown,QuantData PER_ONE_DOLLAR_MOVE; exact dollar/contract scaling unverified,QuantData
2026-08-17T16:00:00-04:00,2026-10-02,1100.0,call,271.0,439.0,,86748.0,,,,,4047529.0,9502620.0,-5455091.0,-2303749.0,,2581076271.0,,,968.46,100.0,unknown,QuantData PER_ONE_DOLLAR_MOVE; exact dollar/contract scaling unverified,QuantData
2026-08-17T16:00:00-04:00,2026-10-02,1100.0,put,0.0,0.0,,0.0,,,,,4047529.0,9502620.0,-5455091.0,-2303749.0,,2581076271.0,,,968.46,100.0,unknown,QuantData PER_ONE_DOLLAR_MOVE; exact dollar/contract scaling unverified,QuantData
2026-08-17T16:00:00-04:00,2026-10-02,1120.0,call,255.0,508.0,,77186.0,,,,,4047529.0,9502620.0,-5455091.0,-2303749.0,,2581076271.0,,,968.46,100.0,unknown,QuantData PER_ONE_DOLLAR_MOVE; exact dollar/contract scaling unverified,QuantData
2026-08-17T16:00:00-04:00,2026-10-02,1120.0,put,0.0,0.0,,0.0,,,,,4047529.0,9502620.0,-5455091.0,-2303749.0,,2581076271.0,,,968.46,100.0,unknown,QuantData PER_ONE_DOLLAR_MOVE; exact dollar/contract scaling unverified,QuantData
2026-08-17T16:00:00-04:00,2026-10-02,1125.0,call,256.0,524.0,,75818.0,,,,,4047529.0,9502620.0,-5455091.0,-2303749.0,,2581076271.0,,,968.46,100.0,unknown,QuantData PER_ONE_DOLLAR_MOVE; exact dollar/contract scaling unverified,QuantData
2026-08-17T16:00:00-04:00,2026-10-02,1125.0,put,0.0,0.0,,0.0,,,,,4047529.0,9502620.0,-5455091.0,-2303749.0,,2581076271.0,,,968.46,100.0,unknown,QuantData PER_ONE_DOLLAR_MOVE; exact dollar/contract scaling unverified,QuantData
2026-08-17T16:00:00-04:00,2026-10-02,1130.0,call,255.0,536.0,,74629.0,,,,,4047529.0,9502620.0,-5455091.0,-2303749.0,,2581076271.0,,,968.46,100.0,unknown,QuantData PER_ONE_DOLLAR_MOVE; exact dollar/contract scaling unverified,QuantData
2026-08-17T16:00:00-04:00,2026-10-02,1130.0,put,0.0,0.0,,0.0,,,,,4047529.0,9502620.0,-5455091.0,-2303749.0,,2581076271.0,,,968.46,100.0,unknown,QuantData PER_ONE_DOLLAR_MOVE; exact dollar/contract scaling unverified,QuantData
2026-08-17T16:00:00-04:00,2026-10-02,1135.0,call,0.0,0.0,,0.0,,,,,4047529.0,9502620.0,-5455091.0,-2303749.0,,2581076271.0,,,968.46,100.0,unknown,QuantData PER_ONE_DOLLAR_MOVE; exact dollar/contract scaling unverified,QuantData
2026-08-17T16:00:00-04:00,2026-10-02,1135.0,put,0.0,0.0,,0.0,,,,,4047529.0,9502620.0,-5455091.0,-2303749.0,,2581076271.0,,,968.46,100.0,unknown,QuantData PER_ONE_DOLLAR_MOVE; exact dollar/contract scaling unverified,QuantData
2026-08-17T16:00:00-04:00,2026-10-02,1145.0,call,377.0,851.0,,106990.0,,,,,4047529.0,9502620.0,-5455091.0,-2303749.0,,2581076271.0,,,968.46,100.0,unknown,QuantData PER_ONE_DOLLAR_MOVE; exact dollar/contract scaling unverified,QuantData
2026-08-17T16:00:00-04:00,2026-10-02,1145.0,put,0.0,0.0,,0.0,,,,,4047529.0,9502620.0,-5455091.0,-2303749.0,,2581076271.0,,,968.46,100.0,unknown,QuantData PER_ONE_DOLLAR_MOVE; exact dollar/contract scaling unverified,QuantData
2026-08-17T16:00:00-04:00,2026-10-02,1155.0,call,247.0,580.0,,69606.0,,,,,4047529.0,9502620.0,-5455091.0,-2303749.0,,2581076271.0,,,968.46,100.0,unknown,QuantData PER_ONE_DOLLAR_MOVE; exact dollar/contract scaling unverified,QuantData
2026-08-17T16:00:00-04:00,2026-10-02,1155.0,put,0.0,0.0,,0.0,,,,,4047529.0,9502620.0,-5455091.0,-2303749.0,,2581076271.0,,,968.46,100.0,unknown,QuantData PER_ONE_DOLLAR_MOVE; exact dollar/contract scaling unverified,QuantData
2026-08-17T16:00:00-04:00,2026-10-02,1165.0,call,0.0,0.0,,0.0,,,,,4047529.0,9502620.0,-5455091.0,-2303749.0,,2581076271.0,,,968.46,100.0,unknown,QuantData PER_ONE_DOLLAR_MOVE; exact dollar/contract scaling unverified,QuantData
2026-08-17T16:00:00-04:00,2026-10-02,1165.0,put,0.0,0.0,,0.0,,,,,4047529.0,9502620.0,-5455091.0,-2303749.0,,2581076271.0,,,968.46,100.0,unknown,QuantData PER_ONE_DOLLAR_MOVE; exact dollar/contract scaling unverified,QuantData
2026-08-17T16:00:00-04:00,2026-10-02,1200.0,call,682.0,1926.0,,177799.0,,,,,4047529.0,9502620.0,-5455091.0,-2303749.0,,2581076271.0,,,968.46,100.0,unknown,QuantData PER_ONE_DOLLAR_MOVE; exact dollar/contract scaling unverified,QuantData
2026-08-17T16:00:00-04:00,2026-10-02,1200.0,put,0.0,0.0,,0.0,,,,,4047529.0,9502620.0,-5455091.0,-2303749.0,,2581076271.0,,,968.46,100.0,unknown,QuantData PER_ONE_DOLLAR_MOVE; exact dollar/contract scaling unverified,QuantData
2026-08-17T16:00:00-04:00,2026-10-02,1220.0,call,905.0,2683.0,,229233.0,,,,,4047529.0,9502620.0,-5455091.0,-2303749.0,,2581076271.0,,,968.46,100.0,unknown,QuantData PER_ONE_DOLLAR_MOVE; exact dollar/contract scaling unverified,QuantData
2026-08-17T16:00:00-04:00,2026-10-02,1220.0,put,0.0,0.0,,0.0,,,,,4047529.0,9502620.0,-5455091.0,-2303749.0,,2581076271.0,,,968.46,100.0,unknown,QuantData PER_ONE_DOLLAR_MOVE; exact dollar/contract scaling unverified,QuantData
2026-08-17T16:00:00-04:00,2026-10-02,1230.0,call,223.0,684.0,,55417.0,,,,,4047529.0,9502620.0,-5455091.0,-2303749.0,,2581076271.0,,,968.46,100.0,unknown,QuantData PER_ONE_DOLLAR_MOVE; exact dollar/contract scaling unverified,QuantData
2026-08-17T16:00:00-04:00,2026-10-02,1230.0,put,0.0,0.0,,0.0,,,,,4047529.0,9502620.0,-5455091.0,-2303749.0,,2581076271.0,,,968.46,100.0,unknown,QuantData PER_ONE_DOLLAR_MOVE; exact dollar/contract scaling unverified,QuantData
2026-08-17T16:00:00-04:00,2026-10-02,1240.0,call,219.0,693.0,,53593.0,,,,,4047529.0,9502620.0,-5455091.0,-2303749.0,,2581076271.0,,,968.46,100.0,unknown,QuantData PER_ONE_DOLLAR_MOVE; exact dollar/contract scaling unverified,QuantData
2026-08-17T16:00:00-04:00,2026-10-02,1240.0,put,0.0,0.0,,0.0,,,,,4047529.0,9502620.0,-5455091.0,-2303749.0,,2581076271.0,,,968.46,100.0,unknown,QuantData PER_ONE_DOLLAR_MOVE; exact dollar/contract scaling unverified,QuantData
2026-08-17T16:00:00-04:00,2026-10-02,1260.0,call,212.0,708.0,,50314.0,,,,,4047529.0,9502620.0,-5455091.0,-2303749.0,,2581076271.0,,,968.46,100.0,unknown,QuantData PER_ONE_DOLLAR_MOVE; exact dollar/contract scaling unverified,QuantData
2026-08-17T16:00:00-04:00,2026-10-02,1260.0,put,0.0,0.0,,0.0,,,,,4047529.0,9502620.0,-5455091.0,-2303749.0,,2581076271.0,,,968.46,100.0,unknown,QuantData PER_ONE_DOLLAR_MOVE; exact dollar/contract scaling unverified,QuantData
2026-08-17T16:00:00-04:00,2026-10-02,1280.0,call,210.0,721.0,,50215.0,,,,,4047529.0,9502620.0,-5455091.0,-2303749.0,,2581076271.0,,,968.46,100.0,unknown,QuantData PER_ONE_DOLLAR_MOVE; exact dollar/contract scaling unverified,QuantData
2026-08-17T16:00:00-04:00,2026-10-02,1280.0,put,0.0,0.0,,0.0,,,,,4047529.0,9502620.0,-5455091.0,-2303749.0,,2581076271.0,,,968.46,100.0,unknown,QuantData PER_ONE_DOLLAR_MOVE; exact dollar/contract scaling unverified,QuantData
2026-08-17T16:00:00-04:00,2026-10-02,1300.0,call,0.0,0.0,,0.0,,,,,4047529.0,9502620.0,-5455091.0,-2303749.0,,2581076271.0,,,968.46,100.0,unknown,QuantData PER_ONE_DOLLAR_MOVE; exact dollar/contract scaling unverified,QuantData
2026-08-17T16:00:00-04:00,2026-10-02,1300.0,put,0.0,0.0,,0.0,,,,,4047529.0,9502620.0,-5455091.0,-2303749.0,,2581076271.0,,,968.46,100.0,unknown,QuantData PER_ONE_DOLLAR_MOVE; exact dollar/contract scaling unverified,QuantData
2026-08-17T16:00:00-04:00,2026-10-02,1370.0,call,0.0,0.0,,0.0,,,,,4047529.0,9502620.0,-5455091.0,-2303749.0,,2581076271.0,,,968.46,100.0,unknown,QuantData PER_ONE_DOLLAR_MOVE; exact dollar/contract scaling unverified,QuantData
2026-08-17T16:00:00-04:00,2026-10-02,1370.0,put,0.0,0.0,,0.0,,,,,4047529.0,9502620.0,-5455091.0,-2303749.0,,2581076271.0,,,968.46,100.0,unknown,QuantData PER_ONE_DOLLAR_MOVE; exact dollar/contract scaling unverified,QuantData
2026-08-17T16:00:00-04:00,2026-10-02,1380.0,call,0.0,0.0,,0.0,,,,,4047529.0,9502620.0,-5455091.0,-2303749.0,,2581076271.0,,,968.46,100.0,unknown,QuantData PER_ONE_DOLLAR_MOVE; exact dollar/contract scaling unverified,QuantData
2026-08-17T16:00:00-04:00,2026-10-02,1380.0,put,0.0,0.0,,0.0,,,,,4047529.0,9502620.0,-5455091.0,-2303749.0,,2581076271.0,,,968.46,100.0,unknown,QuantData PER_ONE_DOLLAR_MOVE; exact dollar/contract scaling unverified,QuantData
2026-08-17T16:00:00-04:00,2026-10-02,1390.0,call,571.0,2553.0,,112359.0,,,,,4047529.0,9502620.0,-5455091.0,-2303749.0,,2581076271.0,,,968.46,100.0,unknown,QuantData PER_ONE_DOLLAR_MOVE; exact dollar/contract scaling unverified,QuantData
2026-08-17T16:00:00-04:00,2026-10-02,1390.0,put,0.0,0.0,,0.0,,,,,4047529.0,9502620.0,-5455091.0,-2303749.0,,2581076271.0,,,968.46,100.0,unknown,QuantData PER_ONE_DOLLAR_MOVE; exact dollar/contract scaling unverified,QuantData
2026-08-17T16:00:00-04:00,2026-10-02,1400.0,call,0.0,0.0,,0.0,,,,,4047529.0,9502620.0,-5455091.0,-2303749.0,,2581076271.0,,,968.46,100.0,unknown,QuantData PER_ONE_DOLLAR_MOVE; exact dollar/contract scaling unverified,QuantData
2026-08-17T16:00:00-04:00,2026-10-02,1400.0,put,-72.0,334.0,,-80844.0,,,,,4047529.0,9502620.0,-5455091.0,-2303749.0,,2581076271.0,,,968.46,100.0,unknown,QuantData PER_ONE_DOLLAR_MOVE; exact dollar/contract scaling unverified,QuantData
2026-08-17T16:00:00-04:00,2026-10-16,380.0,call,0.0,0.0,,0.0,,,,,4047529.0,9502620.0,-5455091.0,-2303749.0,,2581076271.0,,,968.46,100.0,unknown,QuantData PER_ONE_DOLLAR_MOVE; exact dollar/contract scaling unverified,QuantData
2026-08-17T16:00:00-04:00,2026-10-16,380.0,put,-289.0,-2396.0,,-37812.0,,,,,4047529.0,9502620.0,-5455091.0,-2303749.0,,2581076271.0,,,968.46,100.0,unknown,QuantData PER_ONE_DOLLAR_MOVE; exact dollar/contract scaling unverified,QuantData
2026-08-17T16:00:00-04:00,2026-10-16,390.0,call,0.0,0.0,,0.0,,,,,4047529.0,9502620.0,-5455091.0,-2303749.0,,2581076271.0,,,968.46,100.0,unknown,QuantData PER_ONE_DOLLAR_MOVE; exact dollar/contract scaling unverified,QuantData
2026-08-17T16:00:00-04:00,2026-10-16,390.0,put,-633.0,-5130.0,,-92061.0,,,,,4047529.0,9502620.0,-5455091.0,-2303749.0,,2581076271.0,,,968.46,100.0,unknown,QuantData PER_ONE_DOLLAR_MOVE; exact dollar/contract scaling unverified,QuantData
2026-08-17T16:00:00-04:00,2026-10-16,400.0,call,107.0,-907.0,,2425613.0,,,,,4047529.0,9502620.0,-5455091.0,-2303749.0,,2581076271.0,,,968.46,100.0,unknown,QuantData PER_ONE_DOLLAR_MOVE; exact dollar/contract scaling unverified,QuantData
2026-08-17T16:00:00-04:00,2026-10-16,400.0,put,-2230.0,-18466.0,,-317393.0,,,,,4047529.0,9502620.0,-5455091.0,-2303749.0,,2581076271.0,,,968.46,100.0,unknown,QuantData PER_ONE_DOLLAR_MOVE; exact dollar/contract scaling unverified,QuantData
2026-08-17T16:00:00-04:00,2026-10-16,410.0,call,0.0,0.0,,0.0,,,,,4047529.0,9502620.0,-5455091.0,-2303749.0,,2581076271.0,,,968.46,100.0,unknown,QuantData PER_ONE_DOLLAR_MOVE; exact dollar/contract scaling unverified,QuantData
2026-08-17T16:00:00-04:00,2026-10-16,410.0,put,-1293.0,-9775.0,,-201330.0,,,,,4047529.0,9502620.0,-5455091.0,-2303749.0,,2581076271.0,,,968.46,100.0,unknown,QuantData PER_ONE_DOLLAR_MOVE; exact dollar/contract scaling unverified,QuantData
2026-08-17T16:00:00-04:00,2026-10-16,420.0,call,0.0,0.0,,0.0,,,,,4047529.0,9502620.0,-5455091.0,-2303749.0,,2581076271.0,,,968.46,100.0,unknown,QuantData PER_ONE_DOLLAR_MOVE; exact dollar/contract scaling unverified,QuantData
2026-08-17T16:00:00-04:00,2026-10-16,420.0,put,-751.0,-5224.0,,-127153.0,,,,,4047529.0,9502620.0,-5455091.0,-2303749.0,,2581076271.0,,,968.46,100.0,unknown,QuantData PER_ONE_DOLLAR_MOVE; exact dollar/contract scaling unverified,QuantData
2026-08-17T16:00:00-04:00,2026-10-16,480.0,call,0.0,0.0,,0.0,,,,,4047529.0,9502620.0,-5455091.0,-2303749.0,,2581076271.0,,,968.46,100.0,unknown,QuantData PER_ONE_DOLLAR_MOVE; exact dollar/contract scaling unverified,QuantData
2026-08-17T16:00:00-04:00,2026-10-16,480.0,put,-4305.0,-29184.0,,-631871.0,,,,,4047529.0,9502620.0,-5455091.0,-2303749.0,,2581076271.0,,,968.46,100.0,unknown,QuantData PER_ONE_DOLLAR_MOVE; exact dollar/contract scaling unverified,QuantData
2026-08-17T16:00:00-04:00,2026-10-16,490.0,call,0.0,0.0,,0.0,,,,,4047529.0,9502620.0,-5455091.0,-2303749.0,,2581076271.0,,,968.46,100.0,unknown,QuantData PER_ONE_DOLLAR_MOVE; exact dollar/contract scaling unverified,QuantData
2026-08-17T16:00:00-04:00,2026-10-16,490.0,put,-4835.0,-33414.0,,-722017.0,,,,,4047529.0,9502620.0,-5455091.0,-2303749.0,,2581076271.0,,,968.46,100.0,unknown,QuantData PER_ONE_DOLLAR_MOVE; exact dollar/contract scaling unverified,QuantData
2026-08-17T16:00:00-04:00,2026-10-16,500.0,call,0.0,0.0,,0.0,,,,,4047529.0,9502620.0,-5455091.0,-2303749.0,,2581076271.0,,,968.46,100.0,unknown,QuantData PER_ONE_DOLLAR_MOVE; exact dollar/contract scaling unverified,QuantData
2026-08-17T16:00:00-04:00,2026-10-16,500.0,put,-5576.0,-37390.0,,-876010.0,,,,,4047529.0,9502620.0,-5455091.0,-2303749.0,,2581076271.0,,,968.46,100.0,unknown,QuantData PER_ONE_DOLLAR_MOVE; exact dollar/contract scaling unverified,QuantData
2026-08-17T16:00:00-04:00,2026-10-16,520.0,call,0.0,0.0,,0.0,,,,,4047529.0,9502620.0,-5455091.0,-2303749.0,,2581076271.0,,,968.46,100.0,unknown,QuantData PER_ONE_DOLLAR_MOVE; exact dollar/contract scaling unverified,QuantData
2026-08-17T16:00:00-04:00,2026-10-16,520.0,put,-2900.0,-17803.0,,-436573.0,,,,,4047529.0,9502620.0,-5455091.0,-2303749.0,,2581076271.0,,,968.46,100.0,unknown,QuantData PER_ONE_DOLLAR_MOVE; exact dollar/contract scaling unverified,QuantData
2026-08-17T16:00:00-04:00,2026-10-16,540.0,call,0.0,0.0,,0.0,,,,,4047529.0,9502620.0,-5455091.0,-2303749.0,,2581076271.0,,,968.46,100.0,unknown,QuantData PER_ONE_DOLLAR_MOVE; exact dollar/contract scaling unverified,QuantData
2026-08-17T16:00:00-04:00,2026-10-16,540.0,put,-7392.0,-44313.0,,-1189362.0,,,,,4047529.0,9502620.0,-5455091.0,-2303749.0,,2581076271.0,,,968.46,100.0,unknown,QuantData PER_ONE_DOLLAR_MOVE; exact dollar/contract scaling unverified,QuantData
2026-08-17T16:00:00-04:00,2026-10-16,560.0,call,0.0,0.0,,0.0,,,,,4047529.0,9502620.0,-5455091.0,-2303749.0,,2581076271.0,,,968.46,100.0,unknown,QuantData PER_ONE_DOLLAR_MOVE; exact dollar/contract scaling unverified,QuantData
2026-08-17T16:00:00-04:00,2026-10-16,560.0,put,-7049.0,-41582.0,,-1121368.0,,,,,4047529.0,9502620.0,-5455091.0,-2303749.0,,2581076271.0,,,968.46,100.0,unknown,QuantData PER_ONE_DOLLAR_MOVE; exact dollar/contract scaling unverified,QuantData
2026-08-17T16:00:00-04:00,2026-10-16,580.0,call,0.0,0.0,,0.0,,,,,4047529.0,9502620.0,-5455091.0,-2303749.0,,2581076271.0,,,968.46,100.0,unknown,QuantData PER_ONE_DOLLAR_MOVE; exact dollar/contract scaling unverified,QuantData
2026-08-17T16:00:00-04:00,2026-10-16,580.0,put,-16484.0,-87369.0,,-2794192.0,,,,,4047529.0,9502620.0,-5455091.0,-2303749.0,,2581076271.0,,,968.46,100.0,unknown,QuantData PER_ONE_DOLLAR_MOVE; exact dollar/contract scaling unverified,QuantData
2026-08-17T16:00:00-04:00,2026-10-16,600.0,call,0.0,0.0,,0.0,,,,,4047529.0,9502620.0,-5455091.0,-2303749.0,,2581076271.0,,,968.46,100.0,unknown,QuantData PER_ONE_DOLLAR_MOVE; exact dollar/contract scaling unverified,QuantData
2026-08-17T16:00:00-04:00,2026-10-16,600.0,put,-26147.0,-130618.0,,-4548402.0,,,,,4047529.0,9502620.0,-5455091.0,-2303749.0,,2581076271.0,,,968.46,100.0,unknown,QuantData PER_ONE_DOLLAR_MOVE; exact dollar/contract scaling unverified,QuantData
2026-08-17T16:00:00-04:00,2026-10-16,620.0,call,0.0,0.0,,0.0,,,,,4047529.0,9502620.0,-5455091.0,-2303749.0,,2581076271.0,,,968.46,100.0,unknown,QuantData PER_ONE_DOLLAR_MOVE; exact dollar/contract scaling unverified,QuantData
2026-08-17T16:00:00-04:00,2026-10-16,620.0,put,-3192.0,-14710.0,,-570415.0,,,,,4047529.0,9502620.0,-5455091.0,-2303749.0,,2581076271.0,,,968.46,100.0,unknown,QuantData PER_ONE_DOLLAR_MOVE; exact dollar/contract scaling unverified,QuantData
2026-08-17T16:00:00-04:00,2026-10-16,640.0,call,0.0,0.0,,0.0,,,,,4047529.0,9502620.0,-5455091.0,-2303749.0,,2581076271.0,,,968.46,100.0,unknown,QuantData PER_ONE_DOLLAR_MOVE; exact dollar/contract scaling unverified,QuantData
2026-08-17T16:00:00-04:00,2026-10-16,640.0,put,-15775.0,-69067.0,,-2916257.0,,,,,4047529.0,9502620.0,-5455091.0,-2303749.0,,2581076271.0,,,968.46,100.0,unknown,QuantData PER_ONE_DOLLAR_MOVE; exact dollar/contract scaling unverified,QuantData
2026-08-17T16:00:00-04:00,2026-10-16,660.0,call,0.0,0.0,,0.0,,,,,4047529.0,9502620.0,-5455091.0,-2303749.0,,2581076271.0,,,968.46,100.0,unknown,QuantData PER_ONE_DOLLAR_MOVE; exact dollar/contract scaling unverified,QuantData
2026-08-17T16:00:00-04:00,2026-10-16,660.0,put,-26399.0,-104706.0,,-5115972.0,,,,,4047529.0,9502620.0,-5455091.0,-2303749.0,,2581076271.0,,,968.46,100.0,unknown,QuantData PER_ONE_DOLLAR_MOVE; exact dollar/contract scaling unverified,QuantData
2026-08-17T16:00:00-04:00,2026-10-16,680.0,call,0.0,0.0,,0.0,,,,,4047529.0,9502620.0,-5455091.0,-2303749.0,,2581076271.0,,,968.46,100.0,unknown,QuantData PER_ONE_DOLLAR_MOVE; exact dollar/contract scaling unverified,QuantData
2026-08-17T16:00:00-04:00,2026-10-16,680.0,put,-13399.0,-48080.0,,-2643464.0,,,,,4047529.0,9502620.0,-5455091.0,-2303749.0,,2581076271.0,,,968.46,100.0,unknown,QuantData PER_ONE_DOLLAR_MOVE; exact dollar/contract scaling unverified,QuantData
2026-08-17T16:00:00-04:00,2026-10-16,700.0,call,5273.0,-18297.0,,8137855.0,,,,,4047529.0,9502620.0,-5455091.0,-2303749.0,,2581076271.0,,,968.46,100.0,unknown,QuantData PER_ONE_DOLLAR_MOVE; exact dollar/contract scaling unverified,QuantData
2026-08-17T16:00:00-04:00,2026-10-16,700.0,put,-8328.0,-27389.0,,-1703727.0,,,,,4047529.0,9502620.0,-5455091.0,-2303749.0,,2581076271.0,,,968.46,100.0,unknown,QuantData PER_ONE_DOLLAR_MOVE; exact dollar/contract scaling unverified,QuantData
2026-08-17T16:00:00-04:00,2026-10-16,720.0,call,0.0,0.0,,0.0,,,,,4047529.0,9502620.0,-5455091.0,-2303749.0,,2581076271.0,,,968.46,100.0,unknown,QuantData PER_ONE_DOLLAR_MOVE; exact dollar/contract scaling unverified,QuantData
2026-08-17T16:00:00-04:00,2026-10-16,720.0,put,-17295.0,-51969.0,,-3619465.0,,,,,4047529.0,9502620.0,-5455091.0,-2303749.0,,2581076271.0,,,968.46,100.0,unknown,QuantData PER_ONE_DOLLAR_MOVE; exact dollar/contract scaling unverified,QuantData
2026-08-17T16:00:00-04:00,2026-10-16,740.0,call,0.0,0.0,,0.0,,,,,4047529.0,9502620.0,-5455091.0,-2303749.0,,2581076271.0,,,968.46,100.0,unknown,QuantData PER_ONE_DOLLAR_MOVE; exact dollar/contract scaling unverified,QuantData
2026-08-17T16:00:00-04:00,2026-10-16,740.0,put,-10265.0,-27513.0,,-2229161.0,,,,,4047529.0,9502620.0,-5455091.0,-2303749.0,,2581076271.0,,,968.46,100.0,unknown,QuantData PER_ONE_DOLLAR_MOVE; exact dollar/contract scaling unverified,QuantData
2026-08-17T16:00:00-04:00,2026-10-16,760.0,call,0.0,0.0,,0.0,,,,,4047529.0,9502620.0,-5455091.0,-2303749.0,,2581076271.0,,,968.46,100.0,unknown,QuantData PER_ONE_DOLLAR_MOVE; exact dollar/contract scaling unverified,QuantData
2026-08-17T16:00:00-04:00,2026-10-16,760.0,put,-30001.0,-71867.0,,-6765674.0,,,,,4047529.0,9502620.0,-5455091.0,-2303749.0,,2581076271.0,,,968.46,100.0,unknown,QuantData PER_ONE_DOLLAR_MOVE; exact dollar/contract scaling unverified,QuantData
2026-08-17T16:00:00-04:00,2026-10-16,780.0,call,6283.0,-13054.0,,6160101.0,,,,,4047529.0,9502620.0,-5455091.0,-2303749.0,,2581076271.0,,,968.46,100.0,unknown,QuantData PER_ONE_DOLLAR_MOVE; exact dollar/contract scaling unverified,QuantData
2026-08-17T16:00:00-04:00,2026-10-16,780.0,put,-14624.0,-31107.0,,-3437864.0,,,,,4047529.0,9502620.0,-5455091.0,-2303749.0,,2581076271.0,,,968.46,100.0,unknown,QuantData PER_ONE_DOLLAR_MOVE; exact dollar/contract scaling unverified,QuantData
2026-08-17T16:00:00-04:00,2026-10-16,800.0,call,9922.0,-17895.0,,8656651.0,,,,,4047529.0,9502620.0,-5455091.0,-2303749.0,,2581076271.0,,,968.46,100.0,unknown,QuantData PER_ONE_DOLLAR_MOVE; exact dollar/contract scaling unverified,QuantData
2026-08-17T16:00:00-04:00,2026-10-16,800.0,put,-22581.0,-38819.0,,-5534546.0,,,,,4047529.0,9502620.0,-5455091.0,-2303749.0,,2581076271.0,,,968.46,100.0,unknown,QuantData PER_ONE_DOLLAR_MOVE; exact dollar/contract scaling unverified,QuantData
2026-08-17T16:00:00-04:00,2026-10-16,820.0,call,10401.0,-14282.0,,7455565.0,,,,,4047529.0,9502620.0,-5455091.0,-2303749.0,,2581076271.0,,,968.46,100.0,unknown,QuantData PER_ONE_DOLLAR_MOVE; exact dollar/contract scaling unverified,QuantData
2026-08-17T16:00:00-04:00,2026-10-16,820.0,put,-8005.0,-11822.0,,-2049486.0,,,,,4047529.0,9502620.0,-5455091.0,-2303749.0,,2581076271.0,,,968.46,100.0,unknown,QuantData PER_ONE_DOLLAR_MOVE; exact dollar/contract scaling unverified,QuantData
2026-08-17T16:00:00-04:00,2026-10-16,840.0,call,4217.0,-5687.0,,3337017.0,,,,,4047529.0,9502620.0,-5455091.0,-2303749.0,,2581076271.0,,,968.46,100.0,unknown,QuantData PER_ONE_DOLLAR_MOVE; exact dollar/contract scaling unverified,QuantData
2026-08-17T16:00:00-04:00,2026-10-16,840.0,put,-21729.0,-25910.0,,-5701306.0,,,,,4047529.0,9502620.0,-5455091.0,-2303749.0,,2581076271.0,,,968.46,100.0,unknown,QuantData PER_ONE_DOLLAR_MOVE; exact dollar/contract scaling unverified,QuantData
2026-08-17T16:00:00-04:00,2026-10-16,860.0,call,0.0,0.0,,0.0,,,,,4047529.0,9502620.0,-5455091.0,-2303749.0,,2581076271.0,,,968.46,100.0,unknown,QuantData PER_ONE_DOLLAR_MOVE; exact dollar/contract scaling unverified,QuantData
2026-08-17T16:00:00-04:00,2026-10-16,860.0,put,-10917.0,-9333.0,,-3037474.0,,,,,4047529.0,9502620.0,-5455091.0,-2303749.0,,2581076271.0,,,968.46,100.0,unknown,QuantData PER_ONE_DOLLAR_MOVE; exact dollar/contract scaling unverified,QuantData
2026-08-17T16:00:00-04:00,2026-10-16,880.0,call,13300.0,-9646.0,,9118670.0,,,,,4047529.0,9502620.0,-5455091.0,-2303749.0,,2581076271.0,,,968.46,100.0,unknown,QuantData PER_ONE_DOLLAR_MOVE; exact dollar/contract scaling unverified,QuantData
2026-08-17T16:00:00-04:00,2026-10-16,880.0,put,-16284.0,-10035.0,,-4669588.0,,,,,4047529.0,9502620.0,-5455091.0,-2303749.0,,2581076271.0,,,968.46,100.0,unknown,QuantData PER_ONE_DOLLAR_MOVE; exact dollar/contract scaling unverified,QuantData
2026-08-17T16:00:00-04:00,2026-10-16,900.0,call,22836.0,-10701.0,,14633923.0,,,,,4047529.0,9502620.0,-5455091.0,-2303749.0,,2581076271.0,,,968.46,100.0,unknown,QuantData PER_ONE_DOLLAR_MOVE; exact dollar/contract scaling unverified,QuantData
2026-08-17T16:00:00-04:00,2026-10-16,900.0,put,-43827.0,-19145.0,,-13131609.0,,,,,4047529.0,9502620.0,-5455091.0,-2303749.0,,2581076271.0,,,968.46,100.0,unknown,QuantData PER_ONE_DOLLAR_MOVE; exact dollar/contract scaling unverified,QuantData
2026-08-17T16:00:00-04:00,2026-10-16,910.0,call,9447.0,-2513.0,,5673515.0,,,,,4047529.0,9502620.0,-5455091.0,-2303749.0,,2581076271.0,,,968.46,100.0,unknown,QuantData PER_ONE_DOLLAR_MOVE; exact dollar/contract scaling unverified,QuantData
2026-08-17T16:00:00-04:00,2026-10-16,910.0,put,-7662.0,-1753.0,,-2362477.0,,,,,4047529.0,9502620.0,-5455091.0,-2303749.0,,2581076271.0,,,968.46,100.0,unknown,QuantData PER_ONE_DOLLAR_MOVE; exact dollar/contract scaling unverified,QuantData
2026-08-17T16:00:00-04:00,2026-10-16,920.0,call,7281.0,-629.0,,4038429.0,,,,,4047529.0,9502620.0,-5455091.0,-2303749.0,,2581076271.0,,,968.46,100.0,unknown,QuantData PER_ONE_DOLLAR_MOVE; exact dollar/contract scaling unverified,QuantData
2026-08-17T16:00:00-04:00,2026-10-16,920.0,put,-4594.0,-699.0,,-1451078.0,,,,,4047529.0,9502620.0,-5455091.0,-2303749.0,,2581076271.0,,,968.46,100.0,unknown,QuantData PER_ONE_DOLLAR_MOVE; exact dollar/contract scaling unverified,QuantData
2026-08-17T16:00:00-04:00,2026-10-16,930.0,call,6220.0,-1285.0,,3692822.0,,,,,4047529.0,9502620.0,-5455091.0,-2303749.0,,2581076271.0,,,968.46,100.0,unknown,QuantData PER_ONE_DOLLAR_MOVE; exact dollar/contract scaling unverified,QuantData
2026-08-17T16:00:00-04:00,2026-10-16,930.0,put,-3666.0,-620.0,,-1180971.0,,,,,4047529.0,9502620.0,-5455091.0,-2303749.0,,2581076271.0,,,968.46,100.0,unknown,QuantData PER_ONE_DOLLAR_MOVE; exact dollar/contract scaling unverified,QuantData
2026-08-17T16:00:00-04:00,2026-10-16,940.0,call,9123.0,180.0,,5020942.0,,,,,4047529.0,9502620.0,-5455091.0,-2303749.0,,2581076271.0,,,968.46,100.0,unknown,QuantData PER_ONE_DOLLAR_MOVE; exact dollar/contract scaling unverified,QuantData
2026-08-17T16:00:00-04:00,2026-10-16,940.0,put,0.0,0.0,,0.0,,,,,4047529.0,9502620.0,-5455091.0,-2303749.0,,2581076271.0,,,968.46,100.0,unknown,QuantData PER_ONE_DOLLAR_MOVE; exact dollar/contract scaling unverified,QuantData
2026-08-17T16:00:00-04:00,2026-10-16,950.0,call,31990.0,2339.0,,17825646.0,,,,,4047529.0,9502620.0,-5455091.0,-2303749.0,,2581076271.0,,,968.46,100.0,unknown,QuantData PER_ONE_DOLLAR_MOVE; exact dollar/contract scaling unverified,QuantData
2026-08-17T16:00:00-04:00,2026-10-16,950.0,put,-7641.0,639.0,,-2588291.0,,,,,4047529.0,9502620.0,-5455091.0,-2303749.0,,2581076271.0,,,968.46,100.0,unknown,QuantData PER_ONE_DOLLAR_MOVE; exact dollar/contract scaling unverified,QuantData
2026-08-17T16:00:00-04:00,2026-10-16,960.0,call,8861.0,5878.0,,4159442.0,,,,,4047529.0,9502620.0,-5455091.0,-2303749.0,,2581076271.0,,,968.46,100.0,unknown,QuantData PER_ONE_DOLLAR_MOVE; exact dollar/contract scaling unverified,QuantData
2026-08-17T16:00:00-04:00,2026-10-16,960.0,put,-2759.0,1113.0,,-950973.0,,,,,4047529.0,9502620.0,-5455091.0,-2303749.0,,2581076271.0,,,968.46,100.0,unknown,QuantData PER_ONE_DOLLAR_MOVE; exact dollar/contract scaling unverified,QuantData
2026-08-17T16:00:00-04:00,2026-10-16,970.0,call,17615.0,9797.0,,8388893.0,,,,,4047529.0,9502620.0,-5455091.0,-2303749.0,,2581076271.0,,,968.46,100.0,unknown,QuantData PER_ONE_DOLLAR_MOVE; exact dollar/contract scaling unverified,QuantData
2026-08-17T16:00:00-04:00,2026-10-16,970.0,put,0.0,0.0,,0.0,,,,,4047529.0,9502620.0,-5455091.0,-2303749.0,,2581076271.0,,,968.46,100.0,unknown,QuantData PER_ONE_DOLLAR_MOVE; exact dollar/contract scaling unverified,QuantData
2026-08-17T16:00:00-04:00,2026-10-16,980.0,call,9237.0,4390.0,,4638523.0,,,,,4047529.0,9502620.0,-5455091.0,-2303749.0,,2581076271.0,,,968.46,100.0,unknown,QuantData PER_ONE_DOLLAR_MOVE; exact dollar/contract scaling unverified,QuantData
2026-08-17T16:00:00-04:00,2026-10-16,980.0,put,-2310.0,816.0,,-802922.0,,,,,4047529.0,9502620.0,-5455091.0,-2303749.0,,2581076271.0,,,968.46,100.0,unknown,QuantData PER_ONE_DOLLAR_MOVE; exact dollar/contract scaling unverified,QuantData
2026-08-17T16:00:00-04:00,2026-10-16,990.0,call,3948.0,3141.0,,1832603.0,,,,,4047529.0,9502620.0,-5455091.0,-2303749.0,,2581076271.0,,,968.46,100.0,unknown,QuantData PER_ONE_DOLLAR_MOVE; exact dollar/contract scaling unverified,QuantData
2026-08-17T16:00:00-04:00,2026-10-16,990.0,put,-3781.0,2113.0,,-1374853.0,,,,,4047529.0,9502620.0,-5455091.0,-2303749.0,,2581076271.0,,,968.46,100.0,unknown,QuantData PER_ONE_DOLLAR_MOVE; exact dollar/contract scaling unverified,QuantData
2026-08-17T16:00:00-04:00,2026-10-16,1000.0,call,30729.0,27268.0,,13558752.0,,,,,4047529.0,9502620.0,-5455091.0,-2303749.0,,2581076271.0,,,968.46,100.0,unknown,QuantData PER_ONE_DOLLAR_MOVE; exact dollar/contract scaling unverified,QuantData
2026-08-17T16:00:00-04:00,2026-10-16,1000.0,put,-2617.0,2348.0,,-1012144.0,,,,,4047529.0,9502620.0,-5455091.0,-2303749.0,,2581076271.0,,,968.46,100.0,unknown,QuantData PER_ONE_DOLLAR_MOVE; exact dollar/contract scaling unverified,QuantData
2026-08-17T16:00:00-04:00,2026-10-16,1020.0,call,0.0,0.0,,0.0,,,,,4047529.0,9502620.0,-5455091.0,-2303749.0,,2581076271.0,,,968.46,100.0,unknown,QuantData PER_ONE_DOLLAR_MOVE; exact dollar/contract scaling unverified,QuantData
2026-08-17T16:00:00-04:00,2026-10-16,1020.0,put,-1033.0,1048.0,,-410200.0,,,,,4047529.0,9502620.0,-5455091.0,-2303749.0,,2581076271.0,,,968.46,100.0,unknown,QuantData PER_ONE_DOLLAR_MOVE; exact dollar/contract scaling unverified,QuantData
2026-08-17T16:00:00-04:00,2026-10-16,1030.0,call,0.0,0.0,,0.0,,,,,4047529.0,9502620.0,-5455091.0,-2303749.0,,2581076271.0,,,968.46,100.0,unknown,QuantData PER_ONE_DOLLAR_MOVE; exact dollar/contract scaling unverified,QuantData
2026-08-17T16:00:00-04:00,2026-10-16,1030.0,put,-1159.0,1320.0,,-468646.0,,,,,4047529.0,9502620.0,-5455091.0,-2303749.0,,2581076271.0,,,968.46,100.0,unknown,QuantData PER_ONE_DOLLAR_MOVE; exact dollar/contract scaling unverified,QuantData
2026-08-17T16:00:00-04:00,2026-10-16,1040.0,call,3852.0,4365.0,,1718209.0,,,,,4047529.0,9502620.0,-5455091.0,-2303749.0,,2581076271.0,,,968.46,100.0,unknown,QuantData PER_ONE_DOLLAR_MOVE; exact dollar/contract scaling unverified,QuantData
2026-08-17T16:00:00-04:00,2026-10-16,1040.0,put,0.0,0.0,,0.0,,,,,4047529.0,9502620.0,-5455091.0,-2303749.0,,2581076271.0,,,968.46,100.0,unknown,QuantData PER_ONE_DOLLAR_MOVE; exact dollar/contract scaling unverified,QuantData
2026-08-17T16:00:00-04:00,2026-10-16,1050.0,call,3769.0,4568.0,,1643720.0,,,,,4047529.0,9502620.0,-5455091.0,-2303749.0,,2581076271.0,,,968.46,100.0,unknown,QuantData PER_ONE_DOLLAR_MOVE; exact dollar/contract scaling unverified,QuantData
2026-08-17T16:00:00-04:00,2026-10-16,1050.0,put,-1583.0,2353.0,,-656560.0,,,,,4047529.0,9502620.0,-5455091.0,-2303749.0,,2581076271.0,,,968.46,100.0,unknown,QuantData PER_ONE_DOLLAR_MOVE; exact dollar/contract scaling unverified,QuantData
2026-08-17T16:00:00-04:00,2026-10-16,1060.0,call,13446.0,19923.0,,5442668.0,,,,,4047529.0,9502620.0,-5455091.0,-2303749.0,,2581076271.0,,,968.46,100.0,unknown,QuantData PER_ONE_DOLLAR_MOVE; exact dollar/contract scaling unverified,QuantData
2026-08-17T16:00:00-04:00,2026-10-16,1060.0,put,0.0,0.0,,0.0,,,,,4047529.0,9502620.0,-5455091.0,-2303749.0,,2581076271.0,,,968.46,100.0,unknown,QuantData PER_ONE_DOLLAR_MOVE; exact dollar/contract scaling unverified,QuantData
2026-08-17T16:00:00-04:00,2026-10-16,1070.0,call,1950.0,3195.0,,728936.0,,,,,4047529.0,9502620.0,-5455091.0,-2303749.0,,2581076271.0,,,968.46,100.0,unknown,QuantData PER_ONE_DOLLAR_MOVE; exact dollar/contract scaling unverified,QuantData
2026-08-17T16:00:00-04:00,2026-10-16,1070.0,put,-1387.0,2629.0,,-638376.0,,,,,4047529.0,9502620.0,-5455091.0,-2303749.0,,2581076271.0,,,968.46,100.0,unknown,QuantData PER_ONE_DOLLAR_MOVE; exact dollar/contract scaling unverified,QuantData
2026-08-17T16:00:00-04:00,2026-10-16,1080.0,call,2009.0,3600.0,,749044.0,,,,,4047529.0,9502620.0,-5455091.0,-2303749.0,,2581076271.0,,,968.46,100.0,unknown,QuantData PER_ONE_DOLLAR_MOVE; exact dollar/contract scaling unverified,QuantData
2026-08-17T16:00:00-04:00,2026-10-16,1080.0,put,0.0,0.0,,0.0,,,,,4047529.0,9502620.0,-5455091.0,-2303749.0,,2581076271.0,,,968.46,100.0,unknown,QuantData PER_ONE_DOLLAR_MOVE; exact dollar/contract scaling unverified,QuantData
2026-08-17T16:00:00-04:00,2026-10-16,1100.0,call,18565.0,37437.0,,6704521.0,,,,,4047529.0,9502620.0,-5455091.0,-2303749.0,,2581076271.0,,,968.46,100.0,unknown,QuantData PER_ONE_DOLLAR_MOVE; exact dollar/contract scaling unverified,QuantData
2026-08-17T16:00:00-04:00,2026-10-16,1100.0,put,0.0,0.0,,0.0,,,,,4047529.0,9502620.0,-5455091.0,-2303749.0,,2581076271.0,,,968.46,100.0,unknown,QuantData PER_ONE_DOLLAR_MOVE; exact dollar/contract scaling unverified,QuantData
2026-08-17T16:00:00-04:00,2026-10-16,1110.0,call,4770.0,9145.0,,1868533.0,,,,,4047529.0,9502620.0,-5455091.0,-2303749.0,,2581076271.0,,,968.46,100.0,unknown,QuantData PER_ONE_DOLLAR_MOVE; exact dollar/contract scaling unverified,QuantData
2026-08-17T16:00:00-04:00,2026-10-16,1110.0,put,0.0,0.0,,0.0,,,,,4047529.0,9502620.0,-5455091.0,-2303749.0,,2581076271.0,,,968.46,100.0,unknown,QuantData PER_ONE_DOLLAR_MOVE; exact dollar/contract scaling unverified,QuantData
2026-08-17T16:00:00-04:00,2026-10-16,1140.0,call,2614.0,5959.0,,930775.0,,,,,4047529.0,9502620.0,-5455091.0,-2303749.0,,2581076271.0,,,968.46,100.0,unknown,QuantData PER_ONE_DOLLAR_MOVE; exact dollar/contract scaling unverified,QuantData
2026-08-17T16:00:00-04:00,2026-10-16,1140.0,put,0.0,0.0,,0.0,,,,,4047529.0,9502620.0,-5455091.0,-2303749.0,,2581076271.0,,,968.46,100.0,unknown,QuantData PER_ONE_DOLLAR_MOVE; exact dollar/contract scaling unverified,QuantData
2026-08-17T16:00:00-04:00,2026-10-16,1150.0,call,6195.0,14416.0,,2177895.0,,,,,4047529.0,9502620.0,-5455091.0,-2303749.0,,2581076271.0,,,968.46,100.0,unknown,QuantData PER_ONE_DOLLAR_MOVE; exact dollar/contract scaling unverified,QuantData
2026-08-17T16:00:00-04:00,2026-10-16,1150.0,put,0.0,0.0,,0.0,,,,,4047529.0,9502620.0,-5455091.0,-2303749.0,,2581076271.0,,,968.46,100.0,unknown,QuantData PER_ONE_DOLLAR_MOVE; exact dollar/contract scaling unverified,QuantData
2026-08-17T16:00:00-04:00,2026-10-16,1160.0,call,3883.0,10724.0,,1228411.0,,,,,4047529.0,9502620.0,-5455091.0,-2303749.0,,2581076271.0,,,968.46,100.0,unknown,QuantData PER_ONE_DOLLAR_MOVE; exact dollar/contract scaling unverified,QuantData
2026-08-17T16:00:00-04:00,2026-10-16,1160.0,put,0.0,0.0,,0.0,,,,,4047529.0,9502620.0,-5455091.0,-2303749.0,,2581076271.0,,,968.46,100.0,unknown,QuantData PER_ONE_DOLLAR_MOVE; exact dollar/contract scaling unverified,QuantData
2026-08-17T16:00:00-04:00,2026-10-16,1170.0,call,1129.0,2908.0,,377070.0,,,,,4047529.0,9502620.0,-5455091.0,-2303749.0,,2581076271.0,,,968.46,100.0,unknown,QuantData PER_ONE_DOLLAR_MOVE; exact dollar/contract scaling unverified,QuantData
2026-08-17T16:00:00-04:00,2026-10-16,1170.0,put,0.0,0.0,,0.0,,,,,4047529.0,9502620.0,-5455091.0,-2303749.0,,2581076271.0,,,968.46,100.0,unknown,QuantData PER_ONE_DOLLAR_MOVE; exact dollar/contract scaling unverified,QuantData
2026-08-17T16:00:00-04:00,2026-10-16,1180.0,call,5260.0,14287.0,,1734760.0,,,,,4047529.0,9502620.0,-5455091.0,-2303749.0,,2581076271.0,,,968.46,100.0,unknown,QuantData PER_ONE_DOLLAR_MOVE; exact dollar/contract scaling unverified,QuantData
2026-08-17T16:00:00-04:00,2026-10-16,1180.0,put,0.0,0.0,,0.0,,,,,4047529.0,9502620.0,-5455091.0,-2303749.0,,2581076271.0,,,968.46,100.0,unknown,QuantData PER_ONE_DOLLAR_MOVE; exact dollar/contract scaling unverified,QuantData
2026-08-17T16:00:00-04:00,2026-10-16,1200.0,call,6462.0,19681.0,,1928785.0,,,,,4047529.0,9502620.0,-5455091.0,-2303749.0,,2581076271.0,,,968.46,100.0,unknown,QuantData PER_ONE_DOLLAR_MOVE; exact dollar/contract scaling unverified,QuantData
2026-08-17T16:00:00-04:00,2026-10-16,1200.0,put,0.0,0.0,,0.0,,,,,4047529.0,9502620.0,-5455091.0,-2303749.0,,2581076271.0,,,968.46,100.0,unknown,QuantData PER_ONE_DOLLAR_MOVE; exact dollar/contract scaling unverified,QuantData
2026-08-17T16:00:00-04:00,2026-10-16,1220.0,call,2530.0,7757.0,,798242.0,,,,,4047529.0,9502620.0,-5455091.0,-2303749.0,,2581076271.0,,,968.46,100.0,unknown,QuantData PER_ONE_DOLLAR_MOVE; exact dollar/contract scaling unverified,QuantData
2026-08-17T16:00:00-04:00,2026-10-16,1220.0,put,0.0,0.0,,0.0,,,,,4047529.0,9502620.0,-5455091.0,-2303749.0,,2581076271.0,,,968.46,100.0,unknown,QuantData PER_ONE_DOLLAR_MOVE; exact dollar/contract scaling unverified,QuantData
2026-08-17T16:00:00-04:00,2026-10-16,1240.0,call,812.0,2763.0,,234129.0,,,,,4047529.0,9502620.0,-5455091.0,-2303749.0,,2581076271.0,,,968.46,100.0,unknown,QuantData PER_ONE_DOLLAR_MOVE; exact dollar/contract scaling unverified,QuantData
2026-08-17T16:00:00-04:00,2026-10-16,1240.0,put,0.0,0.0,,0.0,,,,,4047529.0,9502620.0,-5455091.0,-2303749.0,,2581076271.0,,,968.46,100.0,unknown,QuantData PER_ONE_DOLLAR_MOVE; exact dollar/contract scaling unverified,QuantData
2026-08-17T16:00:00-04:00,2026-10-16,1250.0,call,3372.0,11182.0,,1001547.0,,,,,4047529.0,9502620.0,-5455091.0,-2303749.0,,2581076271.0,,,968.46,100.0,unknown,QuantData PER_ONE_DOLLAR_MOVE; exact dollar/contract scaling unverified,QuantData
2026-08-17T16:00:00-04:00,2026-10-16,1250.0,put,0.0,0.0,,0.0,,,,,4047529.0,9502620.0,-5455091.0,-2303749.0,,2581076271.0,,,968.46,100.0,unknown,QuantData PER_ONE_DOLLAR_MOVE; exact dollar/contract scaling unverified,QuantData
2026-08-17T16:00:00-04:00,2026-10-16,1270.0,call,692.0,2586.0,,183382.0,,,,,4047529.0,9502620.0,-5455091.0,-2303749.0,,2581076271.0,,,968.46,100.0,unknown,QuantData PER_ONE_DOLLAR_MOVE; exact dollar/contract scaling unverified,QuantData
2026-08-17T16:00:00-04:00,2026-10-16,1270.0,put,0.0,0.0,,0.0,,,,,4047529.0,9502620.0,-5455091.0,-2303749.0,,2581076271.0,,,968.46,100.0,unknown,QuantData PER_ONE_DOLLAR_MOVE; exact dollar/contract scaling unverified,QuantData
2026-08-17T16:00:00-04:00,2026-10-16,1280.0,call,195.0,711.0,,56308.0,,,,,4047529.0,9502620.0,-5455091.0,-2303749.0,,2581076271.0,,,968.46,100.0,unknown,QuantData PER_ONE_DOLLAR_MOVE; exact dollar/contract scaling unverified,QuantData
2026-08-17T16:00:00-04:00,2026-10-16,1280.0,put,0.0,0.0,,0.0,,,,,4047529.0,9502620.0,-5455091.0,-2303749.0,,2581076271.0,,,968.46,100.0,unknown,QuantData PER_ONE_DOLLAR_MOVE; exact dollar/contract scaling unverified,QuantData
2026-08-17T16:00:00-04:00,2026-10-16,1290.0,call,692.0,2526.0,,200924.0,,,,,4047529.0,9502620.0,-5455091.0,-2303749.0,,2581076271.0,,,968.46,100.0,unknown,QuantData PER_ONE_DOLLAR_MOVE; exact dollar/contract scaling unverified,QuantData
2026-08-17T16:00:00-04:00,2026-10-16,1290.0,put,0.0,0.0,,0.0,,,,,4047529.0,9502620.0,-5455091.0,-2303749.0,,2581076271.0,,,968.46,100.0,unknown,QuantData PER_ONE_DOLLAR_MOVE; exact dollar/contract scaling unverified,QuantData
2026-08-17T16:00:00-04:00,2026-10-16,1300.0,call,2294.0,8804.0,,631641.0,,,,,4047529.0,9502620.0,-5455091.0,-2303749.0,,2581076271.0,,,968.46,100.0,unknown,QuantData PER_ONE_DOLLAR_MOVE; exact dollar/contract scaling unverified,QuantData
2026-08-17T16:00:00-04:00,2026-10-16,1300.0,put,0.0,0.0,,0.0,,,,,4047529.0,9502620.0,-5455091.0,-2303749.0,,2581076271.0,,,968.46,100.0,unknown,QuantData PER_ONE_DOLLAR_MOVE; exact dollar/contract scaling unverified,QuantData
2026-08-17T16:00:00-04:00,2026-10-16,1310.0,call,2601.0,9955.0,,734638.0,,,,,4047529.0,9502620.0,-5455091.0,-2303749.0,,2581076271.0,,,968.46,100.0,unknown,QuantData PER_ONE_DOLLAR_MOVE; exact dollar/contract scaling unverified,QuantData
2026-08-17T16:00:00-04:00,2026-10-16,1310.0,put,0.0,0.0,,0.0,,,,,4047529.0,9502620.0,-5455091.0,-2303749.0,,2581076271.0,,,968.46,100.0,unknown,QuantData PER_ONE_DOLLAR_MOVE; exact dollar/contract scaling unverified,QuantData
2026-08-17T16:00:00-04:00,2026-10-16,1320.0,call,950.0,3722.0,,264845.0,,,,,4047529.0,9502620.0,-5455091.0,-2303749.0,,2581076271.0,,,968.46,100.0,unknown,QuantData PER_ONE_DOLLAR_MOVE; exact dollar/contract scaling unverified,QuantData
2026-08-17T16:00:00-04:00,2026-10-16,1320.0,put,0.0,0.0,,0.0,,,,,4047529.0,9502620.0,-5455091.0,-2303749.0,,2581076271.0,,,968.46,100.0,unknown,QuantData PER_ONE_DOLLAR_MOVE; exact dollar/contract scaling unverified,QuantData
2026-08-17T16:00:00-04:00,2026-10-16,1350.0,call,4199.0,18747.0,,971873.0,,,,,4047529.0,9502620.0,-5455091.0,-2303749.0,,2581076271.0,,,968.46,100.0,unknown,QuantData PER_ONE_DOLLAR_MOVE; exact dollar/contract scaling unverified,QuantData
2026-08-17T16:00:00-04:00,2026-10-16,1350.0,put,-265.0,1112.0,,-223398.0,,,,,4047529.0,9502620.0,-5455091.0,-2303749.0,,2581076271.0,,,968.46,100.0,unknown,QuantData PER_ONE_DOLLAR_MOVE; exact dollar/contract scaling unverified,QuantData
2026-08-17T16:00:00-04:00,2026-10-16,1360.0,call,0.0,0.0,,0.0,,,,,4047529.0,9502620.0,-5455091.0,-2303749.0,,2581076271.0,,,968.46,100.0,unknown,QuantData PER_ONE_DOLLAR_MOVE; exact dollar/contract scaling unverified,QuantData
2026-08-17T16:00:00-04:00,2026-10-16,1360.0,put,-173.0,732.0,,-148939.0,,,,,4047529.0,9502620.0,-5455091.0,-2303749.0,,2581076271.0,,,968.46,100.0,unknown,QuantData PER_ONE_DOLLAR_MOVE; exact dollar/contract scaling unverified,QuantData
2026-08-17T16:00:00-04:00,2026-10-16,1380.0,call,7781.0,35014.0,,1958687.0,,,,,4047529.0,9502620.0,-5455091.0,-2303749.0,,2581076271.0,,,968.46,100.0,unknown,QuantData PER_ONE_DOLLAR_MOVE; exact dollar/contract scaling unverified,QuantData
2026-08-17T16:00:00-04:00,2026-10-16,1380.0,put,-168.0,729.0,,-150387.0,,,,,4047529.0,9502620.0,-5455091.0,-2303749.0,,2581076271.0,,,968.46,100.0,unknown,QuantData PER_ONE_DOLLAR_MOVE; exact dollar/contract scaling unverified,QuantData
2026-08-17T16:00:00-04:00,2026-10-16,1390.0,call,4987.0,24100.0,,1096757.0,,,,,4047529.0,9502620.0,-5455091.0,-2303749.0,,2581076271.0,,,968.46,100.0,unknown,QuantData PER_ONE_DOLLAR_MOVE; exact dollar/contract scaling unverified,QuantData
2026-08-17T16:00:00-04:00,2026-10-16,1390.0,put,0.0,0.0,,0.0,,,,,4047529.0,9502620.0,-5455091.0,-2303749.0,,2581076271.0,,,968.46,100.0,unknown,QuantData PER_ONE_DOLLAR_MOVE; exact dollar/contract scaling unverified,QuantData
2026-08-17T16:00:00-04:00,2026-10-16,1400.0,call,2728.0,12716.0,,673300.0,,,,,4047529.0,9502620.0,-5455091.0,-2303749.0,,2581076271.0,,,968.46,100.0,unknown,QuantData PER_ONE_DOLLAR_MOVE; exact dollar/contract scaling unverified,QuantData
2026-08-17T16:00:00-04:00,2026-10-16,1400.0,put,0.0,0.0,,0.0,,,,,4047529.0,9502620.0,-5455091.0,-2303749.0,,2581076271.0,,,968.46,100.0,unknown,QuantData PER_ONE_DOLLAR_MOVE; exact dollar/contract scaling unverified,QuantData
2026-08-17T16:00:00-04:00,2026-10-16,1450.0,call,1726.0,8684.0,,408748.0,,,,,4047529.0,9502620.0,-5455091.0,-2303749.0,,2581076271.0,,,968.46,100.0,unknown,QuantData PER_ONE_DOLLAR_MOVE; exact dollar/contract scaling unverified,QuantData
2026-08-17T16:00:00-04:00,2026-10-16,1450.0,put,0.0,0.0,,0.0,,,,,4047529.0,9502620.0,-5455091.0,-2303749.0,,2581076271.0,,,968.46,100.0,unknown,QuantData PER_ONE_DOLLAR_MOVE; exact dollar/contract scaling unverified,QuantData
2026-08-17T16:00:00-04:00,2026-10-16,1500.0,call,6243.0,34003.0,,1385192.0,,,,,4047529.0,9502620.0,-5455091.0,-2303749.0,,2581076271.0,,,968.46,100.0,unknown,QuantData PER_ONE_DOLLAR_MOVE; exact dollar/contract scaling unverified,QuantData
2026-08-17T16:00:00-04:00,2026-10-16,1500.0,put,0.0,0.0,,0.0,,,,,4047529.0,9502620.0,-5455091.0,-2303749.0,,2581076271.0,,,968.46,100.0,unknown,QuantData PER_ONE_DOLLAR_MOVE; exact dollar/contract scaling unverified,QuantData
2026-08-17T16:00:00-04:00,2026-10-16,1510.0,call,1153.0,6225.0,,267241.0,,,,,4047529.0,9502620.0,-5455091.0,-2303749.0,,2581076271.0,,,968.46,100.0,unknown,QuantData PER_ONE_DOLLAR_MOVE; exact dollar/contract scaling unverified,QuantData
2026-08-17T16:00:00-04:00,2026-10-16,1510.0,put,0.0,0.0,,0.0,,,,,4047529.0,9502620.0,-5455091.0,-2303749.0,,2581076271.0,,,968.46,100.0,unknown,QuantData PER_ONE_DOLLAR_MOVE; exact dollar/contract scaling unverified,QuantData
2026-08-17T16:00:00-04:00,2026-10-16,1560.0,call,6500.0,37610.0,,1421557.0,,,,,4047529.0,9502620.0,-5455091.0,-2303749.0,,2581076271.0,,,968.46,100.0,unknown,QuantData PER_ONE_DOLLAR_MOVE; exact dollar/contract scaling unverified,QuantData
2026-08-17T16:00:00-04:00,2026-10-16,1560.0,put,0.0,0.0,,0.0,,,,,4047529.0,9502620.0,-5455091.0,-2303749.0,,2581076271.0,,,968.46,100.0,unknown,QuantData PER_ONE_DOLLAR_MOVE; exact dollar/contract scaling unverified,QuantData
2026-08-17T16:00:00-04:00,2026-10-16,1580.0,call,2133.0,12545.0,,469631.0,,,,,4047529.0,9502620.0,-5455091.0,-2303749.0,,2581076271.0,,,968.46,100.0,unknown,QuantData PER_ONE_DOLLAR_MOVE; exact dollar/contract scaling unverified,QuantData
2026-08-17T16:00:00-04:00,2026-10-16,1580.0,put,0.0,0.0,,0.0,,,,,4047529.0,9502620.0,-5455091.0,-2303749.0,,2581076271.0,,,968.46,100.0,unknown,QuantData PER_ONE_DOLLAR_MOVE; exact dollar/contract scaling unverified,QuantData
2026-08-17T16:00:00-04:00,2026-10-16,1590.0,call,9424.0,56637.0,,2001284.0,,,,,4047529.0,9502620.0,-5455091.0,-2303749.0,,2581076271.0,,,968.46,100.0,unknown,QuantData PER_ONE_DOLLAR_MOVE; exact dollar/contract scaling unverified,QuantData
2026-08-17T16:00:00-04:00,2026-10-16,1590.0,put,0.0,0.0,,0.0,,,,,4047529.0,9502620.0,-5455091.0,-2303749.0,,2581076271.0,,,968.46,100.0,unknown,QuantData PER_ONE_DOLLAR_MOVE; exact dollar/contract scaling unverified,QuantData
2026-08-17T16:00:00-04:00,2026-10-16,1600.0,call,10239.0,61392.0,,2229872.0,,,,,4047529.0,9502620.0,-5455091.0,-2303749.0,,2581076271.0,,,968.46,100.0,unknown,QuantData PER_ONE_DOLLAR_MOVE; exact dollar/contract scaling unverified,QuantData
2026-08-17T16:00:00-04:00,2026-10-16,1600.0,put,0.0,0.0,,0.0,,,,,4047529.0,9502620.0,-5455091.0,-2303749.0,,2581076271.0,,,968.46,100.0,unknown,QuantData PER_ONE_DOLLAR_MOVE; exact dollar/contract scaling unverified,QuantData
2026-08-17T16:00:00-04:00,2026-11-20,310.0,call,0.0,0.0,,0.0,,,,,4047529.0,9502620.0,-5455091.0,-2303749.0,,2581076271.0,,,968.46,100.0,unknown,QuantData PER_ONE_DOLLAR_MOVE; exact dollar/contract scaling unverified,QuantData
2026-08-17T16:00:00-04:00,2026-11-20,310.0,put,-136.0,-1398.0,,-24714.0,,,,,4047529.0,9502620.0,-5455091.0,-2303749.0,,2581076271.0,,,968.46,100.0,unknown,QuantData PER_ONE_DOLLAR_MOVE; exact dollar/contract scaling unverified,QuantData
2026-08-17T16:00:00-04:00,2026-11-20,360.0,call,0.0,0.0,,0.0,,,,,4047529.0,9502620.0,-5455091.0,-2303749.0,,2581076271.0,,,968.46,100.0,unknown,QuantData PER_ONE_DOLLAR_MOVE; exact dollar/contract scaling unverified,QuantData
2026-08-17T16:00:00-04:00,2026-11-20,360.0,put,-308.0,-2651.0,,-58028.0,,,,,4047529.0,9502620.0,-5455091.0,-2303749.0,,2581076271.0,,,968.46,100.0,unknown,QuantData PER_ONE_DOLLAR_MOVE; exact dollar/contract scaling unverified,QuantData
2026-08-17T16:00:00-04:00,2026-11-20,430.0,call,0.0,0.0,,0.0,,,,,4047529.0,9502620.0,-5455091.0,-2303749.0,,2581076271.0,,,968.46,100.0,unknown,QuantData PER_ONE_DOLLAR_MOVE; exact dollar/contract scaling unverified,QuantData
2026-08-17T16:00:00-04:00,2026-11-20,430.0,put,-609.0,-4550.0,,-123783.0,,,,,4047529.0,9502620.0,-5455091.0,-2303749.0,,2581076271.0,,,968.46,100.0,unknown,QuantData PER_ONE_DOLLAR_MOVE; exact dollar/contract scaling unverified,QuantData
2026-08-17T16:00:00-04:00,2026-11-20,470.0,call,0.0,0.0,,0.0,,,,,4047529.0,9502620.0,-5455091.0,-2303749.0,,2581076271.0,,,968.46,100.0,unknown,QuantData PER_ONE_DOLLAR_MOVE; exact dollar/contract scaling unverified,QuantData
2026-08-17T16:00:00-04:00,2026-11-20,470.0,put,-1910.0,-12714.0,,-416032.0,,,,,4047529.0,9502620.0,-5455091.0,-2303749.0,,2581076271.0,,,968.46,100.0,unknown,QuantData PER_ONE_DOLLAR_MOVE; exact dollar/contract scaling unverified,QuantData
2026-08-17T16:00:00-04:00,2026-11-20,480.0,call,0.0,0.0,,0.0,,,,,4047529.0,9502620.0,-5455091.0,-2303749.0,,2581076271.0,,,968.46,100.0,unknown,QuantData PER_ONE_DOLLAR_MOVE; exact dollar/contract scaling unverified,QuantData
2026-08-17T16:00:00-04:00,2026-11-20,480.0,put,-1122.0,-7239.0,,-246310.0,,,,,4047529.0,9502620.0,-5455091.0,-2303749.0,,2581076271.0,,,968.46,100.0,unknown,QuantData PER_ONE_DOLLAR_MOVE; exact dollar/contract scaling unverified,QuantData
2026-08-17T16:00:00-04:00,2026-11-20,500.0,call,154.0,-907.0,,630245.0,,,,,4047529.0,9502620.0,-5455091.0,-2303749.0,,2581076271.0,,,968.46,100.0,unknown,QuantData PER_ONE_DOLLAR_MOVE; exact dollar/contract scaling unverified,QuantData
2026-08-17T16:00:00-04:00,2026-11-20,500.0,put,-4987.0,-30925.0,,-1091247.0,,,,,4047529.0,9502620.0,-5455091.0,-2303749.0,,2581076271.0,,,968.46,100.0,unknown,QuantData PER_ONE_DOLLAR_MOVE; exact dollar/contract scaling unverified,QuantData
2026-08-17T16:00:00-04:00,2026-11-20,520.0,call,0.0,0.0,,0.0,,,,,4047529.0,9502620.0,-5455091.0,-2303749.0,,2581076271.0,,,968.46,100.0,unknown,QuantData PER_ONE_DOLLAR_MOVE; exact dollar/contract scaling unverified,QuantData
2026-08-17T16:00:00-04:00,2026-11-20,520.0,put,-15572.0,-87886.0,,-3413024.0,,,,,4047529.0,9502620.0,-5455091.0,-2303749.0,,2581076271.0,,,968.46,100.0,unknown,QuantData PER_ONE_DOLLAR_MOVE; exact dollar/contract scaling unverified,QuantData
2026-08-17T16:00:00-04:00,2026-11-20,540.0,call,0.0,0.0,,0.0,,,,,4047529.0,9502620.0,-5455091.0,-2303749.0,,2581076271.0,,,968.46,100.0,unknown,QuantData PER_ONE_DOLLAR_MOVE; exact dollar/contract scaling unverified,QuantData
2026-08-17T16:00:00-04:00,2026-11-20,540.0,put,-6195.0,-32697.0,,-1500806.0,,,,,4047529.0,9502620.0,-5455091.0,-2303749.0,,2581076271.0,,,968.46,100.0,unknown,QuantData PER_ONE_DOLLAR_MOVE; exact dollar/contract scaling unverified,QuantData
2026-08-17T16:00:00-04:00,2026-11-20,560.0,call,0.0,0.0,,0.0,,,,,4047529.0,9502620.0,-5455091.0,-2303749.0,,2581076271.0,,,968.46,100.0,unknown,QuantData PER_ONE_DOLLAR_MOVE; exact dollar/contract scaling unverified,QuantData
2026-08-17T16:00:00-04:00,2026-11-20,560.0,put,-11403.0,-56308.0,,-2645413.0,,,,,4047529.0,9502620.0,-5455091.0,-2303749.0,,2581076271.0,,,968.46,100.0,unknown,QuantData PER_ONE_DOLLAR_MOVE; exact dollar/contract scaling unverified,QuantData
2026-08-17T16:00:00-04:00,2026-11-20,580.0,call,0.0,0.0,,0.0,,,,,4047529.0,9502620.0,-5455091.0,-2303749.0,,2581076271.0,,,968.46,100.0,unknown,QuantData PER_ONE_DOLLAR_MOVE; exact dollar/contract scaling unverified,QuantData
2026-08-17T16:00:00-04:00,2026-11-20,580.0,put,-3425.0,-16424.0,,-844094.0,,,,,4047529.0,9502620.0,-5455091.0,-2303749.0,,2581076271.0,,,968.46,100.0,unknown,QuantData PER_ONE_DOLLAR_MOVE; exact dollar/contract scaling unverified,QuantData
2026-08-17T16:00:00-04:00,2026-11-20,600.0,call,228.0,-943.0,,520183.0,,,,,4047529.0,9502620.0,-5455091.0,-2303749.0,,2581076271.0,,,968.46,100.0,unknown,QuantData PER_ONE_DOLLAR_MOVE; exact dollar/contract scaling unverified,QuantData
2026-08-17T16:00:00-04:00,2026-11-20,600.0,put,-6749.0,-25861.0,,-1696777.0,,,,,4047529.0,9502620.0,-5455091.0,-2303749.0,,2581076271.0,,,968.46,100.0,unknown,QuantData PER_ONE_DOLLAR_MOVE; exact dollar/contract scaling unverified,QuantData
2026-08-17T16:00:00-04:00,2026-11-20,620.0,call,0.0,0.0,,0.0,,,,,4047529.0,9502620.0,-5455091.0,-2303749.0,,2581076271.0,,,968.46,100.0,unknown,QuantData PER_ONE_DOLLAR_MOVE; exact dollar/contract scaling unverified,QuantData
2026-08-17T16:00:00-04:00,2026-11-20,620.0,put,-2729.0,-11381.0,,-702678.0,,,,,4047529.0,9502620.0,-5455091.0,-2303749.0,,2581076271.0,,,968.46,100.0,unknown,QuantData PER_ONE_DOLLAR_MOVE; exact dollar/contract scaling unverified,QuantData
2026-08-17T16:00:00-04:00,2026-11-20,640.0,call,0.0,0.0,,0.0,,,,,4047529.0,9502620.0,-5455091.0,-2303749.0,,2581076271.0,,,968.46,100.0,unknown,QuantData PER_ONE_DOLLAR_MOVE; exact dollar/contract scaling unverified,QuantData
2026-08-17T16:00:00-04:00,2026-11-20,640.0,put,-4748.0,-17971.0,,-1256607.0,,,,,4047529.0,9502620.0,-5455091.0,-2303749.0,,2581076271.0,,,968.46,100.0,unknown,QuantData PER_ONE_DOLLAR_MOVE; exact dollar/contract scaling unverified,QuantData
2026-08-17T16:00:00-04:00,2026-11-20,660.0,call,0.0,0.0,,0.0,,,,,4047529.0,9502620.0,-5455091.0,-2303749.0,,2581076271.0,,,968.46,100.0,unknown,QuantData PER_ONE_DOLLAR_MOVE; exact dollar/contract scaling unverified,QuantData
2026-08-17T16:00:00-04:00,2026-11-20,660.0,put,-3225.0,-11132.0,,-863936.0,,,,,4047529.0,9502620.0,-5455091.0,-2303749.0,,2581076271.0,,,968.46,100.0,unknown,QuantData PER_ONE_DOLLAR_MOVE; exact dollar/contract scaling unverified,QuantData
2026-08-17T16:00:00-04:00,2026-11-20,680.0,call,0.0,0.0,,0.0,,,,,4047529.0,9502620.0,-5455091.0,-2303749.0,,2581076271.0,,,968.46,100.0,unknown,QuantData PER_ONE_DOLLAR_MOVE; exact dollar/contract scaling unverified,QuantData
2026-08-17T16:00:00-04:00,2026-11-20,680.0,put,-3554.0,-11345.0,,-990972.0,,,,,4047529.0,9502620.0,-5455091.0,-2303749.0,,2581076271.0,,,968.46,100.0,unknown,QuantData PER_ONE_DOLLAR_MOVE; exact dollar/contract scaling unverified,QuantData
2026-08-17T16:00:00-04:00,2026-11-20,700.0,call,2486.0,-7097.0,,3917772.0,,,,,4047529.0,9502620.0,-5455091.0,-2303749.0,,2581076271.0,,,968.46,100.0,unknown,QuantData PER_ONE_DOLLAR_MOVE; exact dollar/contract scaling unverified,QuantData
2026-08-17T16:00:00-04:00,2026-11-20,700.0,put,-14553.0,-41573.0,,-4148600.0,,,,,4047529.0,9502620.0,-5455091.0,-2303749.0,,2581076271.0,,,968.46,100.0,unknown,QuantData PER_ONE_DOLLAR_MOVE; exact dollar/contract scaling unverified,QuantData
2026-08-17T16:00:00-04:00,2026-11-20,720.0,call,0.0,0.0,,0.0,,,,,4047529.0,9502620.0,-5455091.0,-2303749.0,,2581076271.0,,,968.46,100.0,unknown,QuantData PER_ONE_DOLLAR_MOVE; exact dollar/contract scaling unverified,QuantData
2026-08-17T16:00:00-04:00,2026-11-20,720.0,put,-6924.0,-17273.0,,-2045973.0,,,,,4047529.0,9502620.0,-5455091.0,-2303749.0,,2581076271.0,,,968.46,100.0,unknown,QuantData PER_ONE_DOLLAR_MOVE; exact dollar/contract scaling unverified,QuantData
2026-08-17T16:00:00-04:00,2026-11-20,740.0,call,0.0,0.0,,0.0,,,,,4047529.0,9502620.0,-5455091.0,-2303749.0,,2581076271.0,,,968.46,100.0,unknown,QuantData PER_ONE_DOLLAR_MOVE; exact dollar/contract scaling unverified,QuantData
2026-08-17T16:00:00-04:00,2026-11-20,740.0,put,-22319.0,-49732.0,,-6830665.0,,,,,4047529.0,9502620.0,-5455091.0,-2303749.0,,2581076271.0,,,968.46,100.0,unknown,QuantData PER_ONE_DOLLAR_MOVE; exact dollar/contract scaling unverified,QuantData
2026-08-17T16:00:00-04:00,2026-11-20,760.0,call,0.0,0.0,,0.0,,,,,4047529.0,9502620.0,-5455091.0,-2303749.0,,2581076271.0,,,968.46,100.0,unknown,QuantData PER_ONE_DOLLAR_MOVE; exact dollar/contract scaling unverified,QuantData
2026-08-17T16:00:00-04:00,2026-11-20,760.0,put,-4319.0,-8412.0,,-1391395.0,,,,,4047529.0,9502620.0,-5455091.0,-2303749.0,,2581076271.0,,,968.46,100.0,unknown,QuantData PER_ONE_DOLLAR_MOVE; exact dollar/contract scaling unverified,QuantData
2026-08-17T16:00:00-04:00,2026-11-20,780.0,call,1010.0,-1124.0,,986044.0,,,,,4047529.0,9502620.0,-5455091.0,-2303749.0,,2581076271.0,,,968.46,100.0,unknown,QuantData PER_ONE_DOLLAR_MOVE; exact dollar/contract scaling unverified,QuantData
2026-08-17T16:00:00-04:00,2026-11-20,780.0,put,-7905.0,-12314.0,,-2566191.0,,,,,4047529.0,9502620.0,-5455091.0,-2303749.0,,2581076271.0,,,968.46,100.0,unknown,QuantData PER_ONE_DOLLAR_MOVE; exact dollar/contract scaling unverified,QuantData
2026-08-17T16:00:00-04:00,2026-11-20,800.0,call,5475.0,-8333.0,,6134636.0,,,,,4047529.0,9502620.0,-5455091.0,-2303749.0,,2581076271.0,,,968.46,100.0,unknown,QuantData PER_ONE_DOLLAR_MOVE; exact dollar/contract scaling unverified,QuantData
2026-08-17T16:00:00-04:00,2026-11-20,800.0,put,-16158.0,-22153.0,,-5423951.0,,,,,4047529.0,9502620.0,-5455091.0,-2303749.0,,2581076271.0,,,968.46,100.0,unknown,QuantData PER_ONE_DOLLAR_MOVE; exact dollar/contract scaling unverified,QuantData
2026-08-17T16:00:00-04:00,2026-11-20,840.0,call,2960.0,-2577.0,,2894039.0,,,,,4047529.0,9502620.0,-5455091.0,-2303749.0,,2581076271.0,,,968.46,100.0,unknown,QuantData PER_ONE_DOLLAR_MOVE; exact dollar/contract scaling unverified,QuantData
2026-08-17T16:00:00-04:00,2026-11-20,840.0,put,0.0,0.0,,0.0,,,,,4047529.0,9502620.0,-5455091.0,-2303749.0,,2581076271.0,,,968.46,100.0,unknown,QuantData PER_ONE_DOLLAR_MOVE; exact dollar/contract scaling unverified,QuantData
2026-08-17T16:00:00-04:00,2026-11-20,860.0,call,0.0,0.0,,0.0,,,,,4047529.0,9502620.0,-5455091.0,-2303749.0,,2581076271.0,,,968.46,100.0,unknown,QuantData PER_ONE_DOLLAR_MOVE; exact dollar/contract scaling unverified,QuantData
2026-08-17T16:00:00-04:00,2026-11-20,860.0,put,-21222.0,-12052.0,,-7781083.0,,,,,4047529.0,9502620.0,-5455091.0,-2303749.0,,2581076271.0,,,968.46,100.0,unknown,QuantData PER_ONE_DOLLAR_MOVE; exact dollar/contract scaling unverified,QuantData
2026-08-17T16:00:00-04:00,2026-11-20,880.0,call,8662.0,-1734.0,,7036735.0,,,,,4047529.0,9502620.0,-5455091.0,-2303749.0,,2581076271.0,,,968.46,100.0,unknown,QuantData PER_ONE_DOLLAR_MOVE; exact dollar/contract scaling unverified,QuantData
2026-08-17T16:00:00-04:00,2026-11-20,880.0,put,-7877.0,-2014.0,,-3013062.0,,,,,4047529.0,9502620.0,-5455091.0,-2303749.0,,2581076271.0,,,968.46,100.0,unknown,QuantData PER_ONE_DOLLAR_MOVE; exact dollar/contract scaling unverified,QuantData
2026-08-17T16:00:00-04:00,2026-11-20,900.0,call,19975.0,115.0,,16101595.0,,,,,4047529.0,9502620.0,-5455091.0,-2303749.0,,2581076271.0,,,968.46,100.0,unknown,QuantData PER_ONE_DOLLAR_MOVE; exact dollar/contract scaling unverified,QuantData
2026-08-17T16:00:00-04:00,2026-11-20,900.0,put,0.0,0.0,,0.0,,,,,4047529.0,9502620.0,-5455091.0,-2303749.0,,2581076271.0,,,968.46,100.0,unknown,QuantData PER_ONE_DOLLAR_MOVE; exact dollar/contract scaling unverified,QuantData
2026-08-17T16:00:00-04:00,2026-11-20,920.0,call,2353.0,421.0,,1807523.0,,,,,4047529.0,9502620.0,-5455091.0,-2303749.0,,2581076271.0,,,968.46,100.0,unknown,QuantData PER_ONE_DOLLAR_MOVE; exact dollar/contract scaling unverified,QuantData
2026-08-17T16:00:00-04:00,2026-11-20,920.0,put,0.0,0.0,,0.0,,,,,4047529.0,9502620.0,-5455091.0,-2303749.0,,2581076271.0,,,968.46,100.0,unknown,QuantData PER_ONE_DOLLAR_MOVE; exact dollar/contract scaling unverified,QuantData
2026-08-17T16:00:00-04:00,2026-11-20,940.0,call,7450.0,2973.0,,5486530.0,,,,,4047529.0,9502620.0,-5455091.0,-2303749.0,,2581076271.0,,,968.46,100.0,unknown,QuantData PER_ONE_DOLLAR_MOVE; exact dollar/contract scaling unverified,QuantData
2026-08-17T16:00:00-04:00,2026-11-20,940.0,put,-2366.0,1130.0,,-999201.0,,,,,4047529.0,9502620.0,-5455091.0,-2303749.0,,2581076271.0,,,968.46,100.0,unknown,QuantData PER_ONE_DOLLAR_MOVE; exact dollar/contract scaling unverified,QuantData
2026-08-17T16:00:00-04:00,2026-11-20,960.0,call,3672.0,2751.0,,2433382.0,,,,,4047529.0,9502620.0,-5455091.0,-2303749.0,,2581076271.0,,,968.46,100.0,unknown,QuantData PER_ONE_DOLLAR_MOVE; exact dollar/contract scaling unverified,QuantData
2026-08-17T16:00:00-04:00,2026-11-20,960.0,put,-2047.0,1292.0,,-889678.0,,,,,4047529.0,9502620.0,-5455091.0,-2303749.0,,2581076271.0,,,968.46,100.0,unknown,QuantData PER_ONE_DOLLAR_MOVE; exact dollar/contract scaling unverified,QuantData
2026-08-17T16:00:00-04:00,2026-11-20,980.0,call,3260.0,3372.0,,2128945.0,,,,,4047529.0,9502620.0,-5455091.0,-2303749.0,,2581076271.0,,,968.46,100.0,unknown,QuantData PER_ONE_DOLLAR_MOVE; exact dollar/contract scaling unverified,QuantData
2026-08-17T16:00:00-04:00,2026-11-20,980.0,put,-1217.0,1127.0,,-547713.0,,,,,4047529.0,9502620.0,-5455091.0,-2303749.0,,2581076271.0,,,968.46,100.0,unknown,QuantData PER_ONE_DOLLAR_MOVE; exact dollar/contract scaling unverified,QuantData
2026-08-17T16:00:00-04:00,2026-11-20,1000.0,call,11984.0,14992.0,,7408196.0,,,,,4047529.0,9502620.0,-5455091.0,-2303749.0,,2581076271.0,,,968.46,100.0,unknown,QuantData PER_ONE_DOLLAR_MOVE; exact dollar/contract scaling unverified,QuantData
2026-08-17T16:00:00-04:00,2026-11-20,1000.0,put,-436.0,489.0,,-203181.0,,,,,4047529.0,9502620.0,-5455091.0,-2303749.0,,2581076271.0,,,968.46,100.0,unknown,QuantData PER_ONE_DOLLAR_MOVE; exact dollar/contract scaling unverified,QuantData
2026-08-17T16:00:00-04:00,2026-11-20,1020.0,call,4645.0,6162.0,,2929531.0,,,,,4047529.0,9502620.0,-5455091.0,-2303749.0,,2581076271.0,,,968.46,100.0,unknown,QuantData PER_ONE_DOLLAR_MOVE; exact dollar/contract scaling unverified,QuantData
2026-08-17T16:00:00-04:00,2026-11-20,1020.0,put,0.0,0.0,,0.0,,,,,4047529.0,9502620.0,-5455091.0,-2303749.0,,2581076271.0,,,968.46,100.0,unknown,QuantData PER_ONE_DOLLAR_MOVE; exact dollar/contract scaling unverified,QuantData
2026-08-17T16:00:00-04:00,2026-11-20,1040.0,call,3185.0,4910.0,,1982320.0,,,,,4047529.0,9502620.0,-5455091.0,-2303749.0,,2581076271.0,,,968.46,100.0,unknown,QuantData PER_ONE_DOLLAR_MOVE; exact dollar/contract scaling unverified,QuantData
2026-08-17T16:00:00-04:00,2026-11-20,1040.0,put,0.0,0.0,,0.0,,,,,4047529.0,9502620.0,-5455091.0,-2303749.0,,2581076271.0,,,968.46,100.0,unknown,QuantData PER_ONE_DOLLAR_MOVE; exact dollar/contract scaling unverified,QuantData
2026-08-17T16:00:00-04:00,2026-11-20,1060.0,call,1722.0,3130.0,,990144.0,,,,,4047529.0,9502620.0,-5455091.0,-2303749.0,,2581076271.0,,,968.46,100.0,unknown,QuantData PER_ONE_DOLLAR_MOVE; exact dollar/contract scaling unverified,QuantData
2026-08-17T16:00:00-04:00,2026-11-20,1060.0,put,-89.0,164.0,,-46027.0,,,,,4047529.0,9502620.0,-5455091.0,-2303749.0,,2581076271.0,,,968.46,100.0,unknown,QuantData PER_ONE_DOLLAR_MOVE; exact dollar/contract scaling unverified,QuantData
2026-08-17T16:00:00-04:00,2026-11-20,1100.0,call,5694.0,12696.0,,3093659.0,,,,,4047529.0,9502620.0,-5455091.0,-2303749.0,,2581076271.0,,,968.46,100.0,unknown,QuantData PER_ONE_DOLLAR_MOVE; exact dollar/contract scaling unverified,QuantData
2026-08-17T16:00:00-04:00,2026-11-20,1100.0,put,0.0,0.0,,0.0,,,,,4047529.0,9502620.0,-5455091.0,-2303749.0,,2581076271.0,,,968.46,100.0,unknown,QuantData PER_ONE_DOLLAR_MOVE; exact dollar/contract scaling unverified,QuantData
2026-08-17T16:00:00-04:00,2026-11-20,1120.0,call,726.0,1840.0,,366980.0,,,,,4047529.0,9502620.0,-5455091.0,-2303749.0,,2581076271.0,,,968.46,100.0,unknown,QuantData PER_ONE_DOLLAR_MOVE; exact dollar/contract scaling unverified,QuantData
2026-08-17T16:00:00-04:00,2026-11-20,1120.0,put,0.0,0.0,,0.0,,,,,4047529.0,9502620.0,-5455091.0,-2303749.0,,2581076271.0,,,968.46,100.0,unknown,QuantData PER_ONE_DOLLAR_MOVE; exact dollar/contract scaling unverified,QuantData
2026-08-17T16:00:00-04:00,2026-11-20,1140.0,call,625.0,1626.0,,326452.0,,,,,4047529.0,9502620.0,-5455091.0,-2303749.0,,2581076271.0,,,968.46,100.0,unknown,QuantData PER_ONE_DOLLAR_MOVE; exact dollar/contract scaling unverified,QuantData
2026-08-17T16:00:00-04:00,2026-11-20,1140.0,put,0.0,0.0,,0.0,,,,,4047529.0,9502620.0,-5455091.0,-2303749.0,,2581076271.0,,,968.46,100.0,unknown,QuantData PER_ONE_DOLLAR_MOVE; exact dollar/contract scaling unverified,QuantData
2026-08-17T16:00:00-04:00,2026-11-20,1180.0,call,4995.0,16971.0,,2156538.0,,,,,4047529.0,9502620.0,-5455091.0,-2303749.0,,2581076271.0,,,968.46,100.0,unknown,QuantData PER_ONE_DOLLAR_MOVE; exact dollar/contract scaling unverified,QuantData
2026-08-17T16:00:00-04:00,2026-11-20,1180.0,put,0.0,0.0,,0.0,,,,,4047529.0,9502620.0,-5455091.0,-2303749.0,,2581076271.0,,,968.46,100.0,unknown,QuantData PER_ONE_DOLLAR_MOVE; exact dollar/contract scaling unverified,QuantData
2026-08-17T16:00:00-04:00,2026-11-20,1200.0,call,43534.0,136795.0,,21007169.0,,,,,4047529.0,9502620.0,-5455091.0,-2303749.0,,2581076271.0,,,968.46,100.0,unknown,QuantData PER_ONE_DOLLAR_MOVE; exact dollar/contract scaling unverified,QuantData
2026-08-17T16:00:00-04:00,2026-11-20,1200.0,put,0.0,0.0,,0.0,,,,,4047529.0,9502620.0,-5455091.0,-2303749.0,,2581076271.0,,,968.46,100.0,unknown,QuantData PER_ONE_DOLLAR_MOVE; exact dollar/contract scaling unverified,QuantData
2026-08-17T16:00:00-04:00,2026-11-20,1340.0,call,4643.0,20607.0,,1866014.0,,,,,4047529.0,9502620.0,-5455091.0,-2303749.0,,2581076271.0,,,968.46,100.0,unknown,QuantData PER_ONE_DOLLAR_MOVE; exact dollar/contract scaling unverified,QuantData
2026-08-17T16:00:00-04:00,2026-11-20,1340.0,put,0.0,0.0,,0.0,,,,,4047529.0,9502620.0,-5455091.0,-2303749.0,,2581076271.0,,,968.46,100.0,unknown,QuantData PER_ONE_DOLLAR_MOVE; exact dollar/contract scaling unverified,QuantData
2026-08-17T16:00:00-04:00,2026-11-20,1400.0,call,2066.0,10340.0,,756928.0,,,,,4047529.0,9502620.0,-5455091.0,-2303749.0,,2581076271.0,,,968.46,100.0,unknown,QuantData PER_ONE_DOLLAR_MOVE; exact dollar/contract scaling unverified,QuantData
2026-08-17T16:00:00-04:00,2026-11-20,1400.0,put,0.0,0.0,,0.0,,,,,4047529.0,9502620.0,-5455091.0,-2303749.0,,2581076271.0,,,968.46,100.0,unknown,QuantData PER_ONE_DOLLAR_MOVE; exact dollar/contract scaling unverified,QuantData
2026-08-17T16:00:00-04:00,2026-11-20,1440.0,call,5429.0,28454.0,,1984570.0,,,,,4047529.0,9502620.0,-5455091.0,-2303749.0,,2581076271.0,,,968.46,100.0,unknown,QuantData PER_ONE_DOLLAR_MOVE; exact dollar/contract scaling unverified,QuantData
2026-08-17T16:00:00-04:00,2026-11-20,1440.0,put,0.0,0.0,,0.0,,,,,4047529.0,9502620.0,-5455091.0,-2303749.0,,2581076271.0,,,968.46,100.0,unknown,QuantData PER_ONE_DOLLAR_MOVE; exact dollar/contract scaling unverified,QuantData
2026-08-17T16:00:00-04:00,2026-11-20,1460.0,call,9185.0,49426.0,,3318370.0,,,,,4047529.0,9502620.0,-5455091.0,-2303749.0,,2581076271.0,,,968.46,100.0,unknown,QuantData PER_ONE_DOLLAR_MOVE; exact dollar/contract scaling unverified,QuantData
2026-08-17T16:00:00-04:00,2026-11-20,1460.0,put,-1074.0,5645.0,,-1057872.0,,,,,4047529.0,9502620.0,-5455091.0,-2303749.0,,2581076271.0,,,968.46,100.0,unknown,QuantData PER_ONE_DOLLAR_MOVE; exact dollar/contract scaling unverified,QuantData
2026-08-17T16:00:00-04:00,2026-12-18,310.0,call,0.0,0.0,,0.0,,,,,4047529.0,9502620.0,-5455091.0,-2303749.0,,2581076271.0,,,968.46,100.0,unknown,QuantData PER_ONE_DOLLAR_MOVE; exact dollar/contract scaling unverified,QuantData
2026-08-17T16:00:00-04:00,2026-12-18,310.0,put,-42.0,-423.0,,-9182.0,,,,,4047529.0,9502620.0,-5455091.0,-2303749.0,,2581076271.0,,,968.46,100.0,unknown,QuantData PER_ONE_DOLLAR_MOVE; exact dollar/contract scaling unverified,QuantData
2026-08-17T16:00:00-04:00,2026-12-18,350.0,call,0.0,0.0,,0.0,,,,,4047529.0,9502620.0,-5455091.0,-2303749.0,,2581076271.0,,,968.46,100.0,unknown,QuantData PER_ONE_DOLLAR_MOVE; exact dollar/contract scaling unverified,QuantData
2026-08-17T16:00:00-04:00,2026-12-18,350.0,put,-168.0,-1529.0,,-36709.0,,,,,4047529.0,9502620.0,-5455091.0,-2303749.0,,2581076271.0,,,968.46,100.0,unknown,QuantData PER_ONE_DOLLAR_MOVE; exact dollar/contract scaling unverified,QuantData
2026-08-17T16:00:00-04:00,2026-12-18,360.0,call,0.0,0.0,,0.0,,,,,4047529.0,9502620.0,-5455091.0,-2303749.0,,2581076271.0,,,968.46,100.0,unknown,QuantData PER_ONE_DOLLAR_MOVE; exact dollar/contract scaling unverified,QuantData
2026-08-17T16:00:00-04:00,2026-12-18,360.0,put,0.0,0.0,,0.0,,,,,4047529.0,9502620.0,-5455091.0,-2303749.0,,2581076271.0,,,968.46,100.0,unknown,QuantData PER_ONE_DOLLAR_MOVE; exact dollar/contract scaling unverified,QuantData
2026-08-17T16:00:00-04:00,2026-12-18,380.0,call,0.0,0.0,,0.0,,,,,4047529.0,9502620.0,-5455091.0,-2303749.0,,2581076271.0,,,968.46,100.0,unknown,QuantData PER_ONE_DOLLAR_MOVE; exact dollar/contract scaling unverified,QuantData
2026-08-17T16:00:00-04:00,2026-12-18,380.0,put,-101.0,-856.0,,-23104.0,,,,,4047529.0,9502620.0,-5455091.0,-2303749.0,,2581076271.0,,,968.46,100.0,unknown,QuantData PER_ONE_DOLLAR_MOVE; exact dollar/contract scaling unverified,QuantData
2026-08-17T16:00:00-04:00,2026-12-18,410.0,call,0.0,0.0,,0.0,,,,,4047529.0,9502620.0,-5455091.0,-2303749.0,,2581076271.0,,,968.46,100.0,unknown,QuantData PER_ONE_DOLLAR_MOVE; exact dollar/contract scaling unverified,QuantData
2026-08-17T16:00:00-04:00,2026-12-18,410.0,put,-4514.0,-31972.0,,-1050506.0,,,,,4047529.0,9502620.0,-5455091.0,-2303749.0,,2581076271.0,,,968.46,100.0,unknown,QuantData PER_ONE_DOLLAR_MOVE; exact dollar/contract scaling unverified,QuantData
2026-08-17T16:00:00-04:00,2026-12-18,430.0,call,0.0,0.0,,0.0,,,,,4047529.0,9502620.0,-5455091.0,-2303749.0,,2581076271.0,,,968.46,100.0,unknown,QuantData PER_ONE_DOLLAR_MOVE; exact dollar/contract scaling unverified,QuantData
2026-08-17T16:00:00-04:00,2026-12-18,430.0,put,-955.0,-6290.0,,-221049.0,,,,,4047529.0,9502620.0,-5455091.0,-2303749.0,,2581076271.0,,,968.46,100.0,unknown,QuantData PER_ONE_DOLLAR_MOVE; exact dollar/contract scaling unverified,QuantData
2026-08-17T16:00:00-04:00,2026-12-18,440.0,call,0.0,0.0,,0.0,,,,,4047529.0,9502620.0,-5455091.0,-2303749.0,,2581076271.0,,,968.46,100.0,unknown,QuantData PER_ONE_DOLLAR_MOVE; exact dollar/contract scaling unverified,QuantData
2026-08-17T16:00:00-04:00,2026-12-18,440.0,put,-4025.0,-28317.0,,-999617.0,,,,,4047529.0,9502620.0,-5455091.0,-2303749.0,,2581076271.0,,,968.46,100.0,unknown,QuantData PER_ONE_DOLLAR_MOVE; exact dollar/contract scaling unverified,QuantData
2026-08-17T16:00:00-04:00,2026-12-18,450.0,call,0.0,0.0,,0.0,,,,,4047529.0,9502620.0,-5455091.0,-2303749.0,,2581076271.0,,,968.46,100.0,unknown,QuantData PER_ONE_DOLLAR_MOVE; exact dollar/contract scaling unverified,QuantData
2026-08-17T16:00:00-04:00,2026-12-18,450.0,put,-2808.0,-19946.0,,-686052.0,,,,,4047529.0,9502620.0,-5455091.0,-2303749.0,,2581076271.0,,,968.46,100.0,unknown,QuantData PER_ONE_DOLLAR_MOVE; exact dollar/contract scaling unverified,QuantData
2026-08-17T16:00:00-04:00,2026-12-18,490.0,call,0.0,0.0,,0.0,,,,,4047529.0,9502620.0,-5455091.0,-2303749.0,,2581076271.0,,,968.46,100.0,unknown,QuantData PER_ONE_DOLLAR_MOVE; exact dollar/contract scaling unverified,QuantData
2026-08-17T16:00:00-04:00,2026-12-18,490.0,put,-1576.0,-9399.0,,-405050.0,,,,,4047529.0,9502620.0,-5455091.0,-2303749.0,,2581076271.0,,,968.46,100.0,unknown,QuantData PER_ONE_DOLLAR_MOVE; exact dollar/contract scaling unverified,QuantData
2026-08-17T16:00:00-04:00,2026-12-18,500.0,call,0.0,0.0,,0.0,,,,,4047529.0,9502620.0,-5455091.0,-2303749.0,,2581076271.0,,,968.46,100.0,unknown,QuantData PER_ONE_DOLLAR_MOVE; exact dollar/contract scaling unverified,QuantData
2026-08-17T16:00:00-04:00,2026-12-18,500.0,put,-6036.0,-35647.0,,-1516657.0,,,,,4047529.0,9502620.0,-5455091.0,-2303749.0,,2581076271.0,,,968.46,100.0,unknown,QuantData PER_ONE_DOLLAR_MOVE; exact dollar/contract scaling unverified,QuantData
2026-08-17T16:00:00-04:00,2026-12-18,520.0,call,0.0,0.0,,0.0,,,,,4047529.0,9502620.0,-5455091.0,-2303749.0,,2581076271.0,,,968.46,100.0,unknown,QuantData PER_ONE_DOLLAR_MOVE; exact dollar/contract scaling unverified,QuantData
2026-08-17T16:00:00-04:00,2026-12-18,520.0,put,-1689.0,-9552.0,,-430922.0,,,,,4047529.0,9502620.0,-5455091.0,-2303749.0,,2581076271.0,,,968.46,100.0,unknown,QuantData PER_ONE_DOLLAR_MOVE; exact dollar/contract scaling unverified,QuantData
2026-08-17T16:00:00-04:00,2026-12-18,540.0,call,0.0,0.0,,0.0,,,,,4047529.0,9502620.0,-5455091.0,-2303749.0,,2581076271.0,,,968.46,100.0,unknown,QuantData PER_ONE_DOLLAR_MOVE; exact dollar/contract scaling unverified,QuantData
2026-08-17T16:00:00-04:00,2026-12-18,540.0,put,-6790.0,-36648.0,,-1833098.0,,,,,4047529.0,9502620.0,-5455091.0,-2303749.0,,2581076271.0,,,968.46,100.0,unknown,QuantData PER_ONE_DOLLAR_MOVE; exact dollar/contract scaling unverified,QuantData
2026-08-17T16:00:00-04:00,2026-12-18,560.0,call,0.0,0.0,,0.0,,,,,4047529.0,9502620.0,-5455091.0,-2303749.0,,2581076271.0,,,968.46,100.0,unknown,QuantData PER_ONE_DOLLAR_MOVE; exact dollar/contract scaling unverified,QuantData
2026-08-17T16:00:00-04:00,2026-12-18,560.0,put,-20175.0,-98908.0,,-5424353.0,,,,,4047529.0,9502620.0,-5455091.0,-2303749.0,,2581076271.0,,,968.46,100.0,unknown,QuantData PER_ONE_DOLLAR_MOVE; exact dollar/contract scaling unverified,QuantData
2026-08-17T16:00:00-04:00,2026-12-18,580.0,call,0.0,0.0,,0.0,,,,,4047529.0,9502620.0,-5455091.0,-2303749.0,,2581076271.0,,,968.46,100.0,unknown,QuantData PER_ONE_DOLLAR_MOVE; exact dollar/contract scaling unverified,QuantData
2026-08-17T16:00:00-04:00,2026-12-18,580.0,put,-5545.0,-26010.0,,-1583731.0,,,,,4047529.0,9502620.0,-5455091.0,-2303749.0,,2581076271.0,,,968.46,100.0,unknown,QuantData PER_ONE_DOLLAR_MOVE; exact dollar/contract scaling unverified,QuantData
2026-08-17T16:00:00-04:00,2026-12-18,600.0,call,0.0,0.0,,0.0,,,,,4047529.0,9502620.0,-5455091.0,-2303749.0,,2581076271.0,,,968.46,100.0,unknown,QuantData PER_ONE_DOLLAR_MOVE; exact dollar/contract scaling unverified,QuantData
2026-08-17T16:00:00-04:00,2026-12-18,600.0,put,-149682.0,-640756.0,,-42796519.0,,,,,4047529.0,9502620.0,-5455091.0,-2303749.0,,2581076271.0,,,968.46,100.0,unknown,QuantData PER_ONE_DOLLAR_MOVE; exact dollar/contract scaling unverified,QuantData
2026-08-17T16:00:00-04:00,2026-12-18,640.0,call,0.0,0.0,,0.0,,,,,4047529.0,9502620.0,-5455091.0,-2303749.0,,2581076271.0,,,968.46,100.0,unknown,QuantData PER_ONE_DOLLAR_MOVE; exact dollar/contract scaling unverified,QuantData
2026-08-17T16:00:00-04:00,2026-12-18,640.0,put,-8274.0,-30266.0,,-2561238.0,,,,,4047529.0,9502620.0,-5455091.0,-2303749.0,,2581076271.0,,,968.46,100.0,unknown,QuantData PER_ONE_DOLLAR_MOVE; exact dollar/contract scaling unverified,QuantData
2026-08-17T16:00:00-04:00,2026-12-18,660.0,call,0.0,0.0,,0.0,,,,,4047529.0,9502620.0,-5455091.0,-2303749.0,,2581076271.0,,,968.46,100.0,unknown,QuantData PER_ONE_DOLLAR_MOVE; exact dollar/contract scaling unverified,QuantData
2026-08-17T16:00:00-04:00,2026-12-18,660.0,put,-3614.0,-11474.0,,-1165555.0,,,,,4047529.0,9502620.0,-5455091.0,-2303749.0,,2581076271.0,,,968.46,100.0,unknown,QuantData PER_ONE_DOLLAR_MOVE; exact dollar/contract scaling unverified,QuantData
2026-08-17T16:00:00-04:00,2026-12-18,680.0,call,0.0,0.0,,0.0,,,,,4047529.0,9502620.0,-5455091.0,-2303749.0,,2581076271.0,,,968.46,100.0,unknown,QuantData PER_ONE_DOLLAR_MOVE; exact dollar/contract scaling unverified,QuantData
2026-08-17T16:00:00-04:00,2026-12-18,680.0,put,-1637.0,-4768.0,,-547761.0,,,,,4047529.0,9502620.0,-5455091.0,-2303749.0,,2581076271.0,,,968.46,100.0,unknown,QuantData PER_ONE_DOLLAR_MOVE; exact dollar/contract scaling unverified,QuantData
2026-08-17T16:00:00-04:00,2026-12-18,700.0,call,0.0,0.0,,0.0,,,,,4047529.0,9502620.0,-5455091.0,-2303749.0,,2581076271.0,,,968.46,100.0,unknown,QuantData PER_ONE_DOLLAR_MOVE; exact dollar/contract scaling unverified,QuantData
2026-08-17T16:00:00-04:00,2026-12-18,700.0,put,-12862.0,-32707.0,,-4232715.0,,,,,4047529.0,9502620.0,-5455091.0,-2303749.0,,2581076271.0,,,968.46,100.0,unknown,QuantData PER_ONE_DOLLAR_MOVE; exact dollar/contract scaling unverified,QuantData
2026-08-17T16:00:00-04:00,2026-12-18,720.0,call,420.0,-1004.0,,647786.0,,,,,4047529.0,9502620.0,-5455091.0,-2303749.0,,2581076271.0,,,968.46,100.0,unknown,QuantData PER_ONE_DOLLAR_MOVE; exact dollar/contract scaling unverified,QuantData
2026-08-17T16:00:00-04:00,2026-12-18,720.0,put,-4121.0,-9633.0,,-1411158.0,,,,,4047529.0,9502620.0,-5455091.0,-2303749.0,,2581076271.0,,,968.46,100.0,unknown,QuantData PER_ONE_DOLLAR_MOVE; exact dollar/contract scaling unverified,QuantData
2026-08-17T16:00:00-04:00,2026-12-18,740.0,call,0.0,0.0,,0.0,,,,,4047529.0,9502620.0,-5455091.0,-2303749.0,,2581076271.0,,,968.46,100.0,unknown,QuantData PER_ONE_DOLLAR_MOVE; exact dollar/contract scaling unverified,QuantData
2026-08-17T16:00:00-04:00,2026-12-18,740.0,put,-1796.0,-3496.0,,-625674.0,,,,,4047529.0,9502620.0,-5455091.0,-2303749.0,,2581076271.0,,,968.46,100.0,unknown,QuantData PER_ONE_DOLLAR_MOVE; exact dollar/contract scaling unverified,QuantData
2026-08-17T16:00:00-04:00,2026-12-18,750.0,call,7674.0,-14637.0,,10592760.0,,,,,4047529.0,9502620.0,-5455091.0,-2303749.0,,2581076271.0,,,968.46,100.0,unknown,QuantData PER_ONE_DOLLAR_MOVE; exact dollar/contract scaling unverified,QuantData
2026-08-17T16:00:00-04:00,2026-12-18,750.0,put,-16359.0,-31734.0,,-5756711.0,,,,,4047529.0,9502620.0,-5455091.0,-2303749.0,,2581076271.0,,,968.46,100.0,unknown,QuantData PER_ONE_DOLLAR_MOVE; exact dollar/contract scaling unverified,QuantData
2026-08-17T16:00:00-04:00,2026-12-18,760.0,call,869.0,-1196.0,,1025559.0,,,,,4047529.0,9502620.0,-5455091.0,-2303749.0,,2581076271.0,,,968.46,100.0,unknown,QuantData PER_ONE_DOLLAR_MOVE; exact dollar/contract scaling unverified,QuantData
2026-08-17T16:00:00-04:00,2026-12-18,760.0,put,-1979.0,-3543.0,,-720671.0,,,,,4047529.0,9502620.0,-5455091.0,-2303749.0,,2581076271.0,,,968.46,100.0,unknown,QuantData PER_ONE_DOLLAR_MOVE; exact dollar/contract scaling unverified,QuantData
2026-08-17T16:00:00-04:00,2026-12-18,780.0,call,0.0,0.0,,0.0,,,,,4047529.0,9502620.0,-5455091.0,-2303749.0,,2581076271.0,,,968.46,100.0,unknown,QuantData PER_ONE_DOLLAR_MOVE; exact dollar/contract scaling unverified,QuantData
2026-08-17T16:00:00-04:00,2026-12-18,780.0,put,-12656.0,-17937.0,,-4694120.0,,,,,4047529.0,9502620.0,-5455091.0,-2303749.0,,2581076271.0,,,968.46,100.0,unknown,QuantData PER_ONE_DOLLAR_MOVE; exact dollar/contract scaling unverified,QuantData
2026-08-17T16:00:00-04:00,2026-12-18,790.0,call,656.0,-616.0,,709026.0,,,,,4047529.0,9502620.0,-5455091.0,-2303749.0,,2581076271.0,,,968.46,100.0,unknown,QuantData PER_ONE_DOLLAR_MOVE; exact dollar/contract scaling unverified,QuantData
2026-08-17T16:00:00-04:00,2026-12-18,790.0,put,-2886.0,-3919.0,,-1095187.0,,,,,4047529.0,9502620.0,-5455091.0,-2303749.0,,2581076271.0,,,968.46,100.0,unknown,QuantData PER_ONE_DOLLAR_MOVE; exact dollar/contract scaling unverified,QuantData
2026-08-17T16:00:00-04:00,2026-12-18,800.0,call,13128.0,-13801.0,,14717825.0,,,,,4047529.0,9502620.0,-5455091.0,-2303749.0,,2581076271.0,,,968.46,100.0,unknown,QuantData PER_ONE_DOLLAR_MOVE; exact dollar/contract scaling unverified,QuantData
2026-08-17T16:00:00-04:00,2026-12-18,800.0,put,-22894.0,-25940.0,,-8716502.0,,,,,4047529.0,9502620.0,-5455091.0,-2303749.0,,2581076271.0,,,968.46,100.0,unknown,QuantData PER_ONE_DOLLAR_MOVE; exact dollar/contract scaling unverified,QuantData
2026-08-17T16:00:00-04:00,2026-12-18,820.0,call,1404.0,-832.0,,1467914.0,,,,,4047529.0,9502620.0,-5455091.0,-2303749.0,,2581076271.0,,,968.46,100.0,unknown,QuantData PER_ONE_DOLLAR_MOVE; exact dollar/contract scaling unverified,QuantData
2026-08-17T16:00:00-04:00,2026-12-18,820.0,put,-2166.0,-2014.0,,-854677.0,,,,,4047529.0,9502620.0,-5455091.0,-2303749.0,,2581076271.0,,,968.46,100.0,unknown,QuantData PER_ONE_DOLLAR_MOVE; exact dollar/contract scaling unverified,QuantData
2026-08-17T16:00:00-04:00,2026-12-18,830.0,call,2367.0,-1509.0,,2476573.0,,,,,4047529.0,9502620.0,-5455091.0,-2303749.0,,2581076271.0,,,968.46,100.0,unknown,QuantData PER_ONE_DOLLAR_MOVE; exact dollar/contract scaling unverified,QuantData
2026-08-17T16:00:00-04:00,2026-12-18,830.0,put,-2573.0,-1827.0,,-1022926.0,,,,,4047529.0,9502620.0,-5455091.0,-2303749.0,,2581076271.0,,,968.46,100.0,unknown,QuantData PER_ONE_DOLLAR_MOVE; exact dollar/contract scaling unverified,QuantData
2026-08-17T16:00:00-04:00,2026-12-18,840.0,call,0.0,0.0,,0.0,,,,,4047529.0,9502620.0,-5455091.0,-2303749.0,,2581076271.0,,,968.46,100.0,unknown,QuantData PER_ONE_DOLLAR_MOVE; exact dollar/contract scaling unverified,QuantData
2026-08-17T16:00:00-04:00,2026-12-18,840.0,put,-812.0,-386.0,,-327934.0,,,,,4047529.0,9502620.0,-5455091.0,-2303749.0,,2581076271.0,,,968.46,100.0,unknown,QuantData PER_ONE_DOLLAR_MOVE; exact dollar/contract scaling unverified,QuantData
2026-08-17T16:00:00-04:00,2026-12-18,850.0,call,6746.0,-3838.0,,7281748.0,,,,,4047529.0,9502620.0,-5455091.0,-2303749.0,,2581076271.0,,,968.46,100.0,unknown,QuantData PER_ONE_DOLLAR_MOVE; exact dollar/contract scaling unverified,QuantData
2026-08-17T16:00:00-04:00,2026-12-18,850.0,put,0.0,0.0,,0.0,,,,,4047529.0,9502620.0,-5455091.0,-2303749.0,,2581076271.0,,,968.46,100.0,unknown,QuantData PER_ONE_DOLLAR_MOVE; exact dollar/contract scaling unverified,QuantData
2026-08-17T16:00:00-04:00,2026-12-18,870.0,call,2917.0,-745.0,,2930532.0,,,,,4047529.0,9502620.0,-5455091.0,-2303749.0,,2581076271.0,,,968.46,100.0,unknown,QuantData PER_ONE_DOLLAR_MOVE; exact dollar/contract scaling unverified,QuantData
2026-08-17T16:00:00-04:00,2026-12-18,870.0,put,-3039.0,-453.0,,-1335531.0,,,,,4047529.0,9502620.0,-5455091.0,-2303749.0,,2581076271.0,,,968.46,100.0,unknown,QuantData PER_ONE_DOLLAR_MOVE; exact dollar/contract scaling unverified,QuantData
2026-08-17T16:00:00-04:00,2026-12-18,880.0,call,0.0,0.0,,0.0,,,,,4047529.0,9502620.0,-5455091.0,-2303749.0,,2581076271.0,,,968.46,100.0,unknown,QuantData PER_ONE_DOLLAR_MOVE; exact dollar/contract scaling unverified,QuantData
2026-08-17T16:00:00-04:00,2026-12-18,880.0,put,-3576.0,-139.0,,-1535994.0,,,,,4047529.0,9502620.0,-5455091.0,-2303749.0,,2581076271.0,,,968.46,100.0,unknown,QuantData PER_ONE_DOLLAR_MOVE; exact dollar/contract scaling unverified,QuantData
2026-08-17T16:00:00-04:00,2026-12-18,900.0,call,26312.0,8619.0,,23148479.0,,,,,4047529.0,9502620.0,-5455091.0,-2303749.0,,2581076271.0,,,968.46,100.0,unknown,QuantData PER_ONE_DOLLAR_MOVE; exact dollar/contract scaling unverified,QuantData
2026-08-17T16:00:00-04:00,2026-12-18,900.0,put,-11423.0,2604.0,,-5067762.0,,,,,4047529.0,9502620.0,-5455091.0,-2303749.0,,2581076271.0,,,968.46,100.0,unknown,QuantData PER_ONE_DOLLAR_MOVE; exact dollar/contract scaling unverified,QuantData
2026-08-17T16:00:00-04:00,2026-12-18,910.0,call,1267.0,886.0,,1044084.0,,,,,4047529.0,9502620.0,-5455091.0,-2303749.0,,2581076271.0,,,968.46,100.0,unknown,QuantData PER_ONE_DOLLAR_MOVE; exact dollar/contract scaling unverified,QuantData
2026-08-17T16:00:00-04:00,2026-12-18,910.0,put,0.0,0.0,,0.0,,,,,4047529.0,9502620.0,-5455091.0,-2303749.0,,2581076271.0,,,968.46,100.0,unknown,QuantData PER_ONE_DOLLAR_MOVE; exact dollar/contract scaling unverified,QuantData
2026-08-17T16:00:00-04:00,2026-12-18,920.0,call,11897.0,6766.0,,10003821.0,,,,,4047529.0,9502620.0,-5455091.0,-2303749.0,,2581076271.0,,,968.46,100.0,unknown,QuantData PER_ONE_DOLLAR_MOVE; exact dollar/contract scaling unverified,QuantData
2026-08-17T16:00:00-04:00,2026-12-18,920.0,put,0.0,0.0,,0.0,,,,,4047529.0,9502620.0,-5455091.0,-2303749.0,,2581076271.0,,,968.46,100.0,unknown,QuantData PER_ONE_DOLLAR_MOVE; exact dollar/contract scaling unverified,QuantData
2026-08-17T16:00:00-04:00,2026-12-18,940.0,call,2889.0,3149.0,,2149602.0,,,,,4047529.0,9502620.0,-5455091.0,-2303749.0,,2581076271.0,,,968.46,100.0,unknown,QuantData PER_ONE_DOLLAR_MOVE; exact dollar/contract scaling unverified,QuantData
2026-08-17T16:00:00-04:00,2026-12-18,940.0,put,0.0,0.0,,0.0,,,,,4047529.0,9502620.0,-5455091.0,-2303749.0,,2581076271.0,,,968.46,100.0,unknown,QuantData PER_ONE_DOLLAR_MOVE; exact dollar/contract scaling unverified,QuantData
2026-08-17T16:00:00-04:00,2026-12-18,950.0,call,8677.0,6410.0,,7325194.0,,,,,4047529.0,9502620.0,-5455091.0,-2303749.0,,2581076271.0,,,968.46,100.0,unknown,QuantData PER_ONE_DOLLAR_MOVE; exact dollar/contract scaling unverified,QuantData
2026-08-17T16:00:00-04:00,2026-12-18,950.0,put,0.0,0.0,,0.0,,,,,4047529.0,9502620.0,-5455091.0,-2303749.0,,2581076271.0,,,968.46,100.0,unknown,QuantData PER_ONE_DOLLAR_MOVE; exact dollar/contract scaling unverified,QuantData
2026-08-17T16:00:00-04:00,2026-12-18,970.0,call,1722.0,2361.0,,1253284.0,,,,,4047529.0,9502620.0,-5455091.0,-2303749.0,,2581076271.0,,,968.46,100.0,unknown,QuantData PER_ONE_DOLLAR_MOVE; exact dollar/contract scaling unverified,QuantData
2026-08-17T16:00:00-04:00,2026-12-18,970.0,put,0.0,0.0,,0.0,,,,,4047529.0,9502620.0,-5455091.0,-2303749.0,,2581076271.0,,,968.46,100.0,unknown,QuantData PER_ONE_DOLLAR_MOVE; exact dollar/contract scaling unverified,QuantData
2026-08-17T16:00:00-04:00,2026-12-18,990.0,call,2033.0,2558.0,,1556136.0,,,,,4047529.0,9502620.0,-5455091.0,-2303749.0,,2581076271.0,,,968.46,100.0,unknown,QuantData PER_ONE_DOLLAR_MOVE; exact dollar/contract scaling unverified,QuantData
2026-08-17T16:00:00-04:00,2026-12-18,990.0,put,0.0,0.0,,0.0,,,,,4047529.0,9502620.0,-5455091.0,-2303749.0,,2581076271.0,,,968.46,100.0,unknown,QuantData PER_ONE_DOLLAR_MOVE; exact dollar/contract scaling unverified,QuantData
2026-08-17T16:00:00-04:00,2026-12-18,1000.0,call,32877.0,42988.0,,25542954.0,,,,,4047529.0,9502620.0,-5455091.0,-2303749.0,,2581076271.0,,,968.46,100.0,unknown,QuantData PER_ONE_DOLLAR_MOVE; exact dollar/contract scaling unverified,QuantData
2026-08-17T16:00:00-04:00,2026-12-18,1000.0,put,-10286.0,13814.0,,-5265825.0,,,,,4047529.0,9502620.0,-5455091.0,-2303749.0,,2581076271.0,,,968.46,100.0,unknown,QuantData PER_ONE_DOLLAR_MOVE; exact dollar/contract scaling unverified,QuantData
2026-08-17T16:00:00-04:00,2026-12-18,1010.0,call,1501.0,2311.0,,1096224.0,,,,,4047529.0,9502620.0,-5455091.0,-2303749.0,,2581076271.0,,,968.46,100.0,unknown,QuantData PER_ONE_DOLLAR_MOVE; exact dollar/contract scaling unverified,QuantData
2026-08-17T16:00:00-04:00,2026-12-18,1010.0,put,0.0,0.0,,0.0,,,,,4047529.0,9502620.0,-5455091.0,-2303749.0,,2581076271.0,,,968.46,100.0,unknown,QuantData PER_ONE_DOLLAR_MOVE; exact dollar/contract scaling unverified,QuantData
2026-08-17T16:00:00-04:00,2026-12-18,1020.0,call,1514.0,2668.0,,1053588.0,,,,,4047529.0,9502620.0,-5455091.0,-2303749.0,,2581076271.0,,,968.46,100.0,unknown,QuantData PER_ONE_DOLLAR_MOVE; exact dollar/contract scaling unverified,QuantData
2026-08-17T16:00:00-04:00,2026-12-18,1020.0,put,0.0,0.0,,0.0,,,,,4047529.0,9502620.0,-5455091.0,-2303749.0,,2581076271.0,,,968.46,100.0,unknown,QuantData PER_ONE_DOLLAR_MOVE; exact dollar/contract scaling unverified,QuantData
2026-08-17T16:00:00-04:00,2026-12-18,1040.0,call,320.0,637.0,,215686.0,,,,,4047529.0,9502620.0,-5455091.0,-2303749.0,,2581076271.0,,,968.46,100.0,unknown,QuantData PER_ONE_DOLLAR_MOVE; exact dollar/contract scaling unverified,QuantData
2026-08-17T16:00:00-04:00,2026-12-18,1040.0,put,0.0,0.0,,0.0,,,,,4047529.0,9502620.0,-5455091.0,-2303749.0,,2581076271.0,,,968.46,100.0,unknown,QuantData PER_ONE_DOLLAR_MOVE; exact dollar/contract scaling unverified,QuantData
2026-08-17T16:00:00-04:00,2026-12-18,1080.0,call,967.0,2356.0,,609374.0,,,,,4047529.0,9502620.0,-5455091.0,-2303749.0,,2581076271.0,,,968.46,100.0,unknown,QuantData PER_ONE_DOLLAR_MOVE; exact dollar/contract scaling unverified,QuantData
2026-08-17T16:00:00-04:00,2026-12-18,1080.0,put,0.0,0.0,,0.0,,,,,4047529.0,9502620.0,-5455091.0,-2303749.0,,2581076271.0,,,968.46,100.0,unknown,QuantData PER_ONE_DOLLAR_MOVE; exact dollar/contract scaling unverified,QuantData
2026-08-17T16:00:00-04:00,2026-12-18,1100.0,call,1990.0,5296.0,,1235160.0,,,,,4047529.0,9502620.0,-5455091.0,-2303749.0,,2581076271.0,,,968.46,100.0,unknown,QuantData PER_ONE_DOLLAR_MOVE; exact dollar/contract scaling unverified,QuantData
2026-08-17T16:00:00-04:00,2026-12-18,1100.0,put,0.0,0.0,,0.0,,,,,4047529.0,9502620.0,-5455091.0,-2303749.0,,2581076271.0,,,968.46,100.0,unknown,QuantData PER_ONE_DOLLAR_MOVE; exact dollar/contract scaling unverified,QuantData
2026-08-17T16:00:00-04:00,2026-12-18,1120.0,call,1682.0,4475.0,,1069105.0,,,,,4047529.0,9502620.0,-5455091.0,-2303749.0,,2581076271.0,,,968.46,100.0,unknown,QuantData PER_ONE_DOLLAR_MOVE; exact dollar/contract scaling unverified,QuantData
2026-08-17T16:00:00-04:00,2026-12-18,1120.0,put,0.0,0.0,,0.0,,,,,4047529.0,9502620.0,-5455091.0,-2303749.0,,2581076271.0,,,968.46,100.0,unknown,QuantData PER_ONE_DOLLAR_MOVE; exact dollar/contract scaling unverified,QuantData
2026-08-17T16:00:00-04:00,2026-12-18,1140.0,call,723.0,2211.0,,418748.0,,,,,4047529.0,9502620.0,-5455091.0,-2303749.0,,2581076271.0,,,968.46,100.0,unknown,QuantData PER_ONE_DOLLAR_MOVE; exact dollar/contract scaling unverified,QuantData
2026-08-17T16:00:00-04:00,2026-12-18,1140.0,put,0.0,0.0,,0.0,,,,,4047529.0,9502620.0,-5455091.0,-2303749.0,,2581076271.0,,,968.46,100.0,unknown,QuantData PER_ONE_DOLLAR_MOVE; exact dollar/contract scaling unverified,QuantData
2026-08-17T16:00:00-04:00,2026-12-18,1160.0,call,3125.0,10210.0,,1754881.0,,,,,4047529.0,9502620.0,-5455091.0,-2303749.0,,2581076271.0,,,968.46,100.0,unknown,QuantData PER_ONE_DOLLAR_MOVE; exact dollar/contract scaling unverified,QuantData
2026-08-17T16:00:00-04:00,2026-12-18,1160.0,put,0.0,0.0,,0.0,,,,,4047529.0,9502620.0,-5455091.0,-2303749.0,,2581076271.0,,,968.46,100.0,unknown,QuantData PER_ONE_DOLLAR_MOVE; exact dollar/contract scaling unverified,QuantData
2026-08-17T16:00:00-04:00,2026-12-18,1180.0,call,884.0,3034.0,,484628.0,,,,,4047529.0,9502620.0,-5455091.0,-2303749.0,,2581076271.0,,,968.46,100.0,unknown,QuantData PER_ONE_DOLLAR_MOVE; exact dollar/contract scaling unverified,QuantData
2026-08-17T16:00:00-04:00,2026-12-18,1180.0,put,0.0,0.0,,0.0,,,,,4047529.0,9502620.0,-5455091.0,-2303749.0,,2581076271.0,,,968.46,100.0,unknown,QuantData PER_ONE_DOLLAR_MOVE; exact dollar/contract scaling unverified,QuantData
2026-08-17T16:00:00-04:00,2026-12-18,1200.0,call,7047.0,25481.0,,3826865.0,,,,,4047529.0,9502620.0,-5455091.0,-2303749.0,,2581076271.0,,,968.46,100.0,unknown,QuantData PER_ONE_DOLLAR_MOVE; exact dollar/contract scaling unverified,QuantData
2026-08-17T16:00:00-04:00,2026-12-18,1200.0,put,0.0,0.0,,0.0,,,,,4047529.0,9502620.0,-5455091.0,-2303749.0,,2581076271.0,,,968.46,100.0,unknown,QuantData PER_ONE_DOLLAR_MOVE; exact dollar/contract scaling unverified,QuantData
2026-08-17T16:00:00-04:00,2026-12-18,1220.0,call,16607.0,63216.0,,8739790.0,,,,,4047529.0,9502620.0,-5455091.0,-2303749.0,,2581076271.0,,,968.46,100.0,unknown,QuantData PER_ONE_DOLLAR_MOVE; exact dollar/contract scaling unverified,QuantData
2026-08-17T16:00:00-04:00,2026-12-18,1220.0,put,0.0,0.0,,0.0,,,,,4047529.0,9502620.0,-5455091.0,-2303749.0,,2581076271.0,,,968.46,100.0,unknown,QuantData PER_ONE_DOLLAR_MOVE; exact dollar/contract scaling unverified,QuantData
2026-08-17T16:00:00-04:00,2026-12-18,1240.0,call,940.0,3729.0,,489811.0,,,,,4047529.0,9502620.0,-5455091.0,-2303749.0,,2581076271.0,,,968.46,100.0,unknown,QuantData PER_ONE_DOLLAR_MOVE; exact dollar/contract scaling unverified,QuantData
2026-08-17T16:00:00-04:00,2026-12-18,1240.0,put,0.0,0.0,,0.0,,,,,4047529.0,9502620.0,-5455091.0,-2303749.0,,2581076271.0,,,968.46,100.0,unknown,QuantData PER_ONE_DOLLAR_MOVE; exact dollar/contract scaling unverified,QuantData
2026-08-17T16:00:00-04:00,2026-12-18,1260.0,call,51683.0,214104.0,,26240577.0,,,,,4047529.0,9502620.0,-5455091.0,-2303749.0,,2581076271.0,,,968.46,100.0,unknown,QuantData PER_ONE_DOLLAR_MOVE; exact dollar/contract scaling unverified,QuantData
2026-08-17T16:00:00-04:00,2026-12-18,1260.0,put,0.0,0.0,,0.0,,,,,4047529.0,9502620.0,-5455091.0,-2303749.0,,2581076271.0,,,968.46,100.0,unknown,QuantData PER_ONE_DOLLAR_MOVE; exact dollar/contract scaling unverified,QuantData
2026-08-17T16:00:00-04:00,2026-12-18,1280.0,call,14449.0,60251.0,,7623031.0,,,,,4047529.0,9502620.0,-5455091.0,-2303749.0,,2581076271.0,,,968.46,100.0,unknown,QuantData PER_ONE_DOLLAR_MOVE; exact dollar/contract scaling unverified,QuantData
2026-08-17T16:00:00-04:00,2026-12-18,1280.0,put,0.0,0.0,,0.0,,,,,4047529.0,9502620.0,-5455091.0,-2303749.0,,2581076271.0,,,968.46,100.0,unknown,QuantData PER_ONE_DOLLAR_MOVE; exact dollar/contract scaling unverified,QuantData
2026-08-17T16:00:00-04:00,2026-12-18,1300.0,call,35669.0,160885.0,,17322940.0,,,,,4047529.0,9502620.0,-5455091.0,-2303749.0,,2581076271.0,,,968.46,100.0,unknown,QuantData PER_ONE_DOLLAR_MOVE; exact dollar/contract scaling unverified,QuantData
2026-08-17T16:00:00-04:00,2026-12-18,1300.0,put,0.0,0.0,,0.0,,,,,4047529.0,9502620.0,-5455091.0,-2303749.0,,2581076271.0,,,968.46,100.0,unknown,QuantData PER_ONE_DOLLAR_MOVE; exact dollar/contract scaling unverified,QuantData
2026-08-17T16:00:00-04:00,2026-12-18,1320.0,call,1400.0,6742.0,,642784.0,,,,,4047529.0,9502620.0,-5455091.0,-2303749.0,,2581076271.0,,,968.46,100.0,unknown,QuantData PER_ONE_DOLLAR_MOVE; exact dollar/contract scaling unverified,QuantData
2026-08-17T16:00:00-04:00,2026-12-18,1320.0,put,0.0,0.0,,0.0,,,,,4047529.0,9502620.0,-5455091.0,-2303749.0,,2581076271.0,,,968.46,100.0,unknown,QuantData PER_ONE_DOLLAR_MOVE; exact dollar/contract scaling unverified,QuantData
2026-08-17T16:00:00-04:00,2026-12-18,1340.0,call,14755.0,73305.0,,6680001.0,,,,,4047529.0,9502620.0,-5455091.0,-2303749.0,,2581076271.0,,,968.46,100.0,unknown,QuantData PER_ONE_DOLLAR_MOVE; exact dollar/contract scaling unverified,QuantData
2026-08-17T16:00:00-04:00,2026-12-18,1340.0,put,0.0,0.0,,0.0,,,,,4047529.0,9502620.0,-5455091.0,-2303749.0,,2581076271.0,,,968.46,100.0,unknown,QuantData PER_ONE_DOLLAR_MOVE; exact dollar/contract scaling unverified,QuantData
2026-08-17T16:00:00-04:00,2026-12-18,1360.0,call,2167.0,11090.0,,963567.0,,,,,4047529.0,9502620.0,-5455091.0,-2303749.0,,2581076271.0,,,968.46,100.0,unknown,QuantData PER_ONE_DOLLAR_MOVE; exact dollar/contract scaling unverified,QuantData
2026-08-17T16:00:00-04:00,2026-12-18,1360.0,put,0.0,0.0,,0.0,,,,,4047529.0,9502620.0,-5455091.0,-2303749.0,,2581076271.0,,,968.46,100.0,unknown,QuantData PER_ONE_DOLLAR_MOVE; exact dollar/contract scaling unverified,QuantData
2026-08-17T16:00:00-04:00,2026-12-18,1380.0,call,1779.0,8963.0,,846240.0,,,,,4047529.0,9502620.0,-5455091.0,-2303749.0,,2581076271.0,,,968.46,100.0,unknown,QuantData PER_ONE_DOLLAR_MOVE; exact dollar/contract scaling unverified,QuantData
2026-08-17T16:00:00-04:00,2026-12-18,1380.0,put,0.0,0.0,,0.0,,,,,4047529.0,9502620.0,-5455091.0,-2303749.0,,2581076271.0,,,968.46,100.0,unknown,QuantData PER_ONE_DOLLAR_MOVE; exact dollar/contract scaling unverified,QuantData
2026-08-17T16:00:00-04:00,2026-12-18,1400.0,call,19300.0,102772.0,,8654227.0,,,,,4047529.0,9502620.0,-5455091.0,-2303749.0,,2581076271.0,,,968.46,100.0,unknown,QuantData PER_ONE_DOLLAR_MOVE; exact dollar/contract scaling unverified,QuantData
2026-08-17T16:00:00-04:00,2026-12-18,1400.0,put,0.0,0.0,,0.0,,,,,4047529.0,9502620.0,-5455091.0,-2303749.0,,2581076271.0,,,968.46,100.0,unknown,QuantData PER_ONE_DOLLAR_MOVE; exact dollar/contract scaling unverified,QuantData
2026-08-17T16:00:00-04:00,2026-12-18,1420.0,call,1085.0,5820.0,,498059.0,,,,,4047529.0,9502620.0,-5455091.0,-2303749.0,,2581076271.0,,,968.46,100.0,unknown,QuantData PER_ONE_DOLLAR_MOVE; exact dollar/contract scaling unverified,QuantData
2026-08-17T16:00:00-04:00,2026-12-18,1420.0,put,0.0,0.0,,0.0,,,,,4047529.0,9502620.0,-5455091.0,-2303749.0,,2581076271.0,,,968.46,100.0,unknown,QuantData PER_ONE_DOLLAR_MOVE; exact dollar/contract scaling unverified,QuantData
2026-08-17T16:00:00-04:00,2026-12-18,1440.0,call,854.0,4716.0,,386255.0,,,,,4047529.0,9502620.0,-5455091.0,-2303749.0,,2581076271.0,,,968.46,100.0,unknown,QuantData PER_ONE_DOLLAR_MOVE; exact dollar/contract scaling unverified,QuantData
2026-08-17T16:00:00-04:00,2026-12-18,1440.0,put,0.0,0.0,,0.0,,,,,4047529.0,9502620.0,-5455091.0,-2303749.0,,2581076271.0,,,968.46,100.0,unknown,QuantData PER_ONE_DOLLAR_MOVE; exact dollar/contract scaling unverified,QuantData
2026-08-17T16:00:00-04:00,2026-12-18,1450.0,call,4826.0,27056.0,,2152506.0,,,,,4047529.0,9502620.0,-5455091.0,-2303749.0,,2581076271.0,,,968.46,100.0,unknown,QuantData PER_ONE_DOLLAR_MOVE; exact dollar/contract scaling unverified,QuantData
2026-08-17T16:00:00-04:00,2026-12-18,1450.0,put,0.0,0.0,,0.0,,,,,4047529.0,9502620.0,-5455091.0,-2303749.0,,2581076271.0,,,968.46,100.0,unknown,QuantData PER_ONE_DOLLAR_MOVE; exact dollar/contract scaling unverified,QuantData
2026-08-17T16:00:00-04:00,2026-12-18,1460.0,call,422.0,2397.0,,187805.0,,,,,4047529.0,9502620.0,-5455091.0,-2303749.0,,2581076271.0,,,968.46,100.0,unknown,QuantData PER_ONE_DOLLAR_MOVE; exact dollar/contract scaling unverified,QuantData
2026-08-17T16:00:00-04:00,2026-12-18,1460.0,put,0.0,0.0,,0.0,,,,,4047529.0,9502620.0,-5455091.0,-2303749.0,,2581076271.0,,,968.46,100.0,unknown,QuantData PER_ONE_DOLLAR_MOVE; exact dollar/contract scaling unverified,QuantData
2026-08-17T16:00:00-04:00,2026-12-18,1470.0,call,5037.0,28968.0,,2222949.0,,,,,4047529.0,9502620.0,-5455091.0,-2303749.0,,2581076271.0,,,968.46,100.0,unknown,QuantData PER_ONE_DOLLAR_MOVE; exact dollar/contract scaling unverified,QuantData
2026-08-17T16:00:00-04:00,2026-12-18,1470.0,put,0.0,0.0,,0.0,,,,,4047529.0,9502620.0,-5455091.0,-2303749.0,,2581076271.0,,,968.46,100.0,unknown,QuantData PER_ONE_DOLLAR_MOVE; exact dollar/contract scaling unverified,QuantData
2026-08-17T16:00:00-04:00,2026-12-18,1480.0,call,1593.0,9274.0,,700377.0,,,,,4047529.0,9502620.0,-5455091.0,-2303749.0,,2581076271.0,,,968.46,100.0,unknown,QuantData PER_ONE_DOLLAR_MOVE; exact dollar/contract scaling unverified,QuantData
2026-08-17T16:00:00-04:00,2026-12-18,1480.0,put,0.0,0.0,,0.0,,,,,4047529.0,9502620.0,-5455091.0,-2303749.0,,2581076271.0,,,968.46,100.0,unknown,QuantData PER_ONE_DOLLAR_MOVE; exact dollar/contract scaling unverified,QuantData
2026-08-17T16:00:00-04:00,2026-12-18,1490.0,call,12332.0,72646.0,,5391858.0,,,,,4047529.0,9502620.0,-5455091.0,-2303749.0,,2581076271.0,,,968.46,100.0,unknown,QuantData PER_ONE_DOLLAR_MOVE; exact dollar/contract scaling unverified,QuantData
2026-08-17T16:00:00-04:00,2026-12-18,1490.0,put,0.0,0.0,,0.0,,,,,4047529.0,9502620.0,-5455091.0,-2303749.0,,2581076271.0,,,968.46,100.0,unknown,QuantData PER_ONE_DOLLAR_MOVE; exact dollar/contract scaling unverified,QuantData
2026-08-17T16:00:00-04:00,2026-12-18,1500.0,call,27216.0,162444.0,,11778189.0,,,,,4047529.0,9502620.0,-5455091.0,-2303749.0,,2581076271.0,,,968.46,100.0,unknown,QuantData PER_ONE_DOLLAR_MOVE; exact dollar/contract scaling unverified,QuantData
2026-08-17T16:00:00-04:00,2026-12-18,1500.0,put,0.0,0.0,,0.0,,,,,4047529.0,9502620.0,-5455091.0,-2303749.0,,2581076271.0,,,968.46,100.0,unknown,QuantData PER_ONE_DOLLAR_MOVE; exact dollar/contract scaling unverified,QuantData
2026-08-17T16:00:00-04:00,2026-12-18,1510.0,call,4146.0,25045.0,,1784027.0,,,,,4047529.0,9502620.0,-5455091.0,-2303749.0,,2581076271.0,,,968.46,100.0,unknown,QuantData PER_ONE_DOLLAR_MOVE; exact dollar/contract scaling unverified,QuantData
2026-08-17T16:00:00-04:00,2026-12-18,1510.0,put,0.0,0.0,,0.0,,,,,4047529.0,9502620.0,-5455091.0,-2303749.0,,2581076271.0,,,968.46,100.0,unknown,QuantData PER_ONE_DOLLAR_MOVE; exact dollar/contract scaling unverified,QuantData
2026-08-17T16:00:00-04:00,2026-12-18,1520.0,call,5059.0,30895.0,,2169263.0,,,,,4047529.0,9502620.0,-5455091.0,-2303749.0,,2581076271.0,,,968.46,100.0,unknown,QuantData PER_ONE_DOLLAR_MOVE; exact dollar/contract scaling unverified,QuantData
2026-08-17T16:00:00-04:00,2026-12-18,1520.0,put,0.0,0.0,,0.0,,,,,4047529.0,9502620.0,-5455091.0,-2303749.0,,2581076271.0,,,968.46,100.0,unknown,QuantData PER_ONE_DOLLAR_MOVE; exact dollar/contract scaling unverified,QuantData
2026-08-17T16:00:00-04:00,2026-12-18,1530.0,call,1732.0,10870.0,,704298.0,,,,,4047529.0,9502620.0,-5455091.0,-2303749.0,,2581076271.0,,,968.46,100.0,unknown,QuantData PER_ONE_DOLLAR_MOVE; exact dollar/contract scaling unverified,QuantData
2026-08-17T16:00:00-04:00,2026-12-18,1530.0,put,0.0,0.0,,0.0,,,,,4047529.0,9502620.0,-5455091.0,-2303749.0,,2581076271.0,,,968.46,100.0,unknown,QuantData PER_ONE_DOLLAR_MOVE; exact dollar/contract scaling unverified,QuantData
2026-08-17T16:00:00-04:00,2026-12-18,1540.0,call,1542.0,9715.0,,636046.0,,,,,4047529.0,9502620.0,-5455091.0,-2303749.0,,2581076271.0,,,968.46,100.0,unknown,QuantData PER_ONE_DOLLAR_MOVE; exact dollar/contract scaling unverified,QuantData
2026-08-17T16:00:00-04:00,2026-12-18,1540.0,put,0.0,0.0,,0.0,,,,,4047529.0,9502620.0,-5455091.0,-2303749.0,,2581076271.0,,,968.46,100.0,unknown,QuantData PER_ONE_DOLLAR_MOVE; exact dollar/contract scaling unverified,QuantData
2026-08-17T16:00:00-04:00,2026-12-18,1550.0,call,1729.0,11006.0,,709928.0,,,,,4047529.0,9502620.0,-5455091.0,-2303749.0,,2581076271.0,,,968.46,100.0,unknown,QuantData PER_ONE_DOLLAR_MOVE; exact dollar/contract scaling unverified,QuantData
2026-08-17T16:00:00-04:00,2026-12-18,1550.0,put,0.0,0.0,,0.0,,,,,4047529.0,9502620.0,-5455091.0,-2303749.0,,2581076271.0,,,968.46,100.0,unknown,QuantData PER_ONE_DOLLAR_MOVE; exact dollar/contract scaling unverified,QuantData
2026-08-17T16:00:00-04:00,2026-12-18,1560.0,call,3402.0,21761.0,,1417767.0,,,,,4047529.0,9502620.0,-5455091.0,-2303749.0,,2581076271.0,,,968.46,100.0,unknown,QuantData PER_ONE_DOLLAR_MOVE; exact dollar/contract scaling unverified,QuantData
2026-08-17T16:00:00-04:00,2026-12-18,1560.0,put,0.0,0.0,,0.0,,,,,4047529.0,9502620.0,-5455091.0,-2303749.0,,2581076271.0,,,968.46,100.0,unknown,QuantData PER_ONE_DOLLAR_MOVE; exact dollar/contract scaling unverified,QuantData
2026-08-17T16:00:00-04:00,2026-12-18,1570.0,call,4299.0,27771.0,,1782074.0,,,,,4047529.0,9502620.0,-5455091.0,-2303749.0,,2581076271.0,,,968.46,100.0,unknown,QuantData PER_ONE_DOLLAR_MOVE; exact dollar/contract scaling unverified,QuantData
2026-08-17T16:00:00-04:00,2026-12-18,1570.0,put,0.0,0.0,,0.0,,,,,4047529.0,9502620.0,-5455091.0,-2303749.0,,2581076271.0,,,968.46,100.0,unknown,QuantData PER_ONE_DOLLAR_MOVE; exact dollar/contract scaling unverified,QuantData
2026-08-17T16:00:00-04:00,2026-12-18,1580.0,call,3941.0,25775.0,,1617174.0,,,,,4047529.0,9502620.0,-5455091.0,-2303749.0,,2581076271.0,,,968.46,100.0,unknown,QuantData PER_ONE_DOLLAR_MOVE; exact dollar/contract scaling unverified,QuantData
2026-08-17T16:00:00-04:00,2026-12-18,1580.0,put,0.0,0.0,,0.0,,,,,4047529.0,9502620.0,-5455091.0,-2303749.0,,2581076271.0,,,968.46,100.0,unknown,QuantData PER_ONE_DOLLAR_MOVE; exact dollar/contract scaling unverified,QuantData
2026-08-17T16:00:00-04:00,2026-12-18,1590.0,call,40275.0,267715.0,,16103223.0,,,,,4047529.0,9502620.0,-5455091.0,-2303749.0,,2581076271.0,,,968.46,100.0,unknown,QuantData PER_ONE_DOLLAR_MOVE; exact dollar/contract scaling unverified,QuantData
2026-08-17T16:00:00-04:00,2026-12-18,1590.0,put,0.0,0.0,,0.0,,,,,4047529.0,9502620.0,-5455091.0,-2303749.0,,2581076271.0,,,968.46,100.0,unknown,QuantData PER_ONE_DOLLAR_MOVE; exact dollar/contract scaling unverified,QuantData
2026-08-17T16:00:00-04:00,2026-12-18,1600.0,call,30199.0,202615.0,,12017462.0,,,,,4047529.0,9502620.0,-5455091.0,-2303749.0,,2581076271.0,,,968.46,100.0,unknown,QuantData PER_ONE_DOLLAR_MOVE; exact dollar/contract scaling unverified,QuantData
2026-08-17T16:00:00-04:00,2026-12-18,1600.0,put,0.0,0.0,,0.0,,,,,4047529.0,9502620.0,-5455091.0,-2303749.0,,2581076271.0,,,968.46,100.0,unknown,QuantData PER_ONE_DOLLAR_MOVE; exact dollar/contract scaling unverified,QuantData
2026-08-17T16:00:00-04:00,2027-01-15,150.0,call,1232.0,-12807.0,,69855478.0,,,,,4047529.0,9502620.0,-5455091.0,-2303749.0,,2581076271.0,,,968.46,100.0,unknown,QuantData PER_ONE_DOLLAR_MOVE; exact dollar/contract scaling unverified,QuantData
2026-08-17T16:00:00-04:00,2027-01-15,150.0,put,0.0,0.0,,0.0,,,,,4047529.0,9502620.0,-5455091.0,-2303749.0,,2581076271.0,,,968.46,100.0,unknown,QuantData PER_ONE_DOLLAR_MOVE; exact dollar/contract scaling unverified,QuantData
2026-08-17T16:00:00-04:00,2027-01-15,155.0,call,0.0,0.0,,1701810.0,,,,,4047529.0,9502620.0,-5455091.0,-2303749.0,,2581076271.0,,,968.46,100.0,unknown,QuantData PER_ONE_DOLLAR_MOVE; exact dollar/contract scaling unverified,QuantData
2026-08-17T16:00:00-04:00,2027-01-15,155.0,put,0.0,0.0,,0.0,,,,,4047529.0,9502620.0,-5455091.0,-2303749.0,,2581076271.0,,,968.46,100.0,unknown,QuantData PER_ONE_DOLLAR_MOVE; exact dollar/contract scaling unverified,QuantData
2026-08-17T16:00:00-04:00,2027-01-15,160.0,call,0.0,0.0,,0.0,,,,,4047529.0,9502620.0,-5455091.0,-2303749.0,,2581076271.0,,,968.46,100.0,unknown,QuantData PER_ONE_DOLLAR_MOVE; exact dollar/contract scaling unverified,QuantData
2026-08-17T16:00:00-04:00,2027-01-15,160.0,put,-515.0,-7362.0,,-112400.0,,,,,4047529.0,9502620.0,-5455091.0,-2303749.0,,2581076271.0,,,968.46,100.0,unknown,QuantData PER_ONE_DOLLAR_MOVE; exact dollar/contract scaling unverified,QuantData
2026-08-17T16:00:00-04:00,2027-01-15,190.0,call,0.0,0.0,,0.0,,,,,4047529.0,9502620.0,-5455091.0,-2303749.0,,2581076271.0,,,968.46,100.0,unknown,QuantData PER_ONE_DOLLAR_MOVE; exact dollar/contract scaling unverified,QuantData
2026-08-17T16:00:00-04:00,2027-01-15,190.0,put,-119.0,-1594.0,,-23422.0,,,,,4047529.0,9502620.0,-5455091.0,-2303749.0,,2581076271.0,,,968.46,100.0,unknown,QuantData PER_ONE_DOLLAR_MOVE; exact dollar/contract scaling unverified,QuantData
2026-08-17T16:00:00-04:00,2027-01-15,195.0,call,0.0,0.0,,0.0,,,,,4047529.0,9502620.0,-5455091.0,-2303749.0,,2581076271.0,,,968.46,100.0,unknown,QuantData PER_ONE_DOLLAR_MOVE; exact dollar/contract scaling unverified,QuantData
2026-08-17T16:00:00-04:00,2027-01-15,195.0,put,-36.0,-475.0,,-8002.0,,,,,4047529.0,9502620.0,-5455091.0,-2303749.0,,2581076271.0,,,968.46,100.0,unknown,QuantData PER_ONE_DOLLAR_MOVE; exact dollar/contract scaling unverified,QuantData
2026-08-17T16:00:00-04:00,2027-01-15,240.0,call,450.0,-4385.0,,10921347.0,,,,,4047529.0,9502620.0,-5455091.0,-2303749.0,,2581076271.0,,,968.46,100.0,unknown,QuantData PER_ONE_DOLLAR_MOVE; exact dollar/contract scaling unverified,QuantData
2026-08-17T16:00:00-04:00,2027-01-15,240.0,put,0.0,0.0,,0.0,,,,,4047529.0,9502620.0,-5455091.0,-2303749.0,,2581076271.0,,,968.46,100.0,unknown,QuantData PER_ONE_DOLLAR_MOVE; exact dollar/contract scaling unverified,QuantData
2026-08-17T16:00:00-04:00,2027-01-15,250.0,call,901.0,-8703.0,,20131968.0,,,,,4047529.0,9502620.0,-5455091.0,-2303749.0,,2581076271.0,,,968.46,100.0,unknown,QuantData PER_ONE_DOLLAR_MOVE; exact dollar/contract scaling unverified,QuantData
2026-08-17T16:00:00-04:00,2027-01-15,250.0,put,0.0,0.0,,0.0,,,,,4047529.0,9502620.0,-5455091.0,-2303749.0,,2581076271.0,,,968.46,100.0,unknown,QuantData PER_ONE_DOLLAR_MOVE; exact dollar/contract scaling unverified,QuantData
2026-08-17T16:00:00-04:00,2027-01-15,260.0,call,0.0,0.0,,0.0,,,,,4047529.0,9502620.0,-5455091.0,-2303749.0,,2581076271.0,,,968.46,100.0,unknown,QuantData PER_ONE_DOLLAR_MOVE; exact dollar/contract scaling unverified,QuantData
2026-08-17T16:00:00-04:00,2027-01-15,260.0,put,-772.0,-8416.0,,-172592.0,,,,,4047529.0,9502620.0,-5455091.0,-2303749.0,,2581076271.0,,,968.46,100.0,unknown,QuantData PER_ONE_DOLLAR_MOVE; exact dollar/contract scaling unverified,QuantData
2026-08-17T16:00:00-04:00,2027-01-15,280.0,call,0.0,0.0,,0.0,,,,,4047529.0,9502620.0,-5455091.0,-2303749.0,,2581076271.0,,,968.46,100.0,unknown,QuantData PER_ONE_DOLLAR_MOVE; exact dollar/contract scaling unverified,QuantData
2026-08-17T16:00:00-04:00,2027-01-15,280.0,put,-3053.0,-34122.0,,-701242.0,,,,,4047529.0,9502620.0,-5455091.0,-2303749.0,,2581076271.0,,,968.46,100.0,unknown,QuantData PER_ONE_DOLLAR_MOVE; exact dollar/contract scaling unverified,QuantData
2026-08-17T16:00:00-04:00,2027-01-15,300.0,call,0.0,0.0,,0.0,,,,,4047529.0,9502620.0,-5455091.0,-2303749.0,,2581076271.0,,,968.46,100.0,unknown,QuantData PER_ONE_DOLLAR_MOVE; exact dollar/contract scaling unverified,QuantData
2026-08-17T16:00:00-04:00,2027-01-15,300.0,put,-2174.0,-21226.0,,-541330.0,,,,,4047529.0,9502620.0,-5455091.0,-2303749.0,,2581076271.0,,,968.46,100.0,unknown,QuantData PER_ONE_DOLLAR_MOVE; exact dollar/contract scaling unverified,QuantData
2026-08-17T16:00:00-04:00,2027-01-15,310.0,call,0.0,0.0,,0.0,,,,,4047529.0,9502620.0,-5455091.0,-2303749.0,,2581076271.0,,,968.46,100.0,unknown,QuantData PER_ONE_DOLLAR_MOVE; exact dollar/contract scaling unverified,QuantData
2026-08-17T16:00:00-04:00,2027-01-15,310.0,put,-192.0,-1928.0,,-45952.0,,,,,4047529.0,9502620.0,-5455091.0,-2303749.0,,2581076271.0,,,968.46,100.0,unknown,QuantData PER_ONE_DOLLAR_MOVE; exact dollar/contract scaling unverified,QuantData
2026-08-17T16:00:00-04:00,2027-01-15,320.0,call,0.0,0.0,,0.0,,,,,4047529.0,9502620.0,-5455091.0,-2303749.0,,2581076271.0,,,968.46,100.0,unknown,QuantData PER_ONE_DOLLAR_MOVE; exact dollar/contract scaling unverified,QuantData
2026-08-17T16:00:00-04:00,2027-01-15,320.0,put,-1110.0,-11073.0,,-261755.0,,,,,4047529.0,9502620.0,-5455091.0,-2303749.0,,2581076271.0,,,968.46,100.0,unknown,QuantData PER_ONE_DOLLAR_MOVE; exact dollar/contract scaling unverified,QuantData
2026-08-17T16:00:00-04:00,2027-01-15,330.0,call,157.0,-1376.0,,1868129.0,,,,,4047529.0,9502620.0,-5455091.0,-2303749.0,,2581076271.0,,,968.46,100.0,unknown,QuantData PER_ONE_DOLLAR_MOVE; exact dollar/contract scaling unverified,QuantData
2026-08-17T16:00:00-04:00,2027-01-15,330.0,put,0.0,0.0,,0.0,,,,,4047529.0,9502620.0,-5455091.0,-2303749.0,,2581076271.0,,,968.46,100.0,unknown,QuantData PER_ONE_DOLLAR_MOVE; exact dollar/contract scaling unverified,QuantData
2026-08-17T16:00:00-04:00,2027-01-15,350.0,call,0.0,0.0,,0.0,,,,,4047529.0,9502620.0,-5455091.0,-2303749.0,,2581076271.0,,,968.46,100.0,unknown,QuantData PER_ONE_DOLLAR_MOVE; exact dollar/contract scaling unverified,QuantData
2026-08-17T16:00:00-04:00,2027-01-15,350.0,put,-1740.0,-15906.0,,-438155.0,,,,,4047529.0,9502620.0,-5455091.0,-2303749.0,,2581076271.0,,,968.46,100.0,unknown,QuantData PER_ONE_DOLLAR_MOVE; exact dollar/contract scaling unverified,QuantData
2026-08-17T16:00:00-04:00,2027-01-15,400.0,call,0.0,0.0,,0.0,,,,,4047529.0,9502620.0,-5455091.0,-2303749.0,,2581076271.0,,,968.46,100.0,unknown,QuantData PER_ONE_DOLLAR_MOVE; exact dollar/contract scaling unverified,QuantData
2026-08-17T16:00:00-04:00,2027-01-15,400.0,put,-3543.0,-28281.0,,-910785.0,,,,,4047529.0,9502620.0,-5455091.0,-2303749.0,,2581076271.0,,,968.46,100.0,unknown,QuantData PER_ONE_DOLLAR_MOVE; exact dollar/contract scaling unverified,QuantData
2026-08-17T16:00:00-04:00,2027-01-15,410.0,call,0.0,0.0,,0.0,,,,,4047529.0,9502620.0,-5455091.0,-2303749.0,,2581076271.0,,,968.46,100.0,unknown,QuantData PER_ONE_DOLLAR_MOVE; exact dollar/contract scaling unverified,QuantData
2026-08-17T16:00:00-04:00,2027-01-15,410.0,put,-2335.0,-18366.0,,-620928.0,,,,,4047529.0,9502620.0,-5455091.0,-2303749.0,,2581076271.0,,,968.46,100.0,unknown,QuantData PER_ONE_DOLLAR_MOVE; exact dollar/contract scaling unverified,QuantData
2026-08-17T16:00:00-04:00,2027-01-15,440.0,call,0.0,0.0,,0.0,,,,,4047529.0,9502620.0,-5455091.0,-2303749.0,,2581076271.0,,,968.46,100.0,unknown,QuantData PER_ONE_DOLLAR_MOVE; exact dollar/contract scaling unverified,QuantData
2026-08-17T16:00:00-04:00,2027-01-15,440.0,put,-652.0,-4719.0,,-179568.0,,,,,4047529.0,9502620.0,-5455091.0,-2303749.0,,2581076271.0,,,968.46,100.0,unknown,QuantData PER_ONE_DOLLAR_MOVE; exact dollar/contract scaling unverified,QuantData
2026-08-17T16:00:00-04:00,2027-01-15,450.0,call,0.0,0.0,,0.0,,,,,4047529.0,9502620.0,-5455091.0,-2303749.0,,2581076271.0,,,968.46,100.0,unknown,QuantData PER_ONE_DOLLAR_MOVE; exact dollar/contract scaling unverified,QuantData
2026-08-17T16:00:00-04:00,2027-01-15,450.0,put,-6441.0,-43480.0,,-1750970.0,,,,,4047529.0,9502620.0,-5455091.0,-2303749.0,,2581076271.0,,,968.46,100.0,unknown,QuantData PER_ONE_DOLLAR_MOVE; exact dollar/contract scaling unverified,QuantData
2026-08-17T16:00:00-04:00,2027-01-15,500.0,call,0.0,0.0,,0.0,,,,,4047529.0,9502620.0,-5455091.0,-2303749.0,,2581076271.0,,,968.46,100.0,unknown,QuantData PER_ONE_DOLLAR_MOVE; exact dollar/contract scaling unverified,QuantData
2026-08-17T16:00:00-04:00,2027-01-15,500.0,put,-23018.0,-136716.0,,-6659918.0,,,,,4047529.0,9502620.0,-5455091.0,-2303749.0,,2581076271.0,,,968.46,100.0,unknown,QuantData PER_ONE_DOLLAR_MOVE; exact dollar/contract scaling unverified,QuantData
2026-08-17T16:00:00-04:00,2027-01-15,510.0,call,346.0,-1756.0,,1119750.0,,,,,4047529.0,9502620.0,-5455091.0,-2303749.0,,2581076271.0,,,968.46,100.0,unknown,QuantData PER_ONE_DOLLAR_MOVE; exact dollar/contract scaling unverified,QuantData
2026-08-17T16:00:00-04:00,2027-01-15,510.0,put,0.0,0.0,,0.0,,,,,4047529.0,9502620.0,-5455091.0,-2303749.0,,2581076271.0,,,968.46,100.0,unknown,QuantData PER_ONE_DOLLAR_MOVE; exact dollar/contract scaling unverified,QuantData
2026-08-17T16:00:00-04:00,2027-01-15,540.0,call,0.0,0.0,,0.0,,,,,4047529.0,9502620.0,-5455091.0,-2303749.0,,2581076271.0,,,968.46,100.0,unknown,QuantData PER_ONE_DOLLAR_MOVE; exact dollar/contract scaling unverified,QuantData
2026-08-17T16:00:00-04:00,2027-01-15,540.0,put,-2578.0,-13412.0,,-788058.0,,,,,4047529.0,9502620.0,-5455091.0,-2303749.0,,2581076271.0,,,968.46,100.0,unknown,QuantData PER_ONE_DOLLAR_MOVE; exact dollar/contract scaling unverified,QuantData
2026-08-17T16:00:00-04:00,2027-01-15,550.0,call,0.0,0.0,,0.0,,,,,4047529.0,9502620.0,-5455091.0,-2303749.0,,2581076271.0,,,968.46,100.0,unknown,QuantData PER_ONE_DOLLAR_MOVE; exact dollar/contract scaling unverified,QuantData
2026-08-17T16:00:00-04:00,2027-01-15,550.0,put,-10933.0,-52218.0,,-3306380.0,,,,,4047529.0,9502620.0,-5455091.0,-2303749.0,,2581076271.0,,,968.46,100.0,unknown,QuantData PER_ONE_DOLLAR_MOVE; exact dollar/contract scaling unverified,QuantData
2026-08-17T16:00:00-04:00,2027-01-15,560.0,call,0.0,0.0,,0.0,,,,,4047529.0,9502620.0,-5455091.0,-2303749.0,,2581076271.0,,,968.46,100.0,unknown,QuantData PER_ONE_DOLLAR_MOVE; exact dollar/contract scaling unverified,QuantData
2026-08-17T16:00:00-04:00,2027-01-15,560.0,put,-4258.0,-20729.0,,-1319896.0,,,,,4047529.0,9502620.0,-5455091.0,-2303749.0,,2581076271.0,,,968.46,100.0,unknown,QuantData PER_ONE_DOLLAR_MOVE; exact dollar/contract scaling unverified,QuantData
2026-08-17T16:00:00-04:00,2027-01-15,570.0,call,1161.0,-5146.0,,3374744.0,,,,,4047529.0,9502620.0,-5455091.0,-2303749.0,,2581076271.0,,,968.46,100.0,unknown,QuantData PER_ONE_DOLLAR_MOVE; exact dollar/contract scaling unverified,QuantData
2026-08-17T16:00:00-04:00,2027-01-15,570.0,put,-3862.0,-15060.0,,-1184993.0,,,,,4047529.0,9502620.0,-5455091.0,-2303749.0,,2581076271.0,,,968.46,100.0,unknown,QuantData PER_ONE_DOLLAR_MOVE; exact dollar/contract scaling unverified,QuantData
2026-08-17T16:00:00-04:00,2027-01-15,580.0,call,0.0,0.0,,0.0,,,,,4047529.0,9502620.0,-5455091.0,-2303749.0,,2581076271.0,,,968.46,100.0,unknown,QuantData PER_ONE_DOLLAR_MOVE; exact dollar/contract scaling unverified,QuantData
2026-08-17T16:00:00-04:00,2027-01-15,580.0,put,-3557.0,-13780.0,,-1134774.0,,,,,4047529.0,9502620.0,-5455091.0,-2303749.0,,2581076271.0,,,968.46,100.0,unknown,QuantData PER_ONE_DOLLAR_MOVE; exact dollar/contract scaling unverified,QuantData
2026-08-17T16:00:00-04:00,2027-01-15,590.0,call,0.0,0.0,,0.0,,,,,4047529.0,9502620.0,-5455091.0,-2303749.0,,2581076271.0,,,968.46,100.0,unknown,QuantData PER_ONE_DOLLAR_MOVE; exact dollar/contract scaling unverified,QuantData
2026-08-17T16:00:00-04:00,2027-01-15,590.0,put,-4049.0,-16667.0,,-1313479.0,,,,,4047529.0,9502620.0,-5455091.0,-2303749.0,,2581076271.0,,,968.46,100.0,unknown,QuantData PER_ONE_DOLLAR_MOVE; exact dollar/contract scaling unverified,QuantData
2026-08-17T16:00:00-04:00,2027-01-15,600.0,call,8320.0,-32889.0,,20588629.0,,,,,4047529.0,9502620.0,-5455091.0,-2303749.0,,2581076271.0,,,968.46,100.0,unknown,QuantData PER_ONE_DOLLAR_MOVE; exact dollar/contract scaling unverified,QuantData
2026-08-17T16:00:00-04:00,2027-01-15,600.0,put,-21605.0,-87722.0,,-7019504.0,,,,,4047529.0,9502620.0,-5455091.0,-2303749.0,,2581076271.0,,,968.46,100.0,unknown,QuantData PER_ONE_DOLLAR_MOVE; exact dollar/contract scaling unverified,QuantData
2026-08-17T16:00:00-04:00,2027-01-15,630.0,call,0.0,0.0,,0.0,,,,,4047529.0,9502620.0,-5455091.0,-2303749.0,,2581076271.0,,,968.46,100.0,unknown,QuantData PER_ONE_DOLLAR_MOVE; exact dollar/contract scaling unverified,QuantData
2026-08-17T16:00:00-04:00,2027-01-15,630.0,put,-7741.0,-27175.0,,-2610988.0,,,,,4047529.0,9502620.0,-5455091.0,-2303749.0,,2581076271.0,,,968.46,100.0,unknown,QuantData PER_ONE_DOLLAR_MOVE; exact dollar/contract scaling unverified,QuantData
2026-08-17T16:00:00-04:00,2027-01-15,640.0,call,0.0,0.0,,0.0,,,,,4047529.0,9502620.0,-5455091.0,-2303749.0,,2581076271.0,,,968.46,100.0,unknown,QuantData PER_ONE_DOLLAR_MOVE; exact dollar/contract scaling unverified,QuantData
2026-08-17T16:00:00-04:00,2027-01-15,640.0,put,-5484.0,-18978.0,,-1895206.0,,,,,4047529.0,9502620.0,-5455091.0,-2303749.0,,2581076271.0,,,968.46,100.0,unknown,QuantData PER_ONE_DOLLAR_MOVE; exact dollar/contract scaling unverified,QuantData
2026-08-17T16:00:00-04:00,2027-01-15,650.0,call,2591.0,-8893.0,,5465751.0,,,,,4047529.0,9502620.0,-5455091.0,-2303749.0,,2581076271.0,,,968.46,100.0,unknown,QuantData PER_ONE_DOLLAR_MOVE; exact dollar/contract scaling unverified,QuantData
2026-08-17T16:00:00-04:00,2027-01-15,650.0,put,-10771.0,-34928.0,,-3770329.0,,,,,4047529.0,9502620.0,-5455091.0,-2303749.0,,2581076271.0,,,968.46,100.0,unknown,QuantData PER_ONE_DOLLAR_MOVE; exact dollar/contract scaling unverified,QuantData
2026-08-17T16:00:00-04:00,2027-01-15,670.0,call,0.0,0.0,,0.0,,,,,4047529.0,9502620.0,-5455091.0,-2303749.0,,2581076271.0,,,968.46,100.0,unknown,QuantData PER_ONE_DOLLAR_MOVE; exact dollar/contract scaling unverified,QuantData
2026-08-17T16:00:00-04:00,2027-01-15,670.0,put,-4217.0,-12117.0,,-1496277.0,,,,,4047529.0,9502620.0,-5455091.0,-2303749.0,,2581076271.0,,,968.46,100.0,unknown,QuantData PER_ONE_DOLLAR_MOVE; exact dollar/contract scaling unverified,QuantData
2026-08-17T16:00:00-04:00,2027-01-15,690.0,call,1851.0,-5589.0,,3341280.0,,,,,4047529.0,9502620.0,-5455091.0,-2303749.0,,2581076271.0,,,968.46,100.0,unknown,QuantData PER_ONE_DOLLAR_MOVE; exact dollar/contract scaling unverified,QuantData
2026-08-17T16:00:00-04:00,2027-01-15,690.0,put,0.0,0.0,,0.0,,,,,4047529.0,9502620.0,-5455091.0,-2303749.0,,2581076271.0,,,968.46,100.0,unknown,QuantData PER_ONE_DOLLAR_MOVE; exact dollar/contract scaling unverified,QuantData
2026-08-17T16:00:00-04:00,2027-01-15,700.0,call,18156.0,-36549.0,,27813050.0,,,,,4047529.0,9502620.0,-5455091.0,-2303749.0,,2581076271.0,,,968.46,100.0,unknown,QuantData PER_ONE_DOLLAR_MOVE; exact dollar/contract scaling unverified,QuantData
2026-08-17T16:00:00-04:00,2027-01-15,700.0,put,-18508.0,-43544.0,,-6875255.0,,,,,4047529.0,9502620.0,-5455091.0,-2303749.0,,2581076271.0,,,968.46,100.0,unknown,QuantData PER_ONE_DOLLAR_MOVE; exact dollar/contract scaling unverified,QuantData
2026-08-17T16:00:00-04:00,2027-01-15,710.0,call,0.0,0.0,,0.0,,,,,4047529.0,9502620.0,-5455091.0,-2303749.0,,2581076271.0,,,968.46,100.0,unknown,QuantData PER_ONE_DOLLAR_MOVE; exact dollar/contract scaling unverified,QuantData
2026-08-17T16:00:00-04:00,2027-01-15,710.0,put,-3316.0,-8046.0,,-1216568.0,,,,,4047529.0,9502620.0,-5455091.0,-2303749.0,,2581076271.0,,,968.46,100.0,unknown,QuantData PER_ONE_DOLLAR_MOVE; exact dollar/contract scaling unverified,QuantData
2026-08-17T16:00:00-04:00,2027-01-15,750.0,call,9998.0,-13347.0,,13858147.0,,,,,4047529.0,9502620.0,-5455091.0,-2303749.0,,2581076271.0,,,968.46,100.0,unknown,QuantData PER_ONE_DOLLAR_MOVE; exact dollar/contract scaling unverified,QuantData
2026-08-17T16:00:00-04:00,2027-01-15,750.0,put,0.0,0.0,,0.0,,,,,4047529.0,9502620.0,-5455091.0,-2303749.0,,2581076271.0,,,968.46,100.0,unknown,QuantData PER_ONE_DOLLAR_MOVE; exact dollar/contract scaling unverified,QuantData
2026-08-17T16:00:00-04:00,2027-01-15,760.0,call,0.0,0.0,,0.0,,,,,4047529.0,9502620.0,-5455091.0,-2303749.0,,2581076271.0,,,968.46,100.0,unknown,QuantData PER_ONE_DOLLAR_MOVE; exact dollar/contract scaling unverified,QuantData
2026-08-17T16:00:00-04:00,2027-01-15,760.0,put,-3897.0,-5885.0,,-1570428.0,,,,,4047529.0,9502620.0,-5455091.0,-2303749.0,,2581076271.0,,,968.46,100.0,unknown,QuantData PER_ONE_DOLLAR_MOVE; exact dollar/contract scaling unverified,QuantData
2026-08-17T16:00:00-04:00,2027-01-15,780.0,call,0.0,0.0,,0.0,,,,,4047529.0,9502620.0,-5455091.0,-2303749.0,,2581076271.0,,,968.46,100.0,unknown,QuantData PER_ONE_DOLLAR_MOVE; exact dollar/contract scaling unverified,QuantData
2026-08-17T16:00:00-04:00,2027-01-15,780.0,put,-3378.0,-2598.0,,-1418568.0,,,,,4047529.0,9502620.0,-5455091.0,-2303749.0,,2581076271.0,,,968.46,100.0,unknown,QuantData PER_ONE_DOLLAR_MOVE; exact dollar/contract scaling unverified,QuantData
2026-08-17T16:00:00-04:00,2027-01-15,790.0,call,0.0,0.0,,0.0,,,,,4047529.0,9502620.0,-5455091.0,-2303749.0,,2581076271.0,,,968.46,100.0,unknown,QuantData PER_ONE_DOLLAR_MOVE; exact dollar/contract scaling unverified,QuantData
2026-08-17T16:00:00-04:00,2027-01-15,790.0,put,-2330.0,-2325.0,,-984225.0,,,,,4047529.0,9502620.0,-5455091.0,-2303749.0,,2581076271.0,,,968.46,100.0,unknown,QuantData PER_ONE_DOLLAR_MOVE; exact dollar/contract scaling unverified,QuantData
2026-08-17T16:00:00-04:00,2027-01-15,800.0,call,28137.0,-29588.0,,37674753.0,,,,,4047529.0,9502620.0,-5455091.0,-2303749.0,,2581076271.0,,,968.46,100.0,unknown,QuantData PER_ONE_DOLLAR_MOVE; exact dollar/contract scaling unverified,QuantData
2026-08-17T16:00:00-04:00,2027-01-15,800.0,put,-69468.0,-58940.0,,-29438081.0,,,,,4047529.0,9502620.0,-5455091.0,-2303749.0,,2581076271.0,,,968.46,100.0,unknown,QuantData PER_ONE_DOLLAR_MOVE; exact dollar/contract scaling unverified,QuantData
2026-08-17T16:00:00-04:00,2027-01-15,810.0,call,1162.0,-1019.0,,1492214.0,,,,,4047529.0,9502620.0,-5455091.0,-2303749.0,,2581076271.0,,,968.46,100.0,unknown,QuantData PER_ONE_DOLLAR_MOVE; exact dollar/contract scaling unverified,QuantData
2026-08-17T16:00:00-04:00,2027-01-15,810.0,put,-3343.0,-3024.0,,-1438170.0,,,,,4047529.0,9502620.0,-5455091.0,-2303749.0,,2581076271.0,,,968.46,100.0,unknown,QuantData PER_ONE_DOLLAR_MOVE; exact dollar/contract scaling unverified,QuantData
2026-08-17T16:00:00-04:00,2027-01-15,850.0,call,5516.0,-1595.0,,6346834.0,,,,,4047529.0,9502620.0,-5455091.0,-2303749.0,,2581076271.0,,,968.46,100.0,unknown,QuantData PER_ONE_DOLLAR_MOVE; exact dollar/contract scaling unverified,QuantData
2026-08-17T16:00:00-04:00,2027-01-15,850.0,put,-23116.0,-5431.0,,-10433127.0,,,,,4047529.0,9502620.0,-5455091.0,-2303749.0,,2581076271.0,,,968.46,100.0,unknown,QuantData PER_ONE_DOLLAR_MOVE; exact dollar/contract scaling unverified,QuantData
2026-08-17T16:00:00-04:00,2027-01-15,880.0,call,9951.0,1148.0,,10916805.0,,,,,4047529.0,9502620.0,-5455091.0,-2303749.0,,2581076271.0,,,968.46,100.0,unknown,QuantData PER_ONE_DOLLAR_MOVE; exact dollar/contract scaling unverified,QuantData
2026-08-17T16:00:00-04:00,2027-01-15,880.0,put,0.0,0.0,,0.0,,,,,4047529.0,9502620.0,-5455091.0,-2303749.0,,2581076271.0,,,968.46,100.0,unknown,QuantData PER_ONE_DOLLAR_MOVE; exact dollar/contract scaling unverified,QuantData
2026-08-17T16:00:00-04:00,2027-01-15,890.0,call,35277.0,17747.0,,35083591.0,,,,,4047529.0,9502620.0,-5455091.0,-2303749.0,,2581076271.0,,,968.46,100.0,unknown,QuantData PER_ONE_DOLLAR_MOVE; exact dollar/contract scaling unverified,QuantData
2026-08-17T16:00:00-04:00,2027-01-15,890.0,put,0.0,0.0,,0.0,,,,,4047529.0,9502620.0,-5455091.0,-2303749.0,,2581076271.0,,,968.46,100.0,unknown,QuantData PER_ONE_DOLLAR_MOVE; exact dollar/contract scaling unverified,QuantData
2026-08-17T16:00:00-04:00,2027-01-15,900.0,call,19848.0,6598.0,,20664281.0,,,,,4047529.0,9502620.0,-5455091.0,-2303749.0,,2581076271.0,,,968.46,100.0,unknown,QuantData PER_ONE_DOLLAR_MOVE; exact dollar/contract scaling unverified,QuantData
2026-08-17T16:00:00-04:00,2027-01-15,900.0,put,-4973.0,2009.0,,-2413096.0,,,,,4047529.0,9502620.0,-5455091.0,-2303749.0,,2581076271.0,,,968.46,100.0,unknown,QuantData PER_ONE_DOLLAR_MOVE; exact dollar/contract scaling unverified,QuantData
2026-08-17T16:00:00-04:00,2027-01-15,920.0,call,3511.0,2294.0,,3516825.0,,,,,4047529.0,9502620.0,-5455091.0,-2303749.0,,2581076271.0,,,968.46,100.0,unknown,QuantData PER_ONE_DOLLAR_MOVE; exact dollar/contract scaling unverified,QuantData
2026-08-17T16:00:00-04:00,2027-01-15,920.0,put,-1322.0,1488.0,,-671259.0,,,,,4047529.0,9502620.0,-5455091.0,-2303749.0,,2581076271.0,,,968.46,100.0,unknown,QuantData PER_ONE_DOLLAR_MOVE; exact dollar/contract scaling unverified,QuantData
2026-08-17T16:00:00-04:00,2027-01-15,930.0,call,4041.0,3239.0,,3913433.0,,,,,4047529.0,9502620.0,-5455091.0,-2303749.0,,2581076271.0,,,968.46,100.0,unknown,QuantData PER_ONE_DOLLAR_MOVE; exact dollar/contract scaling unverified,QuantData
2026-08-17T16:00:00-04:00,2027-01-15,930.0,put,0.0,0.0,,0.0,,,,,4047529.0,9502620.0,-5455091.0,-2303749.0,,2581076271.0,,,968.46,100.0,unknown,QuantData PER_ONE_DOLLAR_MOVE; exact dollar/contract scaling unverified,QuantData
2026-08-17T16:00:00-04:00,2027-01-15,950.0,call,8767.0,8949.0,,8107672.0,,,,,4047529.0,9502620.0,-5455091.0,-2303749.0,,2581076271.0,,,968.46,100.0,unknown,QuantData PER_ONE_DOLLAR_MOVE; exact dollar/contract scaling unverified,QuantData
2026-08-17T16:00:00-04:00,2027-01-15,950.0,put,0.0,0.0,,0.0,,,,,4047529.0,9502620.0,-5455091.0,-2303749.0,,2581076271.0,,,968.46,100.0,unknown,QuantData PER_ONE_DOLLAR_MOVE; exact dollar/contract scaling unverified,QuantData
2026-08-17T16:00:00-04:00,2027-01-15,960.0,call,2880.0,3747.0,,2506872.0,,,,,4047529.0,9502620.0,-5455091.0,-2303749.0,,2581076271.0,,,968.46,100.0,unknown,QuantData PER_ONE_DOLLAR_MOVE; exact dollar/contract scaling unverified,QuantData
2026-08-17T16:00:00-04:00,2027-01-15,960.0,put,0.0,0.0,,0.0,,,,,4047529.0,9502620.0,-5455091.0,-2303749.0,,2581076271.0,,,968.46,100.0,unknown,QuantData PER_ONE_DOLLAR_MOVE; exact dollar/contract scaling unverified,QuantData
2026-08-17T16:00:00-04:00,2027-01-15,970.0,call,2697.0,3403.0,,2448176.0,,,,,4047529.0,9502620.0,-5455091.0,-2303749.0,,2581076271.0,,,968.46,100.0,unknown,QuantData PER_ONE_DOLLAR_MOVE; exact dollar/contract scaling unverified,QuantData
2026-08-17T16:00:00-04:00,2027-01-15,970.0,put,0.0,0.0,,0.0,,,,,4047529.0,9502620.0,-5455091.0,-2303749.0,,2581076271.0,,,968.46,100.0,unknown,QuantData PER_ONE_DOLLAR_MOVE; exact dollar/contract scaling unverified,QuantData
2026-08-17T16:00:00-04:00,2027-01-15,980.0,call,4311.0,6003.0,,3844871.0,,,,,4047529.0,9502620.0,-5455091.0,-2303749.0,,2581076271.0,,,968.46,100.0,unknown,QuantData PER_ONE_DOLLAR_MOVE; exact dollar/contract scaling unverified,QuantData
2026-08-17T16:00:00-04:00,2027-01-15,980.0,put,-894.0,1423.0,,-483018.0,,,,,4047529.0,9502620.0,-5455091.0,-2303749.0,,2581076271.0,,,968.46,100.0,unknown,QuantData PER_ONE_DOLLAR_MOVE; exact dollar/contract scaling unverified,QuantData
2026-08-17T16:00:00-04:00,2027-01-15,990.0,call,9978.0,15394.0,,8543168.0,,,,,4047529.0,9502620.0,-5455091.0,-2303749.0,,2581076271.0,,,968.46,100.0,unknown,QuantData PER_ONE_DOLLAR_MOVE; exact dollar/contract scaling unverified,QuantData
2026-08-17T16:00:00-04:00,2027-01-15,990.0,put,-1233.0,1889.0,,-671222.0,,,,,4047529.0,9502620.0,-5455091.0,-2303749.0,,2581076271.0,,,968.46,100.0,unknown,QuantData PER_ONE_DOLLAR_MOVE; exact dollar/contract scaling unverified,QuantData
2026-08-17T16:00:00-04:00,2027-01-15,1000.0,call,44744.0,77308.0,,37816450.0,,,,,4047529.0,9502620.0,-5455091.0,-2303749.0,,2581076271.0,,,968.46,100.0,unknown,QuantData PER_ONE_DOLLAR_MOVE; exact dollar/contract scaling unverified,QuantData
2026-08-17T16:00:00-04:00,2027-01-15,1000.0,put,-24937.0,41451.0,,-13662995.0,,,,,4047529.0,9502620.0,-5455091.0,-2303749.0,,2581076271.0,,,968.46,100.0,unknown,QuantData PER_ONE_DOLLAR_MOVE; exact dollar/contract scaling unverified,QuantData
2026-08-17T16:00:00-04:00,2027-01-15,1020.0,call,1857.0,3544.0,,1520212.0,,,,,4047529.0,9502620.0,-5455091.0,-2303749.0,,2581076271.0,,,968.46,100.0,unknown,QuantData PER_ONE_DOLLAR_MOVE; exact dollar/contract scaling unverified,QuantData
2026-08-17T16:00:00-04:00,2027-01-15,1020.0,put,0.0,0.0,,0.0,,,,,4047529.0,9502620.0,-5455091.0,-2303749.0,,2581076271.0,,,968.46,100.0,unknown,QuantData PER_ONE_DOLLAR_MOVE; exact dollar/contract scaling unverified,QuantData
2026-08-17T16:00:00-04:00,2027-01-15,1030.0,call,3957.0,7955.0,,3180973.0,,,,,4047529.0,9502620.0,-5455091.0,-2303749.0,,2581076271.0,,,968.46,100.0,unknown,QuantData PER_ONE_DOLLAR_MOVE; exact dollar/contract scaling unverified,QuantData
2026-08-17T16:00:00-04:00,2027-01-15,1030.0,put,0.0,0.0,,0.0,,,,,4047529.0,9502620.0,-5455091.0,-2303749.0,,2581076271.0,,,968.46,100.0,unknown,QuantData PER_ONE_DOLLAR_MOVE; exact dollar/contract scaling unverified,QuantData
2026-08-17T16:00:00-04:00,2027-01-15,1050.0,call,6869.0,15002.0,,5432085.0,,,,,4047529.0,9502620.0,-5455091.0,-2303749.0,,2581076271.0,,,968.46,100.0,unknown,QuantData PER_ONE_DOLLAR_MOVE; exact dollar/contract scaling unverified,QuantData
2026-08-17T16:00:00-04:00,2027-01-15,1050.0,put,0.0,0.0,,0.0,,,,,4047529.0,9502620.0,-5455091.0,-2303749.0,,2581076271.0,,,968.46,100.0,unknown,QuantData PER_ONE_DOLLAR_MOVE; exact dollar/contract scaling unverified,QuantData
2026-08-17T16:00:00-04:00,2027-01-15,1070.0,call,720.0,1700.0,,567007.0,,,,,4047529.0,9502620.0,-5455091.0,-2303749.0,,2581076271.0,,,968.46,100.0,unknown,QuantData PER_ONE_DOLLAR_MOVE; exact dollar/contract scaling unverified,QuantData
2026-08-17T16:00:00-04:00,2027-01-15,1070.0,put,0.0,0.0,,0.0,,,,,4047529.0,9502620.0,-5455091.0,-2303749.0,,2581076271.0,,,968.46,100.0,unknown,QuantData PER_ONE_DOLLAR_MOVE; exact dollar/contract scaling unverified,QuantData
2026-08-17T16:00:00-04:00,2027-01-15,1080.0,call,2026.0,4984.0,,1571566.0,,,,,4047529.0,9502620.0,-5455091.0,-2303749.0,,2581076271.0,,,968.46,100.0,unknown,QuantData PER_ONE_DOLLAR_MOVE; exact dollar/contract scaling unverified,QuantData
2026-08-17T16:00:00-04:00,2027-01-15,1080.0,put,0.0,0.0,,0.0,,,,,4047529.0,9502620.0,-5455091.0,-2303749.0,,2581076271.0,,,968.46,100.0,unknown,QuantData PER_ONE_DOLLAR_MOVE; exact dollar/contract scaling unverified,QuantData
2026-08-17T16:00:00-04:00,2027-01-15,1090.0,call,2903.0,7486.0,,2212516.0,,,,,4047529.0,9502620.0,-5455091.0,-2303749.0,,2581076271.0,,,968.46,100.0,unknown,QuantData PER_ONE_DOLLAR_MOVE; exact dollar/contract scaling unverified,QuantData
2026-08-17T16:00:00-04:00,2027-01-15,1090.0,put,0.0,0.0,,0.0,,,,,4047529.0,9502620.0,-5455091.0,-2303749.0,,2581076271.0,,,968.46,100.0,unknown,QuantData PER_ONE_DOLLAR_MOVE; exact dollar/contract scaling unverified,QuantData
2026-08-17T16:00:00-04:00,2027-01-15,1100.0,call,27066.0,72667.0,,20003784.0,,,,,4047529.0,9502620.0,-5455091.0,-2303749.0,,2581076271.0,,,968.46,100.0,unknown,QuantData PER_ONE_DOLLAR_MOVE; exact dollar/contract scaling unverified,QuantData
2026-08-17T16:00:00-04:00,2027-01-15,1100.0,put,0.0,0.0,,0.0,,,,,4047529.0,9502620.0,-5455091.0,-2303749.0,,2581076271.0,,,968.46,100.0,unknown,QuantData PER_ONE_DOLLAR_MOVE; exact dollar/contract scaling unverified,QuantData
2026-08-17T16:00:00-04:00,2027-01-15,1110.0,call,2332.0,6625.0,,1705934.0,,,,,4047529.0,9502620.0,-5455091.0,-2303749.0,,2581076271.0,,,968.46,100.0,unknown,QuantData PER_ONE_DOLLAR_MOVE; exact dollar/contract scaling unverified,QuantData
2026-08-17T16:00:00-04:00,2027-01-15,1110.0,put,0.0,0.0,,0.0,,,,,4047529.0,9502620.0,-5455091.0,-2303749.0,,2581076271.0,,,968.46,100.0,unknown,QuantData PER_ONE_DOLLAR_MOVE; exact dollar/contract scaling unverified,QuantData
2026-08-17T16:00:00-04:00,2027-01-15,1120.0,call,3638.0,10582.0,,2662742.0,,,,,4047529.0,9502620.0,-5455091.0,-2303749.0,,2581076271.0,,,968.46,100.0,unknown,QuantData PER_ONE_DOLLAR_MOVE; exact dollar/contract scaling unverified,QuantData
2026-08-17T16:00:00-04:00,2027-01-15,1120.0,put,0.0,0.0,,0.0,,,,,4047529.0,9502620.0,-5455091.0,-2303749.0,,2581076271.0,,,968.46,100.0,unknown,QuantData PER_ONE_DOLLAR_MOVE; exact dollar/contract scaling unverified,QuantData
2026-08-17T16:00:00-04:00,2027-01-15,1130.0,call,39293.0,117386.0,,28386983.0,,,,,4047529.0,9502620.0,-5455091.0,-2303749.0,,2581076271.0,,,968.46,100.0,unknown,QuantData PER_ONE_DOLLAR_MOVE; exact dollar/contract scaling unverified,QuantData
2026-08-17T16:00:00-04:00,2027-01-15,1130.0,put,0.0,0.0,,0.0,,,,,4047529.0,9502620.0,-5455091.0,-2303749.0,,2581076271.0,,,968.46,100.0,unknown,QuantData PER_ONE_DOLLAR_MOVE; exact dollar/contract scaling unverified,QuantData
2026-08-17T16:00:00-04:00,2027-01-15,1140.0,call,12785.0,40369.0,,8911202.0,,,,,4047529.0,9502620.0,-5455091.0,-2303749.0,,2581076271.0,,,968.46,100.0,unknown,QuantData PER_ONE_DOLLAR_MOVE; exact dollar/contract scaling unverified,QuantData
2026-08-17T16:00:00-04:00,2027-01-15,1140.0,put,0.0,0.0,,0.0,,,,,4047529.0,9502620.0,-5455091.0,-2303749.0,,2581076271.0,,,968.46,100.0,unknown,QuantData PER_ONE_DOLLAR_MOVE; exact dollar/contract scaling unverified,QuantData
2026-08-17T16:00:00-04:00,2027-01-15,1150.0,call,10904.0,35035.0,,7577343.0,,,,,4047529.0,9502620.0,-5455091.0,-2303749.0,,2581076271.0,,,968.46,100.0,unknown,QuantData PER_ONE_DOLLAR_MOVE; exact dollar/contract scaling unverified,QuantData
2026-08-17T16:00:00-04:00,2027-01-15,1150.0,put,0.0,0.0,,0.0,,,,,4047529.0,9502620.0,-5455091.0,-2303749.0,,2581076271.0,,,968.46,100.0,unknown,QuantData PER_ONE_DOLLAR_MOVE; exact dollar/contract scaling unverified,QuantData
2026-08-17T16:00:00-04:00,2027-01-15,1160.0,call,2791.0,9436.0,,1889657.0,,,,,4047529.0,9502620.0,-5455091.0,-2303749.0,,2581076271.0,,,968.46,100.0,unknown,QuantData PER_ONE_DOLLAR_MOVE; exact dollar/contract scaling unverified,QuantData
2026-08-17T16:00:00-04:00,2027-01-15,1160.0,put,0.0,0.0,,0.0,,,,,4047529.0,9502620.0,-5455091.0,-2303749.0,,2581076271.0,,,968.46,100.0,unknown,QuantData PER_ONE_DOLLAR_MOVE; exact dollar/contract scaling unverified,QuantData
2026-08-17T16:00:00-04:00,2027-01-15,1170.0,call,1246.0,4341.0,,834819.0,,,,,4047529.0,9502620.0,-5455091.0,-2303749.0,,2581076271.0,,,968.46,100.0,unknown,QuantData PER_ONE_DOLLAR_MOVE; exact dollar/contract scaling unverified,QuantData
2026-08-17T16:00:00-04:00,2027-01-15,1170.0,put,0.0,0.0,,0.0,,,,,4047529.0,9502620.0,-5455091.0,-2303749.0,,2581076271.0,,,968.46,100.0,unknown,QuantData PER_ONE_DOLLAR_MOVE; exact dollar/contract scaling unverified,QuantData
2026-08-17T16:00:00-04:00,2027-01-15,1180.0,call,7298.0,25991.0,,4817517.0,,,,,4047529.0,9502620.0,-5455091.0,-2303749.0,,2581076271.0,,,968.46,100.0,unknown,QuantData PER_ONE_DOLLAR_MOVE; exact dollar/contract scaling unverified,QuantData
2026-08-17T16:00:00-04:00,2027-01-15,1180.0,put,0.0,0.0,,0.0,,,,,4047529.0,9502620.0,-5455091.0,-2303749.0,,2581076271.0,,,968.46,100.0,unknown,QuantData PER_ONE_DOLLAR_MOVE; exact dollar/contract scaling unverified,QuantData
2026-08-17T16:00:00-04:00,2027-01-15,1190.0,call,3720.0,13672.0,,2383881.0,,,,,4047529.0,9502620.0,-5455091.0,-2303749.0,,2581076271.0,,,968.46,100.0,unknown,QuantData PER_ONE_DOLLAR_MOVE; exact dollar/contract scaling unverified,QuantData
2026-08-17T16:00:00-04:00,2027-01-15,1190.0,put,0.0,0.0,,0.0,,,,,4047529.0,9502620.0,-5455091.0,-2303749.0,,2581076271.0,,,968.46,100.0,unknown,QuantData PER_ONE_DOLLAR_MOVE; exact dollar/contract scaling unverified,QuantData
2026-08-17T16:00:00-04:00,2027-01-15,1200.0,call,28575.0,105653.0,,18916289.0,,,,,4047529.0,9502620.0,-5455091.0,-2303749.0,,2581076271.0,,,968.46,100.0,unknown,QuantData PER_ONE_DOLLAR_MOVE; exact dollar/contract scaling unverified,QuantData
2026-08-17T16:00:00-04:00,2027-01-15,1200.0,put,0.0,0.0,,0.0,,,,,4047529.0,9502620.0,-5455091.0,-2303749.0,,2581076271.0,,,968.46,100.0,unknown,QuantData PER_ONE_DOLLAR_MOVE; exact dollar/contract scaling unverified,QuantData
2026-08-17T16:00:00-04:00,2027-01-15,1210.0,call,799.0,3048.0,,525046.0,,,,,4047529.0,9502620.0,-5455091.0,-2303749.0,,2581076271.0,,,968.46,100.0,unknown,QuantData PER_ONE_DOLLAR_MOVE; exact dollar/contract scaling unverified,QuantData
2026-08-17T16:00:00-04:00,2027-01-15,1210.0,put,0.0,0.0,,0.0,,,,,4047529.0,9502620.0,-5455091.0,-2303749.0,,2581076271.0,,,968.46,100.0,unknown,QuantData PER_ONE_DOLLAR_MOVE; exact dollar/contract scaling unverified,QuantData
2026-08-17T16:00:00-04:00,2027-01-15,1220.0,call,2054.0,8254.0,,1267619.0,,,,,4047529.0,9502620.0,-5455091.0,-2303749.0,,2581076271.0,,,968.46,100.0,unknown,QuantData PER_ONE_DOLLAR_MOVE; exact dollar/contract scaling unverified,QuantData
2026-08-17T16:00:00-04:00,2027-01-15,1220.0,put,0.0,0.0,,0.0,,,,,4047529.0,9502620.0,-5455091.0,-2303749.0,,2581076271.0,,,968.46,100.0,unknown,QuantData PER_ONE_DOLLAR_MOVE; exact dollar/contract scaling unverified,QuantData
2026-08-17T16:00:00-04:00,2027-01-15,1230.0,call,1521.0,6247.0,,944055.0,,,,,4047529.0,9502620.0,-5455091.0,-2303749.0,,2581076271.0,,,968.46,100.0,unknown,QuantData PER_ONE_DOLLAR_MOVE; exact dollar/contract scaling unverified,QuantData
2026-08-17T16:00:00-04:00,2027-01-15,1230.0,put,0.0,0.0,,0.0,,,,,4047529.0,9502620.0,-5455091.0,-2303749.0,,2581076271.0,,,968.46,100.0,unknown,QuantData PER_ONE_DOLLAR_MOVE; exact dollar/contract scaling unverified,QuantData
2026-08-17T16:00:00-04:00,2027-01-15,1240.0,call,1673.0,7026.0,,1019861.0,,,,,4047529.0,9502620.0,-5455091.0,-2303749.0,,2581076271.0,,,968.46,100.0,unknown,QuantData PER_ONE_DOLLAR_MOVE; exact dollar/contract scaling unverified,QuantData
2026-08-17T16:00:00-04:00,2027-01-15,1240.0,put,0.0,0.0,,0.0,,,,,4047529.0,9502620.0,-5455091.0,-2303749.0,,2581076271.0,,,968.46,100.0,unknown,QuantData PER_ONE_DOLLAR_MOVE; exact dollar/contract scaling unverified,QuantData
2026-08-17T16:00:00-04:00,2027-01-15,1250.0,call,6055.0,26308.0,,3556057.0,,,,,4047529.0,9502620.0,-5455091.0,-2303749.0,,2581076271.0,,,968.46,100.0,unknown,QuantData PER_ONE_DOLLAR_MOVE; exact dollar/contract scaling unverified,QuantData
2026-08-17T16:00:00-04:00,2027-01-15,1250.0,put,0.0,0.0,,0.0,,,,,4047529.0,9502620.0,-5455091.0,-2303749.0,,2581076271.0,,,968.46,100.0,unknown,QuantData PER_ONE_DOLLAR_MOVE; exact dollar/contract scaling unverified,QuantData
2026-08-17T16:00:00-04:00,2027-01-15,1270.0,call,2317.0,10521.0,,1329495.0,,,,,4047529.0,9502620.0,-5455091.0,-2303749.0,,2581076271.0,,,968.46,100.0,unknown,QuantData PER_ONE_DOLLAR_MOVE; exact dollar/contract scaling unverified,QuantData
2026-08-17T16:00:00-04:00,2027-01-15,1270.0,put,0.0,0.0,,0.0,,,,,4047529.0,9502620.0,-5455091.0,-2303749.0,,2581076271.0,,,968.46,100.0,unknown,QuantData PER_ONE_DOLLAR_MOVE; exact dollar/contract scaling unverified,QuantData
2026-08-17T16:00:00-04:00,2027-01-15,1280.0,call,3811.0,17642.0,,2177270.0,,,,,4047529.0,9502620.0,-5455091.0,-2303749.0,,2581076271.0,,,968.46,100.0,unknown,QuantData PER_ONE_DOLLAR_MOVE; exact dollar/contract scaling unverified,QuantData
2026-08-17T16:00:00-04:00,2027-01-15,1280.0,put,0.0,0.0,,0.0,,,,,4047529.0,9502620.0,-5455091.0,-2303749.0,,2581076271.0,,,968.46,100.0,unknown,QuantData PER_ONE_DOLLAR_MOVE; exact dollar/contract scaling unverified,QuantData
2026-08-17T16:00:00-04:00,2027-01-15,1290.0,call,1151.0,5437.0,,647388.0,,,,,4047529.0,9502620.0,-5455091.0,-2303749.0,,2581076271.0,,,968.46,100.0,unknown,QuantData PER_ONE_DOLLAR_MOVE; exact dollar/contract scaling unverified,QuantData
2026-08-17T16:00:00-04:00,2027-01-15,1290.0,put,0.0,0.0,,0.0,,,,,4047529.0,9502620.0,-5455091.0,-2303749.0,,2581076271.0,,,968.46,100.0,unknown,QuantData PER_ONE_DOLLAR_MOVE; exact dollar/contract scaling unverified,QuantData
2026-08-17T16:00:00-04:00,2027-01-15,1300.0,call,11181.0,53818.0,,6219607.0,,,,,4047529.0,9502620.0,-5455091.0,-2303749.0,,2581076271.0,,,968.46,100.0,unknown,QuantData PER_ONE_DOLLAR_MOVE; exact dollar/contract scaling unverified,QuantData
2026-08-17T16:00:00-04:00,2027-01-15,1300.0,put,0.0,0.0,,0.0,,,,,4047529.0,9502620.0,-5455091.0,-2303749.0,,2581076271.0,,,968.46,100.0,unknown,QuantData PER_ONE_DOLLAR_MOVE; exact dollar/contract scaling unverified,QuantData
2026-08-17T16:00:00-04:00,2027-01-15,1310.0,call,8262.0,40613.0,,4537540.0,,,,,4047529.0,9502620.0,-5455091.0,-2303749.0,,2581076271.0,,,968.46,100.0,unknown,QuantData PER_ONE_DOLLAR_MOVE; exact dollar/contract scaling unverified,QuantData
2026-08-17T16:00:00-04:00,2027-01-15,1310.0,put,0.0,0.0,,0.0,,,,,4047529.0,9502620.0,-5455091.0,-2303749.0,,2581076271.0,,,968.46,100.0,unknown,QuantData PER_ONE_DOLLAR_MOVE; exact dollar/contract scaling unverified,QuantData
2026-08-17T16:00:00-04:00,2027-01-15,1320.0,call,425.0,2130.0,,231560.0,,,,,4047529.0,9502620.0,-5455091.0,-2303749.0,,2581076271.0,,,968.46,100.0,unknown,QuantData PER_ONE_DOLLAR_MOVE; exact dollar/contract scaling unverified,QuantData
2026-08-17T16:00:00-04:00,2027-01-15,1320.0,put,0.0,0.0,,0.0,,,,,4047529.0,9502620.0,-5455091.0,-2303749.0,,2581076271.0,,,968.46,100.0,unknown,QuantData PER_ONE_DOLLAR_MOVE; exact dollar/contract scaling unverified,QuantData
2026-08-17T16:00:00-04:00,2027-01-15,1330.0,call,644.0,3230.0,,354417.0,,,,,4047529.0,9502620.0,-5455091.0,-2303749.0,,2581076271.0,,,968.46,100.0,unknown,QuantData PER_ONE_DOLLAR_MOVE; exact dollar/contract scaling unverified,QuantData
2026-08-17T16:00:00-04:00,2027-01-15,1330.0,put,0.0,0.0,,0.0,,,,,4047529.0,9502620.0,-5455091.0,-2303749.0,,2581076271.0,,,968.46,100.0,unknown,QuantData PER_ONE_DOLLAR_MOVE; exact dollar/contract scaling unverified,QuantData
2026-08-17T16:00:00-04:00,2027-01-15,1340.0,call,1122.0,5836.0,,594644.0,,,,,4047529.0,9502620.0,-5455091.0,-2303749.0,,2581076271.0,,,968.46,100.0,unknown,QuantData PER_ONE_DOLLAR_MOVE; exact dollar/contract scaling unverified,QuantData
2026-08-17T16:00:00-04:00,2027-01-15,1340.0,put,0.0,0.0,,0.0,,,,,4047529.0,9502620.0,-5455091.0,-2303749.0,,2581076271.0,,,968.46,100.0,unknown,QuantData PER_ONE_DOLLAR_MOVE; exact dollar/contract scaling unverified,QuantData
2026-08-17T16:00:00-04:00,2027-01-15,1350.0,call,2028.0,10670.0,,1075344.0,,,,,4047529.0,9502620.0,-5455091.0,-2303749.0,,2581076271.0,,,968.46,100.0,unknown,QuantData PER_ONE_DOLLAR_MOVE; exact dollar/contract scaling unverified,QuantData
2026-08-17T16:00:00-04:00,2027-01-15,1350.0,put,0.0,0.0,,0.0,,,,,4047529.0,9502620.0,-5455091.0,-2303749.0,,2581076271.0,,,968.46,100.0,unknown,QuantData PER_ONE_DOLLAR_MOVE; exact dollar/contract scaling unverified,QuantData
2026-08-17T16:00:00-04:00,2027-01-15,1360.0,call,2233.0,11944.0,,1168047.0,,,,,4047529.0,9502620.0,-5455091.0,-2303749.0,,2581076271.0,,,968.46,100.0,unknown,QuantData PER_ONE_DOLLAR_MOVE; exact dollar/contract scaling unverified,QuantData
2026-08-17T16:00:00-04:00,2027-01-15,1360.0,put,0.0,0.0,,0.0,,,,,4047529.0,9502620.0,-5455091.0,-2303749.0,,2581076271.0,,,968.46,100.0,unknown,QuantData PER_ONE_DOLLAR_MOVE; exact dollar/contract scaling unverified,QuantData
2026-08-17T16:00:00-04:00,2027-01-15,1370.0,call,5355.0,28524.0,,2873380.0,,,,,4047529.0,9502620.0,-5455091.0,-2303749.0,,2581076271.0,,,968.46,100.0,unknown,QuantData PER_ONE_DOLLAR_MOVE; exact dollar/contract scaling unverified,QuantData
2026-08-17T16:00:00-04:00,2027-01-15,1370.0,put,0.0,0.0,,0.0,,,,,4047529.0,9502620.0,-5455091.0,-2303749.0,,2581076271.0,,,968.46,100.0,unknown,QuantData PER_ONE_DOLLAR_MOVE; exact dollar/contract scaling unverified,QuantData
2026-08-17T16:00:00-04:00,2027-01-15,1380.0,call,1994.0,11070.0,,1011862.0,,,,,4047529.0,9502620.0,-5455091.0,-2303749.0,,2581076271.0,,,968.46,100.0,unknown,QuantData PER_ONE_DOLLAR_MOVE; exact dollar/contract scaling unverified,QuantData
2026-08-17T16:00:00-04:00,2027-01-15,1380.0,put,0.0,0.0,,0.0,,,,,4047529.0,9502620.0,-5455091.0,-2303749.0,,2581076271.0,,,968.46,100.0,unknown,QuantData PER_ONE_DOLLAR_MOVE; exact dollar/contract scaling unverified,QuantData
2026-08-17T16:00:00-04:00,2027-01-15,1390.0,call,3137.0,17709.0,,1573447.0,,,,,4047529.0,9502620.0,-5455091.0,-2303749.0,,2581076271.0,,,968.46,100.0,unknown,QuantData PER_ONE_DOLLAR_MOVE; exact dollar/contract scaling unverified,QuantData
2026-08-17T16:00:00-04:00,2027-01-15,1390.0,put,0.0,0.0,,0.0,,,,,4047529.0,9502620.0,-5455091.0,-2303749.0,,2581076271.0,,,968.46,100.0,unknown,QuantData PER_ONE_DOLLAR_MOVE; exact dollar/contract scaling unverified,QuantData
2026-08-17T16:00:00-04:00,2027-01-15,1400.0,call,18992.0,104182.0,,10421381.0,,,,,4047529.0,9502620.0,-5455091.0,-2303749.0,,2581076271.0,,,968.46,100.0,unknown,QuantData PER_ONE_DOLLAR_MOVE; exact dollar/contract scaling unverified,QuantData
2026-08-17T16:00:00-04:00,2027-01-15,1400.0,put,0.0,0.0,,0.0,,,,,4047529.0,9502620.0,-5455091.0,-2303749.0,,2581076271.0,,,968.46,100.0,unknown,QuantData PER_ONE_DOLLAR_MOVE; exact dollar/contract scaling unverified,QuantData
2026-08-17T16:00:00-04:00,2027-01-15,1410.0,call,4772.0,27306.0,,2429491.0,,,,,4047529.0,9502620.0,-5455091.0,-2303749.0,,2581076271.0,,,968.46,100.0,unknown,QuantData PER_ONE_DOLLAR_MOVE; exact dollar/contract scaling unverified,QuantData
2026-08-17T16:00:00-04:00,2027-01-15,1410.0,put,0.0,0.0,,0.0,,,,,4047529.0,9502620.0,-5455091.0,-2303749.0,,2581076271.0,,,968.46,100.0,unknown,QuantData PER_ONE_DOLLAR_MOVE; exact dollar/contract scaling unverified,QuantData
2026-08-17T16:00:00-04:00,2027-01-15,1420.0,call,2479.0,14600.0,,1210790.0,,,,,4047529.0,9502620.0,-5455091.0,-2303749.0,,2581076271.0,,,968.46,100.0,unknown,QuantData PER_ONE_DOLLAR_MOVE; exact dollar/contract scaling unverified,QuantData
2026-08-17T16:00:00-04:00,2027-01-15,1420.0,put,0.0,0.0,,0.0,,,,,4047529.0,9502620.0,-5455091.0,-2303749.0,,2581076271.0,,,968.46,100.0,unknown,QuantData PER_ONE_DOLLAR_MOVE; exact dollar/contract scaling unverified,QuantData
2026-08-17T16:00:00-04:00,2027-01-15,1430.0,call,2401.0,14318.0,,1165566.0,,,,,4047529.0,9502620.0,-5455091.0,-2303749.0,,2581076271.0,,,968.46,100.0,unknown,QuantData PER_ONE_DOLLAR_MOVE; exact dollar/contract scaling unverified,QuantData
2026-08-17T16:00:00-04:00,2027-01-15,1430.0,put,0.0,0.0,,0.0,,,,,4047529.0,9502620.0,-5455091.0,-2303749.0,,2581076271.0,,,968.46,100.0,unknown,QuantData PER_ONE_DOLLAR_MOVE; exact dollar/contract scaling unverified,QuantData
2026-08-17T16:00:00-04:00,2027-01-15,1450.0,call,2106.0,12905.0,,1004027.0,,,,,4047529.0,9502620.0,-5455091.0,-2303749.0,,2581076271.0,,,968.46,100.0,unknown,QuantData PER_ONE_DOLLAR_MOVE; exact dollar/contract scaling unverified,QuantData
2026-08-17T16:00:00-04:00,2027-01-15,1450.0,put,0.0,0.0,,0.0,,,,,4047529.0,9502620.0,-5455091.0,-2303749.0,,2581076271.0,,,968.46,100.0,unknown,QuantData PER_ONE_DOLLAR_MOVE; exact dollar/contract scaling unverified,QuantData
2026-08-17T16:00:00-04:00,2027-01-15,1460.0,call,1963.0,12168.0,,929784.0,,,,,4047529.0,9502620.0,-5455091.0,-2303749.0,,2581076271.0,,,968.46,100.0,unknown,QuantData PER_ONE_DOLLAR_MOVE; exact dollar/contract scaling unverified,QuantData
2026-08-17T16:00:00-04:00,2027-01-15,1460.0,put,0.0,0.0,,0.0,,,,,4047529.0,9502620.0,-5455091.0,-2303749.0,,2581076271.0,,,968.46,100.0,unknown,QuantData PER_ONE_DOLLAR_MOVE; exact dollar/contract scaling unverified,QuantData
2026-08-17T16:00:00-04:00,2027-01-15,1480.0,call,994.0,6103.0,,510405.0,,,,,4047529.0,9502620.0,-5455091.0,-2303749.0,,2581076271.0,,,968.46,100.0,unknown,QuantData PER_ONE_DOLLAR_MOVE; exact dollar/contract scaling unverified,QuantData
2026-08-17T16:00:00-04:00,2027-01-15,1480.0,put,0.0,0.0,,0.0,,,,,4047529.0,9502620.0,-5455091.0,-2303749.0,,2581076271.0,,,968.46,100.0,unknown,QuantData PER_ONE_DOLLAR_MOVE; exact dollar/contract scaling unverified,QuantData
2026-08-17T16:00:00-04:00,2027-01-15,1490.0,call,985.0,6188.0,,484945.0,,,,,4047529.0,9502620.0,-5455091.0,-2303749.0,,2581076271.0,,,968.46,100.0,unknown,QuantData PER_ONE_DOLLAR_MOVE; exact dollar/contract scaling unverified,QuantData
2026-08-17T16:00:00-04:00,2027-01-15,1490.0,put,0.0,0.0,,0.0,,,,,4047529.0,9502620.0,-5455091.0,-2303749.0,,2581076271.0,,,968.46,100.0,unknown,QuantData PER_ONE_DOLLAR_MOVE; exact dollar/contract scaling unverified,QuantData
2026-08-17T16:00:00-04:00,2027-01-15,1500.0,call,16400.0,103404.0,,8201646.0,,,,,4047529.0,9502620.0,-5455091.0,-2303749.0,,2581076271.0,,,968.46,100.0,unknown,QuantData PER_ONE_DOLLAR_MOVE; exact dollar/contract scaling unverified,QuantData
2026-08-17T16:00:00-04:00,2027-01-15,1500.0,put,0.0,0.0,,0.0,,,,,4047529.0,9502620.0,-5455091.0,-2303749.0,,2581076271.0,,,968.46,100.0,unknown,QuantData PER_ONE_DOLLAR_MOVE; exact dollar/contract scaling unverified,QuantData
2026-08-17T16:00:00-04:00,2027-01-15,1510.0,call,7719.0,51245.0,,3413298.0,,,,,4047529.0,9502620.0,-5455091.0,-2303749.0,,2581076271.0,,,968.46,100.0,unknown,QuantData PER_ONE_DOLLAR_MOVE; exact dollar/contract scaling unverified,QuantData
2026-08-17T16:00:00-04:00,2027-01-15,1510.0,put,0.0,0.0,,0.0,,,,,4047529.0,9502620.0,-5455091.0,-2303749.0,,2581076271.0,,,968.46,100.0,unknown,QuantData PER_ONE_DOLLAR_MOVE; exact dollar/contract scaling unverified,QuantData
2026-08-17T16:00:00-04:00,2027-01-15,1520.0,call,4533.0,29386.0,,2211967.0,,,,,4047529.0,9502620.0,-5455091.0,-2303749.0,,2581076271.0,,,968.46,100.0,unknown,QuantData PER_ONE_DOLLAR_MOVE; exact dollar/contract scaling unverified,QuantData
2026-08-17T16:00:00-04:00,2027-01-15,1520.0,put,0.0,0.0,,0.0,,,,,4047529.0,9502620.0,-5455091.0,-2303749.0,,2581076271.0,,,968.46,100.0,unknown,QuantData PER_ONE_DOLLAR_MOVE; exact dollar/contract scaling unverified,QuantData
2026-08-17T16:00:00-04:00,2027-01-15,1530.0,call,7734.0,52097.0,,3445727.0,,,,,4047529.0,9502620.0,-5455091.0,-2303749.0,,2581076271.0,,,968.46,100.0,unknown,QuantData PER_ONE_DOLLAR_MOVE; exact dollar/contract scaling unverified,QuantData
2026-08-17T16:00:00-04:00,2027-01-15,1530.0,put,0.0,0.0,,0.0,,,,,4047529.0,9502620.0,-5455091.0,-2303749.0,,2581076271.0,,,968.46,100.0,unknown,QuantData PER_ONE_DOLLAR_MOVE; exact dollar/contract scaling unverified,QuantData
2026-08-17T16:00:00-04:00,2027-01-15,1540.0,call,2064.0,13618.0,,1007499.0,,,,,4047529.0,9502620.0,-5455091.0,-2303749.0,,2581076271.0,,,968.46,100.0,unknown,QuantData PER_ONE_DOLLAR_MOVE; exact dollar/contract scaling unverified,QuantData
2026-08-17T16:00:00-04:00,2027-01-15,1540.0,put,0.0,0.0,,0.0,,,,,4047529.0,9502620.0,-5455091.0,-2303749.0,,2581076271.0,,,968.46,100.0,unknown,QuantData PER_ONE_DOLLAR_MOVE; exact dollar/contract scaling unverified,QuantData
2026-08-17T16:00:00-04:00,2027-01-15,1550.0,call,7610.0,50803.0,,3677514.0,,,,,4047529.0,9502620.0,-5455091.0,-2303749.0,,2581076271.0,,,968.46,100.0,unknown,QuantData PER_ONE_DOLLAR_MOVE; exact dollar/contract scaling unverified,QuantData
2026-08-17T16:00:00-04:00,2027-01-15,1550.0,put,0.0,0.0,,0.0,,,,,4047529.0,9502620.0,-5455091.0,-2303749.0,,2581076271.0,,,968.46,100.0,unknown,QuantData PER_ONE_DOLLAR_MOVE; exact dollar/contract scaling unverified,QuantData
2026-08-17T16:00:00-04:00,2027-01-15,1560.0,call,4894.0,33045.0,,2347399.0,,,,,4047529.0,9502620.0,-5455091.0,-2303749.0,,2581076271.0,,,968.46,100.0,unknown,QuantData PER_ONE_DOLLAR_MOVE; exact dollar/contract scaling unverified,QuantData
2026-08-17T16:00:00-04:00,2027-01-15,1560.0,put,0.0,0.0,,0.0,,,,,4047529.0,9502620.0,-5455091.0,-2303749.0,,2581076271.0,,,968.46,100.0,unknown,QuantData PER_ONE_DOLLAR_MOVE; exact dollar/contract scaling unverified,QuantData
2026-08-17T16:00:00-04:00,2027-01-15,1570.0,call,3471.0,23695.0,,1654621.0,,,,,4047529.0,9502620.0,-5455091.0,-2303749.0,,2581076271.0,,,968.46,100.0,unknown,QuantData PER_ONE_DOLLAR_MOVE; exact dollar/contract scaling unverified,QuantData
2026-08-17T16:00:00-04:00,2027-01-15,1570.0,put,0.0,0.0,,0.0,,,,,4047529.0,9502620.0,-5455091.0,-2303749.0,,2581076271.0,,,968.46,100.0,unknown,QuantData PER_ONE_DOLLAR_MOVE; exact dollar/contract scaling unverified,QuantData
2026-08-17T16:00:00-04:00,2027-01-15,1580.0,call,10239.0,70635.0,,4839020.0,,,,,4047529.0,9502620.0,-5455091.0,-2303749.0,,2581076271.0,,,968.46,100.0,unknown,QuantData PER_ONE_DOLLAR_MOVE; exact dollar/contract scaling unverified,QuantData
2026-08-17T16:00:00-04:00,2027-01-15,1580.0,put,0.0,0.0,,0.0,,,,,4047529.0,9502620.0,-5455091.0,-2303749.0,,2581076271.0,,,968.46,100.0,unknown,QuantData PER_ONE_DOLLAR_MOVE; exact dollar/contract scaling unverified,QuantData
2026-08-17T16:00:00-04:00,2027-01-15,1590.0,call,15986.0,112632.0,,7229702.0,,,,,4047529.0,9502620.0,-5455091.0,-2303749.0,,2581076271.0,,,968.46,100.0,unknown,QuantData PER_ONE_DOLLAR_MOVE; exact dollar/contract scaling unverified,QuantData
2026-08-17T16:00:00-04:00,2027-01-15,1590.0,put,0.0,0.0,,0.0,,,,,4047529.0,9502620.0,-5455091.0,-2303749.0,,2581076271.0,,,968.46,100.0,unknown,QuantData PER_ONE_DOLLAR_MOVE; exact dollar/contract scaling unverified,QuantData
2026-08-17T16:00:00-04:00,2027-01-15,1600.0,call,24566.0,175396.0,,10901568.0,,,,,4047529.0,9502620.0,-5455091.0,-2303749.0,,2581076271.0,,,968.46,100.0,unknown,QuantData PER_ONE_DOLLAR_MOVE; exact dollar/contract scaling unverified,QuantData
2026-08-17T16:00:00-04:00,2027-01-15,1600.0,put,0.0,0.0,,0.0,,,,,4047529.0,9502620.0,-5455091.0,-2303749.0,,2581076271.0,,,968.46,100.0,unknown,QuantData PER_ONE_DOLLAR_MOVE; exact dollar/contract scaling unverified,QuantData
2026-08-17T16:00:00-04:00,2027-02-19,350.0,call,0.0,0.0,,0.0,,,,,4047529.0,9502620.0,-5455091.0,-2303749.0,,2581076271.0,,,968.46,100.0,unknown,QuantData PER_ONE_DOLLAR_MOVE; exact dollar/contract scaling unverified,QuantData
2026-08-17T16:00:00-04:00,2027-02-19,350.0,put,-755.0,-6204.0,,-212252.0,,,,,4047529.0,9502620.0,-5455091.0,-2303749.0,,2581076271.0,,,968.46,100.0,unknown,QuantData PER_ONE_DOLLAR_MOVE; exact dollar/contract scaling unverified,QuantData
2026-08-17T16:00:00-04:00,2027-02-19,380.0,call,0.0,0.0,,0.0,,,,,4047529.0,9502620.0,-5455091.0,-2303749.0,,2581076271.0,,,968.46,100.0,unknown,QuantData PER_ONE_DOLLAR_MOVE; exact dollar/contract scaling unverified,QuantData
2026-08-17T16:00:00-04:00,2027-02-19,380.0,put,-126.0,-1039.0,,-37479.0,,,,,4047529.0,9502620.0,-5455091.0,-2303749.0,,2581076271.0,,,968.46,100.0,unknown,QuantData PER_ONE_DOLLAR_MOVE; exact dollar/contract scaling unverified,QuantData
2026-08-17T16:00:00-04:00,2027-02-19,400.0,call,0.0,0.0,,0.0,,,,,4047529.0,9502620.0,-5455091.0,-2303749.0,,2581076271.0,,,968.46,100.0,unknown,QuantData PER_ONE_DOLLAR_MOVE; exact dollar/contract scaling unverified,QuantData
2026-08-17T16:00:00-04:00,2027-02-19,400.0,put,-614.0,-4805.0,,-183925.0,,,,,4047529.0,9502620.0,-5455091.0,-2303749.0,,2581076271.0,,,968.46,100.0,unknown,QuantData PER_ONE_DOLLAR_MOVE; exact dollar/contract scaling unverified,QuantData
2026-08-17T16:00:00-04:00,2027-02-19,500.0,call,0.0,0.0,,0.0,,,,,4047529.0,9502620.0,-5455091.0,-2303749.0,,2581076271.0,,,968.46,100.0,unknown,QuantData PER_ONE_DOLLAR_MOVE; exact dollar/contract scaling unverified,QuantData
2026-08-17T16:00:00-04:00,2027-02-19,500.0,put,-1347.0,-7517.0,,-445783.0,,,,,4047529.0,9502620.0,-5455091.0,-2303749.0,,2581076271.0,,,968.46,100.0,unknown,QuantData PER_ONE_DOLLAR_MOVE; exact dollar/contract scaling unverified,QuantData
2026-08-17T16:00:00-04:00,2027-02-19,530.0,call,0.0,0.0,,0.0,,,,,4047529.0,9502620.0,-5455091.0,-2303749.0,,2581076271.0,,,968.46,100.0,unknown,QuantData PER_ONE_DOLLAR_MOVE; exact dollar/contract scaling unverified,QuantData
2026-08-17T16:00:00-04:00,2027-02-19,530.0,put,-356.0,-1689.0,,-128805.0,,,,,4047529.0,9502620.0,-5455091.0,-2303749.0,,2581076271.0,,,968.46,100.0,unknown,QuantData PER_ONE_DOLLAR_MOVE; exact dollar/contract scaling unverified,QuantData
2026-08-17T16:00:00-04:00,2027-02-19,540.0,call,0.0,0.0,,0.0,,,,,4047529.0,9502620.0,-5455091.0,-2303749.0,,2581076271.0,,,968.46,100.0,unknown,QuantData PER_ONE_DOLLAR_MOVE; exact dollar/contract scaling unverified,QuantData
2026-08-17T16:00:00-04:00,2027-02-19,540.0,put,-675.0,-3217.0,,-234732.0,,,,,4047529.0,9502620.0,-5455091.0,-2303749.0,,2581076271.0,,,968.46,100.0,unknown,QuantData PER_ONE_DOLLAR_MOVE; exact dollar/contract scaling unverified,QuantData
2026-08-17T16:00:00-04:00,2027-02-19,560.0,call,0.0,0.0,,0.0,,,,,4047529.0,9502620.0,-5455091.0,-2303749.0,,2581076271.0,,,968.46,100.0,unknown,QuantData PER_ONE_DOLLAR_MOVE; exact dollar/contract scaling unverified,QuantData
2026-08-17T16:00:00-04:00,2027-02-19,560.0,put,-1752.0,-7702.0,,-620394.0,,,,,4047529.0,9502620.0,-5455091.0,-2303749.0,,2581076271.0,,,968.46,100.0,unknown,QuantData PER_ONE_DOLLAR_MOVE; exact dollar/contract scaling unverified,QuantData
2026-08-17T16:00:00-04:00,2027-02-19,580.0,call,0.0,0.0,,0.0,,,,,4047529.0,9502620.0,-5455091.0,-2303749.0,,2581076271.0,,,968.46,100.0,unknown,QuantData PER_ONE_DOLLAR_MOVE; exact dollar/contract scaling unverified,QuantData
2026-08-17T16:00:00-04:00,2027-02-19,580.0,put,-66.0,-227.0,,-24311.0,,,,,4047529.0,9502620.0,-5455091.0,-2303749.0,,2581076271.0,,,968.46,100.0,unknown,QuantData PER_ONE_DOLLAR_MOVE; exact dollar/contract scaling unverified,QuantData
2026-08-17T16:00:00-04:00,2027-02-19,680.0,call,0.0,0.0,,0.0,,,,,4047529.0,9502620.0,-5455091.0,-2303749.0,,2581076271.0,,,968.46,100.0,unknown,QuantData PER_ONE_DOLLAR_MOVE; exact dollar/contract scaling unverified,QuantData
2026-08-17T16:00:00-04:00,2027-02-19,680.0,put,-126.0,-262.0,,-51846.0,,,,,4047529.0,9502620.0,-5455091.0,-2303749.0,,2581076271.0,,,968.46,100.0,unknown,QuantData PER_ONE_DOLLAR_MOVE; exact dollar/contract scaling unverified,QuantData
2026-08-17T16:00:00-04:00,2027-02-19,690.0,call,0.0,0.0,,0.0,,,,,4047529.0,9502620.0,-5455091.0,-2303749.0,,2581076271.0,,,968.46,100.0,unknown,QuantData PER_ONE_DOLLAR_MOVE; exact dollar/contract scaling unverified,QuantData
2026-08-17T16:00:00-04:00,2027-02-19,690.0,put,-2603.0,-5624.0,,-1082414.0,,,,,4047529.0,9502620.0,-5455091.0,-2303749.0,,2581076271.0,,,968.46,100.0,unknown,QuantData PER_ONE_DOLLAR_MOVE; exact dollar/contract scaling unverified,QuantData
2026-08-17T16:00:00-04:00,2027-02-19,750.0,call,0.0,0.0,,0.0,,,,,4047529.0,9502620.0,-5455091.0,-2303749.0,,2581076271.0,,,968.46,100.0,unknown,QuantData PER_ONE_DOLLAR_MOVE; exact dollar/contract scaling unverified,QuantData
2026-08-17T16:00:00-04:00,2027-02-19,750.0,put,-1802.0,-1981.0,,-793644.0,,,,,4047529.0,9502620.0,-5455091.0,-2303749.0,,2581076271.0,,,968.46,100.0,unknown,QuantData PER_ONE_DOLLAR_MOVE; exact dollar/contract scaling unverified,QuantData
2026-08-17T16:00:00-04:00,2027-02-19,780.0,call,0.0,0.0,,0.0,,,,,4047529.0,9502620.0,-5455091.0,-2303749.0,,2581076271.0,,,968.46,100.0,unknown,QuantData PER_ONE_DOLLAR_MOVE; exact dollar/contract scaling unverified,QuantData
2026-08-17T16:00:00-04:00,2027-02-19,780.0,put,-1377.0,-1114.0,,-641062.0,,,,,4047529.0,9502620.0,-5455091.0,-2303749.0,,2581076271.0,,,968.46,100.0,unknown,QuantData PER_ONE_DOLLAR_MOVE; exact dollar/contract scaling unverified,QuantData
2026-08-17T16:00:00-04:00,2027-02-19,800.0,call,0.0,0.0,,0.0,,,,,4047529.0,9502620.0,-5455091.0,-2303749.0,,2581076271.0,,,968.46,100.0,unknown,QuantData PER_ONE_DOLLAR_MOVE; exact dollar/contract scaling unverified,QuantData
2026-08-17T16:00:00-04:00,2027-02-19,800.0,put,-1846.0,-864.0,,-874739.0,,,,,4047529.0,9502620.0,-5455091.0,-2303749.0,,2581076271.0,,,968.46,100.0,unknown,QuantData PER_ONE_DOLLAR_MOVE; exact dollar/contract scaling unverified,QuantData
2026-08-17T16:00:00-04:00,2027-02-19,840.0,call,0.0,0.0,,0.0,,,,,4047529.0,9502620.0,-5455091.0,-2303749.0,,2581076271.0,,,968.46,100.0,unknown,QuantData PER_ONE_DOLLAR_MOVE; exact dollar/contract scaling unverified,QuantData
2026-08-17T16:00:00-04:00,2027-02-19,840.0,put,-944.0,21.0,,-477235.0,,,,,4047529.0,9502620.0,-5455091.0,-2303749.0,,2581076271.0,,,968.46,100.0,unknown,QuantData PER_ONE_DOLLAR_MOVE; exact dollar/contract scaling unverified,QuantData
2026-08-17T16:00:00-04:00,2027-02-19,880.0,call,0.0,0.0,,0.0,,,,,4047529.0,9502620.0,-5455091.0,-2303749.0,,2581076271.0,,,968.46,100.0,unknown,QuantData PER_ONE_DOLLAR_MOVE; exact dollar/contract scaling unverified,QuantData
2026-08-17T16:00:00-04:00,2027-02-19,880.0,put,-166.0,89.0,,-87193.0,,,,,4047529.0,9502620.0,-5455091.0,-2303749.0,,2581076271.0,,,968.46,100.0,unknown,QuantData PER_ONE_DOLLAR_MOVE; exact dollar/contract scaling unverified,QuantData
2026-08-17T16:00:00-04:00,2027-02-19,900.0,call,707.0,486.0,,820977.0,,,,,4047529.0,9502620.0,-5455091.0,-2303749.0,,2581076271.0,,,968.46,100.0,unknown,QuantData PER_ONE_DOLLAR_MOVE; exact dollar/contract scaling unverified,QuantData
2026-08-17T16:00:00-04:00,2027-02-19,900.0,put,0.0,0.0,,0.0,,,,,4047529.0,9502620.0,-5455091.0,-2303749.0,,2581076271.0,,,968.46,100.0,unknown,QuantData PER_ONE_DOLLAR_MOVE; exact dollar/contract scaling unverified,QuantData
2026-08-17T16:00:00-04:00,2027-02-19,940.0,call,0.0,0.0,,0.0,,,,,4047529.0,9502620.0,-5455091.0,-2303749.0,,2581076271.0,,,968.46,100.0,unknown,QuantData PER_ONE_DOLLAR_MOVE; exact dollar/contract scaling unverified,QuantData
2026-08-17T16:00:00-04:00,2027-02-19,940.0,put,-1880.0,2454.0,,-1052669.0,,,,,4047529.0,9502620.0,-5455091.0,-2303749.0,,2581076271.0,,,968.46,100.0,unknown,QuantData PER_ONE_DOLLAR_MOVE; exact dollar/contract scaling unverified,QuantData
2026-08-17T16:00:00-04:00,2027-02-19,950.0,call,434.0,760.0,,423434.0,,,,,4047529.0,9502620.0,-5455091.0,-2303749.0,,2581076271.0,,,968.46,100.0,unknown,QuantData PER_ONE_DOLLAR_MOVE; exact dollar/contract scaling unverified,QuantData
2026-08-17T16:00:00-04:00,2027-02-19,950.0,put,-236.0,337.0,,-133953.0,,,,,4047529.0,9502620.0,-5455091.0,-2303749.0,,2581076271.0,,,968.46,100.0,unknown,QuantData PER_ONE_DOLLAR_MOVE; exact dollar/contract scaling unverified,QuantData
2026-08-17T16:00:00-04:00,2027-02-19,960.0,call,124.0,222.0,,121652.0,,,,,4047529.0,9502620.0,-5455091.0,-2303749.0,,2581076271.0,,,968.46,100.0,unknown,QuantData PER_ONE_DOLLAR_MOVE; exact dollar/contract scaling unverified,QuantData
2026-08-17T16:00:00-04:00,2027-02-19,960.0,put,-414.0,631.0,,-238021.0,,,,,4047529.0,9502620.0,-5455091.0,-2303749.0,,2581076271.0,,,968.46,100.0,unknown,QuantData PER_ONE_DOLLAR_MOVE; exact dollar/contract scaling unverified,QuantData
2026-08-17T16:00:00-04:00,2027-02-19,970.0,call,62.0,119.0,,60205.0,,,,,4047529.0,9502620.0,-5455091.0,-2303749.0,,2581076271.0,,,968.46,100.0,unknown,QuantData PER_ONE_DOLLAR_MOVE; exact dollar/contract scaling unverified,QuantData
2026-08-17T16:00:00-04:00,2027-02-19,970.0,put,0.0,0.0,,0.0,,,,,4047529.0,9502620.0,-5455091.0,-2303749.0,,2581076271.0,,,968.46,100.0,unknown,QuantData PER_ONE_DOLLAR_MOVE; exact dollar/contract scaling unverified,QuantData
2026-08-17T16:00:00-04:00,2027-02-19,980.0,call,0.0,0.0,,0.0,,,,,4047529.0,9502620.0,-5455091.0,-2303749.0,,2581076271.0,,,968.46,100.0,unknown,QuantData PER_ONE_DOLLAR_MOVE; exact dollar/contract scaling unverified,QuantData
2026-08-17T16:00:00-04:00,2027-02-19,980.0,put,0.0,0.0,,0.0,,,,,4047529.0,9502620.0,-5455091.0,-2303749.0,,2581076271.0,,,968.46,100.0,unknown,QuantData PER_ONE_DOLLAR_MOVE; exact dollar/contract scaling unverified,QuantData
2026-08-17T16:00:00-04:00,2027-02-19,1000.0,call,310.0,599.0,,313629.0,,,,,4047529.0,9502620.0,-5455091.0,-2303749.0,,2581076271.0,,,968.46,100.0,unknown,QuantData PER_ONE_DOLLAR_MOVE; exact dollar/contract scaling unverified,QuantData
2026-08-17T16:00:00-04:00,2027-02-19,1000.0,put,0.0,0.0,,0.0,,,,,4047529.0,9502620.0,-5455091.0,-2303749.0,,2581076271.0,,,968.46,100.0,unknown,QuantData PER_ONE_DOLLAR_MOVE; exact dollar/contract scaling unverified,QuantData
2026-08-17T16:00:00-04:00,2027-02-19,1050.0,call,0.0,0.0,,0.0,,,,,4047529.0,9502620.0,-5455091.0,-2303749.0,,2581076271.0,,,968.46,100.0,unknown,QuantData PER_ONE_DOLLAR_MOVE; exact dollar/contract scaling unverified,QuantData
2026-08-17T16:00:00-04:00,2027-02-19,1050.0,put,0.0,0.0,,0.0,,,,,4047529.0,9502620.0,-5455091.0,-2303749.0,,2581076271.0,,,968.46,100.0,unknown,QuantData PER_ONE_DOLLAR_MOVE; exact dollar/contract scaling unverified,QuantData
2026-08-17T16:00:00-04:00,2027-02-19,1060.0,call,970.0,2692.0,,850001.0,,,,,4047529.0,9502620.0,-5455091.0,-2303749.0,,2581076271.0,,,968.46,100.0,unknown,QuantData PER_ONE_DOLLAR_MOVE; exact dollar/contract scaling unverified,QuantData
2026-08-17T16:00:00-04:00,2027-02-19,1060.0,put,0.0,0.0,,0.0,,,,,4047529.0,9502620.0,-5455091.0,-2303749.0,,2581076271.0,,,968.46,100.0,unknown,QuantData PER_ONE_DOLLAR_MOVE; exact dollar/contract scaling unverified,QuantData
2026-08-17T16:00:00-04:00,2027-02-19,1070.0,call,0.0,0.0,,0.0,,,,,4047529.0,9502620.0,-5455091.0,-2303749.0,,2581076271.0,,,968.46,100.0,unknown,QuantData PER_ONE_DOLLAR_MOVE; exact dollar/contract scaling unverified,QuantData
2026-08-17T16:00:00-04:00,2027-02-19,1070.0,put,0.0,0.0,,0.0,,,,,4047529.0,9502620.0,-5455091.0,-2303749.0,,2581076271.0,,,968.46,100.0,unknown,QuantData PER_ONE_DOLLAR_MOVE; exact dollar/contract scaling unverified,QuantData
2026-08-17T16:00:00-04:00,2027-02-19,1080.0,call,129.0,388.0,,111075.0,,,,,4047529.0,9502620.0,-5455091.0,-2303749.0,,2581076271.0,,,968.46,100.0,unknown,QuantData PER_ONE_DOLLAR_MOVE; exact dollar/contract scaling unverified,QuantData
2026-08-17T16:00:00-04:00,2027-02-19,1080.0,put,0.0,0.0,,0.0,,,,,4047529.0,9502620.0,-5455091.0,-2303749.0,,2581076271.0,,,968.46,100.0,unknown,QuantData PER_ONE_DOLLAR_MOVE; exact dollar/contract scaling unverified,QuantData
2026-08-17T16:00:00-04:00,2027-02-19,1100.0,call,1110.0,3558.0,,922834.0,,,,,4047529.0,9502620.0,-5455091.0,-2303749.0,,2581076271.0,,,968.46,100.0,unknown,QuantData PER_ONE_DOLLAR_MOVE; exact dollar/contract scaling unverified,QuantData
2026-08-17T16:00:00-04:00,2027-02-19,1100.0,put,0.0,0.0,,0.0,,,,,4047529.0,9502620.0,-5455091.0,-2303749.0,,2581076271.0,,,968.46,100.0,unknown,QuantData PER_ONE_DOLLAR_MOVE; exact dollar/contract scaling unverified,QuantData
2026-08-17T16:00:00-04:00,2027-02-19,1140.0,call,12799.0,46352.0,,10132907.0,,,,,4047529.0,9502620.0,-5455091.0,-2303749.0,,2581076271.0,,,968.46,100.0,unknown,QuantData PER_ONE_DOLLAR_MOVE; exact dollar/contract scaling unverified,QuantData
2026-08-17T16:00:00-04:00,2027-02-19,1140.0,put,0.0,0.0,,0.0,,,,,4047529.0,9502620.0,-5455091.0,-2303749.0,,2581076271.0,,,968.46,100.0,unknown,QuantData PER_ONE_DOLLAR_MOVE; exact dollar/contract scaling unverified,QuantData
2026-08-17T16:00:00-04:00,2027-02-19,1160.0,call,197.0,755.0,,152213.0,,,,,4047529.0,9502620.0,-5455091.0,-2303749.0,,2581076271.0,,,968.46,100.0,unknown,QuantData PER_ONE_DOLLAR_MOVE; exact dollar/contract scaling unverified,QuantData
2026-08-17T16:00:00-04:00,2027-02-19,1160.0,put,0.0,0.0,,0.0,,,,,4047529.0,9502620.0,-5455091.0,-2303749.0,,2581076271.0,,,968.46,100.0,unknown,QuantData PER_ONE_DOLLAR_MOVE; exact dollar/contract scaling unverified,QuantData
2026-08-17T16:00:00-04:00,2027-02-19,1180.0,call,328.0,1322.0,,248356.0,,,,,4047529.0,9502620.0,-5455091.0,-2303749.0,,2581076271.0,,,968.46,100.0,unknown,QuantData PER_ONE_DOLLAR_MOVE; exact dollar/contract scaling unverified,QuantData
2026-08-17T16:00:00-04:00,2027-02-19,1180.0,put,0.0,0.0,,0.0,,,,,4047529.0,9502620.0,-5455091.0,-2303749.0,,2581076271.0,,,968.46,100.0,unknown,QuantData PER_ONE_DOLLAR_MOVE; exact dollar/contract scaling unverified,QuantData
2026-08-17T16:00:00-04:00,2027-02-19,1200.0,call,3355.0,14144.0,,2481728.0,,,,,4047529.0,9502620.0,-5455091.0,-2303749.0,,2581076271.0,,,968.46,100.0,unknown,QuantData PER_ONE_DOLLAR_MOVE; exact dollar/contract scaling unverified,QuantData
2026-08-17T16:00:00-04:00,2027-02-19,1200.0,put,0.0,0.0,,0.0,,,,,4047529.0,9502620.0,-5455091.0,-2303749.0,,2581076271.0,,,968.46,100.0,unknown,QuantData PER_ONE_DOLLAR_MOVE; exact dollar/contract scaling unverified,QuantData
2026-08-17T16:00:00-04:00,2027-02-19,1220.0,call,328.0,1450.0,,237422.0,,,,,4047529.0,9502620.0,-5455091.0,-2303749.0,,2581076271.0,,,968.46,100.0,unknown,QuantData PER_ONE_DOLLAR_MOVE; exact dollar/contract scaling unverified,QuantData
2026-08-17T16:00:00-04:00,2027-02-19,1220.0,put,0.0,0.0,,0.0,,,,,4047529.0,9502620.0,-5455091.0,-2303749.0,,2581076271.0,,,968.46,100.0,unknown,QuantData PER_ONE_DOLLAR_MOVE; exact dollar/contract scaling unverified,QuantData
2026-08-17T16:00:00-04:00,2027-02-19,1240.0,call,12848.0,59063.0,,9114671.0,,,,,4047529.0,9502620.0,-5455091.0,-2303749.0,,2581076271.0,,,968.46,100.0,unknown,QuantData PER_ONE_DOLLAR_MOVE; exact dollar/contract scaling unverified,QuantData
2026-08-17T16:00:00-04:00,2027-02-19,1240.0,put,0.0,0.0,,0.0,,,,,4047529.0,9502620.0,-5455091.0,-2303749.0,,2581076271.0,,,968.46,100.0,unknown,QuantData PER_ONE_DOLLAR_MOVE; exact dollar/contract scaling unverified,QuantData
2026-08-17T16:00:00-04:00,2027-02-19,1260.0,call,196.0,937.0,,136785.0,,,,,4047529.0,9502620.0,-5455091.0,-2303749.0,,2581076271.0,,,968.46,100.0,unknown,QuantData PER_ONE_DOLLAR_MOVE; exact dollar/contract scaling unverified,QuantData
2026-08-17T16:00:00-04:00,2027-02-19,1260.0,put,0.0,0.0,,0.0,,,,,4047529.0,9502620.0,-5455091.0,-2303749.0,,2581076271.0,,,968.46,100.0,unknown,QuantData PER_ONE_DOLLAR_MOVE; exact dollar/contract scaling unverified,QuantData
2026-08-17T16:00:00-04:00,2027-02-19,1280.0,call,0.0,0.0,,0.0,,,,,4047529.0,9502620.0,-5455091.0,-2303749.0,,2581076271.0,,,968.46,100.0,unknown,QuantData PER_ONE_DOLLAR_MOVE; exact dollar/contract scaling unverified,QuantData
2026-08-17T16:00:00-04:00,2027-02-19,1280.0,put,-62.0,302.0,,-51389.0,,,,,4047529.0,9502620.0,-5455091.0,-2303749.0,,2581076271.0,,,968.46,100.0,unknown,QuantData PER_ONE_DOLLAR_MOVE; exact dollar/contract scaling unverified,QuantData
2026-08-17T16:00:00-04:00,2027-02-19,1300.0,call,1950.0,9805.0,,1362802.0,,,,,4047529.0,9502620.0,-5455091.0,-2303749.0,,2581076271.0,,,968.46,100.0,unknown,QuantData PER_ONE_DOLLAR_MOVE; exact dollar/contract scaling unverified,QuantData
2026-08-17T16:00:00-04:00,2027-02-19,1300.0,put,0.0,0.0,,0.0,,,,,4047529.0,9502620.0,-5455091.0,-2303749.0,,2581076271.0,,,968.46,100.0,unknown,QuantData PER_ONE_DOLLAR_MOVE; exact dollar/contract scaling unverified,QuantData
2026-08-17T16:00:00-04:00,2027-03-19,340.0,call,0.0,0.0,,0.0,,,,,4047529.0,9502620.0,-5455091.0,-2303749.0,,2581076271.0,,,968.46,100.0,unknown,QuantData PER_ONE_DOLLAR_MOVE; exact dollar/contract scaling unverified,QuantData
2026-08-17T16:00:00-04:00,2027-03-19,340.0,put,0.0,0.0,,0.0,,,,,4047529.0,9502620.0,-5455091.0,-2303749.0,,2581076271.0,,,968.46,100.0,unknown,QuantData PER_ONE_DOLLAR_MOVE; exact dollar/contract scaling unverified,QuantData
2026-08-17T16:00:00-04:00,2027-03-19,370.0,call,12.0,-95.0,,91390.0,,,,,4047529.0,9502620.0,-5455091.0,-2303749.0,,2581076271.0,,,968.46,100.0,unknown,QuantData PER_ONE_DOLLAR_MOVE; exact dollar/contract scaling unverified,QuantData
2026-08-17T16:00:00-04:00,2027-03-19,370.0,put,0.0,0.0,,0.0,,,,,4047529.0,9502620.0,-5455091.0,-2303749.0,,2581076271.0,,,968.46,100.0,unknown,QuantData PER_ONE_DOLLAR_MOVE; exact dollar/contract scaling unverified,QuantData
2026-08-17T16:00:00-04:00,2027-03-19,430.0,call,0.0,0.0,,0.0,,,,,4047529.0,9502620.0,-5455091.0,-2303749.0,,2581076271.0,,,968.46,100.0,unknown,QuantData PER_ONE_DOLLAR_MOVE; exact dollar/contract scaling unverified,QuantData
2026-08-17T16:00:00-04:00,2027-03-19,430.0,put,-969.0,-6472.0,,-331040.0,,,,,4047529.0,9502620.0,-5455091.0,-2303749.0,,2581076271.0,,,968.46,100.0,unknown,QuantData PER_ONE_DOLLAR_MOVE; exact dollar/contract scaling unverified,QuantData
2026-08-17T16:00:00-04:00,2027-03-19,440.0,call,18.0,-109.0,,88400.0,,,,,4047529.0,9502620.0,-5455091.0,-2303749.0,,2581076271.0,,,968.46,100.0,unknown,QuantData PER_ONE_DOLLAR_MOVE; exact dollar/contract scaling unverified,QuantData
2026-08-17T16:00:00-04:00,2027-03-19,440.0,put,0.0,0.0,,0.0,,,,,4047529.0,9502620.0,-5455091.0,-2303749.0,,2581076271.0,,,968.46,100.0,unknown,QuantData PER_ONE_DOLLAR_MOVE; exact dollar/contract scaling unverified,QuantData
2026-08-17T16:00:00-04:00,2027-03-19,450.0,call,0.0,0.0,,0.0,,,,,4047529.0,9502620.0,-5455091.0,-2303749.0,,2581076271.0,,,968.46,100.0,unknown,QuantData PER_ONE_DOLLAR_MOVE; exact dollar/contract scaling unverified,QuantData
2026-08-17T16:00:00-04:00,2027-03-19,450.0,put,-2106.0,-13213.0,,-730997.0,,,,,4047529.0,9502620.0,-5455091.0,-2303749.0,,2581076271.0,,,968.46,100.0,unknown,QuantData PER_ONE_DOLLAR_MOVE; exact dollar/contract scaling unverified,QuantData
2026-08-17T16:00:00-04:00,2027-03-19,480.0,call,0.0,0.0,,0.0,,,,,4047529.0,9502620.0,-5455091.0,-2303749.0,,2581076271.0,,,968.46,100.0,unknown,QuantData PER_ONE_DOLLAR_MOVE; exact dollar/contract scaling unverified,QuantData
2026-08-17T16:00:00-04:00,2027-03-19,480.0,put,-546.0,-2820.0,,-196829.0,,,,,4047529.0,9502620.0,-5455091.0,-2303749.0,,2581076271.0,,,968.46,100.0,unknown,QuantData PER_ONE_DOLLAR_MOVE; exact dollar/contract scaling unverified,QuantData
2026-08-17T16:00:00-04:00,2027-03-19,490.0,call,0.0,0.0,,0.0,,,,,4047529.0,9502620.0,-5455091.0,-2303749.0,,2581076271.0,,,968.46,100.0,unknown,QuantData PER_ONE_DOLLAR_MOVE; exact dollar/contract scaling unverified,QuantData
2026-08-17T16:00:00-04:00,2027-03-19,490.0,put,-286.0,-1325.0,,-103046.0,,,,,4047529.0,9502620.0,-5455091.0,-2303749.0,,2581076271.0,,,968.46,100.0,unknown,QuantData PER_ONE_DOLLAR_MOVE; exact dollar/contract scaling unverified,QuantData
2026-08-17T16:00:00-04:00,2027-03-19,560.0,call,0.0,0.0,,0.0,,,,,4047529.0,9502620.0,-5455091.0,-2303749.0,,2581076271.0,,,968.46,100.0,unknown,QuantData PER_ONE_DOLLAR_MOVE; exact dollar/contract scaling unverified,QuantData
2026-08-17T16:00:00-04:00,2027-03-19,560.0,put,-1693.0,-6400.0,,-658581.0,,,,,4047529.0,9502620.0,-5455091.0,-2303749.0,,2581076271.0,,,968.46,100.0,unknown,QuantData PER_ONE_DOLLAR_MOVE; exact dollar/contract scaling unverified,QuantData
2026-08-17T16:00:00-04:00,2027-03-19,580.0,call,0.0,0.0,,0.0,,,,,4047529.0,9502620.0,-5455091.0,-2303749.0,,2581076271.0,,,968.46,100.0,unknown,QuantData PER_ONE_DOLLAR_MOVE; exact dollar/contract scaling unverified,QuantData
2026-08-17T16:00:00-04:00,2027-03-19,580.0,put,-15367.0,-56177.0,,-6139017.0,,,,,4047529.0,9502620.0,-5455091.0,-2303749.0,,2581076271.0,,,968.46,100.0,unknown,QuantData PER_ONE_DOLLAR_MOVE; exact dollar/contract scaling unverified,QuantData
2026-08-17T16:00:00-04:00,2027-03-19,600.0,call,0.0,0.0,,0.0,,,,,4047529.0,9502620.0,-5455091.0,-2303749.0,,2581076271.0,,,968.46,100.0,unknown,QuantData PER_ONE_DOLLAR_MOVE; exact dollar/contract scaling unverified,QuantData
2026-08-17T16:00:00-04:00,2027-03-19,600.0,put,-8182.0,-25214.0,,-3312453.0,,,,,4047529.0,9502620.0,-5455091.0,-2303749.0,,2581076271.0,,,968.46,100.0,unknown,QuantData PER_ONE_DOLLAR_MOVE; exact dollar/contract scaling unverified,QuantData
2026-08-17T16:00:00-04:00,2027-03-19,640.0,call,70.0,-196.0,,167538.0,,,,,4047529.0,9502620.0,-5455091.0,-2303749.0,,2581076271.0,,,968.46,100.0,unknown,QuantData PER_ONE_DOLLAR_MOVE; exact dollar/contract scaling unverified,QuantData
2026-08-17T16:00:00-04:00,2027-03-19,640.0,put,0.0,0.0,,0.0,,,,,4047529.0,9502620.0,-5455091.0,-2303749.0,,2581076271.0,,,968.46,100.0,unknown,QuantData PER_ONE_DOLLAR_MOVE; exact dollar/contract scaling unverified,QuantData
2026-08-17T16:00:00-04:00,2027-03-19,680.0,call,0.0,0.0,,0.0,,,,,4047529.0,9502620.0,-5455091.0,-2303749.0,,2581076271.0,,,968.46,100.0,unknown,QuantData PER_ONE_DOLLAR_MOVE; exact dollar/contract scaling unverified,QuantData
2026-08-17T16:00:00-04:00,2027-03-19,680.0,put,-2389.0,-4757.0,,-1071639.0,,,,,4047529.0,9502620.0,-5455091.0,-2303749.0,,2581076271.0,,,968.46,100.0,unknown,QuantData PER_ONE_DOLLAR_MOVE; exact dollar/contract scaling unverified,QuantData
2026-08-17T16:00:00-04:00,2027-03-19,710.0,call,0.0,0.0,,0.0,,,,,4047529.0,9502620.0,-5455091.0,-2303749.0,,2581076271.0,,,968.46,100.0,unknown,QuantData PER_ONE_DOLLAR_MOVE; exact dollar/contract scaling unverified,QuantData
2026-08-17T16:00:00-04:00,2027-03-19,710.0,put,-286.0,-442.0,,-132504.0,,,,,4047529.0,9502620.0,-5455091.0,-2303749.0,,2581076271.0,,,968.46,100.0,unknown,QuantData PER_ONE_DOLLAR_MOVE; exact dollar/contract scaling unverified,QuantData
2026-08-17T16:00:00-04:00,2027-03-19,750.0,call,0.0,0.0,,0.0,,,,,4047529.0,9502620.0,-5455091.0,-2303749.0,,2581076271.0,,,968.46,100.0,unknown,QuantData PER_ONE_DOLLAR_MOVE; exact dollar/contract scaling unverified,QuantData
2026-08-17T16:00:00-04:00,2027-03-19,750.0,put,-3856.0,-3660.0,,-1864815.0,,,,,4047529.0,9502620.0,-5455091.0,-2303749.0,,2581076271.0,,,968.46,100.0,unknown,QuantData PER_ONE_DOLLAR_MOVE; exact dollar/contract scaling unverified,QuantData
2026-08-17T16:00:00-04:00,2027-03-19,760.0,call,0.0,0.0,,0.0,,,,,4047529.0,9502620.0,-5455091.0,-2303749.0,,2581076271.0,,,968.46,100.0,unknown,QuantData PER_ONE_DOLLAR_MOVE; exact dollar/contract scaling unverified,QuantData
2026-08-17T16:00:00-04:00,2027-03-19,760.0,put,-711.0,-576.0,,-347974.0,,,,,4047529.0,9502620.0,-5455091.0,-2303749.0,,2581076271.0,,,968.46,100.0,unknown,QuantData PER_ONE_DOLLAR_MOVE; exact dollar/contract scaling unverified,QuantData
2026-08-17T16:00:00-04:00,2027-03-19,770.0,call,0.0,0.0,,0.0,,,,,4047529.0,9502620.0,-5455091.0,-2303749.0,,2581076271.0,,,968.46,100.0,unknown,QuantData PER_ONE_DOLLAR_MOVE; exact dollar/contract scaling unverified,QuantData
2026-08-17T16:00:00-04:00,2027-03-19,770.0,put,-496.0,-319.0,,-245751.0,,,,,4047529.0,9502620.0,-5455091.0,-2303749.0,,2581076271.0,,,968.46,100.0,unknown,QuantData PER_ONE_DOLLAR_MOVE; exact dollar/contract scaling unverified,QuantData
2026-08-17T16:00:00-04:00,2027-03-19,790.0,call,0.0,0.0,,0.0,,,,,4047529.0,9502620.0,-5455091.0,-2303749.0,,2581076271.0,,,968.46,100.0,unknown,QuantData PER_ONE_DOLLAR_MOVE; exact dollar/contract scaling unverified,QuantData
2026-08-17T16:00:00-04:00,2027-03-19,790.0,put,-928.0,-348.0,,-469571.0,,,,,4047529.0,9502620.0,-5455091.0,-2303749.0,,2581076271.0,,,968.46,100.0,unknown,QuantData PER_ONE_DOLLAR_MOVE; exact dollar/contract scaling unverified,QuantData
2026-08-17T16:00:00-04:00,2027-03-19,800.0,call,0.0,0.0,,0.0,,,,,4047529.0,9502620.0,-5455091.0,-2303749.0,,2581076271.0,,,968.46,100.0,unknown,QuantData PER_ONE_DOLLAR_MOVE; exact dollar/contract scaling unverified,QuantData
2026-08-17T16:00:00-04:00,2027-03-19,800.0,put,-3939.0,1000.0,,-2020973.0,,,,,4047529.0,9502620.0,-5455091.0,-2303749.0,,2581076271.0,,,968.46,100.0,unknown,QuantData PER_ONE_DOLLAR_MOVE; exact dollar/contract scaling unverified,QuantData
2026-08-17T16:00:00-04:00,2027-03-19,810.0,call,0.0,0.0,,0.0,,,,,4047529.0,9502620.0,-5455091.0,-2303749.0,,2581076271.0,,,968.46,100.0,unknown,QuantData PER_ONE_DOLLAR_MOVE; exact dollar/contract scaling unverified,QuantData
2026-08-17T16:00:00-04:00,2027-03-19,810.0,put,-573.0,-51.0,,-295970.0,,,,,4047529.0,9502620.0,-5455091.0,-2303749.0,,2581076271.0,,,968.46,100.0,unknown,QuantData PER_ONE_DOLLAR_MOVE; exact dollar/contract scaling unverified,QuantData
2026-08-17T16:00:00-04:00,2027-03-19,840.0,call,0.0,0.0,,0.0,,,,,4047529.0,9502620.0,-5455091.0,-2303749.0,,2581076271.0,,,968.46,100.0,unknown,QuantData PER_ONE_DOLLAR_MOVE; exact dollar/contract scaling unverified,QuantData
2026-08-17T16:00:00-04:00,2027-03-19,840.0,put,-1382.0,441.0,,-738621.0,,,,,4047529.0,9502620.0,-5455091.0,-2303749.0,,2581076271.0,,,968.46,100.0,unknown,QuantData PER_ONE_DOLLAR_MOVE; exact dollar/contract scaling unverified,QuantData
2026-08-17T16:00:00-04:00,2027-03-19,850.0,call,2029.0,809.0,,2872711.0,,,,,4047529.0,9502620.0,-5455091.0,-2303749.0,,2581076271.0,,,968.46,100.0,unknown,QuantData PER_ONE_DOLLAR_MOVE; exact dollar/contract scaling unverified,QuantData
2026-08-17T16:00:00-04:00,2027-03-19,850.0,put,-4556.0,2116.0,,-2457629.0,,,,,4047529.0,9502620.0,-5455091.0,-2303749.0,,2581076271.0,,,968.46,100.0,unknown,QuantData PER_ONE_DOLLAR_MOVE; exact dollar/contract scaling unverified,QuantData
2026-08-17T16:00:00-04:00,2027-03-19,860.0,call,0.0,0.0,,0.0,,,,,4047529.0,9502620.0,-5455091.0,-2303749.0,,2581076271.0,,,968.46,100.0,unknown,QuantData PER_ONE_DOLLAR_MOVE; exact dollar/contract scaling unverified,QuantData
2026-08-17T16:00:00-04:00,2027-03-19,860.0,put,-2727.0,1678.0,,-1490236.0,,,,,4047529.0,9502620.0,-5455091.0,-2303749.0,,2581076271.0,,,968.46,100.0,unknown,QuantData PER_ONE_DOLLAR_MOVE; exact dollar/contract scaling unverified,QuantData
2026-08-17T16:00:00-04:00,2027-03-19,880.0,call,0.0,0.0,,0.0,,,,,4047529.0,9502620.0,-5455091.0,-2303749.0,,2581076271.0,,,968.46,100.0,unknown,QuantData PER_ONE_DOLLAR_MOVE; exact dollar/contract scaling unverified,QuantData
2026-08-17T16:00:00-04:00,2027-03-19,880.0,put,-2640.0,2483.0,,-1473634.0,,,,,4047529.0,9502620.0,-5455091.0,-2303749.0,,2581076271.0,,,968.46,100.0,unknown,QuantData PER_ONE_DOLLAR_MOVE; exact dollar/contract scaling unverified,QuantData
2026-08-17T16:00:00-04:00,2027-03-19,890.0,call,0.0,0.0,,0.0,,,,,4047529.0,9502620.0,-5455091.0,-2303749.0,,2581076271.0,,,968.46,100.0,unknown,QuantData PER_ONE_DOLLAR_MOVE; exact dollar/contract scaling unverified,QuantData
2026-08-17T16:00:00-04:00,2027-03-19,890.0,put,-728.0,737.0,,-410846.0,,,,,4047529.0,9502620.0,-5455091.0,-2303749.0,,2581076271.0,,,968.46,100.0,unknown,QuantData PER_ONE_DOLLAR_MOVE; exact dollar/contract scaling unverified,QuantData
2026-08-17T16:00:00-04:00,2027-03-19,900.0,call,8994.0,8717.0,,11886998.0,,,,,4047529.0,9502620.0,-5455091.0,-2303749.0,,2581076271.0,,,968.46,100.0,unknown,QuantData PER_ONE_DOLLAR_MOVE; exact dollar/contract scaling unverified,QuantData
2026-08-17T16:00:00-04:00,2027-03-19,900.0,put,0.0,0.0,,0.0,,,,,4047529.0,9502620.0,-5455091.0,-2303749.0,,2581076271.0,,,968.46,100.0,unknown,QuantData PER_ONE_DOLLAR_MOVE; exact dollar/contract scaling unverified,QuantData
2026-08-17T16:00:00-04:00,2027-03-19,910.0,call,1134.0,1314.0,,1436276.0,,,,,4047529.0,9502620.0,-5455091.0,-2303749.0,,2581076271.0,,,968.46,100.0,unknown,QuantData PER_ONE_DOLLAR_MOVE; exact dollar/contract scaling unverified,QuantData
2026-08-17T16:00:00-04:00,2027-03-19,910.0,put,0.0,0.0,,0.0,,,,,4047529.0,9502620.0,-5455091.0,-2303749.0,,2581076271.0,,,968.46,100.0,unknown,QuantData PER_ONE_DOLLAR_MOVE; exact dollar/contract scaling unverified,QuantData
2026-08-17T16:00:00-04:00,2027-03-19,920.0,call,975.0,1274.0,,1220324.0,,,,,4047529.0,9502620.0,-5455091.0,-2303749.0,,2581076271.0,,,968.46,100.0,unknown,QuantData PER_ONE_DOLLAR_MOVE; exact dollar/contract scaling unverified,QuantData
2026-08-17T16:00:00-04:00,2027-03-19,920.0,put,-4753.0,6497.0,,-2763997.0,,,,,4047529.0,9502620.0,-5455091.0,-2303749.0,,2581076271.0,,,968.46,100.0,unknown,QuantData PER_ONE_DOLLAR_MOVE; exact dollar/contract scaling unverified,QuantData
2026-08-17T16:00:00-04:00,2027-03-19,930.0,call,0.0,0.0,,0.0,,,,,4047529.0,9502620.0,-5455091.0,-2303749.0,,2581076271.0,,,968.46,100.0,unknown,QuantData PER_ONE_DOLLAR_MOVE; exact dollar/contract scaling unverified,QuantData
2026-08-17T16:00:00-04:00,2027-03-19,930.0,put,-2360.0,3510.0,,-1389962.0,,,,,4047529.0,9502620.0,-5455091.0,-2303749.0,,2581076271.0,,,968.46,100.0,unknown,QuantData PER_ONE_DOLLAR_MOVE; exact dollar/contract scaling unverified,QuantData
2026-08-17T16:00:00-04:00,2027-03-19,960.0,call,400.0,787.0,,439876.0,,,,,4047529.0,9502620.0,-5455091.0,-2303749.0,,2581076271.0,,,968.46,100.0,unknown,QuantData PER_ONE_DOLLAR_MOVE; exact dollar/contract scaling unverified,QuantData
2026-08-17T16:00:00-04:00,2027-03-19,960.0,put,-822.0,1546.0,,-499941.0,,,,,4047529.0,9502620.0,-5455091.0,-2303749.0,,2581076271.0,,,968.46,100.0,unknown,QuantData PER_ONE_DOLLAR_MOVE; exact dollar/contract scaling unverified,QuantData
2026-08-17T16:00:00-04:00,2027-03-19,980.0,call,3009.0,6958.0,,3147213.0,,,,,4047529.0,9502620.0,-5455091.0,-2303749.0,,2581076271.0,,,968.46,100.0,unknown,QuantData PER_ONE_DOLLAR_MOVE; exact dollar/contract scaling unverified,QuantData
2026-08-17T16:00:00-04:00,2027-03-19,980.0,put,0.0,0.0,,0.0,,,,,4047529.0,9502620.0,-5455091.0,-2303749.0,,2581076271.0,,,968.46,100.0,unknown,QuantData PER_ONE_DOLLAR_MOVE; exact dollar/contract scaling unverified,QuantData
2026-08-17T16:00:00-04:00,2027-03-19,990.0,call,1094.0,2402.0,,1193594.0,,,,,4047529.0,9502620.0,-5455091.0,-2303749.0,,2581076271.0,,,968.46,100.0,unknown,QuantData PER_ONE_DOLLAR_MOVE; exact dollar/contract scaling unverified,QuantData
2026-08-17T16:00:00-04:00,2027-03-19,990.0,put,0.0,0.0,,0.0,,,,,4047529.0,9502620.0,-5455091.0,-2303749.0,,2581076271.0,,,968.46,100.0,unknown,QuantData PER_ONE_DOLLAR_MOVE; exact dollar/contract scaling unverified,QuantData
2026-08-17T16:00:00-04:00,2027-03-19,1000.0,call,0.0,0.0,,0.0,,,,,4047529.0,9502620.0,-5455091.0,-2303749.0,,2581076271.0,,,968.46,100.0,unknown,QuantData PER_ONE_DOLLAR_MOVE; exact dollar/contract scaling unverified,QuantData
2026-08-17T16:00:00-04:00,2027-03-19,1000.0,put,0.0,0.0,,0.0,,,,,4047529.0,9502620.0,-5455091.0,-2303749.0,,2581076271.0,,,968.46,100.0,unknown,QuantData PER_ONE_DOLLAR_MOVE; exact dollar/contract scaling unverified,QuantData
2026-08-17T16:00:00-04:00,2027-03-19,1010.0,call,403.0,987.0,,432937.0,,,,,4047529.0,9502620.0,-5455091.0,-2303749.0,,2581076271.0,,,968.46,100.0,unknown,QuantData PER_ONE_DOLLAR_MOVE; exact dollar/contract scaling unverified,QuantData
2026-08-17T16:00:00-04:00,2027-03-19,1010.0,put,0.0,0.0,,0.0,,,,,4047529.0,9502620.0,-5455091.0,-2303749.0,,2581076271.0,,,968.46,100.0,unknown,QuantData PER_ONE_DOLLAR_MOVE; exact dollar/contract scaling unverified,QuantData
2026-08-17T16:00:00-04:00,2027-03-19,1030.0,call,0.0,0.0,,0.0,,,,,4047529.0,9502620.0,-5455091.0,-2303749.0,,2581076271.0,,,968.46,100.0,unknown,QuantData PER_ONE_DOLLAR_MOVE; exact dollar/contract scaling unverified,QuantData
2026-08-17T16:00:00-04:00,2027-03-19,1030.0,put,-570.0,1553.0,,-373094.0,,,,,4047529.0,9502620.0,-5455091.0,-2303749.0,,2581076271.0,,,968.46,100.0,unknown,QuantData PER_ONE_DOLLAR_MOVE; exact dollar/contract scaling unverified,QuantData
2026-08-17T16:00:00-04:00,2027-03-19,1050.0,call,884.0,2492.0,,905256.0,,,,,4047529.0,9502620.0,-5455091.0,-2303749.0,,2581076271.0,,,968.46,100.0,unknown,QuantData PER_ONE_DOLLAR_MOVE; exact dollar/contract scaling unverified,QuantData
2026-08-17T16:00:00-04:00,2027-03-19,1050.0,put,0.0,0.0,,0.0,,,,,4047529.0,9502620.0,-5455091.0,-2303749.0,,2581076271.0,,,968.46,100.0,unknown,QuantData PER_ONE_DOLLAR_MOVE; exact dollar/contract scaling unverified,QuantData
2026-08-17T16:00:00-04:00,2027-03-19,1100.0,call,1254.0,4533.0,,1141690.0,,,,,4047529.0,9502620.0,-5455091.0,-2303749.0,,2581076271.0,,,968.46,100.0,unknown,QuantData PER_ONE_DOLLAR_MOVE; exact dollar/contract scaling unverified,QuantData
2026-08-17T16:00:00-04:00,2027-03-19,1100.0,put,0.0,0.0,,0.0,,,,,4047529.0,9502620.0,-5455091.0,-2303749.0,,2581076271.0,,,968.46,100.0,unknown,QuantData PER_ONE_DOLLAR_MOVE; exact dollar/contract scaling unverified,QuantData
2026-08-17T16:00:00-04:00,2027-03-19,1260.0,call,487.0,2479.0,,377018.0,,,,,4047529.0,9502620.0,-5455091.0,-2303749.0,,2581076271.0,,,968.46,100.0,unknown,QuantData PER_ONE_DOLLAR_MOVE; exact dollar/contract scaling unverified,QuantData
2026-08-17T16:00:00-04:00,2027-03-19,1260.0,put,0.0,0.0,,0.0,,,,,4047529.0,9502620.0,-5455091.0,-2303749.0,,2581076271.0,,,968.46,100.0,unknown,QuantData PER_ONE_DOLLAR_MOVE; exact dollar/contract scaling unverified,QuantData
2026-08-17T16:00:00-04:00,2027-03-19,1400.0,call,8394.0,53695.0,,5561218.0,,,,,4047529.0,9502620.0,-5455091.0,-2303749.0,,2581076271.0,,,968.46,100.0,unknown,QuantData PER_ONE_DOLLAR_MOVE; exact dollar/contract scaling unverified,QuantData
2026-08-17T16:00:00-04:00,2027-03-19,1400.0,put,0.0,0.0,,0.0,,,,,4047529.0,9502620.0,-5455091.0,-2303749.0,,2581076271.0,,,968.46,100.0,unknown,QuantData PER_ONE_DOLLAR_MOVE; exact dollar/contract scaling unverified,QuantData
2026-08-17T16:00:00-04:00,2027-03-19,1450.0,call,38336.0,255221.0,,25348240.0,,,,,4047529.0,9502620.0,-5455091.0,-2303749.0,,2581076271.0,,,968.46,100.0,unknown,QuantData PER_ONE_DOLLAR_MOVE; exact dollar/contract scaling unverified,QuantData
2026-08-17T16:00:00-04:00,2027-03-19,1450.0,put,0.0,0.0,,0.0,,,,,4047529.0,9502620.0,-5455091.0,-2303749.0,,2581076271.0,,,968.46,100.0,unknown,QuantData PER_ONE_DOLLAR_MOVE; exact dollar/contract scaling unverified,QuantData
2026-08-17T16:00:00-04:00,2027-03-19,1470.0,call,1825.0,12411.0,,1202596.0,,,,,4047529.0,9502620.0,-5455091.0,-2303749.0,,2581076271.0,,,968.46,100.0,unknown,QuantData PER_ONE_DOLLAR_MOVE; exact dollar/contract scaling unverified,QuantData
2026-08-17T16:00:00-04:00,2027-03-19,1470.0,put,0.0,0.0,,0.0,,,,,4047529.0,9502620.0,-5455091.0,-2303749.0,,2581076271.0,,,968.46,100.0,unknown,QuantData PER_ONE_DOLLAR_MOVE; exact dollar/contract scaling unverified,QuantData
2026-08-17T16:00:00-04:00,2027-03-19,1490.0,call,6035.0,41995.0,,3904157.0,,,,,4047529.0,9502620.0,-5455091.0,-2303749.0,,2581076271.0,,,968.46,100.0,unknown,QuantData PER_ONE_DOLLAR_MOVE; exact dollar/contract scaling unverified,QuantData
2026-08-17T16:00:00-04:00,2027-03-19,1490.0,put,0.0,0.0,,0.0,,,,,4047529.0,9502620.0,-5455091.0,-2303749.0,,2581076271.0,,,968.46,100.0,unknown,QuantData PER_ONE_DOLLAR_MOVE; exact dollar/contract scaling unverified,QuantData
2026-08-17T16:00:00-04:00,2027-03-19,1500.0,call,8464.0,59520.0,,5447910.0,,,,,4047529.0,9502620.0,-5455091.0,-2303749.0,,2581076271.0,,,968.46,100.0,unknown,QuantData PER_ONE_DOLLAR_MOVE; exact dollar/contract scaling unverified,QuantData
2026-08-17T16:00:00-04:00,2027-03-19,1500.0,put,0.0,0.0,,0.0,,,,,4047529.0,9502620.0,-5455091.0,-2303749.0,,2581076271.0,,,968.46,100.0,unknown,QuantData PER_ONE_DOLLAR_MOVE; exact dollar/contract scaling unverified,QuantData
2026-08-17T16:00:00-04:00,2027-03-19,1510.0,call,232.0,1639.0,,154428.0,,,,,4047529.0,9502620.0,-5455091.0,-2303749.0,,2581076271.0,,,968.46,100.0,unknown,QuantData PER_ONE_DOLLAR_MOVE; exact dollar/contract scaling unverified,QuantData
2026-08-17T16:00:00-04:00,2027-03-19,1510.0,put,0.0,0.0,,0.0,,,,,4047529.0,9502620.0,-5455091.0,-2303749.0,,2581076271.0,,,968.46,100.0,unknown,QuantData PER_ONE_DOLLAR_MOVE; exact dollar/contract scaling unverified,QuantData
2026-08-17T16:00:00-04:00,2027-03-19,1520.0,call,1344.0,9546.0,,888390.0,,,,,4047529.0,9502620.0,-5455091.0,-2303749.0,,2581076271.0,,,968.46,100.0,unknown,QuantData PER_ONE_DOLLAR_MOVE; exact dollar/contract scaling unverified,QuantData
2026-08-17T16:00:00-04:00,2027-03-19,1520.0,put,0.0,0.0,,0.0,,,,,4047529.0,9502620.0,-5455091.0,-2303749.0,,2581076271.0,,,968.46,100.0,unknown,QuantData PER_ONE_DOLLAR_MOVE; exact dollar/contract scaling unverified,QuantData
2026-08-17T16:00:00-04:00,2027-03-19,1530.0,call,1213.0,8794.0,,768013.0,,,,,4047529.0,9502620.0,-5455091.0,-2303749.0,,2581076271.0,,,968.46,100.0,unknown,QuantData PER_ONE_DOLLAR_MOVE; exact dollar/contract scaling unverified,QuantData
2026-08-17T16:00:00-04:00,2027-03-19,1530.0,put,0.0,0.0,,0.0,,,,,4047529.0,9502620.0,-5455091.0,-2303749.0,,2581076271.0,,,968.46,100.0,unknown,QuantData PER_ONE_DOLLAR_MOVE; exact dollar/contract scaling unverified,QuantData
2026-08-17T16:00:00-04:00,2027-03-19,1540.0,call,2478.0,18154.0,,1556544.0,,,,,4047529.0,9502620.0,-5455091.0,-2303749.0,,2581076271.0,,,968.46,100.0,unknown,QuantData PER_ONE_DOLLAR_MOVE; exact dollar/contract scaling unverified,QuantData
2026-08-17T16:00:00-04:00,2027-03-19,1540.0,put,0.0,0.0,,0.0,,,,,4047529.0,9502620.0,-5455091.0,-2303749.0,,2581076271.0,,,968.46,100.0,unknown,QuantData PER_ONE_DOLLAR_MOVE; exact dollar/contract scaling unverified,QuantData
2026-08-17T16:00:00-04:00,2027-03-19,1550.0,call,803.0,5943.0,,500432.0,,,,,4047529.0,9502620.0,-5455091.0,-2303749.0,,2581076271.0,,,968.46,100.0,unknown,QuantData PER_ONE_DOLLAR_MOVE; exact dollar/contract scaling unverified,QuantData
2026-08-17T16:00:00-04:00,2027-03-19,1550.0,put,0.0,0.0,,0.0,,,,,4047529.0,9502620.0,-5455091.0,-2303749.0,,2581076271.0,,,968.46,100.0,unknown,QuantData PER_ONE_DOLLAR_MOVE; exact dollar/contract scaling unverified,QuantData
2026-08-17T16:00:00-04:00,2027-03-19,1560.0,call,3311.0,24755.0,,2046759.0,,,,,4047529.0,9502620.0,-5455091.0,-2303749.0,,2581076271.0,,,968.46,100.0,unknown,QuantData PER_ONE_DOLLAR_MOVE; exact dollar/contract scaling unverified,QuantData
2026-08-17T16:00:00-04:00,2027-03-19,1560.0,put,0.0,0.0,,0.0,,,,,4047529.0,9502620.0,-5455091.0,-2303749.0,,2581076271.0,,,968.46,100.0,unknown,QuantData PER_ONE_DOLLAR_MOVE; exact dollar/contract scaling unverified,QuantData
2026-08-17T16:00:00-04:00,2027-03-19,1570.0,call,1080.0,8142.0,,668587.0,,,,,4047529.0,9502620.0,-5455091.0,-2303749.0,,2581076271.0,,,968.46,100.0,unknown,QuantData PER_ONE_DOLLAR_MOVE; exact dollar/contract scaling unverified,QuantData
2026-08-17T16:00:00-04:00,2027-03-19,1570.0,put,0.0,0.0,,0.0,,,,,4047529.0,9502620.0,-5455091.0,-2303749.0,,2581076271.0,,,968.46,100.0,unknown,QuantData PER_ONE_DOLLAR_MOVE; exact dollar/contract scaling unverified,QuantData
2026-08-17T16:00:00-04:00,2027-03-19,1580.0,call,3015.0,22760.0,,1917909.0,,,,,4047529.0,9502620.0,-5455091.0,-2303749.0,,2581076271.0,,,968.46,100.0,unknown,QuantData PER_ONE_DOLLAR_MOVE; exact dollar/contract scaling unverified,QuantData
2026-08-17T16:00:00-04:00,2027-03-19,1580.0,put,0.0,0.0,,0.0,,,,,4047529.0,9502620.0,-5455091.0,-2303749.0,,2581076271.0,,,968.46,100.0,unknown,QuantData PER_ONE_DOLLAR_MOVE; exact dollar/contract scaling unverified,QuantData
2026-08-17T16:00:00-04:00,2027-03-19,1600.0,call,7457.0,57575.0,,4603740.0,,,,,4047529.0,9502620.0,-5455091.0,-2303749.0,,2581076271.0,,,968.46,100.0,unknown,QuantData PER_ONE_DOLLAR_MOVE; exact dollar/contract scaling unverified,QuantData
2026-08-17T16:00:00-04:00,2027-03-19,1600.0,put,0.0,0.0,,0.0,,,,,4047529.0,9502620.0,-5455091.0,-2303749.0,,2581076271.0,,,968.46,100.0,unknown,QuantData PER_ONE_DOLLAR_MOVE; exact dollar/contract scaling unverified,QuantData
2026-08-17T16:00:00-04:00,2027-06-17,310.0,call,0.0,0.0,,0.0,,,,,4047529.0,9502620.0,-5455091.0,-2303749.0,,2581076271.0,,,968.46,100.0,unknown,QuantData PER_ONE_DOLLAR_MOVE; exact dollar/contract scaling unverified,QuantData
2026-08-17T16:00:00-04:00,2027-06-17,310.0,put,-34.0,-310.0,,-13000.0,,,,,4047529.0,9502620.0,-5455091.0,-2303749.0,,2581076271.0,,,968.46,100.0,unknown,QuantData PER_ONE_DOLLAR_MOVE; exact dollar/contract scaling unverified,QuantData
2026-08-17T16:00:00-04:00,2027-06-17,320.0,call,0.0,0.0,,0.0,,,,,4047529.0,9502620.0,-5455091.0,-2303749.0,,2581076271.0,,,968.46,100.0,unknown,QuantData PER_ONE_DOLLAR_MOVE; exact dollar/contract scaling unverified,QuantData
2026-08-17T16:00:00-04:00,2027-06-17,320.0,put,0.0,0.0,,0.0,,,,,4047529.0,9502620.0,-5455091.0,-2303749.0,,2581076271.0,,,968.46,100.0,unknown,QuantData PER_ONE_DOLLAR_MOVE; exact dollar/contract scaling unverified,QuantData
2026-08-17T16:00:00-04:00,2027-06-17,330.0,call,0.0,0.0,,0.0,,,,,4047529.0,9502620.0,-5455091.0,-2303749.0,,2581076271.0,,,968.46,100.0,unknown,QuantData PER_ONE_DOLLAR_MOVE; exact dollar/contract scaling unverified,QuantData
2026-08-17T16:00:00-04:00,2027-06-17,330.0,put,-9.0,-83.0,,-3745.0,,,,,4047529.0,9502620.0,-5455091.0,-2303749.0,,2581076271.0,,,968.46,100.0,unknown,QuantData PER_ONE_DOLLAR_MOVE; exact dollar/contract scaling unverified,QuantData
2026-08-17T16:00:00-04:00,2027-06-17,390.0,call,0.0,0.0,,0.0,,,,,4047529.0,9502620.0,-5455091.0,-2303749.0,,2581076271.0,,,968.46,100.0,unknown,QuantData PER_ONE_DOLLAR_MOVE; exact dollar/contract scaling unverified,QuantData
2026-08-17T16:00:00-04:00,2027-06-17,390.0,put,-339.0,-2321.0,,-139336.0,,,,,4047529.0,9502620.0,-5455091.0,-2303749.0,,2581076271.0,,,968.46,100.0,unknown,QuantData PER_ONE_DOLLAR_MOVE; exact dollar/contract scaling unverified,QuantData
2026-08-17T16:00:00-04:00,2027-06-17,410.0,call,0.0,0.0,,0.0,,,,,4047529.0,9502620.0,-5455091.0,-2303749.0,,2581076271.0,,,968.46,100.0,unknown,QuantData PER_ONE_DOLLAR_MOVE; exact dollar/contract scaling unverified,QuantData
2026-08-17T16:00:00-04:00,2027-06-17,410.0,put,-298.0,-1652.0,,-119764.0,,,,,4047529.0,9502620.0,-5455091.0,-2303749.0,,2581076271.0,,,968.46,100.0,unknown,QuantData PER_ONE_DOLLAR_MOVE; exact dollar/contract scaling unverified,QuantData
2026-08-17T16:00:00-04:00,2027-06-17,420.0,call,0.0,0.0,,0.0,,,,,4047529.0,9502620.0,-5455091.0,-2303749.0,,2581076271.0,,,968.46,100.0,unknown,QuantData PER_ONE_DOLLAR_MOVE; exact dollar/contract scaling unverified,QuantData
2026-08-17T16:00:00-04:00,2027-06-17,420.0,put,-1131.0,-7039.0,,-476855.0,,,,,4047529.0,9502620.0,-5455091.0,-2303749.0,,2581076271.0,,,968.46,100.0,unknown,QuantData PER_ONE_DOLLAR_MOVE; exact dollar/contract scaling unverified,QuantData
2026-08-17T16:00:00-04:00,2027-06-17,430.0,call,0.0,0.0,,0.0,,,,,4047529.0,9502620.0,-5455091.0,-2303749.0,,2581076271.0,,,968.46,100.0,unknown,QuantData PER_ONE_DOLLAR_MOVE; exact dollar/contract scaling unverified,QuantData
2026-08-17T16:00:00-04:00,2027-06-17,430.0,put,-523.0,-2680.0,,-213796.0,,,,,4047529.0,9502620.0,-5455091.0,-2303749.0,,2581076271.0,,,968.46,100.0,unknown,QuantData PER_ONE_DOLLAR_MOVE; exact dollar/contract scaling unverified,QuantData
2026-08-17T16:00:00-04:00,2027-06-17,440.0,call,0.0,0.0,,0.0,,,,,4047529.0,9502620.0,-5455091.0,-2303749.0,,2581076271.0,,,968.46,100.0,unknown,QuantData PER_ONE_DOLLAR_MOVE; exact dollar/contract scaling unverified,QuantData
2026-08-17T16:00:00-04:00,2027-06-17,440.0,put,-604.0,-3028.0,,-253757.0,,,,,4047529.0,9502620.0,-5455091.0,-2303749.0,,2581076271.0,,,968.46,100.0,unknown,QuantData PER_ONE_DOLLAR_MOVE; exact dollar/contract scaling unverified,QuantData
2026-08-17T16:00:00-04:00,2027-06-17,480.0,call,0.0,0.0,,0.0,,,,,4047529.0,9502620.0,-5455091.0,-2303749.0,,2581076271.0,,,968.46,100.0,unknown,QuantData PER_ONE_DOLLAR_MOVE; exact dollar/contract scaling unverified,QuantData
2026-08-17T16:00:00-04:00,2027-06-17,480.0,put,-353.0,-1714.0,,-158067.0,,,,,4047529.0,9502620.0,-5455091.0,-2303749.0,,2581076271.0,,,968.46,100.0,unknown,QuantData PER_ONE_DOLLAR_MOVE; exact dollar/contract scaling unverified,QuantData
2026-08-17T16:00:00-04:00,2027-06-17,520.0,call,0.0,0.0,,0.0,,,,,4047529.0,9502620.0,-5455091.0,-2303749.0,,2581076271.0,,,968.46,100.0,unknown,QuantData PER_ONE_DOLLAR_MOVE; exact dollar/contract scaling unverified,QuantData
2026-08-17T16:00:00-04:00,2027-06-17,520.0,put,-713.0,-2638.0,,-330488.0,,,,,4047529.0,9502620.0,-5455091.0,-2303749.0,,2581076271.0,,,968.46,100.0,unknown,QuantData PER_ONE_DOLLAR_MOVE; exact dollar/contract scaling unverified,QuantData
2026-08-17T16:00:00-04:00,2027-06-17,530.0,call,0.0,0.0,,0.0,,,,,4047529.0,9502620.0,-5455091.0,-2303749.0,,2581076271.0,,,968.46,100.0,unknown,QuantData PER_ONE_DOLLAR_MOVE; exact dollar/contract scaling unverified,QuantData
2026-08-17T16:00:00-04:00,2027-06-17,530.0,put,-72.0,-245.0,,-33580.0,,,,,4047529.0,9502620.0,-5455091.0,-2303749.0,,2581076271.0,,,968.46,100.0,unknown,QuantData PER_ONE_DOLLAR_MOVE; exact dollar/contract scaling unverified,QuantData
2026-08-17T16:00:00-04:00,2027-06-17,540.0,call,0.0,0.0,,0.0,,,,,4047529.0,9502620.0,-5455091.0,-2303749.0,,2581076271.0,,,968.46,100.0,unknown,QuantData PER_ONE_DOLLAR_MOVE; exact dollar/contract scaling unverified,QuantData
2026-08-17T16:00:00-04:00,2027-06-17,540.0,put,-1062.0,-3844.0,,-506488.0,,,,,4047529.0,9502620.0,-5455091.0,-2303749.0,,2581076271.0,,,968.46,100.0,unknown,QuantData PER_ONE_DOLLAR_MOVE; exact dollar/contract scaling unverified,QuantData
2026-08-17T16:00:00-04:00,2027-06-17,550.0,call,0.0,0.0,,0.0,,,,,4047529.0,9502620.0,-5455091.0,-2303749.0,,2581076271.0,,,968.46,100.0,unknown,QuantData PER_ONE_DOLLAR_MOVE; exact dollar/contract scaling unverified,QuantData
2026-08-17T16:00:00-04:00,2027-06-17,550.0,put,-739.0,-2277.0,,-358733.0,,,,,4047529.0,9502620.0,-5455091.0,-2303749.0,,2581076271.0,,,968.46,100.0,unknown,QuantData PER_ONE_DOLLAR_MOVE; exact dollar/contract scaling unverified,QuantData
2026-08-17T16:00:00-04:00,2027-06-17,570.0,call,0.0,0.0,,0.0,,,,,4047529.0,9502620.0,-5455091.0,-2303749.0,,2581076271.0,,,968.46,100.0,unknown,QuantData PER_ONE_DOLLAR_MOVE; exact dollar/contract scaling unverified,QuantData
2026-08-17T16:00:00-04:00,2027-06-17,570.0,put,-8504.0,-22627.0,,-4108869.0,,,,,4047529.0,9502620.0,-5455091.0,-2303749.0,,2581076271.0,,,968.46,100.0,unknown,QuantData PER_ONE_DOLLAR_MOVE; exact dollar/contract scaling unverified,QuantData
2026-08-17T16:00:00-04:00,2027-06-17,590.0,call,0.0,0.0,,0.0,,,,,4047529.0,9502620.0,-5455091.0,-2303749.0,,2581076271.0,,,968.46,100.0,unknown,QuantData PER_ONE_DOLLAR_MOVE; exact dollar/contract scaling unverified,QuantData
2026-08-17T16:00:00-04:00,2027-06-17,590.0,put,-220.0,-571.0,,-108485.0,,,,,4047529.0,9502620.0,-5455091.0,-2303749.0,,2581076271.0,,,968.46,100.0,unknown,QuantData PER_ONE_DOLLAR_MOVE; exact dollar/contract scaling unverified,QuantData
2026-08-17T16:00:00-04:00,2027-06-17,630.0,call,0.0,0.0,,0.0,,,,,4047529.0,9502620.0,-5455091.0,-2303749.0,,2581076271.0,,,968.46,100.0,unknown,QuantData PER_ONE_DOLLAR_MOVE; exact dollar/contract scaling unverified,QuantData
2026-08-17T16:00:00-04:00,2027-06-17,630.0,put,-412.0,-522.0,,-208704.0,,,,,4047529.0,9502620.0,-5455091.0,-2303749.0,,2581076271.0,,,968.46,100.0,unknown,QuantData PER_ONE_DOLLAR_MOVE; exact dollar/contract scaling unverified,QuantData
2026-08-17T16:00:00-04:00,2027-06-17,650.0,call,501.0,-828.0,,1317589.0,,,,,4047529.0,9502620.0,-5455091.0,-2303749.0,,2581076271.0,,,968.46,100.0,unknown,QuantData PER_ONE_DOLLAR_MOVE; exact dollar/contract scaling unverified,QuantData
2026-08-17T16:00:00-04:00,2027-06-17,650.0,put,0.0,0.0,,0.0,,,,,4047529.0,9502620.0,-5455091.0,-2303749.0,,2581076271.0,,,968.46,100.0,unknown,QuantData PER_ONE_DOLLAR_MOVE; exact dollar/contract scaling unverified,QuantData
2026-08-17T16:00:00-04:00,2027-06-17,660.0,call,0.0,0.0,,0.0,,,,,4047529.0,9502620.0,-5455091.0,-2303749.0,,2581076271.0,,,968.46,100.0,unknown,QuantData PER_ONE_DOLLAR_MOVE; exact dollar/contract scaling unverified,QuantData
2026-08-17T16:00:00-04:00,2027-06-17,660.0,put,-1042.0,-1385.0,,-554650.0,,,,,4047529.0,9502620.0,-5455091.0,-2303749.0,,2581076271.0,,,968.46,100.0,unknown,QuantData PER_ONE_DOLLAR_MOVE; exact dollar/contract scaling unverified,QuantData
2026-08-17T16:00:00-04:00,2027-06-17,750.0,call,0.0,0.0,,0.0,,,,,4047529.0,9502620.0,-5455091.0,-2303749.0,,2581076271.0,,,968.46,100.0,unknown,QuantData PER_ONE_DOLLAR_MOVE; exact dollar/contract scaling unverified,QuantData
2026-08-17T16:00:00-04:00,2027-06-17,750.0,put,-145.0,24.0,,-84567.0,,,,,4047529.0,9502620.0,-5455091.0,-2303749.0,,2581076271.0,,,968.46,100.0,unknown,QuantData PER_ONE_DOLLAR_MOVE; exact dollar/contract scaling unverified,QuantData
2026-08-17T16:00:00-04:00,2027-06-17,760.0,call,0.0,0.0,,0.0,,,,,4047529.0,9502620.0,-5455091.0,-2303749.0,,2581076271.0,,,968.46,100.0,unknown,QuantData PER_ONE_DOLLAR_MOVE; exact dollar/contract scaling unverified,QuantData
2026-08-17T16:00:00-04:00,2027-06-17,760.0,put,-258.0,54.0,,-150822.0,,,,,4047529.0,9502620.0,-5455091.0,-2303749.0,,2581076271.0,,,968.46,100.0,unknown,QuantData PER_ONE_DOLLAR_MOVE; exact dollar/contract scaling unverified,QuantData
2026-08-17T16:00:00-04:00,2027-06-17,770.0,call,0.0,0.0,,0.0,,,,,4047529.0,9502620.0,-5455091.0,-2303749.0,,2581076271.0,,,968.46,100.0,unknown,QuantData PER_ONE_DOLLAR_MOVE; exact dollar/contract scaling unverified,QuantData
2026-08-17T16:00:00-04:00,2027-06-17,770.0,put,-37.0,12.0,,-22026.0,,,,,4047529.0,9502620.0,-5455091.0,-2303749.0,,2581076271.0,,,968.46,100.0,unknown,QuantData PER_ONE_DOLLAR_MOVE; exact dollar/contract scaling unverified,QuantData
2026-08-17T16:00:00-04:00,2027-06-17,780.0,call,0.0,0.0,,0.0,,,,,4047529.0,9502620.0,-5455091.0,-2303749.0,,2581076271.0,,,968.46,100.0,unknown,QuantData PER_ONE_DOLLAR_MOVE; exact dollar/contract scaling unverified,QuantData
2026-08-17T16:00:00-04:00,2027-06-17,780.0,put,-113.0,55.0,,-67516.0,,,,,4047529.0,9502620.0,-5455091.0,-2303749.0,,2581076271.0,,,968.46,100.0,unknown,QuantData PER_ONE_DOLLAR_MOVE; exact dollar/contract scaling unverified,QuantData
2026-08-17T16:00:00-04:00,2027-06-17,790.0,call,0.0,0.0,,0.0,,,,,4047529.0,9502620.0,-5455091.0,-2303749.0,,2581076271.0,,,968.46,100.0,unknown,QuantData PER_ONE_DOLLAR_MOVE; exact dollar/contract scaling unverified,QuantData
2026-08-17T16:00:00-04:00,2027-06-17,790.0,put,-498.0,314.0,,-298790.0,,,,,4047529.0,9502620.0,-5455091.0,-2303749.0,,2581076271.0,,,968.46,100.0,unknown,QuantData PER_ONE_DOLLAR_MOVE; exact dollar/contract scaling unverified,QuantData
2026-08-17T16:00:00-04:00,2027-06-17,850.0,call,0.0,0.0,,0.0,,,,,4047529.0,9502620.0,-5455091.0,-2303749.0,,2581076271.0,,,968.46,100.0,unknown,QuantData PER_ONE_DOLLAR_MOVE; exact dollar/contract scaling unverified,QuantData
2026-08-17T16:00:00-04:00,2027-06-17,850.0,put,-448.0,673.0,,-284662.0,,,,,4047529.0,9502620.0,-5455091.0,-2303749.0,,2581076271.0,,,968.46,100.0,unknown,QuantData PER_ONE_DOLLAR_MOVE; exact dollar/contract scaling unverified,QuantData
2026-08-17T16:00:00-04:00,2027-06-17,950.0,call,883.0,2594.0,,1206198.0,,,,,4047529.0,9502620.0,-5455091.0,-2303749.0,,2581076271.0,,,968.46,100.0,unknown,QuantData PER_ONE_DOLLAR_MOVE; exact dollar/contract scaling unverified,QuantData
2026-08-17T16:00:00-04:00,2027-06-17,950.0,put,0.0,0.0,,0.0,,,,,4047529.0,9502620.0,-5455091.0,-2303749.0,,2581076271.0,,,968.46,100.0,unknown,QuantData PER_ONE_DOLLAR_MOVE; exact dollar/contract scaling unverified,QuantData
2026-08-17T16:00:00-04:00,2027-06-17,1000.0,call,0.0,0.0,,0.0,,,,,4047529.0,9502620.0,-5455091.0,-2303749.0,,2581076271.0,,,968.46,100.0,unknown,QuantData PER_ONE_DOLLAR_MOVE; exact dollar/contract scaling unverified,QuantData
2026-08-17T16:00:00-04:00,2027-06-17,1000.0,put,0.0,0.0,,0.0,,,,,4047529.0,9502620.0,-5455091.0,-2303749.0,,2581076271.0,,,968.46,100.0,unknown,QuantData PER_ONE_DOLLAR_MOVE; exact dollar/contract scaling unverified,QuantData
2026-08-17T16:00:00-04:00,2027-06-17,1010.0,call,0.0,0.0,,0.0,,,,,4047529.0,9502620.0,-5455091.0,-2303749.0,,2581076271.0,,,968.46,100.0,unknown,QuantData PER_ONE_DOLLAR_MOVE; exact dollar/contract scaling unverified,QuantData
2026-08-17T16:00:00-04:00,2027-06-17,1010.0,put,0.0,0.0,,0.0,,,,,4047529.0,9502620.0,-5455091.0,-2303749.0,,2581076271.0,,,968.46,100.0,unknown,QuantData PER_ONE_DOLLAR_MOVE; exact dollar/contract scaling unverified,QuantData
2026-08-17T16:00:00-04:00,2027-06-17,1110.0,call,48.0,213.0,,61102.0,,,,,4047529.0,9502620.0,-5455091.0,-2303749.0,,2581076271.0,,,968.46,100.0,unknown,QuantData PER_ONE_DOLLAR_MOVE; exact dollar/contract scaling unverified,QuantData
2026-08-17T16:00:00-04:00,2027-06-17,1110.0,put,0.0,0.0,,0.0,,,,,4047529.0,9502620.0,-5455091.0,-2303749.0,,2581076271.0,,,968.46,100.0,unknown,QuantData PER_ONE_DOLLAR_MOVE; exact dollar/contract scaling unverified,QuantData
2026-08-17T16:00:00-04:00,2027-06-17,1170.0,call,0.0,0.0,,0.0,,,,,4047529.0,9502620.0,-5455091.0,-2303749.0,,2581076271.0,,,968.46,100.0,unknown,QuantData PER_ONE_DOLLAR_MOVE; exact dollar/contract scaling unverified,QuantData
2026-08-17T16:00:00-04:00,2027-06-17,1170.0,put,0.0,0.0,,0.0,,,,,4047529.0,9502620.0,-5455091.0,-2303749.0,,2581076271.0,,,968.46,100.0,unknown,QuantData PER_ONE_DOLLAR_MOVE; exact dollar/contract scaling unverified,QuantData
2026-08-17T16:00:00-04:00,2027-06-17,1230.0,call,2459.0,13705.0,,2742997.0,,,,,4047529.0,9502620.0,-5455091.0,-2303749.0,,2581076271.0,,,968.46,100.0,unknown,QuantData PER_ONE_DOLLAR_MOVE; exact dollar/contract scaling unverified,QuantData
2026-08-17T16:00:00-04:00,2027-06-17,1230.0,put,-387.0,2178.0,,-337093.0,,,,,4047529.0,9502620.0,-5455091.0,-2303749.0,,2581076271.0,,,968.46,100.0,unknown,QuantData PER_ONE_DOLLAR_MOVE; exact dollar/contract scaling unverified,QuantData
2026-08-17T16:00:00-04:00,2027-06-17,1260.0,call,0.0,0.0,,0.0,,,,,4047529.0,9502620.0,-5455091.0,-2303749.0,,2581076271.0,,,968.46,100.0,unknown,QuantData PER_ONE_DOLLAR_MOVE; exact dollar/contract scaling unverified,QuantData
2026-08-17T16:00:00-04:00,2027-06-17,1260.0,put,-48.0,287.0,,-43174.0,,,,,4047529.0,9502620.0,-5455091.0,-2303749.0,,2581076271.0,,,968.46,100.0,unknown,QuantData PER_ONE_DOLLAR_MOVE; exact dollar/contract scaling unverified,QuantData
2026-08-17T16:00:00-04:00,2027-06-17,1280.0,call,0.0,0.0,,0.0,,,,,4047529.0,9502620.0,-5455091.0,-2303749.0,,2581076271.0,,,968.46,100.0,unknown,QuantData PER_ONE_DOLLAR_MOVE; exact dollar/contract scaling unverified,QuantData
2026-08-17T16:00:00-04:00,2027-06-17,1280.0,put,0.0,0.0,,0.0,,,,,4047529.0,9502620.0,-5455091.0,-2303749.0,,2581076271.0,,,968.46,100.0,unknown,QuantData PER_ONE_DOLLAR_MOVE; exact dollar/contract scaling unverified,QuantData
2026-08-17T16:00:00-04:00,2027-06-17,1300.0,call,716.0,4501.0,,719480.0,,,,,4047529.0,9502620.0,-5455091.0,-2303749.0,,2581076271.0,,,968.46,100.0,unknown,QuantData PER_ONE_DOLLAR_MOVE; exact dollar/contract scaling unverified,QuantData
2026-08-17T16:00:00-04:00,2027-06-17,1300.0,put,0.0,0.0,,0.0,,,,,4047529.0,9502620.0,-5455091.0,-2303749.0,,2581076271.0,,,968.46,100.0,unknown,QuantData PER_ONE_DOLLAR_MOVE; exact dollar/contract scaling unverified,QuantData
2026-08-17T16:00:00-04:00,2027-07-16,340.0,call,0.0,0.0,,0.0,,,,,4047529.0,9502620.0,-5455091.0,-2303749.0,,2581076271.0,,,968.46,100.0,unknown,QuantData PER_ONE_DOLLAR_MOVE; exact dollar/contract scaling unverified,QuantData
2026-08-17T16:00:00-04:00,2027-07-16,340.0,put,-871.0,-6441.0,,-343236.0,,,,,4047529.0,9502620.0,-5455091.0,-2303749.0,,2581076271.0,,,968.46,100.0,unknown,QuantData PER_ONE_DOLLAR_MOVE; exact dollar/contract scaling unverified,QuantData
2026-08-17T16:00:00-04:00,2027-07-16,400.0,call,0.0,0.0,,0.0,,,,,4047529.0,9502620.0,-5455091.0,-2303749.0,,2581076271.0,,,968.46,100.0,unknown,QuantData PER_ONE_DOLLAR_MOVE; exact dollar/contract scaling unverified,QuantData
2026-08-17T16:00:00-04:00,2027-07-16,400.0,put,-852.0,-5448.0,,-362434.0,,,,,4047529.0,9502620.0,-5455091.0,-2303749.0,,2581076271.0,,,968.46,100.0,unknown,QuantData PER_ONE_DOLLAR_MOVE; exact dollar/contract scaling unverified,QuantData
2026-08-17T16:00:00-04:00,2027-07-16,450.0,call,567.0,-2988.0,,2888564.0,,,,,4047529.0,9502620.0,-5455091.0,-2303749.0,,2581076271.0,,,968.46,100.0,unknown,QuantData PER_ONE_DOLLAR_MOVE; exact dollar/contract scaling unverified,QuantData
2026-08-17T16:00:00-04:00,2027-07-16,450.0,put,-334.0,-1744.0,,-150641.0,,,,,4047529.0,9502620.0,-5455091.0,-2303749.0,,2581076271.0,,,968.46,100.0,unknown,QuantData PER_ONE_DOLLAR_MOVE; exact dollar/contract scaling unverified,QuantData
2026-08-17T16:00:00-04:00,2027-07-16,460.0,call,0.0,0.0,,0.0,,,,,4047529.0,9502620.0,-5455091.0,-2303749.0,,2581076271.0,,,968.46,100.0,unknown,QuantData PER_ONE_DOLLAR_MOVE; exact dollar/contract scaling unverified,QuantData
2026-08-17T16:00:00-04:00,2027-07-16,460.0,put,-1313.0,-6565.0,,-597554.0,,,,,4047529.0,9502620.0,-5455091.0,-2303749.0,,2581076271.0,,,968.46,100.0,unknown,QuantData PER_ONE_DOLLAR_MOVE; exact dollar/contract scaling unverified,QuantData
2026-08-17T16:00:00-04:00,2027-07-16,470.0,call,0.0,0.0,,0.0,,,,,4047529.0,9502620.0,-5455091.0,-2303749.0,,2581076271.0,,,968.46,100.0,unknown,QuantData PER_ONE_DOLLAR_MOVE; exact dollar/contract scaling unverified,QuantData
2026-08-17T16:00:00-04:00,2027-07-16,470.0,put,-435.0,-2066.0,,-200138.0,,,,,4047529.0,9502620.0,-5455091.0,-2303749.0,,2581076271.0,,,968.46,100.0,unknown,QuantData PER_ONE_DOLLAR_MOVE; exact dollar/contract scaling unverified,QuantData
2026-08-17T16:00:00-04:00,2027-07-16,500.0,call,0.0,0.0,,0.0,,,,,4047529.0,9502620.0,-5455091.0,-2303749.0,,2581076271.0,,,968.46,100.0,unknown,QuantData PER_ONE_DOLLAR_MOVE; exact dollar/contract scaling unverified,QuantData
2026-08-17T16:00:00-04:00,2027-07-16,500.0,put,-2913.0,-12560.0,,-1345886.0,,,,,4047529.0,9502620.0,-5455091.0,-2303749.0,,2581076271.0,,,968.46,100.0,unknown,QuantData PER_ONE_DOLLAR_MOVE; exact dollar/contract scaling unverified,QuantData
2026-08-17T16:00:00-04:00,2027-07-16,540.0,call,0.0,0.0,,0.0,,,,,4047529.0,9502620.0,-5455091.0,-2303749.0,,2581076271.0,,,968.46,100.0,unknown,QuantData PER_ONE_DOLLAR_MOVE; exact dollar/contract scaling unverified,QuantData
2026-08-17T16:00:00-04:00,2027-07-16,540.0,put,-1387.0,-4168.0,,-681643.0,,,,,4047529.0,9502620.0,-5455091.0,-2303749.0,,2581076271.0,,,968.46,100.0,unknown,QuantData PER_ONE_DOLLAR_MOVE; exact dollar/contract scaling unverified,QuantData
2026-08-17T16:00:00-04:00,2027-07-16,600.0,call,887.0,-1983.0,,2675379.0,,,,,4047529.0,9502620.0,-5455091.0,-2303749.0,,2581076271.0,,,968.46,100.0,unknown,QuantData PER_ONE_DOLLAR_MOVE; exact dollar/contract scaling unverified,QuantData
2026-08-17T16:00:00-04:00,2027-07-16,600.0,put,-1796.0,-3434.0,,-932301.0,,,,,4047529.0,9502620.0,-5455091.0,-2303749.0,,2581076271.0,,,968.46,100.0,unknown,QuantData PER_ONE_DOLLAR_MOVE; exact dollar/contract scaling unverified,QuantData
2026-08-17T16:00:00-04:00,2027-07-16,620.0,call,0.0,0.0,,0.0,,,,,4047529.0,9502620.0,-5455091.0,-2303749.0,,2581076271.0,,,968.46,100.0,unknown,QuantData PER_ONE_DOLLAR_MOVE; exact dollar/contract scaling unverified,QuantData
2026-08-17T16:00:00-04:00,2027-07-16,620.0,put,-1910.0,-2148.0,,-1002150.0,,,,,4047529.0,9502620.0,-5455091.0,-2303749.0,,2581076271.0,,,968.46,100.0,unknown,QuantData PER_ONE_DOLLAR_MOVE; exact dollar/contract scaling unverified,QuantData
2026-08-17T16:00:00-04:00,2027-07-16,640.0,call,0.0,0.0,,0.0,,,,,4047529.0,9502620.0,-5455091.0,-2303749.0,,2581076271.0,,,968.46,100.0,unknown,QuantData PER_ONE_DOLLAR_MOVE; exact dollar/contract scaling unverified,QuantData
2026-08-17T16:00:00-04:00,2027-07-16,640.0,put,-585.0,-804.0,,-318919.0,,,,,4047529.0,9502620.0,-5455091.0,-2303749.0,,2581076271.0,,,968.46,100.0,unknown,QuantData PER_ONE_DOLLAR_MOVE; exact dollar/contract scaling unverified,QuantData
2026-08-17T16:00:00-04:00,2027-07-16,680.0,call,131.0,-67.0,,310061.0,,,,,4047529.0,9502620.0,-5455091.0,-2303749.0,,2581076271.0,,,968.46,100.0,unknown,QuantData PER_ONE_DOLLAR_MOVE; exact dollar/contract scaling unverified,QuantData
2026-08-17T16:00:00-04:00,2027-07-16,680.0,put,0.0,0.0,,0.0,,,,,4047529.0,9502620.0,-5455091.0,-2303749.0,,2581076271.0,,,968.46,100.0,unknown,QuantData PER_ONE_DOLLAR_MOVE; exact dollar/contract scaling unverified,QuantData
2026-08-17T16:00:00-04:00,2027-07-16,700.0,call,0.0,0.0,,0.0,,,,,4047529.0,9502620.0,-5455091.0,-2303749.0,,2581076271.0,,,968.46,100.0,unknown,QuantData PER_ONE_DOLLAR_MOVE; exact dollar/contract scaling unverified,QuantData
2026-08-17T16:00:00-04:00,2027-07-16,700.0,put,-2048.0,-522.0,,-1168341.0,,,,,4047529.0,9502620.0,-5455091.0,-2303749.0,,2581076271.0,,,968.46,100.0,unknown,QuantData PER_ONE_DOLLAR_MOVE; exact dollar/contract scaling unverified,QuantData
2026-08-17T16:00:00-04:00,2027-07-16,720.0,call,0.0,0.0,,0.0,,,,,4047529.0,9502620.0,-5455091.0,-2303749.0,,2581076271.0,,,968.46,100.0,unknown,QuantData PER_ONE_DOLLAR_MOVE; exact dollar/contract scaling unverified,QuantData
2026-08-17T16:00:00-04:00,2027-07-16,720.0,put,-681.0,35.0,,-395445.0,,,,,4047529.0,9502620.0,-5455091.0,-2303749.0,,2581076271.0,,,968.46,100.0,unknown,QuantData PER_ONE_DOLLAR_MOVE; exact dollar/contract scaling unverified,QuantData
2026-08-17T16:00:00-04:00,2027-07-16,780.0,call,1505.0,1479.0,,2913758.0,,,,,4047529.0,9502620.0,-5455091.0,-2303749.0,,2581076271.0,,,968.46,100.0,unknown,QuantData PER_ONE_DOLLAR_MOVE; exact dollar/contract scaling unverified,QuantData
2026-08-17T16:00:00-04:00,2027-07-16,780.0,put,0.0,0.0,,0.0,,,,,4047529.0,9502620.0,-5455091.0,-2303749.0,,2581076271.0,,,968.46,100.0,unknown,QuantData PER_ONE_DOLLAR_MOVE; exact dollar/contract scaling unverified,QuantData
2026-08-17T16:00:00-04:00,2027-07-16,860.0,call,1817.0,3232.0,,3236102.0,,,,,4047529.0,9502620.0,-5455091.0,-2303749.0,,2581076271.0,,,968.46,100.0,unknown,QuantData PER_ONE_DOLLAR_MOVE; exact dollar/contract scaling unverified,QuantData
2026-08-17T16:00:00-04:00,2027-07-16,860.0,put,0.0,0.0,,0.0,,,,,4047529.0,9502620.0,-5455091.0,-2303749.0,,2581076271.0,,,968.46,100.0,unknown,QuantData PER_ONE_DOLLAR_MOVE; exact dollar/contract scaling unverified,QuantData
2026-08-17T16:00:00-04:00,2027-07-16,880.0,call,1594.0,3147.0,,2799764.0,,,,,4047529.0,9502620.0,-5455091.0,-2303749.0,,2581076271.0,,,968.46,100.0,unknown,QuantData PER_ONE_DOLLAR_MOVE; exact dollar/contract scaling unverified,QuantData
2026-08-17T16:00:00-04:00,2027-07-16,880.0,put,-437.0,924.0,,-294396.0,,,,,4047529.0,9502620.0,-5455091.0,-2303749.0,,2581076271.0,,,968.46,100.0,unknown,QuantData PER_ONE_DOLLAR_MOVE; exact dollar/contract scaling unverified,QuantData
2026-08-17T16:00:00-04:00,2027-07-16,900.0,call,2748.0,6270.0,,4641161.0,,,,,4047529.0,9502620.0,-5455091.0,-2303749.0,,2581076271.0,,,968.46,100.0,unknown,QuantData PER_ONE_DOLLAR_MOVE; exact dollar/contract scaling unverified,QuantData
2026-08-17T16:00:00-04:00,2027-07-16,900.0,put,0.0,0.0,,0.0,,,,,4047529.0,9502620.0,-5455091.0,-2303749.0,,2581076271.0,,,968.46,100.0,unknown,QuantData PER_ONE_DOLLAR_MOVE; exact dollar/contract scaling unverified,QuantData
2026-08-17T16:00:00-04:00,2027-07-16,950.0,call,17429.0,51699.0,,26586232.0,,,,,4047529.0,9502620.0,-5455091.0,-2303749.0,,2581076271.0,,,968.46,100.0,unknown,QuantData PER_ONE_DOLLAR_MOVE; exact dollar/contract scaling unverified,QuantData
2026-08-17T16:00:00-04:00,2027-07-16,950.0,put,0.0,0.0,,0.0,,,,,4047529.0,9502620.0,-5455091.0,-2303749.0,,2581076271.0,,,968.46,100.0,unknown,QuantData PER_ONE_DOLLAR_MOVE; exact dollar/contract scaling unverified,QuantData
2026-08-17T16:00:00-04:00,2027-07-16,960.0,call,474.0,1449.0,,744658.0,,,,,4047529.0,9502620.0,-5455091.0,-2303749.0,,2581076271.0,,,968.46,100.0,unknown,QuantData PER_ONE_DOLLAR_MOVE; exact dollar/contract scaling unverified,QuantData
2026-08-17T16:00:00-04:00,2027-07-16,960.0,put,0.0,0.0,,0.0,,,,,4047529.0,9502620.0,-5455091.0,-2303749.0,,2581076271.0,,,968.46,100.0,unknown,QuantData PER_ONE_DOLLAR_MOVE; exact dollar/contract scaling unverified,QuantData
2026-08-17T16:00:00-04:00,2027-07-16,1000.0,call,2251.0,8746.0,,3274971.0,,,,,4047529.0,9502620.0,-5455091.0,-2303749.0,,2581076271.0,,,968.46,100.0,unknown,QuantData PER_ONE_DOLLAR_MOVE; exact dollar/contract scaling unverified,QuantData
2026-08-17T16:00:00-04:00,2027-07-16,1000.0,put,0.0,0.0,,0.0,,,,,4047529.0,9502620.0,-5455091.0,-2303749.0,,2581076271.0,,,968.46,100.0,unknown,QuantData PER_ONE_DOLLAR_MOVE; exact dollar/contract scaling unverified,QuantData
2026-08-17T16:00:00-04:00,2027-07-16,1250.0,call,1303.0,8144.0,,1419815.0,,,,,4047529.0,9502620.0,-5455091.0,-2303749.0,,2581076271.0,,,968.46,100.0,unknown,QuantData PER_ONE_DOLLAR_MOVE; exact dollar/contract scaling unverified,QuantData
2026-08-17T16:00:00-04:00,2027-07-16,1250.0,put,0.0,0.0,,0.0,,,,,4047529.0,9502620.0,-5455091.0,-2303749.0,,2581076271.0,,,968.46,100.0,unknown,QuantData PER_ONE_DOLLAR_MOVE; exact dollar/contract scaling unverified,QuantData
2026-08-17T16:00:00-04:00,2027-07-16,1500.0,call,1054.0,8602.0,,1054750.0,,,,,4047529.0,9502620.0,-5455091.0,-2303749.0,,2581076271.0,,,968.46,100.0,unknown,QuantData PER_ONE_DOLLAR_MOVE; exact dollar/contract scaling unverified,QuantData
2026-08-17T16:00:00-04:00,2027-07-16,1500.0,put,0.0,0.0,,0.0,,,,,4047529.0,9502620.0,-5455091.0,-2303749.0,,2581076271.0,,,968.46,100.0,unknown,QuantData PER_ONE_DOLLAR_MOVE; exact dollar/contract scaling unverified,QuantData
2026-08-17T16:00:00-04:00,2027-07-16,1550.0,call,342.0,2938.0,,310196.0,,,,,4047529.0,9502620.0,-5455091.0,-2303749.0,,2581076271.0,,,968.46,100.0,unknown,QuantData PER_ONE_DOLLAR_MOVE; exact dollar/contract scaling unverified,QuantData
2026-08-17T16:00:00-04:00,2027-07-16,1550.0,put,0.0,0.0,,0.0,,,,,4047529.0,9502620.0,-5455091.0,-2303749.0,,2581076271.0,,,968.46,100.0,unknown,QuantData PER_ONE_DOLLAR_MOVE; exact dollar/contract scaling unverified,QuantData
2026-08-17T16:00:00-04:00,2027-07-16,1570.0,call,487.0,4253.0,,436938.0,,,,,4047529.0,9502620.0,-5455091.0,-2303749.0,,2581076271.0,,,968.46,100.0,unknown,QuantData PER_ONE_DOLLAR_MOVE; exact dollar/contract scaling unverified,QuantData
2026-08-17T16:00:00-04:00,2027-07-16,1570.0,put,0.0,0.0,,0.0,,,,,4047529.0,9502620.0,-5455091.0,-2303749.0,,2581076271.0,,,968.46,100.0,unknown,QuantData PER_ONE_DOLLAR_MOVE; exact dollar/contract scaling unverified,QuantData
2026-08-17T16:00:00-04:00,2027-07-16,1580.0,call,1560.0,13740.0,,1385058.0,,,,,4047529.0,9502620.0,-5455091.0,-2303749.0,,2581076271.0,,,968.46,100.0,unknown,QuantData PER_ONE_DOLLAR_MOVE; exact dollar/contract scaling unverified,QuantData
2026-08-17T16:00:00-04:00,2027-07-16,1580.0,put,0.0,0.0,,0.0,,,,,4047529.0,9502620.0,-5455091.0,-2303749.0,,2581076271.0,,,968.46,100.0,unknown,QuantData PER_ONE_DOLLAR_MOVE; exact dollar/contract scaling unverified,QuantData
2026-08-17T16:00:00-04:00,2027-07-16,1590.0,call,1556.0,13805.0,,1381189.0,,,,,4047529.0,9502620.0,-5455091.0,-2303749.0,,2581076271.0,,,968.46,100.0,unknown,QuantData PER_ONE_DOLLAR_MOVE; exact dollar/contract scaling unverified,QuantData
2026-08-17T16:00:00-04:00,2027-07-16,1590.0,put,0.0,0.0,,0.0,,,,,4047529.0,9502620.0,-5455091.0,-2303749.0,,2581076271.0,,,968.46,100.0,unknown,QuantData PER_ONE_DOLLAR_MOVE; exact dollar/contract scaling unverified,QuantData
2026-08-17T16:00:00-04:00,2027-07-16,1600.0,call,27767.0,248324.0,,24488538.0,,,,,4047529.0,9502620.0,-5455091.0,-2303749.0,,2581076271.0,,,968.46,100.0,unknown,QuantData PER_ONE_DOLLAR_MOVE; exact dollar/contract scaling unverified,QuantData
2026-08-17T16:00:00-04:00,2027-07-16,1600.0,put,0.0,0.0,,0.0,,,,,4047529.0,9502620.0,-5455091.0,-2303749.0,,2581076271.0,,,968.46,100.0,unknown,QuantData PER_ONE_DOLLAR_MOVE; exact dollar/contract scaling unverified,QuantData
2026-08-17T16:00:00-04:00,2028-01-21,85.0,call,0.0,0.0,,0.0,,,,,4047529.0,9502620.0,-5455091.0,-2303749.0,,2581076271.0,,,968.46,100.0,unknown,QuantData PER_ONE_DOLLAR_MOVE; exact dollar/contract scaling unverified,QuantData
2026-08-17T16:00:00-04:00,2028-01-21,85.0,put,-143.0,-2095.0,,-60987.0,,,,,4047529.0,9502620.0,-5455091.0,-2303749.0,,2581076271.0,,,968.46,100.0,unknown,QuantData PER_ONE_DOLLAR_MOVE; exact dollar/contract scaling unverified,QuantData
2026-08-17T16:00:00-04:00,2028-01-21,195.0,call,0.0,0.0,,0.0,,,,,4047529.0,9502620.0,-5455091.0,-2303749.0,,2581076271.0,,,968.46,100.0,unknown,QuantData PER_ONE_DOLLAR_MOVE; exact dollar/contract scaling unverified,QuantData
2026-08-17T16:00:00-04:00,2028-01-21,195.0,put,-61.0,-640.0,,-27972.0,,,,,4047529.0,9502620.0,-5455091.0,-2303749.0,,2581076271.0,,,968.46,100.0,unknown,QuantData PER_ONE_DOLLAR_MOVE; exact dollar/contract scaling unverified,QuantData
2026-08-17T16:00:00-04:00,2028-01-21,250.0,call,308.0,-2272.0,,4456005.0,,,,,4047529.0,9502620.0,-5455091.0,-2303749.0,,2581076271.0,,,968.46,100.0,unknown,QuantData PER_ONE_DOLLAR_MOVE; exact dollar/contract scaling unverified,QuantData
2026-08-17T16:00:00-04:00,2028-01-21,250.0,put,0.0,0.0,,0.0,,,,,4047529.0,9502620.0,-5455091.0,-2303749.0,,2581076271.0,,,968.46,100.0,unknown,QuantData PER_ONE_DOLLAR_MOVE; exact dollar/contract scaling unverified,QuantData
2026-08-17T16:00:00-04:00,2028-01-21,320.0,call,57.0,-377.0,,559399.0,,,,,4047529.0,9502620.0,-5455091.0,-2303749.0,,2581076271.0,,,968.46,100.0,unknown,QuantData PER_ONE_DOLLAR_MOVE; exact dollar/contract scaling unverified,QuantData
2026-08-17T16:00:00-04:00,2028-01-21,320.0,put,0.0,0.0,,0.0,,,,,4047529.0,9502620.0,-5455091.0,-2303749.0,,2581076271.0,,,968.46,100.0,unknown,QuantData PER_ONE_DOLLAR_MOVE; exact dollar/contract scaling unverified,QuantData
2026-08-17T16:00:00-04:00,2028-01-21,330.0,call,0.0,0.0,,0.0,,,,,4047529.0,9502620.0,-5455091.0,-2303749.0,,2581076271.0,,,968.46,100.0,unknown,QuantData PER_ONE_DOLLAR_MOVE; exact dollar/contract scaling unverified,QuantData
2026-08-17T16:00:00-04:00,2028-01-21,330.0,put,-3738.0,-23196.0,,-1925271.0,,,,,4047529.0,9502620.0,-5455091.0,-2303749.0,,2581076271.0,,,968.46,100.0,unknown,QuantData PER_ONE_DOLLAR_MOVE; exact dollar/contract scaling unverified,QuantData
2026-08-17T16:00:00-04:00,2028-01-21,380.0,call,0.0,0.0,,0.0,,,,,4047529.0,9502620.0,-5455091.0,-2303749.0,,2581076271.0,,,968.46,100.0,unknown,QuantData PER_ONE_DOLLAR_MOVE; exact dollar/contract scaling unverified,QuantData
2026-08-17T16:00:00-04:00,2028-01-21,380.0,put,-1070.0,-5159.0,,-579285.0,,,,,4047529.0,9502620.0,-5455091.0,-2303749.0,,2581076271.0,,,968.46,100.0,unknown,QuantData PER_ONE_DOLLAR_MOVE; exact dollar/contract scaling unverified,QuantData
2026-08-17T16:00:00-04:00,2028-01-21,390.0,call,0.0,0.0,,0.0,,,,,4047529.0,9502620.0,-5455091.0,-2303749.0,,2581076271.0,,,968.46,100.0,unknown,QuantData PER_ONE_DOLLAR_MOVE; exact dollar/contract scaling unverified,QuantData
2026-08-17T16:00:00-04:00,2028-01-21,390.0,put,-475.0,-2235.0,,-265627.0,,,,,4047529.0,9502620.0,-5455091.0,-2303749.0,,2581076271.0,,,968.46,100.0,unknown,QuantData PER_ONE_DOLLAR_MOVE; exact dollar/contract scaling unverified,QuantData
2026-08-17T16:00:00-04:00,2028-01-21,400.0,call,3056.0,-12565.0,,19984802.0,,,,,4047529.0,9502620.0,-5455091.0,-2303749.0,,2581076271.0,,,968.46,100.0,unknown,QuantData PER_ONE_DOLLAR_MOVE; exact dollar/contract scaling unverified,QuantData
2026-08-17T16:00:00-04:00,2028-01-21,400.0,put,-702.0,-3043.0,,-389675.0,,,,,4047529.0,9502620.0,-5455091.0,-2303749.0,,2581076271.0,,,968.46,100.0,unknown,QuantData PER_ONE_DOLLAR_MOVE; exact dollar/contract scaling unverified,QuantData
2026-08-17T16:00:00-04:00,2028-01-21,410.0,call,0.0,0.0,,0.0,,,,,4047529.0,9502620.0,-5455091.0,-2303749.0,,2581076271.0,,,968.46,100.0,unknown,QuantData PER_ONE_DOLLAR_MOVE; exact dollar/contract scaling unverified,QuantData
2026-08-17T16:00:00-04:00,2028-01-21,410.0,put,-287.0,-1179.0,,-161029.0,,,,,4047529.0,9502620.0,-5455091.0,-2303749.0,,2581076271.0,,,968.46,100.0,unknown,QuantData PER_ONE_DOLLAR_MOVE; exact dollar/contract scaling unverified,QuantData
2026-08-17T16:00:00-04:00,2028-01-21,420.0,call,0.0,0.0,,0.0,,,,,4047529.0,9502620.0,-5455091.0,-2303749.0,,2581076271.0,,,968.46,100.0,unknown,QuantData PER_ONE_DOLLAR_MOVE; exact dollar/contract scaling unverified,QuantData
2026-08-17T16:00:00-04:00,2028-01-21,420.0,put,-2748.0,-10159.0,,-1574480.0,,,,,4047529.0,9502620.0,-5455091.0,-2303749.0,,2581076271.0,,,968.46,100.0,unknown,QuantData PER_ONE_DOLLAR_MOVE; exact dollar/contract scaling unverified,QuantData
2026-08-17T16:00:00-04:00,2028-01-21,430.0,call,0.0,0.0,,0.0,,,,,4047529.0,9502620.0,-5455091.0,-2303749.0,,2581076271.0,,,968.46,100.0,unknown,QuantData PER_ONE_DOLLAR_MOVE; exact dollar/contract scaling unverified,QuantData
2026-08-17T16:00:00-04:00,2028-01-21,430.0,put,-188.0,-647.0,,-108707.0,,,,,4047529.0,9502620.0,-5455091.0,-2303749.0,,2581076271.0,,,968.46,100.0,unknown,QuantData PER_ONE_DOLLAR_MOVE; exact dollar/contract scaling unverified,QuantData
2026-08-17T16:00:00-04:00,2028-01-21,440.0,call,0.0,0.0,,0.0,,,,,4047529.0,9502620.0,-5455091.0,-2303749.0,,2581076271.0,,,968.46,100.0,unknown,QuantData PER_ONE_DOLLAR_MOVE; exact dollar/contract scaling unverified,QuantData
2026-08-17T16:00:00-04:00,2028-01-21,440.0,put,-1324.0,-4417.0,,-754315.0,,,,,4047529.0,9502620.0,-5455091.0,-2303749.0,,2581076271.0,,,968.46,100.0,unknown,QuantData PER_ONE_DOLLAR_MOVE; exact dollar/contract scaling unverified,QuantData
2026-08-17T16:00:00-04:00,2028-01-21,450.0,call,0.0,0.0,,0.0,,,,,4047529.0,9502620.0,-5455091.0,-2303749.0,,2581076271.0,,,968.46,100.0,unknown,QuantData PER_ONE_DOLLAR_MOVE; exact dollar/contract scaling unverified,QuantData
2026-08-17T16:00:00-04:00,2028-01-21,450.0,put,-3619.0,-11504.0,,-2097304.0,,,,,4047529.0,9502620.0,-5455091.0,-2303749.0,,2581076271.0,,,968.46,100.0,unknown,QuantData PER_ONE_DOLLAR_MOVE; exact dollar/contract scaling unverified,QuantData
2026-08-17T16:00:00-04:00,2028-01-21,460.0,call,0.0,0.0,,0.0,,,,,4047529.0,9502620.0,-5455091.0,-2303749.0,,2581076271.0,,,968.46,100.0,unknown,QuantData PER_ONE_DOLLAR_MOVE; exact dollar/contract scaling unverified,QuantData
2026-08-17T16:00:00-04:00,2028-01-21,460.0,put,-1183.0,-3437.0,,-705679.0,,,,,4047529.0,9502620.0,-5455091.0,-2303749.0,,2581076271.0,,,968.46,100.0,unknown,QuantData PER_ONE_DOLLAR_MOVE; exact dollar/contract scaling unverified,QuantData
2026-08-17T16:00:00-04:00,2028-01-21,470.0,call,0.0,0.0,,0.0,,,,,4047529.0,9502620.0,-5455091.0,-2303749.0,,2581076271.0,,,968.46,100.0,unknown,QuantData PER_ONE_DOLLAR_MOVE; exact dollar/contract scaling unverified,QuantData
2026-08-17T16:00:00-04:00,2028-01-21,470.0,put,-179.0,-484.0,,-106053.0,,,,,4047529.0,9502620.0,-5455091.0,-2303749.0,,2581076271.0,,,968.46,100.0,unknown,QuantData PER_ONE_DOLLAR_MOVE; exact dollar/contract scaling unverified,QuantData
2026-08-17T16:00:00-04:00,2028-01-21,480.0,call,0.0,0.0,,0.0,,,,,4047529.0,9502620.0,-5455091.0,-2303749.0,,2581076271.0,,,968.46,100.0,unknown,QuantData PER_ONE_DOLLAR_MOVE; exact dollar/contract scaling unverified,QuantData
2026-08-17T16:00:00-04:00,2028-01-21,480.0,put,-703.0,-1756.0,,-418937.0,,,,,4047529.0,9502620.0,-5455091.0,-2303749.0,,2581076271.0,,,968.46,100.0,unknown,QuantData PER_ONE_DOLLAR_MOVE; exact dollar/contract scaling unverified,QuantData
2026-08-17T16:00:00-04:00,2028-01-21,490.0,call,0.0,0.0,,0.0,,,,,4047529.0,9502620.0,-5455091.0,-2303749.0,,2581076271.0,,,968.46,100.0,unknown,QuantData PER_ONE_DOLLAR_MOVE; exact dollar/contract scaling unverified,QuantData
2026-08-17T16:00:00-04:00,2028-01-21,490.0,put,-171.0,-383.0,,-103276.0,,,,,4047529.0,9502620.0,-5455091.0,-2303749.0,,2581076271.0,,,968.46,100.0,unknown,QuantData PER_ONE_DOLLAR_MOVE; exact dollar/contract scaling unverified,QuantData
2026-08-17T16:00:00-04:00,2028-01-21,500.0,call,0.0,0.0,,0.0,,,,,4047529.0,9502620.0,-5455091.0,-2303749.0,,2581076271.0,,,968.46,100.0,unknown,QuantData PER_ONE_DOLLAR_MOVE; exact dollar/contract scaling unverified,QuantData
2026-08-17T16:00:00-04:00,2028-01-21,500.0,put,-2302.0,-4620.0,,-1398159.0,,,,,4047529.0,9502620.0,-5455091.0,-2303749.0,,2581076271.0,,,968.46,100.0,unknown,QuantData PER_ONE_DOLLAR_MOVE; exact dollar/contract scaling unverified,QuantData
2026-08-17T16:00:00-04:00,2028-01-21,510.0,call,0.0,0.0,,0.0,,,,,4047529.0,9502620.0,-5455091.0,-2303749.0,,2581076271.0,,,968.46,100.0,unknown,QuantData PER_ONE_DOLLAR_MOVE; exact dollar/contract scaling unverified,QuantData
2026-08-17T16:00:00-04:00,2028-01-21,510.0,put,0.0,0.0,,0.0,,,,,4047529.0,9502620.0,-5455091.0,-2303749.0,,2581076271.0,,,968.46,100.0,unknown,QuantData PER_ONE_DOLLAR_MOVE; exact dollar/contract scaling unverified,QuantData
2026-08-17T16:00:00-04:00,2028-01-21,520.0,call,0.0,0.0,,0.0,,,,,4047529.0,9502620.0,-5455091.0,-2303749.0,,2581076271.0,,,968.46,100.0,unknown,QuantData PER_ONE_DOLLAR_MOVE; exact dollar/contract scaling unverified,QuantData
2026-08-17T16:00:00-04:00,2028-01-21,520.0,put,-403.0,-624.0,,-250063.0,,,,,4047529.0,9502620.0,-5455091.0,-2303749.0,,2581076271.0,,,968.46,100.0,unknown,QuantData PER_ONE_DOLLAR_MOVE; exact dollar/contract scaling unverified,QuantData
2026-08-17T16:00:00-04:00,2028-01-21,540.0,call,0.0,0.0,,0.0,,,,,4047529.0,9502620.0,-5455091.0,-2303749.0,,2581076271.0,,,968.46,100.0,unknown,QuantData PER_ONE_DOLLAR_MOVE; exact dollar/contract scaling unverified,QuantData
2026-08-17T16:00:00-04:00,2028-01-21,540.0,put,-238.0,-160.0,,-147634.0,,,,,4047529.0,9502620.0,-5455091.0,-2303749.0,,2581076271.0,,,968.46,100.0,unknown,QuantData PER_ONE_DOLLAR_MOVE; exact dollar/contract scaling unverified,QuantData
2026-08-17T16:00:00-04:00,2028-01-21,550.0,call,0.0,0.0,,0.0,,,,,4047529.0,9502620.0,-5455091.0,-2303749.0,,2581076271.0,,,968.46,100.0,unknown,QuantData PER_ONE_DOLLAR_MOVE; exact dollar/contract scaling unverified,QuantData
2026-08-17T16:00:00-04:00,2028-01-21,550.0,put,-438.0,-465.0,,-283110.0,,,,,4047529.0,9502620.0,-5455091.0,-2303749.0,,2581076271.0,,,968.46,100.0,unknown,QuantData PER_ONE_DOLLAR_MOVE; exact dollar/contract scaling unverified,QuantData
2026-08-17T16:00:00-04:00,2028-01-21,560.0,call,0.0,0.0,,0.0,,,,,4047529.0,9502620.0,-5455091.0,-2303749.0,,2581076271.0,,,968.46,100.0,unknown,QuantData PER_ONE_DOLLAR_MOVE; exact dollar/contract scaling unverified,QuantData
2026-08-17T16:00:00-04:00,2028-01-21,560.0,put,-1326.0,-1031.0,,-852859.0,,,,,4047529.0,9502620.0,-5455091.0,-2303749.0,,2581076271.0,,,968.46,100.0,unknown,QuantData PER_ONE_DOLLAR_MOVE; exact dollar/contract scaling unverified,QuantData
2026-08-17T16:00:00-04:00,2028-01-21,600.0,call,0.0,0.0,,0.0,,,,,4047529.0,9502620.0,-5455091.0,-2303749.0,,2581076271.0,,,968.46,100.0,unknown,QuantData PER_ONE_DOLLAR_MOVE; exact dollar/contract scaling unverified,QuantData
2026-08-17T16:00:00-04:00,2028-01-21,600.0,put,-2157.0,-359.0,,-1423552.0,,,,,4047529.0,9502620.0,-5455091.0,-2303749.0,,2581076271.0,,,968.46,100.0,unknown,QuantData PER_ONE_DOLLAR_MOVE; exact dollar/contract scaling unverified,QuantData
2026-08-17T16:00:00-04:00,2028-01-21,640.0,call,0.0,0.0,,0.0,,,,,4047529.0,9502620.0,-5455091.0,-2303749.0,,2581076271.0,,,968.46,100.0,unknown,QuantData PER_ONE_DOLLAR_MOVE; exact dollar/contract scaling unverified,QuantData
2026-08-17T16:00:00-04:00,2028-01-21,640.0,put,-385.0,233.0,,-263450.0,,,,,4047529.0,9502620.0,-5455091.0,-2303749.0,,2581076271.0,,,968.46,100.0,unknown,QuantData PER_ONE_DOLLAR_MOVE; exact dollar/contract scaling unverified,QuantData
2026-08-17T16:00:00-04:00,2028-01-21,650.0,call,0.0,0.0,,0.0,,,,,4047529.0,9502620.0,-5455091.0,-2303749.0,,2581076271.0,,,968.46,100.0,unknown,QuantData PER_ONE_DOLLAR_MOVE; exact dollar/contract scaling unverified,QuantData
2026-08-17T16:00:00-04:00,2028-01-21,650.0,put,-989.0,1182.0,,-674556.0,,,,,4047529.0,9502620.0,-5455091.0,-2303749.0,,2581076271.0,,,968.46,100.0,unknown,QuantData PER_ONE_DOLLAR_MOVE; exact dollar/contract scaling unverified,QuantData
2026-08-17T16:00:00-04:00,2028-01-21,660.0,call,434.0,340.0,,1468546.0,,,,,4047529.0,9502620.0,-5455091.0,-2303749.0,,2581076271.0,,,968.46,100.0,unknown,QuantData PER_ONE_DOLLAR_MOVE; exact dollar/contract scaling unverified,QuantData
2026-08-17T16:00:00-04:00,2028-01-21,660.0,put,-437.0,444.0,,-306948.0,,,,,4047529.0,9502620.0,-5455091.0,-2303749.0,,2581076271.0,,,968.46,100.0,unknown,QuantData PER_ONE_DOLLAR_MOVE; exact dollar/contract scaling unverified,QuantData
2026-08-17T16:00:00-04:00,2028-01-21,680.0,call,1520.0,1531.0,,4958404.0,,,,,4047529.0,9502620.0,-5455091.0,-2303749.0,,2581076271.0,,,968.46,100.0,unknown,QuantData PER_ONE_DOLLAR_MOVE; exact dollar/contract scaling unverified,QuantData
2026-08-17T16:00:00-04:00,2028-01-21,680.0,put,0.0,0.0,,0.0,,,,,4047529.0,9502620.0,-5455091.0,-2303749.0,,2581076271.0,,,968.46,100.0,unknown,QuantData PER_ONE_DOLLAR_MOVE; exact dollar/contract scaling unverified,QuantData
2026-08-17T16:00:00-04:00,2028-01-21,700.0,call,1247.0,1745.0,,3941807.0,,,,,4047529.0,9502620.0,-5455091.0,-2303749.0,,2581076271.0,,,968.46,100.0,unknown,QuantData PER_ONE_DOLLAR_MOVE; exact dollar/contract scaling unverified,QuantData
2026-08-17T16:00:00-04:00,2028-01-21,700.0,put,0.0,0.0,,0.0,,,,,4047529.0,9502620.0,-5455091.0,-2303749.0,,2581076271.0,,,968.46,100.0,unknown,QuantData PER_ONE_DOLLAR_MOVE; exact dollar/contract scaling unverified,QuantData
2026-08-17T16:00:00-04:00,2028-01-21,730.0,call,0.0,0.0,,0.0,,,,,4047529.0,9502620.0,-5455091.0,-2303749.0,,2581076271.0,,,968.46,100.0,unknown,QuantData PER_ONE_DOLLAR_MOVE; exact dollar/contract scaling unverified,QuantData
2026-08-17T16:00:00-04:00,2028-01-21,730.0,put,-52.0,113.0,,-37570.0,,,,,4047529.0,9502620.0,-5455091.0,-2303749.0,,2581076271.0,,,968.46,100.0,unknown,QuantData PER_ONE_DOLLAR_MOVE; exact dollar/contract scaling unverified,QuantData
2026-08-17T16:00:00-04:00,2028-01-21,740.0,call,0.0,0.0,,0.0,,,,,4047529.0,9502620.0,-5455091.0,-2303749.0,,2581076271.0,,,968.46,100.0,unknown,QuantData PER_ONE_DOLLAR_MOVE; exact dollar/contract scaling unverified,QuantData
2026-08-17T16:00:00-04:00,2028-01-21,740.0,put,-290.0,675.0,,-210445.0,,,,,4047529.0,9502620.0,-5455091.0,-2303749.0,,2581076271.0,,,968.46,100.0,unknown,QuantData PER_ONE_DOLLAR_MOVE; exact dollar/contract scaling unverified,QuantData
2026-08-17T16:00:00-04:00,2028-01-21,750.0,call,778.0,1648.0,,2304187.0,,,,,4047529.0,9502620.0,-5455091.0,-2303749.0,,2581076271.0,,,968.46,100.0,unknown,QuantData PER_ONE_DOLLAR_MOVE; exact dollar/contract scaling unverified,QuantData
2026-08-17T16:00:00-04:00,2028-01-21,750.0,put,0.0,0.0,,0.0,,,,,4047529.0,9502620.0,-5455091.0,-2303749.0,,2581076271.0,,,968.46,100.0,unknown,QuantData PER_ONE_DOLLAR_MOVE; exact dollar/contract scaling unverified,QuantData
2026-08-17T16:00:00-04:00,2028-01-21,760.0,call,1144.0,2749.0,,3277861.0,,,,,4047529.0,9502620.0,-5455091.0,-2303749.0,,2581076271.0,,,968.46,100.0,unknown,QuantData PER_ONE_DOLLAR_MOVE; exact dollar/contract scaling unverified,QuantData
2026-08-17T16:00:00-04:00,2028-01-21,760.0,put,-1103.0,3101.0,,-813437.0,,,,,4047529.0,9502620.0,-5455091.0,-2303749.0,,2581076271.0,,,968.46,100.0,unknown,QuantData PER_ONE_DOLLAR_MOVE; exact dollar/contract scaling unverified,QuantData
2026-08-17T16:00:00-04:00,2028-01-21,770.0,call,0.0,0.0,,0.0,,,,,4047529.0,9502620.0,-5455091.0,-2303749.0,,2581076271.0,,,968.46,100.0,unknown,QuantData PER_ONE_DOLLAR_MOVE; exact dollar/contract scaling unverified,QuantData
2026-08-17T16:00:00-04:00,2028-01-21,770.0,put,-2218.0,6714.0,,-1639041.0,,,,,4047529.0,9502620.0,-5455091.0,-2303749.0,,2581076271.0,,,968.46,100.0,unknown,QuantData PER_ONE_DOLLAR_MOVE; exact dollar/contract scaling unverified,QuantData
2026-08-17T16:00:00-04:00,2028-01-21,780.0,call,393.0,998.0,,1087647.0,,,,,4047529.0,9502620.0,-5455091.0,-2303749.0,,2581076271.0,,,968.46,100.0,unknown,QuantData PER_ONE_DOLLAR_MOVE; exact dollar/contract scaling unverified,QuantData
2026-08-17T16:00:00-04:00,2028-01-21,780.0,put,-423.0,1206.0,,-323968.0,,,,,4047529.0,9502620.0,-5455091.0,-2303749.0,,2581076271.0,,,968.46,100.0,unknown,QuantData PER_ONE_DOLLAR_MOVE; exact dollar/contract scaling unverified,QuantData
2026-08-17T16:00:00-04:00,2028-01-21,800.0,call,1877.0,5519.0,,4929444.0,,,,,4047529.0,9502620.0,-5455091.0,-2303749.0,,2581076271.0,,,968.46,100.0,unknown,QuantData PER_ONE_DOLLAR_MOVE; exact dollar/contract scaling unverified,QuantData
2026-08-17T16:00:00-04:00,2028-01-21,800.0,put,-1073.0,3675.0,,-808091.0,,,,,4047529.0,9502620.0,-5455091.0,-2303749.0,,2581076271.0,,,968.46,100.0,unknown,QuantData PER_ONE_DOLLAR_MOVE; exact dollar/contract scaling unverified,QuantData
2026-08-17T16:00:00-04:00,2028-01-21,810.0,call,0.0,0.0,,0.0,,,,,4047529.0,9502620.0,-5455091.0,-2303749.0,,2581076271.0,,,968.46,100.0,unknown,QuantData PER_ONE_DOLLAR_MOVE; exact dollar/contract scaling unverified,QuantData
2026-08-17T16:00:00-04:00,2028-01-21,810.0,put,-451.0,1622.0,,-344436.0,,,,,4047529.0,9502620.0,-5455091.0,-2303749.0,,2581076271.0,,,968.46,100.0,unknown,QuantData PER_ONE_DOLLAR_MOVE; exact dollar/contract scaling unverified,QuantData
2026-08-17T16:00:00-04:00,2028-01-21,840.0,call,1410.0,4857.0,,3645308.0,,,,,4047529.0,9502620.0,-5455091.0,-2303749.0,,2581076271.0,,,968.46,100.0,unknown,QuantData PER_ONE_DOLLAR_MOVE; exact dollar/contract scaling unverified,QuantData
2026-08-17T16:00:00-04:00,2028-01-21,840.0,put,0.0,0.0,,0.0,,,,,4047529.0,9502620.0,-5455091.0,-2303749.0,,2581076271.0,,,968.46,100.0,unknown,QuantData PER_ONE_DOLLAR_MOVE; exact dollar/contract scaling unverified,QuantData
2026-08-17T16:00:00-04:00,2028-01-21,850.0,call,5389.0,18818.0,,13740785.0,,,,,4047529.0,9502620.0,-5455091.0,-2303749.0,,2581076271.0,,,968.46,100.0,unknown,QuantData PER_ONE_DOLLAR_MOVE; exact dollar/contract scaling unverified,QuantData
2026-08-17T16:00:00-04:00,2028-01-21,850.0,put,0.0,0.0,,0.0,,,,,4047529.0,9502620.0,-5455091.0,-2303749.0,,2581076271.0,,,968.46,100.0,unknown,QuantData PER_ONE_DOLLAR_MOVE; exact dollar/contract scaling unverified,QuantData
2026-08-17T16:00:00-04:00,2028-01-21,870.0,call,1797.0,6794.0,,4546728.0,,,,,4047529.0,9502620.0,-5455091.0,-2303749.0,,2581076271.0,,,968.46,100.0,unknown,QuantData PER_ONE_DOLLAR_MOVE; exact dollar/contract scaling unverified,QuantData
2026-08-17T16:00:00-04:00,2028-01-21,870.0,put,0.0,0.0,,0.0,,,,,4047529.0,9502620.0,-5455091.0,-2303749.0,,2581076271.0,,,968.46,100.0,unknown,QuantData PER_ONE_DOLLAR_MOVE; exact dollar/contract scaling unverified,QuantData
2026-08-17T16:00:00-04:00,2028-01-21,880.0,call,0.0,0.0,,0.0,,,,,4047529.0,9502620.0,-5455091.0,-2303749.0,,2581076271.0,,,968.46,100.0,unknown,QuantData PER_ONE_DOLLAR_MOVE; exact dollar/contract scaling unverified,QuantData
2026-08-17T16:00:00-04:00,2028-01-21,880.0,put,0.0,0.0,,0.0,,,,,4047529.0,9502620.0,-5455091.0,-2303749.0,,2581076271.0,,,968.46,100.0,unknown,QuantData PER_ONE_DOLLAR_MOVE; exact dollar/contract scaling unverified,QuantData
2026-08-17T16:00:00-04:00,2028-01-21,920.0,call,1643.0,7696.0,,3534431.0,,,,,4047529.0,9502620.0,-5455091.0,-2303749.0,,2581076271.0,,,968.46,100.0,unknown,QuantData PER_ONE_DOLLAR_MOVE; exact dollar/contract scaling unverified,QuantData
2026-08-17T16:00:00-04:00,2028-01-21,920.0,put,0.0,0.0,,0.0,,,,,4047529.0,9502620.0,-5455091.0,-2303749.0,,2581076271.0,,,968.46,100.0,unknown,QuantData PER_ONE_DOLLAR_MOVE; exact dollar/contract scaling unverified,QuantData
2026-08-17T16:00:00-04:00,2028-01-21,950.0,call,0.0,0.0,,0.0,,,,,4047529.0,9502620.0,-5455091.0,-2303749.0,,2581076271.0,,,968.46,100.0,unknown,QuantData PER_ONE_DOLLAR_MOVE; exact dollar/contract scaling unverified,QuantData
2026-08-17T16:00:00-04:00,2028-01-21,950.0,put,-279.0,1434.0,,-234136.0,,,,,4047529.0,9502620.0,-5455091.0,-2303749.0,,2581076271.0,,,968.46,100.0,unknown,QuantData PER_ONE_DOLLAR_MOVE; exact dollar/contract scaling unverified,QuantData
2026-08-17T16:00:00-04:00,2028-01-21,990.0,call,428.0,2247.0,,922463.0,,,,,4047529.0,9502620.0,-5455091.0,-2303749.0,,2581076271.0,,,968.46,100.0,unknown,QuantData PER_ONE_DOLLAR_MOVE; exact dollar/contract scaling unverified,QuantData
2026-08-17T16:00:00-04:00,2028-01-21,990.0,put,-405.0,2227.0,,-352635.0,,,,,4047529.0,9502620.0,-5455091.0,-2303749.0,,2581076271.0,,,968.46,100.0,unknown,QuantData PER_ONE_DOLLAR_MOVE; exact dollar/contract scaling unverified,QuantData
2026-08-17T16:00:00-04:00,2028-01-21,1000.0,call,3768.0,20243.0,,7931067.0,,,,,4047529.0,9502620.0,-5455091.0,-2303749.0,,2581076271.0,,,968.46,100.0,unknown,QuantData PER_ONE_DOLLAR_MOVE; exact dollar/contract scaling unverified,QuantData
2026-08-17T16:00:00-04:00,2028-01-21,1000.0,put,-250.0,1403.0,,-219431.0,,,,,4047529.0,9502620.0,-5455091.0,-2303749.0,,2581076271.0,,,968.46,100.0,unknown,QuantData PER_ONE_DOLLAR_MOVE; exact dollar/contract scaling unverified,QuantData
2026-08-17T16:00:00-04:00,2028-01-21,1130.0,call,141.0,952.0,,267198.0,,,,,4047529.0,9502620.0,-5455091.0,-2303749.0,,2581076271.0,,,968.46,100.0,unknown,QuantData PER_ONE_DOLLAR_MOVE; exact dollar/contract scaling unverified,QuantData
2026-08-17T16:00:00-04:00,2028-01-21,1130.0,put,0.0,0.0,,0.0,,,,,4047529.0,9502620.0,-5455091.0,-2303749.0,,2581076271.0,,,968.46,100.0,unknown,QuantData PER_ONE_DOLLAR_MOVE; exact dollar/contract scaling unverified,QuantData
2026-08-17T16:00:00-04:00,2028-01-21,1140.0,call,2952.0,20121.0,,5527423.0,,,,,4047529.0,9502620.0,-5455091.0,-2303749.0,,2581076271.0,,,968.46,100.0,unknown,QuantData PER_ONE_DOLLAR_MOVE; exact dollar/contract scaling unverified,QuantData
2026-08-17T16:00:00-04:00,2028-01-21,1140.0,put,0.0,0.0,,0.0,,,,,4047529.0,9502620.0,-5455091.0,-2303749.0,,2581076271.0,,,968.46,100.0,unknown,QuantData PER_ONE_DOLLAR_MOVE; exact dollar/contract scaling unverified,QuantData
2026-08-17T16:00:00-04:00,2028-01-21,1200.0,call,6643.0,49690.0,,11969594.0,,,,,4047529.0,9502620.0,-5455091.0,-2303749.0,,2581076271.0,,,968.46,100.0,unknown,QuantData PER_ONE_DOLLAR_MOVE; exact dollar/contract scaling unverified,QuantData
2026-08-17T16:00:00-04:00,2028-01-21,1200.0,put,0.0,0.0,,0.0,,,,,4047529.0,9502620.0,-5455091.0,-2303749.0,,2581076271.0,,,968.46,100.0,unknown,QuantData PER_ONE_DOLLAR_MOVE; exact dollar/contract scaling unverified,QuantData
2026-08-17T16:00:00-04:00,2028-01-21,1300.0,call,3290.0,27514.0,,5409910.0,,,,,4047529.0,9502620.0,-5455091.0,-2303749.0,,2581076271.0,,,968.46,100.0,unknown,QuantData PER_ONE_DOLLAR_MOVE; exact dollar/contract scaling unverified,QuantData
2026-08-17T16:00:00-04:00,2028-01-21,1300.0,put,0.0,0.0,,0.0,,,,,4047529.0,9502620.0,-5455091.0,-2303749.0,,2581076271.0,,,968.46,100.0,unknown,QuantData PER_ONE_DOLLAR_MOVE; exact dollar/contract scaling unverified,QuantData
2026-08-17T16:00:00-04:00,2028-01-21,1350.0,call,186.0,1652.0,,300640.0,,,,,4047529.0,9502620.0,-5455091.0,-2303749.0,,2581076271.0,,,968.46,100.0,unknown,QuantData PER_ONE_DOLLAR_MOVE; exact dollar/contract scaling unverified,QuantData
2026-08-17T16:00:00-04:00,2028-01-21,1350.0,put,0.0,0.0,,0.0,,,,,4047529.0,9502620.0,-5455091.0,-2303749.0,,2581076271.0,,,968.46,100.0,unknown,QuantData PER_ONE_DOLLAR_MOVE; exact dollar/contract scaling unverified,QuantData
2026-08-17T16:00:00-04:00,2028-01-21,1430.0,call,305.0,2898.0,,463451.0,,,,,4047529.0,9502620.0,-5455091.0,-2303749.0,,2581076271.0,,,968.46,100.0,unknown,QuantData PER_ONE_DOLLAR_MOVE; exact dollar/contract scaling unverified,QuantData
2026-08-17T16:00:00-04:00,2028-01-21,1430.0,put,0.0,0.0,,0.0,,,,,4047529.0,9502620.0,-5455091.0,-2303749.0,,2581076271.0,,,968.46,100.0,unknown,QuantData PER_ONE_DOLLAR_MOVE; exact dollar/contract scaling unverified,QuantData
2026-08-17T16:00:00-04:00,2028-01-21,1440.0,call,2346.0,22604.0,,3299120.0,,,,,4047529.0,9502620.0,-5455091.0,-2303749.0,,2581076271.0,,,968.46,100.0,unknown,QuantData PER_ONE_DOLLAR_MOVE; exact dollar/contract scaling unverified,QuantData
2026-08-17T16:00:00-04:00,2028-01-21,1440.0,put,0.0,0.0,,0.0,,,,,4047529.0,9502620.0,-5455091.0,-2303749.0,,2581076271.0,,,968.46,100.0,unknown,QuantData PER_ONE_DOLLAR_MOVE; exact dollar/contract scaling unverified,QuantData
2026-08-17T16:00:00-04:00,2028-01-21,1500.0,call,1425.0,14287.0,,2099999.0,,,,,4047529.0,9502620.0,-5455091.0,-2303749.0,,2581076271.0,,,968.46,100.0,unknown,QuantData PER_ONE_DOLLAR_MOVE; exact dollar/contract scaling unverified,QuantData
2026-08-17T16:00:00-04:00,2028-01-21,1500.0,put,0.0,0.0,,0.0,,,,,4047529.0,9502620.0,-5455091.0,-2303749.0,,2581076271.0,,,968.46,100.0,unknown,QuantData PER_ONE_DOLLAR_MOVE; exact dollar/contract scaling unverified,QuantData
2026-08-17T16:00:00-04:00,2028-01-21,1600.0,call,7651.0,82580.0,,10183927.0,,,,,4047529.0,9502620.0,-5455091.0,-2303749.0,,2581076271.0,,,968.46,100.0,unknown,QuantData PER_ONE_DOLLAR_MOVE; exact dollar/contract scaling unverified,QuantData
2026-08-17T16:00:00-04:00,2028-01-21,1600.0,put,-1828.0,20003.0,,-2185064.0,,,,,4047529.0,9502620.0,-5455091.0,-2303749.0,,2581076271.0,,,968.46,100.0,unknown,QuantData PER_ONE_DOLLAR_MOVE; exact dollar/contract scaling unverified,QuantData
2026-08-17T16:00:00-04:00,2028-06-16,350.0,call,0.0,0.0,,0.0,,,,,4047529.0,9502620.0,-5455091.0,-2303749.0,,2581076271.0,,,968.46,100.0,unknown,QuantData PER_ONE_DOLLAR_MOVE; exact dollar/contract scaling unverified,QuantData
2026-08-17T16:00:00-04:00,2028-06-16,350.0,put,-313.0,-1266.0,,-192089.0,,,,,4047529.0,9502620.0,-5455091.0,-2303749.0,,2581076271.0,,,968.46,100.0,unknown,QuantData PER_ONE_DOLLAR_MOVE; exact dollar/contract scaling unverified,QuantData
2026-08-17T16:00:00-04:00,2028-06-16,380.0,call,0.0,0.0,,0.0,,,,,4047529.0,9502620.0,-5455091.0,-2303749.0,,2581076271.0,,,968.46,100.0,unknown,QuantData PER_ONE_DOLLAR_MOVE; exact dollar/contract scaling unverified,QuantData
2026-08-17T16:00:00-04:00,2028-06-16,380.0,put,-318.0,-1043.0,,-203430.0,,,,,4047529.0,9502620.0,-5455091.0,-2303749.0,,2581076271.0,,,968.46,100.0,unknown,QuantData PER_ONE_DOLLAR_MOVE; exact dollar/contract scaling unverified,QuantData
2026-08-17T16:00:00-04:00,2028-06-16,400.0,call,0.0,0.0,,0.0,,,,,4047529.0,9502620.0,-5455091.0,-2303749.0,,2581076271.0,,,968.46,100.0,unknown,QuantData PER_ONE_DOLLAR_MOVE; exact dollar/contract scaling unverified,QuantData
2026-08-17T16:00:00-04:00,2028-06-16,400.0,put,-116.0,-305.0,,-76099.0,,,,,4047529.0,9502620.0,-5455091.0,-2303749.0,,2581076271.0,,,968.46,100.0,unknown,QuantData PER_ONE_DOLLAR_MOVE; exact dollar/contract scaling unverified,QuantData
2026-08-17T16:00:00-04:00,2028-06-16,410.0,call,0.0,0.0,,0.0,,,,,4047529.0,9502620.0,-5455091.0,-2303749.0,,2581076271.0,,,968.46,100.0,unknown,QuantData PER_ONE_DOLLAR_MOVE; exact dollar/contract scaling unverified,QuantData
2026-08-17T16:00:00-04:00,2028-06-16,410.0,put,-324.0,-802.0,,-206094.0,,,,,4047529.0,9502620.0,-5455091.0,-2303749.0,,2581076271.0,,,968.46,100.0,unknown,QuantData PER_ONE_DOLLAR_MOVE; exact dollar/contract scaling unverified,QuantData
2026-08-17T16:00:00-04:00,2028-06-16,450.0,call,0.0,0.0,,0.0,,,,,4047529.0,9502620.0,-5455091.0,-2303749.0,,2581076271.0,,,968.46,100.0,unknown,QuantData PER_ONE_DOLLAR_MOVE; exact dollar/contract scaling unverified,QuantData
2026-08-17T16:00:00-04:00,2028-06-16,450.0,put,-164.0,-251.0,,-109000.0,,,,,4047529.0,9502620.0,-5455091.0,-2303749.0,,2581076271.0,,,968.46,100.0,unknown,QuantData PER_ONE_DOLLAR_MOVE; exact dollar/contract scaling unverified,QuantData
2026-08-17T16:00:00-04:00,2028-06-16,460.0,call,0.0,0.0,,0.0,,,,,4047529.0,9502620.0,-5455091.0,-2303749.0,,2581076271.0,,,968.46,100.0,unknown,QuantData PER_ONE_DOLLAR_MOVE; exact dollar/contract scaling unverified,QuantData
2026-08-17T16:00:00-04:00,2028-06-16,460.0,put,-489.0,-563.0,,-329060.0,,,,,4047529.0,9502620.0,-5455091.0,-2303749.0,,2581076271.0,,,968.46,100.0,unknown,QuantData PER_ONE_DOLLAR_MOVE; exact dollar/contract scaling unverified,QuantData
2026-08-17T16:00:00-04:00,2028-06-16,470.0,call,0.0,0.0,,0.0,,,,,4047529.0,9502620.0,-5455091.0,-2303749.0,,2581076271.0,,,968.46,100.0,unknown,QuantData PER_ONE_DOLLAR_MOVE; exact dollar/contract scaling unverified,QuantData
2026-08-17T16:00:00-04:00,2028-06-16,470.0,put,0.0,0.0,,0.0,,,,,4047529.0,9502620.0,-5455091.0,-2303749.0,,2581076271.0,,,968.46,100.0,unknown,QuantData PER_ONE_DOLLAR_MOVE; exact dollar/contract scaling unverified,QuantData
2026-08-17T16:00:00-04:00,2028-06-16,480.0,call,0.0,0.0,,0.0,,,,,4047529.0,9502620.0,-5455091.0,-2303749.0,,2581076271.0,,,968.46,100.0,unknown,QuantData PER_ONE_DOLLAR_MOVE; exact dollar/contract scaling unverified,QuantData
2026-08-17T16:00:00-04:00,2028-06-16,480.0,put,-220.0,-159.0,,-149941.0,,,,,4047529.0,9502620.0,-5455091.0,-2303749.0,,2581076271.0,,,968.46,100.0,unknown,QuantData PER_ONE_DOLLAR_MOVE; exact dollar/contract scaling unverified,QuantData
2026-08-17T16:00:00-04:00,2028-06-16,490.0,call,0.0,0.0,,0.0,,,,,4047529.0,9502620.0,-5455091.0,-2303749.0,,2581076271.0,,,968.46,100.0,unknown,QuantData PER_ONE_DOLLAR_MOVE; exact dollar/contract scaling unverified,QuantData
2026-08-17T16:00:00-04:00,2028-06-16,490.0,put,-122.0,-17.0,,-83268.0,,,,,4047529.0,9502620.0,-5455091.0,-2303749.0,,2581076271.0,,,968.46,100.0,unknown,QuantData PER_ONE_DOLLAR_MOVE; exact dollar/contract scaling unverified,QuantData
2026-08-17T16:00:00-04:00,2028-06-16,580.0,call,0.0,0.0,,0.0,,,,,4047529.0,9502620.0,-5455091.0,-2303749.0,,2581076271.0,,,968.46,100.0,unknown,QuantData PER_ONE_DOLLAR_MOVE; exact dollar/contract scaling unverified,QuantData
2026-08-17T16:00:00-04:00,2028-06-16,580.0,put,-282.0,305.0,,-207411.0,,,,,4047529.0,9502620.0,-5455091.0,-2303749.0,,2581076271.0,,,968.46,100.0,unknown,QuantData PER_ONE_DOLLAR_MOVE; exact dollar/contract scaling unverified,QuantData
2026-08-17T16:00:00-04:00,2028-06-16,600.0,call,0.0,0.0,,0.0,,,,,4047529.0,9502620.0,-5455091.0,-2303749.0,,2581076271.0,,,968.46,100.0,unknown,QuantData PER_ONE_DOLLAR_MOVE; exact dollar/contract scaling unverified,QuantData
2026-08-17T16:00:00-04:00,2028-06-16,600.0,put,-327.0,488.0,,-244097.0,,,,,4047529.0,9502620.0,-5455091.0,-2303749.0,,2581076271.0,,,968.46,100.0,unknown,QuantData PER_ONE_DOLLAR_MOVE; exact dollar/contract scaling unverified,QuantData
2026-08-17T16:00:00-04:00,2028-06-16,620.0,call,0.0,0.0,,0.0,,,,,4047529.0,9502620.0,-5455091.0,-2303749.0,,2581076271.0,,,968.46,100.0,unknown,QuantData PER_ONE_DOLLAR_MOVE; exact dollar/contract scaling unverified,QuantData
2026-08-17T16:00:00-04:00,2028-06-16,620.0,put,-206.0,377.0,,-155838.0,,,,,4047529.0,9502620.0,-5455091.0,-2303749.0,,2581076271.0,,,968.46,100.0,unknown,QuantData PER_ONE_DOLLAR_MOVE; exact dollar/contract scaling unverified,QuantData
2026-08-17T16:00:00-04:00,2028-06-16,740.0,call,0.0,0.0,,0.0,,,,,4047529.0,9502620.0,-5455091.0,-2303749.0,,2581076271.0,,,968.46,100.0,unknown,QuantData PER_ONE_DOLLAR_MOVE; exact dollar/contract scaling unverified,QuantData
2026-08-17T16:00:00-04:00,2028-06-16,740.0,put,-567.0,2202.0,,-461052.0,,,,,4047529.0,9502620.0,-5455091.0,-2303749.0,,2581076271.0,,,968.46,100.0,unknown,QuantData PER_ONE_DOLLAR_MOVE; exact dollar/contract scaling unverified,QuantData
2026-08-17T16:00:00-04:00,2028-06-16,780.0,call,257.0,1049.0,,877787.0,,,,,4047529.0,9502620.0,-5455091.0,-2303749.0,,2581076271.0,,,968.46,100.0,unknown,QuantData PER_ONE_DOLLAR_MOVE; exact dollar/contract scaling unverified,QuantData
2026-08-17T16:00:00-04:00,2028-06-16,780.0,put,0.0,0.0,,0.0,,,,,4047529.0,9502620.0,-5455091.0,-2303749.0,,2581076271.0,,,968.46,100.0,unknown,QuantData PER_ONE_DOLLAR_MOVE; exact dollar/contract scaling unverified,QuantData
2026-08-17T16:00:00-04:00,2028-06-16,900.0,call,529.0,3123.0,,1451690.0,,,,,4047529.0,9502620.0,-5455091.0,-2303749.0,,2581076271.0,,,968.46,100.0,unknown,QuantData PER_ONE_DOLLAR_MOVE; exact dollar/contract scaling unverified,QuantData
2026-08-17T16:00:00-04:00,2028-06-16,900.0,put,0.0,0.0,,0.0,,,,,4047529.0,9502620.0,-5455091.0,-2303749.0,,2581076271.0,,,968.46,100.0,unknown,QuantData PER_ONE_DOLLAR_MOVE; exact dollar/contract scaling unverified,QuantData
2026-08-17T16:00:00-04:00,2028-06-16,980.0,call,0.0,0.0,,0.0,,,,,4047529.0,9502620.0,-5455091.0,-2303749.0,,2581076271.0,,,968.46,100.0,unknown,QuantData PER_ONE_DOLLAR_MOVE; exact dollar/contract scaling unverified,QuantData
2026-08-17T16:00:00-04:00,2028-06-16,980.0,put,0.0,0.0,,0.0,,,,,4047529.0,9502620.0,-5455091.0,-2303749.0,,2581076271.0,,,968.46,100.0,unknown,QuantData PER_ONE_DOLLAR_MOVE; exact dollar/contract scaling unverified,QuantData
2026-08-17T16:00:00-04:00,2028-06-16,1000.0,call,284.0,1947.0,,715280.0,,,,,4047529.0,9502620.0,-5455091.0,-2303749.0,,2581076271.0,,,968.46,100.0,unknown,QuantData PER_ONE_DOLLAR_MOVE; exact dollar/contract scaling unverified,QuantData
2026-08-17T16:00:00-04:00,2028-06-16,1000.0,put,0.0,0.0,,0.0,,,,,4047529.0,9502620.0,-5455091.0,-2303749.0,,2581076271.0,,,968.46,100.0,unknown,QuantData PER_ONE_DOLLAR_MOVE; exact dollar/contract scaling unverified,QuantData
2026-08-17T16:00:00-04:00,2028-06-16,1110.0,call,59.0,476.0,,139493.0,,,,,4047529.0,9502620.0,-5455091.0,-2303749.0,,2581076271.0,,,968.46,100.0,unknown,QuantData PER_ONE_DOLLAR_MOVE; exact dollar/contract scaling unverified,QuantData
2026-08-17T16:00:00-04:00,2028-06-16,1110.0,put,0.0,0.0,,0.0,,,,,4047529.0,9502620.0,-5455091.0,-2303749.0,,2581076271.0,,,968.46,100.0,unknown,QuantData PER_ONE_DOLLAR_MOVE; exact dollar/contract scaling unverified,QuantData
2026-08-17T16:00:00-04:00,2028-06-16,1380.0,call,20018.0,211130.0,,39744007.0,,,,,4047529.0,9502620.0,-5455091.0,-2303749.0,,2581076271.0,,,968.46,100.0,unknown,QuantData PER_ONE_DOLLAR_MOVE; exact dollar/contract scaling unverified,QuantData
2026-08-17T16:00:00-04:00,2028-06-16,1380.0,put,0.0,0.0,,0.0,,,,,4047529.0,9502620.0,-5455091.0,-2303749.0,,2581076271.0,,,968.46,100.0,unknown,QuantData PER_ONE_DOLLAR_MOVE; exact dollar/contract scaling unverified,QuantData
2026-08-17T16:00:00-04:00,2028-06-16,1590.0,call,468.0,5705.0,,828066.0,,,,,4047529.0,9502620.0,-5455091.0,-2303749.0,,2581076271.0,,,968.46,100.0,unknown,QuantData PER_ONE_DOLLAR_MOVE; exact dollar/contract scaling unverified,QuantData
2026-08-17T16:00:00-04:00,2028-06-16,1590.0,put,0.0,0.0,,0.0,,,,,4047529.0,9502620.0,-5455091.0,-2303749.0,,2581076271.0,,,968.46,100.0,unknown,QuantData PER_ONE_DOLLAR_MOVE; exact dollar/contract scaling unverified,QuantData
2026-08-17T16:00:00-04:00,2028-06-16,1600.0,call,1268.0,15551.0,,2242591.0,,,,,4047529.0,9502620.0,-5455091.0,-2303749.0,,2581076271.0,,,968.46,100.0,unknown,QuantData PER_ONE_DOLLAR_MOVE; exact dollar/contract scaling unverified,QuantData
2026-08-17T16:00:00-04:00,2028-06-16,1600.0,put,0.0,0.0,,0.0,,,,,4047529.0,9502620.0,-5455091.0,-2303749.0,,2581076271.0,,,968.46,100.0,unknown,QuantData PER_ONE_DOLLAR_MOVE; exact dollar/contract scaling unverified,QuantData
2026-08-17T16:00:00-04:00,2028-09-15,400.0,call,0.0,0.0,,0.0,,,,,4047529.0,9502620.0,-5455091.0,-2303749.0,,2581076271.0,,,968.46,100.0,unknown,QuantData PER_ONE_DOLLAR_MOVE; exact dollar/contract scaling unverified,QuantData
2026-08-17T16:00:00-04:00,2028-09-15,400.0,put,-68.0,-81.0,,-46336.0,,,,,4047529.0,9502620.0,-5455091.0,-2303749.0,,2581076271.0,,,968.46,100.0,unknown,QuantData PER_ONE_DOLLAR_MOVE; exact dollar/contract scaling unverified,QuantData
2026-08-17T16:00:00-04:00,2028-09-15,410.0,call,0.0,0.0,,0.0,,,,,4047529.0,9502620.0,-5455091.0,-2303749.0,,2581076271.0,,,968.46,100.0,unknown,QuantData PER_ONE_DOLLAR_MOVE; exact dollar/contract scaling unverified,QuantData
2026-08-17T16:00:00-04:00,2028-09-15,410.0,put,-80.0,-123.0,,-55235.0,,,,,4047529.0,9502620.0,-5455091.0,-2303749.0,,2581076271.0,,,968.46,100.0,unknown,QuantData PER_ONE_DOLLAR_MOVE; exact dollar/contract scaling unverified,QuantData
2026-08-17T16:00:00-04:00,2028-09-15,430.0,call,0.0,0.0,,0.0,,,,,4047529.0,9502620.0,-5455091.0,-2303749.0,,2581076271.0,,,968.46,100.0,unknown,QuantData PER_ONE_DOLLAR_MOVE; exact dollar/contract scaling unverified,QuantData
2026-08-17T16:00:00-04:00,2028-09-15,430.0,put,-135.0,-133.0,,-93186.0,,,,,4047529.0,9502620.0,-5455091.0,-2303749.0,,2581076271.0,,,968.46,100.0,unknown,QuantData PER_ONE_DOLLAR_MOVE; exact dollar/contract scaling unverified,QuantData
2026-08-17T16:00:00-04:00,2028-09-15,500.0,call,0.0,0.0,,0.0,,,,,4047529.0,9502620.0,-5455091.0,-2303749.0,,2581076271.0,,,968.46,100.0,unknown,QuantData PER_ONE_DOLLAR_MOVE; exact dollar/contract scaling unverified,QuantData
2026-08-17T16:00:00-04:00,2028-09-15,500.0,put,-99.0,50.0,,-72706.0,,,,,4047529.0,9502620.0,-5455091.0,-2303749.0,,2581076271.0,,,968.46,100.0,unknown,QuantData PER_ONE_DOLLAR_MOVE; exact dollar/contract scaling unverified,QuantData
2026-08-17T16:00:00-04:00,2028-09-15,510.0,call,0.0,0.0,,0.0,,,,,4047529.0,9502620.0,-5455091.0,-2303749.0,,2581076271.0,,,968.46,100.0,unknown,QuantData PER_ONE_DOLLAR_MOVE; exact dollar/contract scaling unverified,QuantData
2026-08-17T16:00:00-04:00,2028-09-15,510.0,put,-14.0,11.0,,-10666.0,,,,,4047529.0,9502620.0,-5455091.0,-2303749.0,,2581076271.0,,,968.46,100.0,unknown,QuantData PER_ONE_DOLLAR_MOVE; exact dollar/contract scaling unverified,QuantData
2026-08-17T16:00:00-04:00,2028-09-15,520.0,call,0.0,0.0,,0.0,,,,,4047529.0,9502620.0,-5455091.0,-2303749.0,,2581076271.0,,,968.46,100.0,unknown,QuantData PER_ONE_DOLLAR_MOVE; exact dollar/contract scaling unverified,QuantData
2026-08-17T16:00:00-04:00,2028-09-15,520.0,put,-29.0,27.0,,-21903.0,,,,,4047529.0,9502620.0,-5455091.0,-2303749.0,,2581076271.0,,,968.46,100.0,unknown,QuantData PER_ONE_DOLLAR_MOVE; exact dollar/contract scaling unverified,QuantData
2026-08-17T16:00:00-04:00,2028-09-15,540.0,call,0.0,0.0,,0.0,,,,,4047529.0,9502620.0,-5455091.0,-2303749.0,,2581076271.0,,,968.46,100.0,unknown,QuantData PER_ONE_DOLLAR_MOVE; exact dollar/contract scaling unverified,QuantData
2026-08-17T16:00:00-04:00,2028-09-15,540.0,put,-92.0,135.0,,-69331.0,,,,,4047529.0,9502620.0,-5455091.0,-2303749.0,,2581076271.0,,,968.46,100.0,unknown,QuantData PER_ONE_DOLLAR_MOVE; exact dollar/contract scaling unverified,QuantData
2026-08-17T16:00:00-04:00,2028-09-15,560.0,call,0.0,0.0,,0.0,,,,,4047529.0,9502620.0,-5455091.0,-2303749.0,,2581076271.0,,,968.46,100.0,unknown,QuantData PER_ONE_DOLLAR_MOVE; exact dollar/contract scaling unverified,QuantData
2026-08-17T16:00:00-04:00,2028-09-15,560.0,put,-15.0,37.0,,-12128.0,,,,,4047529.0,9502620.0,-5455091.0,-2303749.0,,2581076271.0,,,968.46,100.0,unknown,QuantData PER_ONE_DOLLAR_MOVE; exact dollar/contract scaling unverified,QuantData
2026-08-17T16:00:00-04:00,2028-09-15,570.0,call,0.0,0.0,,0.0,,,,,4047529.0,9502620.0,-5455091.0,-2303749.0,,2581076271.0,,,968.46,100.0,unknown,QuantData PER_ONE_DOLLAR_MOVE; exact dollar/contract scaling unverified,QuantData
2026-08-17T16:00:00-04:00,2028-09-15,570.0,put,0.0,0.0,,0.0,,,,,4047529.0,9502620.0,-5455091.0,-2303749.0,,2581076271.0,,,968.46,100.0,unknown,QuantData PER_ONE_DOLLAR_MOVE; exact dollar/contract scaling unverified,QuantData
2026-08-17T16:00:00-04:00,2028-09-15,580.0,call,0.0,0.0,,0.0,,,,,4047529.0,9502620.0,-5455091.0,-2303749.0,,2581076271.0,,,968.46,100.0,unknown,QuantData PER_ONE_DOLLAR_MOVE; exact dollar/contract scaling unverified,QuantData
2026-08-17T16:00:00-04:00,2028-09-15,580.0,put,-64.0,136.0,,-50374.0,,,,,4047529.0,9502620.0,-5455091.0,-2303749.0,,2581076271.0,,,968.46,100.0,unknown,QuantData PER_ONE_DOLLAR_MOVE; exact dollar/contract scaling unverified,QuantData
2026-08-17T16:00:00-04:00,2028-09-15,620.0,call,0.0,0.0,,0.0,,,,,4047529.0,9502620.0,-5455091.0,-2303749.0,,2581076271.0,,,968.46,100.0,unknown,QuantData PER_ONE_DOLLAR_MOVE; exact dollar/contract scaling unverified,QuantData
2026-08-17T16:00:00-04:00,2028-09-15,620.0,put,-205.0,595.0,,-164280.0,,,,,4047529.0,9502620.0,-5455091.0,-2303749.0,,2581076271.0,,,968.46,100.0,unknown,QuantData PER_ONE_DOLLAR_MOVE; exact dollar/contract scaling unverified,QuantData
2026-08-17T16:00:00-04:00,2028-09-15,630.0,call,0.0,0.0,,0.0,,,,,4047529.0,9502620.0,-5455091.0,-2303749.0,,2581076271.0,,,968.46,100.0,unknown,QuantData PER_ONE_DOLLAR_MOVE; exact dollar/contract scaling unverified,QuantData
2026-08-17T16:00:00-04:00,2028-09-15,630.0,put,0.0,0.0,,0.0,,,,,4047529.0,9502620.0,-5455091.0,-2303749.0,,2581076271.0,,,968.46,100.0,unknown,QuantData PER_ONE_DOLLAR_MOVE; exact dollar/contract scaling unverified,QuantData
2026-08-17T16:00:00-04:00,2028-09-15,640.0,call,0.0,0.0,,0.0,,,,,4047529.0,9502620.0,-5455091.0,-2303749.0,,2581076271.0,,,968.46,100.0,unknown,QuantData PER_ONE_DOLLAR_MOVE; exact dollar/contract scaling unverified,QuantData
2026-08-17T16:00:00-04:00,2028-09-15,640.0,put,-141.0,453.0,,-113964.0,,,,,4047529.0,9502620.0,-5455091.0,-2303749.0,,2581076271.0,,,968.46,100.0,unknown,QuantData PER_ONE_DOLLAR_MOVE; exact dollar/contract scaling unverified,QuantData
2026-08-17T16:00:00-04:00,2028-09-15,800.0,call,0.0,0.0,,0.0,,,,,4047529.0,9502620.0,-5455091.0,-2303749.0,,2581076271.0,,,968.46,100.0,unknown,QuantData PER_ONE_DOLLAR_MOVE; exact dollar/contract scaling unverified,QuantData
2026-08-17T16:00:00-04:00,2028-09-15,800.0,put,-20.0,118.0,,-18343.0,,,,,4047529.0,9502620.0,-5455091.0,-2303749.0,,2581076271.0,,,968.46,100.0,unknown,QuantData PER_ONE_DOLLAR_MOVE; exact dollar/contract scaling unverified,QuantData
2026-08-17T16:00:00-04:00,2028-09-15,920.0,call,49.0,343.0,,146209.0,,,,,4047529.0,9502620.0,-5455091.0,-2303749.0,,2581076271.0,,,968.46,100.0,unknown,QuantData PER_ONE_DOLLAR_MOVE; exact dollar/contract scaling unverified,QuantData
2026-08-17T16:00:00-04:00,2028-09-15,920.0,put,0.0,0.0,,0.0,,,,,4047529.0,9502620.0,-5455091.0,-2303749.0,,2581076271.0,,,968.46,100.0,unknown,QuantData PER_ONE_DOLLAR_MOVE; exact dollar/contract scaling unverified,QuantData
2026-08-17T16:00:00-04:00,2028-09-15,1590.0,call,187.0,2437.0,,348696.0,,,,,4047529.0,9502620.0,-5455091.0,-2303749.0,,2581076271.0,,,968.46,100.0,unknown,QuantData PER_ONE_DOLLAR_MOVE; exact dollar/contract scaling unverified,QuantData
2026-08-17T16:00:00-04:00,2028-09-15,1590.0,put,0.0,0.0,,0.0,,,,,4047529.0,9502620.0,-5455091.0,-2303749.0,,2581076271.0,,,968.46,100.0,unknown,QuantData PER_ONE_DOLLAR_MOVE; exact dollar/contract scaling unverified,QuantData
2026-08-17T16:00:00-04:00,2028-09-15,1600.0,call,0.0,0.0,,0.0,,,,,4047529.0,9502620.0,-5455091.0,-2303749.0,,2581076271.0,,,968.46,100.0,unknown,QuantData PER_ONE_DOLLAR_MOVE; exact dollar/contract scaling unverified,QuantData
2026-08-17T16:00:00-04:00,2028-09-15,1600.0,put,0.0,0.0,,0.0,,,,,4047529.0,9502620.0,-5455091.0,-2303749.0,,2581076271.0,,,968.46,100.0,unknown,QuantData PER_ONE_DOLLAR_MOVE; exact dollar/contract scaling unverified,QuantData
2026-08-17T16:00:00-04:00,2028-12-15,310.0,call,0.0,0.0,,0.0,,,,,4047529.0,9502620.0,-5455091.0,-2303749.0,,2581076271.0,,,968.46,100.0,unknown,QuantData PER_ONE_DOLLAR_MOVE; exact dollar/contract scaling unverified,QuantData
2026-08-17T16:00:00-04:00,2028-12-15,310.0,put,-534.0,-1596.0,,-366465.0,,,,,4047529.0,9502620.0,-5455091.0,-2303749.0,,2581076271.0,,,968.46,100.0,unknown,QuantData PER_ONE_DOLLAR_MOVE; exact dollar/contract scaling unverified,QuantData
2026-08-17T16:00:00-04:00,2028-12-15,320.0,call,0.0,0.0,,0.0,,,,,4047529.0,9502620.0,-5455091.0,-2303749.0,,2581076271.0,,,968.46,100.0,unknown,QuantData PER_ONE_DOLLAR_MOVE; exact dollar/contract scaling unverified,QuantData
2026-08-17T16:00:00-04:00,2028-12-15,320.0,put,-4387.0,-12180.0,,-3027366.0,,,,,4047529.0,9502620.0,-5455091.0,-2303749.0,,2581076271.0,,,968.46,100.0,unknown,QuantData PER_ONE_DOLLAR_MOVE; exact dollar/contract scaling unverified,QuantData
2026-08-17T16:00:00-04:00,2028-12-15,340.0,call,0.0,0.0,,0.0,,,,,4047529.0,9502620.0,-5455091.0,-2303749.0,,2581076271.0,,,968.46,100.0,unknown,QuantData PER_ONE_DOLLAR_MOVE; exact dollar/contract scaling unverified,QuantData
2026-08-17T16:00:00-04:00,2028-12-15,340.0,put,-98.0,-173.0,,-67391.0,,,,,4047529.0,9502620.0,-5455091.0,-2303749.0,,2581076271.0,,,968.46,100.0,unknown,QuantData PER_ONE_DOLLAR_MOVE; exact dollar/contract scaling unverified,QuantData
2026-08-17T16:00:00-04:00,2028-12-15,370.0,call,0.0,0.0,,0.0,,,,,4047529.0,9502620.0,-5455091.0,-2303749.0,,2581076271.0,,,968.46,100.0,unknown,QuantData PER_ONE_DOLLAR_MOVE; exact dollar/contract scaling unverified,QuantData
2026-08-17T16:00:00-04:00,2028-12-15,370.0,put,-202.0,-275.0,,-143034.0,,,,,4047529.0,9502620.0,-5455091.0,-2303749.0,,2581076271.0,,,968.46,100.0,unknown,QuantData PER_ONE_DOLLAR_MOVE; exact dollar/contract scaling unverified,QuantData
2026-08-17T16:00:00-04:00,2028-12-15,400.0,call,0.0,0.0,,0.0,,,,,4047529.0,9502620.0,-5455091.0,-2303749.0,,2581076271.0,,,968.46,100.0,unknown,QuantData PER_ONE_DOLLAR_MOVE; exact dollar/contract scaling unverified,QuantData
2026-08-17T16:00:00-04:00,2028-12-15,400.0,put,-2255.0,-447.0,,-1618259.0,,,,,4047529.0,9502620.0,-5455091.0,-2303749.0,,2581076271.0,,,968.46,100.0,unknown,QuantData PER_ONE_DOLLAR_MOVE; exact dollar/contract scaling unverified,QuantData
2026-08-17T16:00:00-04:00,2028-12-15,430.0,call,0.0,0.0,,0.0,,,,,4047529.0,9502620.0,-5455091.0,-2303749.0,,2581076271.0,,,968.46,100.0,unknown,QuantData PER_ONE_DOLLAR_MOVE; exact dollar/contract scaling unverified,QuantData
2026-08-17T16:00:00-04:00,2028-12-15,430.0,put,-44.0,2.0,,-33308.0,,,,,4047529.0,9502620.0,-5455091.0,-2303749.0,,2581076271.0,,,968.46,100.0,unknown,QuantData PER_ONE_DOLLAR_MOVE; exact dollar/contract scaling unverified,QuantData
2026-08-17T16:00:00-04:00,2028-12-15,440.0,call,0.0,0.0,,0.0,,,,,4047529.0,9502620.0,-5455091.0,-2303749.0,,2581076271.0,,,968.46,100.0,unknown,QuantData PER_ONE_DOLLAR_MOVE; exact dollar/contract scaling unverified,QuantData
2026-08-17T16:00:00-04:00,2028-12-15,440.0,put,-240.0,75.0,,-180061.0,,,,,4047529.0,9502620.0,-5455091.0,-2303749.0,,2581076271.0,,,968.46,100.0,unknown,QuantData PER_ONE_DOLLAR_MOVE; exact dollar/contract scaling unverified,QuantData
2026-08-17T16:00:00-04:00,2028-12-15,460.0,call,12.0,3.0,,89877.0,,,,,4047529.0,9502620.0,-5455091.0,-2303749.0,,2581076271.0,,,968.46,100.0,unknown,QuantData PER_ONE_DOLLAR_MOVE; exact dollar/contract scaling unverified,QuantData
2026-08-17T16:00:00-04:00,2028-12-15,460.0,put,-291.0,224.0,,-218883.0,,,,,4047529.0,9502620.0,-5455091.0,-2303749.0,,2581076271.0,,,968.46,100.0,unknown,QuantData PER_ONE_DOLLAR_MOVE; exact dollar/contract scaling unverified,QuantData
2026-08-17T16:00:00-04:00,2028-12-15,470.0,call,0.0,0.0,,0.0,,,,,4047529.0,9502620.0,-5455091.0,-2303749.0,,2581076271.0,,,968.46,100.0,unknown,QuantData PER_ONE_DOLLAR_MOVE; exact dollar/contract scaling unverified,QuantData
2026-08-17T16:00:00-04:00,2028-12-15,470.0,put,-100.0,164.0,,-75618.0,,,,,4047529.0,9502620.0,-5455091.0,-2303749.0,,2581076271.0,,,968.46,100.0,unknown,QuantData PER_ONE_DOLLAR_MOVE; exact dollar/contract scaling unverified,QuantData
2026-08-17T16:00:00-04:00,2028-12-15,480.0,call,0.0,0.0,,0.0,,,,,4047529.0,9502620.0,-5455091.0,-2303749.0,,2581076271.0,,,968.46,100.0,unknown,QuantData PER_ONE_DOLLAR_MOVE; exact dollar/contract scaling unverified,QuantData
2026-08-17T16:00:00-04:00,2028-12-15,480.0,put,-510.0,816.0,,-387142.0,,,,,4047529.0,9502620.0,-5455091.0,-2303749.0,,2581076271.0,,,968.46,100.0,unknown,QuantData PER_ONE_DOLLAR_MOVE; exact dollar/contract scaling unverified,QuantData
2026-08-17T16:00:00-04:00,2028-12-15,490.0,call,0.0,0.0,,0.0,,,,,4047529.0,9502620.0,-5455091.0,-2303749.0,,2581076271.0,,,968.46,100.0,unknown,QuantData PER_ONE_DOLLAR_MOVE; exact dollar/contract scaling unverified,QuantData
2026-08-17T16:00:00-04:00,2028-12-15,490.0,put,-326.0,649.0,,-248762.0,,,,,4047529.0,9502620.0,-5455091.0,-2303749.0,,2581076271.0,,,968.46,100.0,unknown,QuantData PER_ONE_DOLLAR_MOVE; exact dollar/contract scaling unverified,QuantData
2026-08-17T16:00:00-04:00,2028-12-15,600.0,call,211.0,746.0,,1062824.0,,,,,4047529.0,9502620.0,-5455091.0,-2303749.0,,2581076271.0,,,968.46,100.0,unknown,QuantData PER_ONE_DOLLAR_MOVE; exact dollar/contract scaling unverified,QuantData
2026-08-17T16:00:00-04:00,2028-12-15,600.0,put,-1019.0,3699.0,,-848085.0,,,,,4047529.0,9502620.0,-5455091.0,-2303749.0,,2581076271.0,,,968.46,100.0,unknown,QuantData PER_ONE_DOLLAR_MOVE; exact dollar/contract scaling unverified,QuantData
2026-08-17T16:00:00-04:00,2028-12-15,610.0,call,0.0,0.0,,0.0,,,,,4047529.0,9502620.0,-5455091.0,-2303749.0,,2581076271.0,,,968.46,100.0,unknown,QuantData PER_ONE_DOLLAR_MOVE; exact dollar/contract scaling unverified,QuantData
2026-08-17T16:00:00-04:00,2028-12-15,610.0,put,-124.0,473.0,,-103462.0,,,,,4047529.0,9502620.0,-5455091.0,-2303749.0,,2581076271.0,,,968.46,100.0,unknown,QuantData PER_ONE_DOLLAR_MOVE; exact dollar/contract scaling unverified,QuantData
2026-08-17T16:00:00-04:00,2028-12-15,620.0,call,0.0,0.0,,0.0,,,,,4047529.0,9502620.0,-5455091.0,-2303749.0,,2581076271.0,,,968.46,100.0,unknown,QuantData PER_ONE_DOLLAR_MOVE; exact dollar/contract scaling unverified,QuantData
2026-08-17T16:00:00-04:00,2028-12-15,620.0,put,-1768.0,7173.0,,-1497013.0,,,,,4047529.0,9502620.0,-5455091.0,-2303749.0,,2581076271.0,,,968.46,100.0,unknown,QuantData PER_ONE_DOLLAR_MOVE; exact dollar/contract scaling unverified,QuantData
2026-08-17T16:00:00-04:00,2028-12-15,680.0,call,0.0,0.0,,0.0,,,,,4047529.0,9502620.0,-5455091.0,-2303749.0,,2581076271.0,,,968.46,100.0,unknown,QuantData PER_ONE_DOLLAR_MOVE; exact dollar/contract scaling unverified,QuantData
2026-08-17T16:00:00-04:00,2028-12-15,680.0,put,-937.0,5040.0,,-804178.0,,,,,4047529.0,9502620.0,-5455091.0,-2303749.0,,2581076271.0,,,968.46,100.0,unknown,QuantData PER_ONE_DOLLAR_MOVE; exact dollar/contract scaling unverified,QuantData
2026-08-17T16:00:00-04:00,2028-12-15,700.0,call,656.0,3270.0,,2763453.0,,,,,4047529.0,9502620.0,-5455091.0,-2303749.0,,2581076271.0,,,968.46,100.0,unknown,QuantData PER_ONE_DOLLAR_MOVE; exact dollar/contract scaling unverified,QuantData
2026-08-17T16:00:00-04:00,2028-12-15,700.0,put,0.0,0.0,,0.0,,,,,4047529.0,9502620.0,-5455091.0,-2303749.0,,2581076271.0,,,968.46,100.0,unknown,QuantData PER_ONE_DOLLAR_MOVE; exact dollar/contract scaling unverified,QuantData
2026-08-17T16:00:00-04:00,2028-12-15,710.0,call,75.0,381.0,,318162.0,,,,,4047529.0,9502620.0,-5455091.0,-2303749.0,,2581076271.0,,,968.46,100.0,unknown,QuantData PER_ONE_DOLLAR_MOVE; exact dollar/contract scaling unverified,QuantData
2026-08-17T16:00:00-04:00,2028-12-15,710.0,put,0.0,0.0,,0.0,,,,,4047529.0,9502620.0,-5455091.0,-2303749.0,,2581076271.0,,,968.46,100.0,unknown,QuantData PER_ONE_DOLLAR_MOVE; exact dollar/contract scaling unverified,QuantData
2026-08-17T16:00:00-04:00,2028-12-15,750.0,call,788.0,4322.0,,3344658.0,,,,,4047529.0,9502620.0,-5455091.0,-2303749.0,,2581076271.0,,,968.46,100.0,unknown,QuantData PER_ONE_DOLLAR_MOVE; exact dollar/contract scaling unverified,QuantData
2026-08-17T16:00:00-04:00,2028-12-15,750.0,put,0.0,0.0,,0.0,,,,,4047529.0,9502620.0,-5455091.0,-2303749.0,,2581076271.0,,,968.46,100.0,unknown,QuantData PER_ONE_DOLLAR_MOVE; exact dollar/contract scaling unverified,QuantData
2026-08-17T16:00:00-04:00,2028-12-15,790.0,call,0.0,0.0,,0.0,,,,,4047529.0,9502620.0,-5455091.0,-2303749.0,,2581076271.0,,,968.46,100.0,unknown,QuantData PER_ONE_DOLLAR_MOVE; exact dollar/contract scaling unverified,QuantData
2026-08-17T16:00:00-04:00,2028-12-15,790.0,put,-37.0,248.0,,-34437.0,,,,,4047529.0,9502620.0,-5455091.0,-2303749.0,,2581076271.0,,,968.46,100.0,unknown,QuantData PER_ONE_DOLLAR_MOVE; exact dollar/contract scaling unverified,QuantData
2026-08-17T16:00:00-04:00,2028-12-15,800.0,call,994.0,6345.0,,3668253.0,,,,,4047529.0,9502620.0,-5455091.0,-2303749.0,,2581076271.0,,,968.46,100.0,unknown,QuantData PER_ONE_DOLLAR_MOVE; exact dollar/contract scaling unverified,QuantData
2026-08-17T16:00:00-04:00,2028-12-15,800.0,put,0.0,0.0,,0.0,,,,,4047529.0,9502620.0,-5455091.0,-2303749.0,,2581076271.0,,,968.46,100.0,unknown,QuantData PER_ONE_DOLLAR_MOVE; exact dollar/contract scaling unverified,QuantData
2026-08-17T16:00:00-04:00,2028-12-15,840.0,call,125.0,842.0,,475602.0,,,,,4047529.0,9502620.0,-5455091.0,-2303749.0,,2581076271.0,,,968.46,100.0,unknown,QuantData PER_ONE_DOLLAR_MOVE; exact dollar/contract scaling unverified,QuantData
2026-08-17T16:00:00-04:00,2028-12-15,840.0,put,0.0,0.0,,0.0,,,,,4047529.0,9502620.0,-5455091.0,-2303749.0,,2581076271.0,,,968.46,100.0,unknown,QuantData PER_ONE_DOLLAR_MOVE; exact dollar/contract scaling unverified,QuantData
2026-08-17T16:00:00-04:00,2028-12-15,850.0,call,697.0,4718.0,,2626621.0,,,,,4047529.0,9502620.0,-5455091.0,-2303749.0,,2581076271.0,,,968.46,100.0,unknown,QuantData PER_ONE_DOLLAR_MOVE; exact dollar/contract scaling unverified,QuantData
2026-08-17T16:00:00-04:00,2028-12-15,850.0,put,-379.0,2926.0,,-367473.0,,,,,4047529.0,9502620.0,-5455091.0,-2303749.0,,2581076271.0,,,968.46,100.0,unknown,QuantData PER_ONE_DOLLAR_MOVE; exact dollar/contract scaling unverified,QuantData
2026-08-17T16:00:00-04:00,2028-12-15,860.0,call,509.0,3528.0,,1906540.0,,,,,4047529.0,9502620.0,-5455091.0,-2303749.0,,2581076271.0,,,968.46,100.0,unknown,QuantData PER_ONE_DOLLAR_MOVE; exact dollar/contract scaling unverified,QuantData
2026-08-17T16:00:00-04:00,2028-12-15,860.0,put,0.0,0.0,,0.0,,,,,4047529.0,9502620.0,-5455091.0,-2303749.0,,2581076271.0,,,968.46,100.0,unknown,QuantData PER_ONE_DOLLAR_MOVE; exact dollar/contract scaling unverified,QuantData
2026-08-17T16:00:00-04:00,2028-12-15,910.0,call,67.0,520.0,,223703.0,,,,,4047529.0,9502620.0,-5455091.0,-2303749.0,,2581076271.0,,,968.46,100.0,unknown,QuantData PER_ONE_DOLLAR_MOVE; exact dollar/contract scaling unverified,QuantData
2026-08-17T16:00:00-04:00,2028-12-15,910.0,put,0.0,0.0,,0.0,,,,,4047529.0,9502620.0,-5455091.0,-2303749.0,,2581076271.0,,,968.46,100.0,unknown,QuantData PER_ONE_DOLLAR_MOVE; exact dollar/contract scaling unverified,QuantData
2026-08-17T16:00:00-04:00,2028-12-15,960.0,call,228.0,1923.0,,736007.0,,,,,4047529.0,9502620.0,-5455091.0,-2303749.0,,2581076271.0,,,968.46,100.0,unknown,QuantData PER_ONE_DOLLAR_MOVE; exact dollar/contract scaling unverified,QuantData
2026-08-17T16:00:00-04:00,2028-12-15,960.0,put,0.0,0.0,,0.0,,,,,4047529.0,9502620.0,-5455091.0,-2303749.0,,2581076271.0,,,968.46,100.0,unknown,QuantData PER_ONE_DOLLAR_MOVE; exact dollar/contract scaling unverified,QuantData
2026-08-17T16:00:00-04:00,2028-12-15,1030.0,call,0.0,0.0,,0.0,,,,,4047529.0,9502620.0,-5455091.0,-2303749.0,,2581076271.0,,,968.46,100.0,unknown,QuantData PER_ONE_DOLLAR_MOVE; exact dollar/contract scaling unverified,QuantData
2026-08-17T16:00:00-04:00,2028-12-15,1030.0,put,-65.0,642.0,,-66338.0,,,,,4047529.0,9502620.0,-5455091.0,-2303749.0,,2581076271.0,,,968.46,100.0,unknown,QuantData PER_ONE_DOLLAR_MOVE; exact dollar/contract scaling unverified,QuantData
2026-08-17T16:00:00-04:00,2028-12-15,1040.0,call,238.0,2221.0,,718193.0,,,,,4047529.0,9502620.0,-5455091.0,-2303749.0,,2581076271.0,,,968.46,100.0,unknown,QuantData PER_ONE_DOLLAR_MOVE; exact dollar/contract scaling unverified,QuantData
2026-08-17T16:00:00-04:00,2028-12-15,1040.0,put,0.0,0.0,,0.0,,,,,4047529.0,9502620.0,-5455091.0,-2303749.0,,2581076271.0,,,968.46,100.0,unknown,QuantData PER_ONE_DOLLAR_MOVE; exact dollar/contract scaling unverified,QuantData
2026-08-17T16:00:00-04:00,2028-12-15,1060.0,call,0.0,0.0,,0.0,,,,,4047529.0,9502620.0,-5455091.0,-2303749.0,,2581076271.0,,,968.46,100.0,unknown,QuantData PER_ONE_DOLLAR_MOVE; exact dollar/contract scaling unverified,QuantData
2026-08-17T16:00:00-04:00,2028-12-15,1060.0,put,-44.0,443.0,,-46020.0,,,,,4047529.0,9502620.0,-5455091.0,-2303749.0,,2581076271.0,,,968.46,100.0,unknown,QuantData PER_ONE_DOLLAR_MOVE; exact dollar/contract scaling unverified,QuantData
2026-08-17T16:00:00-04:00,2028-12-15,1200.0,call,955.0,10238.0,,2629335.0,,,,,4047529.0,9502620.0,-5455091.0,-2303749.0,,2581076271.0,,,968.46,100.0,unknown,QuantData PER_ONE_DOLLAR_MOVE; exact dollar/contract scaling unverified,QuantData
2026-08-17T16:00:00-04:00,2028-12-15,1200.0,put,0.0,0.0,,0.0,,,,,4047529.0,9502620.0,-5455091.0,-2303749.0,,2581076271.0,,,968.46,100.0,unknown,QuantData PER_ONE_DOLLAR_MOVE; exact dollar/contract scaling unverified,QuantData
2026-08-17T16:00:00-04:00,2028-12-15,1420.0,call,0.0,0.0,,0.0,,,,,4047529.0,9502620.0,-5455091.0,-2303749.0,,2581076271.0,,,968.46,100.0,unknown,QuantData PER_ONE_DOLLAR_MOVE; exact dollar/contract scaling unverified,QuantData
2026-08-17T16:00:00-04:00,2028-12-15,1420.0,put,0.0,0.0,,0.0,,,,,4047529.0,9502620.0,-5455091.0,-2303749.0,,2581076271.0,,,968.46,100.0,unknown,QuantData PER_ONE_DOLLAR_MOVE; exact dollar/contract scaling unverified,QuantData
2026-08-17T16:00:00-04:00,2028-12-15,1580.0,call,372.0,5151.0,,785822.0,,,,,4047529.0,9502620.0,-5455091.0,-2303749.0,,2581076271.0,,,968.46,100.0,unknown,QuantData PER_ONE_DOLLAR_MOVE; exact dollar/contract scaling unverified,QuantData
2026-08-17T16:00:00-04:00,2028-12-15,1580.0,put,0.0,0.0,,0.0,,,,,4047529.0,9502620.0,-5455091.0,-2303749.0,,2581076271.0,,,968.46,100.0,unknown,QuantData PER_ONE_DOLLAR_MOVE; exact dollar/contract scaling unverified,QuantData
2026-08-17T16:00:00-04:00,2028-12-15,1590.0,call,463.0,6446.0,,992043.0,,,,,4047529.0,9502620.0,-5455091.0,-2303749.0,,2581076271.0,,,968.46,100.0,unknown,QuantData PER_ONE_DOLLAR_MOVE; exact dollar/contract scaling unverified,QuantData
2026-08-17T16:00:00-04:00,2028-12-15,1590.0,put,0.0,0.0,,0.0,,,,,4047529.0,9502620.0,-5455091.0,-2303749.0,,2581076271.0,,,968.46,100.0,unknown,QuantData PER_ONE_DOLLAR_MOVE; exact dollar/contract scaling unverified,QuantData
2026-08-17T16:00:00-04:00,2028-12-15,1600.0,call,2957.0,41310.0,,6265338.0,,,,,4047529.0,9502620.0,-5455091.0,-2303749.0,,2581076271.0,,,968.46,100.0,unknown,QuantData PER_ONE_DOLLAR_MOVE; exact dollar/contract scaling unverified,QuantData
2026-08-17T16:00:00-04:00,2028-12-15,1600.0,put,0.0,0.0,,0.0,,,,,4047529.0,9502620.0,-5455091.0,-2303749.0,,2581076271.0,,,968.46,100.0,unknown,QuantData PER_ONE_DOLLAR_MOVE; exact dollar/contract scaling unverified,QuantData
