timestamp,expiration,strike,call_put,gex,vanna_or_vex,charm,delta_exposure,gamma_gradient,vanna_gradient,charm_gradient,delta_change,net_gex,call_gex,put_gex,net_vanna,net_charm,net_delta_exposure,zero_gamma,gamma_flip,underlying_price,contract_multiplier,perspective,gex_unit,source
2026-08-17T14:40:00-04:00,2026-08-21,180.0,call,0.0,0.0,,1272192.0,,,,,3681347.0,14041086.0,-10359739.0,1687012.0,,1875879819.0,,,530.37,100.0,unknown,QuantData PER_ONE_DOLLAR_MOVE; exact dollar/contract scaling unverified,QuantData
2026-08-17T14:40:00-04:00,2026-08-21,180.0,put,-25.0,-43.0,,-1392.0,,,,,3681347.0,14041086.0,-10359739.0,1687012.0,,1875879819.0,,,530.37,100.0,unknown,QuantData PER_ONE_DOLLAR_MOVE; exact dollar/contract scaling unverified,QuantData
2026-08-17T14:40:00-04:00,2026-08-21,185.0,call,0.0,0.0,,106016.0,,,,,3681347.0,14041086.0,-10359739.0,1687012.0,,1875879819.0,,,530.37,100.0,unknown,QuantData PER_ONE_DOLLAR_MOVE; exact dollar/contract scaling unverified,QuantData
2026-08-17T14:40:00-04:00,2026-08-21,185.0,put,-21.0,-39.0,,-965.0,,,,,3681347.0,14041086.0,-10359739.0,1687012.0,,1875879819.0,,,530.37,100.0,unknown,QuantData PER_ONE_DOLLAR_MOVE; exact dollar/contract scaling unverified,QuantData
2026-08-17T14:40:00-04:00,2026-08-21,195.0,call,14.0,-13.0,,104431.0,,,,,3681347.0,14041086.0,-10359739.0,1687012.0,,1875879819.0,,,530.37,100.0,unknown,QuantData PER_ONE_DOLLAR_MOVE; exact dollar/contract scaling unverified,QuantData
2026-08-17T14:40:00-04:00,2026-08-21,195.0,put,-10.0,-19.0,,-454.0,,,,,3681347.0,14041086.0,-10359739.0,1687012.0,,1875879819.0,,,530.37,100.0,unknown,QuantData PER_ONE_DOLLAR_MOVE; exact dollar/contract scaling unverified,QuantData
2026-08-17T14:40:00-04:00,2026-08-21,200.0,call,14.0,-13.0,,104396.0,,,,,3681347.0,14041086.0,-10359739.0,1687012.0,,1875879819.0,,,530.37,100.0,unknown,QuantData PER_ONE_DOLLAR_MOVE; exact dollar/contract scaling unverified,QuantData
2026-08-17T14:40:00-04:00,2026-08-21,200.0,put,-39.0,-74.0,,-1721.0,,,,,3681347.0,14041086.0,-10359739.0,1687012.0,,1875879819.0,,,530.37,100.0,unknown,QuantData PER_ONE_DOLLAR_MOVE; exact dollar/contract scaling unverified,QuantData
2026-08-17T14:40:00-04:00,2026-08-21,210.0,call,0.0,0.0,,0.0,,,,,3681347.0,14041086.0,-10359739.0,1687012.0,,1875879819.0,,,530.37,100.0,unknown,QuantData PER_ONE_DOLLAR_MOVE; exact dollar/contract scaling unverified,QuantData
2026-08-17T14:40:00-04:00,2026-08-21,210.0,put,-85.0,-153.0,,-3341.0,,,,,3681347.0,14041086.0,-10359739.0,1687012.0,,1875879819.0,,,530.37,100.0,unknown,QuantData PER_ONE_DOLLAR_MOVE; exact dollar/contract scaling unverified,QuantData
2026-08-17T14:40:00-04:00,2026-08-21,220.0,call,0.0,0.0,,0.0,,,,,3681347.0,14041086.0,-10359739.0,1687012.0,,1875879819.0,,,530.37,100.0,unknown,QuantData PER_ONE_DOLLAR_MOVE; exact dollar/contract scaling unverified,QuantData
2026-08-17T14:40:00-04:00,2026-08-21,220.0,put,-41.0,-78.0,,-1644.0,,,,,3681347.0,14041086.0,-10359739.0,1687012.0,,1875879819.0,,,530.37,100.0,unknown,QuantData PER_ONE_DOLLAR_MOVE; exact dollar/contract scaling unverified,QuantData
2026-08-17T14:40:00-04:00,2026-08-21,230.0,call,0.0,0.0,,0.0,,,,,3681347.0,14041086.0,-10359739.0,1687012.0,,1875879819.0,,,530.37,100.0,unknown,QuantData PER_ONE_DOLLAR_MOVE; exact dollar/contract scaling unverified,QuantData
2026-08-17T14:40:00-04:00,2026-08-21,230.0,put,-46.0,-86.0,,-1715.0,,,,,3681347.0,14041086.0,-10359739.0,1687012.0,,1875879819.0,,,530.37,100.0,unknown,QuantData PER_ONE_DOLLAR_MOVE; exact dollar/contract scaling unverified,QuantData
2026-08-17T14:40:00-04:00,2026-08-21,250.0,call,0.0,0.0,,0.0,,,,,3681347.0,14041086.0,-10359739.0,1687012.0,,1875879819.0,,,530.37,100.0,unknown,QuantData PER_ONE_DOLLAR_MOVE; exact dollar/contract scaling unverified,QuantData
2026-08-17T14:40:00-04:00,2026-08-21,250.0,put,-2069.0,-3282.0,,-90181.0,,,,,3681347.0,14041086.0,-10359739.0,1687012.0,,1875879819.0,,,530.37,100.0,unknown,QuantData PER_ONE_DOLLAR_MOVE; exact dollar/contract scaling unverified,QuantData
2026-08-17T14:40:00-04:00,2026-08-21,260.0,call,0.0,0.0,,0.0,,,,,3681347.0,14041086.0,-10359739.0,1687012.0,,1875879819.0,,,530.37,100.0,unknown,QuantData PER_ONE_DOLLAR_MOVE; exact dollar/contract scaling unverified,QuantData
2026-08-17T14:40:00-04:00,2026-08-21,260.0,put,-112.0,-193.0,,-4363.0,,,,,3681347.0,14041086.0,-10359739.0,1687012.0,,1875879819.0,,,530.37,100.0,unknown,QuantData PER_ONE_DOLLAR_MOVE; exact dollar/contract scaling unverified,QuantData
2026-08-17T14:40:00-04:00,2026-08-21,270.0,call,0.0,0.0,,0.0,,,,,3681347.0,14041086.0,-10359739.0,1687012.0,,1875879819.0,,,530.37,100.0,unknown,QuantData PER_ONE_DOLLAR_MOVE; exact dollar/contract scaling unverified,QuantData
2026-08-17T14:40:00-04:00,2026-08-21,270.0,put,-386.0,-591.0,,-17492.0,,,,,3681347.0,14041086.0,-10359739.0,1687012.0,,1875879819.0,,,530.37,100.0,unknown,QuantData PER_ONE_DOLLAR_MOVE; exact dollar/contract scaling unverified,QuantData
2026-08-17T14:40:00-04:00,2026-08-21,280.0,call,0.0,0.0,,0.0,,,,,3681347.0,14041086.0,-10359739.0,1687012.0,,1875879819.0,,,530.37,100.0,unknown,QuantData PER_ONE_DOLLAR_MOVE; exact dollar/contract scaling unverified,QuantData
2026-08-17T14:40:00-04:00,2026-08-21,280.0,put,-12071.0,-19075.0,,-490591.0,,,,,3681347.0,14041086.0,-10359739.0,1687012.0,,1875879819.0,,,530.37,100.0,unknown,QuantData PER_ONE_DOLLAR_MOVE; exact dollar/contract scaling unverified,QuantData
2026-08-17T14:40:00-04:00,2026-08-21,290.0,call,0.0,0.0,,0.0,,,,,3681347.0,14041086.0,-10359739.0,1687012.0,,1875879819.0,,,530.37,100.0,unknown,QuantData PER_ONE_DOLLAR_MOVE; exact dollar/contract scaling unverified,QuantData
2026-08-17T14:40:00-04:00,2026-08-21,290.0,put,-237.0,-435.0,,-6559.0,,,,,3681347.0,14041086.0,-10359739.0,1687012.0,,1875879819.0,,,530.37,100.0,unknown,QuantData PER_ONE_DOLLAR_MOVE; exact dollar/contract scaling unverified,QuantData
2026-08-17T14:40:00-04:00,2026-08-21,300.0,call,0.0,0.0,,0.0,,,,,3681347.0,14041086.0,-10359739.0,1687012.0,,1875879819.0,,,530.37,100.0,unknown,QuantData PER_ONE_DOLLAR_MOVE; exact dollar/contract scaling unverified,QuantData
2026-08-17T14:40:00-04:00,2026-08-21,300.0,put,-15233.0,-24769.0,,-530272.0,,,,,3681347.0,14041086.0,-10359739.0,1687012.0,,1875879819.0,,,530.37,100.0,unknown,QuantData PER_ONE_DOLLAR_MOVE; exact dollar/contract scaling unverified,QuantData
2026-08-17T14:40:00-04:00,2026-08-21,310.0,call,0.0,0.0,,0.0,,,,,3681347.0,14041086.0,-10359739.0,1687012.0,,1875879819.0,,,530.37,100.0,unknown,QuantData PER_ONE_DOLLAR_MOVE; exact dollar/contract scaling unverified,QuantData
2026-08-17T14:40:00-04:00,2026-08-21,310.0,put,-805.0,-1478.0,,-20214.0,,,,,3681347.0,14041086.0,-10359739.0,1687012.0,,1875879819.0,,,530.37,100.0,unknown,QuantData PER_ONE_DOLLAR_MOVE; exact dollar/contract scaling unverified,QuantData
2026-08-17T14:40:00-04:00,2026-08-21,320.0,call,332.0,-295.0,,716672.0,,,,,3681347.0,14041086.0,-10359739.0,1687012.0,,1875879819.0,,,530.37,100.0,unknown,QuantData PER_ONE_DOLLAR_MOVE; exact dollar/contract scaling unverified,QuantData
2026-08-17T14:40:00-04:00,2026-08-21,320.0,put,-617.0,-1092.0,,-13949.0,,,,,3681347.0,14041086.0,-10359739.0,1687012.0,,1875879819.0,,,530.37,100.0,unknown,QuantData PER_ONE_DOLLAR_MOVE; exact dollar/contract scaling unverified,QuantData
2026-08-17T14:40:00-04:00,2026-08-21,330.0,call,0.0,0.0,,0.0,,,,,3681347.0,14041086.0,-10359739.0,1687012.0,,1875879819.0,,,530.37,100.0,unknown,QuantData PER_ONE_DOLLAR_MOVE; exact dollar/contract scaling unverified,QuantData
2026-08-17T14:40:00-04:00,2026-08-21,330.0,put,-1567.0,-2629.0,,-37863.0,,,,,3681347.0,14041086.0,-10359739.0,1687012.0,,1875879819.0,,,530.37,100.0,unknown,QuantData PER_ONE_DOLLAR_MOVE; exact dollar/contract scaling unverified,QuantData
2026-08-17T14:40:00-04:00,2026-08-21,335.0,call,0.0,0.0,,0.0,,,,,3681347.0,14041086.0,-10359739.0,1687012.0,,1875879819.0,,,530.37,100.0,unknown,QuantData PER_ONE_DOLLAR_MOVE; exact dollar/contract scaling unverified,QuantData
2026-08-17T14:40:00-04:00,2026-08-21,335.0,put,-990.0,-1597.0,,-24811.0,,,,,3681347.0,14041086.0,-10359739.0,1687012.0,,1875879819.0,,,530.37,100.0,unknown,QuantData PER_ONE_DOLLAR_MOVE; exact dollar/contract scaling unverified,QuantData
2026-08-17T14:40:00-04:00,2026-08-21,340.0,call,177.0,-196.0,,529314.0,,,,,3681347.0,14041086.0,-10359739.0,1687012.0,,1875879819.0,,,530.37,100.0,unknown,QuantData PER_ONE_DOLLAR_MOVE; exact dollar/contract scaling unverified,QuantData
2026-08-17T14:40:00-04:00,2026-08-21,340.0,put,-990.0,-1751.0,,-20249.0,,,,,3681347.0,14041086.0,-10359739.0,1687012.0,,1875879819.0,,,530.37,100.0,unknown,QuantData PER_ONE_DOLLAR_MOVE; exact dollar/contract scaling unverified,QuantData
2026-08-17T14:40:00-04:00,2026-08-21,345.0,call,0.0,0.0,,0.0,,,,,3681347.0,14041086.0,-10359739.0,1687012.0,,1875879819.0,,,530.37,100.0,unknown,QuantData PER_ONE_DOLLAR_MOVE; exact dollar/contract scaling unverified,QuantData
2026-08-17T14:40:00-04:00,2026-08-21,345.0,put,0.0,0.0,,0.0,,,,,3681347.0,14041086.0,-10359739.0,1687012.0,,1875879819.0,,,530.37,100.0,unknown,QuantData PER_ONE_DOLLAR_MOVE; exact dollar/contract scaling unverified,QuantData
2026-08-17T14:40:00-04:00,2026-08-21,350.0,call,0.0,0.0,,0.0,,,,,3681347.0,14041086.0,-10359739.0,1687012.0,,1875879819.0,,,530.37,100.0,unknown,QuantData PER_ONE_DOLLAR_MOVE; exact dollar/contract scaling unverified,QuantData
2026-08-17T14:40:00-04:00,2026-08-21,350.0,put,-3853.0,-6430.0,,-83464.0,,,,,3681347.0,14041086.0,-10359739.0,1687012.0,,1875879819.0,,,530.37,100.0,unknown,QuantData PER_ONE_DOLLAR_MOVE; exact dollar/contract scaling unverified,QuantData
2026-08-17T14:40:00-04:00,2026-08-21,355.0,call,0.0,0.0,,0.0,,,,,3681347.0,14041086.0,-10359739.0,1687012.0,,1875879819.0,,,530.37,100.0,unknown,QuantData PER_ONE_DOLLAR_MOVE; exact dollar/contract scaling unverified,QuantData
2026-08-17T14:40:00-04:00,2026-08-21,355.0,put,-2397.0,-3658.0,,-58278.0,,,,,3681347.0,14041086.0,-10359739.0,1687012.0,,1875879819.0,,,530.37,100.0,unknown,QuantData PER_ONE_DOLLAR_MOVE; exact dollar/contract scaling unverified,QuantData
2026-08-17T14:40:00-04:00,2026-08-21,360.0,call,138.0,-180.0,,594718.0,,,,,3681347.0,14041086.0,-10359739.0,1687012.0,,1875879819.0,,,530.37,100.0,unknown,QuantData PER_ONE_DOLLAR_MOVE; exact dollar/contract scaling unverified,QuantData
2026-08-17T14:40:00-04:00,2026-08-21,360.0,put,-1252.0,-2071.0,,-25037.0,,,,,3681347.0,14041086.0,-10359739.0,1687012.0,,1875879819.0,,,530.37,100.0,unknown,QuantData PER_ONE_DOLLAR_MOVE; exact dollar/contract scaling unverified,QuantData
2026-08-17T14:40:00-04:00,2026-08-21,370.0,call,0.0,0.0,,0.0,,,,,3681347.0,14041086.0,-10359739.0,1687012.0,,1875879819.0,,,530.37,100.0,unknown,QuantData PER_ONE_DOLLAR_MOVE; exact dollar/contract scaling unverified,QuantData
2026-08-17T14:40:00-04:00,2026-08-21,370.0,put,-5339.0,-7810.0,,-126374.0,,,,,3681347.0,14041086.0,-10359739.0,1687012.0,,1875879819.0,,,530.37,100.0,unknown,QuantData PER_ONE_DOLLAR_MOVE; exact dollar/contract scaling unverified,QuantData
2026-08-17T14:40:00-04:00,2026-08-21,375.0,call,0.0,0.0,,0.0,,,,,3681347.0,14041086.0,-10359739.0,1687012.0,,1875879819.0,,,530.37,100.0,unknown,QuantData PER_ONE_DOLLAR_MOVE; exact dollar/contract scaling unverified,QuantData
2026-08-17T14:40:00-04:00,2026-08-21,375.0,put,-2800.0,-4037.0,,-65952.0,,,,,3681347.0,14041086.0,-10359739.0,1687012.0,,1875879819.0,,,530.37,100.0,unknown,QuantData PER_ONE_DOLLAR_MOVE; exact dollar/contract scaling unverified,QuantData
2026-08-17T14:40:00-04:00,2026-08-21,380.0,call,0.0,0.0,,0.0,,,,,3681347.0,14041086.0,-10359739.0,1687012.0,,1875879819.0,,,530.37,100.0,unknown,QuantData PER_ONE_DOLLAR_MOVE; exact dollar/contract scaling unverified,QuantData
2026-08-17T14:40:00-04:00,2026-08-21,380.0,put,-6326.0,-9382.0,,-136668.0,,,,,3681347.0,14041086.0,-10359739.0,1687012.0,,1875879819.0,,,530.37,100.0,unknown,QuantData PER_ONE_DOLLAR_MOVE; exact dollar/contract scaling unverified,QuantData
2026-08-17T14:40:00-04:00,2026-08-21,385.0,call,0.0,0.0,,0.0,,,,,3681347.0,14041086.0,-10359739.0,1687012.0,,1875879819.0,,,530.37,100.0,unknown,QuantData PER_ONE_DOLLAR_MOVE; exact dollar/contract scaling unverified,QuantData
2026-08-17T14:40:00-04:00,2026-08-21,385.0,put,-843.0,-1177.0,,-19469.0,,,,,3681347.0,14041086.0,-10359739.0,1687012.0,,1875879819.0,,,530.37,100.0,unknown,QuantData PER_ONE_DOLLAR_MOVE; exact dollar/contract scaling unverified,QuantData
2026-08-17T14:40:00-04:00,2026-08-21,390.0,call,2330.0,-2888.0,,6294375.0,,,,,3681347.0,14041086.0,-10359739.0,1687012.0,,1875879819.0,,,530.37,100.0,unknown,QuantData PER_ONE_DOLLAR_MOVE; exact dollar/contract scaling unverified,QuantData
2026-08-17T14:40:00-04:00,2026-08-21,390.0,put,-29700.0,-40909.0,,-674794.0,,,,,3681347.0,14041086.0,-10359739.0,1687012.0,,1875879819.0,,,530.37,100.0,unknown,QuantData PER_ONE_DOLLAR_MOVE; exact dollar/contract scaling unverified,QuantData
2026-08-17T14:40:00-04:00,2026-08-21,395.0,call,0.0,0.0,,0.0,,,,,3681347.0,14041086.0,-10359739.0,1687012.0,,1875879819.0,,,530.37,100.0,unknown,QuantData PER_ONE_DOLLAR_MOVE; exact dollar/contract scaling unverified,QuantData
2026-08-17T14:40:00-04:00,2026-08-21,395.0,put,-2802.0,-3716.0,,-65426.0,,,,,3681347.0,14041086.0,-10359739.0,1687012.0,,1875879819.0,,,530.37,100.0,unknown,QuantData PER_ONE_DOLLAR_MOVE; exact dollar/contract scaling unverified,QuantData
2026-08-17T14:40:00-04:00,2026-08-21,400.0,call,1691.0,-1995.0,,3425355.0,,,,,3681347.0,14041086.0,-10359739.0,1687012.0,,1875879819.0,,,530.37,100.0,unknown,QuantData PER_ONE_DOLLAR_MOVE; exact dollar/contract scaling unverified,QuantData
2026-08-17T14:40:00-04:00,2026-08-21,400.0,put,-30205.0,-39702.0,,-683316.0,,,,,3681347.0,14041086.0,-10359739.0,1687012.0,,1875879819.0,,,530.37,100.0,unknown,QuantData PER_ONE_DOLLAR_MOVE; exact dollar/contract scaling unverified,QuantData
2026-08-17T14:40:00-04:00,2026-08-21,402.5,call,0.0,0.0,,0.0,,,,,3681347.0,14041086.0,-10359739.0,1687012.0,,1875879819.0,,,530.37,100.0,unknown,QuantData PER_ONE_DOLLAR_MOVE; exact dollar/contract scaling unverified,QuantData
2026-08-17T14:40:00-04:00,2026-08-21,402.5,put,-1274.0,-1645.0,,-29047.0,,,,,3681347.0,14041086.0,-10359739.0,1687012.0,,1875879819.0,,,530.37,100.0,unknown,QuantData PER_ONE_DOLLAR_MOVE; exact dollar/contract scaling unverified,QuantData
2026-08-17T14:40:00-04:00,2026-08-21,405.0,call,3869.0,-3800.0,,4516954.0,,,,,3681347.0,14041086.0,-10359739.0,1687012.0,,1875879819.0,,,530.37,100.0,unknown,QuantData PER_ONE_DOLLAR_MOVE; exact dollar/contract scaling unverified,QuantData
2026-08-17T14:40:00-04:00,2026-08-21,405.0,put,-4952.0,-6273.0,,-113471.0,,,,,3681347.0,14041086.0,-10359739.0,1687012.0,,1875879819.0,,,530.37,100.0,unknown,QuantData PER_ONE_DOLLAR_MOVE; exact dollar/contract scaling unverified,QuantData
2026-08-17T14:40:00-04:00,2026-08-21,407.5,call,0.0,0.0,,0.0,,,,,3681347.0,14041086.0,-10359739.0,1687012.0,,1875879819.0,,,530.37,100.0,unknown,QuantData PER_ONE_DOLLAR_MOVE; exact dollar/contract scaling unverified,QuantData
2026-08-17T14:40:00-04:00,2026-08-21,407.5,put,-2833.0,-3393.0,,-69863.0,,,,,3681347.0,14041086.0,-10359739.0,1687012.0,,1875879819.0,,,530.37,100.0,unknown,QuantData PER_ONE_DOLLAR_MOVE; exact dollar/contract scaling unverified,QuantData
2026-08-17T14:40:00-04:00,2026-08-21,410.0,call,6466.0,-5245.0,,5086055.0,,,,,3681347.0,14041086.0,-10359739.0,1687012.0,,1875879819.0,,,530.37,100.0,unknown,QuantData PER_ONE_DOLLAR_MOVE; exact dollar/contract scaling unverified,QuantData
2026-08-17T14:40:00-04:00,2026-08-21,410.0,put,-13144.0,-16080.0,,-307129.0,,,,,3681347.0,14041086.0,-10359739.0,1687012.0,,1875879819.0,,,530.37,100.0,unknown,QuantData PER_ONE_DOLLAR_MOVE; exact dollar/contract scaling unverified,QuantData
2026-08-17T14:40:00-04:00,2026-08-21,412.5,call,326.0,-263.0,,252569.0,,,,,3681347.0,14041086.0,-10359739.0,1687012.0,,1875879819.0,,,530.37,100.0,unknown,QuantData PER_ONE_DOLLAR_MOVE; exact dollar/contract scaling unverified,QuantData
2026-08-17T14:40:00-04:00,2026-08-21,412.5,put,-1079.0,-1312.0,,-25090.0,,,,,3681347.0,14041086.0,-10359739.0,1687012.0,,1875879819.0,,,530.37,100.0,unknown,QuantData PER_ONE_DOLLAR_MOVE; exact dollar/contract scaling unverified,QuantData
2026-08-17T14:40:00-04:00,2026-08-21,415.0,call,1976.0,-1664.0,,1575539.0,,,,,3681347.0,14041086.0,-10359739.0,1687012.0,,1875879819.0,,,530.37,100.0,unknown,QuantData PER_ONE_DOLLAR_MOVE; exact dollar/contract scaling unverified,QuantData
2026-08-17T14:40:00-04:00,2026-08-21,415.0,put,-4340.0,-5197.0,,-100546.0,,,,,3681347.0,14041086.0,-10359739.0,1687012.0,,1875879819.0,,,530.37,100.0,unknown,QuantData PER_ONE_DOLLAR_MOVE; exact dollar/contract scaling unverified,QuantData
2026-08-17T14:40:00-04:00,2026-08-21,417.5,call,0.0,0.0,,0.0,,,,,3681347.0,14041086.0,-10359739.0,1687012.0,,1875879819.0,,,530.37,100.0,unknown,QuantData PER_ONE_DOLLAR_MOVE; exact dollar/contract scaling unverified,QuantData
2026-08-17T14:40:00-04:00,2026-08-21,417.5,put,-261.0,-314.0,,-5778.0,,,,,3681347.0,14041086.0,-10359739.0,1687012.0,,1875879819.0,,,530.37,100.0,unknown,QuantData PER_ONE_DOLLAR_MOVE; exact dollar/contract scaling unverified,QuantData
2026-08-17T14:40:00-04:00,2026-08-21,420.0,call,27830.0,-21660.0,,17972269.0,,,,,3681347.0,14041086.0,-10359739.0,1687012.0,,1875879819.0,,,530.37,100.0,unknown,QuantData PER_ONE_DOLLAR_MOVE; exact dollar/contract scaling unverified,QuantData
2026-08-17T14:40:00-04:00,2026-08-21,420.0,put,-20150.0,-23733.0,,-456577.0,,,,,3681347.0,14041086.0,-10359739.0,1687012.0,,1875879819.0,,,530.37,100.0,unknown,QuantData PER_ONE_DOLLAR_MOVE; exact dollar/contract scaling unverified,QuantData
2026-08-17T14:40:00-04:00,2026-08-21,422.5,call,4617.0,-3951.0,,3463208.0,,,,,3681347.0,14041086.0,-10359739.0,1687012.0,,1875879819.0,,,530.37,100.0,unknown,QuantData PER_ONE_DOLLAR_MOVE; exact dollar/contract scaling unverified,QuantData
2026-08-17T14:40:00-04:00,2026-08-21,422.5,put,-257.0,-307.0,,-5509.0,,,,,3681347.0,14041086.0,-10359739.0,1687012.0,,1875879819.0,,,530.37,100.0,unknown,QuantData PER_ONE_DOLLAR_MOVE; exact dollar/contract scaling unverified,QuantData
2026-08-17T14:40:00-04:00,2026-08-21,425.0,call,21803.0,-19529.0,,16946979.0,,,,,3681347.0,14041086.0,-10359739.0,1687012.0,,1875879819.0,,,530.37,100.0,unknown,QuantData PER_ONE_DOLLAR_MOVE; exact dollar/contract scaling unverified,QuantData
2026-08-17T14:40:00-04:00,2026-08-21,425.0,put,-7137.0,-8144.0,,-161683.0,,,,,3681347.0,14041086.0,-10359739.0,1687012.0,,1875879819.0,,,530.37,100.0,unknown,QuantData PER_ONE_DOLLAR_MOVE; exact dollar/contract scaling unverified,QuantData
2026-08-17T14:40:00-04:00,2026-08-21,427.5,call,0.0,0.0,,0.0,,,,,3681347.0,14041086.0,-10359739.0,1687012.0,,1875879819.0,,,530.37,100.0,unknown,QuantData PER_ONE_DOLLAR_MOVE; exact dollar/contract scaling unverified,QuantData
2026-08-17T14:40:00-04:00,2026-08-21,427.5,put,-2047.0,-2206.0,,-49801.0,,,,,3681347.0,14041086.0,-10359739.0,1687012.0,,1875879819.0,,,530.37,100.0,unknown,QuantData PER_ONE_DOLLAR_MOVE; exact dollar/contract scaling unverified,QuantData
2026-08-17T14:40:00-04:00,2026-08-21,430.0,call,0.0,0.0,,6690625.0,,,,,3681347.0,14041086.0,-10359739.0,1687012.0,,1875879819.0,,,530.37,100.0,unknown,QuantData PER_ONE_DOLLAR_MOVE; exact dollar/contract scaling unverified,QuantData
2026-08-17T14:40:00-04:00,2026-08-21,430.0,put,-33941.0,-37031.0,,-793554.0,,,,,3681347.0,14041086.0,-10359739.0,1687012.0,,1875879819.0,,,530.37,100.0,unknown,QuantData PER_ONE_DOLLAR_MOVE; exact dollar/contract scaling unverified,QuantData
2026-08-17T14:40:00-04:00,2026-08-21,432.5,call,0.0,0.0,,489860.0,,,,,3681347.0,14041086.0,-10359739.0,1687012.0,,1875879819.0,,,530.37,100.0,unknown,QuantData PER_ONE_DOLLAR_MOVE; exact dollar/contract scaling unverified,QuantData
2026-08-17T14:40:00-04:00,2026-08-21,432.5,put,-1655.0,-1762.0,,-38631.0,,,,,3681347.0,14041086.0,-10359739.0,1687012.0,,1875879819.0,,,530.37,100.0,unknown,QuantData PER_ONE_DOLLAR_MOVE; exact dollar/contract scaling unverified,QuantData
2026-08-17T14:40:00-04:00,2026-08-21,435.0,call,3467.0,-3388.0,,2793717.0,,,,,3681347.0,14041086.0,-10359739.0,1687012.0,,1875879819.0,,,530.37,100.0,unknown,QuantData PER_ONE_DOLLAR_MOVE; exact dollar/contract scaling unverified,QuantData
2026-08-17T14:40:00-04:00,2026-08-21,435.0,put,-12494.0,-13604.0,,-268119.0,,,,,3681347.0,14041086.0,-10359739.0,1687012.0,,1875879819.0,,,530.37,100.0,unknown,QuantData PER_ONE_DOLLAR_MOVE; exact dollar/contract scaling unverified,QuantData
2026-08-17T14:40:00-04:00,2026-08-21,437.5,call,1853.0,-1840.0,,1505703.0,,,,,3681347.0,14041086.0,-10359739.0,1687012.0,,1875879819.0,,,530.37,100.0,unknown,QuantData PER_ONE_DOLLAR_MOVE; exact dollar/contract scaling unverified,QuantData
2026-08-17T14:40:00-04:00,2026-08-21,437.5,put,-14764.0,-15151.0,,-348442.0,,,,,3681347.0,14041086.0,-10359739.0,1687012.0,,1875879819.0,,,530.37,100.0,unknown,QuantData PER_ONE_DOLLAR_MOVE; exact dollar/contract scaling unverified,QuantData
2026-08-17T14:40:00-04:00,2026-08-21,440.0,call,42483.0,-37720.0,,28152758.0,,,,,3681347.0,14041086.0,-10359739.0,1687012.0,,1875879819.0,,,530.37,100.0,unknown,QuantData PER_ONE_DOLLAR_MOVE; exact dollar/contract scaling unverified,QuantData
2026-08-17T14:40:00-04:00,2026-08-21,440.0,put,-55225.0,-54578.0,,-1309413.0,,,,,3681347.0,14041086.0,-10359739.0,1687012.0,,1875879819.0,,,530.37,100.0,unknown,QuantData PER_ONE_DOLLAR_MOVE; exact dollar/contract scaling unverified,QuantData
2026-08-17T14:40:00-04:00,2026-08-21,442.5,call,0.0,0.0,,3937392.0,,,,,3681347.0,14041086.0,-10359739.0,1687012.0,,1875879819.0,,,530.37,100.0,unknown,QuantData PER_ONE_DOLLAR_MOVE; exact dollar/contract scaling unverified,QuantData
2026-08-17T14:40:00-04:00,2026-08-21,442.5,put,-10412.0,-10572.0,,-244486.0,,,,,3681347.0,14041086.0,-10359739.0,1687012.0,,1875879819.0,,,530.37,100.0,unknown,QuantData PER_ONE_DOLLAR_MOVE; exact dollar/contract scaling unverified,QuantData
2026-08-17T14:40:00-04:00,2026-08-21,445.0,call,0.0,0.0,,8428272.0,,,,,3681347.0,14041086.0,-10359739.0,1687012.0,,1875879819.0,,,530.37,100.0,unknown,QuantData PER_ONE_DOLLAR_MOVE; exact dollar/contract scaling unverified,QuantData
2026-08-17T14:40:00-04:00,2026-08-21,445.0,put,-25578.0,-23961.0,,-638198.0,,,,,3681347.0,14041086.0,-10359739.0,1687012.0,,1875879819.0,,,530.37,100.0,unknown,QuantData PER_ONE_DOLLAR_MOVE; exact dollar/contract scaling unverified,QuantData
2026-08-17T14:40:00-04:00,2026-08-21,447.5,call,0.0,0.0,,1166176.0,,,,,3681347.0,14041086.0,-10359739.0,1687012.0,,1875879819.0,,,530.37,100.0,unknown,QuantData PER_ONE_DOLLAR_MOVE; exact dollar/contract scaling unverified,QuantData
2026-08-17T14:40:00-04:00,2026-08-21,447.5,put,-2121.0,-2020.0,,-59890.0,,,,,3681347.0,14041086.0,-10359739.0,1687012.0,,1875879819.0,,,530.37,100.0,unknown,QuantData PER_ONE_DOLLAR_MOVE; exact dollar/contract scaling unverified,QuantData
2026-08-17T14:40:00-04:00,2026-08-21,450.0,call,29181.0,-26852.0,,16368959.0,,,,,3681347.0,14041086.0,-10359739.0,1687012.0,,1875879819.0,,,530.37,100.0,unknown,QuantData PER_ONE_DOLLAR_MOVE; exact dollar/contract scaling unverified,QuantData
2026-08-17T14:40:00-04:00,2026-08-21,450.0,put,-259869.0,-242814.0,,-6148507.0,,,,,3681347.0,14041086.0,-10359739.0,1687012.0,,1875879819.0,,,530.37,100.0,unknown,QuantData PER_ONE_DOLLAR_MOVE; exact dollar/contract scaling unverified,QuantData
2026-08-17T14:40:00-04:00,2026-08-21,452.5,call,1631.0,-1539.0,,917532.0,,,,,3681347.0,14041086.0,-10359739.0,1687012.0,,1875879819.0,,,530.37,100.0,unknown,QuantData PER_ONE_DOLLAR_MOVE; exact dollar/contract scaling unverified,QuantData
2026-08-17T14:40:00-04:00,2026-08-21,452.5,put,-2708.0,-2440.0,,-68403.0,,,,,3681347.0,14041086.0,-10359739.0,1687012.0,,1875879819.0,,,530.37,100.0,unknown,QuantData PER_ONE_DOLLAR_MOVE; exact dollar/contract scaling unverified,QuantData
2026-08-17T14:40:00-04:00,2026-08-21,455.0,call,3937.0,-4123.0,,3007645.0,,,,,3681347.0,14041086.0,-10359739.0,1687012.0,,1875879819.0,,,530.37,100.0,unknown,QuantData PER_ONE_DOLLAR_MOVE; exact dollar/contract scaling unverified,QuantData
2026-08-17T14:40:00-04:00,2026-08-21,455.0,put,-12569.0,-10666.0,,-312398.0,,,,,3681347.0,14041086.0,-10359739.0,1687012.0,,1875879819.0,,,530.37,100.0,unknown,QuantData PER_ONE_DOLLAR_MOVE; exact dollar/contract scaling unverified,QuantData
2026-08-17T14:40:00-04:00,2026-08-21,457.5,call,2018.0,-1896.0,,1197755.0,,,,,3681347.0,14041086.0,-10359739.0,1687012.0,,1875879819.0,,,530.37,100.0,unknown,QuantData PER_ONE_DOLLAR_MOVE; exact dollar/contract scaling unverified,QuantData
2026-08-17T14:40:00-04:00,2026-08-21,457.5,put,-34835.0,-28859.0,,-880528.0,,,,,3681347.0,14041086.0,-10359739.0,1687012.0,,1875879819.0,,,530.37,100.0,unknown,QuantData PER_ONE_DOLLAR_MOVE; exact dollar/contract scaling unverified,QuantData
2026-08-17T14:40:00-04:00,2026-08-21,460.0,call,115849.0,-91416.0,,42928085.0,,,,,3681347.0,14041086.0,-10359739.0,1687012.0,,1875879819.0,,,530.37,100.0,unknown,QuantData PER_ONE_DOLLAR_MOVE; exact dollar/contract scaling unverified,QuantData
2026-08-17T14:40:00-04:00,2026-08-21,460.0,put,-192568.0,-157240.0,,-4913263.0,,,,,3681347.0,14041086.0,-10359739.0,1687012.0,,1875879819.0,,,530.37,100.0,unknown,QuantData PER_ONE_DOLLAR_MOVE; exact dollar/contract scaling unverified,QuantData
2026-08-17T14:40:00-04:00,2026-08-21,462.5,call,5588.0,-4168.0,,2246849.0,,,,,3681347.0,14041086.0,-10359739.0,1687012.0,,1875879819.0,,,530.37,100.0,unknown,QuantData PER_ONE_DOLLAR_MOVE; exact dollar/contract scaling unverified,QuantData
2026-08-17T14:40:00-04:00,2026-08-21,462.5,put,0.0,0.0,,0.0,,,,,3681347.0,14041086.0,-10359739.0,1687012.0,,1875879819.0,,,530.37,100.0,unknown,QuantData PER_ONE_DOLLAR_MOVE; exact dollar/contract scaling unverified,QuantData
2026-08-17T14:40:00-04:00,2026-08-21,465.0,call,4044.0,-2966.0,,1541839.0,,,,,3681347.0,14041086.0,-10359739.0,1687012.0,,1875879819.0,,,530.37,100.0,unknown,QuantData PER_ONE_DOLLAR_MOVE; exact dollar/contract scaling unverified,QuantData
2026-08-17T14:40:00-04:00,2026-08-21,465.0,put,-22369.0,-16127.0,,-596813.0,,,,,3681347.0,14041086.0,-10359739.0,1687012.0,,1875879819.0,,,530.37,100.0,unknown,QuantData PER_ONE_DOLLAR_MOVE; exact dollar/contract scaling unverified,QuantData
2026-08-17T14:40:00-04:00,2026-08-21,467.5,call,0.0,0.0,,0.0,,,,,3681347.0,14041086.0,-10359739.0,1687012.0,,1875879819.0,,,530.37,100.0,unknown,QuantData PER_ONE_DOLLAR_MOVE; exact dollar/contract scaling unverified,QuantData
2026-08-17T14:40:00-04:00,2026-08-21,467.5,put,-10066.0,-6999.0,,-272315.0,,,,,3681347.0,14041086.0,-10359739.0,1687012.0,,1875879819.0,,,530.37,100.0,unknown,QuantData PER_ONE_DOLLAR_MOVE; exact dollar/contract scaling unverified,QuantData
2026-08-17T14:40:00-04:00,2026-08-21,470.0,call,48919.0,-29383.0,,12204410.0,,,,,3681347.0,14041086.0,-10359739.0,1687012.0,,1875879819.0,,,530.37,100.0,unknown,QuantData PER_ONE_DOLLAR_MOVE; exact dollar/contract scaling unverified,QuantData
2026-08-17T14:40:00-04:00,2026-08-21,470.0,put,-113201.0,-79339.0,,-3124714.0,,,,,3681347.0,14041086.0,-10359739.0,1687012.0,,1875879819.0,,,530.37,100.0,unknown,QuantData PER_ONE_DOLLAR_MOVE; exact dollar/contract scaling unverified,QuantData
2026-08-17T14:40:00-04:00,2026-08-21,472.5,call,2308.0,-1780.0,,744379.0,,,,,3681347.0,14041086.0,-10359739.0,1687012.0,,1875879819.0,,,530.37,100.0,unknown,QuantData PER_ONE_DOLLAR_MOVE; exact dollar/contract scaling unverified,QuantData
2026-08-17T14:40:00-04:00,2026-08-21,472.5,put,-17055.0,-11173.0,,-491326.0,,,,,3681347.0,14041086.0,-10359739.0,1687012.0,,1875879819.0,,,530.37,100.0,unknown,QuantData PER_ONE_DOLLAR_MOVE; exact dollar/contract scaling unverified,QuantData
2026-08-17T14:40:00-04:00,2026-08-21,475.0,call,23186.0,-14780.0,,5216836.0,,,,,3681347.0,14041086.0,-10359739.0,1687012.0,,1875879819.0,,,530.37,100.0,unknown,QuantData PER_ONE_DOLLAR_MOVE; exact dollar/contract scaling unverified,QuantData
2026-08-17T14:40:00-04:00,2026-08-21,475.0,put,-41549.0,-27174.0,,-1179547.0,,,,,3681347.0,14041086.0,-10359739.0,1687012.0,,1875879819.0,,,530.37,100.0,unknown,QuantData PER_ONE_DOLLAR_MOVE; exact dollar/contract scaling unverified,QuantData
2026-08-17T14:40:00-04:00,2026-08-21,477.5,call,2753.0,-2155.0,,959959.0,,,,,3681347.0,14041086.0,-10359739.0,1687012.0,,1875879819.0,,,530.37,100.0,unknown,QuantData PER_ONE_DOLLAR_MOVE; exact dollar/contract scaling unverified,QuantData
2026-08-17T14:40:00-04:00,2026-08-21,477.5,put,-14766.0,-8638.0,,-446938.0,,,,,3681347.0,14041086.0,-10359739.0,1687012.0,,1875879819.0,,,530.37,100.0,unknown,QuantData PER_ONE_DOLLAR_MOVE; exact dollar/contract scaling unverified,QuantData
2026-08-17T14:40:00-04:00,2026-08-21,480.0,call,81611.0,-48030.0,,16203925.0,,,,,3681347.0,14041086.0,-10359739.0,1687012.0,,1875879819.0,,,530.37,100.0,unknown,QuantData PER_ONE_DOLLAR_MOVE; exact dollar/contract scaling unverified,QuantData
2026-08-17T14:40:00-04:00,2026-08-21,480.0,put,-101736.0,-60610.0,,-2974158.0,,,,,3681347.0,14041086.0,-10359739.0,1687012.0,,1875879819.0,,,530.37,100.0,unknown,QuantData PER_ONE_DOLLAR_MOVE; exact dollar/contract scaling unverified,QuantData
2026-08-17T14:40:00-04:00,2026-08-21,482.5,call,17748.0,-8334.0,,3003755.0,,,,,3681347.0,14041086.0,-10359739.0,1687012.0,,1875879819.0,,,530.37,100.0,unknown,QuantData PER_ONE_DOLLAR_MOVE; exact dollar/contract scaling unverified,QuantData
2026-08-17T14:40:00-04:00,2026-08-21,482.5,put,-1444.0,-810.0,,-43937.0,,,,,3681347.0,14041086.0,-10359739.0,1687012.0,,1875879819.0,,,530.37,100.0,unknown,QuantData PER_ONE_DOLLAR_MOVE; exact dollar/contract scaling unverified,QuantData
2026-08-17T14:40:00-04:00,2026-08-21,485.0,call,51478.0,-30654.0,,10594867.0,,,,,3681347.0,14041086.0,-10359739.0,1687012.0,,1875879819.0,,,530.37,100.0,unknown,QuantData PER_ONE_DOLLAR_MOVE; exact dollar/contract scaling unverified,QuantData
2026-08-17T14:40:00-04:00,2026-08-21,485.0,put,-23326.0,-12509.0,,-723879.0,,,,,3681347.0,14041086.0,-10359739.0,1687012.0,,1875879819.0,,,530.37,100.0,unknown,QuantData PER_ONE_DOLLAR_MOVE; exact dollar/contract scaling unverified,QuantData
2026-08-17T14:40:00-04:00,2026-08-21,487.5,call,27957.0,-30749.0,,13406215.0,,,,,3681347.0,14041086.0,-10359739.0,1687012.0,,1875879819.0,,,530.37,100.0,unknown,QuantData PER_ONE_DOLLAR_MOVE; exact dollar/contract scaling unverified,QuantData
2026-08-17T14:40:00-04:00,2026-08-21,487.5,put,-24652.0,-11942.0,,-803907.0,,,,,3681347.0,14041086.0,-10359739.0,1687012.0,,1875879819.0,,,530.37,100.0,unknown,QuantData PER_ONE_DOLLAR_MOVE; exact dollar/contract scaling unverified,QuantData
2026-08-17T14:40:00-04:00,2026-08-21,490.0,call,151681.0,-72357.0,,23466101.0,,,,,3681347.0,14041086.0,-10359739.0,1687012.0,,1875879819.0,,,530.37,100.0,unknown,QuantData PER_ONE_DOLLAR_MOVE; exact dollar/contract scaling unverified,QuantData
2026-08-17T14:40:00-04:00,2026-08-21,490.0,put,-124752.0,-60229.0,,-4031482.0,,,,,3681347.0,14041086.0,-10359739.0,1687012.0,,1875879819.0,,,530.37,100.0,unknown,QuantData PER_ONE_DOLLAR_MOVE; exact dollar/contract scaling unverified,QuantData
2026-08-17T14:40:00-04:00,2026-08-21,492.5,call,0.0,0.0,,0.0,,,,,3681347.0,14041086.0,-10359739.0,1687012.0,,1875879819.0,,,530.37,100.0,unknown,QuantData PER_ONE_DOLLAR_MOVE; exact dollar/contract scaling unverified,QuantData
2026-08-17T14:40:00-04:00,2026-08-21,492.5,put,0.0,0.0,,0.0,,,,,3681347.0,14041086.0,-10359739.0,1687012.0,,1875879819.0,,,530.37,100.0,unknown,QuantData PER_ONE_DOLLAR_MOVE; exact dollar/contract scaling unverified,QuantData
2026-08-17T14:40:00-04:00,2026-08-21,495.0,call,53324.0,-21753.0,,7152160.0,,,,,3681347.0,14041086.0,-10359739.0,1687012.0,,1875879819.0,,,530.37,100.0,unknown,QuantData PER_ONE_DOLLAR_MOVE; exact dollar/contract scaling unverified,QuantData
2026-08-17T14:40:00-04:00,2026-08-21,495.0,put,-35665.0,-14297.0,,-1250898.0,,,,,3681347.0,14041086.0,-10359739.0,1687012.0,,1875879819.0,,,530.37,100.0,unknown,QuantData PER_ONE_DOLLAR_MOVE; exact dollar/contract scaling unverified,QuantData
2026-08-17T14:40:00-04:00,2026-08-21,497.5,call,0.0,0.0,,0.0,,,,,3681347.0,14041086.0,-10359739.0,1687012.0,,1875879819.0,,,530.37,100.0,unknown,QuantData PER_ONE_DOLLAR_MOVE; exact dollar/contract scaling unverified,QuantData
2026-08-17T14:40:00-04:00,2026-08-21,497.5,put,-4936.0,-1638.0,,-182203.0,,,,,3681347.0,14041086.0,-10359739.0,1687012.0,,1875879819.0,,,530.37,100.0,unknown,QuantData PER_ONE_DOLLAR_MOVE; exact dollar/contract scaling unverified,QuantData
2026-08-17T14:40:00-04:00,2026-08-21,500.0,call,649279.0,-235476.0,,76645315.0,,,,,3681347.0,14041086.0,-10359739.0,1687012.0,,1875879819.0,,,530.37,100.0,unknown,QuantData PER_ONE_DOLLAR_MOVE; exact dollar/contract scaling unverified,QuantData
2026-08-17T14:40:00-04:00,2026-08-21,500.0,put,-1004503.0,-356198.0,,-36735994.0,,,,,3681347.0,14041086.0,-10359739.0,1687012.0,,1875879819.0,,,530.37,100.0,unknown,QuantData PER_ONE_DOLLAR_MOVE; exact dollar/contract scaling unverified,QuantData
2026-08-17T14:40:00-04:00,2026-08-21,505.0,call,70278.0,-20761.0,,7454058.0,,,,,3681347.0,14041086.0,-10359739.0,1687012.0,,1875879819.0,,,530.37,100.0,unknown,QuantData PER_ONE_DOLLAR_MOVE; exact dollar/contract scaling unverified,QuantData
2026-08-17T14:40:00-04:00,2026-08-21,505.0,put,-21659.0,-6364.0,,-846917.0,,,,,3681347.0,14041086.0,-10359739.0,1687012.0,,1875879819.0,,,530.37,100.0,unknown,QuantData PER_ONE_DOLLAR_MOVE; exact dollar/contract scaling unverified,QuantData
2026-08-17T14:40:00-04:00,2026-08-21,510.0,call,287315.0,-60555.0,,26091328.0,,,,,3681347.0,14041086.0,-10359739.0,1687012.0,,1875879819.0,,,530.37,100.0,unknown,QuantData PER_ONE_DOLLAR_MOVE; exact dollar/contract scaling unverified,QuantData
2026-08-17T14:40:00-04:00,2026-08-21,510.0,put,-158690.0,-36713.0,,-6612678.0,,,,,3681347.0,14041086.0,-10359739.0,1687012.0,,1875879819.0,,,530.37,100.0,unknown,QuantData PER_ONE_DOLLAR_MOVE; exact dollar/contract scaling unverified,QuantData
2026-08-17T14:40:00-04:00,2026-08-21,515.0,call,49230.0,-6853.0,,3908601.0,,,,,3681347.0,14041086.0,-10359739.0,1687012.0,,1875879819.0,,,530.37,100.0,unknown,QuantData PER_ONE_DOLLAR_MOVE; exact dollar/contract scaling unverified,QuantData
2026-08-17T14:40:00-04:00,2026-08-21,515.0,put,-58310.0,-9163.0,,-2622985.0,,,,,3681347.0,14041086.0,-10359739.0,1687012.0,,1875879819.0,,,530.37,100.0,unknown,QuantData PER_ONE_DOLLAR_MOVE; exact dollar/contract scaling unverified,QuantData
2026-08-17T14:40:00-04:00,2026-08-21,520.0,call,169614.0,-17744.0,,12752501.0,,,,,3681347.0,14041086.0,-10359739.0,1687012.0,,1875879819.0,,,530.37,100.0,unknown,QuantData PER_ONE_DOLLAR_MOVE; exact dollar/contract scaling unverified,QuantData
2026-08-17T14:40:00-04:00,2026-08-21,520.0,put,-82483.0,-5107.0,,-4189628.0,,,,,3681347.0,14041086.0,-10359739.0,1687012.0,,1875879819.0,,,530.37,100.0,unknown,QuantData PER_ONE_DOLLAR_MOVE; exact dollar/contract scaling unverified,QuantData
2026-08-17T14:40:00-04:00,2026-08-21,525.0,call,111968.0,-4950.0,,7570464.0,,,,,3681347.0,14041086.0,-10359739.0,1687012.0,,1875879819.0,,,530.37,100.0,unknown,QuantData PER_ONE_DOLLAR_MOVE; exact dollar/contract scaling unverified,QuantData
2026-08-17T14:40:00-04:00,2026-08-21,525.0,put,-110011.0,-4682.0,,-5717384.0,,,,,3681347.0,14041086.0,-10359739.0,1687012.0,,1875879819.0,,,530.37,100.0,unknown,QuantData PER_ONE_DOLLAR_MOVE; exact dollar/contract scaling unverified,QuantData
2026-08-17T14:40:00-04:00,2026-08-21,530.0,call,178011.0,1680.0,,11205760.0,,,,,3681347.0,14041086.0,-10359739.0,1687012.0,,1875879819.0,,,530.37,100.0,unknown,QuantData PER_ONE_DOLLAR_MOVE; exact dollar/contract scaling unverified,QuantData
2026-08-17T14:40:00-04:00,2026-08-21,530.0,put,-143757.0,2400.0,,-8063932.0,,,,,3681347.0,14041086.0,-10359739.0,1687012.0,,1875879819.0,,,530.37,100.0,unknown,QuantData PER_ONE_DOLLAR_MOVE; exact dollar/contract scaling unverified,QuantData
2026-08-17T14:40:00-04:00,2026-08-21,535.0,call,93183.0,6408.0,,5348689.0,,,,,3681347.0,14041086.0,-10359739.0,1687012.0,,1875879819.0,,,530.37,100.0,unknown,QuantData PER_ONE_DOLLAR_MOVE; exact dollar/contract scaling unverified,QuantData
2026-08-17T14:40:00-04:00,2026-08-21,535.0,put,-12547.0,860.0,,-762918.0,,,,,3681347.0,14041086.0,-10359739.0,1687012.0,,1875879819.0,,,530.37,100.0,unknown,QuantData PER_ONE_DOLLAR_MOVE; exact dollar/contract scaling unverified,QuantData
2026-08-17T14:40:00-04:00,2026-08-21,540.0,call,150385.0,19172.0,,8016216.0,,,,,3681347.0,14041086.0,-10359739.0,1687012.0,,1875879819.0,,,530.37,100.0,unknown,QuantData PER_ONE_DOLLAR_MOVE; exact dollar/contract scaling unverified,QuantData
2026-08-17T14:40:00-04:00,2026-08-21,540.0,put,-102953.0,14269.0,,-6947525.0,,,,,3681347.0,14041086.0,-10359739.0,1687012.0,,1875879819.0,,,530.37,100.0,unknown,QuantData PER_ONE_DOLLAR_MOVE; exact dollar/contract scaling unverified,QuantData
2026-08-17T14:40:00-04:00,2026-08-21,545.0,call,312727.0,57013.0,,15628206.0,,,,,3681347.0,14041086.0,-10359739.0,1687012.0,,1875879819.0,,,530.37,100.0,unknown,QuantData PER_ONE_DOLLAR_MOVE; exact dollar/contract scaling unverified,QuantData
2026-08-17T14:40:00-04:00,2026-08-21,545.0,put,-16082.0,2088.0,,-1097807.0,,,,,3681347.0,14041086.0,-10359739.0,1687012.0,,1875879819.0,,,530.37,100.0,unknown,QuantData PER_ONE_DOLLAR_MOVE; exact dollar/contract scaling unverified,QuantData
2026-08-17T14:40:00-04:00,2026-08-21,547.5,call,21286.0,4572.0,,1022400.0,,,,,3681347.0,14041086.0,-10359739.0,1687012.0,,1875879819.0,,,530.37,100.0,unknown,QuantData PER_ONE_DOLLAR_MOVE; exact dollar/contract scaling unverified,QuantData
2026-08-17T14:40:00-04:00,2026-08-21,547.5,put,-22322.0,5825.0,,-1839930.0,,,,,3681347.0,14041086.0,-10359739.0,1687012.0,,1875879819.0,,,530.37,100.0,unknown,QuantData PER_ONE_DOLLAR_MOVE; exact dollar/contract scaling unverified,QuantData
2026-08-17T14:40:00-04:00,2026-08-21,550.0,call,558740.0,135478.0,,25817355.0,,,,,3681347.0,14041086.0,-10359739.0,1687012.0,,1875879819.0,,,530.37,100.0,unknown,QuantData PER_ONE_DOLLAR_MOVE; exact dollar/contract scaling unverified,QuantData
2026-08-17T14:40:00-04:00,2026-08-21,550.0,put,0.0,0.0,,0.0,,,,,3681347.0,14041086.0,-10359739.0,1687012.0,,1875879819.0,,,530.37,100.0,unknown,QuantData PER_ONE_DOLLAR_MOVE; exact dollar/contract scaling unverified,QuantData
2026-08-17T14:40:00-04:00,2026-08-21,552.5,call,64209.0,17575.0,,2843023.0,,,,,3681347.0,14041086.0,-10359739.0,1687012.0,,1875879819.0,,,530.37,100.0,unknown,QuantData PER_ONE_DOLLAR_MOVE; exact dollar/contract scaling unverified,QuantData
2026-08-17T14:40:00-04:00,2026-08-21,552.5,put,-19929.0,5665.0,,-1747147.0,,,,,3681347.0,14041086.0,-10359739.0,1687012.0,,1875879819.0,,,530.37,100.0,unknown,QuantData PER_ONE_DOLLAR_MOVE; exact dollar/contract scaling unverified,QuantData
2026-08-17T14:40:00-04:00,2026-08-21,555.0,call,102953.0,30851.0,,4472898.0,,,,,3681347.0,14041086.0,-10359739.0,1687012.0,,1875879819.0,,,530.37,100.0,unknown,QuantData PER_ONE_DOLLAR_MOVE; exact dollar/contract scaling unverified,QuantData
2026-08-17T14:40:00-04:00,2026-08-21,555.0,put,-292558.0,68543.0,,-23412055.0,,,,,3681347.0,14041086.0,-10359739.0,1687012.0,,1875879819.0,,,530.37,100.0,unknown,QuantData PER_ONE_DOLLAR_MOVE; exact dollar/contract scaling unverified,QuantData
2026-08-17T14:40:00-04:00,2026-08-21,560.0,call,152288.0,54364.0,,6160174.0,,,,,3681347.0,14041086.0,-10359739.0,1687012.0,,1875879819.0,,,530.37,100.0,unknown,QuantData PER_ONE_DOLLAR_MOVE; exact dollar/contract scaling unverified,QuantData
2026-08-17T14:40:00-04:00,2026-08-21,560.0,put,-88603.0,34819.0,,-9486775.0,,,,,3681347.0,14041086.0,-10359739.0,1687012.0,,1875879819.0,,,530.37,100.0,unknown,QuantData PER_ONE_DOLLAR_MOVE; exact dollar/contract scaling unverified,QuantData
2026-08-17T14:40:00-04:00,2026-08-21,565.0,call,27486.0,11282.0,,1054305.0,,,,,3681347.0,14041086.0,-10359739.0,1687012.0,,1875879819.0,,,530.37,100.0,unknown,QuantData PER_ONE_DOLLAR_MOVE; exact dollar/contract scaling unverified,QuantData
2026-08-17T14:40:00-04:00,2026-08-21,565.0,put,0.0,0.0,,0.0,,,,,3681347.0,14041086.0,-10359739.0,1687012.0,,1875879819.0,,,530.37,100.0,unknown,QuantData PER_ONE_DOLLAR_MOVE; exact dollar/contract scaling unverified,QuantData
2026-08-17T14:40:00-04:00,2026-08-21,570.0,call,130583.0,64620.0,,4702937.0,,,,,3681347.0,14041086.0,-10359739.0,1687012.0,,1875879819.0,,,530.37,100.0,unknown,QuantData PER_ONE_DOLLAR_MOVE; exact dollar/contract scaling unverified,QuantData
2026-08-17T14:40:00-04:00,2026-08-21,570.0,put,-27576.0,12715.0,,-3408920.0,,,,,3681347.0,14041086.0,-10359739.0,1687012.0,,1875879819.0,,,530.37,100.0,unknown,QuantData PER_ONE_DOLLAR_MOVE; exact dollar/contract scaling unverified,QuantData
2026-08-17T14:40:00-04:00,2026-08-21,575.0,call,6758.0,3513.0,,236420.0,,,,,3681347.0,14041086.0,-10359739.0,1687012.0,,1875879819.0,,,530.37,100.0,unknown,QuantData PER_ONE_DOLLAR_MOVE; exact dollar/contract scaling unverified,QuantData
2026-08-17T14:40:00-04:00,2026-08-21,575.0,put,-9360.0,3950.0,,-1176450.0,,,,,3681347.0,14041086.0,-10359739.0,1687012.0,,1875879819.0,,,530.37,100.0,unknown,QuantData PER_ONE_DOLLAR_MOVE; exact dollar/contract scaling unverified,QuantData
2026-08-17T14:40:00-04:00,2026-08-21,580.0,call,68343.0,40269.0,,2213027.0,,,,,3681347.0,14041086.0,-10359739.0,1687012.0,,1875879819.0,,,530.37,100.0,unknown,QuantData PER_ONE_DOLLAR_MOVE; exact dollar/contract scaling unverified,QuantData
2026-08-17T14:40:00-04:00,2026-08-21,580.0,put,-130367.0,66101.0,,-17080979.0,,,,,3681347.0,14041086.0,-10359739.0,1687012.0,,1875879819.0,,,530.37,100.0,unknown,QuantData PER_ONE_DOLLAR_MOVE; exact dollar/contract scaling unverified,QuantData
2026-08-17T14:40:00-04:00,2026-08-21,585.0,call,19813.0,12585.0,,617000.0,,,,,3681347.0,14041086.0,-10359739.0,1687012.0,,1875879819.0,,,530.37,100.0,unknown,QuantData PER_ONE_DOLLAR_MOVE; exact dollar/contract scaling unverified,QuantData
2026-08-17T14:40:00-04:00,2026-08-21,585.0,put,0.0,0.0,,0.0,,,,,3681347.0,14041086.0,-10359739.0,1687012.0,,1875879819.0,,,530.37,100.0,unknown,QuantData PER_ONE_DOLLAR_MOVE; exact dollar/contract scaling unverified,QuantData
2026-08-17T14:40:00-04:00,2026-08-21,590.0,call,1121908.0,745972.0,,34325911.0,,,,,3681347.0,14041086.0,-10359739.0,1687012.0,,1875879819.0,,,530.37,100.0,unknown,QuantData PER_ONE_DOLLAR_MOVE; exact dollar/contract scaling unverified,QuantData
2026-08-17T14:40:00-04:00,2026-08-21,590.0,put,-22557.0,12104.0,,-3386905.0,,,,,3681347.0,14041086.0,-10359739.0,1687012.0,,1875879819.0,,,530.37,100.0,unknown,QuantData PER_ONE_DOLLAR_MOVE; exact dollar/contract scaling unverified,QuantData
2026-08-17T14:40:00-04:00,2026-08-21,595.0,call,28418.0,21055.0,,830592.0,,,,,3681347.0,14041086.0,-10359739.0,1687012.0,,1875879819.0,,,530.37,100.0,unknown,QuantData PER_ONE_DOLLAR_MOVE; exact dollar/contract scaling unverified,QuantData
2026-08-17T14:40:00-04:00,2026-08-21,595.0,put,0.0,0.0,,0.0,,,,,3681347.0,14041086.0,-10359739.0,1687012.0,,1875879819.0,,,530.37,100.0,unknown,QuantData PER_ONE_DOLLAR_MOVE; exact dollar/contract scaling unverified,QuantData
2026-08-17T14:40:00-04:00,2026-08-21,600.0,call,366004.0,278331.0,,10383529.0,,,,,3681347.0,14041086.0,-10359739.0,1687012.0,,1875879819.0,,,530.37,100.0,unknown,QuantData PER_ONE_DOLLAR_MOVE; exact dollar/contract scaling unverified,QuantData
2026-08-17T14:40:00-04:00,2026-08-21,600.0,put,-46156.0,32324.0,,-9522878.0,,,,,3681347.0,14041086.0,-10359739.0,1687012.0,,1875879819.0,,,530.37,100.0,unknown,QuantData PER_ONE_DOLLAR_MOVE; exact dollar/contract scaling unverified,QuantData
2026-08-17T14:40:00-04:00,2026-08-21,605.0,call,53103.0,42776.0,,1464166.0,,,,,3681347.0,14041086.0,-10359739.0,1687012.0,,1875879819.0,,,530.37,100.0,unknown,QuantData PER_ONE_DOLLAR_MOVE; exact dollar/contract scaling unverified,QuantData
2026-08-17T14:40:00-04:00,2026-08-21,605.0,put,0.0,0.0,,0.0,,,,,3681347.0,14041086.0,-10359739.0,1687012.0,,1875879819.0,,,530.37,100.0,unknown,QuantData PER_ONE_DOLLAR_MOVE; exact dollar/contract scaling unverified,QuantData
2026-08-17T14:40:00-04:00,2026-08-21,610.0,call,133173.0,117177.0,,3498581.0,,,,,3681347.0,14041086.0,-10359739.0,1687012.0,,1875879819.0,,,530.37,100.0,unknown,QuantData PER_ONE_DOLLAR_MOVE; exact dollar/contract scaling unverified,QuantData
2026-08-17T14:40:00-04:00,2026-08-21,610.0,put,-4101.0,2714.0,,-909953.0,,,,,3681347.0,14041086.0,-10359739.0,1687012.0,,1875879819.0,,,530.37,100.0,unknown,QuantData PER_ONE_DOLLAR_MOVE; exact dollar/contract scaling unverified,QuantData
2026-08-17T14:40:00-04:00,2026-08-21,620.0,call,113425.0,108025.0,,2788793.0,,,,,3681347.0,14041086.0,-10359739.0,1687012.0,,1875879819.0,,,530.37,100.0,unknown,QuantData PER_ONE_DOLLAR_MOVE; exact dollar/contract scaling unverified,QuantData
2026-08-17T14:40:00-04:00,2026-08-21,620.0,put,0.0,0.0,,0.0,,,,,3681347.0,14041086.0,-10359739.0,1687012.0,,1875879819.0,,,530.37,100.0,unknown,QuantData PER_ONE_DOLLAR_MOVE; exact dollar/contract scaling unverified,QuantData
2026-08-17T14:40:00-04:00,2026-08-21,630.0,call,80610.0,82643.0,,1969578.0,,,,,3681347.0,14041086.0,-10359739.0,1687012.0,,1875879819.0,,,530.37,100.0,unknown,QuantData PER_ONE_DOLLAR_MOVE; exact dollar/contract scaling unverified,QuantData
2026-08-17T14:40:00-04:00,2026-08-21,630.0,put,0.0,0.0,,0.0,,,,,3681347.0,14041086.0,-10359739.0,1687012.0,,1875879819.0,,,530.37,100.0,unknown,QuantData PER_ONE_DOLLAR_MOVE; exact dollar/contract scaling unverified,QuantData
2026-08-17T14:40:00-04:00,2026-08-21,640.0,call,191462.0,207949.0,,4541784.0,,,,,3681347.0,14041086.0,-10359739.0,1687012.0,,1875879819.0,,,530.37,100.0,unknown,QuantData PER_ONE_DOLLAR_MOVE; exact dollar/contract scaling unverified,QuantData
2026-08-17T14:40:00-04:00,2026-08-21,640.0,put,-248.0,224.0,,-99512.0,,,,,3681347.0,14041086.0,-10359739.0,1687012.0,,1875879819.0,,,530.37,100.0,unknown,QuantData PER_ONE_DOLLAR_MOVE; exact dollar/contract scaling unverified,QuantData
2026-08-17T14:40:00-04:00,2026-08-21,650.0,call,25694.0,31259.0,,535873.0,,,,,3681347.0,14041086.0,-10359739.0,1687012.0,,1875879819.0,,,530.37,100.0,unknown,QuantData PER_ONE_DOLLAR_MOVE; exact dollar/contract scaling unverified,QuantData
2026-08-17T14:40:00-04:00,2026-08-21,650.0,put,0.0,0.0,,0.0,,,,,3681347.0,14041086.0,-10359739.0,1687012.0,,1875879819.0,,,530.37,100.0,unknown,QuantData PER_ONE_DOLLAR_MOVE; exact dollar/contract scaling unverified,QuantData
2026-08-17T14:40:00-04:00,2026-08-21,660.0,call,12157.0,15303.0,,260131.0,,,,,3681347.0,14041086.0,-10359739.0,1687012.0,,1875879819.0,,,530.37,100.0,unknown,QuantData PER_ONE_DOLLAR_MOVE; exact dollar/contract scaling unverified,QuantData
2026-08-17T14:40:00-04:00,2026-08-21,660.0,put,0.0,0.0,,0.0,,,,,3681347.0,14041086.0,-10359739.0,1687012.0,,1875879819.0,,,530.37,100.0,unknown,QuantData PER_ONE_DOLLAR_MOVE; exact dollar/contract scaling unverified,QuantData
2026-08-17T14:40:00-04:00,2026-08-21,670.0,call,9656.0,12848.0,,196852.0,,,,,3681347.0,14041086.0,-10359739.0,1687012.0,,1875879819.0,,,530.37,100.0,unknown,QuantData PER_ONE_DOLLAR_MOVE; exact dollar/contract scaling unverified,QuantData
2026-08-17T14:40:00-04:00,2026-08-21,670.0,put,0.0,0.0,,0.0,,,,,3681347.0,14041086.0,-10359739.0,1687012.0,,1875879819.0,,,530.37,100.0,unknown,QuantData PER_ONE_DOLLAR_MOVE; exact dollar/contract scaling unverified,QuantData
2026-08-17T14:40:00-04:00,2026-08-21,680.0,call,6608.0,8703.0,,147867.0,,,,,3681347.0,14041086.0,-10359739.0,1687012.0,,1875879819.0,,,530.37,100.0,unknown,QuantData PER_ONE_DOLLAR_MOVE; exact dollar/contract scaling unverified,QuantData
2026-08-17T14:40:00-04:00,2026-08-21,680.0,put,0.0,0.0,,0.0,,,,,3681347.0,14041086.0,-10359739.0,1687012.0,,1875879819.0,,,530.37,100.0,unknown,QuantData PER_ONE_DOLLAR_MOVE; exact dollar/contract scaling unverified,QuantData
2026-08-17T14:40:00-04:00,2026-08-21,690.0,call,79543.0,114682.0,,1594854.0,,,,,3681347.0,14041086.0,-10359739.0,1687012.0,,1875879819.0,,,530.37,100.0,unknown,QuantData PER_ONE_DOLLAR_MOVE; exact dollar/contract scaling unverified,QuantData
2026-08-17T14:40:00-04:00,2026-08-21,690.0,put,0.0,0.0,,0.0,,,,,3681347.0,14041086.0,-10359739.0,1687012.0,,1875879819.0,,,530.37,100.0,unknown,QuantData PER_ONE_DOLLAR_MOVE; exact dollar/contract scaling unverified,QuantData
2026-08-17T14:40:00-04:00,2026-08-21,700.0,call,34643.0,50846.0,,707090.0,,,,,3681347.0,14041086.0,-10359739.0,1687012.0,,1875879819.0,,,530.37,100.0,unknown,QuantData PER_ONE_DOLLAR_MOVE; exact dollar/contract scaling unverified,QuantData
2026-08-17T14:40:00-04:00,2026-08-21,700.0,put,0.0,0.0,,0.0,,,,,3681347.0,14041086.0,-10359739.0,1687012.0,,1875879819.0,,,530.37,100.0,unknown,QuantData PER_ONE_DOLLAR_MOVE; exact dollar/contract scaling unverified,QuantData
2026-08-17T14:40:00-04:00,2026-08-21,710.0,call,6256.0,9667.0,,122605.0,,,,,3681347.0,14041086.0,-10359739.0,1687012.0,,1875879819.0,,,530.37,100.0,unknown,QuantData PER_ONE_DOLLAR_MOVE; exact dollar/contract scaling unverified,QuantData
2026-08-17T14:40:00-04:00,2026-08-21,710.0,put,0.0,0.0,,0.0,,,,,3681347.0,14041086.0,-10359739.0,1687012.0,,1875879819.0,,,530.37,100.0,unknown,QuantData PER_ONE_DOLLAR_MOVE; exact dollar/contract scaling unverified,QuantData
2026-08-17T14:40:00-04:00,2026-08-21,720.0,call,7398.0,10928.0,,165832.0,,,,,3681347.0,14041086.0,-10359739.0,1687012.0,,1875879819.0,,,530.37,100.0,unknown,QuantData PER_ONE_DOLLAR_MOVE; exact dollar/contract scaling unverified,QuantData
2026-08-17T14:40:00-04:00,2026-08-21,720.0,put,0.0,0.0,,0.0,,,,,3681347.0,14041086.0,-10359739.0,1687012.0,,1875879819.0,,,530.37,100.0,unknown,QuantData PER_ONE_DOLLAR_MOVE; exact dollar/contract scaling unverified,QuantData
2026-08-17T14:40:00-04:00,2026-08-21,730.0,call,858.0,1357.0,,17755.0,,,,,3681347.0,14041086.0,-10359739.0,1687012.0,,1875879819.0,,,530.37,100.0,unknown,QuantData PER_ONE_DOLLAR_MOVE; exact dollar/contract scaling unverified,QuantData
2026-08-17T14:40:00-04:00,2026-08-21,730.0,put,0.0,0.0,,0.0,,,,,3681347.0,14041086.0,-10359739.0,1687012.0,,1875879819.0,,,530.37,100.0,unknown,QuantData PER_ONE_DOLLAR_MOVE; exact dollar/contract scaling unverified,QuantData
2026-08-17T14:40:00-04:00,2026-08-21,740.0,call,3335.0,5277.0,,73726.0,,,,,3681347.0,14041086.0,-10359739.0,1687012.0,,1875879819.0,,,530.37,100.0,unknown,QuantData PER_ONE_DOLLAR_MOVE; exact dollar/contract scaling unverified,QuantData
2026-08-17T14:40:00-04:00,2026-08-21,740.0,put,0.0,0.0,,0.0,,,,,3681347.0,14041086.0,-10359739.0,1687012.0,,1875879819.0,,,530.37,100.0,unknown,QuantData PER_ONE_DOLLAR_MOVE; exact dollar/contract scaling unverified,QuantData
2026-08-17T14:40:00-04:00,2026-08-21,750.0,call,6840.0,11376.0,,138857.0,,,,,3681347.0,14041086.0,-10359739.0,1687012.0,,1875879819.0,,,530.37,100.0,unknown,QuantData PER_ONE_DOLLAR_MOVE; exact dollar/contract scaling unverified,QuantData
2026-08-17T14:40:00-04:00,2026-08-21,750.0,put,0.0,0.0,,0.0,,,,,3681347.0,14041086.0,-10359739.0,1687012.0,,1875879819.0,,,530.37,100.0,unknown,QuantData PER_ONE_DOLLAR_MOVE; exact dollar/contract scaling unverified,QuantData
2026-08-17T14:40:00-04:00,2026-08-21,770.0,call,4795.0,8269.0,,100250.0,,,,,3681347.0,14041086.0,-10359739.0,1687012.0,,1875879819.0,,,530.37,100.0,unknown,QuantData PER_ONE_DOLLAR_MOVE; exact dollar/contract scaling unverified,QuantData
2026-08-17T14:40:00-04:00,2026-08-21,770.0,put,0.0,0.0,,0.0,,,,,3681347.0,14041086.0,-10359739.0,1687012.0,,1875879819.0,,,530.37,100.0,unknown,QuantData PER_ONE_DOLLAR_MOVE; exact dollar/contract scaling unverified,QuantData
2026-08-17T14:40:00-04:00,2026-08-21,780.0,call,876.0,1555.0,,17989.0,,,,,3681347.0,14041086.0,-10359739.0,1687012.0,,1875879819.0,,,530.37,100.0,unknown,QuantData PER_ONE_DOLLAR_MOVE; exact dollar/contract scaling unverified,QuantData
2026-08-17T14:40:00-04:00,2026-08-21,780.0,put,0.0,0.0,,0.0,,,,,3681347.0,14041086.0,-10359739.0,1687012.0,,1875879819.0,,,530.37,100.0,unknown,QuantData PER_ONE_DOLLAR_MOVE; exact dollar/contract scaling unverified,QuantData
2026-08-17T14:40:00-04:00,2026-08-21,790.0,call,541.0,909.0,,12626.0,,,,,3681347.0,14041086.0,-10359739.0,1687012.0,,1875879819.0,,,530.37,100.0,unknown,QuantData PER_ONE_DOLLAR_MOVE; exact dollar/contract scaling unverified,QuantData
2026-08-17T14:40:00-04:00,2026-08-21,790.0,put,0.0,0.0,,0.0,,,,,3681347.0,14041086.0,-10359739.0,1687012.0,,1875879819.0,,,530.37,100.0,unknown,QuantData PER_ONE_DOLLAR_MOVE; exact dollar/contract scaling unverified,QuantData
2026-08-17T14:40:00-04:00,2026-08-21,800.0,call,5234.0,9154.0,,115884.0,,,,,3681347.0,14041086.0,-10359739.0,1687012.0,,1875879819.0,,,530.37,100.0,unknown,QuantData PER_ONE_DOLLAR_MOVE; exact dollar/contract scaling unverified,QuantData
2026-08-17T14:40:00-04:00,2026-08-21,800.0,put,0.0,0.0,,0.0,,,,,3681347.0,14041086.0,-10359739.0,1687012.0,,1875879819.0,,,530.37,100.0,unknown,QuantData PER_ONE_DOLLAR_MOVE; exact dollar/contract scaling unverified,QuantData
2026-08-17T14:40:00-04:00,2026-08-21,810.0,call,5461.0,8783.0,,145944.0,,,,,3681347.0,14041086.0,-10359739.0,1687012.0,,1875879819.0,,,530.37,100.0,unknown,QuantData PER_ONE_DOLLAR_MOVE; exact dollar/contract scaling unverified,QuantData
2026-08-17T14:40:00-04:00,2026-08-21,810.0,put,0.0,0.0,,0.0,,,,,3681347.0,14041086.0,-10359739.0,1687012.0,,1875879819.0,,,530.37,100.0,unknown,QuantData PER_ONE_DOLLAR_MOVE; exact dollar/contract scaling unverified,QuantData
2026-08-17T14:40:00-04:00,2026-08-21,820.0,call,3725.0,6462.0,,93055.0,,,,,3681347.0,14041086.0,-10359739.0,1687012.0,,1875879819.0,,,530.37,100.0,unknown,QuantData PER_ONE_DOLLAR_MOVE; exact dollar/contract scaling unverified,QuantData
2026-08-17T14:40:00-04:00,2026-08-21,820.0,put,0.0,0.0,,0.0,,,,,3681347.0,14041086.0,-10359739.0,1687012.0,,1875879819.0,,,530.37,100.0,unknown,QuantData PER_ONE_DOLLAR_MOVE; exact dollar/contract scaling unverified,QuantData
2026-08-17T14:40:00-04:00,2026-08-21,830.0,call,3353.0,5851.0,,84399.0,,,,,3681347.0,14041086.0,-10359739.0,1687012.0,,1875879819.0,,,530.37,100.0,unknown,QuantData PER_ONE_DOLLAR_MOVE; exact dollar/contract scaling unverified,QuantData
2026-08-17T14:40:00-04:00,2026-08-21,830.0,put,0.0,0.0,,0.0,,,,,3681347.0,14041086.0,-10359739.0,1687012.0,,1875879819.0,,,530.37,100.0,unknown,QuantData PER_ONE_DOLLAR_MOVE; exact dollar/contract scaling unverified,QuantData
2026-08-17T14:40:00-04:00,2026-08-21,840.0,call,3663.0,5856.0,,111743.0,,,,,3681347.0,14041086.0,-10359739.0,1687012.0,,1875879819.0,,,530.37,100.0,unknown,QuantData PER_ONE_DOLLAR_MOVE; exact dollar/contract scaling unverified,QuantData
2026-08-17T14:40:00-04:00,2026-08-21,840.0,put,0.0,0.0,,0.0,,,,,3681347.0,14041086.0,-10359739.0,1687012.0,,1875879819.0,,,530.37,100.0,unknown,QuantData PER_ONE_DOLLAR_MOVE; exact dollar/contract scaling unverified,QuantData
2026-08-17T14:40:00-04:00,2026-08-21,850.0,call,2219.0,4190.0,,50893.0,,,,,3681347.0,14041086.0,-10359739.0,1687012.0,,1875879819.0,,,530.37,100.0,unknown,QuantData PER_ONE_DOLLAR_MOVE; exact dollar/contract scaling unverified,QuantData
2026-08-17T14:40:00-04:00,2026-08-21,850.0,put,0.0,0.0,,0.0,,,,,3681347.0,14041086.0,-10359739.0,1687012.0,,1875879819.0,,,530.37,100.0,unknown,QuantData PER_ONE_DOLLAR_MOVE; exact dollar/contract scaling unverified,QuantData
2026-08-17T14:40:00-04:00,2026-08-21,860.0,call,951.0,1452.0,,34511.0,,,,,3681347.0,14041086.0,-10359739.0,1687012.0,,1875879819.0,,,530.37,100.0,unknown,QuantData PER_ONE_DOLLAR_MOVE; exact dollar/contract scaling unverified,QuantData
2026-08-17T14:40:00-04:00,2026-08-21,860.0,put,0.0,0.0,,0.0,,,,,3681347.0,14041086.0,-10359739.0,1687012.0,,1875879819.0,,,530.37,100.0,unknown,QuantData PER_ONE_DOLLAR_MOVE; exact dollar/contract scaling unverified,QuantData
2026-08-17T14:40:00-04:00,2026-08-21,870.0,call,929.0,1774.0,,22053.0,,,,,3681347.0,14041086.0,-10359739.0,1687012.0,,1875879819.0,,,530.37,100.0,unknown,QuantData PER_ONE_DOLLAR_MOVE; exact dollar/contract scaling unverified,QuantData
2026-08-17T14:40:00-04:00,2026-08-21,870.0,put,0.0,0.0,,0.0,,,,,3681347.0,14041086.0,-10359739.0,1687012.0,,1875879819.0,,,530.37,100.0,unknown,QuantData PER_ONE_DOLLAR_MOVE; exact dollar/contract scaling unverified,QuantData
2026-08-17T14:40:00-04:00,2026-08-21,880.0,call,300.0,533.0,,8231.0,,,,,3681347.0,14041086.0,-10359739.0,1687012.0,,1875879819.0,,,530.37,100.0,unknown,QuantData PER_ONE_DOLLAR_MOVE; exact dollar/contract scaling unverified,QuantData
2026-08-17T14:40:00-04:00,2026-08-21,880.0,put,0.0,0.0,,0.0,,,,,3681347.0,14041086.0,-10359739.0,1687012.0,,1875879819.0,,,530.37,100.0,unknown,QuantData PER_ONE_DOLLAR_MOVE; exact dollar/contract scaling unverified,QuantData
2026-08-17T14:40:00-04:00,2026-08-21,890.0,call,381.0,757.0,,8635.0,,,,,3681347.0,14041086.0,-10359739.0,1687012.0,,1875879819.0,,,530.37,100.0,unknown,QuantData PER_ONE_DOLLAR_MOVE; exact dollar/contract scaling unverified,QuantData
2026-08-17T14:40:00-04:00,2026-08-21,890.0,put,0.0,0.0,,0.0,,,,,3681347.0,14041086.0,-10359739.0,1687012.0,,1875879819.0,,,530.37,100.0,unknown,QuantData PER_ONE_DOLLAR_MOVE; exact dollar/contract scaling unverified,QuantData
2026-08-17T14:40:00-04:00,2026-08-21,900.0,call,399.0,795.0,,9195.0,,,,,3681347.0,14041086.0,-10359739.0,1687012.0,,1875879819.0,,,530.37,100.0,unknown,QuantData PER_ONE_DOLLAR_MOVE; exact dollar/contract scaling unverified,QuantData
2026-08-17T14:40:00-04:00,2026-08-21,900.0,put,0.0,0.0,,0.0,,,,,3681347.0,14041086.0,-10359739.0,1687012.0,,1875879819.0,,,530.37,100.0,unknown,QuantData PER_ONE_DOLLAR_MOVE; exact dollar/contract scaling unverified,QuantData
2026-08-17T14:40:00-04:00,2026-08-21,910.0,call,15671.0,18852.0,,1055771.0,,,,,3681347.0,14041086.0,-10359739.0,1687012.0,,1875879819.0,,,530.37,100.0,unknown,QuantData PER_ONE_DOLLAR_MOVE; exact dollar/contract scaling unverified,QuantData
2026-08-17T14:40:00-04:00,2026-08-21,910.0,put,0.0,0.0,,0.0,,,,,3681347.0,14041086.0,-10359739.0,1687012.0,,1875879819.0,,,530.37,100.0,unknown,QuantData PER_ONE_DOLLAR_MOVE; exact dollar/contract scaling unverified,QuantData
2026-08-17T14:40:00-04:00,2026-08-21,920.0,call,962.0,1586.0,,34817.0,,,,,3681347.0,14041086.0,-10359739.0,1687012.0,,1875879819.0,,,530.37,100.0,unknown,QuantData PER_ONE_DOLLAR_MOVE; exact dollar/contract scaling unverified,QuantData
2026-08-17T14:40:00-04:00,2026-08-21,920.0,put,0.0,0.0,,0.0,,,,,3681347.0,14041086.0,-10359739.0,1687012.0,,1875879819.0,,,530.37,100.0,unknown,QuantData PER_ONE_DOLLAR_MOVE; exact dollar/contract scaling unverified,QuantData
2026-08-17T14:40:00-04:00,2026-08-21,930.0,call,1676.0,2178.0,,100868.0,,,,,3681347.0,14041086.0,-10359739.0,1687012.0,,1875879819.0,,,530.37,100.0,unknown,QuantData PER_ONE_DOLLAR_MOVE; exact dollar/contract scaling unverified,QuantData
2026-08-17T14:40:00-04:00,2026-08-21,930.0,put,0.0,0.0,,0.0,,,,,3681347.0,14041086.0,-10359739.0,1687012.0,,1875879819.0,,,530.37,100.0,unknown,QuantData PER_ONE_DOLLAR_MOVE; exact dollar/contract scaling unverified,QuantData
2026-08-17T14:40:00-04:00,2026-08-21,940.0,call,837.0,1093.0,,51107.0,,,,,3681347.0,14041086.0,-10359739.0,1687012.0,,1875879819.0,,,530.37,100.0,unknown,QuantData PER_ONE_DOLLAR_MOVE; exact dollar/contract scaling unverified,QuantData
2026-08-17T14:40:00-04:00,2026-08-21,940.0,put,0.0,0.0,,0.0,,,,,3681347.0,14041086.0,-10359739.0,1687012.0,,1875879819.0,,,530.37,100.0,unknown,QuantData PER_ONE_DOLLAR_MOVE; exact dollar/contract scaling unverified,QuantData
2026-08-17T14:40:00-04:00,2026-08-21,950.0,call,628.0,1054.0,,23438.0,,,,,3681347.0,14041086.0,-10359739.0,1687012.0,,1875879819.0,,,530.37,100.0,unknown,QuantData PER_ONE_DOLLAR_MOVE; exact dollar/contract scaling unverified,QuantData
2026-08-17T14:40:00-04:00,2026-08-21,950.0,put,0.0,0.0,,0.0,,,,,3681347.0,14041086.0,-10359739.0,1687012.0,,1875879819.0,,,530.37,100.0,unknown,QuantData PER_ONE_DOLLAR_MOVE; exact dollar/contract scaling unverified,QuantData
2026-08-17T14:40:00-04:00,2026-08-21,960.0,call,809.0,1455.0,,26759.0,,,,,3681347.0,14041086.0,-10359739.0,1687012.0,,1875879819.0,,,530.37,100.0,unknown,QuantData PER_ONE_DOLLAR_MOVE; exact dollar/contract scaling unverified,QuantData
2026-08-17T14:40:00-04:00,2026-08-21,960.0,put,0.0,0.0,,0.0,,,,,3681347.0,14041086.0,-10359739.0,1687012.0,,1875879819.0,,,530.37,100.0,unknown,QuantData PER_ONE_DOLLAR_MOVE; exact dollar/contract scaling unverified,QuantData
2026-08-17T14:40:00-04:00,2026-08-21,980.0,call,263.0,545.0,,6830.0,,,,,3681347.0,14041086.0,-10359739.0,1687012.0,,1875879819.0,,,530.37,100.0,unknown,QuantData PER_ONE_DOLLAR_MOVE; exact dollar/contract scaling unverified,QuantData
2026-08-17T14:40:00-04:00,2026-08-21,980.0,put,0.0,0.0,,0.0,,,,,3681347.0,14041086.0,-10359739.0,1687012.0,,1875879819.0,,,530.37,100.0,unknown,QuantData PER_ONE_DOLLAR_MOVE; exact dollar/contract scaling unverified,QuantData
2026-08-17T14:40:00-04:00,2026-08-21,990.0,call,125.0,228.0,,4097.0,,,,,3681347.0,14041086.0,-10359739.0,1687012.0,,1875879819.0,,,530.37,100.0,unknown,QuantData PER_ONE_DOLLAR_MOVE; exact dollar/contract scaling unverified,QuantData
2026-08-17T14:40:00-04:00,2026-08-21,990.0,put,0.0,0.0,,0.0,,,,,3681347.0,14041086.0,-10359739.0,1687012.0,,1875879819.0,,,530.37,100.0,unknown,QuantData PER_ONE_DOLLAR_MOVE; exact dollar/contract scaling unverified,QuantData
2026-08-17T14:40:00-04:00,2026-08-21,1000.0,call,696.0,1442.0,,18633.0,,,,,3681347.0,14041086.0,-10359739.0,1687012.0,,1875879819.0,,,530.37,100.0,unknown,QuantData PER_ONE_DOLLAR_MOVE; exact dollar/contract scaling unverified,QuantData
2026-08-17T14:40:00-04:00,2026-08-21,1000.0,put,0.0,0.0,,0.0,,,,,3681347.0,14041086.0,-10359739.0,1687012.0,,1875879819.0,,,530.37,100.0,unknown,QuantData PER_ONE_DOLLAR_MOVE; exact dollar/contract scaling unverified,QuantData
2026-08-17T14:40:00-04:00,2026-08-21,1040.0,call,193.0,355.0,,6708.0,,,,,3681347.0,14041086.0,-10359739.0,1687012.0,,1875879819.0,,,530.37,100.0,unknown,QuantData PER_ONE_DOLLAR_MOVE; exact dollar/contract scaling unverified,QuantData
2026-08-17T14:40:00-04:00,2026-08-21,1040.0,put,0.0,0.0,,0.0,,,,,3681347.0,14041086.0,-10359739.0,1687012.0,,1875879819.0,,,530.37,100.0,unknown,QuantData PER_ONE_DOLLAR_MOVE; exact dollar/contract scaling unverified,QuantData
2026-08-17T14:40:00-04:00,2026-08-21,1060.0,call,23.0,42.0,,817.0,,,,,3681347.0,14041086.0,-10359739.0,1687012.0,,1875879819.0,,,530.37,100.0,unknown,QuantData PER_ONE_DOLLAR_MOVE; exact dollar/contract scaling unverified,QuantData
2026-08-17T14:40:00-04:00,2026-08-21,1060.0,put,0.0,0.0,,0.0,,,,,3681347.0,14041086.0,-10359739.0,1687012.0,,1875879819.0,,,530.37,100.0,unknown,QuantData PER_ONE_DOLLAR_MOVE; exact dollar/contract scaling unverified,QuantData
2026-08-17T14:40:00-04:00,2026-08-21,1080.0,call,20.0,37.0,,733.0,,,,,3681347.0,14041086.0,-10359739.0,1687012.0,,1875879819.0,,,530.37,100.0,unknown,QuantData PER_ONE_DOLLAR_MOVE; exact dollar/contract scaling unverified,QuantData
2026-08-17T14:40:00-04:00,2026-08-21,1080.0,put,0.0,0.0,,0.0,,,,,3681347.0,14041086.0,-10359739.0,1687012.0,,1875879819.0,,,530.37,100.0,unknown,QuantData PER_ONE_DOLLAR_MOVE; exact dollar/contract scaling unverified,QuantData
2026-08-17T14:40:00-04:00,2026-08-21,1100.0,call,288.0,517.0,,12166.0,,,,,3681347.0,14041086.0,-10359739.0,1687012.0,,1875879819.0,,,530.37,100.0,unknown,QuantData PER_ONE_DOLLAR_MOVE; exact dollar/contract scaling unverified,QuantData
2026-08-17T14:40:00-04:00,2026-08-21,1100.0,put,0.0,0.0,,0.0,,,,,3681347.0,14041086.0,-10359739.0,1687012.0,,1875879819.0,,,530.37,100.0,unknown,QuantData PER_ONE_DOLLAR_MOVE; exact dollar/contract scaling unverified,QuantData
2026-08-17T14:40:00-04:00,2026-08-21,1120.0,call,150.0,280.0,,5696.0,,,,,3681347.0,14041086.0,-10359739.0,1687012.0,,1875879819.0,,,530.37,100.0,unknown,QuantData PER_ONE_DOLLAR_MOVE; exact dollar/contract scaling unverified,QuantData
2026-08-17T14:40:00-04:00,2026-08-21,1120.0,put,0.0,0.0,,0.0,,,,,3681347.0,14041086.0,-10359739.0,1687012.0,,1875879819.0,,,530.37,100.0,unknown,QuantData PER_ONE_DOLLAR_MOVE; exact dollar/contract scaling unverified,QuantData
2026-08-17T14:40:00-04:00,2026-08-21,1140.0,call,57.0,116.0,,1987.0,,,,,3681347.0,14041086.0,-10359739.0,1687012.0,,1875879819.0,,,530.37,100.0,unknown,QuantData PER_ONE_DOLLAR_MOVE; exact dollar/contract scaling unverified,QuantData
2026-08-17T14:40:00-04:00,2026-08-21,1140.0,put,0.0,0.0,,0.0,,,,,3681347.0,14041086.0,-10359739.0,1687012.0,,1875879819.0,,,530.37,100.0,unknown,QuantData PER_ONE_DOLLAR_MOVE; exact dollar/contract scaling unverified,QuantData
2026-08-17T14:40:00-04:00,2026-08-28,230.0,call,0.0,0.0,,0.0,,,,,3681347.0,14041086.0,-10359739.0,1687012.0,,1875879819.0,,,530.37,100.0,unknown,QuantData PER_ONE_DOLLAR_MOVE; exact dollar/contract scaling unverified,QuantData
2026-08-17T14:40:00-04:00,2026-08-28,230.0,put,-1748.0,-3865.0,,-105465.0,,,,,3681347.0,14041086.0,-10359739.0,1687012.0,,1875879819.0,,,530.37,100.0,unknown,QuantData PER_ONE_DOLLAR_MOVE; exact dollar/contract scaling unverified,QuantData
2026-08-17T14:40:00-04:00,2026-08-28,280.0,call,0.0,0.0,,0.0,,,,,3681347.0,14041086.0,-10359739.0,1687012.0,,1875879819.0,,,530.37,100.0,unknown,QuantData PER_ONE_DOLLAR_MOVE; exact dollar/contract scaling unverified,QuantData
2026-08-17T14:40:00-04:00,2026-08-28,280.0,put,-97.0,-263.0,,-3268.0,,,,,3681347.0,14041086.0,-10359739.0,1687012.0,,1875879819.0,,,530.37,100.0,unknown,QuantData PER_ONE_DOLLAR_MOVE; exact dollar/contract scaling unverified,QuantData
2026-08-17T14:40:00-04:00,2026-08-28,290.0,call,0.0,0.0,,0.0,,,,,3681347.0,14041086.0,-10359739.0,1687012.0,,1875879819.0,,,530.37,100.0,unknown,QuantData PER_ONE_DOLLAR_MOVE; exact dollar/contract scaling unverified,QuantData
2026-08-17T14:40:00-04:00,2026-08-28,290.0,put,-78.0,-220.0,,-2359.0,,,,,3681347.0,14041086.0,-10359739.0,1687012.0,,1875879819.0,,,530.37,100.0,unknown,QuantData PER_ONE_DOLLAR_MOVE; exact dollar/contract scaling unverified,QuantData
2026-08-17T14:40:00-04:00,2026-08-28,300.0,call,0.0,0.0,,0.0,,,,,3681347.0,14041086.0,-10359739.0,1687012.0,,1875879819.0,,,530.37,100.0,unknown,QuantData PER_ONE_DOLLAR_MOVE; exact dollar/contract scaling unverified,QuantData
2026-08-17T14:40:00-04:00,2026-08-28,300.0,put,-535.0,-1257.0,,-20209.0,,,,,3681347.0,14041086.0,-10359739.0,1687012.0,,1875879819.0,,,530.37,100.0,unknown,QuantData PER_ONE_DOLLAR_MOVE; exact dollar/contract scaling unverified,QuantData
2026-08-17T14:40:00-04:00,2026-08-28,310.0,call,0.0,0.0,,0.0,,,,,3681347.0,14041086.0,-10359739.0,1687012.0,,1875879819.0,,,530.37,100.0,unknown,QuantData PER_ONE_DOLLAR_MOVE; exact dollar/contract scaling unverified,QuantData
2026-08-17T14:40:00-04:00,2026-08-28,310.0,put,-1370.0,-2926.0,,-56769.0,,,,,3681347.0,14041086.0,-10359739.0,1687012.0,,1875879819.0,,,530.37,100.0,unknown,QuantData PER_ONE_DOLLAR_MOVE; exact dollar/contract scaling unverified,QuantData
2026-08-17T14:40:00-04:00,2026-08-28,320.0,call,0.0,0.0,,0.0,,,,,3681347.0,14041086.0,-10359739.0,1687012.0,,1875879819.0,,,530.37,100.0,unknown,QuantData PER_ONE_DOLLAR_MOVE; exact dollar/contract scaling unverified,QuantData
2026-08-17T14:40:00-04:00,2026-08-28,320.0,put,-2116.0,-4940.0,,-72222.0,,,,,3681347.0,14041086.0,-10359739.0,1687012.0,,1875879819.0,,,530.37,100.0,unknown,QuantData PER_ONE_DOLLAR_MOVE; exact dollar/contract scaling unverified,QuantData
2026-08-17T14:40:00-04:00,2026-08-28,330.0,call,0.0,0.0,,0.0,,,,,3681347.0,14041086.0,-10359739.0,1687012.0,,1875879819.0,,,530.37,100.0,unknown,QuantData PER_ONE_DOLLAR_MOVE; exact dollar/contract scaling unverified,QuantData
2026-08-17T14:40:00-04:00,2026-08-28,330.0,put,-1070.0,-2709.0,,-33811.0,,,,,3681347.0,14041086.0,-10359739.0,1687012.0,,1875879819.0,,,530.37,100.0,unknown,QuantData PER_ONE_DOLLAR_MOVE; exact dollar/contract scaling unverified,QuantData
2026-08-17T14:40:00-04:00,2026-08-28,340.0,call,0.0,0.0,,0.0,,,,,3681347.0,14041086.0,-10359739.0,1687012.0,,1875879819.0,,,530.37,100.0,unknown,QuantData PER_ONE_DOLLAR_MOVE; exact dollar/contract scaling unverified,QuantData
2026-08-17T14:40:00-04:00,2026-08-28,340.0,put,-374.0,-862.0,,-12788.0,,,,,3681347.0,14041086.0,-10359739.0,1687012.0,,1875879819.0,,,530.37,100.0,unknown,QuantData PER_ONE_DOLLAR_MOVE; exact dollar/contract scaling unverified,QuantData
2026-08-17T14:40:00-04:00,2026-08-28,345.0,call,0.0,0.0,,0.0,,,,,3681347.0,14041086.0,-10359739.0,1687012.0,,1875879819.0,,,530.37,100.0,unknown,QuantData PER_ONE_DOLLAR_MOVE; exact dollar/contract scaling unverified,QuantData
2026-08-17T14:40:00-04:00,2026-08-28,345.0,put,-758.0,-1742.0,,-23021.0,,,,,3681347.0,14041086.0,-10359739.0,1687012.0,,1875879819.0,,,530.37,100.0,unknown,QuantData PER_ONE_DOLLAR_MOVE; exact dollar/contract scaling unverified,QuantData
2026-08-17T14:40:00-04:00,2026-08-28,350.0,call,0.0,0.0,,0.0,,,,,3681347.0,14041086.0,-10359739.0,1687012.0,,1875879819.0,,,530.37,100.0,unknown,QuantData PER_ONE_DOLLAR_MOVE; exact dollar/contract scaling unverified,QuantData
2026-08-17T14:40:00-04:00,2026-08-28,350.0,put,-2468.0,-5558.0,,-79479.0,,,,,3681347.0,14041086.0,-10359739.0,1687012.0,,1875879819.0,,,530.37,100.0,unknown,QuantData PER_ONE_DOLLAR_MOVE; exact dollar/contract scaling unverified,QuantData
2026-08-17T14:40:00-04:00,2026-08-28,355.0,call,0.0,0.0,,0.0,,,,,3681347.0,14041086.0,-10359739.0,1687012.0,,1875879819.0,,,530.37,100.0,unknown,QuantData PER_ONE_DOLLAR_MOVE; exact dollar/contract scaling unverified,QuantData
2026-08-17T14:40:00-04:00,2026-08-28,355.0,put,-837.0,-1829.0,,-27010.0,,,,,3681347.0,14041086.0,-10359739.0,1687012.0,,1875879819.0,,,530.37,100.0,unknown,QuantData PER_ONE_DOLLAR_MOVE; exact dollar/contract scaling unverified,QuantData
2026-08-17T14:40:00-04:00,2026-08-28,360.0,call,0.0,0.0,,0.0,,,,,3681347.0,14041086.0,-10359739.0,1687012.0,,1875879819.0,,,530.37,100.0,unknown,QuantData PER_ONE_DOLLAR_MOVE; exact dollar/contract scaling unverified,QuantData
2026-08-17T14:40:00-04:00,2026-08-28,360.0,put,-6872.0,-14326.0,,-221778.0,,,,,3681347.0,14041086.0,-10359739.0,1687012.0,,1875879819.0,,,530.37,100.0,unknown,QuantData PER_ONE_DOLLAR_MOVE; exact dollar/contract scaling unverified,QuantData
2026-08-17T14:40:00-04:00,2026-08-28,365.0,call,0.0,0.0,,0.0,,,,,3681347.0,14041086.0,-10359739.0,1687012.0,,1875879819.0,,,530.37,100.0,unknown,QuantData PER_ONE_DOLLAR_MOVE; exact dollar/contract scaling unverified,QuantData
2026-08-17T14:40:00-04:00,2026-08-28,365.0,put,-1657.0,-3021.0,,-70733.0,,,,,3681347.0,14041086.0,-10359739.0,1687012.0,,1875879819.0,,,530.37,100.0,unknown,QuantData PER_ONE_DOLLAR_MOVE; exact dollar/contract scaling unverified,QuantData
2026-08-17T14:40:00-04:00,2026-08-28,370.0,call,154.0,-219.0,,204530.0,,,,,3681347.0,14041086.0,-10359739.0,1687012.0,,1875879819.0,,,530.37,100.0,unknown,QuantData PER_ONE_DOLLAR_MOVE; exact dollar/contract scaling unverified,QuantData
2026-08-17T14:40:00-04:00,2026-08-28,370.0,put,-1193.0,-2588.0,,-38721.0,,,,,3681347.0,14041086.0,-10359739.0,1687012.0,,1875879819.0,,,530.37,100.0,unknown,QuantData PER_ONE_DOLLAR_MOVE; exact dollar/contract scaling unverified,QuantData
2026-08-17T14:40:00-04:00,2026-08-28,375.0,call,270.0,-397.0,,358813.0,,,,,3681347.0,14041086.0,-10359739.0,1687012.0,,1875879819.0,,,530.37,100.0,unknown,QuantData PER_ONE_DOLLAR_MOVE; exact dollar/contract scaling unverified,QuantData
2026-08-17T14:40:00-04:00,2026-08-28,375.0,put,-762.0,-1554.0,,-24756.0,,,,,3681347.0,14041086.0,-10359739.0,1687012.0,,1875879819.0,,,530.37,100.0,unknown,QuantData PER_ONE_DOLLAR_MOVE; exact dollar/contract scaling unverified,QuantData
2026-08-17T14:40:00-04:00,2026-08-28,380.0,call,0.0,0.0,,534920.0,,,,,3681347.0,14041086.0,-10359739.0,1687012.0,,1875879819.0,,,530.37,100.0,unknown,QuantData PER_ONE_DOLLAR_MOVE; exact dollar/contract scaling unverified,QuantData
2026-08-17T14:40:00-04:00,2026-08-28,380.0,put,-6787.0,-12298.0,,-235022.0,,,,,3681347.0,14041086.0,-10359739.0,1687012.0,,1875879819.0,,,530.37,100.0,unknown,QuantData PER_ONE_DOLLAR_MOVE; exact dollar/contract scaling unverified,QuantData
2026-08-17T14:40:00-04:00,2026-08-28,385.0,call,0.0,0.0,,1444284.0,,,,,3681347.0,14041086.0,-10359739.0,1687012.0,,1875879819.0,,,530.37,100.0,unknown,QuantData PER_ONE_DOLLAR_MOVE; exact dollar/contract scaling unverified,QuantData
2026-08-17T14:40:00-04:00,2026-08-28,385.0,put,-1990.0,-3645.0,,-65664.0,,,,,3681347.0,14041086.0,-10359739.0,1687012.0,,1875879819.0,,,530.37,100.0,unknown,QuantData PER_ONE_DOLLAR_MOVE; exact dollar/contract scaling unverified,QuantData
2026-08-17T14:40:00-04:00,2026-08-28,390.0,call,0.0,0.0,,0.0,,,,,3681347.0,14041086.0,-10359739.0,1687012.0,,1875879819.0,,,530.37,100.0,unknown,QuantData PER_ONE_DOLLAR_MOVE; exact dollar/contract scaling unverified,QuantData
2026-08-17T14:40:00-04:00,2026-08-28,390.0,put,-6100.0,-10853.0,,-206005.0,,,,,3681347.0,14041086.0,-10359739.0,1687012.0,,1875879819.0,,,530.37,100.0,unknown,QuantData PER_ONE_DOLLAR_MOVE; exact dollar/contract scaling unverified,QuantData
2026-08-17T14:40:00-04:00,2026-08-28,395.0,call,0.0,0.0,,0.0,,,,,3681347.0,14041086.0,-10359739.0,1687012.0,,1875879819.0,,,530.37,100.0,unknown,QuantData PER_ONE_DOLLAR_MOVE; exact dollar/contract scaling unverified,QuantData
2026-08-17T14:40:00-04:00,2026-08-28,395.0,put,-3807.0,-6319.0,,-135481.0,,,,,3681347.0,14041086.0,-10359739.0,1687012.0,,1875879819.0,,,530.37,100.0,unknown,QuantData PER_ONE_DOLLAR_MOVE; exact dollar/contract scaling unverified,QuantData
2026-08-17T14:40:00-04:00,2026-08-28,400.0,call,0.0,0.0,,0.0,,,,,3681347.0,14041086.0,-10359739.0,1687012.0,,1875879819.0,,,530.37,100.0,unknown,QuantData PER_ONE_DOLLAR_MOVE; exact dollar/contract scaling unverified,QuantData
2026-08-17T14:40:00-04:00,2026-08-28,400.0,put,-23849.0,-38436.0,,-863530.0,,,,,3681347.0,14041086.0,-10359739.0,1687012.0,,1875879819.0,,,530.37,100.0,unknown,QuantData PER_ONE_DOLLAR_MOVE; exact dollar/contract scaling unverified,QuantData
2026-08-17T14:40:00-04:00,2026-08-28,402.5,call,0.0,0.0,,0.0,,,,,3681347.0,14041086.0,-10359739.0,1687012.0,,1875879819.0,,,530.37,100.0,unknown,QuantData PER_ONE_DOLLAR_MOVE; exact dollar/contract scaling unverified,QuantData
2026-08-17T14:40:00-04:00,2026-08-28,402.5,put,-1101.0,-1758.0,,-40867.0,,,,,3681347.0,14041086.0,-10359739.0,1687012.0,,1875879819.0,,,530.37,100.0,unknown,QuantData PER_ONE_DOLLAR_MOVE; exact dollar/contract scaling unverified,QuantData
2026-08-17T14:40:00-04:00,2026-08-28,405.0,call,0.0,0.0,,0.0,,,,,3681347.0,14041086.0,-10359739.0,1687012.0,,1875879819.0,,,530.37,100.0,unknown,QuantData PER_ONE_DOLLAR_MOVE; exact dollar/contract scaling unverified,QuantData
2026-08-17T14:40:00-04:00,2026-08-28,405.0,put,-1787.0,-2753.0,,-64406.0,,,,,3681347.0,14041086.0,-10359739.0,1687012.0,,1875879819.0,,,530.37,100.0,unknown,QuantData PER_ONE_DOLLAR_MOVE; exact dollar/contract scaling unverified,QuantData
2026-08-17T14:40:00-04:00,2026-08-28,407.5,call,0.0,0.0,,0.0,,,,,3681347.0,14041086.0,-10359739.0,1687012.0,,1875879819.0,,,530.37,100.0,unknown,QuantData PER_ONE_DOLLAR_MOVE; exact dollar/contract scaling unverified,QuantData
2026-08-17T14:40:00-04:00,2026-08-28,407.5,put,-2222.0,-3599.0,,-81580.0,,,,,3681347.0,14041086.0,-10359739.0,1687012.0,,1875879819.0,,,530.37,100.0,unknown,QuantData PER_ONE_DOLLAR_MOVE; exact dollar/contract scaling unverified,QuantData
2026-08-17T14:40:00-04:00,2026-08-28,410.0,call,0.0,0.0,,0.0,,,,,3681347.0,14041086.0,-10359739.0,1687012.0,,1875879819.0,,,530.37,100.0,unknown,QuantData PER_ONE_DOLLAR_MOVE; exact dollar/contract scaling unverified,QuantData
2026-08-17T14:40:00-04:00,2026-08-28,410.0,put,-9894.0,-14779.0,,-366554.0,,,,,3681347.0,14041086.0,-10359739.0,1687012.0,,1875879819.0,,,530.37,100.0,unknown,QuantData PER_ONE_DOLLAR_MOVE; exact dollar/contract scaling unverified,QuantData
2026-08-17T14:40:00-04:00,2026-08-28,412.5,call,0.0,0.0,,0.0,,,,,3681347.0,14041086.0,-10359739.0,1687012.0,,1875879819.0,,,530.37,100.0,unknown,QuantData PER_ONE_DOLLAR_MOVE; exact dollar/contract scaling unverified,QuantData
2026-08-17T14:40:00-04:00,2026-08-28,412.5,put,-283.0,-456.0,,-10257.0,,,,,3681347.0,14041086.0,-10359739.0,1687012.0,,1875879819.0,,,530.37,100.0,unknown,QuantData PER_ONE_DOLLAR_MOVE; exact dollar/contract scaling unverified,QuantData
2026-08-17T14:40:00-04:00,2026-08-28,415.0,call,0.0,0.0,,426200.0,,,,,3681347.0,14041086.0,-10359739.0,1687012.0,,1875879819.0,,,530.37,100.0,unknown,QuantData PER_ONE_DOLLAR_MOVE; exact dollar/contract scaling unverified,QuantData
2026-08-17T14:40:00-04:00,2026-08-28,415.0,put,-2889.0,-4202.0,,-108727.0,,,,,3681347.0,14041086.0,-10359739.0,1687012.0,,1875879819.0,,,530.37,100.0,unknown,QuantData PER_ONE_DOLLAR_MOVE; exact dollar/contract scaling unverified,QuantData
2026-08-17T14:40:00-04:00,2026-08-28,417.5,call,0.0,0.0,,0.0,,,,,3681347.0,14041086.0,-10359739.0,1687012.0,,1875879819.0,,,530.37,100.0,unknown,QuantData PER_ONE_DOLLAR_MOVE; exact dollar/contract scaling unverified,QuantData
2026-08-17T14:40:00-04:00,2026-08-28,417.5,put,-222.0,-343.0,,-7648.0,,,,,3681347.0,14041086.0,-10359739.0,1687012.0,,1875879819.0,,,530.37,100.0,unknown,QuantData PER_ONE_DOLLAR_MOVE; exact dollar/contract scaling unverified,QuantData
2026-08-17T14:40:00-04:00,2026-08-28,420.0,call,0.0,0.0,,0.0,,,,,3681347.0,14041086.0,-10359739.0,1687012.0,,1875879819.0,,,530.37,100.0,unknown,QuantData PER_ONE_DOLLAR_MOVE; exact dollar/contract scaling unverified,QuantData
2026-08-17T14:40:00-04:00,2026-08-28,420.0,put,-5906.0,-8235.0,,-218438.0,,,,,3681347.0,14041086.0,-10359739.0,1687012.0,,1875879819.0,,,530.37,100.0,unknown,QuantData PER_ONE_DOLLAR_MOVE; exact dollar/contract scaling unverified,QuantData
2026-08-17T14:40:00-04:00,2026-08-28,422.5,call,0.0,0.0,,0.0,,,,,3681347.0,14041086.0,-10359739.0,1687012.0,,1875879819.0,,,530.37,100.0,unknown,QuantData PER_ONE_DOLLAR_MOVE; exact dollar/contract scaling unverified,QuantData
2026-08-17T14:40:00-04:00,2026-08-28,422.5,put,-315.0,-454.0,,-12962.0,,,,,3681347.0,14041086.0,-10359739.0,1687012.0,,1875879819.0,,,530.37,100.0,unknown,QuantData PER_ONE_DOLLAR_MOVE; exact dollar/contract scaling unverified,QuantData
2026-08-17T14:40:00-04:00,2026-08-28,425.0,call,0.0,0.0,,0.0,,,,,3681347.0,14041086.0,-10359739.0,1687012.0,,1875879819.0,,,530.37,100.0,unknown,QuantData PER_ONE_DOLLAR_MOVE; exact dollar/contract scaling unverified,QuantData
2026-08-17T14:40:00-04:00,2026-08-28,425.0,put,-6873.0,-9548.0,,-261408.0,,,,,3681347.0,14041086.0,-10359739.0,1687012.0,,1875879819.0,,,530.37,100.0,unknown,QuantData PER_ONE_DOLLAR_MOVE; exact dollar/contract scaling unverified,QuantData
2026-08-17T14:40:00-04:00,2026-08-28,430.0,call,624.0,-1371.0,,1511107.0,,,,,3681347.0,14041086.0,-10359739.0,1687012.0,,1875879819.0,,,530.37,100.0,unknown,QuantData PER_ONE_DOLLAR_MOVE; exact dollar/contract scaling unverified,QuantData
2026-08-17T14:40:00-04:00,2026-08-28,430.0,put,-6335.0,-8393.0,,-243631.0,,,,,3681347.0,14041086.0,-10359739.0,1687012.0,,1875879819.0,,,530.37,100.0,unknown,QuantData PER_ONE_DOLLAR_MOVE; exact dollar/contract scaling unverified,QuantData
2026-08-17T14:40:00-04:00,2026-08-28,432.5,call,0.0,0.0,,0.0,,,,,3681347.0,14041086.0,-10359739.0,1687012.0,,1875879819.0,,,530.37,100.0,unknown,QuantData PER_ONE_DOLLAR_MOVE; exact dollar/contract scaling unverified,QuantData
2026-08-17T14:40:00-04:00,2026-08-28,432.5,put,-228.0,-310.0,,-9303.0,,,,,3681347.0,14041086.0,-10359739.0,1687012.0,,1875879819.0,,,530.37,100.0,unknown,QuantData PER_ONE_DOLLAR_MOVE; exact dollar/contract scaling unverified,QuantData
2026-08-17T14:40:00-04:00,2026-08-28,435.0,call,720.0,-1013.0,,518296.0,,,,,3681347.0,14041086.0,-10359739.0,1687012.0,,1875879819.0,,,530.37,100.0,unknown,QuantData PER_ONE_DOLLAR_MOVE; exact dollar/contract scaling unverified,QuantData
2026-08-17T14:40:00-04:00,2026-08-28,435.0,put,-13781.0,-16492.0,,-553637.0,,,,,3681347.0,14041086.0,-10359739.0,1687012.0,,1875879819.0,,,530.37,100.0,unknown,QuantData PER_ONE_DOLLAR_MOVE; exact dollar/contract scaling unverified,QuantData
2026-08-17T14:40:00-04:00,2026-08-28,437.5,call,0.0,0.0,,0.0,,,,,3681347.0,14041086.0,-10359739.0,1687012.0,,1875879819.0,,,530.37,100.0,unknown,QuantData PER_ONE_DOLLAR_MOVE; exact dollar/contract scaling unverified,QuantData
2026-08-17T14:40:00-04:00,2026-08-28,437.5,put,-1242.0,-1448.0,,-50724.0,,,,,3681347.0,14041086.0,-10359739.0,1687012.0,,1875879819.0,,,530.37,100.0,unknown,QuantData PER_ONE_DOLLAR_MOVE; exact dollar/contract scaling unverified,QuantData
2026-08-17T14:40:00-04:00,2026-08-28,440.0,call,3418.0,-4157.0,,1733855.0,,,,,3681347.0,14041086.0,-10359739.0,1687012.0,,1875879819.0,,,530.37,100.0,unknown,QuantData PER_ONE_DOLLAR_MOVE; exact dollar/contract scaling unverified,QuantData
2026-08-17T14:40:00-04:00,2026-08-28,440.0,put,-37356.0,-42499.0,,-1535719.0,,,,,3681347.0,14041086.0,-10359739.0,1687012.0,,1875879819.0,,,530.37,100.0,unknown,QuantData PER_ONE_DOLLAR_MOVE; exact dollar/contract scaling unverified,QuantData
2026-08-17T14:40:00-04:00,2026-08-28,442.5,call,0.0,0.0,,0.0,,,,,3681347.0,14041086.0,-10359739.0,1687012.0,,1875879819.0,,,530.37,100.0,unknown,QuantData PER_ONE_DOLLAR_MOVE; exact dollar/contract scaling unverified,QuantData
2026-08-17T14:40:00-04:00,2026-08-28,442.5,put,-9217.0,-11337.0,,-397627.0,,,,,3681347.0,14041086.0,-10359739.0,1687012.0,,1875879819.0,,,530.37,100.0,unknown,QuantData PER_ONE_DOLLAR_MOVE; exact dollar/contract scaling unverified,QuantData
2026-08-17T14:40:00-04:00,2026-08-28,445.0,call,0.0,0.0,,0.0,,,,,3681347.0,14041086.0,-10359739.0,1687012.0,,1875879819.0,,,530.37,100.0,unknown,QuantData PER_ONE_DOLLAR_MOVE; exact dollar/contract scaling unverified,QuantData
2026-08-17T14:40:00-04:00,2026-08-28,445.0,put,-12897.0,-16496.0,,-537484.0,,,,,3681347.0,14041086.0,-10359739.0,1687012.0,,1875879819.0,,,530.37,100.0,unknown,QuantData PER_ONE_DOLLAR_MOVE; exact dollar/contract scaling unverified,QuantData
2026-08-17T14:40:00-04:00,2026-08-28,447.5,call,0.0,0.0,,0.0,,,,,3681347.0,14041086.0,-10359739.0,1687012.0,,1875879819.0,,,530.37,100.0,unknown,QuantData PER_ONE_DOLLAR_MOVE; exact dollar/contract scaling unverified,QuantData
2026-08-17T14:40:00-04:00,2026-08-28,447.5,put,-3956.0,-4309.0,,-166554.0,,,,,3681347.0,14041086.0,-10359739.0,1687012.0,,1875879819.0,,,530.37,100.0,unknown,QuantData PER_ONE_DOLLAR_MOVE; exact dollar/contract scaling unverified,QuantData
2026-08-17T14:40:00-04:00,2026-08-28,450.0,call,63106.0,-55637.0,,20547712.0,,,,,3681347.0,14041086.0,-10359739.0,1687012.0,,1875879819.0,,,530.37,100.0,unknown,QuantData PER_ONE_DOLLAR_MOVE; exact dollar/contract scaling unverified,QuantData
2026-08-17T14:40:00-04:00,2026-08-28,450.0,put,-30121.0,-31037.0,,-1300031.0,,,,,3681347.0,14041086.0,-10359739.0,1687012.0,,1875879819.0,,,530.37,100.0,unknown,QuantData PER_ONE_DOLLAR_MOVE; exact dollar/contract scaling unverified,QuantData
2026-08-17T14:40:00-04:00,2026-08-28,455.0,call,9274.0,-10711.0,,4129124.0,,,,,3681347.0,14041086.0,-10359739.0,1687012.0,,1875879819.0,,,530.37,100.0,unknown,QuantData PER_ONE_DOLLAR_MOVE; exact dollar/contract scaling unverified,QuantData
2026-08-17T14:40:00-04:00,2026-08-28,455.0,put,-18736.0,-17875.0,,-832838.0,,,,,3681347.0,14041086.0,-10359739.0,1687012.0,,1875879819.0,,,530.37,100.0,unknown,QuantData PER_ONE_DOLLAR_MOVE; exact dollar/contract scaling unverified,QuantData
2026-08-17T14:40:00-04:00,2026-08-28,457.5,call,0.0,0.0,,0.0,,,,,3681347.0,14041086.0,-10359739.0,1687012.0,,1875879819.0,,,530.37,100.0,unknown,QuantData PER_ONE_DOLLAR_MOVE; exact dollar/contract scaling unverified,QuantData
2026-08-17T14:40:00-04:00,2026-08-28,457.5,put,0.0,0.0,,0.0,,,,,3681347.0,14041086.0,-10359739.0,1687012.0,,1875879819.0,,,530.37,100.0,unknown,QuantData PER_ONE_DOLLAR_MOVE; exact dollar/contract scaling unverified,QuantData
2026-08-17T14:40:00-04:00,2026-08-28,460.0,call,18264.0,-17787.0,,6473813.0,,,,,3681347.0,14041086.0,-10359739.0,1687012.0,,1875879819.0,,,530.37,100.0,unknown,QuantData PER_ONE_DOLLAR_MOVE; exact dollar/contract scaling unverified,QuantData
2026-08-17T14:40:00-04:00,2026-08-28,460.0,put,-37761.0,-31856.0,,-1761597.0,,,,,3681347.0,14041086.0,-10359739.0,1687012.0,,1875879819.0,,,530.37,100.0,unknown,QuantData PER_ONE_DOLLAR_MOVE; exact dollar/contract scaling unverified,QuantData
2026-08-17T14:40:00-04:00,2026-08-28,462.5,call,0.0,0.0,,0.0,,,,,3681347.0,14041086.0,-10359739.0,1687012.0,,1875879819.0,,,530.37,100.0,unknown,QuantData PER_ONE_DOLLAR_MOVE; exact dollar/contract scaling unverified,QuantData
2026-08-17T14:40:00-04:00,2026-08-28,462.5,put,-1833.0,-1516.0,,-87307.0,,,,,3681347.0,14041086.0,-10359739.0,1687012.0,,1875879819.0,,,530.37,100.0,unknown,QuantData PER_ONE_DOLLAR_MOVE; exact dollar/contract scaling unverified,QuantData
2026-08-17T14:40:00-04:00,2026-08-28,465.0,call,6743.0,-5679.0,,1758753.0,,,,,3681347.0,14041086.0,-10359739.0,1687012.0,,1875879819.0,,,530.37,100.0,unknown,QuantData PER_ONE_DOLLAR_MOVE; exact dollar/contract scaling unverified,QuantData
2026-08-17T14:40:00-04:00,2026-08-28,465.0,put,-5687.0,-5213.0,,-263925.0,,,,,3681347.0,14041086.0,-10359739.0,1687012.0,,1875879819.0,,,530.37,100.0,unknown,QuantData PER_ONE_DOLLAR_MOVE; exact dollar/contract scaling unverified,QuantData
2026-08-17T14:40:00-04:00,2026-08-28,467.5,call,0.0,0.0,,0.0,,,,,3681347.0,14041086.0,-10359739.0,1687012.0,,1875879819.0,,,530.37,100.0,unknown,QuantData PER_ONE_DOLLAR_MOVE; exact dollar/contract scaling unverified,QuantData
2026-08-17T14:40:00-04:00,2026-08-28,467.5,put,0.0,0.0,,0.0,,,,,3681347.0,14041086.0,-10359739.0,1687012.0,,1875879819.0,,,530.37,100.0,unknown,QuantData PER_ONE_DOLLAR_MOVE; exact dollar/contract scaling unverified,QuantData
2026-08-17T14:40:00-04:00,2026-08-28,470.0,call,8255.0,-5366.0,,1862292.0,,,,,3681347.0,14041086.0,-10359739.0,1687012.0,,1875879819.0,,,530.37,100.0,unknown,QuantData PER_ONE_DOLLAR_MOVE; exact dollar/contract scaling unverified,QuantData
2026-08-17T14:40:00-04:00,2026-08-28,470.0,put,-10983.0,-8015.0,,-550593.0,,,,,3681347.0,14041086.0,-10359739.0,1687012.0,,1875879819.0,,,530.37,100.0,unknown,QuantData PER_ONE_DOLLAR_MOVE; exact dollar/contract scaling unverified,QuantData
2026-08-17T14:40:00-04:00,2026-08-28,472.5,call,0.0,0.0,,0.0,,,,,3681347.0,14041086.0,-10359739.0,1687012.0,,1875879819.0,,,530.37,100.0,unknown,QuantData PER_ONE_DOLLAR_MOVE; exact dollar/contract scaling unverified,QuantData
2026-08-17T14:40:00-04:00,2026-08-28,472.5,put,-12135.0,-9468.0,,-642510.0,,,,,3681347.0,14041086.0,-10359739.0,1687012.0,,1875879819.0,,,530.37,100.0,unknown,QuantData PER_ONE_DOLLAR_MOVE; exact dollar/contract scaling unverified,QuantData
2026-08-17T14:40:00-04:00,2026-08-28,475.0,call,7556.0,-6355.0,,1862123.0,,,,,3681347.0,14041086.0,-10359739.0,1687012.0,,1875879819.0,,,530.37,100.0,unknown,QuantData PER_ONE_DOLLAR_MOVE; exact dollar/contract scaling unverified,QuantData
2026-08-17T14:40:00-04:00,2026-08-28,475.0,put,-9607.0,-6466.0,,-501120.0,,,,,3681347.0,14041086.0,-10359739.0,1687012.0,,1875879819.0,,,530.37,100.0,unknown,QuantData PER_ONE_DOLLAR_MOVE; exact dollar/contract scaling unverified,QuantData
2026-08-17T14:40:00-04:00,2026-08-28,477.5,call,1198.0,-759.0,,252813.0,,,,,3681347.0,14041086.0,-10359739.0,1687012.0,,1875879819.0,,,530.37,100.0,unknown,QuantData PER_ONE_DOLLAR_MOVE; exact dollar/contract scaling unverified,QuantData
2026-08-17T14:40:00-04:00,2026-08-28,477.5,put,-202.0,-132.0,,-10626.0,,,,,3681347.0,14041086.0,-10359739.0,1687012.0,,1875879819.0,,,530.37,100.0,unknown,QuantData PER_ONE_DOLLAR_MOVE; exact dollar/contract scaling unverified,QuantData
2026-08-17T14:40:00-04:00,2026-08-28,480.0,call,21135.0,-15499.0,,4654649.0,,,,,3681347.0,14041086.0,-10359739.0,1687012.0,,1875879819.0,,,530.37,100.0,unknown,QuantData PER_ONE_DOLLAR_MOVE; exact dollar/contract scaling unverified,QuantData
2026-08-17T14:40:00-04:00,2026-08-28,480.0,put,-80986.0,-47558.0,,-4378056.0,,,,,3681347.0,14041086.0,-10359739.0,1687012.0,,1875879819.0,,,530.37,100.0,unknown,QuantData PER_ONE_DOLLAR_MOVE; exact dollar/contract scaling unverified,QuantData
2026-08-17T14:40:00-04:00,2026-08-28,482.5,call,0.0,0.0,,0.0,,,,,3681347.0,14041086.0,-10359739.0,1687012.0,,1875879819.0,,,530.37,100.0,unknown,QuantData PER_ONE_DOLLAR_MOVE; exact dollar/contract scaling unverified,QuantData
2026-08-17T14:40:00-04:00,2026-08-28,482.5,put,-1464.0,-937.0,,-76882.0,,,,,3681347.0,14041086.0,-10359739.0,1687012.0,,1875879819.0,,,530.37,100.0,unknown,QuantData PER_ONE_DOLLAR_MOVE; exact dollar/contract scaling unverified,QuantData
2026-08-17T14:40:00-04:00,2026-08-28,485.0,call,12805.0,-7222.0,,2423118.0,,,,,3681347.0,14041086.0,-10359739.0,1687012.0,,1875879819.0,,,530.37,100.0,unknown,QuantData PER_ONE_DOLLAR_MOVE; exact dollar/contract scaling unverified,QuantData
2026-08-17T14:40:00-04:00,2026-08-28,485.0,put,-33627.0,-17574.0,,-1895356.0,,,,,3681347.0,14041086.0,-10359739.0,1687012.0,,1875879819.0,,,530.37,100.0,unknown,QuantData PER_ONE_DOLLAR_MOVE; exact dollar/contract scaling unverified,QuantData
2026-08-17T14:40:00-04:00,2026-08-28,487.5,call,0.0,0.0,,0.0,,,,,3681347.0,14041086.0,-10359739.0,1687012.0,,1875879819.0,,,530.37,100.0,unknown,QuantData PER_ONE_DOLLAR_MOVE; exact dollar/contract scaling unverified,QuantData
2026-08-17T14:40:00-04:00,2026-08-28,487.5,put,-1601.0,-901.0,,-85777.0,,,,,3681347.0,14041086.0,-10359739.0,1687012.0,,1875879819.0,,,530.37,100.0,unknown,QuantData PER_ONE_DOLLAR_MOVE; exact dollar/contract scaling unverified,QuantData
2026-08-17T14:40:00-04:00,2026-08-28,490.0,call,82774.0,-43227.0,,13813938.0,,,,,3681347.0,14041086.0,-10359739.0,1687012.0,,1875879819.0,,,530.37,100.0,unknown,QuantData PER_ONE_DOLLAR_MOVE; exact dollar/contract scaling unverified,QuantData
2026-08-17T14:40:00-04:00,2026-08-28,490.0,put,-4941.0,-2275.0,,-291358.0,,,,,3681347.0,14041086.0,-10359739.0,1687012.0,,1875879819.0,,,530.37,100.0,unknown,QuantData PER_ONE_DOLLAR_MOVE; exact dollar/contract scaling unverified,QuantData
2026-08-17T14:40:00-04:00,2026-08-28,495.0,call,16837.0,-7456.0,,2594034.0,,,,,3681347.0,14041086.0,-10359739.0,1687012.0,,1875879819.0,,,530.37,100.0,unknown,QuantData PER_ONE_DOLLAR_MOVE; exact dollar/contract scaling unverified,QuantData
2026-08-17T14:40:00-04:00,2026-08-28,495.0,put,-22103.0,-8988.0,,-1344580.0,,,,,3681347.0,14041086.0,-10359739.0,1687012.0,,1875879819.0,,,530.37,100.0,unknown,QuantData PER_ONE_DOLLAR_MOVE; exact dollar/contract scaling unverified,QuantData
2026-08-17T14:40:00-04:00,2026-08-28,497.5,call,0.0,0.0,,0.0,,,,,3681347.0,14041086.0,-10359739.0,1687012.0,,1875879819.0,,,530.37,100.0,unknown,QuantData PER_ONE_DOLLAR_MOVE; exact dollar/contract scaling unverified,QuantData
2026-08-17T14:40:00-04:00,2026-08-28,497.5,put,0.0,0.0,,0.0,,,,,3681347.0,14041086.0,-10359739.0,1687012.0,,1875879819.0,,,530.37,100.0,unknown,QuantData PER_ONE_DOLLAR_MOVE; exact dollar/contract scaling unverified,QuantData
2026-08-17T14:40:00-04:00,2026-08-28,500.0,call,149556.0,-60607.0,,22137296.0,,,,,3681347.0,14041086.0,-10359739.0,1687012.0,,1875879819.0,,,530.37,100.0,unknown,QuantData PER_ONE_DOLLAR_MOVE; exact dollar/contract scaling unverified,QuantData
2026-08-17T14:40:00-04:00,2026-08-28,500.0,put,-20223.0,-6881.0,,-1284346.0,,,,,3681347.0,14041086.0,-10359739.0,1687012.0,,1875879819.0,,,530.37,100.0,unknown,QuantData PER_ONE_DOLLAR_MOVE; exact dollar/contract scaling unverified,QuantData
2026-08-17T14:40:00-04:00,2026-08-28,505.0,call,45244.0,-11762.0,,5878300.0,,,,,3681347.0,14041086.0,-10359739.0,1687012.0,,1875879819.0,,,530.37,100.0,unknown,QuantData PER_ONE_DOLLAR_MOVE; exact dollar/contract scaling unverified,QuantData
2026-08-17T14:40:00-04:00,2026-08-28,505.0,put,-37879.0,-9560.0,,-2555896.0,,,,,3681347.0,14041086.0,-10359739.0,1687012.0,,1875879819.0,,,530.37,100.0,unknown,QuantData PER_ONE_DOLLAR_MOVE; exact dollar/contract scaling unverified,QuantData
2026-08-17T14:40:00-04:00,2026-08-28,510.0,call,25264.0,-5670.0,,3161480.0,,,,,3681347.0,14041086.0,-10359739.0,1687012.0,,1875879819.0,,,530.37,100.0,unknown,QuantData PER_ONE_DOLLAR_MOVE; exact dollar/contract scaling unverified,QuantData
2026-08-17T14:40:00-04:00,2026-08-28,510.0,put,-14177.0,-2834.0,,-996312.0,,,,,3681347.0,14041086.0,-10359739.0,1687012.0,,1875879819.0,,,530.37,100.0,unknown,QuantData PER_ONE_DOLLAR_MOVE; exact dollar/contract scaling unverified,QuantData
2026-08-17T14:40:00-04:00,2026-08-28,515.0,call,31484.0,-3993.0,,3673166.0,,,,,3681347.0,14041086.0,-10359739.0,1687012.0,,1875879819.0,,,530.37,100.0,unknown,QuantData PER_ONE_DOLLAR_MOVE; exact dollar/contract scaling unverified,QuantData
2026-08-17T14:40:00-04:00,2026-08-28,515.0,put,-105562.0,-16779.0,,-7634874.0,,,,,3681347.0,14041086.0,-10359739.0,1687012.0,,1875879819.0,,,530.37,100.0,unknown,QuantData PER_ONE_DOLLAR_MOVE; exact dollar/contract scaling unverified,QuantData
2026-08-17T14:40:00-04:00,2026-08-28,520.0,call,11234.0,-703.0,,1231809.0,,,,,3681347.0,14041086.0,-10359739.0,1687012.0,,1875879819.0,,,530.37,100.0,unknown,QuantData PER_ONE_DOLLAR_MOVE; exact dollar/contract scaling unverified,QuantData
2026-08-17T14:40:00-04:00,2026-08-28,520.0,put,-66145.0,-5296.0,,-4987181.0,,,,,3681347.0,14041086.0,-10359739.0,1687012.0,,1875879819.0,,,530.37,100.0,unknown,QuantData PER_ONE_DOLLAR_MOVE; exact dollar/contract scaling unverified,QuantData
2026-08-17T14:40:00-04:00,2026-08-28,525.0,call,37729.0,-523.0,,3826538.0,,,,,3681347.0,14041086.0,-10359739.0,1687012.0,,1875879819.0,,,530.37,100.0,unknown,QuantData PER_ONE_DOLLAR_MOVE; exact dollar/contract scaling unverified,QuantData
2026-08-17T14:40:00-04:00,2026-08-28,525.0,put,-21358.0,79.0,,-1728384.0,,,,,3681347.0,14041086.0,-10359739.0,1687012.0,,1875879819.0,,,530.37,100.0,unknown,QuantData PER_ONE_DOLLAR_MOVE; exact dollar/contract scaling unverified,QuantData
2026-08-17T14:40:00-04:00,2026-08-28,530.0,call,51627.0,3241.0,,4907797.0,,,,,3681347.0,14041086.0,-10359739.0,1687012.0,,1875879819.0,,,530.37,100.0,unknown,QuantData PER_ONE_DOLLAR_MOVE; exact dollar/contract scaling unverified,QuantData
2026-08-17T14:40:00-04:00,2026-08-28,530.0,put,-61794.0,3701.0,,-5268686.0,,,,,3681347.0,14041086.0,-10359739.0,1687012.0,,1875879819.0,,,530.37,100.0,unknown,QuantData PER_ONE_DOLLAR_MOVE; exact dollar/contract scaling unverified,QuantData
2026-08-17T14:40:00-04:00,2026-08-28,535.0,call,56955.0,7972.0,,5115872.0,,,,,3681347.0,14041086.0,-10359739.0,1687012.0,,1875879819.0,,,530.37,100.0,unknown,QuantData PER_ONE_DOLLAR_MOVE; exact dollar/contract scaling unverified,QuantData
2026-08-17T14:40:00-04:00,2026-08-28,535.0,put,-10396.0,178.0,,-876434.0,,,,,3681347.0,14041086.0,-10359739.0,1687012.0,,1875879819.0,,,530.37,100.0,unknown,QuantData PER_ONE_DOLLAR_MOVE; exact dollar/contract scaling unverified,QuantData
2026-08-17T14:40:00-04:00,2026-08-28,540.0,call,23523.0,4730.0,,2001096.0,,,,,3681347.0,14041086.0,-10359739.0,1687012.0,,1875879819.0,,,530.37,100.0,unknown,QuantData PER_ONE_DOLLAR_MOVE; exact dollar/contract scaling unverified,QuantData
2026-08-17T14:40:00-04:00,2026-08-28,540.0,put,-54378.0,6077.0,,-4888275.0,,,,,3681347.0,14041086.0,-10359739.0,1687012.0,,1875879819.0,,,530.37,100.0,unknown,QuantData PER_ONE_DOLLAR_MOVE; exact dollar/contract scaling unverified,QuantData
2026-08-17T14:40:00-04:00,2026-08-28,545.0,call,31750.0,8230.0,,2547978.0,,,,,3681347.0,14041086.0,-10359739.0,1687012.0,,1875879819.0,,,530.37,100.0,unknown,QuantData PER_ONE_DOLLAR_MOVE; exact dollar/contract scaling unverified,QuantData
2026-08-17T14:40:00-04:00,2026-08-28,545.0,put,-18415.0,2842.0,,-1802106.0,,,,,3681347.0,14041086.0,-10359739.0,1687012.0,,1875879819.0,,,530.37,100.0,unknown,QuantData PER_ONE_DOLLAR_MOVE; exact dollar/contract scaling unverified,QuantData
2026-08-17T14:40:00-04:00,2026-08-28,550.0,call,39894.0,13199.0,,3067511.0,,,,,3681347.0,14041086.0,-10359739.0,1687012.0,,1875879819.0,,,530.37,100.0,unknown,QuantData PER_ONE_DOLLAR_MOVE; exact dollar/contract scaling unverified,QuantData
2026-08-17T14:40:00-04:00,2026-08-28,550.0,put,-8810.0,2769.0,,-951904.0,,,,,3681347.0,14041086.0,-10359739.0,1687012.0,,1875879819.0,,,530.37,100.0,unknown,QuantData PER_ONE_DOLLAR_MOVE; exact dollar/contract scaling unverified,QuantData
2026-08-17T14:40:00-04:00,2026-08-28,555.0,call,0.0,0.0,,0.0,,,,,3681347.0,14041086.0,-10359739.0,1687012.0,,1875879819.0,,,530.37,100.0,unknown,QuantData PER_ONE_DOLLAR_MOVE; exact dollar/contract scaling unverified,QuantData
2026-08-17T14:40:00-04:00,2026-08-28,555.0,put,-796.0,213.0,,-89213.0,,,,,3681347.0,14041086.0,-10359739.0,1687012.0,,1875879819.0,,,530.37,100.0,unknown,QuantData PER_ONE_DOLLAR_MOVE; exact dollar/contract scaling unverified,QuantData
2026-08-17T14:40:00-04:00,2026-08-28,560.0,call,17021.0,7188.0,,1210830.0,,,,,3681347.0,14041086.0,-10359739.0,1687012.0,,1875879819.0,,,530.37,100.0,unknown,QuantData PER_ONE_DOLLAR_MOVE; exact dollar/contract scaling unverified,QuantData
2026-08-17T14:40:00-04:00,2026-08-28,560.0,put,-14726.0,6124.0,,-1809138.0,,,,,3681347.0,14041086.0,-10359739.0,1687012.0,,1875879819.0,,,530.37,100.0,unknown,QuantData PER_ONE_DOLLAR_MOVE; exact dollar/contract scaling unverified,QuantData
2026-08-17T14:40:00-04:00,2026-08-28,565.0,call,12106.0,6146.0,,825410.0,,,,,3681347.0,14041086.0,-10359739.0,1687012.0,,1875879819.0,,,530.37,100.0,unknown,QuantData PER_ONE_DOLLAR_MOVE; exact dollar/contract scaling unverified,QuantData
2026-08-17T14:40:00-04:00,2026-08-28,565.0,put,0.0,0.0,,0.0,,,,,3681347.0,14041086.0,-10359739.0,1687012.0,,1875879819.0,,,530.37,100.0,unknown,QuantData PER_ONE_DOLLAR_MOVE; exact dollar/contract scaling unverified,QuantData
2026-08-17T14:40:00-04:00,2026-08-28,570.0,call,17512.0,9780.0,,1150924.0,,,,,3681347.0,14041086.0,-10359739.0,1687012.0,,1875879819.0,,,530.37,100.0,unknown,QuantData PER_ONE_DOLLAR_MOVE; exact dollar/contract scaling unverified,QuantData
2026-08-17T14:40:00-04:00,2026-08-28,570.0,put,0.0,0.0,,0.0,,,,,3681347.0,14041086.0,-10359739.0,1687012.0,,1875879819.0,,,530.37,100.0,unknown,QuantData PER_ONE_DOLLAR_MOVE; exact dollar/contract scaling unverified,QuantData
2026-08-17T14:40:00-04:00,2026-08-28,575.0,call,15826.0,9787.0,,1005279.0,,,,,3681347.0,14041086.0,-10359739.0,1687012.0,,1875879819.0,,,530.37,100.0,unknown,QuantData PER_ONE_DOLLAR_MOVE; exact dollar/contract scaling unverified,QuantData
2026-08-17T14:40:00-04:00,2026-08-28,575.0,put,0.0,0.0,,0.0,,,,,3681347.0,14041086.0,-10359739.0,1687012.0,,1875879819.0,,,530.37,100.0,unknown,QuantData PER_ONE_DOLLAR_MOVE; exact dollar/contract scaling unverified,QuantData
2026-08-17T14:40:00-04:00,2026-08-28,580.0,call,77810.0,50416.0,,4784983.0,,,,,3681347.0,14041086.0,-10359739.0,1687012.0,,1875879819.0,,,530.37,100.0,unknown,QuantData PER_ONE_DOLLAR_MOVE; exact dollar/contract scaling unverified,QuantData
2026-08-17T14:40:00-04:00,2026-08-28,580.0,put,0.0,0.0,,0.0,,,,,3681347.0,14041086.0,-10359739.0,1687012.0,,1875879819.0,,,530.37,100.0,unknown,QuantData PER_ONE_DOLLAR_MOVE; exact dollar/contract scaling unverified,QuantData
2026-08-17T14:40:00-04:00,2026-08-28,585.0,call,83536.0,59596.0,,4966896.0,,,,,3681347.0,14041086.0,-10359739.0,1687012.0,,1875879819.0,,,530.37,100.0,unknown,QuantData PER_ONE_DOLLAR_MOVE; exact dollar/contract scaling unverified,QuantData
2026-08-17T14:40:00-04:00,2026-08-28,585.0,put,-996.0,637.0,,-151592.0,,,,,3681347.0,14041086.0,-10359739.0,1687012.0,,1875879819.0,,,530.37,100.0,unknown,QuantData PER_ONE_DOLLAR_MOVE; exact dollar/contract scaling unverified,QuantData
2026-08-17T14:40:00-04:00,2026-08-28,590.0,call,29623.0,22715.0,,1676064.0,,,,,3681347.0,14041086.0,-10359739.0,1687012.0,,1875879819.0,,,530.37,100.0,unknown,QuantData PER_ONE_DOLLAR_MOVE; exact dollar/contract scaling unverified,QuantData
2026-08-17T14:40:00-04:00,2026-08-28,590.0,put,-5226.0,3575.0,,-851455.0,,,,,3681347.0,14041086.0,-10359739.0,1687012.0,,1875879819.0,,,530.37,100.0,unknown,QuantData PER_ONE_DOLLAR_MOVE; exact dollar/contract scaling unverified,QuantData
2026-08-17T14:40:00-04:00,2026-08-28,595.0,call,5586.0,4626.0,,309668.0,,,,,3681347.0,14041086.0,-10359739.0,1687012.0,,1875879819.0,,,530.37,100.0,unknown,QuantData PER_ONE_DOLLAR_MOVE; exact dollar/contract scaling unverified,QuantData
2026-08-17T14:40:00-04:00,2026-08-28,595.0,put,0.0,0.0,,0.0,,,,,3681347.0,14041086.0,-10359739.0,1687012.0,,1875879819.0,,,530.37,100.0,unknown,QuantData PER_ONE_DOLLAR_MOVE; exact dollar/contract scaling unverified,QuantData
2026-08-17T14:40:00-04:00,2026-08-28,600.0,call,65925.0,57576.0,,3530385.0,,,,,3681347.0,14041086.0,-10359739.0,1687012.0,,1875879819.0,,,530.37,100.0,unknown,QuantData PER_ONE_DOLLAR_MOVE; exact dollar/contract scaling unverified,QuantData
2026-08-17T14:40:00-04:00,2026-08-28,600.0,put,0.0,0.0,,0.0,,,,,3681347.0,14041086.0,-10359739.0,1687012.0,,1875879819.0,,,530.37,100.0,unknown,QuantData PER_ONE_DOLLAR_MOVE; exact dollar/contract scaling unverified,QuantData
2026-08-17T14:40:00-04:00,2026-08-28,605.0,call,7183.0,6643.0,,372807.0,,,,,3681347.0,14041086.0,-10359739.0,1687012.0,,1875879819.0,,,530.37,100.0,unknown,QuantData PER_ONE_DOLLAR_MOVE; exact dollar/contract scaling unverified,QuantData
2026-08-17T14:40:00-04:00,2026-08-28,605.0,put,0.0,0.0,,0.0,,,,,3681347.0,14041086.0,-10359739.0,1687012.0,,1875879819.0,,,530.37,100.0,unknown,QuantData PER_ONE_DOLLAR_MOVE; exact dollar/contract scaling unverified,QuantData
2026-08-17T14:40:00-04:00,2026-08-28,610.0,call,12503.0,12394.0,,631809.0,,,,,3681347.0,14041086.0,-10359739.0,1687012.0,,1875879819.0,,,530.37,100.0,unknown,QuantData PER_ONE_DOLLAR_MOVE; exact dollar/contract scaling unverified,QuantData
2026-08-17T14:40:00-04:00,2026-08-28,610.0,put,0.0,0.0,,0.0,,,,,3681347.0,14041086.0,-10359739.0,1687012.0,,1875879819.0,,,530.37,100.0,unknown,QuantData PER_ONE_DOLLAR_MOVE; exact dollar/contract scaling unverified,QuantData
2026-08-17T14:40:00-04:00,2026-08-28,615.0,call,5494.0,5815.0,,264647.0,,,,,3681347.0,14041086.0,-10359739.0,1687012.0,,1875879819.0,,,530.37,100.0,unknown,QuantData PER_ONE_DOLLAR_MOVE; exact dollar/contract scaling unverified,QuantData
2026-08-17T14:40:00-04:00,2026-08-28,615.0,put,0.0,0.0,,0.0,,,,,3681347.0,14041086.0,-10359739.0,1687012.0,,1875879819.0,,,530.37,100.0,unknown,QuantData PER_ONE_DOLLAR_MOVE; exact dollar/contract scaling unverified,QuantData
2026-08-17T14:40:00-04:00,2026-08-28,620.0,call,1952.0,2145.0,,93127.0,,,,,3681347.0,14041086.0,-10359739.0,1687012.0,,1875879819.0,,,530.37,100.0,unknown,QuantData PER_ONE_DOLLAR_MOVE; exact dollar/contract scaling unverified,QuantData
2026-08-17T14:40:00-04:00,2026-08-28,620.0,put,-1692.0,1468.0,,-377343.0,,,,,3681347.0,14041086.0,-10359739.0,1687012.0,,1875879819.0,,,530.37,100.0,unknown,QuantData PER_ONE_DOLLAR_MOVE; exact dollar/contract scaling unverified,QuantData
2026-08-17T14:40:00-04:00,2026-08-28,625.0,call,3000.0,3294.0,,144855.0,,,,,3681347.0,14041086.0,-10359739.0,1687012.0,,1875879819.0,,,530.37,100.0,unknown,QuantData PER_ONE_DOLLAR_MOVE; exact dollar/contract scaling unverified,QuantData
2026-08-17T14:40:00-04:00,2026-08-28,625.0,put,0.0,0.0,,0.0,,,,,3681347.0,14041086.0,-10359739.0,1687012.0,,1875879819.0,,,530.37,100.0,unknown,QuantData PER_ONE_DOLLAR_MOVE; exact dollar/contract scaling unverified,QuantData
2026-08-17T14:40:00-04:00,2026-08-28,630.0,call,6448.0,7755.0,,290884.0,,,,,3681347.0,14041086.0,-10359739.0,1687012.0,,1875879819.0,,,530.37,100.0,unknown,QuantData PER_ONE_DOLLAR_MOVE; exact dollar/contract scaling unverified,QuantData
2026-08-17T14:40:00-04:00,2026-08-28,630.0,put,0.0,0.0,,0.0,,,,,3681347.0,14041086.0,-10359739.0,1687012.0,,1875879819.0,,,530.37,100.0,unknown,QuantData PER_ONE_DOLLAR_MOVE; exact dollar/contract scaling unverified,QuantData
2026-08-17T14:40:00-04:00,2026-08-28,635.0,call,0.0,0.0,,0.0,,,,,3681347.0,14041086.0,-10359739.0,1687012.0,,1875879819.0,,,530.37,100.0,unknown,QuantData PER_ONE_DOLLAR_MOVE; exact dollar/contract scaling unverified,QuantData
2026-08-17T14:40:00-04:00,2026-08-28,635.0,put,0.0,0.0,,0.0,,,,,3681347.0,14041086.0,-10359739.0,1687012.0,,1875879819.0,,,530.37,100.0,unknown,QuantData PER_ONE_DOLLAR_MOVE; exact dollar/contract scaling unverified,QuantData
2026-08-17T14:40:00-04:00,2026-08-28,640.0,call,2663.0,3468.0,,113525.0,,,,,3681347.0,14041086.0,-10359739.0,1687012.0,,1875879819.0,,,530.37,100.0,unknown,QuantData PER_ONE_DOLLAR_MOVE; exact dollar/contract scaling unverified,QuantData
2026-08-17T14:40:00-04:00,2026-08-28,640.0,put,-4053.0,3969.0,,-1092830.0,,,,,3681347.0,14041086.0,-10359739.0,1687012.0,,1875879819.0,,,530.37,100.0,unknown,QuantData PER_ONE_DOLLAR_MOVE; exact dollar/contract scaling unverified,QuantData
2026-08-17T14:40:00-04:00,2026-08-28,650.0,call,4418.0,6106.0,,182789.0,,,,,3681347.0,14041086.0,-10359739.0,1687012.0,,1875879819.0,,,530.37,100.0,unknown,QuantData PER_ONE_DOLLAR_MOVE; exact dollar/contract scaling unverified,QuantData
2026-08-17T14:40:00-04:00,2026-08-28,650.0,put,-3739.0,3908.0,,-1116659.0,,,,,3681347.0,14041086.0,-10359739.0,1687012.0,,1875879819.0,,,530.37,100.0,unknown,QuantData PER_ONE_DOLLAR_MOVE; exact dollar/contract scaling unverified,QuantData
2026-08-17T14:40:00-04:00,2026-08-28,655.0,call,7378.0,10252.0,,311232.0,,,,,3681347.0,14041086.0,-10359739.0,1687012.0,,1875879819.0,,,530.37,100.0,unknown,QuantData PER_ONE_DOLLAR_MOVE; exact dollar/contract scaling unverified,QuantData
2026-08-17T14:40:00-04:00,2026-08-28,655.0,put,-335.0,490.0,,-148877.0,,,,,3681347.0,14041086.0,-10359739.0,1687012.0,,1875879819.0,,,530.37,100.0,unknown,QuantData PER_ONE_DOLLAR_MOVE; exact dollar/contract scaling unverified,QuantData
2026-08-17T14:40:00-04:00,2026-08-28,660.0,call,2090.0,3097.0,,83436.0,,,,,3681347.0,14041086.0,-10359739.0,1687012.0,,1875879819.0,,,530.37,100.0,unknown,QuantData PER_ONE_DOLLAR_MOVE; exact dollar/contract scaling unverified,QuantData
2026-08-17T14:40:00-04:00,2026-08-28,660.0,put,0.0,0.0,,0.0,,,,,3681347.0,14041086.0,-10359739.0,1687012.0,,1875879819.0,,,530.37,100.0,unknown,QuantData PER_ONE_DOLLAR_MOVE; exact dollar/contract scaling unverified,QuantData
2026-08-17T14:40:00-04:00,2026-08-28,665.0,call,0.0,0.0,,0.0,,,,,3681347.0,14041086.0,-10359739.0,1687012.0,,1875879819.0,,,530.37,100.0,unknown,QuantData PER_ONE_DOLLAR_MOVE; exact dollar/contract scaling unverified,QuantData
2026-08-17T14:40:00-04:00,2026-08-28,665.0,put,0.0,0.0,,0.0,,,,,3681347.0,14041086.0,-10359739.0,1687012.0,,1875879819.0,,,530.37,100.0,unknown,QuantData PER_ONE_DOLLAR_MOVE; exact dollar/contract scaling unverified,QuantData
2026-08-17T14:40:00-04:00,2026-08-28,685.0,call,2968.0,4800.0,,117340.0,,,,,3681347.0,14041086.0,-10359739.0,1687012.0,,1875879819.0,,,530.37,100.0,unknown,QuantData PER_ONE_DOLLAR_MOVE; exact dollar/contract scaling unverified,QuantData
2026-08-17T14:40:00-04:00,2026-08-28,685.0,put,0.0,0.0,,0.0,,,,,3681347.0,14041086.0,-10359739.0,1687012.0,,1875879819.0,,,530.37,100.0,unknown,QuantData PER_ONE_DOLLAR_MOVE; exact dollar/contract scaling unverified,QuantData
2026-08-17T14:40:00-04:00,2026-08-28,690.0,call,187.0,323.0,,6860.0,,,,,3681347.0,14041086.0,-10359739.0,1687012.0,,1875879819.0,,,530.37,100.0,unknown,QuantData PER_ONE_DOLLAR_MOVE; exact dollar/contract scaling unverified,QuantData
2026-08-17T14:40:00-04:00,2026-08-28,690.0,put,0.0,0.0,,0.0,,,,,3681347.0,14041086.0,-10359739.0,1687012.0,,1875879819.0,,,530.37,100.0,unknown,QuantData PER_ONE_DOLLAR_MOVE; exact dollar/contract scaling unverified,QuantData
2026-08-17T14:40:00-04:00,2026-08-28,700.0,call,2561.0,4670.0,,88829.0,,,,,3681347.0,14041086.0,-10359739.0,1687012.0,,1875879819.0,,,530.37,100.0,unknown,QuantData PER_ONE_DOLLAR_MOVE; exact dollar/contract scaling unverified,QuantData
2026-08-17T14:40:00-04:00,2026-08-28,700.0,put,0.0,0.0,,0.0,,,,,3681347.0,14041086.0,-10359739.0,1687012.0,,1875879819.0,,,530.37,100.0,unknown,QuantData PER_ONE_DOLLAR_MOVE; exact dollar/contract scaling unverified,QuantData
2026-08-17T14:40:00-04:00,2026-08-28,710.0,call,1438.0,2572.0,,54134.0,,,,,3681347.0,14041086.0,-10359739.0,1687012.0,,1875879819.0,,,530.37,100.0,unknown,QuantData PER_ONE_DOLLAR_MOVE; exact dollar/contract scaling unverified,QuantData
2026-08-17T14:40:00-04:00,2026-08-28,710.0,put,0.0,0.0,,0.0,,,,,3681347.0,14041086.0,-10359739.0,1687012.0,,1875879819.0,,,530.37,100.0,unknown,QuantData PER_ONE_DOLLAR_MOVE; exact dollar/contract scaling unverified,QuantData
2026-08-17T14:40:00-04:00,2026-08-28,750.0,call,6501.0,13430.0,,227576.0,,,,,3681347.0,14041086.0,-10359739.0,1687012.0,,1875879819.0,,,530.37,100.0,unknown,QuantData PER_ONE_DOLLAR_MOVE; exact dollar/contract scaling unverified,QuantData
2026-08-17T14:40:00-04:00,2026-08-28,750.0,put,0.0,0.0,,0.0,,,,,3681347.0,14041086.0,-10359739.0,1687012.0,,1875879819.0,,,530.37,100.0,unknown,QuantData PER_ONE_DOLLAR_MOVE; exact dollar/contract scaling unverified,QuantData
2026-08-17T14:40:00-04:00,2026-08-28,760.0,call,5939.0,12691.0,,202850.0,,,,,3681347.0,14041086.0,-10359739.0,1687012.0,,1875879819.0,,,530.37,100.0,unknown,QuantData PER_ONE_DOLLAR_MOVE; exact dollar/contract scaling unverified,QuantData
2026-08-17T14:40:00-04:00,2026-08-28,760.0,put,0.0,0.0,,0.0,,,,,3681347.0,14041086.0,-10359739.0,1687012.0,,1875879819.0,,,530.37,100.0,unknown,QuantData PER_ONE_DOLLAR_MOVE; exact dollar/contract scaling unverified,QuantData
2026-08-17T14:40:00-04:00,2026-08-28,770.0,call,634.0,1464.0,,19309.0,,,,,3681347.0,14041086.0,-10359739.0,1687012.0,,1875879819.0,,,530.37,100.0,unknown,QuantData PER_ONE_DOLLAR_MOVE; exact dollar/contract scaling unverified,QuantData
2026-08-17T14:40:00-04:00,2026-08-28,770.0,put,0.0,0.0,,0.0,,,,,3681347.0,14041086.0,-10359739.0,1687012.0,,1875879819.0,,,530.37,100.0,unknown,QuantData PER_ONE_DOLLAR_MOVE; exact dollar/contract scaling unverified,QuantData
2026-08-17T14:40:00-04:00,2026-08-28,800.0,call,1942.0,4113.0,,79503.0,,,,,3681347.0,14041086.0,-10359739.0,1687012.0,,1875879819.0,,,530.37,100.0,unknown,QuantData PER_ONE_DOLLAR_MOVE; exact dollar/contract scaling unverified,QuantData
2026-08-17T14:40:00-04:00,2026-08-28,800.0,put,0.0,0.0,,0.0,,,,,3681347.0,14041086.0,-10359739.0,1687012.0,,1875879819.0,,,530.37,100.0,unknown,QuantData PER_ONE_DOLLAR_MOVE; exact dollar/contract scaling unverified,QuantData
2026-08-17T14:40:00-04:00,2026-08-28,810.0,call,340.0,820.0,,11026.0,,,,,3681347.0,14041086.0,-10359739.0,1687012.0,,1875879819.0,,,530.37,100.0,unknown,QuantData PER_ONE_DOLLAR_MOVE; exact dollar/contract scaling unverified,QuantData
2026-08-17T14:40:00-04:00,2026-08-28,810.0,put,0.0,0.0,,0.0,,,,,3681347.0,14041086.0,-10359739.0,1687012.0,,1875879819.0,,,530.37,100.0,unknown,QuantData PER_ONE_DOLLAR_MOVE; exact dollar/contract scaling unverified,QuantData
2026-08-17T14:40:00-04:00,2026-08-28,850.0,call,688.0,1722.0,,23438.0,,,,,3681347.0,14041086.0,-10359739.0,1687012.0,,1875879819.0,,,530.37,100.0,unknown,QuantData PER_ONE_DOLLAR_MOVE; exact dollar/contract scaling unverified,QuantData
2026-08-17T14:40:00-04:00,2026-08-28,850.0,put,0.0,0.0,,0.0,,,,,3681347.0,14041086.0,-10359739.0,1687012.0,,1875879819.0,,,530.37,100.0,unknown,QuantData PER_ONE_DOLLAR_MOVE; exact dollar/contract scaling unverified,QuantData
2026-08-17T14:40:00-04:00,2026-09-04,290.0,call,0.0,0.0,,0.0,,,,,3681347.0,14041086.0,-10359739.0,1687012.0,,1875879819.0,,,530.37,100.0,unknown,QuantData PER_ONE_DOLLAR_MOVE; exact dollar/contract scaling unverified,QuantData
2026-08-17T14:40:00-04:00,2026-09-04,290.0,put,-166.0,-462.0,,-7747.0,,,,,3681347.0,14041086.0,-10359739.0,1687012.0,,1875879819.0,,,530.37,100.0,unknown,QuantData PER_ONE_DOLLAR_MOVE; exact dollar/contract scaling unverified,QuantData
2026-08-17T14:40:00-04:00,2026-09-04,300.0,call,0.0,0.0,,0.0,,,,,3681347.0,14041086.0,-10359739.0,1687012.0,,1875879819.0,,,530.37,100.0,unknown,QuantData PER_ONE_DOLLAR_MOVE; exact dollar/contract scaling unverified,QuantData
2026-08-17T14:40:00-04:00,2026-09-04,300.0,put,-796.0,-2350.0,,-31208.0,,,,,3681347.0,14041086.0,-10359739.0,1687012.0,,1875879819.0,,,530.37,100.0,unknown,QuantData PER_ONE_DOLLAR_MOVE; exact dollar/contract scaling unverified,QuantData
2026-08-17T14:40:00-04:00,2026-09-04,310.0,call,0.0,0.0,,0.0,,,,,3681347.0,14041086.0,-10359739.0,1687012.0,,1875879819.0,,,530.37,100.0,unknown,QuantData PER_ONE_DOLLAR_MOVE; exact dollar/contract scaling unverified,QuantData
2026-08-17T14:40:00-04:00,2026-09-04,310.0,put,-350.0,-898.0,,-17298.0,,,,,3681347.0,14041086.0,-10359739.0,1687012.0,,1875879819.0,,,530.37,100.0,unknown,QuantData PER_ONE_DOLLAR_MOVE; exact dollar/contract scaling unverified,QuantData
2026-08-17T14:40:00-04:00,2026-09-04,320.0,call,0.0,0.0,,0.0,,,,,3681347.0,14041086.0,-10359739.0,1687012.0,,1875879819.0,,,530.37,100.0,unknown,QuantData PER_ONE_DOLLAR_MOVE; exact dollar/contract scaling unverified,QuantData
2026-08-17T14:40:00-04:00,2026-09-04,320.0,put,-793.0,-2243.0,,-32826.0,,,,,3681347.0,14041086.0,-10359739.0,1687012.0,,1875879819.0,,,530.37,100.0,unknown,QuantData PER_ONE_DOLLAR_MOVE; exact dollar/contract scaling unverified,QuantData
2026-08-17T14:40:00-04:00,2026-09-04,330.0,call,0.0,0.0,,0.0,,,,,3681347.0,14041086.0,-10359739.0,1687012.0,,1875879819.0,,,530.37,100.0,unknown,QuantData PER_ONE_DOLLAR_MOVE; exact dollar/contract scaling unverified,QuantData
2026-08-17T14:40:00-04:00,2026-09-04,330.0,put,-1250.0,-3411.0,,-53695.0,,,,,3681347.0,14041086.0,-10359739.0,1687012.0,,1875879819.0,,,530.37,100.0,unknown,QuantData PER_ONE_DOLLAR_MOVE; exact dollar/contract scaling unverified,QuantData
2026-08-17T14:40:00-04:00,2026-09-04,335.0,call,0.0,0.0,,0.0,,,,,3681347.0,14041086.0,-10359739.0,1687012.0,,1875879819.0,,,530.37,100.0,unknown,QuantData PER_ONE_DOLLAR_MOVE; exact dollar/contract scaling unverified,QuantData
2026-08-17T14:40:00-04:00,2026-09-04,335.0,put,-2785.0,-6767.0,,-136626.0,,,,,3681347.0,14041086.0,-10359739.0,1687012.0,,1875879819.0,,,530.37,100.0,unknown,QuantData PER_ONE_DOLLAR_MOVE; exact dollar/contract scaling unverified,QuantData
2026-08-17T14:40:00-04:00,2026-09-04,340.0,call,0.0,0.0,,0.0,,,,,3681347.0,14041086.0,-10359739.0,1687012.0,,1875879819.0,,,530.37,100.0,unknown,QuantData PER_ONE_DOLLAR_MOVE; exact dollar/contract scaling unverified,QuantData
2026-08-17T14:40:00-04:00,2026-09-04,340.0,put,-894.0,-2275.0,,-36759.0,,,,,3681347.0,14041086.0,-10359739.0,1687012.0,,1875879819.0,,,530.37,100.0,unknown,QuantData PER_ONE_DOLLAR_MOVE; exact dollar/contract scaling unverified,QuantData
2026-08-17T14:40:00-04:00,2026-09-04,345.0,call,0.0,0.0,,0.0,,,,,3681347.0,14041086.0,-10359739.0,1687012.0,,1875879819.0,,,530.37,100.0,unknown,QuantData PER_ONE_DOLLAR_MOVE; exact dollar/contract scaling unverified,QuantData
2026-08-17T14:40:00-04:00,2026-09-04,345.0,put,-793.0,-1906.0,,-32781.0,,,,,3681347.0,14041086.0,-10359739.0,1687012.0,,1875879819.0,,,530.37,100.0,unknown,QuantData PER_ONE_DOLLAR_MOVE; exact dollar/contract scaling unverified,QuantData
2026-08-17T14:40:00-04:00,2026-09-04,350.0,call,0.0,0.0,,0.0,,,,,3681347.0,14041086.0,-10359739.0,1687012.0,,1875879819.0,,,530.37,100.0,unknown,QuantData PER_ONE_DOLLAR_MOVE; exact dollar/contract scaling unverified,QuantData
2026-08-17T14:40:00-04:00,2026-09-04,350.0,put,-2250.0,-5352.0,,-98161.0,,,,,3681347.0,14041086.0,-10359739.0,1687012.0,,1875879819.0,,,530.37,100.0,unknown,QuantData PER_ONE_DOLLAR_MOVE; exact dollar/contract scaling unverified,QuantData
2026-08-17T14:40:00-04:00,2026-09-04,355.0,call,0.0,0.0,,0.0,,,,,3681347.0,14041086.0,-10359739.0,1687012.0,,1875879819.0,,,530.37,100.0,unknown,QuantData PER_ONE_DOLLAR_MOVE; exact dollar/contract scaling unverified,QuantData
2026-08-17T14:40:00-04:00,2026-09-04,355.0,put,-359.0,-901.0,,-15152.0,,,,,3681347.0,14041086.0,-10359739.0,1687012.0,,1875879819.0,,,530.37,100.0,unknown,QuantData PER_ONE_DOLLAR_MOVE; exact dollar/contract scaling unverified,QuantData
2026-08-17T14:40:00-04:00,2026-09-04,360.0,call,0.0,0.0,,0.0,,,,,3681347.0,14041086.0,-10359739.0,1687012.0,,1875879819.0,,,530.37,100.0,unknown,QuantData PER_ONE_DOLLAR_MOVE; exact dollar/contract scaling unverified,QuantData
2026-08-17T14:40:00-04:00,2026-09-04,360.0,put,-5256.0,-12757.0,,-226074.0,,,,,3681347.0,14041086.0,-10359739.0,1687012.0,,1875879819.0,,,530.37,100.0,unknown,QuantData PER_ONE_DOLLAR_MOVE; exact dollar/contract scaling unverified,QuantData
2026-08-17T14:40:00-04:00,2026-09-04,365.0,call,0.0,0.0,,0.0,,,,,3681347.0,14041086.0,-10359739.0,1687012.0,,1875879819.0,,,530.37,100.0,unknown,QuantData PER_ONE_DOLLAR_MOVE; exact dollar/contract scaling unverified,QuantData
2026-08-17T14:40:00-04:00,2026-09-04,365.0,put,-1203.0,-2629.0,,-52408.0,,,,,3681347.0,14041086.0,-10359739.0,1687012.0,,1875879819.0,,,530.37,100.0,unknown,QuantData PER_ONE_DOLLAR_MOVE; exact dollar/contract scaling unverified,QuantData
2026-08-17T14:40:00-04:00,2026-09-04,370.0,call,0.0,0.0,,0.0,,,,,3681347.0,14041086.0,-10359739.0,1687012.0,,1875879819.0,,,530.37,100.0,unknown,QuantData PER_ONE_DOLLAR_MOVE; exact dollar/contract scaling unverified,QuantData
2026-08-17T14:40:00-04:00,2026-09-04,370.0,put,-3570.0,-7811.0,,-156175.0,,,,,3681347.0,14041086.0,-10359739.0,1687012.0,,1875879819.0,,,530.37,100.0,unknown,QuantData PER_ONE_DOLLAR_MOVE; exact dollar/contract scaling unverified,QuantData
2026-08-17T14:40:00-04:00,2026-09-04,375.0,call,0.0,0.0,,0.0,,,,,3681347.0,14041086.0,-10359739.0,1687012.0,,1875879819.0,,,530.37,100.0,unknown,QuantData PER_ONE_DOLLAR_MOVE; exact dollar/contract scaling unverified,QuantData
2026-08-17T14:40:00-04:00,2026-09-04,375.0,put,-3719.0,-7469.0,,-164362.0,,,,,3681347.0,14041086.0,-10359739.0,1687012.0,,1875879819.0,,,530.37,100.0,unknown,QuantData PER_ONE_DOLLAR_MOVE; exact dollar/contract scaling unverified,QuantData
2026-08-17T14:40:00-04:00,2026-09-04,380.0,call,0.0,0.0,,0.0,,,,,3681347.0,14041086.0,-10359739.0,1687012.0,,1875879819.0,,,530.37,100.0,unknown,QuantData PER_ONE_DOLLAR_MOVE; exact dollar/contract scaling unverified,QuantData
2026-08-17T14:40:00-04:00,2026-09-04,380.0,put,-3433.0,-6829.0,,-153911.0,,,,,3681347.0,14041086.0,-10359739.0,1687012.0,,1875879819.0,,,530.37,100.0,unknown,QuantData PER_ONE_DOLLAR_MOVE; exact dollar/contract scaling unverified,QuantData
2026-08-17T14:40:00-04:00,2026-09-04,385.0,call,0.0,0.0,,0.0,,,,,3681347.0,14041086.0,-10359739.0,1687012.0,,1875879819.0,,,530.37,100.0,unknown,QuantData PER_ONE_DOLLAR_MOVE; exact dollar/contract scaling unverified,QuantData
2026-08-17T14:40:00-04:00,2026-09-04,385.0,put,-5971.0,-11451.0,,-265104.0,,,,,3681347.0,14041086.0,-10359739.0,1687012.0,,1875879819.0,,,530.37,100.0,unknown,QuantData PER_ONE_DOLLAR_MOVE; exact dollar/contract scaling unverified,QuantData
2026-08-17T14:40:00-04:00,2026-09-04,390.0,call,0.0,0.0,,0.0,,,,,3681347.0,14041086.0,-10359739.0,1687012.0,,1875879819.0,,,530.37,100.0,unknown,QuantData PER_ONE_DOLLAR_MOVE; exact dollar/contract scaling unverified,QuantData
2026-08-17T14:40:00-04:00,2026-09-04,390.0,put,-1562.0,-3030.0,,-73465.0,,,,,3681347.0,14041086.0,-10359739.0,1687012.0,,1875879819.0,,,530.37,100.0,unknown,QuantData PER_ONE_DOLLAR_MOVE; exact dollar/contract scaling unverified,QuantData
2026-08-17T14:40:00-04:00,2026-09-04,395.0,call,0.0,0.0,,0.0,,,,,3681347.0,14041086.0,-10359739.0,1687012.0,,1875879819.0,,,530.37,100.0,unknown,QuantData PER_ONE_DOLLAR_MOVE; exact dollar/contract scaling unverified,QuantData
2026-08-17T14:40:00-04:00,2026-09-04,395.0,put,-3404.0,-6116.0,,-156203.0,,,,,3681347.0,14041086.0,-10359739.0,1687012.0,,1875879819.0,,,530.37,100.0,unknown,QuantData PER_ONE_DOLLAR_MOVE; exact dollar/contract scaling unverified,QuantData
2026-08-17T14:40:00-04:00,2026-09-04,400.0,call,0.0,0.0,,0.0,,,,,3681347.0,14041086.0,-10359739.0,1687012.0,,1875879819.0,,,530.37,100.0,unknown,QuantData PER_ONE_DOLLAR_MOVE; exact dollar/contract scaling unverified,QuantData
2026-08-17T14:40:00-04:00,2026-09-04,400.0,put,-10611.0,-18758.0,,-486055.0,,,,,3681347.0,14041086.0,-10359739.0,1687012.0,,1875879819.0,,,530.37,100.0,unknown,QuantData PER_ONE_DOLLAR_MOVE; exact dollar/contract scaling unverified,QuantData
2026-08-17T14:40:00-04:00,2026-09-04,405.0,call,0.0,0.0,,0.0,,,,,3681347.0,14041086.0,-10359739.0,1687012.0,,1875879819.0,,,530.37,100.0,unknown,QuantData PER_ONE_DOLLAR_MOVE; exact dollar/contract scaling unverified,QuantData
2026-08-17T14:40:00-04:00,2026-09-04,405.0,put,-2753.0,-4537.0,,-128888.0,,,,,3681347.0,14041086.0,-10359739.0,1687012.0,,1875879819.0,,,530.37,100.0,unknown,QuantData PER_ONE_DOLLAR_MOVE; exact dollar/contract scaling unverified,QuantData
2026-08-17T14:40:00-04:00,2026-09-04,410.0,call,613.0,-1129.0,,563969.0,,,,,3681347.0,14041086.0,-10359739.0,1687012.0,,1875879819.0,,,530.37,100.0,unknown,QuantData PER_ONE_DOLLAR_MOVE; exact dollar/contract scaling unverified,QuantData
2026-08-17T14:40:00-04:00,2026-09-04,410.0,put,-48733.0,-78058.0,,-2328457.0,,,,,3681347.0,14041086.0,-10359739.0,1687012.0,,1875879819.0,,,530.37,100.0,unknown,QuantData PER_ONE_DOLLAR_MOVE; exact dollar/contract scaling unverified,QuantData
2026-08-17T14:40:00-04:00,2026-09-04,415.0,call,0.0,0.0,,0.0,,,,,3681347.0,14041086.0,-10359739.0,1687012.0,,1875879819.0,,,530.37,100.0,unknown,QuantData PER_ONE_DOLLAR_MOVE; exact dollar/contract scaling unverified,QuantData
2026-08-17T14:40:00-04:00,2026-09-04,415.0,put,-28416.0,-42560.0,,-1426012.0,,,,,3681347.0,14041086.0,-10359739.0,1687012.0,,1875879819.0,,,530.37,100.0,unknown,QuantData PER_ONE_DOLLAR_MOVE; exact dollar/contract scaling unverified,QuantData
2026-08-17T14:40:00-04:00,2026-09-04,420.0,call,0.0,0.0,,0.0,,,,,3681347.0,14041086.0,-10359739.0,1687012.0,,1875879819.0,,,530.37,100.0,unknown,QuantData PER_ONE_DOLLAR_MOVE; exact dollar/contract scaling unverified,QuantData
2026-08-17T14:40:00-04:00,2026-09-04,420.0,put,-16147.0,-24376.0,,-810290.0,,,,,3681347.0,14041086.0,-10359739.0,1687012.0,,1875879819.0,,,530.37,100.0,unknown,QuantData PER_ONE_DOLLAR_MOVE; exact dollar/contract scaling unverified,QuantData
2026-08-17T14:40:00-04:00,2026-09-04,425.0,call,0.0,0.0,,0.0,,,,,3681347.0,14041086.0,-10359739.0,1687012.0,,1875879819.0,,,530.37,100.0,unknown,QuantData PER_ONE_DOLLAR_MOVE; exact dollar/contract scaling unverified,QuantData
2026-08-17T14:40:00-04:00,2026-09-04,425.0,put,-4572.0,-6349.0,,-238638.0,,,,,3681347.0,14041086.0,-10359739.0,1687012.0,,1875879819.0,,,530.37,100.0,unknown,QuantData PER_ONE_DOLLAR_MOVE; exact dollar/contract scaling unverified,QuantData
2026-08-17T14:40:00-04:00,2026-09-04,430.0,call,0.0,0.0,,0.0,,,,,3681347.0,14041086.0,-10359739.0,1687012.0,,1875879819.0,,,530.37,100.0,unknown,QuantData PER_ONE_DOLLAR_MOVE; exact dollar/contract scaling unverified,QuantData
2026-08-17T14:40:00-04:00,2026-09-04,430.0,put,-2668.0,-3946.0,,-140453.0,,,,,3681347.0,14041086.0,-10359739.0,1687012.0,,1875879819.0,,,530.37,100.0,unknown,QuantData PER_ONE_DOLLAR_MOVE; exact dollar/contract scaling unverified,QuantData
2026-08-17T14:40:00-04:00,2026-09-04,435.0,call,1526.0,-1727.0,,593716.0,,,,,3681347.0,14041086.0,-10359739.0,1687012.0,,1875879819.0,,,530.37,100.0,unknown,QuantData PER_ONE_DOLLAR_MOVE; exact dollar/contract scaling unverified,QuantData
2026-08-17T14:40:00-04:00,2026-09-04,435.0,put,-9150.0,-11838.0,,-490142.0,,,,,3681347.0,14041086.0,-10359739.0,1687012.0,,1875879819.0,,,530.37,100.0,unknown,QuantData PER_ONE_DOLLAR_MOVE; exact dollar/contract scaling unverified,QuantData
2026-08-17T14:40:00-04:00,2026-09-04,440.0,call,2077.0,-2633.0,,1017961.0,,,,,3681347.0,14041086.0,-10359739.0,1687012.0,,1875879819.0,,,530.37,100.0,unknown,QuantData PER_ONE_DOLLAR_MOVE; exact dollar/contract scaling unverified,QuantData
2026-08-17T14:40:00-04:00,2026-09-04,440.0,put,-18613.0,-22229.0,,-1023733.0,,,,,3681347.0,14041086.0,-10359739.0,1687012.0,,1875879819.0,,,530.37,100.0,unknown,QuantData PER_ONE_DOLLAR_MOVE; exact dollar/contract scaling unverified,QuantData
2026-08-17T14:40:00-04:00,2026-09-04,445.0,call,1514.0,-1663.0,,549144.0,,,,,3681347.0,14041086.0,-10359739.0,1687012.0,,1875879819.0,,,530.37,100.0,unknown,QuantData PER_ONE_DOLLAR_MOVE; exact dollar/contract scaling unverified,QuantData
2026-08-17T14:40:00-04:00,2026-09-04,445.0,put,-34661.0,-37981.0,,-1957281.0,,,,,3681347.0,14041086.0,-10359739.0,1687012.0,,1875879819.0,,,530.37,100.0,unknown,QuantData PER_ONE_DOLLAR_MOVE; exact dollar/contract scaling unverified,QuantData
2026-08-17T14:40:00-04:00,2026-09-04,450.0,call,4642.0,-4933.0,,1591951.0,,,,,3681347.0,14041086.0,-10359739.0,1687012.0,,1875879819.0,,,530.37,100.0,unknown,QuantData PER_ONE_DOLLAR_MOVE; exact dollar/contract scaling unverified,QuantData
2026-08-17T14:40:00-04:00,2026-09-04,450.0,put,-35524.0,-35906.0,,-2121384.0,,,,,3681347.0,14041086.0,-10359739.0,1687012.0,,1875879819.0,,,530.37,100.0,unknown,QuantData PER_ONE_DOLLAR_MOVE; exact dollar/contract scaling unverified,QuantData
2026-08-17T14:40:00-04:00,2026-09-04,455.0,call,2599.0,-2482.0,,796534.0,,,,,3681347.0,14041086.0,-10359739.0,1687012.0,,1875879819.0,,,530.37,100.0,unknown,QuantData PER_ONE_DOLLAR_MOVE; exact dollar/contract scaling unverified,QuantData
2026-08-17T14:40:00-04:00,2026-09-04,455.0,put,-20760.0,-19761.0,,-1247237.0,,,,,3681347.0,14041086.0,-10359739.0,1687012.0,,1875879819.0,,,530.37,100.0,unknown,QuantData PER_ONE_DOLLAR_MOVE; exact dollar/contract scaling unverified,QuantData
2026-08-17T14:40:00-04:00,2026-09-04,460.0,call,6085.0,-6971.0,,1999292.0,,,,,3681347.0,14041086.0,-10359739.0,1687012.0,,1875879819.0,,,530.37,100.0,unknown,QuantData PER_ONE_DOLLAR_MOVE; exact dollar/contract scaling unverified,QuantData
2026-08-17T14:40:00-04:00,2026-09-04,460.0,put,-24216.0,-21671.0,,-1515810.0,,,,,3681347.0,14041086.0,-10359739.0,1687012.0,,1875879819.0,,,530.37,100.0,unknown,QuantData PER_ONE_DOLLAR_MOVE; exact dollar/contract scaling unverified,QuantData
2026-08-17T14:40:00-04:00,2026-09-04,465.0,call,3591.0,-2992.0,,941631.0,,,,,3681347.0,14041086.0,-10359739.0,1687012.0,,1875879819.0,,,530.37,100.0,unknown,QuantData PER_ONE_DOLLAR_MOVE; exact dollar/contract scaling unverified,QuantData
2026-08-17T14:40:00-04:00,2026-09-04,465.0,put,-7249.0,-6440.0,,-461896.0,,,,,3681347.0,14041086.0,-10359739.0,1687012.0,,1875879819.0,,,530.37,100.0,unknown,QuantData PER_ONE_DOLLAR_MOVE; exact dollar/contract scaling unverified,QuantData
2026-08-17T14:40:00-04:00,2026-09-04,470.0,call,5400.0,-3868.0,,1325264.0,,,,,3681347.0,14041086.0,-10359739.0,1687012.0,,1875879819.0,,,530.37,100.0,unknown,QuantData PER_ONE_DOLLAR_MOVE; exact dollar/contract scaling unverified,QuantData
2026-08-17T14:40:00-04:00,2026-09-04,470.0,put,-16956.0,-13325.0,,-1111692.0,,,,,3681347.0,14041086.0,-10359739.0,1687012.0,,1875879819.0,,,530.37,100.0,unknown,QuantData PER_ONE_DOLLAR_MOVE; exact dollar/contract scaling unverified,QuantData
2026-08-17T14:40:00-04:00,2026-09-04,472.5,call,0.0,0.0,,0.0,,,,,3681347.0,14041086.0,-10359739.0,1687012.0,,1875879819.0,,,530.37,100.0,unknown,QuantData PER_ONE_DOLLAR_MOVE; exact dollar/contract scaling unverified,QuantData
2026-08-17T14:40:00-04:00,2026-09-04,472.5,put,0.0,0.0,,0.0,,,,,3681347.0,14041086.0,-10359739.0,1687012.0,,1875879819.0,,,530.37,100.0,unknown,QuantData PER_ONE_DOLLAR_MOVE; exact dollar/contract scaling unverified,QuantData
2026-08-17T14:40:00-04:00,2026-09-04,475.0,call,13048.0,-8454.0,,2951442.0,,,,,3681347.0,14041086.0,-10359739.0,1687012.0,,1875879819.0,,,530.37,100.0,unknown,QuantData PER_ONE_DOLLAR_MOVE; exact dollar/contract scaling unverified,QuantData
2026-08-17T14:40:00-04:00,2026-09-04,475.0,put,-11485.0,-8476.0,,-757998.0,,,,,3681347.0,14041086.0,-10359739.0,1687012.0,,1875879819.0,,,530.37,100.0,unknown,QuantData PER_ONE_DOLLAR_MOVE; exact dollar/contract scaling unverified,QuantData
2026-08-17T14:40:00-04:00,2026-09-04,480.0,call,9433.0,-5619.0,,2027853.0,,,,,3681347.0,14041086.0,-10359739.0,1687012.0,,1875879819.0,,,530.37,100.0,unknown,QuantData PER_ONE_DOLLAR_MOVE; exact dollar/contract scaling unverified,QuantData
2026-08-17T14:40:00-04:00,2026-09-04,480.0,put,-6312.0,-3618.0,,-457998.0,,,,,3681347.0,14041086.0,-10359739.0,1687012.0,,1875879819.0,,,530.37,100.0,unknown,QuantData PER_ONE_DOLLAR_MOVE; exact dollar/contract scaling unverified,QuantData
2026-08-17T14:40:00-04:00,2026-09-04,485.0,call,14734.0,-8154.0,,3064255.0,,,,,3681347.0,14041086.0,-10359739.0,1687012.0,,1875879819.0,,,530.37,100.0,unknown,QuantData PER_ONE_DOLLAR_MOVE; exact dollar/contract scaling unverified,QuantData
2026-08-17T14:40:00-04:00,2026-09-04,485.0,put,-17381.0,-10476.0,,-1229958.0,,,,,3681347.0,14041086.0,-10359739.0,1687012.0,,1875879819.0,,,530.37,100.0,unknown,QuantData PER_ONE_DOLLAR_MOVE; exact dollar/contract scaling unverified,QuantData
2026-08-17T14:40:00-04:00,2026-09-04,487.5,call,0.0,0.0,,0.0,,,,,3681347.0,14041086.0,-10359739.0,1687012.0,,1875879819.0,,,530.37,100.0,unknown,QuantData PER_ONE_DOLLAR_MOVE; exact dollar/contract scaling unverified,QuantData
2026-08-17T14:40:00-04:00,2026-09-04,487.5,put,-176.0,-120.0,,-12596.0,,,,,3681347.0,14041086.0,-10359739.0,1687012.0,,1875879819.0,,,530.37,100.0,unknown,QuantData PER_ONE_DOLLAR_MOVE; exact dollar/contract scaling unverified,QuantData
2026-08-17T14:40:00-04:00,2026-09-04,490.0,call,11736.0,-4863.0,,2140312.0,,,,,3681347.0,14041086.0,-10359739.0,1687012.0,,1875879819.0,,,530.37,100.0,unknown,QuantData PER_ONE_DOLLAR_MOVE; exact dollar/contract scaling unverified,QuantData
2026-08-17T14:40:00-04:00,2026-09-04,490.0,put,-30494.0,-13079.0,,-2360107.0,,,,,3681347.0,14041086.0,-10359739.0,1687012.0,,1875879819.0,,,530.37,100.0,unknown,QuantData PER_ONE_DOLLAR_MOVE; exact dollar/contract scaling unverified,QuantData
2026-08-17T14:40:00-04:00,2026-09-04,492.5,call,195.0,-86.0,,37715.0,,,,,3681347.0,14041086.0,-10359739.0,1687012.0,,1875879819.0,,,530.37,100.0,unknown,QuantData PER_ONE_DOLLAR_MOVE; exact dollar/contract scaling unverified,QuantData
2026-08-17T14:40:00-04:00,2026-09-04,492.5,put,-4610.0,-2578.0,,-326863.0,,,,,3681347.0,14041086.0,-10359739.0,1687012.0,,1875879819.0,,,530.37,100.0,unknown,QuantData PER_ONE_DOLLAR_MOVE; exact dollar/contract scaling unverified,QuantData
2026-08-17T14:40:00-04:00,2026-09-04,495.0,call,2921.0,-1047.0,,504499.0,,,,,3681347.0,14041086.0,-10359739.0,1687012.0,,1875879819.0,,,530.37,100.0,unknown,QuantData PER_ONE_DOLLAR_MOVE; exact dollar/contract scaling unverified,QuantData
2026-08-17T14:40:00-04:00,2026-09-04,495.0,put,-9868.0,-3381.0,,-796475.0,,,,,3681347.0,14041086.0,-10359739.0,1687012.0,,1875879819.0,,,530.37,100.0,unknown,QuantData PER_ONE_DOLLAR_MOVE; exact dollar/contract scaling unverified,QuantData
2026-08-17T14:40:00-04:00,2026-09-04,497.5,call,411.0,-274.0,,82634.0,,,,,3681347.0,14041086.0,-10359739.0,1687012.0,,1875879819.0,,,530.37,100.0,unknown,QuantData PER_ONE_DOLLAR_MOVE; exact dollar/contract scaling unverified,QuantData
2026-08-17T14:40:00-04:00,2026-09-04,497.5,put,-181.0,-91.0,,-14967.0,,,,,3681347.0,14041086.0,-10359739.0,1687012.0,,1875879819.0,,,530.37,100.0,unknown,QuantData PER_ONE_DOLLAR_MOVE; exact dollar/contract scaling unverified,QuantData
2026-08-17T14:40:00-04:00,2026-09-04,500.0,call,34617.0,-12632.0,,5925789.0,,,,,3681347.0,14041086.0,-10359739.0,1687012.0,,1875879819.0,,,530.37,100.0,unknown,QuantData PER_ONE_DOLLAR_MOVE; exact dollar/contract scaling unverified,QuantData
2026-08-17T14:40:00-04:00,2026-09-04,500.0,put,-38754.0,-13390.0,,-3168029.0,,,,,3681347.0,14041086.0,-10359739.0,1687012.0,,1875879819.0,,,530.37,100.0,unknown,QuantData PER_ONE_DOLLAR_MOVE; exact dollar/contract scaling unverified,QuantData
2026-08-17T14:40:00-04:00,2026-09-04,505.0,call,22811.0,-5470.0,,3551493.0,,,,,3681347.0,14041086.0,-10359739.0,1687012.0,,1875879819.0,,,530.37,100.0,unknown,QuantData PER_ONE_DOLLAR_MOVE; exact dollar/contract scaling unverified,QuantData
2026-08-17T14:40:00-04:00,2026-09-04,505.0,put,-10468.0,-4207.0,,-847955.0,,,,,3681347.0,14041086.0,-10359739.0,1687012.0,,1875879819.0,,,530.37,100.0,unknown,QuantData PER_ONE_DOLLAR_MOVE; exact dollar/contract scaling unverified,QuantData
2026-08-17T14:40:00-04:00,2026-09-04,510.0,call,22762.0,-4046.0,,3341149.0,,,,,3681347.0,14041086.0,-10359739.0,1687012.0,,1875879819.0,,,530.37,100.0,unknown,QuantData PER_ONE_DOLLAR_MOVE; exact dollar/contract scaling unverified,QuantData
2026-08-17T14:40:00-04:00,2026-09-04,510.0,put,-22232.0,-5930.0,,-1882135.0,,,,,3681347.0,14041086.0,-10359739.0,1687012.0,,1875879819.0,,,530.37,100.0,unknown,QuantData PER_ONE_DOLLAR_MOVE; exact dollar/contract scaling unverified,QuantData
2026-08-17T14:40:00-04:00,2026-09-04,515.0,call,20433.0,-5160.0,,3411090.0,,,,,3681347.0,14041086.0,-10359739.0,1687012.0,,1875879819.0,,,530.37,100.0,unknown,QuantData PER_ONE_DOLLAR_MOVE; exact dollar/contract scaling unverified,QuantData
2026-08-17T14:40:00-04:00,2026-09-04,515.0,put,-66769.0,-8606.0,,-6149590.0,,,,,3681347.0,14041086.0,-10359739.0,1687012.0,,1875879819.0,,,530.37,100.0,unknown,QuantData PER_ONE_DOLLAR_MOVE; exact dollar/contract scaling unverified,QuantData
2026-08-17T14:40:00-04:00,2026-09-04,520.0,call,8702.0,-390.0,,1172840.0,,,,,3681347.0,14041086.0,-10359739.0,1687012.0,,1875879819.0,,,530.37,100.0,unknown,QuantData PER_ONE_DOLLAR_MOVE; exact dollar/contract scaling unverified,QuantData
2026-08-17T14:40:00-04:00,2026-09-04,520.0,put,-63015.0,-2484.0,,-6121893.0,,,,,3681347.0,14041086.0,-10359739.0,1687012.0,,1875879819.0,,,530.37,100.0,unknown,QuantData PER_ONE_DOLLAR_MOVE; exact dollar/contract scaling unverified,QuantData
2026-08-17T14:40:00-04:00,2026-09-04,525.0,call,12287.0,530.0,,1548448.0,,,,,3681347.0,14041086.0,-10359739.0,1687012.0,,1875879819.0,,,530.37,100.0,unknown,QuantData PER_ONE_DOLLAR_MOVE; exact dollar/contract scaling unverified,QuantData
2026-08-17T14:40:00-04:00,2026-09-04,525.0,put,-12661.0,609.0,,-1300086.0,,,,,3681347.0,14041086.0,-10359739.0,1687012.0,,1875879819.0,,,530.37,100.0,unknown,QuantData PER_ONE_DOLLAR_MOVE; exact dollar/contract scaling unverified,QuantData
2026-08-17T14:40:00-04:00,2026-09-04,530.0,call,11473.0,922.0,,1436606.0,,,,,3681347.0,14041086.0,-10359739.0,1687012.0,,1875879819.0,,,530.37,100.0,unknown,QuantData PER_ONE_DOLLAR_MOVE; exact dollar/contract scaling unverified,QuantData
2026-08-17T14:40:00-04:00,2026-09-04,530.0,put,-60937.0,5728.0,,-6472352.0,,,,,3681347.0,14041086.0,-10359739.0,1687012.0,,1875879819.0,,,530.37,100.0,unknown,QuantData PER_ONE_DOLLAR_MOVE; exact dollar/contract scaling unverified,QuantData
2026-08-17T14:40:00-04:00,2026-09-04,535.0,call,38212.0,4896.0,,4546141.0,,,,,3681347.0,14041086.0,-10359739.0,1687012.0,,1875879819.0,,,530.37,100.0,unknown,QuantData PER_ONE_DOLLAR_MOVE; exact dollar/contract scaling unverified,QuantData
2026-08-17T14:40:00-04:00,2026-09-04,535.0,put,-9621.0,648.0,,-1000722.0,,,,,3681347.0,14041086.0,-10359739.0,1687012.0,,1875879819.0,,,530.37,100.0,unknown,QuantData PER_ONE_DOLLAR_MOVE; exact dollar/contract scaling unverified,QuantData
2026-08-17T14:40:00-04:00,2026-09-04,540.0,call,13854.0,1991.0,,1641513.0,,,,,3681347.0,14041086.0,-10359739.0,1687012.0,,1875879819.0,,,530.37,100.0,unknown,QuantData PER_ONE_DOLLAR_MOVE; exact dollar/contract scaling unverified,QuantData
2026-08-17T14:40:00-04:00,2026-09-04,540.0,put,-68714.0,15820.0,,-7878896.0,,,,,3681347.0,14041086.0,-10359739.0,1687012.0,,1875879819.0,,,530.37,100.0,unknown,QuantData PER_ONE_DOLLAR_MOVE; exact dollar/contract scaling unverified,QuantData
2026-08-17T14:40:00-04:00,2026-09-04,545.0,call,8466.0,1995.0,,938297.0,,,,,3681347.0,14041086.0,-10359739.0,1687012.0,,1875879819.0,,,530.37,100.0,unknown,QuantData PER_ONE_DOLLAR_MOVE; exact dollar/contract scaling unverified,QuantData
2026-08-17T14:40:00-04:00,2026-09-04,545.0,put,-34356.0,9106.0,,-4115909.0,,,,,3681347.0,14041086.0,-10359739.0,1687012.0,,1875879819.0,,,530.37,100.0,unknown,QuantData PER_ONE_DOLLAR_MOVE; exact dollar/contract scaling unverified,QuantData
2026-08-17T14:40:00-04:00,2026-09-04,550.0,call,27022.0,9516.0,,2780576.0,,,,,3681347.0,14041086.0,-10359739.0,1687012.0,,1875879819.0,,,530.37,100.0,unknown,QuantData PER_ONE_DOLLAR_MOVE; exact dollar/contract scaling unverified,QuantData
2026-08-17T14:40:00-04:00,2026-09-04,550.0,put,-50768.0,17884.0,,-6384354.0,,,,,3681347.0,14041086.0,-10359739.0,1687012.0,,1875879819.0,,,530.37,100.0,unknown,QuantData PER_ONE_DOLLAR_MOVE; exact dollar/contract scaling unverified,QuantData
2026-08-17T14:40:00-04:00,2026-09-04,555.0,call,57260.0,17953.0,,6159872.0,,,,,3681347.0,14041086.0,-10359739.0,1687012.0,,1875879819.0,,,530.37,100.0,unknown,QuantData PER_ONE_DOLLAR_MOVE; exact dollar/contract scaling unverified,QuantData
2026-08-17T14:40:00-04:00,2026-09-04,555.0,put,0.0,0.0,,0.0,,,,,3681347.0,14041086.0,-10359739.0,1687012.0,,1875879819.0,,,530.37,100.0,unknown,QuantData PER_ONE_DOLLAR_MOVE; exact dollar/contract scaling unverified,QuantData
2026-08-17T14:40:00-04:00,2026-09-04,560.0,call,58603.0,27350.0,,5549278.0,,,,,3681347.0,14041086.0,-10359739.0,1687012.0,,1875879819.0,,,530.37,100.0,unknown,QuantData PER_ONE_DOLLAR_MOVE; exact dollar/contract scaling unverified,QuantData
2026-08-17T14:40:00-04:00,2026-09-04,560.0,put,0.0,0.0,,0.0,,,,,3681347.0,14041086.0,-10359739.0,1687012.0,,1875879819.0,,,530.37,100.0,unknown,QuantData PER_ONE_DOLLAR_MOVE; exact dollar/contract scaling unverified,QuantData
2026-08-17T14:40:00-04:00,2026-09-04,565.0,call,23459.0,12781.0,,2114679.0,,,,,3681347.0,14041086.0,-10359739.0,1687012.0,,1875879819.0,,,530.37,100.0,unknown,QuantData PER_ONE_DOLLAR_MOVE; exact dollar/contract scaling unverified,QuantData
2026-08-17T14:40:00-04:00,2026-09-04,565.0,put,-851.0,297.0,,-117460.0,,,,,3681347.0,14041086.0,-10359739.0,1687012.0,,1875879819.0,,,530.37,100.0,unknown,QuantData PER_ONE_DOLLAR_MOVE; exact dollar/contract scaling unverified,QuantData
2026-08-17T14:40:00-04:00,2026-09-04,570.0,call,10268.0,6059.0,,903278.0,,,,,3681347.0,14041086.0,-10359739.0,1687012.0,,1875879819.0,,,530.37,100.0,unknown,QuantData PER_ONE_DOLLAR_MOVE; exact dollar/contract scaling unverified,QuantData
2026-08-17T14:40:00-04:00,2026-09-04,570.0,put,0.0,0.0,,0.0,,,,,3681347.0,14041086.0,-10359739.0,1687012.0,,1875879819.0,,,530.37,100.0,unknown,QuantData PER_ONE_DOLLAR_MOVE; exact dollar/contract scaling unverified,QuantData
2026-08-17T14:40:00-04:00,2026-09-04,575.0,call,0.0,0.0,,0.0,,,,,3681347.0,14041086.0,-10359739.0,1687012.0,,1875879819.0,,,530.37,100.0,unknown,QuantData PER_ONE_DOLLAR_MOVE; exact dollar/contract scaling unverified,QuantData
2026-08-17T14:40:00-04:00,2026-09-04,575.0,put,-15740.0,10245.0,,-2532569.0,,,,,3681347.0,14041086.0,-10359739.0,1687012.0,,1875879819.0,,,530.37,100.0,unknown,QuantData PER_ONE_DOLLAR_MOVE; exact dollar/contract scaling unverified,QuantData
2026-08-17T14:40:00-04:00,2026-09-04,580.0,call,8084.0,5398.0,,687025.0,,,,,3681347.0,14041086.0,-10359739.0,1687012.0,,1875879819.0,,,530.37,100.0,unknown,QuantData PER_ONE_DOLLAR_MOVE; exact dollar/contract scaling unverified,QuantData
2026-08-17T14:40:00-04:00,2026-09-04,580.0,put,0.0,0.0,,0.0,,,,,3681347.0,14041086.0,-10359739.0,1687012.0,,1875879819.0,,,530.37,100.0,unknown,QuantData PER_ONE_DOLLAR_MOVE; exact dollar/contract scaling unverified,QuantData
2026-08-17T14:40:00-04:00,2026-09-04,585.0,call,6205.0,3529.0,,612284.0,,,,,3681347.0,14041086.0,-10359739.0,1687012.0,,1875879819.0,,,530.37,100.0,unknown,QuantData PER_ONE_DOLLAR_MOVE; exact dollar/contract scaling unverified,QuantData
2026-08-17T14:40:00-04:00,2026-09-04,585.0,put,0.0,0.0,,0.0,,,,,3681347.0,14041086.0,-10359739.0,1687012.0,,1875879819.0,,,530.37,100.0,unknown,QuantData PER_ONE_DOLLAR_MOVE; exact dollar/contract scaling unverified,QuantData
2026-08-17T14:40:00-04:00,2026-09-04,590.0,call,4066.0,2459.0,,391049.0,,,,,3681347.0,14041086.0,-10359739.0,1687012.0,,1875879819.0,,,530.37,100.0,unknown,QuantData PER_ONE_DOLLAR_MOVE; exact dollar/contract scaling unverified,QuantData
2026-08-17T14:40:00-04:00,2026-09-04,590.0,put,0.0,0.0,,0.0,,,,,3681347.0,14041086.0,-10359739.0,1687012.0,,1875879819.0,,,530.37,100.0,unknown,QuantData PER_ONE_DOLLAR_MOVE; exact dollar/contract scaling unverified,QuantData
2026-08-17T14:40:00-04:00,2026-09-04,595.0,call,0.0,0.0,,0.0,,,,,3681347.0,14041086.0,-10359739.0,1687012.0,,1875879819.0,,,530.37,100.0,unknown,QuantData PER_ONE_DOLLAR_MOVE; exact dollar/contract scaling unverified,QuantData
2026-08-17T14:40:00-04:00,2026-09-04,595.0,put,0.0,0.0,,0.0,,,,,3681347.0,14041086.0,-10359739.0,1687012.0,,1875879819.0,,,530.37,100.0,unknown,QuantData PER_ONE_DOLLAR_MOVE; exact dollar/contract scaling unverified,QuantData
2026-08-17T14:40:00-04:00,2026-09-04,600.0,call,20677.0,19394.0,,1541256.0,,,,,3681347.0,14041086.0,-10359739.0,1687012.0,,1875879819.0,,,530.37,100.0,unknown,QuantData PER_ONE_DOLLAR_MOVE; exact dollar/contract scaling unverified,QuantData
2026-08-17T14:40:00-04:00,2026-09-04,600.0,put,0.0,0.0,,0.0,,,,,3681347.0,14041086.0,-10359739.0,1687012.0,,1875879819.0,,,530.37,100.0,unknown,QuantData PER_ONE_DOLLAR_MOVE; exact dollar/contract scaling unverified,QuantData
2026-08-17T14:40:00-04:00,2026-09-04,605.0,call,1102.0,1086.0,,80820.0,,,,,3681347.0,14041086.0,-10359739.0,1687012.0,,1875879819.0,,,530.37,100.0,unknown,QuantData PER_ONE_DOLLAR_MOVE; exact dollar/contract scaling unverified,QuantData
2026-08-17T14:40:00-04:00,2026-09-04,605.0,put,0.0,0.0,,0.0,,,,,3681347.0,14041086.0,-10359739.0,1687012.0,,1875879819.0,,,530.37,100.0,unknown,QuantData PER_ONE_DOLLAR_MOVE; exact dollar/contract scaling unverified,QuantData
2026-08-17T14:40:00-04:00,2026-09-04,610.0,call,5222.0,5636.0,,348901.0,,,,,3681347.0,14041086.0,-10359739.0,1687012.0,,1875879819.0,,,530.37,100.0,unknown,QuantData PER_ONE_DOLLAR_MOVE; exact dollar/contract scaling unverified,QuantData
2026-08-17T14:40:00-04:00,2026-09-04,610.0,put,0.0,0.0,,0.0,,,,,3681347.0,14041086.0,-10359739.0,1687012.0,,1875879819.0,,,530.37,100.0,unknown,QuantData PER_ONE_DOLLAR_MOVE; exact dollar/contract scaling unverified,QuantData
2026-08-17T14:40:00-04:00,2026-09-04,615.0,call,6209.0,5799.0,,497269.0,,,,,3681347.0,14041086.0,-10359739.0,1687012.0,,1875879819.0,,,530.37,100.0,unknown,QuantData PER_ONE_DOLLAR_MOVE; exact dollar/contract scaling unverified,QuantData
2026-08-17T14:40:00-04:00,2026-09-04,615.0,put,-2221.0,2429.0,,-532325.0,,,,,3681347.0,14041086.0,-10359739.0,1687012.0,,1875879819.0,,,530.37,100.0,unknown,QuantData PER_ONE_DOLLAR_MOVE; exact dollar/contract scaling unverified,QuantData
2026-08-17T14:40:00-04:00,2026-09-04,620.0,call,1684.0,1584.0,,137000.0,,,,,3681347.0,14041086.0,-10359739.0,1687012.0,,1875879819.0,,,530.37,100.0,unknown,QuantData PER_ONE_DOLLAR_MOVE; exact dollar/contract scaling unverified,QuantData
2026-08-17T14:40:00-04:00,2026-09-04,620.0,put,0.0,0.0,,0.0,,,,,3681347.0,14041086.0,-10359739.0,1687012.0,,1875879819.0,,,530.37,100.0,unknown,QuantData PER_ONE_DOLLAR_MOVE; exact dollar/contract scaling unverified,QuantData
2026-08-17T14:40:00-04:00,2026-09-04,625.0,call,5527.0,5506.0,,446523.0,,,,,3681347.0,14041086.0,-10359739.0,1687012.0,,1875879819.0,,,530.37,100.0,unknown,QuantData PER_ONE_DOLLAR_MOVE; exact dollar/contract scaling unverified,QuantData
2026-08-17T14:40:00-04:00,2026-09-04,625.0,put,0.0,0.0,,0.0,,,,,3681347.0,14041086.0,-10359739.0,1687012.0,,1875879819.0,,,530.37,100.0,unknown,QuantData PER_ONE_DOLLAR_MOVE; exact dollar/contract scaling unverified,QuantData
2026-08-17T14:40:00-04:00,2026-09-04,630.0,call,0.0,0.0,,0.0,,,,,3681347.0,14041086.0,-10359739.0,1687012.0,,1875879819.0,,,530.37,100.0,unknown,QuantData PER_ONE_DOLLAR_MOVE; exact dollar/contract scaling unverified,QuantData
2026-08-17T14:40:00-04:00,2026-09-04,630.0,put,0.0,0.0,,0.0,,,,,3681347.0,14041086.0,-10359739.0,1687012.0,,1875879819.0,,,530.37,100.0,unknown,QuantData PER_ONE_DOLLAR_MOVE; exact dollar/contract scaling unverified,QuantData
2026-08-17T14:40:00-04:00,2026-09-04,635.0,call,0.0,0.0,,0.0,,,,,3681347.0,14041086.0,-10359739.0,1687012.0,,1875879819.0,,,530.37,100.0,unknown,QuantData PER_ONE_DOLLAR_MOVE; exact dollar/contract scaling unverified,QuantData
2026-08-17T14:40:00-04:00,2026-09-04,635.0,put,0.0,0.0,,0.0,,,,,3681347.0,14041086.0,-10359739.0,1687012.0,,1875879819.0,,,530.37,100.0,unknown,QuantData PER_ONE_DOLLAR_MOVE; exact dollar/contract scaling unverified,QuantData
2026-08-17T14:40:00-04:00,2026-09-04,640.0,call,164.0,187.0,,12410.0,,,,,3681347.0,14041086.0,-10359739.0,1687012.0,,1875879819.0,,,530.37,100.0,unknown,QuantData PER_ONE_DOLLAR_MOVE; exact dollar/contract scaling unverified,QuantData
2026-08-17T14:40:00-04:00,2026-09-04,640.0,put,-326.0,446.0,,-90777.0,,,,,3681347.0,14041086.0,-10359739.0,1687012.0,,1875879819.0,,,530.37,100.0,unknown,QuantData PER_ONE_DOLLAR_MOVE; exact dollar/contract scaling unverified,QuantData
2026-08-17T14:40:00-04:00,2026-09-04,645.0,call,0.0,0.0,,0.0,,,,,3681347.0,14041086.0,-10359739.0,1687012.0,,1875879819.0,,,530.37,100.0,unknown,QuantData PER_ONE_DOLLAR_MOVE; exact dollar/contract scaling unverified,QuantData
2026-08-17T14:40:00-04:00,2026-09-04,645.0,put,0.0,0.0,,0.0,,,,,3681347.0,14041086.0,-10359739.0,1687012.0,,1875879819.0,,,530.37,100.0,unknown,QuantData PER_ONE_DOLLAR_MOVE; exact dollar/contract scaling unverified,QuantData
2026-08-17T14:40:00-04:00,2026-09-04,650.0,call,10162.0,14437.0,,615091.0,,,,,3681347.0,14041086.0,-10359739.0,1687012.0,,1875879819.0,,,530.37,100.0,unknown,QuantData PER_ONE_DOLLAR_MOVE; exact dollar/contract scaling unverified,QuantData
2026-08-17T14:40:00-04:00,2026-09-04,650.0,put,-1463.0,2213.0,,-469516.0,,,,,3681347.0,14041086.0,-10359739.0,1687012.0,,1875879819.0,,,530.37,100.0,unknown,QuantData PER_ONE_DOLLAR_MOVE; exact dollar/contract scaling unverified,QuantData
2026-08-17T14:40:00-04:00,2026-09-04,660.0,call,16590.0,25930.0,,937400.0,,,,,3681347.0,14041086.0,-10359739.0,1687012.0,,1875879819.0,,,530.37,100.0,unknown,QuantData PER_ONE_DOLLAR_MOVE; exact dollar/contract scaling unverified,QuantData
2026-08-17T14:40:00-04:00,2026-09-04,660.0,put,0.0,0.0,,0.0,,,,,3681347.0,14041086.0,-10359739.0,1687012.0,,1875879819.0,,,530.37,100.0,unknown,QuantData PER_ONE_DOLLAR_MOVE; exact dollar/contract scaling unverified,QuantData
2026-08-17T14:40:00-04:00,2026-09-04,665.0,call,1196.0,1737.0,,76029.0,,,,,3681347.0,14041086.0,-10359739.0,1687012.0,,1875879819.0,,,530.37,100.0,unknown,QuantData PER_ONE_DOLLAR_MOVE; exact dollar/contract scaling unverified,QuantData
2026-08-17T14:40:00-04:00,2026-09-04,665.0,put,0.0,0.0,,0.0,,,,,3681347.0,14041086.0,-10359739.0,1687012.0,,1875879819.0,,,530.37,100.0,unknown,QuantData PER_ONE_DOLLAR_MOVE; exact dollar/contract scaling unverified,QuantData
2026-08-17T14:40:00-04:00,2026-09-04,670.0,call,2646.0,3964.0,,166989.0,,,,,3681347.0,14041086.0,-10359739.0,1687012.0,,1875879819.0,,,530.37,100.0,unknown,QuantData PER_ONE_DOLLAR_MOVE; exact dollar/contract scaling unverified,QuantData
2026-08-17T14:40:00-04:00,2026-09-04,670.0,put,0.0,0.0,,0.0,,,,,3681347.0,14041086.0,-10359739.0,1687012.0,,1875879819.0,,,530.37,100.0,unknown,QuantData PER_ONE_DOLLAR_MOVE; exact dollar/contract scaling unverified,QuantData
2026-08-17T14:40:00-04:00,2026-09-04,675.0,call,5570.0,9462.0,,301823.0,,,,,3681347.0,14041086.0,-10359739.0,1687012.0,,1875879819.0,,,530.37,100.0,unknown,QuantData PER_ONE_DOLLAR_MOVE; exact dollar/contract scaling unverified,QuantData
2026-08-17T14:40:00-04:00,2026-09-04,675.0,put,0.0,0.0,,0.0,,,,,3681347.0,14041086.0,-10359739.0,1687012.0,,1875879819.0,,,530.37,100.0,unknown,QuantData PER_ONE_DOLLAR_MOVE; exact dollar/contract scaling unverified,QuantData
2026-08-17T14:40:00-04:00,2026-09-04,680.0,call,0.0,0.0,,0.0,,,,,3681347.0,14041086.0,-10359739.0,1687012.0,,1875879819.0,,,530.37,100.0,unknown,QuantData PER_ONE_DOLLAR_MOVE; exact dollar/contract scaling unverified,QuantData
2026-08-17T14:40:00-04:00,2026-09-04,680.0,put,0.0,0.0,,0.0,,,,,3681347.0,14041086.0,-10359739.0,1687012.0,,1875879819.0,,,530.37,100.0,unknown,QuantData PER_ONE_DOLLAR_MOVE; exact dollar/contract scaling unverified,QuantData
2026-08-17T14:40:00-04:00,2026-09-04,690.0,call,5452.0,9925.0,,281450.0,,,,,3681347.0,14041086.0,-10359739.0,1687012.0,,1875879819.0,,,530.37,100.0,unknown,QuantData PER_ONE_DOLLAR_MOVE; exact dollar/contract scaling unverified,QuantData
2026-08-17T14:40:00-04:00,2026-09-04,690.0,put,0.0,0.0,,0.0,,,,,3681347.0,14041086.0,-10359739.0,1687012.0,,1875879819.0,,,530.37,100.0,unknown,QuantData PER_ONE_DOLLAR_MOVE; exact dollar/contract scaling unverified,QuantData
2026-08-17T14:40:00-04:00,2026-09-04,695.0,call,0.0,0.0,,0.0,,,,,3681347.0,14041086.0,-10359739.0,1687012.0,,1875879819.0,,,530.37,100.0,unknown,QuantData PER_ONE_DOLLAR_MOVE; exact dollar/contract scaling unverified,QuantData
2026-08-17T14:40:00-04:00,2026-09-04,695.0,put,0.0,0.0,,0.0,,,,,3681347.0,14041086.0,-10359739.0,1687012.0,,1875879819.0,,,530.37,100.0,unknown,QuantData PER_ONE_DOLLAR_MOVE; exact dollar/contract scaling unverified,QuantData
2026-08-17T14:40:00-04:00,2026-09-04,700.0,call,5569.0,10071.0,,305563.0,,,,,3681347.0,14041086.0,-10359739.0,1687012.0,,1875879819.0,,,530.37,100.0,unknown,QuantData PER_ONE_DOLLAR_MOVE; exact dollar/contract scaling unverified,QuantData
2026-08-17T14:40:00-04:00,2026-09-04,700.0,put,0.0,0.0,,0.0,,,,,3681347.0,14041086.0,-10359739.0,1687012.0,,1875879819.0,,,530.37,100.0,unknown,QuantData PER_ONE_DOLLAR_MOVE; exact dollar/contract scaling unverified,QuantData
2026-08-17T14:40:00-04:00,2026-09-04,705.0,call,3773.0,7000.0,,205566.0,,,,,3681347.0,14041086.0,-10359739.0,1687012.0,,1875879819.0,,,530.37,100.0,unknown,QuantData PER_ONE_DOLLAR_MOVE; exact dollar/contract scaling unverified,QuantData
2026-08-17T14:40:00-04:00,2026-09-04,705.0,put,0.0,0.0,,0.0,,,,,3681347.0,14041086.0,-10359739.0,1687012.0,,1875879819.0,,,530.37,100.0,unknown,QuantData PER_ONE_DOLLAR_MOVE; exact dollar/contract scaling unverified,QuantData
2026-08-17T14:40:00-04:00,2026-09-04,715.0,call,728.0,1398.0,,39309.0,,,,,3681347.0,14041086.0,-10359739.0,1687012.0,,1875879819.0,,,530.37,100.0,unknown,QuantData PER_ONE_DOLLAR_MOVE; exact dollar/contract scaling unverified,QuantData
2026-08-17T14:40:00-04:00,2026-09-04,715.0,put,0.0,0.0,,0.0,,,,,3681347.0,14041086.0,-10359739.0,1687012.0,,1875879819.0,,,530.37,100.0,unknown,QuantData PER_ONE_DOLLAR_MOVE; exact dollar/contract scaling unverified,QuantData
2026-08-17T14:40:00-04:00,2026-09-04,720.0,call,1005.0,1962.0,,54099.0,,,,,3681347.0,14041086.0,-10359739.0,1687012.0,,1875879819.0,,,530.37,100.0,unknown,QuantData PER_ONE_DOLLAR_MOVE; exact dollar/contract scaling unverified,QuantData
2026-08-17T14:40:00-04:00,2026-09-04,720.0,put,0.0,0.0,,0.0,,,,,3681347.0,14041086.0,-10359739.0,1687012.0,,1875879819.0,,,530.37,100.0,unknown,QuantData PER_ONE_DOLLAR_MOVE; exact dollar/contract scaling unverified,QuantData
2026-08-17T14:40:00-04:00,2026-09-04,725.0,call,306.0,589.0,,17463.0,,,,,3681347.0,14041086.0,-10359739.0,1687012.0,,1875879819.0,,,530.37,100.0,unknown,QuantData PER_ONE_DOLLAR_MOVE; exact dollar/contract scaling unverified,QuantData
2026-08-17T14:40:00-04:00,2026-09-04,725.0,put,0.0,0.0,,0.0,,,,,3681347.0,14041086.0,-10359739.0,1687012.0,,1875879819.0,,,530.37,100.0,unknown,QuantData PER_ONE_DOLLAR_MOVE; exact dollar/contract scaling unverified,QuantData
2026-08-17T14:40:00-04:00,2026-09-04,735.0,call,70.0,143.0,,3824.0,,,,,3681347.0,14041086.0,-10359739.0,1687012.0,,1875879819.0,,,530.37,100.0,unknown,QuantData PER_ONE_DOLLAR_MOVE; exact dollar/contract scaling unverified,QuantData
2026-08-17T14:40:00-04:00,2026-09-04,735.0,put,0.0,0.0,,0.0,,,,,3681347.0,14041086.0,-10359739.0,1687012.0,,1875879819.0,,,530.37,100.0,unknown,QuantData PER_ONE_DOLLAR_MOVE; exact dollar/contract scaling unverified,QuantData
2026-08-17T14:40:00-04:00,2026-09-04,740.0,call,923.0,1947.0,,47052.0,,,,,3681347.0,14041086.0,-10359739.0,1687012.0,,1875879819.0,,,530.37,100.0,unknown,QuantData PER_ONE_DOLLAR_MOVE; exact dollar/contract scaling unverified,QuantData
2026-08-17T14:40:00-04:00,2026-09-04,740.0,put,0.0,0.0,,0.0,,,,,3681347.0,14041086.0,-10359739.0,1687012.0,,1875879819.0,,,530.37,100.0,unknown,QuantData PER_ONE_DOLLAR_MOVE; exact dollar/contract scaling unverified,QuantData
2026-08-17T14:40:00-04:00,2026-09-04,780.0,call,0.0,0.0,,0.0,,,,,3681347.0,14041086.0,-10359739.0,1687012.0,,1875879819.0,,,530.37,100.0,unknown,QuantData PER_ONE_DOLLAR_MOVE; exact dollar/contract scaling unverified,QuantData
2026-08-17T14:40:00-04:00,2026-09-04,780.0,put,0.0,0.0,,0.0,,,,,3681347.0,14041086.0,-10359739.0,1687012.0,,1875879819.0,,,530.37,100.0,unknown,QuantData PER_ONE_DOLLAR_MOVE; exact dollar/contract scaling unverified,QuantData
2026-08-17T14:40:00-04:00,2026-09-04,785.0,call,187.0,463.0,,8611.0,,,,,3681347.0,14041086.0,-10359739.0,1687012.0,,1875879819.0,,,530.37,100.0,unknown,QuantData PER_ONE_DOLLAR_MOVE; exact dollar/contract scaling unverified,QuantData
2026-08-17T14:40:00-04:00,2026-09-04,785.0,put,0.0,0.0,,0.0,,,,,3681347.0,14041086.0,-10359739.0,1687012.0,,1875879819.0,,,530.37,100.0,unknown,QuantData PER_ONE_DOLLAR_MOVE; exact dollar/contract scaling unverified,QuantData
2026-08-17T14:40:00-04:00,2026-09-04,790.0,call,418.0,970.0,,22176.0,,,,,3681347.0,14041086.0,-10359739.0,1687012.0,,1875879819.0,,,530.37,100.0,unknown,QuantData PER_ONE_DOLLAR_MOVE; exact dollar/contract scaling unverified,QuantData
2026-08-17T14:40:00-04:00,2026-09-04,790.0,put,0.0,0.0,,0.0,,,,,3681347.0,14041086.0,-10359739.0,1687012.0,,1875879819.0,,,530.37,100.0,unknown,QuantData PER_ONE_DOLLAR_MOVE; exact dollar/contract scaling unverified,QuantData
2026-08-17T14:40:00-04:00,2026-09-04,795.0,call,497.0,1314.0,,20508.0,,,,,3681347.0,14041086.0,-10359739.0,1687012.0,,1875879819.0,,,530.37,100.0,unknown,QuantData PER_ONE_DOLLAR_MOVE; exact dollar/contract scaling unverified,QuantData
2026-08-17T14:40:00-04:00,2026-09-04,795.0,put,0.0,0.0,,0.0,,,,,3681347.0,14041086.0,-10359739.0,1687012.0,,1875879819.0,,,530.37,100.0,unknown,QuantData PER_ONE_DOLLAR_MOVE; exact dollar/contract scaling unverified,QuantData
2026-08-17T14:40:00-04:00,2026-09-04,800.0,call,415.0,1049.0,,19317.0,,,,,3681347.0,14041086.0,-10359739.0,1687012.0,,1875879819.0,,,530.37,100.0,unknown,QuantData PER_ONE_DOLLAR_MOVE; exact dollar/contract scaling unverified,QuantData
2026-08-17T14:40:00-04:00,2026-09-04,800.0,put,0.0,0.0,,0.0,,,,,3681347.0,14041086.0,-10359739.0,1687012.0,,1875879819.0,,,530.37,100.0,unknown,QuantData PER_ONE_DOLLAR_MOVE; exact dollar/contract scaling unverified,QuantData
2026-08-17T14:40:00-04:00,2026-09-04,810.0,call,844.0,2160.0,,39530.0,,,,,3681347.0,14041086.0,-10359739.0,1687012.0,,1875879819.0,,,530.37,100.0,unknown,QuantData PER_ONE_DOLLAR_MOVE; exact dollar/contract scaling unverified,QuantData
2026-08-17T14:40:00-04:00,2026-09-04,810.0,put,0.0,0.0,,0.0,,,,,3681347.0,14041086.0,-10359739.0,1687012.0,,1875879819.0,,,530.37,100.0,unknown,QuantData PER_ONE_DOLLAR_MOVE; exact dollar/contract scaling unverified,QuantData
2026-08-17T14:40:00-04:00,2026-09-04,840.0,call,135.0,376.0,,5926.0,,,,,3681347.0,14041086.0,-10359739.0,1687012.0,,1875879819.0,,,530.37,100.0,unknown,QuantData PER_ONE_DOLLAR_MOVE; exact dollar/contract scaling unverified,QuantData
2026-08-17T14:40:00-04:00,2026-09-04,840.0,put,0.0,0.0,,0.0,,,,,3681347.0,14041086.0,-10359739.0,1687012.0,,1875879819.0,,,530.37,100.0,unknown,QuantData PER_ONE_DOLLAR_MOVE; exact dollar/contract scaling unverified,QuantData
2026-08-17T14:40:00-04:00,2026-09-11,300.0,call,0.0,0.0,,0.0,,,,,3681347.0,14041086.0,-10359739.0,1687012.0,,1875879819.0,,,530.37,100.0,unknown,QuantData PER_ONE_DOLLAR_MOVE; exact dollar/contract scaling unverified,QuantData
2026-08-17T14:40:00-04:00,2026-09-11,300.0,put,-3233.0,-9776.0,,-154536.0,,,,,3681347.0,14041086.0,-10359739.0,1687012.0,,1875879819.0,,,530.37,100.0,unknown,QuantData PER_ONE_DOLLAR_MOVE; exact dollar/contract scaling unverified,QuantData
2026-08-17T14:40:00-04:00,2026-09-11,310.0,call,0.0,0.0,,0.0,,,,,3681347.0,14041086.0,-10359739.0,1687012.0,,1875879819.0,,,530.37,100.0,unknown,QuantData PER_ONE_DOLLAR_MOVE; exact dollar/contract scaling unverified,QuantData
2026-08-17T14:40:00-04:00,2026-09-11,310.0,put,-243.0,-764.0,,-10931.0,,,,,3681347.0,14041086.0,-10359739.0,1687012.0,,1875879819.0,,,530.37,100.0,unknown,QuantData PER_ONE_DOLLAR_MOVE; exact dollar/contract scaling unverified,QuantData
2026-08-17T14:40:00-04:00,2026-09-11,320.0,call,0.0,0.0,,0.0,,,,,3681347.0,14041086.0,-10359739.0,1687012.0,,1875879819.0,,,530.37,100.0,unknown,QuantData PER_ONE_DOLLAR_MOVE; exact dollar/contract scaling unverified,QuantData
2026-08-17T14:40:00-04:00,2026-09-11,320.0,put,-1930.0,-5623.0,,-88368.0,,,,,3681347.0,14041086.0,-10359739.0,1687012.0,,1875879819.0,,,530.37,100.0,unknown,QuantData PER_ONE_DOLLAR_MOVE; exact dollar/contract scaling unverified,QuantData
2026-08-17T14:40:00-04:00,2026-09-11,335.0,call,0.0,0.0,,0.0,,,,,3681347.0,14041086.0,-10359739.0,1687012.0,,1875879819.0,,,530.37,100.0,unknown,QuantData PER_ONE_DOLLAR_MOVE; exact dollar/contract scaling unverified,QuantData
2026-08-17T14:40:00-04:00,2026-09-11,335.0,put,-383.0,-1026.0,,-18385.0,,,,,3681347.0,14041086.0,-10359739.0,1687012.0,,1875879819.0,,,530.37,100.0,unknown,QuantData PER_ONE_DOLLAR_MOVE; exact dollar/contract scaling unverified,QuantData
2026-08-17T14:40:00-04:00,2026-09-11,345.0,call,0.0,0.0,,0.0,,,,,3681347.0,14041086.0,-10359739.0,1687012.0,,1875879819.0,,,530.37,100.0,unknown,QuantData PER_ONE_DOLLAR_MOVE; exact dollar/contract scaling unverified,QuantData
2026-08-17T14:40:00-04:00,2026-09-11,345.0,put,-581.0,-1583.0,,-26986.0,,,,,3681347.0,14041086.0,-10359739.0,1687012.0,,1875879819.0,,,530.37,100.0,unknown,QuantData PER_ONE_DOLLAR_MOVE; exact dollar/contract scaling unverified,QuantData
2026-08-17T14:40:00-04:00,2026-09-11,350.0,call,0.0,0.0,,0.0,,,,,3681347.0,14041086.0,-10359739.0,1687012.0,,1875879819.0,,,530.37,100.0,unknown,QuantData PER_ONE_DOLLAR_MOVE; exact dollar/contract scaling unverified,QuantData
2026-08-17T14:40:00-04:00,2026-09-11,350.0,put,-641.0,-1692.0,,-30225.0,,,,,3681347.0,14041086.0,-10359739.0,1687012.0,,1875879819.0,,,530.37,100.0,unknown,QuantData PER_ONE_DOLLAR_MOVE; exact dollar/contract scaling unverified,QuantData
2026-08-17T14:40:00-04:00,2026-09-11,355.0,call,0.0,0.0,,0.0,,,,,3681347.0,14041086.0,-10359739.0,1687012.0,,1875879819.0,,,530.37,100.0,unknown,QuantData PER_ONE_DOLLAR_MOVE; exact dollar/contract scaling unverified,QuantData
2026-08-17T14:40:00-04:00,2026-09-11,355.0,put,-1778.0,-4205.0,,-95760.0,,,,,3681347.0,14041086.0,-10359739.0,1687012.0,,1875879819.0,,,530.37,100.0,unknown,QuantData PER_ONE_DOLLAR_MOVE; exact dollar/contract scaling unverified,QuantData
2026-08-17T14:40:00-04:00,2026-09-11,360.0,call,0.0,0.0,,0.0,,,,,3681347.0,14041086.0,-10359739.0,1687012.0,,1875879819.0,,,530.37,100.0,unknown,QuantData PER_ONE_DOLLAR_MOVE; exact dollar/contract scaling unverified,QuantData
2026-08-17T14:40:00-04:00,2026-09-11,360.0,put,-2358.0,-5579.0,,-122804.0,,,,,3681347.0,14041086.0,-10359739.0,1687012.0,,1875879819.0,,,530.37,100.0,unknown,QuantData PER_ONE_DOLLAR_MOVE; exact dollar/contract scaling unverified,QuantData
2026-08-17T14:40:00-04:00,2026-09-11,365.0,call,0.0,0.0,,0.0,,,,,3681347.0,14041086.0,-10359739.0,1687012.0,,1875879819.0,,,530.37,100.0,unknown,QuantData PER_ONE_DOLLAR_MOVE; exact dollar/contract scaling unverified,QuantData
2026-08-17T14:40:00-04:00,2026-09-11,365.0,put,-1402.0,-3268.0,,-74429.0,,,,,3681347.0,14041086.0,-10359739.0,1687012.0,,1875879819.0,,,530.37,100.0,unknown,QuantData PER_ONE_DOLLAR_MOVE; exact dollar/contract scaling unverified,QuantData
2026-08-17T14:40:00-04:00,2026-09-11,370.0,call,0.0,0.0,,0.0,,,,,3681347.0,14041086.0,-10359739.0,1687012.0,,1875879819.0,,,530.37,100.0,unknown,QuantData PER_ONE_DOLLAR_MOVE; exact dollar/contract scaling unverified,QuantData
2026-08-17T14:40:00-04:00,2026-09-11,370.0,put,-1520.0,-3382.0,,-78389.0,,,,,3681347.0,14041086.0,-10359739.0,1687012.0,,1875879819.0,,,530.37,100.0,unknown,QuantData PER_ONE_DOLLAR_MOVE; exact dollar/contract scaling unverified,QuantData
2026-08-17T14:40:00-04:00,2026-09-11,375.0,call,0.0,0.0,,0.0,,,,,3681347.0,14041086.0,-10359739.0,1687012.0,,1875879819.0,,,530.37,100.0,unknown,QuantData PER_ONE_DOLLAR_MOVE; exact dollar/contract scaling unverified,QuantData
2026-08-17T14:40:00-04:00,2026-09-11,375.0,put,-2382.0,-5171.0,,-121879.0,,,,,3681347.0,14041086.0,-10359739.0,1687012.0,,1875879819.0,,,530.37,100.0,unknown,QuantData PER_ONE_DOLLAR_MOVE; exact dollar/contract scaling unverified,QuantData
2026-08-17T14:40:00-04:00,2026-09-11,380.0,call,0.0,0.0,,0.0,,,,,3681347.0,14041086.0,-10359739.0,1687012.0,,1875879819.0,,,530.37,100.0,unknown,QuantData PER_ONE_DOLLAR_MOVE; exact dollar/contract scaling unverified,QuantData
2026-08-17T14:40:00-04:00,2026-09-11,380.0,put,-1564.0,-3428.0,,-81210.0,,,,,3681347.0,14041086.0,-10359739.0,1687012.0,,1875879819.0,,,530.37,100.0,unknown,QuantData PER_ONE_DOLLAR_MOVE; exact dollar/contract scaling unverified,QuantData
2026-08-17T14:40:00-04:00,2026-09-11,385.0,call,0.0,0.0,,0.0,,,,,3681347.0,14041086.0,-10359739.0,1687012.0,,1875879819.0,,,530.37,100.0,unknown,QuantData PER_ONE_DOLLAR_MOVE; exact dollar/contract scaling unverified,QuantData
2026-08-17T14:40:00-04:00,2026-09-11,385.0,put,-1002.0,-1981.0,,-53893.0,,,,,3681347.0,14041086.0,-10359739.0,1687012.0,,1875879819.0,,,530.37,100.0,unknown,QuantData PER_ONE_DOLLAR_MOVE; exact dollar/contract scaling unverified,QuantData
2026-08-17T14:40:00-04:00,2026-09-11,390.0,call,65.0,-166.0,,106251.0,,,,,3681347.0,14041086.0,-10359739.0,1687012.0,,1875879819.0,,,530.37,100.0,unknown,QuantData PER_ONE_DOLLAR_MOVE; exact dollar/contract scaling unverified,QuantData
2026-08-17T14:40:00-04:00,2026-09-11,390.0,put,-3147.0,-6108.0,,-170404.0,,,,,3681347.0,14041086.0,-10359739.0,1687012.0,,1875879819.0,,,530.37,100.0,unknown,QuantData PER_ONE_DOLLAR_MOVE; exact dollar/contract scaling unverified,QuantData
2026-08-17T14:40:00-04:00,2026-09-11,395.0,call,316.0,-751.0,,420821.0,,,,,3681347.0,14041086.0,-10359739.0,1687012.0,,1875879819.0,,,530.37,100.0,unknown,QuantData PER_ONE_DOLLAR_MOVE; exact dollar/contract scaling unverified,QuantData
2026-08-17T14:40:00-04:00,2026-09-11,395.0,put,-2903.0,-5749.0,,-165130.0,,,,,3681347.0,14041086.0,-10359739.0,1687012.0,,1875879819.0,,,530.37,100.0,unknown,QuantData PER_ONE_DOLLAR_MOVE; exact dollar/contract scaling unverified,QuantData
2026-08-17T14:40:00-04:00,2026-09-11,400.0,call,243.0,-433.0,,200410.0,,,,,3681347.0,14041086.0,-10359739.0,1687012.0,,1875879819.0,,,530.37,100.0,unknown,QuantData PER_ONE_DOLLAR_MOVE; exact dollar/contract scaling unverified,QuantData
2026-08-17T14:40:00-04:00,2026-09-11,400.0,put,-6193.0,-11504.0,,-353689.0,,,,,3681347.0,14041086.0,-10359739.0,1687012.0,,1875879819.0,,,530.37,100.0,unknown,QuantData PER_ONE_DOLLAR_MOVE; exact dollar/contract scaling unverified,QuantData
2026-08-17T14:40:00-04:00,2026-09-11,405.0,call,0.0,0.0,,0.0,,,,,3681347.0,14041086.0,-10359739.0,1687012.0,,1875879819.0,,,530.37,100.0,unknown,QuantData PER_ONE_DOLLAR_MOVE; exact dollar/contract scaling unverified,QuantData
2026-08-17T14:40:00-04:00,2026-09-11,405.0,put,-1302.0,-2256.0,,-74707.0,,,,,3681347.0,14041086.0,-10359739.0,1687012.0,,1875879819.0,,,530.37,100.0,unknown,QuantData PER_ONE_DOLLAR_MOVE; exact dollar/contract scaling unverified,QuantData
2026-08-17T14:40:00-04:00,2026-09-11,410.0,call,0.0,0.0,,0.0,,,,,3681347.0,14041086.0,-10359739.0,1687012.0,,1875879819.0,,,530.37,100.0,unknown,QuantData PER_ONE_DOLLAR_MOVE; exact dollar/contract scaling unverified,QuantData
2026-08-17T14:40:00-04:00,2026-09-11,410.0,put,-4385.0,-7264.0,,-257411.0,,,,,3681347.0,14041086.0,-10359739.0,1687012.0,,1875879819.0,,,530.37,100.0,unknown,QuantData PER_ONE_DOLLAR_MOVE; exact dollar/contract scaling unverified,QuantData
2026-08-17T14:40:00-04:00,2026-09-11,415.0,call,932.0,-1471.0,,584351.0,,,,,3681347.0,14041086.0,-10359739.0,1687012.0,,1875879819.0,,,530.37,100.0,unknown,QuantData PER_ONE_DOLLAR_MOVE; exact dollar/contract scaling unverified,QuantData
2026-08-17T14:40:00-04:00,2026-09-11,415.0,put,-6816.0,-10820.0,,-407052.0,,,,,3681347.0,14041086.0,-10359739.0,1687012.0,,1875879819.0,,,530.37,100.0,unknown,QuantData PER_ONE_DOLLAR_MOVE; exact dollar/contract scaling unverified,QuantData
2026-08-17T14:40:00-04:00,2026-09-11,420.0,call,922.0,-1378.0,,529695.0,,,,,3681347.0,14041086.0,-10359739.0,1687012.0,,1875879819.0,,,530.37,100.0,unknown,QuantData PER_ONE_DOLLAR_MOVE; exact dollar/contract scaling unverified,QuantData
2026-08-17T14:40:00-04:00,2026-09-11,420.0,put,-7555.0,-11522.0,,-459092.0,,,,,3681347.0,14041086.0,-10359739.0,1687012.0,,1875879819.0,,,530.37,100.0,unknown,QuantData PER_ONE_DOLLAR_MOVE; exact dollar/contract scaling unverified,QuantData
2026-08-17T14:40:00-04:00,2026-09-11,425.0,call,0.0,0.0,,0.0,,,,,3681347.0,14041086.0,-10359739.0,1687012.0,,1875879819.0,,,530.37,100.0,unknown,QuantData PER_ONE_DOLLAR_MOVE; exact dollar/contract scaling unverified,QuantData
2026-08-17T14:40:00-04:00,2026-09-11,425.0,put,-2786.0,-4293.0,,-169063.0,,,,,3681347.0,14041086.0,-10359739.0,1687012.0,,1875879819.0,,,530.37,100.0,unknown,QuantData PER_ONE_DOLLAR_MOVE; exact dollar/contract scaling unverified,QuantData
2026-08-17T14:40:00-04:00,2026-09-11,430.0,call,0.0,0.0,,0.0,,,,,3681347.0,14041086.0,-10359739.0,1687012.0,,1875879819.0,,,530.37,100.0,unknown,QuantData PER_ONE_DOLLAR_MOVE; exact dollar/contract scaling unverified,QuantData
2026-08-17T14:40:00-04:00,2026-09-11,430.0,put,-21261.0,-29303.0,,-1326239.0,,,,,3681347.0,14041086.0,-10359739.0,1687012.0,,1875879819.0,,,530.37,100.0,unknown,QuantData PER_ONE_DOLLAR_MOVE; exact dollar/contract scaling unverified,QuantData
2026-08-17T14:40:00-04:00,2026-09-11,435.0,call,0.0,0.0,,0.0,,,,,3681347.0,14041086.0,-10359739.0,1687012.0,,1875879819.0,,,530.37,100.0,unknown,QuantData PER_ONE_DOLLAR_MOVE; exact dollar/contract scaling unverified,QuantData
2026-08-17T14:40:00-04:00,2026-09-11,435.0,put,-9528.0,-12377.0,,-603883.0,,,,,3681347.0,14041086.0,-10359739.0,1687012.0,,1875879819.0,,,530.37,100.0,unknown,QuantData PER_ONE_DOLLAR_MOVE; exact dollar/contract scaling unverified,QuantData
2026-08-17T14:40:00-04:00,2026-09-11,440.0,call,4316.0,-6102.0,,1946593.0,,,,,3681347.0,14041086.0,-10359739.0,1687012.0,,1875879819.0,,,530.37,100.0,unknown,QuantData PER_ONE_DOLLAR_MOVE; exact dollar/contract scaling unverified,QuantData
2026-08-17T14:40:00-04:00,2026-09-11,440.0,put,-27651.0,-33673.0,,-1824974.0,,,,,3681347.0,14041086.0,-10359739.0,1687012.0,,1875879819.0,,,530.37,100.0,unknown,QuantData PER_ONE_DOLLAR_MOVE; exact dollar/contract scaling unverified,QuantData
2026-08-17T14:40:00-04:00,2026-09-11,445.0,call,0.0,0.0,,0.0,,,,,3681347.0,14041086.0,-10359739.0,1687012.0,,1875879819.0,,,530.37,100.0,unknown,QuantData PER_ONE_DOLLAR_MOVE; exact dollar/contract scaling unverified,QuantData
2026-08-17T14:40:00-04:00,2026-09-11,445.0,put,-6975.0,-8422.0,,-485714.0,,,,,3681347.0,14041086.0,-10359739.0,1687012.0,,1875879819.0,,,530.37,100.0,unknown,QuantData PER_ONE_DOLLAR_MOVE; exact dollar/contract scaling unverified,QuantData
2026-08-17T14:40:00-04:00,2026-09-11,450.0,call,6127.0,-7010.0,,2259838.0,,,,,3681347.0,14041086.0,-10359739.0,1687012.0,,1875879819.0,,,530.37,100.0,unknown,QuantData PER_ONE_DOLLAR_MOVE; exact dollar/contract scaling unverified,QuantData
2026-08-17T14:40:00-04:00,2026-09-11,450.0,put,-16810.0,-17793.0,,-1169285.0,,,,,3681347.0,14041086.0,-10359739.0,1687012.0,,1875879819.0,,,530.37,100.0,unknown,QuantData PER_ONE_DOLLAR_MOVE; exact dollar/contract scaling unverified,QuantData
2026-08-17T14:40:00-04:00,2026-09-11,455.0,call,4409.0,-4694.0,,1511298.0,,,,,3681347.0,14041086.0,-10359739.0,1687012.0,,1875879819.0,,,530.37,100.0,unknown,QuantData PER_ONE_DOLLAR_MOVE; exact dollar/contract scaling unverified,QuantData
2026-08-17T14:40:00-04:00,2026-09-11,455.0,put,-1989.0,-2048.0,,-151035.0,,,,,3681347.0,14041086.0,-10359739.0,1687012.0,,1875879819.0,,,530.37,100.0,unknown,QuantData PER_ONE_DOLLAR_MOVE; exact dollar/contract scaling unverified,QuantData
2026-08-17T14:40:00-04:00,2026-09-11,460.0,call,1653.0,-1306.0,,448715.0,,,,,3681347.0,14041086.0,-10359739.0,1687012.0,,1875879819.0,,,530.37,100.0,unknown,QuantData PER_ONE_DOLLAR_MOVE; exact dollar/contract scaling unverified,QuantData
2026-08-17T14:40:00-04:00,2026-09-11,460.0,put,-3941.0,-3492.0,,-289009.0,,,,,3681347.0,14041086.0,-10359739.0,1687012.0,,1875879819.0,,,530.37,100.0,unknown,QuantData PER_ONE_DOLLAR_MOVE; exact dollar/contract scaling unverified,QuantData
2026-08-17T14:40:00-04:00,2026-09-11,465.0,call,4150.0,-4121.0,,1268969.0,,,,,3681347.0,14041086.0,-10359739.0,1687012.0,,1875879819.0,,,530.37,100.0,unknown,QuantData PER_ONE_DOLLAR_MOVE; exact dollar/contract scaling unverified,QuantData
2026-08-17T14:40:00-04:00,2026-09-11,465.0,put,-4097.0,-3817.0,,-305726.0,,,,,3681347.0,14041086.0,-10359739.0,1687012.0,,1875879819.0,,,530.37,100.0,unknown,QuantData PER_ONE_DOLLAR_MOVE; exact dollar/contract scaling unverified,QuantData
2026-08-17T14:40:00-04:00,2026-09-11,470.0,call,3880.0,-2745.0,,1006691.0,,,,,3681347.0,14041086.0,-10359739.0,1687012.0,,1875879819.0,,,530.37,100.0,unknown,QuantData PER_ONE_DOLLAR_MOVE; exact dollar/contract scaling unverified,QuantData
2026-08-17T14:40:00-04:00,2026-09-11,470.0,put,-3208.0,-2514.0,,-251545.0,,,,,3681347.0,14041086.0,-10359739.0,1687012.0,,1875879819.0,,,530.37,100.0,unknown,QuantData PER_ONE_DOLLAR_MOVE; exact dollar/contract scaling unverified,QuantData
2026-08-17T14:40:00-04:00,2026-09-11,475.0,call,302.0,-235.0,,83246.0,,,,,3681347.0,14041086.0,-10359739.0,1687012.0,,1875879819.0,,,530.37,100.0,unknown,QuantData PER_ONE_DOLLAR_MOVE; exact dollar/contract scaling unverified,QuantData
2026-08-17T14:40:00-04:00,2026-09-11,475.0,put,-2138.0,-1810.0,,-174653.0,,,,,3681347.0,14041086.0,-10359739.0,1687012.0,,1875879819.0,,,530.37,100.0,unknown,QuantData PER_ONE_DOLLAR_MOVE; exact dollar/contract scaling unverified,QuantData
2026-08-17T14:40:00-04:00,2026-09-11,480.0,call,6478.0,-4048.0,,1490104.0,,,,,3681347.0,14041086.0,-10359739.0,1687012.0,,1875879819.0,,,530.37,100.0,unknown,QuantData PER_ONE_DOLLAR_MOVE; exact dollar/contract scaling unverified,QuantData
2026-08-17T14:40:00-04:00,2026-09-11,480.0,put,-11809.0,-7159.0,,-981789.0,,,,,3681347.0,14041086.0,-10359739.0,1687012.0,,1875879819.0,,,530.37,100.0,unknown,QuantData PER_ONE_DOLLAR_MOVE; exact dollar/contract scaling unverified,QuantData
2026-08-17T14:40:00-04:00,2026-09-11,485.0,call,0.0,0.0,,0.0,,,,,3681347.0,14041086.0,-10359739.0,1687012.0,,1875879819.0,,,530.37,100.0,unknown,QuantData PER_ONE_DOLLAR_MOVE; exact dollar/contract scaling unverified,QuantData
2026-08-17T14:40:00-04:00,2026-09-11,485.0,put,-9179.0,-5574.0,,-768830.0,,,,,3681347.0,14041086.0,-10359739.0,1687012.0,,1875879819.0,,,530.37,100.0,unknown,QuantData PER_ONE_DOLLAR_MOVE; exact dollar/contract scaling unverified,QuantData
2026-08-17T14:40:00-04:00,2026-09-11,490.0,call,0.0,0.0,,0.0,,,,,3681347.0,14041086.0,-10359739.0,1687012.0,,1875879819.0,,,530.37,100.0,unknown,QuantData PER_ONE_DOLLAR_MOVE; exact dollar/contract scaling unverified,QuantData
2026-08-17T14:40:00-04:00,2026-09-11,490.0,put,-6041.0,-2788.0,,-540137.0,,,,,3681347.0,14041086.0,-10359739.0,1687012.0,,1875879819.0,,,530.37,100.0,unknown,QuantData PER_ONE_DOLLAR_MOVE; exact dollar/contract scaling unverified,QuantData
2026-08-17T14:40:00-04:00,2026-09-11,495.0,call,2120.0,-984.0,,451095.0,,,,,3681347.0,14041086.0,-10359739.0,1687012.0,,1875879819.0,,,530.37,100.0,unknown,QuantData PER_ONE_DOLLAR_MOVE; exact dollar/contract scaling unverified,QuantData
2026-08-17T14:40:00-04:00,2026-09-11,495.0,put,0.0,0.0,,0.0,,,,,3681347.0,14041086.0,-10359739.0,1687012.0,,1875879819.0,,,530.37,100.0,unknown,QuantData PER_ONE_DOLLAR_MOVE; exact dollar/contract scaling unverified,QuantData
2026-08-17T14:40:00-04:00,2026-09-11,500.0,call,7565.0,-2481.0,,1373059.0,,,,,3681347.0,14041086.0,-10359739.0,1687012.0,,1875879819.0,,,530.37,100.0,unknown,QuantData PER_ONE_DOLLAR_MOVE; exact dollar/contract scaling unverified,QuantData
2026-08-17T14:40:00-04:00,2026-09-11,500.0,put,-7283.0,-2363.0,,-693106.0,,,,,3681347.0,14041086.0,-10359739.0,1687012.0,,1875879819.0,,,530.37,100.0,unknown,QuantData PER_ONE_DOLLAR_MOVE; exact dollar/contract scaling unverified,QuantData
2026-08-17T14:40:00-04:00,2026-09-11,505.0,call,752.0,-132.0,,132502.0,,,,,3681347.0,14041086.0,-10359739.0,1687012.0,,1875879819.0,,,530.37,100.0,unknown,QuantData PER_ONE_DOLLAR_MOVE; exact dollar/contract scaling unverified,QuantData
2026-08-17T14:40:00-04:00,2026-09-11,505.0,put,0.0,0.0,,0.0,,,,,3681347.0,14041086.0,-10359739.0,1687012.0,,1875879819.0,,,530.37,100.0,unknown,QuantData PER_ONE_DOLLAR_MOVE; exact dollar/contract scaling unverified,QuantData
2026-08-17T14:40:00-04:00,2026-09-11,510.0,call,1263.0,-232.0,,236485.0,,,,,3681347.0,14041086.0,-10359739.0,1687012.0,,1875879819.0,,,530.37,100.0,unknown,QuantData PER_ONE_DOLLAR_MOVE; exact dollar/contract scaling unverified,QuantData
2026-08-17T14:40:00-04:00,2026-09-11,510.0,put,0.0,0.0,,0.0,,,,,3681347.0,14041086.0,-10359739.0,1687012.0,,1875879819.0,,,530.37,100.0,unknown,QuantData PER_ONE_DOLLAR_MOVE; exact dollar/contract scaling unverified,QuantData
2026-08-17T14:40:00-04:00,2026-09-11,515.0,call,1608.0,-325.0,,270392.0,,,,,3681347.0,14041086.0,-10359739.0,1687012.0,,1875879819.0,,,530.37,100.0,unknown,QuantData PER_ONE_DOLLAR_MOVE; exact dollar/contract scaling unverified,QuantData
2026-08-17T14:40:00-04:00,2026-09-11,515.0,put,-11614.0,-2082.0,,-1183839.0,,,,,3681347.0,14041086.0,-10359739.0,1687012.0,,1875879819.0,,,530.37,100.0,unknown,QuantData PER_ONE_DOLLAR_MOVE; exact dollar/contract scaling unverified,QuantData
2026-08-17T14:40:00-04:00,2026-09-11,520.0,call,9896.0,-135.0,,1504756.0,,,,,3681347.0,14041086.0,-10359739.0,1687012.0,,1875879819.0,,,530.37,100.0,unknown,QuantData PER_ONE_DOLLAR_MOVE; exact dollar/contract scaling unverified,QuantData
2026-08-17T14:40:00-04:00,2026-09-11,520.0,put,-2789.0,-402.0,,-307770.0,,,,,3681347.0,14041086.0,-10359739.0,1687012.0,,1875879819.0,,,530.37,100.0,unknown,QuantData PER_ONE_DOLLAR_MOVE; exact dollar/contract scaling unverified,QuantData
2026-08-17T14:40:00-04:00,2026-09-11,525.0,call,5367.0,182.0,,815447.0,,,,,3681347.0,14041086.0,-10359739.0,1687012.0,,1875879819.0,,,530.37,100.0,unknown,QuantData PER_ONE_DOLLAR_MOVE; exact dollar/contract scaling unverified,QuantData
2026-08-17T14:40:00-04:00,2026-09-11,525.0,put,-7289.0,618.0,,-847362.0,,,,,3681347.0,14041086.0,-10359739.0,1687012.0,,1875879819.0,,,530.37,100.0,unknown,QuantData PER_ONE_DOLLAR_MOVE; exact dollar/contract scaling unverified,QuantData
2026-08-17T14:40:00-04:00,2026-09-11,530.0,call,12499.0,1690.0,,1734283.0,,,,,3681347.0,14041086.0,-10359739.0,1687012.0,,1875879819.0,,,530.37,100.0,unknown,QuantData PER_ONE_DOLLAR_MOVE; exact dollar/contract scaling unverified,QuantData
2026-08-17T14:40:00-04:00,2026-09-11,530.0,put,-1820.0,72.0,,-209049.0,,,,,3681347.0,14041086.0,-10359739.0,1687012.0,,1875879819.0,,,530.37,100.0,unknown,QuantData PER_ONE_DOLLAR_MOVE; exact dollar/contract scaling unverified,QuantData
2026-08-17T14:40:00-04:00,2026-09-11,535.0,call,2690.0,337.0,,375189.0,,,,,3681347.0,14041086.0,-10359739.0,1687012.0,,1875879819.0,,,530.37,100.0,unknown,QuantData PER_ONE_DOLLAR_MOVE; exact dollar/contract scaling unverified,QuantData
2026-08-17T14:40:00-04:00,2026-09-11,535.0,put,-3853.0,643.0,,-473725.0,,,,,3681347.0,14041086.0,-10359739.0,1687012.0,,1875879819.0,,,530.37,100.0,unknown,QuantData PER_ONE_DOLLAR_MOVE; exact dollar/contract scaling unverified,QuantData
2026-08-17T14:40:00-04:00,2026-09-11,540.0,call,13822.0,3442.0,,1794530.0,,,,,3681347.0,14041086.0,-10359739.0,1687012.0,,1875879819.0,,,530.37,100.0,unknown,QuantData PER_ONE_DOLLAR_MOVE; exact dollar/contract scaling unverified,QuantData
2026-08-17T14:40:00-04:00,2026-09-11,540.0,put,-49617.0,3555.0,,-5888036.0,,,,,3681347.0,14041086.0,-10359739.0,1687012.0,,1875879819.0,,,530.37,100.0,unknown,QuantData PER_ONE_DOLLAR_MOVE; exact dollar/contract scaling unverified,QuantData
2026-08-17T14:40:00-04:00,2026-09-11,545.0,call,11224.0,3225.0,,1420003.0,,,,,3681347.0,14041086.0,-10359739.0,1687012.0,,1875879819.0,,,530.37,100.0,unknown,QuantData PER_ONE_DOLLAR_MOVE; exact dollar/contract scaling unverified,QuantData
2026-08-17T14:40:00-04:00,2026-09-11,545.0,put,0.0,0.0,,0.0,,,,,3681347.0,14041086.0,-10359739.0,1687012.0,,1875879819.0,,,530.37,100.0,unknown,QuantData PER_ONE_DOLLAR_MOVE; exact dollar/contract scaling unverified,QuantData
2026-08-17T14:40:00-04:00,2026-09-11,550.0,call,24824.0,9236.0,,2991970.0,,,,,3681347.0,14041086.0,-10359739.0,1687012.0,,1875879819.0,,,530.37,100.0,unknown,QuantData PER_ONE_DOLLAR_MOVE; exact dollar/contract scaling unverified,QuantData
2026-08-17T14:40:00-04:00,2026-09-11,550.0,put,-10840.0,1948.0,,-1386586.0,,,,,3681347.0,14041086.0,-10359739.0,1687012.0,,1875879819.0,,,530.37,100.0,unknown,QuantData PER_ONE_DOLLAR_MOVE; exact dollar/contract scaling unverified,QuantData
2026-08-17T14:40:00-04:00,2026-09-11,555.0,call,4341.0,1565.0,,534836.0,,,,,3681347.0,14041086.0,-10359739.0,1687012.0,,1875879819.0,,,530.37,100.0,unknown,QuantData PER_ONE_DOLLAR_MOVE; exact dollar/contract scaling unverified,QuantData
2026-08-17T14:40:00-04:00,2026-09-11,555.0,put,-598.0,175.0,,-81578.0,,,,,3681347.0,14041086.0,-10359739.0,1687012.0,,1875879819.0,,,530.37,100.0,unknown,QuantData PER_ONE_DOLLAR_MOVE; exact dollar/contract scaling unverified,QuantData
2026-08-17T14:40:00-04:00,2026-09-11,560.0,call,5327.0,2493.0,,614949.0,,,,,3681347.0,14041086.0,-10359739.0,1687012.0,,1875879819.0,,,530.37,100.0,unknown,QuantData PER_ONE_DOLLAR_MOVE; exact dollar/contract scaling unverified,QuantData
2026-08-17T14:40:00-04:00,2026-09-11,560.0,put,-3804.0,1119.0,,-521399.0,,,,,3681347.0,14041086.0,-10359739.0,1687012.0,,1875879819.0,,,530.37,100.0,unknown,QuantData PER_ONE_DOLLAR_MOVE; exact dollar/contract scaling unverified,QuantData
2026-08-17T14:40:00-04:00,2026-09-11,565.0,call,390.0,209.0,,45439.0,,,,,3681347.0,14041086.0,-10359739.0,1687012.0,,1875879819.0,,,530.37,100.0,unknown,QuantData PER_ONE_DOLLAR_MOVE; exact dollar/contract scaling unverified,QuantData
2026-08-17T14:40:00-04:00,2026-09-11,565.0,put,0.0,0.0,,0.0,,,,,3681347.0,14041086.0,-10359739.0,1687012.0,,1875879819.0,,,530.37,100.0,unknown,QuantData PER_ONE_DOLLAR_MOVE; exact dollar/contract scaling unverified,QuantData
2026-08-17T14:40:00-04:00,2026-09-11,570.0,call,2211.0,1159.0,,255238.0,,,,,3681347.0,14041086.0,-10359739.0,1687012.0,,1875879819.0,,,530.37,100.0,unknown,QuantData PER_ONE_DOLLAR_MOVE; exact dollar/contract scaling unverified,QuantData
2026-08-17T14:40:00-04:00,2026-09-11,570.0,put,0.0,0.0,,0.0,,,,,3681347.0,14041086.0,-10359739.0,1687012.0,,1875879819.0,,,530.37,100.0,unknown,QuantData PER_ONE_DOLLAR_MOVE; exact dollar/contract scaling unverified,QuantData
2026-08-17T14:40:00-04:00,2026-09-11,575.0,call,0.0,0.0,,0.0,,,,,3681347.0,14041086.0,-10359739.0,1687012.0,,1875879819.0,,,530.37,100.0,unknown,QuantData PER_ONE_DOLLAR_MOVE; exact dollar/contract scaling unverified,QuantData
2026-08-17T14:40:00-04:00,2026-09-11,575.0,put,0.0,0.0,,0.0,,,,,3681347.0,14041086.0,-10359739.0,1687012.0,,1875879819.0,,,530.37,100.0,unknown,QuantData PER_ONE_DOLLAR_MOVE; exact dollar/contract scaling unverified,QuantData
2026-08-17T14:40:00-04:00,2026-09-11,580.0,call,0.0,0.0,,0.0,,,,,3681347.0,14041086.0,-10359739.0,1687012.0,,1875879819.0,,,530.37,100.0,unknown,QuantData PER_ONE_DOLLAR_MOVE; exact dollar/contract scaling unverified,QuantData
2026-08-17T14:40:00-04:00,2026-09-11,580.0,put,0.0,0.0,,0.0,,,,,3681347.0,14041086.0,-10359739.0,1687012.0,,1875879819.0,,,530.37,100.0,unknown,QuantData PER_ONE_DOLLAR_MOVE; exact dollar/contract scaling unverified,QuantData
2026-08-17T14:40:00-04:00,2026-09-11,585.0,call,3175.0,2702.0,,301914.0,,,,,3681347.0,14041086.0,-10359739.0,1687012.0,,1875879819.0,,,530.37,100.0,unknown,QuantData PER_ONE_DOLLAR_MOVE; exact dollar/contract scaling unverified,QuantData
2026-08-17T14:40:00-04:00,2026-09-11,585.0,put,0.0,0.0,,0.0,,,,,3681347.0,14041086.0,-10359739.0,1687012.0,,1875879819.0,,,530.37,100.0,unknown,QuantData PER_ONE_DOLLAR_MOVE; exact dollar/contract scaling unverified,QuantData
2026-08-17T14:40:00-04:00,2026-09-11,590.0,call,5242.0,4609.0,,490395.0,,,,,3681347.0,14041086.0,-10359739.0,1687012.0,,1875879819.0,,,530.37,100.0,unknown,QuantData PER_ONE_DOLLAR_MOVE; exact dollar/contract scaling unverified,QuantData
2026-08-17T14:40:00-04:00,2026-09-11,590.0,put,0.0,0.0,,0.0,,,,,3681347.0,14041086.0,-10359739.0,1687012.0,,1875879819.0,,,530.37,100.0,unknown,QuantData PER_ONE_DOLLAR_MOVE; exact dollar/contract scaling unverified,QuantData
2026-08-17T14:40:00-04:00,2026-09-11,595.0,call,1048.0,987.0,,100029.0,,,,,3681347.0,14041086.0,-10359739.0,1687012.0,,1875879819.0,,,530.37,100.0,unknown,QuantData PER_ONE_DOLLAR_MOVE; exact dollar/contract scaling unverified,QuantData
2026-08-17T14:40:00-04:00,2026-09-11,595.0,put,0.0,0.0,,0.0,,,,,3681347.0,14041086.0,-10359739.0,1687012.0,,1875879819.0,,,530.37,100.0,unknown,QuantData PER_ONE_DOLLAR_MOVE; exact dollar/contract scaling unverified,QuantData
2026-08-17T14:40:00-04:00,2026-09-11,600.0,call,3769.0,3793.0,,330963.0,,,,,3681347.0,14041086.0,-10359739.0,1687012.0,,1875879819.0,,,530.37,100.0,unknown,QuantData PER_ONE_DOLLAR_MOVE; exact dollar/contract scaling unverified,QuantData
2026-08-17T14:40:00-04:00,2026-09-11,600.0,put,-175.0,175.0,,-36978.0,,,,,3681347.0,14041086.0,-10359739.0,1687012.0,,1875879819.0,,,530.37,100.0,unknown,QuantData PER_ONE_DOLLAR_MOVE; exact dollar/contract scaling unverified,QuantData
2026-08-17T14:40:00-04:00,2026-09-11,610.0,call,9332.0,10301.0,,802623.0,,,,,3681347.0,14041086.0,-10359739.0,1687012.0,,1875879819.0,,,530.37,100.0,unknown,QuantData PER_ONE_DOLLAR_MOVE; exact dollar/contract scaling unverified,QuantData
2026-08-17T14:40:00-04:00,2026-09-11,610.0,put,0.0,0.0,,0.0,,,,,3681347.0,14041086.0,-10359739.0,1687012.0,,1875879819.0,,,530.37,100.0,unknown,QuantData PER_ONE_DOLLAR_MOVE; exact dollar/contract scaling unverified,QuantData
2026-08-17T14:40:00-04:00,2026-09-11,620.0,call,2887.0,3552.0,,233909.0,,,,,3681347.0,14041086.0,-10359739.0,1687012.0,,1875879819.0,,,530.37,100.0,unknown,QuantData PER_ONE_DOLLAR_MOVE; exact dollar/contract scaling unverified,QuantData
2026-08-17T14:40:00-04:00,2026-09-11,620.0,put,-328.0,337.0,,-75218.0,,,,,3681347.0,14041086.0,-10359739.0,1687012.0,,1875879819.0,,,530.37,100.0,unknown,QuantData PER_ONE_DOLLAR_MOVE; exact dollar/contract scaling unverified,QuantData
2026-08-17T14:40:00-04:00,2026-09-11,625.0,call,677.0,747.0,,61883.0,,,,,3681347.0,14041086.0,-10359739.0,1687012.0,,1875879819.0,,,530.37,100.0,unknown,QuantData PER_ONE_DOLLAR_MOVE; exact dollar/contract scaling unverified,QuantData
2026-08-17T14:40:00-04:00,2026-09-11,625.0,put,0.0,0.0,,0.0,,,,,3681347.0,14041086.0,-10359739.0,1687012.0,,1875879819.0,,,530.37,100.0,unknown,QuantData PER_ONE_DOLLAR_MOVE; exact dollar/contract scaling unverified,QuantData
2026-08-17T14:40:00-04:00,2026-09-11,630.0,call,0.0,0.0,,0.0,,,,,3681347.0,14041086.0,-10359739.0,1687012.0,,1875879819.0,,,530.37,100.0,unknown,QuantData PER_ONE_DOLLAR_MOVE; exact dollar/contract scaling unverified,QuantData
2026-08-17T14:40:00-04:00,2026-09-11,630.0,put,0.0,0.0,,0.0,,,,,3681347.0,14041086.0,-10359739.0,1687012.0,,1875879819.0,,,530.37,100.0,unknown,QuantData PER_ONE_DOLLAR_MOVE; exact dollar/contract scaling unverified,QuantData
2026-08-17T14:40:00-04:00,2026-09-11,635.0,call,0.0,0.0,,0.0,,,,,3681347.0,14041086.0,-10359739.0,1687012.0,,1875879819.0,,,530.37,100.0,unknown,QuantData PER_ONE_DOLLAR_MOVE; exact dollar/contract scaling unverified,QuantData
2026-08-17T14:40:00-04:00,2026-09-11,635.0,put,0.0,0.0,,0.0,,,,,3681347.0,14041086.0,-10359739.0,1687012.0,,1875879819.0,,,530.37,100.0,unknown,QuantData PER_ONE_DOLLAR_MOVE; exact dollar/contract scaling unverified,QuantData
2026-08-17T14:40:00-04:00,2026-09-11,640.0,call,2434.0,3343.0,,197606.0,,,,,3681347.0,14041086.0,-10359739.0,1687012.0,,1875879819.0,,,530.37,100.0,unknown,QuantData PER_ONE_DOLLAR_MOVE; exact dollar/contract scaling unverified,QuantData
2026-08-17T14:40:00-04:00,2026-09-11,640.0,put,0.0,0.0,,0.0,,,,,3681347.0,14041086.0,-10359739.0,1687012.0,,1875879819.0,,,530.37,100.0,unknown,QuantData PER_ONE_DOLLAR_MOVE; exact dollar/contract scaling unverified,QuantData
2026-08-17T14:40:00-04:00,2026-09-11,645.0,call,0.0,0.0,,0.0,,,,,3681347.0,14041086.0,-10359739.0,1687012.0,,1875879819.0,,,530.37,100.0,unknown,QuantData PER_ONE_DOLLAR_MOVE; exact dollar/contract scaling unverified,QuantData
2026-08-17T14:40:00-04:00,2026-09-11,645.0,put,0.0,0.0,,0.0,,,,,3681347.0,14041086.0,-10359739.0,1687012.0,,1875879819.0,,,530.37,100.0,unknown,QuantData PER_ONE_DOLLAR_MOVE; exact dollar/contract scaling unverified,QuantData
2026-08-17T14:40:00-04:00,2026-09-11,650.0,call,869.0,1206.0,,71841.0,,,,,3681347.0,14041086.0,-10359739.0,1687012.0,,1875879819.0,,,530.37,100.0,unknown,QuantData PER_ONE_DOLLAR_MOVE; exact dollar/contract scaling unverified,QuantData
2026-08-17T14:40:00-04:00,2026-09-11,650.0,put,0.0,0.0,,0.0,,,,,3681347.0,14041086.0,-10359739.0,1687012.0,,1875879819.0,,,530.37,100.0,unknown,QuantData PER_ONE_DOLLAR_MOVE; exact dollar/contract scaling unverified,QuantData
2026-08-17T14:40:00-04:00,2026-09-11,655.0,call,0.0,0.0,,0.0,,,,,3681347.0,14041086.0,-10359739.0,1687012.0,,1875879819.0,,,530.37,100.0,unknown,QuantData PER_ONE_DOLLAR_MOVE; exact dollar/contract scaling unverified,QuantData
2026-08-17T14:40:00-04:00,2026-09-11,655.0,put,0.0,0.0,,0.0,,,,,3681347.0,14041086.0,-10359739.0,1687012.0,,1875879819.0,,,530.37,100.0,unknown,QuantData PER_ONE_DOLLAR_MOVE; exact dollar/contract scaling unverified,QuantData
2026-08-17T14:40:00-04:00,2026-09-11,660.0,call,538.0,815.0,,42093.0,,,,,3681347.0,14041086.0,-10359739.0,1687012.0,,1875879819.0,,,530.37,100.0,unknown,QuantData PER_ONE_DOLLAR_MOVE; exact dollar/contract scaling unverified,QuantData
2026-08-17T14:40:00-04:00,2026-09-11,660.0,put,0.0,0.0,,0.0,,,,,3681347.0,14041086.0,-10359739.0,1687012.0,,1875879819.0,,,530.37,100.0,unknown,QuantData PER_ONE_DOLLAR_MOVE; exact dollar/contract scaling unverified,QuantData
2026-08-17T14:40:00-04:00,2026-09-11,665.0,call,123.0,205.0,,8756.0,,,,,3681347.0,14041086.0,-10359739.0,1687012.0,,1875879819.0,,,530.37,100.0,unknown,QuantData PER_ONE_DOLLAR_MOVE; exact dollar/contract scaling unverified,QuantData
2026-08-17T14:40:00-04:00,2026-09-11,665.0,put,0.0,0.0,,0.0,,,,,3681347.0,14041086.0,-10359739.0,1687012.0,,1875879819.0,,,530.37,100.0,unknown,QuantData PER_ONE_DOLLAR_MOVE; exact dollar/contract scaling unverified,QuantData
2026-08-17T14:40:00-04:00,2026-09-11,680.0,call,0.0,0.0,,0.0,,,,,3681347.0,14041086.0,-10359739.0,1687012.0,,1875879819.0,,,530.37,100.0,unknown,QuantData PER_ONE_DOLLAR_MOVE; exact dollar/contract scaling unverified,QuantData
2026-08-17T14:40:00-04:00,2026-09-11,680.0,put,0.0,0.0,,0.0,,,,,3681347.0,14041086.0,-10359739.0,1687012.0,,1875879819.0,,,530.37,100.0,unknown,QuantData PER_ONE_DOLLAR_MOVE; exact dollar/contract scaling unverified,QuantData
2026-08-17T14:40:00-04:00,2026-09-11,685.0,call,1776.0,3101.0,,126706.0,,,,,3681347.0,14041086.0,-10359739.0,1687012.0,,1875879819.0,,,530.37,100.0,unknown,QuantData PER_ONE_DOLLAR_MOVE; exact dollar/contract scaling unverified,QuantData
2026-08-17T14:40:00-04:00,2026-09-11,685.0,put,0.0,0.0,,0.0,,,,,3681347.0,14041086.0,-10359739.0,1687012.0,,1875879819.0,,,530.37,100.0,unknown,QuantData PER_ONE_DOLLAR_MOVE; exact dollar/contract scaling unverified,QuantData
2026-08-17T14:40:00-04:00,2026-09-11,690.0,call,789.0,1435.0,,54272.0,,,,,3681347.0,14041086.0,-10359739.0,1687012.0,,1875879819.0,,,530.37,100.0,unknown,QuantData PER_ONE_DOLLAR_MOVE; exact dollar/contract scaling unverified,QuantData
2026-08-17T14:40:00-04:00,2026-09-11,690.0,put,0.0,0.0,,0.0,,,,,3681347.0,14041086.0,-10359739.0,1687012.0,,1875879819.0,,,530.37,100.0,unknown,QuantData PER_ONE_DOLLAR_MOVE; exact dollar/contract scaling unverified,QuantData
2026-08-17T14:40:00-04:00,2026-09-11,700.0,call,0.0,0.0,,0.0,,,,,3681347.0,14041086.0,-10359739.0,1687012.0,,1875879819.0,,,530.37,100.0,unknown,QuantData PER_ONE_DOLLAR_MOVE; exact dollar/contract scaling unverified,QuantData
2026-08-17T14:40:00-04:00,2026-09-11,700.0,put,0.0,0.0,,0.0,,,,,3681347.0,14041086.0,-10359739.0,1687012.0,,1875879819.0,,,530.37,100.0,unknown,QuantData PER_ONE_DOLLAR_MOVE; exact dollar/contract scaling unverified,QuantData
2026-08-17T14:40:00-04:00,2026-09-11,735.0,call,195.0,452.0,,11384.0,,,,,3681347.0,14041086.0,-10359739.0,1687012.0,,1875879819.0,,,530.37,100.0,unknown,QuantData PER_ONE_DOLLAR_MOVE; exact dollar/contract scaling unverified,QuantData
2026-08-17T14:40:00-04:00,2026-09-11,735.0,put,0.0,0.0,,0.0,,,,,3681347.0,14041086.0,-10359739.0,1687012.0,,1875879819.0,,,530.37,100.0,unknown,QuantData PER_ONE_DOLLAR_MOVE; exact dollar/contract scaling unverified,QuantData
2026-08-17T14:40:00-04:00,2026-09-11,750.0,call,178.0,429.0,,10315.0,,,,,3681347.0,14041086.0,-10359739.0,1687012.0,,1875879819.0,,,530.37,100.0,unknown,QuantData PER_ONE_DOLLAR_MOVE; exact dollar/contract scaling unverified,QuantData
2026-08-17T14:40:00-04:00,2026-09-11,750.0,put,0.0,0.0,,0.0,,,,,3681347.0,14041086.0,-10359739.0,1687012.0,,1875879819.0,,,530.37,100.0,unknown,QuantData PER_ONE_DOLLAR_MOVE; exact dollar/contract scaling unverified,QuantData
2026-08-17T14:40:00-04:00,2026-09-11,755.0,call,0.0,0.0,,0.0,,,,,3681347.0,14041086.0,-10359739.0,1687012.0,,1875879819.0,,,530.37,100.0,unknown,QuantData PER_ONE_DOLLAR_MOVE; exact dollar/contract scaling unverified,QuantData
2026-08-17T14:40:00-04:00,2026-09-11,755.0,put,0.0,0.0,,0.0,,,,,3681347.0,14041086.0,-10359739.0,1687012.0,,1875879819.0,,,530.37,100.0,unknown,QuantData PER_ONE_DOLLAR_MOVE; exact dollar/contract scaling unverified,QuantData
2026-08-17T14:40:00-04:00,2026-09-11,760.0,call,240.0,567.0,,15093.0,,,,,3681347.0,14041086.0,-10359739.0,1687012.0,,1875879819.0,,,530.37,100.0,unknown,QuantData PER_ONE_DOLLAR_MOVE; exact dollar/contract scaling unverified,QuantData
2026-08-17T14:40:00-04:00,2026-09-11,760.0,put,0.0,0.0,,0.0,,,,,3681347.0,14041086.0,-10359739.0,1687012.0,,1875879819.0,,,530.37,100.0,unknown,QuantData PER_ONE_DOLLAR_MOVE; exact dollar/contract scaling unverified,QuantData
2026-08-17T14:40:00-04:00,2026-09-11,770.0,call,0.0,0.0,,0.0,,,,,3681347.0,14041086.0,-10359739.0,1687012.0,,1875879819.0,,,530.37,100.0,unknown,QuantData PER_ONE_DOLLAR_MOVE; exact dollar/contract scaling unverified,QuantData
2026-08-17T14:40:00-04:00,2026-09-11,770.0,put,0.0,0.0,,0.0,,,,,3681347.0,14041086.0,-10359739.0,1687012.0,,1875879819.0,,,530.37,100.0,unknown,QuantData PER_ONE_DOLLAR_MOVE; exact dollar/contract scaling unverified,QuantData
2026-08-17T14:40:00-04:00,2026-09-18,220.0,call,0.0,0.0,,7043547.0,,,,,3681347.0,14041086.0,-10359739.0,1687012.0,,1875879819.0,,,530.37,100.0,unknown,QuantData PER_ONE_DOLLAR_MOVE; exact dollar/contract scaling unverified,QuantData
2026-08-17T14:40:00-04:00,2026-09-18,220.0,put,0.0,0.0,,0.0,,,,,3681347.0,14041086.0,-10359739.0,1687012.0,,1875879819.0,,,530.37,100.0,unknown,QuantData PER_ONE_DOLLAR_MOVE; exact dollar/contract scaling unverified,QuantData
2026-08-17T14:40:00-04:00,2026-09-18,240.0,call,0.0,0.0,,0.0,,,,,3681347.0,14041086.0,-10359739.0,1687012.0,,1875879819.0,,,530.37,100.0,unknown,QuantData PER_ONE_DOLLAR_MOVE; exact dollar/contract scaling unverified,QuantData
2026-08-17T14:40:00-04:00,2026-09-18,240.0,put,-4194.0,-16216.0,,-245911.0,,,,,3681347.0,14041086.0,-10359739.0,1687012.0,,1875879819.0,,,530.37,100.0,unknown,QuantData PER_ONE_DOLLAR_MOVE; exact dollar/contract scaling unverified,QuantData
2026-08-17T14:40:00-04:00,2026-09-18,250.0,call,0.0,0.0,,11068431.0,,,,,3681347.0,14041086.0,-10359739.0,1687012.0,,1875879819.0,,,530.37,100.0,unknown,QuantData PER_ONE_DOLLAR_MOVE; exact dollar/contract scaling unverified,QuantData
2026-08-17T14:40:00-04:00,2026-09-18,250.0,put,-42890.0,-146893.0,,-2806192.0,,,,,3681347.0,14041086.0,-10359739.0,1687012.0,,1875879819.0,,,530.37,100.0,unknown,QuantData PER_ONE_DOLLAR_MOVE; exact dollar/contract scaling unverified,QuantData
2026-08-17T14:40:00-04:00,2026-09-18,260.0,call,0.0,0.0,,11243210.0,,,,,3681347.0,14041086.0,-10359739.0,1687012.0,,1875879819.0,,,530.37,100.0,unknown,QuantData PER_ONE_DOLLAR_MOVE; exact dollar/contract scaling unverified,QuantData
2026-08-17T14:40:00-04:00,2026-09-18,260.0,put,-1426.0,-5724.0,,-68832.0,,,,,3681347.0,14041086.0,-10359739.0,1687012.0,,1875879819.0,,,530.37,100.0,unknown,QuantData PER_ONE_DOLLAR_MOVE; exact dollar/contract scaling unverified,QuantData
2026-08-17T14:40:00-04:00,2026-09-18,270.0,call,0.0,0.0,,0.0,,,,,3681347.0,14041086.0,-10359739.0,1687012.0,,1875879819.0,,,530.37,100.0,unknown,QuantData PER_ONE_DOLLAR_MOVE; exact dollar/contract scaling unverified,QuantData
2026-08-17T14:40:00-04:00,2026-09-18,270.0,put,-6675.0,-25057.0,,-328005.0,,,,,3681347.0,14041086.0,-10359739.0,1687012.0,,1875879819.0,,,530.37,100.0,unknown,QuantData PER_ONE_DOLLAR_MOVE; exact dollar/contract scaling unverified,QuantData
2026-08-17T14:40:00-04:00,2026-09-18,280.0,call,0.0,0.0,,27167967.0,,,,,3681347.0,14041086.0,-10359739.0,1687012.0,,1875879819.0,,,530.37,100.0,unknown,QuantData PER_ONE_DOLLAR_MOVE; exact dollar/contract scaling unverified,QuantData
2026-08-17T14:40:00-04:00,2026-09-18,280.0,put,-4709.0,-17167.0,,-244485.0,,,,,3681347.0,14041086.0,-10359739.0,1687012.0,,1875879819.0,,,530.37,100.0,unknown,QuantData PER_ONE_DOLLAR_MOVE; exact dollar/contract scaling unverified,QuantData
2026-08-17T14:40:00-04:00,2026-09-18,290.0,call,0.0,0.0,,0.0,,,,,3681347.0,14041086.0,-10359739.0,1687012.0,,1875879819.0,,,530.37,100.0,unknown,QuantData PER_ONE_DOLLAR_MOVE; exact dollar/contract scaling unverified,QuantData
2026-08-17T14:40:00-04:00,2026-09-18,290.0,put,-31147.0,-110855.0,,-1617879.0,,,,,3681347.0,14041086.0,-10359739.0,1687012.0,,1875879819.0,,,530.37,100.0,unknown,QuantData PER_ONE_DOLLAR_MOVE; exact dollar/contract scaling unverified,QuantData
2026-08-17T14:40:00-04:00,2026-09-18,300.0,call,0.0,0.0,,0.0,,,,,3681347.0,14041086.0,-10359739.0,1687012.0,,1875879819.0,,,530.37,100.0,unknown,QuantData PER_ONE_DOLLAR_MOVE; exact dollar/contract scaling unverified,QuantData
2026-08-17T14:40:00-04:00,2026-09-18,300.0,put,-13111.0,-42774.0,,-679642.0,,,,,3681347.0,14041086.0,-10359739.0,1687012.0,,1875879819.0,,,530.37,100.0,unknown,QuantData PER_ONE_DOLLAR_MOVE; exact dollar/contract scaling unverified,QuantData
2026-08-17T14:40:00-04:00,2026-09-18,310.0,call,0.0,0.0,,0.0,,,,,3681347.0,14041086.0,-10359739.0,1687012.0,,1875879819.0,,,530.37,100.0,unknown,QuantData PER_ONE_DOLLAR_MOVE; exact dollar/contract scaling unverified,QuantData
2026-08-17T14:40:00-04:00,2026-09-18,310.0,put,-4823.0,-15573.0,,-250794.0,,,,,3681347.0,14041086.0,-10359739.0,1687012.0,,1875879819.0,,,530.37,100.0,unknown,QuantData PER_ONE_DOLLAR_MOVE; exact dollar/contract scaling unverified,QuantData
2026-08-17T14:40:00-04:00,2026-09-18,320.0,call,0.0,0.0,,0.0,,,,,3681347.0,14041086.0,-10359739.0,1687012.0,,1875879819.0,,,530.37,100.0,unknown,QuantData PER_ONE_DOLLAR_MOVE; exact dollar/contract scaling unverified,QuantData
2026-08-17T14:40:00-04:00,2026-09-18,320.0,put,-5734.0,-16681.0,,-314423.0,,,,,3681347.0,14041086.0,-10359739.0,1687012.0,,1875879819.0,,,530.37,100.0,unknown,QuantData PER_ONE_DOLLAR_MOVE; exact dollar/contract scaling unverified,QuantData
2026-08-17T14:40:00-04:00,2026-09-18,330.0,call,0.0,0.0,,0.0,,,,,3681347.0,14041086.0,-10359739.0,1687012.0,,1875879819.0,,,530.37,100.0,unknown,QuantData PER_ONE_DOLLAR_MOVE; exact dollar/contract scaling unverified,QuantData
2026-08-17T14:40:00-04:00,2026-09-18,330.0,put,-19965.0,-55858.0,,-1099705.0,,,,,3681347.0,14041086.0,-10359739.0,1687012.0,,1875879819.0,,,530.37,100.0,unknown,QuantData PER_ONE_DOLLAR_MOVE; exact dollar/contract scaling unverified,QuantData
2026-08-17T14:40:00-04:00,2026-09-18,340.0,call,3047.0,-8092.0,,6540435.0,,,,,3681347.0,14041086.0,-10359739.0,1687012.0,,1875879819.0,,,530.37,100.0,unknown,QuantData PER_ONE_DOLLAR_MOVE; exact dollar/contract scaling unverified,QuantData
2026-08-17T14:40:00-04:00,2026-09-18,340.0,put,-6684.0,-18082.0,,-370900.0,,,,,3681347.0,14041086.0,-10359739.0,1687012.0,,1875879819.0,,,530.37,100.0,unknown,QuantData PER_ONE_DOLLAR_MOVE; exact dollar/contract scaling unverified,QuantData
2026-08-17T14:40:00-04:00,2026-09-18,350.0,call,2374.0,-8541.0,,11442283.0,,,,,3681347.0,14041086.0,-10359739.0,1687012.0,,1875879819.0,,,530.37,100.0,unknown,QuantData PER_ONE_DOLLAR_MOVE; exact dollar/contract scaling unverified,QuantData
2026-08-17T14:40:00-04:00,2026-09-18,350.0,put,-48357.0,-124525.0,,-2692738.0,,,,,3681347.0,14041086.0,-10359739.0,1687012.0,,1875879819.0,,,530.37,100.0,unknown,QuantData PER_ONE_DOLLAR_MOVE; exact dollar/contract scaling unverified,QuantData
2026-08-17T14:40:00-04:00,2026-09-18,360.0,call,0.0,0.0,,0.0,,,,,3681347.0,14041086.0,-10359739.0,1687012.0,,1875879819.0,,,530.37,100.0,unknown,QuantData PER_ONE_DOLLAR_MOVE; exact dollar/contract scaling unverified,QuantData
2026-08-17T14:40:00-04:00,2026-09-18,360.0,put,-29285.0,-70828.0,,-1680133.0,,,,,3681347.0,14041086.0,-10359739.0,1687012.0,,1875879819.0,,,530.37,100.0,unknown,QuantData PER_ONE_DOLLAR_MOVE; exact dollar/contract scaling unverified,QuantData
2026-08-17T14:40:00-04:00,2026-09-18,370.0,call,2588.0,-5023.0,,2618790.0,,,,,3681347.0,14041086.0,-10359739.0,1687012.0,,1875879819.0,,,530.37,100.0,unknown,QuantData PER_ONE_DOLLAR_MOVE; exact dollar/contract scaling unverified,QuantData
2026-08-17T14:40:00-04:00,2026-09-18,370.0,put,-37730.0,-85445.0,,-2227233.0,,,,,3681347.0,14041086.0,-10359739.0,1687012.0,,1875879819.0,,,530.37,100.0,unknown,QuantData PER_ONE_DOLLAR_MOVE; exact dollar/contract scaling unverified,QuantData
2026-08-17T14:40:00-04:00,2026-09-18,380.0,call,0.0,0.0,,0.0,,,,,3681347.0,14041086.0,-10359739.0,1687012.0,,1875879819.0,,,530.37,100.0,unknown,QuantData PER_ONE_DOLLAR_MOVE; exact dollar/contract scaling unverified,QuantData
2026-08-17T14:40:00-04:00,2026-09-18,380.0,put,-14407.0,-31374.0,,-849407.0,,,,,3681347.0,14041086.0,-10359739.0,1687012.0,,1875879819.0,,,530.37,100.0,unknown,QuantData PER_ONE_DOLLAR_MOVE; exact dollar/contract scaling unverified,QuantData
2026-08-17T14:40:00-04:00,2026-09-18,390.0,call,6118.0,-12829.0,,5942579.0,,,,,3681347.0,14041086.0,-10359739.0,1687012.0,,1875879819.0,,,530.37,100.0,unknown,QuantData PER_ONE_DOLLAR_MOVE; exact dollar/contract scaling unverified,QuantData
2026-08-17T14:40:00-04:00,2026-09-18,390.0,put,-21850.0,-42644.0,,-1385399.0,,,,,3681347.0,14041086.0,-10359739.0,1687012.0,,1875879819.0,,,530.37,100.0,unknown,QuantData PER_ONE_DOLLAR_MOVE; exact dollar/contract scaling unverified,QuantData
2026-08-17T14:40:00-04:00,2026-09-18,400.0,call,79521.0,-132419.0,,53849257.0,,,,,3681347.0,14041086.0,-10359739.0,1687012.0,,1875879819.0,,,530.37,100.0,unknown,QuantData PER_ONE_DOLLAR_MOVE; exact dollar/contract scaling unverified,QuantData
2026-08-17T14:40:00-04:00,2026-09-18,400.0,put,-61968.0,-111417.0,,-4116699.0,,,,,3681347.0,14041086.0,-10359739.0,1687012.0,,1875879819.0,,,530.37,100.0,unknown,QuantData PER_ONE_DOLLAR_MOVE; exact dollar/contract scaling unverified,QuantData
2026-08-17T14:40:00-04:00,2026-09-18,410.0,call,58010.0,-85896.0,,33074839.0,,,,,3681347.0,14041086.0,-10359739.0,1687012.0,,1875879819.0,,,530.37,100.0,unknown,QuantData PER_ONE_DOLLAR_MOVE; exact dollar/contract scaling unverified,QuantData
2026-08-17T14:40:00-04:00,2026-09-18,410.0,put,-67203.0,-110292.0,,-4616695.0,,,,,3681347.0,14041086.0,-10359739.0,1687012.0,,1875879819.0,,,530.37,100.0,unknown,QuantData PER_ONE_DOLLAR_MOVE; exact dollar/contract scaling unverified,QuantData
2026-08-17T14:40:00-04:00,2026-09-18,420.0,call,16947.0,-25414.0,,8987984.0,,,,,3681347.0,14041086.0,-10359739.0,1687012.0,,1875879819.0,,,530.37,100.0,unknown,QuantData PER_ONE_DOLLAR_MOVE; exact dollar/contract scaling unverified,QuantData
2026-08-17T14:40:00-04:00,2026-09-18,420.0,put,-79621.0,-117574.0,,-5732898.0,,,,,3681347.0,14041086.0,-10359739.0,1687012.0,,1875879819.0,,,530.37,100.0,unknown,QuantData PER_ONE_DOLLAR_MOVE; exact dollar/contract scaling unverified,QuantData
2026-08-17T14:40:00-04:00,2026-09-18,430.0,call,33227.0,-40228.0,,14729099.0,,,,,3681347.0,14041086.0,-10359739.0,1687012.0,,1875879819.0,,,530.37,100.0,unknown,QuantData PER_ONE_DOLLAR_MOVE; exact dollar/contract scaling unverified,QuantData
2026-08-17T14:40:00-04:00,2026-09-18,430.0,put,-29231.0,-38928.0,,-2204837.0,,,,,3681347.0,14041086.0,-10359739.0,1687012.0,,1875879819.0,,,530.37,100.0,unknown,QuantData PER_ONE_DOLLAR_MOVE; exact dollar/contract scaling unverified,QuantData
2026-08-17T14:40:00-04:00,2026-09-18,440.0,call,48450.0,-59860.0,,19721926.0,,,,,3681347.0,14041086.0,-10359739.0,1687012.0,,1875879819.0,,,530.37,100.0,unknown,QuantData PER_ONE_DOLLAR_MOVE; exact dollar/contract scaling unverified,QuantData
2026-08-17T14:40:00-04:00,2026-09-18,440.0,put,-141342.0,-166163.0,,-11138423.0,,,,,3681347.0,14041086.0,-10359739.0,1687012.0,,1875879819.0,,,530.37,100.0,unknown,QuantData PER_ONE_DOLLAR_MOVE; exact dollar/contract scaling unverified,QuantData
2026-08-17T14:40:00-04:00,2026-09-18,450.0,call,66800.0,-76802.0,,25406175.0,,,,,3681347.0,14041086.0,-10359739.0,1687012.0,,1875879819.0,,,530.37,100.0,unknown,QuantData PER_ONE_DOLLAR_MOVE; exact dollar/contract scaling unverified,QuantData
2026-08-17T14:40:00-04:00,2026-09-18,450.0,put,-178306.0,-181982.0,,-14787926.0,,,,,3681347.0,14041086.0,-10359739.0,1687012.0,,1875879819.0,,,530.37,100.0,unknown,QuantData PER_ONE_DOLLAR_MOVE; exact dollar/contract scaling unverified,QuantData
2026-08-17T14:40:00-04:00,2026-09-18,460.0,call,33145.0,-30303.0,,9987376.0,,,,,3681347.0,14041086.0,-10359739.0,1687012.0,,1875879819.0,,,530.37,100.0,unknown,QuantData PER_ONE_DOLLAR_MOVE; exact dollar/contract scaling unverified,QuantData
2026-08-17T14:40:00-04:00,2026-09-18,460.0,put,-53423.0,-47161.0,,-4652889.0,,,,,3681347.0,14041086.0,-10359739.0,1687012.0,,1875879819.0,,,530.37,100.0,unknown,QuantData PER_ONE_DOLLAR_MOVE; exact dollar/contract scaling unverified,QuantData
2026-08-17T14:40:00-04:00,2026-09-18,470.0,call,80312.0,-53102.0,,22340033.0,,,,,3681347.0,14041086.0,-10359739.0,1687012.0,,1875879819.0,,,530.37,100.0,unknown,QuantData PER_ONE_DOLLAR_MOVE; exact dollar/contract scaling unverified,QuantData
2026-08-17T14:40:00-04:00,2026-09-18,470.0,put,-69684.0,-47608.0,,-6501472.0,,,,,3681347.0,14041086.0,-10359739.0,1687012.0,,1875879819.0,,,530.37,100.0,unknown,QuantData PER_ONE_DOLLAR_MOVE; exact dollar/contract scaling unverified,QuantData
2026-08-17T14:40:00-04:00,2026-09-18,480.0,call,99993.0,-59241.0,,24799346.0,,,,,3681347.0,14041086.0,-10359739.0,1687012.0,,1875879819.0,,,530.37,100.0,unknown,QuantData PER_ONE_DOLLAR_MOVE; exact dollar/contract scaling unverified,QuantData
2026-08-17T14:40:00-04:00,2026-09-18,480.0,put,-63589.0,-36299.0,,-6175056.0,,,,,3681347.0,14041086.0,-10359739.0,1687012.0,,1875879819.0,,,530.37,100.0,unknown,QuantData PER_ONE_DOLLAR_MOVE; exact dollar/contract scaling unverified,QuantData
2026-08-17T14:40:00-04:00,2026-09-18,490.0,call,33779.0,-13345.0,,7444631.0,,,,,3681347.0,14041086.0,-10359739.0,1687012.0,,1875879819.0,,,530.37,100.0,unknown,QuantData PER_ONE_DOLLAR_MOVE; exact dollar/contract scaling unverified,QuantData
2026-08-17T14:40:00-04:00,2026-09-18,490.0,put,-95267.0,-40631.0,,-9894037.0,,,,,3681347.0,14041086.0,-10359739.0,1687012.0,,1875879819.0,,,530.37,100.0,unknown,QuantData PER_ONE_DOLLAR_MOVE; exact dollar/contract scaling unverified,QuantData
2026-08-17T14:40:00-04:00,2026-09-18,500.0,call,211207.0,-62304.0,,43580552.0,,,,,3681347.0,14041086.0,-10359739.0,1687012.0,,1875879819.0,,,530.37,100.0,unknown,QuantData PER_ONE_DOLLAR_MOVE; exact dollar/contract scaling unverified,QuantData
2026-08-17T14:40:00-04:00,2026-09-18,500.0,put,-79824.0,-22875.0,,-8737868.0,,,,,3681347.0,14041086.0,-10359739.0,1687012.0,,1875879819.0,,,530.37,100.0,unknown,QuantData PER_ONE_DOLLAR_MOVE; exact dollar/contract scaling unverified,QuantData
2026-08-17T14:40:00-04:00,2026-09-18,510.0,call,35477.0,-8036.0,,7073565.0,,,,,3681347.0,14041086.0,-10359739.0,1687012.0,,1875879819.0,,,530.37,100.0,unknown,QuantData PER_ONE_DOLLAR_MOVE; exact dollar/contract scaling unverified,QuantData
2026-08-17T14:40:00-04:00,2026-09-18,510.0,put,-60820.0,-7897.0,,-7069415.0,,,,,3681347.0,14041086.0,-10359739.0,1687012.0,,1875879819.0,,,530.37,100.0,unknown,QuantData PER_ONE_DOLLAR_MOVE; exact dollar/contract scaling unverified,QuantData
2026-08-17T14:40:00-04:00,2026-09-18,520.0,call,66901.0,1919.0,,11589989.0,,,,,3681347.0,14041086.0,-10359739.0,1687012.0,,1875879819.0,,,530.37,100.0,unknown,QuantData PER_ONE_DOLLAR_MOVE; exact dollar/contract scaling unverified,QuantData
2026-08-17T14:40:00-04:00,2026-09-18,520.0,put,-50903.0,-473.0,,-6317094.0,,,,,3681347.0,14041086.0,-10359739.0,1687012.0,,1875879819.0,,,530.37,100.0,unknown,QuantData PER_ONE_DOLLAR_MOVE; exact dollar/contract scaling unverified,QuantData
2026-08-17T14:40:00-04:00,2026-09-18,530.0,call,60957.0,8757.0,,9829521.0,,,,,3681347.0,14041086.0,-10359739.0,1687012.0,,1875879819.0,,,530.37,100.0,unknown,QuantData PER_ONE_DOLLAR_MOVE; exact dollar/contract scaling unverified,QuantData
2026-08-17T14:40:00-04:00,2026-09-18,530.0,put,-174685.0,21948.0,,-23035548.0,,,,,3681347.0,14041086.0,-10359739.0,1687012.0,,1875879819.0,,,530.37,100.0,unknown,QuantData PER_ONE_DOLLAR_MOVE; exact dollar/contract scaling unverified,QuantData
2026-08-17T14:40:00-04:00,2026-09-18,540.0,call,95197.0,24862.0,,14312744.0,,,,,3681347.0,14041086.0,-10359739.0,1687012.0,,1875879819.0,,,530.37,100.0,unknown,QuantData PER_ONE_DOLLAR_MOVE; exact dollar/contract scaling unverified,QuantData
2026-08-17T14:40:00-04:00,2026-09-18,540.0,put,-243200.0,69916.0,,-34673300.0,,,,,3681347.0,14041086.0,-10359739.0,1687012.0,,1875879819.0,,,530.37,100.0,unknown,QuantData PER_ONE_DOLLAR_MOVE; exact dollar/contract scaling unverified,QuantData
2026-08-17T14:40:00-04:00,2026-09-18,550.0,call,104055.0,45006.0,,14383002.0,,,,,3681347.0,14041086.0,-10359739.0,1687012.0,,1875879819.0,,,530.37,100.0,unknown,QuantData PER_ONE_DOLLAR_MOVE; exact dollar/contract scaling unverified,QuantData
2026-08-17T14:40:00-04:00,2026-09-18,550.0,put,-26009.0,9134.0,,-3826148.0,,,,,3681347.0,14041086.0,-10359739.0,1687012.0,,1875879819.0,,,530.37,100.0,unknown,QuantData PER_ONE_DOLLAR_MOVE; exact dollar/contract scaling unverified,QuantData
2026-08-17T14:40:00-04:00,2026-09-18,560.0,call,83384.0,41818.0,,11295586.0,,,,,3681347.0,14041086.0,-10359739.0,1687012.0,,1875879819.0,,,530.37,100.0,unknown,QuantData PER_ONE_DOLLAR_MOVE; exact dollar/contract scaling unverified,QuantData
2026-08-17T14:40:00-04:00,2026-09-18,560.0,put,-39221.0,16811.0,,-6290451.0,,,,,3681347.0,14041086.0,-10359739.0,1687012.0,,1875879819.0,,,530.37,100.0,unknown,QuantData PER_ONE_DOLLAR_MOVE; exact dollar/contract scaling unverified,QuantData
2026-08-17T14:40:00-04:00,2026-09-18,570.0,call,25631.0,17409.0,,3211109.0,,,,,3681347.0,14041086.0,-10359739.0,1687012.0,,1875879819.0,,,530.37,100.0,unknown,QuantData PER_ONE_DOLLAR_MOVE; exact dollar/contract scaling unverified,QuantData
2026-08-17T14:40:00-04:00,2026-09-18,570.0,put,-14685.0,8440.0,,-2470334.0,,,,,3681347.0,14041086.0,-10359739.0,1687012.0,,1875879819.0,,,530.37,100.0,unknown,QuantData PER_ONE_DOLLAR_MOVE; exact dollar/contract scaling unverified,QuantData
2026-08-17T14:40:00-04:00,2026-09-18,580.0,call,42653.0,34399.0,,4969552.0,,,,,3681347.0,14041086.0,-10359739.0,1687012.0,,1875879819.0,,,530.37,100.0,unknown,QuantData PER_ONE_DOLLAR_MOVE; exact dollar/contract scaling unverified,QuantData
2026-08-17T14:40:00-04:00,2026-09-18,580.0,put,-15880.0,9024.0,,-2732790.0,,,,,3681347.0,14041086.0,-10359739.0,1687012.0,,1875879819.0,,,530.37,100.0,unknown,QuantData PER_ONE_DOLLAR_MOVE; exact dollar/contract scaling unverified,QuantData
2026-08-17T14:40:00-04:00,2026-09-18,590.0,call,103605.0,94424.0,,11698496.0,,,,,3681347.0,14041086.0,-10359739.0,1687012.0,,1875879819.0,,,530.37,100.0,unknown,QuantData PER_ONE_DOLLAR_MOVE; exact dollar/contract scaling unverified,QuantData
2026-08-17T14:40:00-04:00,2026-09-18,590.0,put,-9620.0,8659.0,,-1950966.0,,,,,3681347.0,14041086.0,-10359739.0,1687012.0,,1875879819.0,,,530.37,100.0,unknown,QuantData PER_ONE_DOLLAR_MOVE; exact dollar/contract scaling unverified,QuantData
2026-08-17T14:40:00-04:00,2026-09-18,600.0,call,54139.0,54876.0,,5818556.0,,,,,3681347.0,14041086.0,-10359739.0,1687012.0,,1875879819.0,,,530.37,100.0,unknown,QuantData PER_ONE_DOLLAR_MOVE; exact dollar/contract scaling unverified,QuantData
2026-08-17T14:40:00-04:00,2026-09-18,600.0,put,-65353.0,55009.0,,-13138746.0,,,,,3681347.0,14041086.0,-10359739.0,1687012.0,,1875879819.0,,,530.37,100.0,unknown,QuantData PER_ONE_DOLLAR_MOVE; exact dollar/contract scaling unverified,QuantData
2026-08-17T14:40:00-04:00,2026-09-18,610.0,call,55887.0,65854.0,,5585999.0,,,,,3681347.0,14041086.0,-10359739.0,1687012.0,,1875879819.0,,,530.37,100.0,unknown,QuantData PER_ONE_DOLLAR_MOVE; exact dollar/contract scaling unverified,QuantData
2026-08-17T14:40:00-04:00,2026-09-18,610.0,put,-21044.0,19299.0,,-4449831.0,,,,,3681347.0,14041086.0,-10359739.0,1687012.0,,1875879819.0,,,530.37,100.0,unknown,QuantData PER_ONE_DOLLAR_MOVE; exact dollar/contract scaling unverified,QuantData
2026-08-17T14:40:00-04:00,2026-09-18,620.0,call,64862.0,81018.0,,6427778.0,,,,,3681347.0,14041086.0,-10359739.0,1687012.0,,1875879819.0,,,530.37,100.0,unknown,QuantData PER_ONE_DOLLAR_MOVE; exact dollar/contract scaling unverified,QuantData
2026-08-17T14:40:00-04:00,2026-09-18,620.0,put,0.0,0.0,,0.0,,,,,3681347.0,14041086.0,-10359739.0,1687012.0,,1875879819.0,,,530.37,100.0,unknown,QuantData PER_ONE_DOLLAR_MOVE; exact dollar/contract scaling unverified,QuantData
2026-08-17T14:40:00-04:00,2026-09-18,630.0,call,105045.0,146282.0,,9750534.0,,,,,3681347.0,14041086.0,-10359739.0,1687012.0,,1875879819.0,,,530.37,100.0,unknown,QuantData PER_ONE_DOLLAR_MOVE; exact dollar/contract scaling unverified,QuantData
2026-08-17T14:40:00-04:00,2026-09-18,630.0,put,0.0,0.0,,0.0,,,,,3681347.0,14041086.0,-10359739.0,1687012.0,,1875879819.0,,,530.37,100.0,unknown,QuantData PER_ONE_DOLLAR_MOVE; exact dollar/contract scaling unverified,QuantData
2026-08-17T14:40:00-04:00,2026-09-18,640.0,call,15416.0,23129.0,,1376221.0,,,,,3681347.0,14041086.0,-10359739.0,1687012.0,,1875879819.0,,,530.37,100.0,unknown,QuantData PER_ONE_DOLLAR_MOVE; exact dollar/contract scaling unverified,QuantData
2026-08-17T14:40:00-04:00,2026-09-18,640.0,put,0.0,0.0,,0.0,,,,,3681347.0,14041086.0,-10359739.0,1687012.0,,1875879819.0,,,530.37,100.0,unknown,QuantData PER_ONE_DOLLAR_MOVE; exact dollar/contract scaling unverified,QuantData
2026-08-17T14:40:00-04:00,2026-09-18,650.0,call,25942.0,41021.0,,2276024.0,,,,,3681347.0,14041086.0,-10359739.0,1687012.0,,1875879819.0,,,530.37,100.0,unknown,QuantData PER_ONE_DOLLAR_MOVE; exact dollar/contract scaling unverified,QuantData
2026-08-17T14:40:00-04:00,2026-09-18,650.0,put,-69719.0,92114.0,,-19534059.0,,,,,3681347.0,14041086.0,-10359739.0,1687012.0,,1875879819.0,,,530.37,100.0,unknown,QuantData PER_ONE_DOLLAR_MOVE; exact dollar/contract scaling unverified,QuantData
2026-08-17T14:40:00-04:00,2026-09-18,660.0,call,8118.0,13913.0,,675668.0,,,,,3681347.0,14041086.0,-10359739.0,1687012.0,,1875879819.0,,,530.37,100.0,unknown,QuantData PER_ONE_DOLLAR_MOVE; exact dollar/contract scaling unverified,QuantData
2026-08-17T14:40:00-04:00,2026-09-18,660.0,put,0.0,0.0,,0.0,,,,,3681347.0,14041086.0,-10359739.0,1687012.0,,1875879819.0,,,530.37,100.0,unknown,QuantData PER_ONE_DOLLAR_MOVE; exact dollar/contract scaling unverified,QuantData
2026-08-17T14:40:00-04:00,2026-09-18,670.0,call,23636.0,38794.0,,2147883.0,,,,,3681347.0,14041086.0,-10359739.0,1687012.0,,1875879819.0,,,530.37,100.0,unknown,QuantData PER_ONE_DOLLAR_MOVE; exact dollar/contract scaling unverified,QuantData
2026-08-17T14:40:00-04:00,2026-09-18,670.0,put,-2484.0,3491.0,,-821743.0,,,,,3681347.0,14041086.0,-10359739.0,1687012.0,,1875879819.0,,,530.37,100.0,unknown,QuantData PER_ONE_DOLLAR_MOVE; exact dollar/contract scaling unverified,QuantData
2026-08-17T14:40:00-04:00,2026-09-18,680.0,call,13891.0,26446.0,,1083723.0,,,,,3681347.0,14041086.0,-10359739.0,1687012.0,,1875879819.0,,,530.37,100.0,unknown,QuantData PER_ONE_DOLLAR_MOVE; exact dollar/contract scaling unverified,QuantData
2026-08-17T14:40:00-04:00,2026-09-18,680.0,put,0.0,0.0,,0.0,,,,,3681347.0,14041086.0,-10359739.0,1687012.0,,1875879819.0,,,530.37,100.0,unknown,QuantData PER_ONE_DOLLAR_MOVE; exact dollar/contract scaling unverified,QuantData
2026-08-17T14:40:00-04:00,2026-09-18,690.0,call,15440.0,27761.0,,1364388.0,,,,,3681347.0,14041086.0,-10359739.0,1687012.0,,1875879819.0,,,530.37,100.0,unknown,QuantData PER_ONE_DOLLAR_MOVE; exact dollar/contract scaling unverified,QuantData
2026-08-17T14:40:00-04:00,2026-09-18,690.0,put,0.0,0.0,,0.0,,,,,3681347.0,14041086.0,-10359739.0,1687012.0,,1875879819.0,,,530.37,100.0,unknown,QuantData PER_ONE_DOLLAR_MOVE; exact dollar/contract scaling unverified,QuantData
2026-08-17T14:40:00-04:00,2026-09-18,700.0,call,219119.0,454632.0,,16444673.0,,,,,3681347.0,14041086.0,-10359739.0,1687012.0,,1875879819.0,,,530.37,100.0,unknown,QuantData PER_ONE_DOLLAR_MOVE; exact dollar/contract scaling unverified,QuantData
2026-08-17T14:40:00-04:00,2026-09-18,700.0,put,0.0,0.0,,0.0,,,,,3681347.0,14041086.0,-10359739.0,1687012.0,,1875879819.0,,,530.37,100.0,unknown,QuantData PER_ONE_DOLLAR_MOVE; exact dollar/contract scaling unverified,QuantData
2026-08-17T14:40:00-04:00,2026-09-18,710.0,call,32537.0,69140.0,,2453549.0,,,,,3681347.0,14041086.0,-10359739.0,1687012.0,,1875879819.0,,,530.37,100.0,unknown,QuantData PER_ONE_DOLLAR_MOVE; exact dollar/contract scaling unverified,QuantData
2026-08-17T14:40:00-04:00,2026-09-18,710.0,put,0.0,0.0,,0.0,,,,,3681347.0,14041086.0,-10359739.0,1687012.0,,1875879819.0,,,530.37,100.0,unknown,QuantData PER_ONE_DOLLAR_MOVE; exact dollar/contract scaling unverified,QuantData
2026-08-17T14:40:00-04:00,2026-09-18,720.0,call,26055.0,57859.0,,1907561.0,,,,,3681347.0,14041086.0,-10359739.0,1687012.0,,1875879819.0,,,530.37,100.0,unknown,QuantData PER_ONE_DOLLAR_MOVE; exact dollar/contract scaling unverified,QuantData
2026-08-17T14:40:00-04:00,2026-09-18,720.0,put,0.0,0.0,,0.0,,,,,3681347.0,14041086.0,-10359739.0,1687012.0,,1875879819.0,,,530.37,100.0,unknown,QuantData PER_ONE_DOLLAR_MOVE; exact dollar/contract scaling unverified,QuantData
2026-08-17T14:40:00-04:00,2026-09-18,730.0,call,3579.0,8427.0,,248200.0,,,,,3681347.0,14041086.0,-10359739.0,1687012.0,,1875879819.0,,,530.37,100.0,unknown,QuantData PER_ONE_DOLLAR_MOVE; exact dollar/contract scaling unverified,QuantData
2026-08-17T14:40:00-04:00,2026-09-18,730.0,put,0.0,0.0,,0.0,,,,,3681347.0,14041086.0,-10359739.0,1687012.0,,1875879819.0,,,530.37,100.0,unknown,QuantData PER_ONE_DOLLAR_MOVE; exact dollar/contract scaling unverified,QuantData
2026-08-17T14:40:00-04:00,2026-09-18,750.0,call,13925.0,35162.0,,926672.0,,,,,3681347.0,14041086.0,-10359739.0,1687012.0,,1875879819.0,,,530.37,100.0,unknown,QuantData PER_ONE_DOLLAR_MOVE; exact dollar/contract scaling unverified,QuantData
2026-08-17T14:40:00-04:00,2026-09-18,750.0,put,0.0,0.0,,0.0,,,,,3681347.0,14041086.0,-10359739.0,1687012.0,,1875879819.0,,,530.37,100.0,unknown,QuantData PER_ONE_DOLLAR_MOVE; exact dollar/contract scaling unverified,QuantData
2026-08-17T14:40:00-04:00,2026-09-18,760.0,call,8018.0,20636.0,,535136.0,,,,,3681347.0,14041086.0,-10359739.0,1687012.0,,1875879819.0,,,530.37,100.0,unknown,QuantData PER_ONE_DOLLAR_MOVE; exact dollar/contract scaling unverified,QuantData
2026-08-17T14:40:00-04:00,2026-09-18,760.0,put,0.0,0.0,,0.0,,,,,3681347.0,14041086.0,-10359739.0,1687012.0,,1875879819.0,,,530.37,100.0,unknown,QuantData PER_ONE_DOLLAR_MOVE; exact dollar/contract scaling unverified,QuantData
2026-08-17T14:40:00-04:00,2026-09-18,770.0,call,3044.0,7924.0,,207171.0,,,,,3681347.0,14041086.0,-10359739.0,1687012.0,,1875879819.0,,,530.37,100.0,unknown,QuantData PER_ONE_DOLLAR_MOVE; exact dollar/contract scaling unverified,QuantData
2026-08-17T14:40:00-04:00,2026-09-18,770.0,put,0.0,0.0,,0.0,,,,,3681347.0,14041086.0,-10359739.0,1687012.0,,1875879819.0,,,530.37,100.0,unknown,QuantData PER_ONE_DOLLAR_MOVE; exact dollar/contract scaling unverified,QuantData
2026-08-17T14:40:00-04:00,2026-09-18,780.0,call,5859.0,15404.0,,407250.0,,,,,3681347.0,14041086.0,-10359739.0,1687012.0,,1875879819.0,,,530.37,100.0,unknown,QuantData PER_ONE_DOLLAR_MOVE; exact dollar/contract scaling unverified,QuantData
2026-08-17T14:40:00-04:00,2026-09-18,780.0,put,0.0,0.0,,0.0,,,,,3681347.0,14041086.0,-10359739.0,1687012.0,,1875879819.0,,,530.37,100.0,unknown,QuantData PER_ONE_DOLLAR_MOVE; exact dollar/contract scaling unverified,QuantData
2026-08-17T14:40:00-04:00,2026-09-18,790.0,call,10980.0,29998.0,,736263.0,,,,,3681347.0,14041086.0,-10359739.0,1687012.0,,1875879819.0,,,530.37,100.0,unknown,QuantData PER_ONE_DOLLAR_MOVE; exact dollar/contract scaling unverified,QuantData
2026-08-17T14:40:00-04:00,2026-09-18,790.0,put,0.0,0.0,,0.0,,,,,3681347.0,14041086.0,-10359739.0,1687012.0,,1875879819.0,,,530.37,100.0,unknown,QuantData PER_ONE_DOLLAR_MOVE; exact dollar/contract scaling unverified,QuantData
2026-08-17T14:40:00-04:00,2026-09-18,800.0,call,21134.0,61624.0,,1285076.0,,,,,3681347.0,14041086.0,-10359739.0,1687012.0,,1875879819.0,,,530.37,100.0,unknown,QuantData PER_ONE_DOLLAR_MOVE; exact dollar/contract scaling unverified,QuantData
2026-08-17T14:40:00-04:00,2026-09-18,800.0,put,0.0,0.0,,0.0,,,,,3681347.0,14041086.0,-10359739.0,1687012.0,,1875879819.0,,,530.37,100.0,unknown,QuantData PER_ONE_DOLLAR_MOVE; exact dollar/contract scaling unverified,QuantData
2026-08-17T14:40:00-04:00,2026-09-18,810.0,call,4800.0,13660.0,,320890.0,,,,,3681347.0,14041086.0,-10359739.0,1687012.0,,1875879819.0,,,530.37,100.0,unknown,QuantData PER_ONE_DOLLAR_MOVE; exact dollar/contract scaling unverified,QuantData
2026-08-17T14:40:00-04:00,2026-09-18,810.0,put,0.0,0.0,,0.0,,,,,3681347.0,14041086.0,-10359739.0,1687012.0,,1875879819.0,,,530.37,100.0,unknown,QuantData PER_ONE_DOLLAR_MOVE; exact dollar/contract scaling unverified,QuantData
2026-08-17T14:40:00-04:00,2026-09-18,820.0,call,5883.0,18245.0,,340037.0,,,,,3681347.0,14041086.0,-10359739.0,1687012.0,,1875879819.0,,,530.37,100.0,unknown,QuantData PER_ONE_DOLLAR_MOVE; exact dollar/contract scaling unverified,QuantData
2026-08-17T14:40:00-04:00,2026-09-18,820.0,put,0.0,0.0,,0.0,,,,,3681347.0,14041086.0,-10359739.0,1687012.0,,1875879819.0,,,530.37,100.0,unknown,QuantData PER_ONE_DOLLAR_MOVE; exact dollar/contract scaling unverified,QuantData
2026-08-17T14:40:00-04:00,2026-09-18,830.0,call,2503.0,7624.0,,155607.0,,,,,3681347.0,14041086.0,-10359739.0,1687012.0,,1875879819.0,,,530.37,100.0,unknown,QuantData PER_ONE_DOLLAR_MOVE; exact dollar/contract scaling unverified,QuantData
2026-08-17T14:40:00-04:00,2026-09-18,830.0,put,0.0,0.0,,0.0,,,,,3681347.0,14041086.0,-10359739.0,1687012.0,,1875879819.0,,,530.37,100.0,unknown,QuantData PER_ONE_DOLLAR_MOVE; exact dollar/contract scaling unverified,QuantData
2026-08-17T14:40:00-04:00,2026-09-18,850.0,call,20860.0,65894.0,,1280889.0,,,,,3681347.0,14041086.0,-10359739.0,1687012.0,,1875879819.0,,,530.37,100.0,unknown,QuantData PER_ONE_DOLLAR_MOVE; exact dollar/contract scaling unverified,QuantData
2026-08-17T14:40:00-04:00,2026-09-18,850.0,put,0.0,0.0,,0.0,,,,,3681347.0,14041086.0,-10359739.0,1687012.0,,1875879819.0,,,530.37,100.0,unknown,QuantData PER_ONE_DOLLAR_MOVE; exact dollar/contract scaling unverified,QuantData
2026-08-17T14:40:00-04:00,2026-09-18,930.0,call,1223.0,4475.0,,68785.0,,,,,3681347.0,14041086.0,-10359739.0,1687012.0,,1875879819.0,,,530.37,100.0,unknown,QuantData PER_ONE_DOLLAR_MOVE; exact dollar/contract scaling unverified,QuantData
2026-08-17T14:40:00-04:00,2026-09-18,930.0,put,0.0,0.0,,0.0,,,,,3681347.0,14041086.0,-10359739.0,1687012.0,,1875879819.0,,,530.37,100.0,unknown,QuantData PER_ONE_DOLLAR_MOVE; exact dollar/contract scaling unverified,QuantData
2026-08-17T14:40:00-04:00,2026-09-18,960.0,call,2291.0,9300.0,,108474.0,,,,,3681347.0,14041086.0,-10359739.0,1687012.0,,1875879819.0,,,530.37,100.0,unknown,QuantData PER_ONE_DOLLAR_MOVE; exact dollar/contract scaling unverified,QuantData
2026-08-17T14:40:00-04:00,2026-09-18,960.0,put,0.0,0.0,,0.0,,,,,3681347.0,14041086.0,-10359739.0,1687012.0,,1875879819.0,,,530.37,100.0,unknown,QuantData PER_ONE_DOLLAR_MOVE; exact dollar/contract scaling unverified,QuantData
2026-08-17T14:40:00-04:00,2026-09-18,980.0,call,1268.0,5295.0,,59240.0,,,,,3681347.0,14041086.0,-10359739.0,1687012.0,,1875879819.0,,,530.37,100.0,unknown,QuantData PER_ONE_DOLLAR_MOVE; exact dollar/contract scaling unverified,QuantData
2026-08-17T14:40:00-04:00,2026-09-18,980.0,put,0.0,0.0,,0.0,,,,,3681347.0,14041086.0,-10359739.0,1687012.0,,1875879819.0,,,530.37,100.0,unknown,QuantData PER_ONE_DOLLAR_MOVE; exact dollar/contract scaling unverified,QuantData
2026-08-17T14:40:00-04:00,2026-09-18,1000.0,call,6417.0,25877.0,,344802.0,,,,,3681347.0,14041086.0,-10359739.0,1687012.0,,1875879819.0,,,530.37,100.0,unknown,QuantData PER_ONE_DOLLAR_MOVE; exact dollar/contract scaling unverified,QuantData
2026-08-17T14:40:00-04:00,2026-09-18,1000.0,put,0.0,0.0,,0.0,,,,,3681347.0,14041086.0,-10359739.0,1687012.0,,1875879819.0,,,530.37,100.0,unknown,QuantData PER_ONE_DOLLAR_MOVE; exact dollar/contract scaling unverified,QuantData
2026-08-17T14:40:00-04:00,2026-09-18,1080.0,call,127.0,618.0,,5171.0,,,,,3681347.0,14041086.0,-10359739.0,1687012.0,,1875879819.0,,,530.37,100.0,unknown,QuantData PER_ONE_DOLLAR_MOVE; exact dollar/contract scaling unverified,QuantData
2026-08-17T14:40:00-04:00,2026-09-18,1080.0,put,0.0,0.0,,0.0,,,,,3681347.0,14041086.0,-10359739.0,1687012.0,,1875879819.0,,,530.37,100.0,unknown,QuantData PER_ONE_DOLLAR_MOVE; exact dollar/contract scaling unverified,QuantData
2026-08-17T14:40:00-04:00,2026-09-18,1100.0,call,93.0,463.0,,3672.0,,,,,3681347.0,14041086.0,-10359739.0,1687012.0,,1875879819.0,,,530.37,100.0,unknown,QuantData PER_ONE_DOLLAR_MOVE; exact dollar/contract scaling unverified,QuantData
2026-08-17T14:40:00-04:00,2026-09-18,1100.0,put,0.0,0.0,,0.0,,,,,3681347.0,14041086.0,-10359739.0,1687012.0,,1875879819.0,,,530.37,100.0,unknown,QuantData PER_ONE_DOLLAR_MOVE; exact dollar/contract scaling unverified,QuantData
2026-08-17T14:40:00-04:00,2026-09-18,1120.0,call,46.0,229.0,,2018.0,,,,,3681347.0,14041086.0,-10359739.0,1687012.0,,1875879819.0,,,530.37,100.0,unknown,QuantData PER_ONE_DOLLAR_MOVE; exact dollar/contract scaling unverified,QuantData
2026-08-17T14:40:00-04:00,2026-09-18,1120.0,put,0.0,0.0,,0.0,,,,,3681347.0,14041086.0,-10359739.0,1687012.0,,1875879819.0,,,530.37,100.0,unknown,QuantData PER_ONE_DOLLAR_MOVE; exact dollar/contract scaling unverified,QuantData
2026-08-17T14:40:00-04:00,2026-09-25,250.0,call,0.0,0.0,,0.0,,,,,3681347.0,14041086.0,-10359739.0,1687012.0,,1875879819.0,,,530.37,100.0,unknown,QuantData PER_ONE_DOLLAR_MOVE; exact dollar/contract scaling unverified,QuantData
2026-08-17T14:40:00-04:00,2026-09-25,250.0,put,-65.0,-229.0,,-4752.0,,,,,3681347.0,14041086.0,-10359739.0,1687012.0,,1875879819.0,,,530.37,100.0,unknown,QuantData PER_ONE_DOLLAR_MOVE; exact dollar/contract scaling unverified,QuantData
2026-08-17T14:40:00-04:00,2026-09-25,260.0,call,0.0,0.0,,0.0,,,,,3681347.0,14041086.0,-10359739.0,1687012.0,,1875879819.0,,,530.37,100.0,unknown,QuantData PER_ONE_DOLLAR_MOVE; exact dollar/contract scaling unverified,QuantData
2026-08-17T14:40:00-04:00,2026-09-25,260.0,put,-911.0,-3790.0,,-49088.0,,,,,3681347.0,14041086.0,-10359739.0,1687012.0,,1875879819.0,,,530.37,100.0,unknown,QuantData PER_ONE_DOLLAR_MOVE; exact dollar/contract scaling unverified,QuantData
2026-08-17T14:40:00-04:00,2026-09-25,290.0,call,0.0,0.0,,0.0,,,,,3681347.0,14041086.0,-10359739.0,1687012.0,,1875879819.0,,,530.37,100.0,unknown,QuantData PER_ONE_DOLLAR_MOVE; exact dollar/contract scaling unverified,QuantData
2026-08-17T14:40:00-04:00,2026-09-25,290.0,put,-42.0,-146.0,,-2483.0,,,,,3681347.0,14041086.0,-10359739.0,1687012.0,,1875879819.0,,,530.37,100.0,unknown,QuantData PER_ONE_DOLLAR_MOVE; exact dollar/contract scaling unverified,QuantData
2026-08-17T14:40:00-04:00,2026-09-25,300.0,call,0.0,0.0,,0.0,,,,,3681347.0,14041086.0,-10359739.0,1687012.0,,1875879819.0,,,530.37,100.0,unknown,QuantData PER_ONE_DOLLAR_MOVE; exact dollar/contract scaling unverified,QuantData
2026-08-17T14:40:00-04:00,2026-09-25,300.0,put,-665.0,-2336.0,,-39946.0,,,,,3681347.0,14041086.0,-10359739.0,1687012.0,,1875879819.0,,,530.37,100.0,unknown,QuantData PER_ONE_DOLLAR_MOVE; exact dollar/contract scaling unverified,QuantData
2026-08-17T14:40:00-04:00,2026-09-25,310.0,call,0.0,0.0,,0.0,,,,,3681347.0,14041086.0,-10359739.0,1687012.0,,1875879819.0,,,530.37,100.0,unknown,QuantData PER_ONE_DOLLAR_MOVE; exact dollar/contract scaling unverified,QuantData
2026-08-17T14:40:00-04:00,2026-09-25,310.0,put,-82.0,-275.0,,-5028.0,,,,,3681347.0,14041086.0,-10359739.0,1687012.0,,1875879819.0,,,530.37,100.0,unknown,QuantData PER_ONE_DOLLAR_MOVE; exact dollar/contract scaling unverified,QuantData
2026-08-17T14:40:00-04:00,2026-09-25,320.0,call,0.0,0.0,,0.0,,,,,3681347.0,14041086.0,-10359739.0,1687012.0,,1875879819.0,,,530.37,100.0,unknown,QuantData PER_ONE_DOLLAR_MOVE; exact dollar/contract scaling unverified,QuantData
2026-08-17T14:40:00-04:00,2026-09-25,320.0,put,-601.0,-1975.0,,-34121.0,,,,,3681347.0,14041086.0,-10359739.0,1687012.0,,1875879819.0,,,530.37,100.0,unknown,QuantData PER_ONE_DOLLAR_MOVE; exact dollar/contract scaling unverified,QuantData
2026-08-17T14:40:00-04:00,2026-09-25,330.0,call,0.0,0.0,,0.0,,,,,3681347.0,14041086.0,-10359739.0,1687012.0,,1875879819.0,,,530.37,100.0,unknown,QuantData PER_ONE_DOLLAR_MOVE; exact dollar/contract scaling unverified,QuantData
2026-08-17T14:40:00-04:00,2026-09-25,330.0,put,-514.0,-1356.0,,-35317.0,,,,,3681347.0,14041086.0,-10359739.0,1687012.0,,1875879819.0,,,530.37,100.0,unknown,QuantData PER_ONE_DOLLAR_MOVE; exact dollar/contract scaling unverified,QuantData
2026-08-17T14:40:00-04:00,2026-09-25,340.0,call,0.0,0.0,,0.0,,,,,3681347.0,14041086.0,-10359739.0,1687012.0,,1875879819.0,,,530.37,100.0,unknown,QuantData PER_ONE_DOLLAR_MOVE; exact dollar/contract scaling unverified,QuantData
2026-08-17T14:40:00-04:00,2026-09-25,340.0,put,-743.0,-2137.0,,-43319.0,,,,,3681347.0,14041086.0,-10359739.0,1687012.0,,1875879819.0,,,530.37,100.0,unknown,QuantData PER_ONE_DOLLAR_MOVE; exact dollar/contract scaling unverified,QuantData
2026-08-17T14:40:00-04:00,2026-09-25,350.0,call,0.0,0.0,,0.0,,,,,3681347.0,14041086.0,-10359739.0,1687012.0,,1875879819.0,,,530.37,100.0,unknown,QuantData PER_ONE_DOLLAR_MOVE; exact dollar/contract scaling unverified,QuantData
2026-08-17T14:40:00-04:00,2026-09-25,350.0,put,-7855.0,-21813.0,,-518593.0,,,,,3681347.0,14041086.0,-10359739.0,1687012.0,,1875879819.0,,,530.37,100.0,unknown,QuantData PER_ONE_DOLLAR_MOVE; exact dollar/contract scaling unverified,QuantData
2026-08-17T14:40:00-04:00,2026-09-25,360.0,call,0.0,0.0,,0.0,,,,,3681347.0,14041086.0,-10359739.0,1687012.0,,1875879819.0,,,530.37,100.0,unknown,QuantData PER_ONE_DOLLAR_MOVE; exact dollar/contract scaling unverified,QuantData
2026-08-17T14:40:00-04:00,2026-09-25,360.0,put,-545.0,-1341.0,,-35132.0,,,,,3681347.0,14041086.0,-10359739.0,1687012.0,,1875879819.0,,,530.37,100.0,unknown,QuantData PER_ONE_DOLLAR_MOVE; exact dollar/contract scaling unverified,QuantData
2026-08-17T14:40:00-04:00,2026-09-25,370.0,call,0.0,0.0,,0.0,,,,,3681347.0,14041086.0,-10359739.0,1687012.0,,1875879819.0,,,530.37,100.0,unknown,QuantData PER_ONE_DOLLAR_MOVE; exact dollar/contract scaling unverified,QuantData
2026-08-17T14:40:00-04:00,2026-09-25,370.0,put,-405.0,-997.0,,-27406.0,,,,,3681347.0,14041086.0,-10359739.0,1687012.0,,1875879819.0,,,530.37,100.0,unknown,QuantData PER_ONE_DOLLAR_MOVE; exact dollar/contract scaling unverified,QuantData
2026-08-17T14:40:00-04:00,2026-09-25,375.0,call,0.0,0.0,,0.0,,,,,3681347.0,14041086.0,-10359739.0,1687012.0,,1875879819.0,,,530.37,100.0,unknown,QuantData PER_ONE_DOLLAR_MOVE; exact dollar/contract scaling unverified,QuantData
2026-08-17T14:40:00-04:00,2026-09-25,375.0,put,-724.0,-1735.0,,-51422.0,,,,,3681347.0,14041086.0,-10359739.0,1687012.0,,1875879819.0,,,530.37,100.0,unknown,QuantData PER_ONE_DOLLAR_MOVE; exact dollar/contract scaling unverified,QuantData
2026-08-17T14:40:00-04:00,2026-09-25,380.0,call,0.0,0.0,,0.0,,,,,3681347.0,14041086.0,-10359739.0,1687012.0,,1875879819.0,,,530.37,100.0,unknown,QuantData PER_ONE_DOLLAR_MOVE; exact dollar/contract scaling unverified,QuantData
2026-08-17T14:40:00-04:00,2026-09-25,380.0,put,-684.0,-1479.0,,-47028.0,,,,,3681347.0,14041086.0,-10359739.0,1687012.0,,1875879819.0,,,530.37,100.0,unknown,QuantData PER_ONE_DOLLAR_MOVE; exact dollar/contract scaling unverified,QuantData
2026-08-17T14:40:00-04:00,2026-09-25,385.0,call,0.0,0.0,,0.0,,,,,3681347.0,14041086.0,-10359739.0,1687012.0,,1875879819.0,,,530.37,100.0,unknown,QuantData PER_ONE_DOLLAR_MOVE; exact dollar/contract scaling unverified,QuantData
2026-08-17T14:40:00-04:00,2026-09-25,385.0,put,-2271.0,-4712.0,,-159015.0,,,,,3681347.0,14041086.0,-10359739.0,1687012.0,,1875879819.0,,,530.37,100.0,unknown,QuantData PER_ONE_DOLLAR_MOVE; exact dollar/contract scaling unverified,QuantData
2026-08-17T14:40:00-04:00,2026-09-25,390.0,call,0.0,0.0,,0.0,,,,,3681347.0,14041086.0,-10359739.0,1687012.0,,1875879819.0,,,530.37,100.0,unknown,QuantData PER_ONE_DOLLAR_MOVE; exact dollar/contract scaling unverified,QuantData
2026-08-17T14:40:00-04:00,2026-09-25,390.0,put,-881.0,-1793.0,,-63590.0,,,,,3681347.0,14041086.0,-10359739.0,1687012.0,,1875879819.0,,,530.37,100.0,unknown,QuantData PER_ONE_DOLLAR_MOVE; exact dollar/contract scaling unverified,QuantData
2026-08-17T14:40:00-04:00,2026-09-25,395.0,call,0.0,0.0,,0.0,,,,,3681347.0,14041086.0,-10359739.0,1687012.0,,1875879819.0,,,530.37,100.0,unknown,QuantData PER_ONE_DOLLAR_MOVE; exact dollar/contract scaling unverified,QuantData
2026-08-17T14:40:00-04:00,2026-09-25,395.0,put,-1604.0,-3068.0,,-126001.0,,,,,3681347.0,14041086.0,-10359739.0,1687012.0,,1875879819.0,,,530.37,100.0,unknown,QuantData PER_ONE_DOLLAR_MOVE; exact dollar/contract scaling unverified,QuantData
2026-08-17T14:40:00-04:00,2026-09-25,400.0,call,304.0,-631.0,,250268.0,,,,,3681347.0,14041086.0,-10359739.0,1687012.0,,1875879819.0,,,530.37,100.0,unknown,QuantData PER_ONE_DOLLAR_MOVE; exact dollar/contract scaling unverified,QuantData
2026-08-17T14:40:00-04:00,2026-09-25,400.0,put,-2805.0,-5039.0,,-212371.0,,,,,3681347.0,14041086.0,-10359739.0,1687012.0,,1875879819.0,,,530.37,100.0,unknown,QuantData PER_ONE_DOLLAR_MOVE; exact dollar/contract scaling unverified,QuantData
2026-08-17T14:40:00-04:00,2026-09-25,405.0,call,0.0,0.0,,0.0,,,,,3681347.0,14041086.0,-10359739.0,1687012.0,,1875879819.0,,,530.37,100.0,unknown,QuantData PER_ONE_DOLLAR_MOVE; exact dollar/contract scaling unverified,QuantData
2026-08-17T14:40:00-04:00,2026-09-25,405.0,put,-1068.0,-1956.0,,-86500.0,,,,,3681347.0,14041086.0,-10359739.0,1687012.0,,1875879819.0,,,530.37,100.0,unknown,QuantData PER_ONE_DOLLAR_MOVE; exact dollar/contract scaling unverified,QuantData
2026-08-17T14:40:00-04:00,2026-09-25,410.0,call,0.0,0.0,,0.0,,,,,3681347.0,14041086.0,-10359739.0,1687012.0,,1875879819.0,,,530.37,100.0,unknown,QuantData PER_ONE_DOLLAR_MOVE; exact dollar/contract scaling unverified,QuantData
2026-08-17T14:40:00-04:00,2026-09-25,410.0,put,-1245.0,-1817.0,,-105997.0,,,,,3681347.0,14041086.0,-10359739.0,1687012.0,,1875879819.0,,,530.37,100.0,unknown,QuantData PER_ONE_DOLLAR_MOVE; exact dollar/contract scaling unverified,QuantData
2026-08-17T14:40:00-04:00,2026-09-25,415.0,call,0.0,0.0,,0.0,,,,,3681347.0,14041086.0,-10359739.0,1687012.0,,1875879819.0,,,530.37,100.0,unknown,QuantData PER_ONE_DOLLAR_MOVE; exact dollar/contract scaling unverified,QuantData
2026-08-17T14:40:00-04:00,2026-09-25,415.0,put,-2176.0,-3305.0,,-180283.0,,,,,3681347.0,14041086.0,-10359739.0,1687012.0,,1875879819.0,,,530.37,100.0,unknown,QuantData PER_ONE_DOLLAR_MOVE; exact dollar/contract scaling unverified,QuantData
2026-08-17T14:40:00-04:00,2026-09-25,420.0,call,0.0,0.0,,0.0,,,,,3681347.0,14041086.0,-10359739.0,1687012.0,,1875879819.0,,,530.37,100.0,unknown,QuantData PER_ONE_DOLLAR_MOVE; exact dollar/contract scaling unverified,QuantData
2026-08-17T14:40:00-04:00,2026-09-25,420.0,put,-1818.0,-2663.0,,-145778.0,,,,,3681347.0,14041086.0,-10359739.0,1687012.0,,1875879819.0,,,530.37,100.0,unknown,QuantData PER_ONE_DOLLAR_MOVE; exact dollar/contract scaling unverified,QuantData
2026-08-17T14:40:00-04:00,2026-09-25,425.0,call,0.0,0.0,,0.0,,,,,3681347.0,14041086.0,-10359739.0,1687012.0,,1875879819.0,,,530.37,100.0,unknown,QuantData PER_ONE_DOLLAR_MOVE; exact dollar/contract scaling unverified,QuantData
2026-08-17T14:40:00-04:00,2026-09-25,425.0,put,-5809.0,-7826.0,,-491370.0,,,,,3681347.0,14041086.0,-10359739.0,1687012.0,,1875879819.0,,,530.37,100.0,unknown,QuantData PER_ONE_DOLLAR_MOVE; exact dollar/contract scaling unverified,QuantData
2026-08-17T14:40:00-04:00,2026-09-25,430.0,call,0.0,0.0,,0.0,,,,,3681347.0,14041086.0,-10359739.0,1687012.0,,1875879819.0,,,530.37,100.0,unknown,QuantData PER_ONE_DOLLAR_MOVE; exact dollar/contract scaling unverified,QuantData
2026-08-17T14:40:00-04:00,2026-09-25,430.0,put,-18415.0,-23968.0,,-1546968.0,,,,,3681347.0,14041086.0,-10359739.0,1687012.0,,1875879819.0,,,530.37,100.0,unknown,QuantData PER_ONE_DOLLAR_MOVE; exact dollar/contract scaling unverified,QuantData
2026-08-17T14:40:00-04:00,2026-09-25,435.0,call,0.0,0.0,,0.0,,,,,3681347.0,14041086.0,-10359739.0,1687012.0,,1875879819.0,,,530.37,100.0,unknown,QuantData PER_ONE_DOLLAR_MOVE; exact dollar/contract scaling unverified,QuantData
2026-08-17T14:40:00-04:00,2026-09-25,435.0,put,-3558.0,-4560.0,,-296875.0,,,,,3681347.0,14041086.0,-10359739.0,1687012.0,,1875879819.0,,,530.37,100.0,unknown,QuantData PER_ONE_DOLLAR_MOVE; exact dollar/contract scaling unverified,QuantData
2026-08-17T14:40:00-04:00,2026-09-25,440.0,call,0.0,0.0,,0.0,,,,,3681347.0,14041086.0,-10359739.0,1687012.0,,1875879819.0,,,530.37,100.0,unknown,QuantData PER_ONE_DOLLAR_MOVE; exact dollar/contract scaling unverified,QuantData
2026-08-17T14:40:00-04:00,2026-09-25,440.0,put,-1296.0,-1508.0,,-115013.0,,,,,3681347.0,14041086.0,-10359739.0,1687012.0,,1875879819.0,,,530.37,100.0,unknown,QuantData PER_ONE_DOLLAR_MOVE; exact dollar/contract scaling unverified,QuantData
2026-08-17T14:40:00-04:00,2026-09-25,445.0,call,0.0,0.0,,0.0,,,,,3681347.0,14041086.0,-10359739.0,1687012.0,,1875879819.0,,,530.37,100.0,unknown,QuantData PER_ONE_DOLLAR_MOVE; exact dollar/contract scaling unverified,QuantData
2026-08-17T14:40:00-04:00,2026-09-25,445.0,put,-3608.0,-3905.0,,-327883.0,,,,,3681347.0,14041086.0,-10359739.0,1687012.0,,1875879819.0,,,530.37,100.0,unknown,QuantData PER_ONE_DOLLAR_MOVE; exact dollar/contract scaling unverified,QuantData
2026-08-17T14:40:00-04:00,2026-09-25,450.0,call,6912.0,-7442.0,,2679095.0,,,,,3681347.0,14041086.0,-10359739.0,1687012.0,,1875879819.0,,,530.37,100.0,unknown,QuantData PER_ONE_DOLLAR_MOVE; exact dollar/contract scaling unverified,QuantData
2026-08-17T14:40:00-04:00,2026-09-25,450.0,put,-2976.0,-2944.0,,-275428.0,,,,,3681347.0,14041086.0,-10359739.0,1687012.0,,1875879819.0,,,530.37,100.0,unknown,QuantData PER_ONE_DOLLAR_MOVE; exact dollar/contract scaling unverified,QuantData
2026-08-17T14:40:00-04:00,2026-09-25,455.0,call,0.0,0.0,,0.0,,,,,3681347.0,14041086.0,-10359739.0,1687012.0,,1875879819.0,,,530.37,100.0,unknown,QuantData PER_ONE_DOLLAR_MOVE; exact dollar/contract scaling unverified,QuantData
2026-08-17T14:40:00-04:00,2026-09-25,455.0,put,-228.0,-238.0,,-21725.0,,,,,3681347.0,14041086.0,-10359739.0,1687012.0,,1875879819.0,,,530.37,100.0,unknown,QuantData PER_ONE_DOLLAR_MOVE; exact dollar/contract scaling unverified,QuantData
2026-08-17T14:40:00-04:00,2026-09-25,460.0,call,691.0,-730.0,,260821.0,,,,,3681347.0,14041086.0,-10359739.0,1687012.0,,1875879819.0,,,530.37,100.0,unknown,QuantData PER_ONE_DOLLAR_MOVE; exact dollar/contract scaling unverified,QuantData
2026-08-17T14:40:00-04:00,2026-09-25,460.0,put,-374.0,-333.0,,-36183.0,,,,,3681347.0,14041086.0,-10359739.0,1687012.0,,1875879819.0,,,530.37,100.0,unknown,QuantData PER_ONE_DOLLAR_MOVE; exact dollar/contract scaling unverified,QuantData
2026-08-17T14:40:00-04:00,2026-09-25,465.0,call,0.0,0.0,,0.0,,,,,3681347.0,14041086.0,-10359739.0,1687012.0,,1875879819.0,,,530.37,100.0,unknown,QuantData PER_ONE_DOLLAR_MOVE; exact dollar/contract scaling unverified,QuantData
2026-08-17T14:40:00-04:00,2026-09-25,465.0,put,-128.0,-99.0,,-13040.0,,,,,3681347.0,14041086.0,-10359739.0,1687012.0,,1875879819.0,,,530.37,100.0,unknown,QuantData PER_ONE_DOLLAR_MOVE; exact dollar/contract scaling unverified,QuantData
2026-08-17T14:40:00-04:00,2026-09-25,470.0,call,0.0,0.0,,0.0,,,,,3681347.0,14041086.0,-10359739.0,1687012.0,,1875879819.0,,,530.37,100.0,unknown,QuantData PER_ONE_DOLLAR_MOVE; exact dollar/contract scaling unverified,QuantData
2026-08-17T14:40:00-04:00,2026-09-25,470.0,put,-3593.0,-2329.0,,-381324.0,,,,,3681347.0,14041086.0,-10359739.0,1687012.0,,1875879819.0,,,530.37,100.0,unknown,QuantData PER_ONE_DOLLAR_MOVE; exact dollar/contract scaling unverified,QuantData
2026-08-17T14:40:00-04:00,2026-09-25,475.0,call,2737.0,-2260.0,,915292.0,,,,,3681347.0,14041086.0,-10359739.0,1687012.0,,1875879819.0,,,530.37,100.0,unknown,QuantData PER_ONE_DOLLAR_MOVE; exact dollar/contract scaling unverified,QuantData
2026-08-17T14:40:00-04:00,2026-09-25,475.0,put,-898.0,-632.0,,-97295.0,,,,,3681347.0,14041086.0,-10359739.0,1687012.0,,1875879819.0,,,530.37,100.0,unknown,QuantData PER_ONE_DOLLAR_MOVE; exact dollar/contract scaling unverified,QuantData
2026-08-17T14:40:00-04:00,2026-09-25,480.0,call,6448.0,-3740.0,,1756753.0,,,,,3681347.0,14041086.0,-10359739.0,1687012.0,,1875879819.0,,,530.37,100.0,unknown,QuantData PER_ONE_DOLLAR_MOVE; exact dollar/contract scaling unverified,QuantData
2026-08-17T14:40:00-04:00,2026-09-25,480.0,put,-995.0,-488.0,,-110225.0,,,,,3681347.0,14041086.0,-10359739.0,1687012.0,,1875879819.0,,,530.37,100.0,unknown,QuantData PER_ONE_DOLLAR_MOVE; exact dollar/contract scaling unverified,QuantData
2026-08-17T14:40:00-04:00,2026-09-25,485.0,call,0.0,0.0,,0.0,,,,,3681347.0,14041086.0,-10359739.0,1687012.0,,1875879819.0,,,530.37,100.0,unknown,QuantData PER_ONE_DOLLAR_MOVE; exact dollar/contract scaling unverified,QuantData
2026-08-17T14:40:00-04:00,2026-09-25,485.0,put,-549.0,-318.0,,-60978.0,,,,,3681347.0,14041086.0,-10359739.0,1687012.0,,1875879819.0,,,530.37,100.0,unknown,QuantData PER_ONE_DOLLAR_MOVE; exact dollar/contract scaling unverified,QuantData
2026-08-17T14:40:00-04:00,2026-09-25,490.0,call,403.0,-233.0,,117446.0,,,,,3681347.0,14041086.0,-10359739.0,1687012.0,,1875879819.0,,,530.37,100.0,unknown,QuantData PER_ONE_DOLLAR_MOVE; exact dollar/contract scaling unverified,QuantData
2026-08-17T14:40:00-04:00,2026-09-25,490.0,put,-5509.0,-2065.0,,-647860.0,,,,,3681347.0,14041086.0,-10359739.0,1687012.0,,1875879819.0,,,530.37,100.0,unknown,QuantData PER_ONE_DOLLAR_MOVE; exact dollar/contract scaling unverified,QuantData
2026-08-17T14:40:00-04:00,2026-09-25,500.0,call,3533.0,-1622.0,,947288.0,,,,,3681347.0,14041086.0,-10359739.0,1687012.0,,1875879819.0,,,530.37,100.0,unknown,QuantData PER_ONE_DOLLAR_MOVE; exact dollar/contract scaling unverified,QuantData
2026-08-17T14:40:00-04:00,2026-09-25,500.0,put,0.0,0.0,,0.0,,,,,3681347.0,14041086.0,-10359739.0,1687012.0,,1875879819.0,,,530.37,100.0,unknown,QuantData PER_ONE_DOLLAR_MOVE; exact dollar/contract scaling unverified,QuantData
2026-08-17T14:40:00-04:00,2026-09-25,505.0,call,859.0,-316.0,,221459.0,,,,,3681347.0,14041086.0,-10359739.0,1687012.0,,1875879819.0,,,530.37,100.0,unknown,QuantData PER_ONE_DOLLAR_MOVE; exact dollar/contract scaling unverified,QuantData
2026-08-17T14:40:00-04:00,2026-09-25,505.0,put,0.0,0.0,,0.0,,,,,3681347.0,14041086.0,-10359739.0,1687012.0,,1875879819.0,,,530.37,100.0,unknown,QuantData PER_ONE_DOLLAR_MOVE; exact dollar/contract scaling unverified,QuantData
2026-08-17T14:40:00-04:00,2026-09-25,510.0,call,1710.0,-437.0,,428301.0,,,,,3681347.0,14041086.0,-10359739.0,1687012.0,,1875879819.0,,,530.37,100.0,unknown,QuantData PER_ONE_DOLLAR_MOVE; exact dollar/contract scaling unverified,QuantData
2026-08-17T14:40:00-04:00,2026-09-25,510.0,put,-787.0,-48.0,,-102778.0,,,,,3681347.0,14041086.0,-10359739.0,1687012.0,,1875879819.0,,,530.37,100.0,unknown,QuantData PER_ONE_DOLLAR_MOVE; exact dollar/contract scaling unverified,QuantData
2026-08-17T14:40:00-04:00,2026-09-25,515.0,call,2778.0,-323.0,,601303.0,,,,,3681347.0,14041086.0,-10359739.0,1687012.0,,1875879819.0,,,530.37,100.0,unknown,QuantData PER_ONE_DOLLAR_MOVE; exact dollar/contract scaling unverified,QuantData
2026-08-17T14:40:00-04:00,2026-09-25,515.0,put,-290.0,-63.0,,-38520.0,,,,,3681347.0,14041086.0,-10359739.0,1687012.0,,1875879819.0,,,530.37,100.0,unknown,QuantData PER_ONE_DOLLAR_MOVE; exact dollar/contract scaling unverified,QuantData
2026-08-17T14:40:00-04:00,2026-09-25,520.0,call,2031.0,-102.0,,424450.0,,,,,3681347.0,14041086.0,-10359739.0,1687012.0,,1875879819.0,,,530.37,100.0,unknown,QuantData PER_ONE_DOLLAR_MOVE; exact dollar/contract scaling unverified,QuantData
2026-08-17T14:40:00-04:00,2026-09-25,520.0,put,-581.0,-93.0,,-79714.0,,,,,3681347.0,14041086.0,-10359739.0,1687012.0,,1875879819.0,,,530.37,100.0,unknown,QuantData PER_ONE_DOLLAR_MOVE; exact dollar/contract scaling unverified,QuantData
2026-08-17T14:40:00-04:00,2026-09-25,525.0,call,2565.0,-283.0,,579831.0,,,,,3681347.0,14041086.0,-10359739.0,1687012.0,,1875879819.0,,,530.37,100.0,unknown,QuantData PER_ONE_DOLLAR_MOVE; exact dollar/contract scaling unverified,QuantData
2026-08-17T14:40:00-04:00,2026-09-25,525.0,put,-150.0,-14.0,,-20721.0,,,,,3681347.0,14041086.0,-10359739.0,1687012.0,,1875879819.0,,,530.37,100.0,unknown,QuantData PER_ONE_DOLLAR_MOVE; exact dollar/contract scaling unverified,QuantData
2026-08-17T14:40:00-04:00,2026-09-25,530.0,call,1315.0,228.0,,235485.0,,,,,3681347.0,14041086.0,-10359739.0,1687012.0,,1875879819.0,,,530.37,100.0,unknown,QuantData PER_ONE_DOLLAR_MOVE; exact dollar/contract scaling unverified,QuantData
2026-08-17T14:40:00-04:00,2026-09-25,530.0,put,-800.0,130.0,,-116672.0,,,,,3681347.0,14041086.0,-10359739.0,1687012.0,,1875879819.0,,,530.37,100.0,unknown,QuantData PER_ONE_DOLLAR_MOVE; exact dollar/contract scaling unverified,QuantData
2026-08-17T14:40:00-04:00,2026-09-25,535.0,call,3424.0,740.0,,611093.0,,,,,3681347.0,14041086.0,-10359739.0,1687012.0,,1875879819.0,,,530.37,100.0,unknown,QuantData PER_ONE_DOLLAR_MOVE; exact dollar/contract scaling unverified,QuantData
2026-08-17T14:40:00-04:00,2026-09-25,535.0,put,-3662.0,135.0,,-534882.0,,,,,3681347.0,14041086.0,-10359739.0,1687012.0,,1875879819.0,,,530.37,100.0,unknown,QuantData PER_ONE_DOLLAR_MOVE; exact dollar/contract scaling unverified,QuantData
2026-08-17T14:40:00-04:00,2026-09-25,540.0,call,3587.0,316.0,,730059.0,,,,,3681347.0,14041086.0,-10359739.0,1687012.0,,1875879819.0,,,530.37,100.0,unknown,QuantData PER_ONE_DOLLAR_MOVE; exact dollar/contract scaling unverified,QuantData
2026-08-17T14:40:00-04:00,2026-09-25,540.0,put,-322.0,106.0,,-50492.0,,,,,3681347.0,14041086.0,-10359739.0,1687012.0,,1875879819.0,,,530.37,100.0,unknown,QuantData PER_ONE_DOLLAR_MOVE; exact dollar/contract scaling unverified,QuantData
2026-08-17T14:40:00-04:00,2026-09-25,545.0,call,2680.0,469.0,,519928.0,,,,,3681347.0,14041086.0,-10359739.0,1687012.0,,1875879819.0,,,530.37,100.0,unknown,QuantData PER_ONE_DOLLAR_MOVE; exact dollar/contract scaling unverified,QuantData
2026-08-17T14:40:00-04:00,2026-09-25,545.0,put,0.0,0.0,,0.0,,,,,3681347.0,14041086.0,-10359739.0,1687012.0,,1875879819.0,,,530.37,100.0,unknown,QuantData PER_ONE_DOLLAR_MOVE; exact dollar/contract scaling unverified,QuantData
2026-08-17T14:40:00-04:00,2026-09-25,550.0,call,4119.0,1069.0,,766852.0,,,,,3681347.0,14041086.0,-10359739.0,1687012.0,,1875879819.0,,,530.37,100.0,unknown,QuantData PER_ONE_DOLLAR_MOVE; exact dollar/contract scaling unverified,QuantData
2026-08-17T14:40:00-04:00,2026-09-25,550.0,put,0.0,0.0,,0.0,,,,,3681347.0,14041086.0,-10359739.0,1687012.0,,1875879819.0,,,530.37,100.0,unknown,QuantData PER_ONE_DOLLAR_MOVE; exact dollar/contract scaling unverified,QuantData
2026-08-17T14:40:00-04:00,2026-09-25,555.0,call,3256.0,1681.0,,506097.0,,,,,3681347.0,14041086.0,-10359739.0,1687012.0,,1875879819.0,,,530.37,100.0,unknown,QuantData PER_ONE_DOLLAR_MOVE; exact dollar/contract scaling unverified,QuantData
2026-08-17T14:40:00-04:00,2026-09-25,555.0,put,0.0,0.0,,0.0,,,,,3681347.0,14041086.0,-10359739.0,1687012.0,,1875879819.0,,,530.37,100.0,unknown,QuantData PER_ONE_DOLLAR_MOVE; exact dollar/contract scaling unverified,QuantData
2026-08-17T14:40:00-04:00,2026-09-25,560.0,call,0.0,0.0,,0.0,,,,,3681347.0,14041086.0,-10359739.0,1687012.0,,1875879819.0,,,530.37,100.0,unknown,QuantData PER_ONE_DOLLAR_MOVE; exact dollar/contract scaling unverified,QuantData
2026-08-17T14:40:00-04:00,2026-09-25,560.0,put,0.0,0.0,,0.0,,,,,3681347.0,14041086.0,-10359739.0,1687012.0,,1875879819.0,,,530.37,100.0,unknown,QuantData PER_ONE_DOLLAR_MOVE; exact dollar/contract scaling unverified,QuantData
2026-08-17T14:40:00-04:00,2026-09-25,565.0,call,1284.0,821.0,,190942.0,,,,,3681347.0,14041086.0,-10359739.0,1687012.0,,1875879819.0,,,530.37,100.0,unknown,QuantData PER_ONE_DOLLAR_MOVE; exact dollar/contract scaling unverified,QuantData
2026-08-17T14:40:00-04:00,2026-09-25,565.0,put,-604.0,291.0,,-108971.0,,,,,3681347.0,14041086.0,-10359739.0,1687012.0,,1875879819.0,,,530.37,100.0,unknown,QuantData PER_ONE_DOLLAR_MOVE; exact dollar/contract scaling unverified,QuantData
2026-08-17T14:40:00-04:00,2026-09-25,570.0,call,2407.0,1219.0,,397304.0,,,,,3681347.0,14041086.0,-10359739.0,1687012.0,,1875879819.0,,,530.37,100.0,unknown,QuantData PER_ONE_DOLLAR_MOVE; exact dollar/contract scaling unverified,QuantData
2026-08-17T14:40:00-04:00,2026-09-25,570.0,put,0.0,0.0,,0.0,,,,,3681347.0,14041086.0,-10359739.0,1687012.0,,1875879819.0,,,530.37,100.0,unknown,QuantData PER_ONE_DOLLAR_MOVE; exact dollar/contract scaling unverified,QuantData
2026-08-17T14:40:00-04:00,2026-09-25,575.0,call,0.0,0.0,,0.0,,,,,3681347.0,14041086.0,-10359739.0,1687012.0,,1875879819.0,,,530.37,100.0,unknown,QuantData PER_ONE_DOLLAR_MOVE; exact dollar/contract scaling unverified,QuantData
2026-08-17T14:40:00-04:00,2026-09-25,575.0,put,-455.0,285.0,,-86874.0,,,,,3681347.0,14041086.0,-10359739.0,1687012.0,,1875879819.0,,,530.37,100.0,unknown,QuantData PER_ONE_DOLLAR_MOVE; exact dollar/contract scaling unverified,QuantData
2026-08-17T14:40:00-04:00,2026-09-25,580.0,call,804.0,477.0,,128002.0,,,,,3681347.0,14041086.0,-10359739.0,1687012.0,,1875879819.0,,,530.37,100.0,unknown,QuantData PER_ONE_DOLLAR_MOVE; exact dollar/contract scaling unverified,QuantData
2026-08-17T14:40:00-04:00,2026-09-25,580.0,put,0.0,0.0,,0.0,,,,,3681347.0,14041086.0,-10359739.0,1687012.0,,1875879819.0,,,530.37,100.0,unknown,QuantData PER_ONE_DOLLAR_MOVE; exact dollar/contract scaling unverified,QuantData
2026-08-17T14:40:00-04:00,2026-09-25,585.0,call,578.0,475.0,,89170.0,,,,,3681347.0,14041086.0,-10359739.0,1687012.0,,1875879819.0,,,530.37,100.0,unknown,QuantData PER_ONE_DOLLAR_MOVE; exact dollar/contract scaling unverified,QuantData
2026-08-17T14:40:00-04:00,2026-09-25,585.0,put,0.0,0.0,,0.0,,,,,3681347.0,14041086.0,-10359739.0,1687012.0,,1875879819.0,,,530.37,100.0,unknown,QuantData PER_ONE_DOLLAR_MOVE; exact dollar/contract scaling unverified,QuantData
2026-08-17T14:40:00-04:00,2026-09-25,590.0,call,1116.0,879.0,,160157.0,,,,,3681347.0,14041086.0,-10359739.0,1687012.0,,1875879819.0,,,530.37,100.0,unknown,QuantData PER_ONE_DOLLAR_MOVE; exact dollar/contract scaling unverified,QuantData
2026-08-17T14:40:00-04:00,2026-09-25,590.0,put,0.0,0.0,,0.0,,,,,3681347.0,14041086.0,-10359739.0,1687012.0,,1875879819.0,,,530.37,100.0,unknown,QuantData PER_ONE_DOLLAR_MOVE; exact dollar/contract scaling unverified,QuantData
2026-08-17T14:40:00-04:00,2026-09-25,595.0,call,1697.0,1673.0,,218031.0,,,,,3681347.0,14041086.0,-10359739.0,1687012.0,,1875879819.0,,,530.37,100.0,unknown,QuantData PER_ONE_DOLLAR_MOVE; exact dollar/contract scaling unverified,QuantData
2026-08-17T14:40:00-04:00,2026-09-25,595.0,put,0.0,0.0,,0.0,,,,,3681347.0,14041086.0,-10359739.0,1687012.0,,1875879819.0,,,530.37,100.0,unknown,QuantData PER_ONE_DOLLAR_MOVE; exact dollar/contract scaling unverified,QuantData
2026-08-17T14:40:00-04:00,2026-09-25,600.0,call,2712.0,2949.0,,332042.0,,,,,3681347.0,14041086.0,-10359739.0,1687012.0,,1875879819.0,,,530.37,100.0,unknown,QuantData PER_ONE_DOLLAR_MOVE; exact dollar/contract scaling unverified,QuantData
2026-08-17T14:40:00-04:00,2026-09-25,600.0,put,-2671.0,2856.0,,-610698.0,,,,,3681347.0,14041086.0,-10359739.0,1687012.0,,1875879819.0,,,530.37,100.0,unknown,QuantData PER_ONE_DOLLAR_MOVE; exact dollar/contract scaling unverified,QuantData
2026-08-17T14:40:00-04:00,2026-09-25,605.0,call,3456.0,3197.0,,472529.0,,,,,3681347.0,14041086.0,-10359739.0,1687012.0,,1875879819.0,,,530.37,100.0,unknown,QuantData PER_ONE_DOLLAR_MOVE; exact dollar/contract scaling unverified,QuantData
2026-08-17T14:40:00-04:00,2026-09-25,605.0,put,0.0,0.0,,0.0,,,,,3681347.0,14041086.0,-10359739.0,1687012.0,,1875879819.0,,,530.37,100.0,unknown,QuantData PER_ONE_DOLLAR_MOVE; exact dollar/contract scaling unverified,QuantData
2026-08-17T14:40:00-04:00,2026-09-25,615.0,call,0.0,0.0,,0.0,,,,,3681347.0,14041086.0,-10359739.0,1687012.0,,1875879819.0,,,530.37,100.0,unknown,QuantData PER_ONE_DOLLAR_MOVE; exact dollar/contract scaling unverified,QuantData
2026-08-17T14:40:00-04:00,2026-09-25,615.0,put,0.0,0.0,,0.0,,,,,3681347.0,14041086.0,-10359739.0,1687012.0,,1875879819.0,,,530.37,100.0,unknown,QuantData PER_ONE_DOLLAR_MOVE; exact dollar/contract scaling unverified,QuantData
2026-08-17T14:40:00-04:00,2026-09-25,620.0,call,2813.0,3654.0,,325293.0,,,,,3681347.0,14041086.0,-10359739.0,1687012.0,,1875879819.0,,,530.37,100.0,unknown,QuantData PER_ONE_DOLLAR_MOVE; exact dollar/contract scaling unverified,QuantData
2026-08-17T14:40:00-04:00,2026-09-25,620.0,put,0.0,0.0,,0.0,,,,,3681347.0,14041086.0,-10359739.0,1687012.0,,1875879819.0,,,530.37,100.0,unknown,QuantData PER_ONE_DOLLAR_MOVE; exact dollar/contract scaling unverified,QuantData
2026-08-17T14:40:00-04:00,2026-09-25,640.0,call,136.0,190.0,,15932.0,,,,,3681347.0,14041086.0,-10359739.0,1687012.0,,1875879819.0,,,530.37,100.0,unknown,QuantData PER_ONE_DOLLAR_MOVE; exact dollar/contract scaling unverified,QuantData
2026-08-17T14:40:00-04:00,2026-09-25,640.0,put,0.0,0.0,,0.0,,,,,3681347.0,14041086.0,-10359739.0,1687012.0,,1875879819.0,,,530.37,100.0,unknown,QuantData PER_ONE_DOLLAR_MOVE; exact dollar/contract scaling unverified,QuantData
2026-08-17T14:40:00-04:00,2026-09-25,650.0,call,3752.0,5952.0,,391900.0,,,,,3681347.0,14041086.0,-10359739.0,1687012.0,,1875879819.0,,,530.37,100.0,unknown,QuantData PER_ONE_DOLLAR_MOVE; exact dollar/contract scaling unverified,QuantData
2026-08-17T14:40:00-04:00,2026-09-25,650.0,put,0.0,0.0,,0.0,,,,,3681347.0,14041086.0,-10359739.0,1687012.0,,1875879819.0,,,530.37,100.0,unknown,QuantData PER_ONE_DOLLAR_MOVE; exact dollar/contract scaling unverified,QuantData
2026-08-17T14:40:00-04:00,2026-09-25,700.0,call,5650.0,11859.0,,504399.0,,,,,3681347.0,14041086.0,-10359739.0,1687012.0,,1875879819.0,,,530.37,100.0,unknown,QuantData PER_ONE_DOLLAR_MOVE; exact dollar/contract scaling unverified,QuantData
2026-08-17T14:40:00-04:00,2026-09-25,700.0,put,0.0,0.0,,0.0,,,,,3681347.0,14041086.0,-10359739.0,1687012.0,,1875879819.0,,,530.37,100.0,unknown,QuantData PER_ONE_DOLLAR_MOVE; exact dollar/contract scaling unverified,QuantData
2026-08-17T14:40:00-04:00,2026-09-25,710.0,call,0.0,0.0,,0.0,,,,,3681347.0,14041086.0,-10359739.0,1687012.0,,1875879819.0,,,530.37,100.0,unknown,QuantData PER_ONE_DOLLAR_MOVE; exact dollar/contract scaling unverified,QuantData
2026-08-17T14:40:00-04:00,2026-09-25,710.0,put,0.0,0.0,,0.0,,,,,3681347.0,14041086.0,-10359739.0,1687012.0,,1875879819.0,,,530.37,100.0,unknown,QuantData PER_ONE_DOLLAR_MOVE; exact dollar/contract scaling unverified,QuantData
2026-08-17T14:40:00-04:00,2026-09-25,715.0,call,831.0,1734.0,,79337.0,,,,,3681347.0,14041086.0,-10359739.0,1687012.0,,1875879819.0,,,530.37,100.0,unknown,QuantData PER_ONE_DOLLAR_MOVE; exact dollar/contract scaling unverified,QuantData
2026-08-17T14:40:00-04:00,2026-09-25,715.0,put,0.0,0.0,,0.0,,,,,3681347.0,14041086.0,-10359739.0,1687012.0,,1875879819.0,,,530.37,100.0,unknown,QuantData PER_ONE_DOLLAR_MOVE; exact dollar/contract scaling unverified,QuantData
2026-08-17T14:40:00-04:00,2026-10-02,250.0,call,0.0,0.0,,0.0,,,,,3681347.0,14041086.0,-10359739.0,1687012.0,,1875879819.0,,,530.37,100.0,unknown,QuantData PER_ONE_DOLLAR_MOVE; exact dollar/contract scaling unverified,QuantData
2026-08-17T14:40:00-04:00,2026-10-02,250.0,put,-7.0,-34.0,,-435.0,,,,,3681347.0,14041086.0,-10359739.0,1687012.0,,1875879819.0,,,530.37,100.0,unknown,QuantData PER_ONE_DOLLAR_MOVE; exact dollar/contract scaling unverified,QuantData
2026-08-17T14:40:00-04:00,2026-10-02,260.0,call,0.0,0.0,,0.0,,,,,3681347.0,14041086.0,-10359739.0,1687012.0,,1875879819.0,,,530.37,100.0,unknown,QuantData PER_ONE_DOLLAR_MOVE; exact dollar/contract scaling unverified,QuantData
2026-08-17T14:40:00-04:00,2026-10-02,260.0,put,-9.0,-34.0,,-764.0,,,,,3681347.0,14041086.0,-10359739.0,1687012.0,,1875879819.0,,,530.37,100.0,unknown,QuantData PER_ONE_DOLLAR_MOVE; exact dollar/contract scaling unverified,QuantData
2026-08-17T14:40:00-04:00,2026-10-02,280.0,call,0.0,0.0,,52275.0,,,,,3681347.0,14041086.0,-10359739.0,1687012.0,,1875879819.0,,,530.37,100.0,unknown,QuantData PER_ONE_DOLLAR_MOVE; exact dollar/contract scaling unverified,QuantData
2026-08-17T14:40:00-04:00,2026-10-02,280.0,put,0.0,0.0,,0.0,,,,,3681347.0,14041086.0,-10359739.0,1687012.0,,1875879819.0,,,530.37,100.0,unknown,QuantData PER_ONE_DOLLAR_MOVE; exact dollar/contract scaling unverified,QuantData
2026-08-17T14:40:00-04:00,2026-10-02,320.0,call,0.0,0.0,,0.0,,,,,3681347.0,14041086.0,-10359739.0,1687012.0,,1875879819.0,,,530.37,100.0,unknown,QuantData PER_ONE_DOLLAR_MOVE; exact dollar/contract scaling unverified,QuantData
2026-08-17T14:40:00-04:00,2026-10-02,320.0,put,0.0,0.0,,0.0,,,,,3681347.0,14041086.0,-10359739.0,1687012.0,,1875879819.0,,,530.37,100.0,unknown,QuantData PER_ONE_DOLLAR_MOVE; exact dollar/contract scaling unverified,QuantData
2026-08-17T14:40:00-04:00,2026-10-02,330.0,call,0.0,0.0,,0.0,,,,,3681347.0,14041086.0,-10359739.0,1687012.0,,1875879819.0,,,530.37,100.0,unknown,QuantData PER_ONE_DOLLAR_MOVE; exact dollar/contract scaling unverified,QuantData
2026-08-17T14:40:00-04:00,2026-10-02,330.0,put,0.0,0.0,,0.0,,,,,3681347.0,14041086.0,-10359739.0,1687012.0,,1875879819.0,,,530.37,100.0,unknown,QuantData PER_ONE_DOLLAR_MOVE; exact dollar/contract scaling unverified,QuantData
2026-08-17T14:40:00-04:00,2026-10-02,355.0,call,0.0,0.0,,0.0,,,,,3681347.0,14041086.0,-10359739.0,1687012.0,,1875879819.0,,,530.37,100.0,unknown,QuantData PER_ONE_DOLLAR_MOVE; exact dollar/contract scaling unverified,QuantData
2026-08-17T14:40:00-04:00,2026-10-02,355.0,put,0.0,0.0,,0.0,,,,,3681347.0,14041086.0,-10359739.0,1687012.0,,1875879819.0,,,530.37,100.0,unknown,QuantData PER_ONE_DOLLAR_MOVE; exact dollar/contract scaling unverified,QuantData
2026-08-17T14:40:00-04:00,2026-10-02,365.0,call,0.0,0.0,,0.0,,,,,3681347.0,14041086.0,-10359739.0,1687012.0,,1875879819.0,,,530.37,100.0,unknown,QuantData PER_ONE_DOLLAR_MOVE; exact dollar/contract scaling unverified,QuantData
2026-08-17T14:40:00-04:00,2026-10-02,365.0,put,-47.0,-103.0,,-3910.0,,,,,3681347.0,14041086.0,-10359739.0,1687012.0,,1875879819.0,,,530.37,100.0,unknown,QuantData PER_ONE_DOLLAR_MOVE; exact dollar/contract scaling unverified,QuantData
2026-08-17T14:40:00-04:00,2026-10-02,375.0,call,0.0,0.0,,0.0,,,,,3681347.0,14041086.0,-10359739.0,1687012.0,,1875879819.0,,,530.37,100.0,unknown,QuantData PER_ONE_DOLLAR_MOVE; exact dollar/contract scaling unverified,QuantData
2026-08-17T14:40:00-04:00,2026-10-02,375.0,put,0.0,0.0,,0.0,,,,,3681347.0,14041086.0,-10359739.0,1687012.0,,1875879819.0,,,530.37,100.0,unknown,QuantData PER_ONE_DOLLAR_MOVE; exact dollar/contract scaling unverified,QuantData
2026-08-17T14:40:00-04:00,2026-10-02,380.0,call,0.0,0.0,,0.0,,,,,3681347.0,14041086.0,-10359739.0,1687012.0,,1875879819.0,,,530.37,100.0,unknown,QuantData PER_ONE_DOLLAR_MOVE; exact dollar/contract scaling unverified,QuantData
2026-08-17T14:40:00-04:00,2026-10-02,380.0,put,-114.0,-232.0,,-9315.0,,,,,3681347.0,14041086.0,-10359739.0,1687012.0,,1875879819.0,,,530.37,100.0,unknown,QuantData PER_ONE_DOLLAR_MOVE; exact dollar/contract scaling unverified,QuantData
2026-08-17T14:40:00-04:00,2026-10-02,385.0,call,0.0,0.0,,0.0,,,,,3681347.0,14041086.0,-10359739.0,1687012.0,,1875879819.0,,,530.37,100.0,unknown,QuantData PER_ONE_DOLLAR_MOVE; exact dollar/contract scaling unverified,QuantData
2026-08-17T14:40:00-04:00,2026-10-02,385.0,put,0.0,0.0,,0.0,,,,,3681347.0,14041086.0,-10359739.0,1687012.0,,1875879819.0,,,530.37,100.0,unknown,QuantData PER_ONE_DOLLAR_MOVE; exact dollar/contract scaling unverified,QuantData
2026-08-17T14:40:00-04:00,2026-10-02,390.0,call,0.0,0.0,,0.0,,,,,3681347.0,14041086.0,-10359739.0,1687012.0,,1875879819.0,,,530.37,100.0,unknown,QuantData PER_ONE_DOLLAR_MOVE; exact dollar/contract scaling unverified,QuantData
2026-08-17T14:40:00-04:00,2026-10-02,390.0,put,0.0,0.0,,0.0,,,,,3681347.0,14041086.0,-10359739.0,1687012.0,,1875879819.0,,,530.37,100.0,unknown,QuantData PER_ONE_DOLLAR_MOVE; exact dollar/contract scaling unverified,QuantData
2026-08-17T14:40:00-04:00,2026-10-02,395.0,call,0.0,0.0,,0.0,,,,,3681347.0,14041086.0,-10359739.0,1687012.0,,1875879819.0,,,530.37,100.0,unknown,QuantData PER_ONE_DOLLAR_MOVE; exact dollar/contract scaling unverified,QuantData
2026-08-17T14:40:00-04:00,2026-10-02,395.0,put,0.0,0.0,,0.0,,,,,3681347.0,14041086.0,-10359739.0,1687012.0,,1875879819.0,,,530.37,100.0,unknown,QuantData PER_ONE_DOLLAR_MOVE; exact dollar/contract scaling unverified,QuantData
2026-08-17T14:40:00-04:00,2026-10-02,400.0,call,63.0,-126.0,,49044.0,,,,,3681347.0,14041086.0,-10359739.0,1687012.0,,1875879819.0,,,530.37,100.0,unknown,QuantData PER_ONE_DOLLAR_MOVE; exact dollar/contract scaling unverified,QuantData
2026-08-17T14:40:00-04:00,2026-10-02,400.0,put,-73.0,-125.0,,-6323.0,,,,,3681347.0,14041086.0,-10359739.0,1687012.0,,1875879819.0,,,530.37,100.0,unknown,QuantData PER_ONE_DOLLAR_MOVE; exact dollar/contract scaling unverified,QuantData
2026-08-17T14:40:00-04:00,2026-10-02,405.0,call,0.0,0.0,,0.0,,,,,3681347.0,14041086.0,-10359739.0,1687012.0,,1875879819.0,,,530.37,100.0,unknown,QuantData PER_ONE_DOLLAR_MOVE; exact dollar/contract scaling unverified,QuantData
2026-08-17T14:40:00-04:00,2026-10-02,405.0,put,0.0,0.0,,0.0,,,,,3681347.0,14041086.0,-10359739.0,1687012.0,,1875879819.0,,,530.37,100.0,unknown,QuantData PER_ONE_DOLLAR_MOVE; exact dollar/contract scaling unverified,QuantData
2026-08-17T14:40:00-04:00,2026-10-02,410.0,call,0.0,0.0,,0.0,,,,,3681347.0,14041086.0,-10359739.0,1687012.0,,1875879819.0,,,530.37,100.0,unknown,QuantData PER_ONE_DOLLAR_MOVE; exact dollar/contract scaling unverified,QuantData
2026-08-17T14:40:00-04:00,2026-10-02,410.0,put,-147.0,-241.0,,-13788.0,,,,,3681347.0,14041086.0,-10359739.0,1687012.0,,1875879819.0,,,530.37,100.0,unknown,QuantData PER_ONE_DOLLAR_MOVE; exact dollar/contract scaling unverified,QuantData
2026-08-17T14:40:00-04:00,2026-10-02,415.0,call,0.0,0.0,,0.0,,,,,3681347.0,14041086.0,-10359739.0,1687012.0,,1875879819.0,,,530.37,100.0,unknown,QuantData PER_ONE_DOLLAR_MOVE; exact dollar/contract scaling unverified,QuantData
2026-08-17T14:40:00-04:00,2026-10-02,415.0,put,-160.0,-252.0,,-14631.0,,,,,3681347.0,14041086.0,-10359739.0,1687012.0,,1875879819.0,,,530.37,100.0,unknown,QuantData PER_ONE_DOLLAR_MOVE; exact dollar/contract scaling unverified,QuantData
2026-08-17T14:40:00-04:00,2026-10-02,420.0,call,0.0,0.0,,0.0,,,,,3681347.0,14041086.0,-10359739.0,1687012.0,,1875879819.0,,,530.37,100.0,unknown,QuantData PER_ONE_DOLLAR_MOVE; exact dollar/contract scaling unverified,QuantData
2026-08-17T14:40:00-04:00,2026-10-02,420.0,put,0.0,0.0,,0.0,,,,,3681347.0,14041086.0,-10359739.0,1687012.0,,1875879819.0,,,530.37,100.0,unknown,QuantData PER_ONE_DOLLAR_MOVE; exact dollar/contract scaling unverified,QuantData
2026-08-17T14:40:00-04:00,2026-10-02,425.0,call,0.0,0.0,,0.0,,,,,3681347.0,14041086.0,-10359739.0,1687012.0,,1875879819.0,,,530.37,100.0,unknown,QuantData PER_ONE_DOLLAR_MOVE; exact dollar/contract scaling unverified,QuantData
2026-08-17T14:40:00-04:00,2026-10-02,425.0,put,0.0,0.0,,0.0,,,,,3681347.0,14041086.0,-10359739.0,1687012.0,,1875879819.0,,,530.37,100.0,unknown,QuantData PER_ONE_DOLLAR_MOVE; exact dollar/contract scaling unverified,QuantData
2026-08-17T14:40:00-04:00,2026-10-02,430.0,call,0.0,0.0,,0.0,,,,,3681347.0,14041086.0,-10359739.0,1687012.0,,1875879819.0,,,530.37,100.0,unknown,QuantData PER_ONE_DOLLAR_MOVE; exact dollar/contract scaling unverified,QuantData
2026-08-17T14:40:00-04:00,2026-10-02,430.0,put,0.0,0.0,,0.0,,,,,3681347.0,14041086.0,-10359739.0,1687012.0,,1875879819.0,,,530.37,100.0,unknown,QuantData PER_ONE_DOLLAR_MOVE; exact dollar/contract scaling unverified,QuantData
2026-08-17T14:40:00-04:00,2026-10-02,435.0,call,0.0,0.0,,0.0,,,,,3681347.0,14041086.0,-10359739.0,1687012.0,,1875879819.0,,,530.37,100.0,unknown,QuantData PER_ONE_DOLLAR_MOVE; exact dollar/contract scaling unverified,QuantData
2026-08-17T14:40:00-04:00,2026-10-02,435.0,put,0.0,0.0,,0.0,,,,,3681347.0,14041086.0,-10359739.0,1687012.0,,1875879819.0,,,530.37,100.0,unknown,QuantData PER_ONE_DOLLAR_MOVE; exact dollar/contract scaling unverified,QuantData
2026-08-17T14:40:00-04:00,2026-10-02,440.0,call,0.0,0.0,,0.0,,,,,3681347.0,14041086.0,-10359739.0,1687012.0,,1875879819.0,,,530.37,100.0,unknown,QuantData PER_ONE_DOLLAR_MOVE; exact dollar/contract scaling unverified,QuantData
2026-08-17T14:40:00-04:00,2026-10-02,440.0,put,-1057.0,-1257.0,,-109791.0,,,,,3681347.0,14041086.0,-10359739.0,1687012.0,,1875879819.0,,,530.37,100.0,unknown,QuantData PER_ONE_DOLLAR_MOVE; exact dollar/contract scaling unverified,QuantData
2026-08-17T14:40:00-04:00,2026-10-02,445.0,call,0.0,0.0,,0.0,,,,,3681347.0,14041086.0,-10359739.0,1687012.0,,1875879819.0,,,530.37,100.0,unknown,QuantData PER_ONE_DOLLAR_MOVE; exact dollar/contract scaling unverified,QuantData
2026-08-17T14:40:00-04:00,2026-10-02,445.0,put,-104.0,-115.0,,-10600.0,,,,,3681347.0,14041086.0,-10359739.0,1687012.0,,1875879819.0,,,530.37,100.0,unknown,QuantData PER_ONE_DOLLAR_MOVE; exact dollar/contract scaling unverified,QuantData
2026-08-17T14:40:00-04:00,2026-10-02,450.0,call,0.0,0.0,,0.0,,,,,3681347.0,14041086.0,-10359739.0,1687012.0,,1875879819.0,,,530.37,100.0,unknown,QuantData PER_ONE_DOLLAR_MOVE; exact dollar/contract scaling unverified,QuantData
2026-08-17T14:40:00-04:00,2026-10-02,450.0,put,-1453.0,-1387.0,,-151579.0,,,,,3681347.0,14041086.0,-10359739.0,1687012.0,,1875879819.0,,,530.37,100.0,unknown,QuantData PER_ONE_DOLLAR_MOVE; exact dollar/contract scaling unverified,QuantData
2026-08-17T14:40:00-04:00,2026-10-02,460.0,call,0.0,0.0,,0.0,,,,,3681347.0,14041086.0,-10359739.0,1687012.0,,1875879819.0,,,530.37,100.0,unknown,QuantData PER_ONE_DOLLAR_MOVE; exact dollar/contract scaling unverified,QuantData
2026-08-17T14:40:00-04:00,2026-10-02,460.0,put,0.0,0.0,,0.0,,,,,3681347.0,14041086.0,-10359739.0,1687012.0,,1875879819.0,,,530.37,100.0,unknown,QuantData PER_ONE_DOLLAR_MOVE; exact dollar/contract scaling unverified,QuantData
2026-08-17T14:40:00-04:00,2026-10-02,470.0,call,0.0,0.0,,0.0,,,,,3681347.0,14041086.0,-10359739.0,1687012.0,,1875879819.0,,,530.37,100.0,unknown,QuantData PER_ONE_DOLLAR_MOVE; exact dollar/contract scaling unverified,QuantData
2026-08-17T14:40:00-04:00,2026-10-02,470.0,put,0.0,0.0,,0.0,,,,,3681347.0,14041086.0,-10359739.0,1687012.0,,1875879819.0,,,530.37,100.0,unknown,QuantData PER_ONE_DOLLAR_MOVE; exact dollar/contract scaling unverified,QuantData
2026-08-17T14:40:00-04:00,2026-10-02,480.0,call,0.0,0.0,,0.0,,,,,3681347.0,14041086.0,-10359739.0,1687012.0,,1875879819.0,,,530.37,100.0,unknown,QuantData PER_ONE_DOLLAR_MOVE; exact dollar/contract scaling unverified,QuantData
2026-08-17T14:40:00-04:00,2026-10-02,480.0,put,0.0,0.0,,0.0,,,,,3681347.0,14041086.0,-10359739.0,1687012.0,,1875879819.0,,,530.37,100.0,unknown,QuantData PER_ONE_DOLLAR_MOVE; exact dollar/contract scaling unverified,QuantData
2026-08-17T14:40:00-04:00,2026-10-02,485.0,call,0.0,0.0,,0.0,,,,,3681347.0,14041086.0,-10359739.0,1687012.0,,1875879819.0,,,530.37,100.0,unknown,QuantData PER_ONE_DOLLAR_MOVE; exact dollar/contract scaling unverified,QuantData
2026-08-17T14:40:00-04:00,2026-10-02,485.0,put,-124.0,-73.0,,-15331.0,,,,,3681347.0,14041086.0,-10359739.0,1687012.0,,1875879819.0,,,530.37,100.0,unknown,QuantData PER_ONE_DOLLAR_MOVE; exact dollar/contract scaling unverified,QuantData
2026-08-17T14:40:00-04:00,2026-10-02,490.0,call,129.0,-68.0,,38249.0,,,,,3681347.0,14041086.0,-10359739.0,1687012.0,,1875879819.0,,,530.37,100.0,unknown,QuantData PER_ONE_DOLLAR_MOVE; exact dollar/contract scaling unverified,QuantData
2026-08-17T14:40:00-04:00,2026-10-02,490.0,put,0.0,0.0,,0.0,,,,,3681347.0,14041086.0,-10359739.0,1687012.0,,1875879819.0,,,530.37,100.0,unknown,QuantData PER_ONE_DOLLAR_MOVE; exact dollar/contract scaling unverified,QuantData
2026-08-17T14:40:00-04:00,2026-10-02,495.0,call,0.0,0.0,,0.0,,,,,3681347.0,14041086.0,-10359739.0,1687012.0,,1875879819.0,,,530.37,100.0,unknown,QuantData PER_ONE_DOLLAR_MOVE; exact dollar/contract scaling unverified,QuantData
2026-08-17T14:40:00-04:00,2026-10-02,495.0,put,0.0,0.0,,0.0,,,,,3681347.0,14041086.0,-10359739.0,1687012.0,,1875879819.0,,,530.37,100.0,unknown,QuantData PER_ONE_DOLLAR_MOVE; exact dollar/contract scaling unverified,QuantData
2026-08-17T14:40:00-04:00,2026-10-02,500.0,call,266.0,-77.0,,71431.0,,,,,3681347.0,14041086.0,-10359739.0,1687012.0,,1875879819.0,,,530.37,100.0,unknown,QuantData PER_ONE_DOLLAR_MOVE; exact dollar/contract scaling unverified,QuantData
2026-08-17T14:40:00-04:00,2026-10-02,500.0,put,0.0,0.0,,0.0,,,,,3681347.0,14041086.0,-10359739.0,1687012.0,,1875879819.0,,,530.37,100.0,unknown,QuantData PER_ONE_DOLLAR_MOVE; exact dollar/contract scaling unverified,QuantData
2026-08-17T14:40:00-04:00,2026-10-02,510.0,call,0.0,0.0,,0.0,,,,,3681347.0,14041086.0,-10359739.0,1687012.0,,1875879819.0,,,530.37,100.0,unknown,QuantData PER_ONE_DOLLAR_MOVE; exact dollar/contract scaling unverified,QuantData
2026-08-17T14:40:00-04:00,2026-10-02,510.0,put,0.0,0.0,,0.0,,,,,3681347.0,14041086.0,-10359739.0,1687012.0,,1875879819.0,,,530.37,100.0,unknown,QuantData PER_ONE_DOLLAR_MOVE; exact dollar/contract scaling unverified,QuantData
2026-08-17T14:40:00-04:00,2026-10-02,520.0,call,698.0,-23.0,,165637.0,,,,,3681347.0,14041086.0,-10359739.0,1687012.0,,1875879819.0,,,530.37,100.0,unknown,QuantData PER_ONE_DOLLAR_MOVE; exact dollar/contract scaling unverified,QuantData
2026-08-17T14:40:00-04:00,2026-10-02,520.0,put,0.0,0.0,,0.0,,,,,3681347.0,14041086.0,-10359739.0,1687012.0,,1875879819.0,,,530.37,100.0,unknown,QuantData PER_ONE_DOLLAR_MOVE; exact dollar/contract scaling unverified,QuantData
2026-08-17T14:40:00-04:00,2026-10-02,525.0,call,285.0,-10.0,,66638.0,,,,,3681347.0,14041086.0,-10359739.0,1687012.0,,1875879819.0,,,530.37,100.0,unknown,QuantData PER_ONE_DOLLAR_MOVE; exact dollar/contract scaling unverified,QuantData
2026-08-17T14:40:00-04:00,2026-10-02,525.0,put,0.0,0.0,,0.0,,,,,3681347.0,14041086.0,-10359739.0,1687012.0,,1875879819.0,,,530.37,100.0,unknown,QuantData PER_ONE_DOLLAR_MOVE; exact dollar/contract scaling unverified,QuantData
2026-08-17T14:40:00-04:00,2026-10-02,530.0,call,297.0,45.0,,61097.0,,,,,3681347.0,14041086.0,-10359739.0,1687012.0,,1875879819.0,,,530.37,100.0,unknown,QuantData PER_ONE_DOLLAR_MOVE; exact dollar/contract scaling unverified,QuantData
2026-08-17T14:40:00-04:00,2026-10-02,530.0,put,0.0,0.0,,0.0,,,,,3681347.0,14041086.0,-10359739.0,1687012.0,,1875879819.0,,,530.37,100.0,unknown,QuantData PER_ONE_DOLLAR_MOVE; exact dollar/contract scaling unverified,QuantData
2026-08-17T14:40:00-04:00,2026-10-02,535.0,call,147.0,34.0,,29752.0,,,,,3681347.0,14041086.0,-10359739.0,1687012.0,,1875879819.0,,,530.37,100.0,unknown,QuantData PER_ONE_DOLLAR_MOVE; exact dollar/contract scaling unverified,QuantData
2026-08-17T14:40:00-04:00,2026-10-02,535.0,put,0.0,0.0,,0.0,,,,,3681347.0,14041086.0,-10359739.0,1687012.0,,1875879819.0,,,530.37,100.0,unknown,QuantData PER_ONE_DOLLAR_MOVE; exact dollar/contract scaling unverified,QuantData
2026-08-17T14:40:00-04:00,2026-10-02,540.0,call,1195.0,410.0,,225952.0,,,,,3681347.0,14041086.0,-10359739.0,1687012.0,,1875879819.0,,,530.37,100.0,unknown,QuantData PER_ONE_DOLLAR_MOVE; exact dollar/contract scaling unverified,QuantData
2026-08-17T14:40:00-04:00,2026-10-02,540.0,put,0.0,0.0,,0.0,,,,,3681347.0,14041086.0,-10359739.0,1687012.0,,1875879819.0,,,530.37,100.0,unknown,QuantData PER_ONE_DOLLAR_MOVE; exact dollar/contract scaling unverified,QuantData
2026-08-17T14:40:00-04:00,2026-10-02,545.0,call,0.0,0.0,,0.0,,,,,3681347.0,14041086.0,-10359739.0,1687012.0,,1875879819.0,,,530.37,100.0,unknown,QuantData PER_ONE_DOLLAR_MOVE; exact dollar/contract scaling unverified,QuantData
2026-08-17T14:40:00-04:00,2026-10-02,545.0,put,0.0,0.0,,0.0,,,,,3681347.0,14041086.0,-10359739.0,1687012.0,,1875879819.0,,,530.37,100.0,unknown,QuantData PER_ONE_DOLLAR_MOVE; exact dollar/contract scaling unverified,QuantData
2026-08-17T14:40:00-04:00,2026-10-02,550.0,call,150.0,66.0,,27244.0,,,,,3681347.0,14041086.0,-10359739.0,1687012.0,,1875879819.0,,,530.37,100.0,unknown,QuantData PER_ONE_DOLLAR_MOVE; exact dollar/contract scaling unverified,QuantData
2026-08-17T14:40:00-04:00,2026-10-02,550.0,put,-3017.0,1390.0,,-522120.0,,,,,3681347.0,14041086.0,-10359739.0,1687012.0,,1875879819.0,,,530.37,100.0,unknown,QuantData PER_ONE_DOLLAR_MOVE; exact dollar/contract scaling unverified,QuantData
2026-08-17T14:40:00-04:00,2026-10-02,555.0,call,0.0,0.0,,0.0,,,,,3681347.0,14041086.0,-10359739.0,1687012.0,,1875879819.0,,,530.37,100.0,unknown,QuantData PER_ONE_DOLLAR_MOVE; exact dollar/contract scaling unverified,QuantData
2026-08-17T14:40:00-04:00,2026-10-02,555.0,put,-142.0,56.0,,-25462.0,,,,,3681347.0,14041086.0,-10359739.0,1687012.0,,1875879819.0,,,530.37,100.0,unknown,QuantData PER_ONE_DOLLAR_MOVE; exact dollar/contract scaling unverified,QuantData
2026-08-17T14:40:00-04:00,2026-10-02,565.0,call,0.0,0.0,,0.0,,,,,3681347.0,14041086.0,-10359739.0,1687012.0,,1875879819.0,,,530.37,100.0,unknown,QuantData PER_ONE_DOLLAR_MOVE; exact dollar/contract scaling unverified,QuantData
2026-08-17T14:40:00-04:00,2026-10-02,565.0,put,0.0,0.0,,0.0,,,,,3681347.0,14041086.0,-10359739.0,1687012.0,,1875879819.0,,,530.37,100.0,unknown,QuantData PER_ONE_DOLLAR_MOVE; exact dollar/contract scaling unverified,QuantData
2026-08-17T14:40:00-04:00,2026-10-02,570.0,call,0.0,0.0,,0.0,,,,,3681347.0,14041086.0,-10359739.0,1687012.0,,1875879819.0,,,530.37,100.0,unknown,QuantData PER_ONE_DOLLAR_MOVE; exact dollar/contract scaling unverified,QuantData
2026-08-17T14:40:00-04:00,2026-10-02,570.0,put,0.0,0.0,,0.0,,,,,3681347.0,14041086.0,-10359739.0,1687012.0,,1875879819.0,,,530.37,100.0,unknown,QuantData PER_ONE_DOLLAR_MOVE; exact dollar/contract scaling unverified,QuantData
2026-08-17T14:40:00-04:00,2026-10-02,575.0,call,0.0,0.0,,0.0,,,,,3681347.0,14041086.0,-10359739.0,1687012.0,,1875879819.0,,,530.37,100.0,unknown,QuantData PER_ONE_DOLLAR_MOVE; exact dollar/contract scaling unverified,QuantData
2026-08-17T14:40:00-04:00,2026-10-02,575.0,put,-286.0,200.0,,-57470.0,,,,,3681347.0,14041086.0,-10359739.0,1687012.0,,1875879819.0,,,530.37,100.0,unknown,QuantData PER_ONE_DOLLAR_MOVE; exact dollar/contract scaling unverified,QuantData
2026-08-17T14:40:00-04:00,2026-10-02,580.0,call,0.0,0.0,,0.0,,,,,3681347.0,14041086.0,-10359739.0,1687012.0,,1875879819.0,,,530.37,100.0,unknown,QuantData PER_ONE_DOLLAR_MOVE; exact dollar/contract scaling unverified,QuantData
2026-08-17T14:40:00-04:00,2026-10-02,580.0,put,0.0,0.0,,0.0,,,,,3681347.0,14041086.0,-10359739.0,1687012.0,,1875879819.0,,,530.37,100.0,unknown,QuantData PER_ONE_DOLLAR_MOVE; exact dollar/contract scaling unverified,QuantData
2026-08-17T14:40:00-04:00,2026-10-02,585.0,call,142.0,127.0,,22266.0,,,,,3681347.0,14041086.0,-10359739.0,1687012.0,,1875879819.0,,,530.37,100.0,unknown,QuantData PER_ONE_DOLLAR_MOVE; exact dollar/contract scaling unverified,QuantData
2026-08-17T14:40:00-04:00,2026-10-02,585.0,put,0.0,0.0,,0.0,,,,,3681347.0,14041086.0,-10359739.0,1687012.0,,1875879819.0,,,530.37,100.0,unknown,QuantData PER_ONE_DOLLAR_MOVE; exact dollar/contract scaling unverified,QuantData
2026-08-17T14:40:00-04:00,2026-10-02,590.0,call,0.0,0.0,,0.0,,,,,3681347.0,14041086.0,-10359739.0,1687012.0,,1875879819.0,,,530.37,100.0,unknown,QuantData PER_ONE_DOLLAR_MOVE; exact dollar/contract scaling unverified,QuantData
2026-08-17T14:40:00-04:00,2026-10-02,590.0,put,0.0,0.0,,0.0,,,,,3681347.0,14041086.0,-10359739.0,1687012.0,,1875879819.0,,,530.37,100.0,unknown,QuantData PER_ONE_DOLLAR_MOVE; exact dollar/contract scaling unverified,QuantData
2026-08-17T14:40:00-04:00,2026-10-02,595.0,call,139.0,130.0,,22317.0,,,,,3681347.0,14041086.0,-10359739.0,1687012.0,,1875879819.0,,,530.37,100.0,unknown,QuantData PER_ONE_DOLLAR_MOVE; exact dollar/contract scaling unverified,QuantData
2026-08-17T14:40:00-04:00,2026-10-02,595.0,put,0.0,0.0,,0.0,,,,,3681347.0,14041086.0,-10359739.0,1687012.0,,1875879819.0,,,530.37,100.0,unknown,QuantData PER_ONE_DOLLAR_MOVE; exact dollar/contract scaling unverified,QuantData
2026-08-17T14:40:00-04:00,2026-10-02,600.0,call,290.0,294.0,,42392.0,,,,,3681347.0,14041086.0,-10359739.0,1687012.0,,1875879819.0,,,530.37,100.0,unknown,QuantData PER_ONE_DOLLAR_MOVE; exact dollar/contract scaling unverified,QuantData
2026-08-17T14:40:00-04:00,2026-10-02,600.0,put,0.0,0.0,,0.0,,,,,3681347.0,14041086.0,-10359739.0,1687012.0,,1875879819.0,,,530.37,100.0,unknown,QuantData PER_ONE_DOLLAR_MOVE; exact dollar/contract scaling unverified,QuantData
2026-08-17T14:40:00-04:00,2026-10-02,610.0,call,0.0,0.0,,0.0,,,,,3681347.0,14041086.0,-10359739.0,1687012.0,,1875879819.0,,,530.37,100.0,unknown,QuantData PER_ONE_DOLLAR_MOVE; exact dollar/contract scaling unverified,QuantData
2026-08-17T14:40:00-04:00,2026-10-02,610.0,put,0.0,0.0,,0.0,,,,,3681347.0,14041086.0,-10359739.0,1687012.0,,1875879819.0,,,530.37,100.0,unknown,QuantData PER_ONE_DOLLAR_MOVE; exact dollar/contract scaling unverified,QuantData
2026-08-17T14:40:00-04:00,2026-10-02,615.0,call,139.0,168.0,,18969.0,,,,,3681347.0,14041086.0,-10359739.0,1687012.0,,1875879819.0,,,530.37,100.0,unknown,QuantData PER_ONE_DOLLAR_MOVE; exact dollar/contract scaling unverified,QuantData
2026-08-17T14:40:00-04:00,2026-10-02,615.0,put,0.0,0.0,,0.0,,,,,3681347.0,14041086.0,-10359739.0,1687012.0,,1875879819.0,,,530.37,100.0,unknown,QuantData PER_ONE_DOLLAR_MOVE; exact dollar/contract scaling unverified,QuantData
2026-08-17T14:40:00-04:00,2026-10-02,620.0,call,543.0,689.0,,73744.0,,,,,3681347.0,14041086.0,-10359739.0,1687012.0,,1875879819.0,,,530.37,100.0,unknown,QuantData PER_ONE_DOLLAR_MOVE; exact dollar/contract scaling unverified,QuantData
2026-08-17T14:40:00-04:00,2026-10-02,620.0,put,0.0,0.0,,0.0,,,,,3681347.0,14041086.0,-10359739.0,1687012.0,,1875879819.0,,,530.37,100.0,unknown,QuantData PER_ONE_DOLLAR_MOVE; exact dollar/contract scaling unverified,QuantData
2026-08-17T14:40:00-04:00,2026-10-02,635.0,call,0.0,0.0,,0.0,,,,,3681347.0,14041086.0,-10359739.0,1687012.0,,1875879819.0,,,530.37,100.0,unknown,QuantData PER_ONE_DOLLAR_MOVE; exact dollar/contract scaling unverified,QuantData
2026-08-17T14:40:00-04:00,2026-10-02,635.0,put,0.0,0.0,,0.0,,,,,3681347.0,14041086.0,-10359739.0,1687012.0,,1875879819.0,,,530.37,100.0,unknown,QuantData PER_ONE_DOLLAR_MOVE; exact dollar/contract scaling unverified,QuantData
2026-08-17T14:40:00-04:00,2026-10-02,660.0,call,0.0,0.0,,0.0,,,,,3681347.0,14041086.0,-10359739.0,1687012.0,,1875879819.0,,,530.37,100.0,unknown,QuantData PER_ONE_DOLLAR_MOVE; exact dollar/contract scaling unverified,QuantData
2026-08-17T14:40:00-04:00,2026-10-02,660.0,put,0.0,0.0,,0.0,,,,,3681347.0,14041086.0,-10359739.0,1687012.0,,1875879819.0,,,530.37,100.0,unknown,QuantData PER_ONE_DOLLAR_MOVE; exact dollar/contract scaling unverified,QuantData
2026-08-17T14:40:00-04:00,2026-10-02,670.0,call,0.0,0.0,,0.0,,,,,3681347.0,14041086.0,-10359739.0,1687012.0,,1875879819.0,,,530.37,100.0,unknown,QuantData PER_ONE_DOLLAR_MOVE; exact dollar/contract scaling unverified,QuantData
2026-08-17T14:40:00-04:00,2026-10-02,670.0,put,0.0,0.0,,0.0,,,,,3681347.0,14041086.0,-10359739.0,1687012.0,,1875879819.0,,,530.37,100.0,unknown,QuantData PER_ONE_DOLLAR_MOVE; exact dollar/contract scaling unverified,QuantData
2026-08-17T14:40:00-04:00,2026-10-02,680.0,call,111.0,216.0,,11997.0,,,,,3681347.0,14041086.0,-10359739.0,1687012.0,,1875879819.0,,,530.37,100.0,unknown,QuantData PER_ONE_DOLLAR_MOVE; exact dollar/contract scaling unverified,QuantData
2026-08-17T14:40:00-04:00,2026-10-02,680.0,put,0.0,0.0,,0.0,,,,,3681347.0,14041086.0,-10359739.0,1687012.0,,1875879819.0,,,530.37,100.0,unknown,QuantData PER_ONE_DOLLAR_MOVE; exact dollar/contract scaling unverified,QuantData
2026-08-17T14:40:00-04:00,2026-10-02,690.0,call,0.0,0.0,,0.0,,,,,3681347.0,14041086.0,-10359739.0,1687012.0,,1875879819.0,,,530.37,100.0,unknown,QuantData PER_ONE_DOLLAR_MOVE; exact dollar/contract scaling unverified,QuantData
2026-08-17T14:40:00-04:00,2026-10-02,690.0,put,0.0,0.0,,0.0,,,,,3681347.0,14041086.0,-10359739.0,1687012.0,,1875879819.0,,,530.37,100.0,unknown,QuantData PER_ONE_DOLLAR_MOVE; exact dollar/contract scaling unverified,QuantData
2026-08-17T14:40:00-04:00,2026-10-02,695.0,call,110.0,212.0,,12894.0,,,,,3681347.0,14041086.0,-10359739.0,1687012.0,,1875879819.0,,,530.37,100.0,unknown,QuantData PER_ONE_DOLLAR_MOVE; exact dollar/contract scaling unverified,QuantData
2026-08-17T14:40:00-04:00,2026-10-02,695.0,put,0.0,0.0,,0.0,,,,,3681347.0,14041086.0,-10359739.0,1687012.0,,1875879819.0,,,530.37,100.0,unknown,QuantData PER_ONE_DOLLAR_MOVE; exact dollar/contract scaling unverified,QuantData
2026-08-17T14:40:00-04:00,2026-10-02,700.0,call,0.0,0.0,,0.0,,,,,3681347.0,14041086.0,-10359739.0,1687012.0,,1875879819.0,,,530.37,100.0,unknown,QuantData PER_ONE_DOLLAR_MOVE; exact dollar/contract scaling unverified,QuantData
2026-08-17T14:40:00-04:00,2026-10-02,700.0,put,0.0,0.0,,0.0,,,,,3681347.0,14041086.0,-10359739.0,1687012.0,,1875879819.0,,,530.37,100.0,unknown,QuantData PER_ONE_DOLLAR_MOVE; exact dollar/contract scaling unverified,QuantData
2026-08-17T14:40:00-04:00,2026-10-02,705.0,call,0.0,0.0,,0.0,,,,,3681347.0,14041086.0,-10359739.0,1687012.0,,1875879819.0,,,530.37,100.0,unknown,QuantData PER_ONE_DOLLAR_MOVE; exact dollar/contract scaling unverified,QuantData
2026-08-17T14:40:00-04:00,2026-10-02,705.0,put,0.0,0.0,,0.0,,,,,3681347.0,14041086.0,-10359739.0,1687012.0,,1875879819.0,,,530.37,100.0,unknown,QuantData PER_ONE_DOLLAR_MOVE; exact dollar/contract scaling unverified,QuantData
2026-08-17T14:40:00-04:00,2026-10-02,710.0,call,1988.0,4301.0,,208543.0,,,,,3681347.0,14041086.0,-10359739.0,1687012.0,,1875879819.0,,,530.37,100.0,unknown,QuantData PER_ONE_DOLLAR_MOVE; exact dollar/contract scaling unverified,QuantData
2026-08-17T14:40:00-04:00,2026-10-02,710.0,put,0.0,0.0,,0.0,,,,,3681347.0,14041086.0,-10359739.0,1687012.0,,1875879819.0,,,530.37,100.0,unknown,QuantData PER_ONE_DOLLAR_MOVE; exact dollar/contract scaling unverified,QuantData
2026-08-17T14:40:00-04:00,2026-10-02,715.0,call,0.0,0.0,,0.0,,,,,3681347.0,14041086.0,-10359739.0,1687012.0,,1875879819.0,,,530.37,100.0,unknown,QuantData PER_ONE_DOLLAR_MOVE; exact dollar/contract scaling unverified,QuantData
2026-08-17T14:40:00-04:00,2026-10-02,715.0,put,0.0,0.0,,0.0,,,,,3681347.0,14041086.0,-10359739.0,1687012.0,,1875879819.0,,,530.37,100.0,unknown,QuantData PER_ONE_DOLLAR_MOVE; exact dollar/contract scaling unverified,QuantData
2026-08-17T14:40:00-04:00,2026-10-16,130.0,call,0.0,0.0,,0.0,,,,,3681347.0,14041086.0,-10359739.0,1687012.0,,1875879819.0,,,530.37,100.0,unknown,QuantData PER_ONE_DOLLAR_MOVE; exact dollar/contract scaling unverified,QuantData
2026-08-17T14:40:00-04:00,2026-10-16,130.0,put,-260.0,-1422.0,,-20998.0,,,,,3681347.0,14041086.0,-10359739.0,1687012.0,,1875879819.0,,,530.37,100.0,unknown,QuantData PER_ONE_DOLLAR_MOVE; exact dollar/contract scaling unverified,QuantData
2026-08-17T14:40:00-04:00,2026-10-16,250.0,call,0.0,0.0,,0.0,,,,,3681347.0,14041086.0,-10359739.0,1687012.0,,1875879819.0,,,530.37,100.0,unknown,QuantData PER_ONE_DOLLAR_MOVE; exact dollar/contract scaling unverified,QuantData
2026-08-17T14:40:00-04:00,2026-10-16,250.0,put,-2260.0,-9247.0,,-167566.0,,,,,3681347.0,14041086.0,-10359739.0,1687012.0,,1875879819.0,,,530.37,100.0,unknown,QuantData PER_ONE_DOLLAR_MOVE; exact dollar/contract scaling unverified,QuantData
2026-08-17T14:40:00-04:00,2026-10-16,260.0,call,0.0,0.0,,0.0,,,,,3681347.0,14041086.0,-10359739.0,1687012.0,,1875879819.0,,,530.37,100.0,unknown,QuantData PER_ONE_DOLLAR_MOVE; exact dollar/contract scaling unverified,QuantData
2026-08-17T14:40:00-04:00,2026-10-16,260.0,put,-4250.0,-16636.0,,-325128.0,,,,,3681347.0,14041086.0,-10359739.0,1687012.0,,1875879819.0,,,530.37,100.0,unknown,QuantData PER_ONE_DOLLAR_MOVE; exact dollar/contract scaling unverified,QuantData
2026-08-17T14:40:00-04:00,2026-10-16,280.0,call,0.0,0.0,,0.0,,,,,3681347.0,14041086.0,-10359739.0,1687012.0,,1875879819.0,,,530.37,100.0,unknown,QuantData PER_ONE_DOLLAR_MOVE; exact dollar/contract scaling unverified,QuantData
2026-08-17T14:40:00-04:00,2026-10-16,280.0,put,-4440.0,-16112.0,,-355430.0,,,,,3681347.0,14041086.0,-10359739.0,1687012.0,,1875879819.0,,,530.37,100.0,unknown,QuantData PER_ONE_DOLLAR_MOVE; exact dollar/contract scaling unverified,QuantData
2026-08-17T14:40:00-04:00,2026-10-16,290.0,call,0.0,0.0,,0.0,,,,,3681347.0,14041086.0,-10359739.0,1687012.0,,1875879819.0,,,530.37,100.0,unknown,QuantData PER_ONE_DOLLAR_MOVE; exact dollar/contract scaling unverified,QuantData
2026-08-17T14:40:00-04:00,2026-10-16,290.0,put,-3167.0,-11571.0,,-239305.0,,,,,3681347.0,14041086.0,-10359739.0,1687012.0,,1875879819.0,,,530.37,100.0,unknown,QuantData PER_ONE_DOLLAR_MOVE; exact dollar/contract scaling unverified,QuantData
2026-08-17T14:40:00-04:00,2026-10-16,300.0,call,0.0,0.0,,0.0,,,,,3681347.0,14041086.0,-10359739.0,1687012.0,,1875879819.0,,,530.37,100.0,unknown,QuantData PER_ONE_DOLLAR_MOVE; exact dollar/contract scaling unverified,QuantData
2026-08-17T14:40:00-04:00,2026-10-16,300.0,put,-11832.0,-39906.0,,-921236.0,,,,,3681347.0,14041086.0,-10359739.0,1687012.0,,1875879819.0,,,530.37,100.0,unknown,QuantData PER_ONE_DOLLAR_MOVE; exact dollar/contract scaling unverified,QuantData
2026-08-17T14:40:00-04:00,2026-10-16,310.0,call,0.0,0.0,,0.0,,,,,3681347.0,14041086.0,-10359739.0,1687012.0,,1875879819.0,,,530.37,100.0,unknown,QuantData PER_ONE_DOLLAR_MOVE; exact dollar/contract scaling unverified,QuantData
2026-08-17T14:40:00-04:00,2026-10-16,310.0,put,-4288.0,-14002.0,,-364383.0,,,,,3681347.0,14041086.0,-10359739.0,1687012.0,,1875879819.0,,,530.37,100.0,unknown,QuantData PER_ONE_DOLLAR_MOVE; exact dollar/contract scaling unverified,QuantData
2026-08-17T14:40:00-04:00,2026-10-16,320.0,call,0.0,0.0,,0.0,,,,,3681347.0,14041086.0,-10359739.0,1687012.0,,1875879819.0,,,530.37,100.0,unknown,QuantData PER_ONE_DOLLAR_MOVE; exact dollar/contract scaling unverified,QuantData
2026-08-17T14:40:00-04:00,2026-10-16,320.0,put,-7953.0,-24084.0,,-717275.0,,,,,3681347.0,14041086.0,-10359739.0,1687012.0,,1875879819.0,,,530.37,100.0,unknown,QuantData PER_ONE_DOLLAR_MOVE; exact dollar/contract scaling unverified,QuantData
2026-08-17T14:40:00-04:00,2026-10-16,330.0,call,1497.0,-3692.0,,2067425.0,,,,,3681347.0,14041086.0,-10359739.0,1687012.0,,1875879819.0,,,530.37,100.0,unknown,QuantData PER_ONE_DOLLAR_MOVE; exact dollar/contract scaling unverified,QuantData
2026-08-17T14:40:00-04:00,2026-10-16,330.0,put,-8710.0,-25758.0,,-724223.0,,,,,3681347.0,14041086.0,-10359739.0,1687012.0,,1875879819.0,,,530.37,100.0,unknown,QuantData PER_ONE_DOLLAR_MOVE; exact dollar/contract scaling unverified,QuantData
2026-08-17T14:40:00-04:00,2026-10-16,340.0,call,2475.0,-5794.0,,3023666.0,,,,,3681347.0,14041086.0,-10359739.0,1687012.0,,1875879819.0,,,530.37,100.0,unknown,QuantData PER_ONE_DOLLAR_MOVE; exact dollar/contract scaling unverified,QuantData
2026-08-17T14:40:00-04:00,2026-10-16,340.0,put,-11927.0,-32900.0,,-1000000.0,,,,,3681347.0,14041086.0,-10359739.0,1687012.0,,1875879819.0,,,530.37,100.0,unknown,QuantData PER_ONE_DOLLAR_MOVE; exact dollar/contract scaling unverified,QuantData
2026-08-17T14:40:00-04:00,2026-10-16,350.0,call,0.0,0.0,,0.0,,,,,3681347.0,14041086.0,-10359739.0,1687012.0,,1875879819.0,,,530.37,100.0,unknown,QuantData PER_ONE_DOLLAR_MOVE; exact dollar/contract scaling unverified,QuantData
2026-08-17T14:40:00-04:00,2026-10-16,350.0,put,-11742.0,-30170.0,,-1018999.0,,,,,3681347.0,14041086.0,-10359739.0,1687012.0,,1875879819.0,,,530.37,100.0,unknown,QuantData PER_ONE_DOLLAR_MOVE; exact dollar/contract scaling unverified,QuantData
2026-08-17T14:40:00-04:00,2026-10-16,360.0,call,0.0,0.0,,0.0,,,,,3681347.0,14041086.0,-10359739.0,1687012.0,,1875879819.0,,,530.37,100.0,unknown,QuantData PER_ONE_DOLLAR_MOVE; exact dollar/contract scaling unverified,QuantData
2026-08-17T14:40:00-04:00,2026-10-16,360.0,put,-40129.0,-93331.0,,-3605089.0,,,,,3681347.0,14041086.0,-10359739.0,1687012.0,,1875879819.0,,,530.37,100.0,unknown,QuantData PER_ONE_DOLLAR_MOVE; exact dollar/contract scaling unverified,QuantData
2026-08-17T14:40:00-04:00,2026-10-16,370.0,call,4797.0,-12144.0,,5303166.0,,,,,3681347.0,14041086.0,-10359739.0,1687012.0,,1875879819.0,,,530.37,100.0,unknown,QuantData PER_ONE_DOLLAR_MOVE; exact dollar/contract scaling unverified,QuantData
2026-08-17T14:40:00-04:00,2026-10-16,370.0,put,-15221.0,-32693.0,,-1422383.0,,,,,3681347.0,14041086.0,-10359739.0,1687012.0,,1875879819.0,,,530.37,100.0,unknown,QuantData PER_ONE_DOLLAR_MOVE; exact dollar/contract scaling unverified,QuantData
2026-08-17T14:40:00-04:00,2026-10-16,380.0,call,0.0,0.0,,0.0,,,,,3681347.0,14041086.0,-10359739.0,1687012.0,,1875879819.0,,,530.37,100.0,unknown,QuantData PER_ONE_DOLLAR_MOVE; exact dollar/contract scaling unverified,QuantData
2026-08-17T14:40:00-04:00,2026-10-16,380.0,put,-43493.0,-87100.0,,-4173829.0,,,,,3681347.0,14041086.0,-10359739.0,1687012.0,,1875879819.0,,,530.37,100.0,unknown,QuantData PER_ONE_DOLLAR_MOVE; exact dollar/contract scaling unverified,QuantData
2026-08-17T14:40:00-04:00,2026-10-16,390.0,call,0.0,0.0,,0.0,,,,,3681347.0,14041086.0,-10359739.0,1687012.0,,1875879819.0,,,530.37,100.0,unknown,QuantData PER_ONE_DOLLAR_MOVE; exact dollar/contract scaling unverified,QuantData
2026-08-17T14:40:00-04:00,2026-10-16,390.0,put,-18170.0,-36389.0,,-1791718.0,,,,,3681347.0,14041086.0,-10359739.0,1687012.0,,1875879819.0,,,530.37,100.0,unknown,QuantData PER_ONE_DOLLAR_MOVE; exact dollar/contract scaling unverified,QuantData
2026-08-17T14:40:00-04:00,2026-10-16,400.0,call,8831.0,-15669.0,,6246791.0,,,,,3681347.0,14041086.0,-10359739.0,1687012.0,,1875879819.0,,,530.37,100.0,unknown,QuantData PER_ONE_DOLLAR_MOVE; exact dollar/contract scaling unverified,QuantData
2026-08-17T14:40:00-04:00,2026-10-16,400.0,put,-26331.0,-43509.0,,-2715410.0,,,,,3681347.0,14041086.0,-10359739.0,1687012.0,,1875879819.0,,,530.37,100.0,unknown,QuantData PER_ONE_DOLLAR_MOVE; exact dollar/contract scaling unverified,QuantData
2026-08-17T14:40:00-04:00,2026-10-16,410.0,call,0.0,0.0,,0.0,,,,,3681347.0,14041086.0,-10359739.0,1687012.0,,1875879819.0,,,530.37,100.0,unknown,QuantData PER_ONE_DOLLAR_MOVE; exact dollar/contract scaling unverified,QuantData
2026-08-17T14:40:00-04:00,2026-10-16,410.0,put,-16301.0,-24966.0,,-1734067.0,,,,,3681347.0,14041086.0,-10359739.0,1687012.0,,1875879819.0,,,530.37,100.0,unknown,QuantData PER_ONE_DOLLAR_MOVE; exact dollar/contract scaling unverified,QuantData
2026-08-17T14:40:00-04:00,2026-10-16,420.0,call,14696.0,-21243.0,,8590318.0,,,,,3681347.0,14041086.0,-10359739.0,1687012.0,,1875879819.0,,,530.37,100.0,unknown,QuantData PER_ONE_DOLLAR_MOVE; exact dollar/contract scaling unverified,QuantData
2026-08-17T14:40:00-04:00,2026-10-16,420.0,put,-64820.0,-87893.0,,-7211580.0,,,,,3681347.0,14041086.0,-10359739.0,1687012.0,,1875879819.0,,,530.37,100.0,unknown,QuantData PER_ONE_DOLLAR_MOVE; exact dollar/contract scaling unverified,QuantData
2026-08-17T14:40:00-04:00,2026-10-16,430.0,call,27150.0,-31156.0,,12891534.0,,,,,3681347.0,14041086.0,-10359739.0,1687012.0,,1875879819.0,,,530.37,100.0,unknown,QuantData PER_ONE_DOLLAR_MOVE; exact dollar/contract scaling unverified,QuantData
2026-08-17T14:40:00-04:00,2026-10-16,430.0,put,-50090.0,-60417.0,,-5768336.0,,,,,3681347.0,14041086.0,-10359739.0,1687012.0,,1875879819.0,,,530.37,100.0,unknown,QuantData PER_ONE_DOLLAR_MOVE; exact dollar/contract scaling unverified,QuantData
2026-08-17T14:40:00-04:00,2026-10-16,440.0,call,16221.0,-19511.0,,7452738.0,,,,,3681347.0,14041086.0,-10359739.0,1687012.0,,1875879819.0,,,530.37,100.0,unknown,QuantData PER_ONE_DOLLAR_MOVE; exact dollar/contract scaling unverified,QuantData
2026-08-17T14:40:00-04:00,2026-10-16,440.0,put,-51357.0,-53560.0,,-6135126.0,,,,,3681347.0,14041086.0,-10359739.0,1687012.0,,1875879819.0,,,530.37,100.0,unknown,QuantData PER_ONE_DOLLAR_MOVE; exact dollar/contract scaling unverified,QuantData
2026-08-17T14:40:00-04:00,2026-10-16,450.0,call,25130.0,-27540.0,,11636373.0,,,,,3681347.0,14041086.0,-10359739.0,1687012.0,,1875879819.0,,,530.37,100.0,unknown,QuantData PER_ONE_DOLLAR_MOVE; exact dollar/contract scaling unverified,QuantData
2026-08-17T14:40:00-04:00,2026-10-16,450.0,put,-34051.0,-29202.0,,-4263778.0,,,,,3681347.0,14041086.0,-10359739.0,1687012.0,,1875879819.0,,,530.37,100.0,unknown,QuantData PER_ONE_DOLLAR_MOVE; exact dollar/contract scaling unverified,QuantData
2026-08-17T14:40:00-04:00,2026-10-16,460.0,call,19870.0,-15887.0,,8010410.0,,,,,3681347.0,14041086.0,-10359739.0,1687012.0,,1875879819.0,,,530.37,100.0,unknown,QuantData PER_ONE_DOLLAR_MOVE; exact dollar/contract scaling unverified,QuantData
2026-08-17T14:40:00-04:00,2026-10-16,460.0,put,-77104.0,-53774.0,,-10111213.0,,,,,3681347.0,14041086.0,-10359739.0,1687012.0,,1875879819.0,,,530.37,100.0,unknown,QuantData PER_ONE_DOLLAR_MOVE; exact dollar/contract scaling unverified,QuantData
2026-08-17T14:40:00-04:00,2026-10-16,470.0,call,21579.0,-12826.0,,7306573.0,,,,,3681347.0,14041086.0,-10359739.0,1687012.0,,1875879819.0,,,530.37,100.0,unknown,QuantData PER_ONE_DOLLAR_MOVE; exact dollar/contract scaling unverified,QuantData
2026-08-17T14:40:00-04:00,2026-10-16,470.0,put,-19360.0,-11677.0,,-2615108.0,,,,,3681347.0,14041086.0,-10359739.0,1687012.0,,1875879819.0,,,530.37,100.0,unknown,QuantData PER_ONE_DOLLAR_MOVE; exact dollar/contract scaling unverified,QuantData
2026-08-17T14:40:00-04:00,2026-10-16,480.0,call,7769.0,-4283.0,,2832866.0,,,,,3681347.0,14041086.0,-10359739.0,1687012.0,,1875879819.0,,,530.37,100.0,unknown,QuantData PER_ONE_DOLLAR_MOVE; exact dollar/contract scaling unverified,QuantData
2026-08-17T14:40:00-04:00,2026-10-16,480.0,put,-17626.0,-8607.0,,-2508193.0,,,,,3681347.0,14041086.0,-10359739.0,1687012.0,,1875879819.0,,,530.37,100.0,unknown,QuantData PER_ONE_DOLLAR_MOVE; exact dollar/contract scaling unverified,QuantData
2026-08-17T14:40:00-04:00,2026-10-16,490.0,call,15108.0,-4299.0,,4415436.0,,,,,3681347.0,14041086.0,-10359739.0,1687012.0,,1875879819.0,,,530.37,100.0,unknown,QuantData PER_ONE_DOLLAR_MOVE; exact dollar/contract scaling unverified,QuantData
2026-08-17T14:40:00-04:00,2026-10-16,490.0,put,-12708.0,-2985.0,,-1935973.0,,,,,3681347.0,14041086.0,-10359739.0,1687012.0,,1875879819.0,,,530.37,100.0,unknown,QuantData PER_ONE_DOLLAR_MOVE; exact dollar/contract scaling unverified,QuantData
2026-08-17T14:40:00-04:00,2026-10-16,500.0,call,27488.0,-7130.0,,8006103.0,,,,,3681347.0,14041086.0,-10359739.0,1687012.0,,1875879819.0,,,530.37,100.0,unknown,QuantData PER_ONE_DOLLAR_MOVE; exact dollar/contract scaling unverified,QuantData
2026-08-17T14:40:00-04:00,2026-10-16,500.0,put,-11667.0,-1681.0,,-1820580.0,,,,,3681347.0,14041086.0,-10359739.0,1687012.0,,1875879819.0,,,530.37,100.0,unknown,QuantData PER_ONE_DOLLAR_MOVE; exact dollar/contract scaling unverified,QuantData
2026-08-17T14:40:00-04:00,2026-10-16,510.0,call,9528.0,45.0,,2488479.0,,,,,3681347.0,14041086.0,-10359739.0,1687012.0,,1875879819.0,,,530.37,100.0,unknown,QuantData PER_ONE_DOLLAR_MOVE; exact dollar/contract scaling unverified,QuantData
2026-08-17T14:40:00-04:00,2026-10-16,510.0,put,-9848.0,-1926.0,,-1562472.0,,,,,3681347.0,14041086.0,-10359739.0,1687012.0,,1875879819.0,,,530.37,100.0,unknown,QuantData PER_ONE_DOLLAR_MOVE; exact dollar/contract scaling unverified,QuantData
2026-08-17T14:40:00-04:00,2026-10-16,520.0,call,27630.0,723.0,,7241670.0,,,,,3681347.0,14041086.0,-10359739.0,1687012.0,,1875879819.0,,,530.37,100.0,unknown,QuantData PER_ONE_DOLLAR_MOVE; exact dollar/contract scaling unverified,QuantData
2026-08-17T14:40:00-04:00,2026-10-16,520.0,put,0.0,0.0,,0.0,,,,,3681347.0,14041086.0,-10359739.0,1687012.0,,1875879819.0,,,530.37,100.0,unknown,QuantData PER_ONE_DOLLAR_MOVE; exact dollar/contract scaling unverified,QuantData
2026-08-17T14:40:00-04:00,2026-10-16,530.0,call,32829.0,8749.0,,7695089.0,,,,,3681347.0,14041086.0,-10359739.0,1687012.0,,1875879819.0,,,530.37,100.0,unknown,QuantData PER_ONE_DOLLAR_MOVE; exact dollar/contract scaling unverified,QuantData
2026-08-17T14:40:00-04:00,2026-10-16,530.0,put,-16185.0,4865.0,,-2886813.0,,,,,3681347.0,14041086.0,-10359739.0,1687012.0,,1875879819.0,,,530.37,100.0,unknown,QuantData PER_ONE_DOLLAR_MOVE; exact dollar/contract scaling unverified,QuantData
2026-08-17T14:40:00-04:00,2026-10-16,540.0,call,18190.0,7351.0,,4018329.0,,,,,3681347.0,14041086.0,-10359739.0,1687012.0,,1875879819.0,,,530.37,100.0,unknown,QuantData PER_ONE_DOLLAR_MOVE; exact dollar/contract scaling unverified,QuantData
2026-08-17T14:40:00-04:00,2026-10-16,540.0,put,-13125.0,5401.0,,-2450139.0,,,,,3681347.0,14041086.0,-10359739.0,1687012.0,,1875879819.0,,,530.37,100.0,unknown,QuantData PER_ONE_DOLLAR_MOVE; exact dollar/contract scaling unverified,QuantData
2026-08-17T14:40:00-04:00,2026-10-16,550.0,call,75629.0,40435.0,,15475128.0,,,,,3681347.0,14041086.0,-10359739.0,1687012.0,,1875879819.0,,,530.37,100.0,unknown,QuantData PER_ONE_DOLLAR_MOVE; exact dollar/contract scaling unverified,QuantData
2026-08-17T14:40:00-04:00,2026-10-16,550.0,put,-12382.0,5440.0,,-2418493.0,,,,,3681347.0,14041086.0,-10359739.0,1687012.0,,1875879819.0,,,530.37,100.0,unknown,QuantData PER_ONE_DOLLAR_MOVE; exact dollar/contract scaling unverified,QuantData
2026-08-17T14:40:00-04:00,2026-10-16,560.0,call,10234.0,6816.0,,2021636.0,,,,,3681347.0,14041086.0,-10359739.0,1687012.0,,1875879819.0,,,530.37,100.0,unknown,QuantData PER_ONE_DOLLAR_MOVE; exact dollar/contract scaling unverified,QuantData
2026-08-17T14:40:00-04:00,2026-10-16,560.0,put,-9240.0,4178.0,,-1822646.0,,,,,3681347.0,14041086.0,-10359739.0,1687012.0,,1875879819.0,,,530.37,100.0,unknown,QuantData PER_ONE_DOLLAR_MOVE; exact dollar/contract scaling unverified,QuantData
2026-08-17T14:40:00-04:00,2026-10-16,570.0,call,12789.0,7758.0,,2841801.0,,,,,3681347.0,14041086.0,-10359739.0,1687012.0,,1875879819.0,,,530.37,100.0,unknown,QuantData PER_ONE_DOLLAR_MOVE; exact dollar/contract scaling unverified,QuantData
2026-08-17T14:40:00-04:00,2026-10-16,570.0,put,-4385.0,2588.0,,-916377.0,,,,,3681347.0,14041086.0,-10359739.0,1687012.0,,1875879819.0,,,530.37,100.0,unknown,QuantData PER_ONE_DOLLAR_MOVE; exact dollar/contract scaling unverified,QuantData
2026-08-17T14:40:00-04:00,2026-10-16,580.0,call,8813.0,7912.0,,1615401.0,,,,,3681347.0,14041086.0,-10359739.0,1687012.0,,1875879819.0,,,530.37,100.0,unknown,QuantData PER_ONE_DOLLAR_MOVE; exact dollar/contract scaling unverified,QuantData
2026-08-17T14:40:00-04:00,2026-10-16,580.0,put,0.0,0.0,,0.0,,,,,3681347.0,14041086.0,-10359739.0,1687012.0,,1875879819.0,,,530.37,100.0,unknown,QuantData PER_ONE_DOLLAR_MOVE; exact dollar/contract scaling unverified,QuantData
2026-08-17T14:40:00-04:00,2026-10-16,590.0,call,4750.0,5032.0,,828196.0,,,,,3681347.0,14041086.0,-10359739.0,1687012.0,,1875879819.0,,,530.37,100.0,unknown,QuantData PER_ONE_DOLLAR_MOVE; exact dollar/contract scaling unverified,QuantData
2026-08-17T14:40:00-04:00,2026-10-16,590.0,put,-13328.0,12567.0,,-3088901.0,,,,,3681347.0,14041086.0,-10359739.0,1687012.0,,1875879819.0,,,530.37,100.0,unknown,QuantData PER_ONE_DOLLAR_MOVE; exact dollar/contract scaling unverified,QuantData
2026-08-17T14:40:00-04:00,2026-10-16,600.0,call,29349.0,33058.0,,5092201.0,,,,,3681347.0,14041086.0,-10359739.0,1687012.0,,1875879819.0,,,530.37,100.0,unknown,QuantData PER_ONE_DOLLAR_MOVE; exact dollar/contract scaling unverified,QuantData
2026-08-17T14:40:00-04:00,2026-10-16,600.0,put,0.0,0.0,,0.0,,,,,3681347.0,14041086.0,-10359739.0,1687012.0,,1875879819.0,,,530.37,100.0,unknown,QuantData PER_ONE_DOLLAR_MOVE; exact dollar/contract scaling unverified,QuantData
2026-08-17T14:40:00-04:00,2026-10-16,610.0,call,13458.0,16911.0,,2191127.0,,,,,3681347.0,14041086.0,-10359739.0,1687012.0,,1875879819.0,,,530.37,100.0,unknown,QuantData PER_ONE_DOLLAR_MOVE; exact dollar/contract scaling unverified,QuantData
2026-08-17T14:40:00-04:00,2026-10-16,610.0,put,0.0,0.0,,0.0,,,,,3681347.0,14041086.0,-10359739.0,1687012.0,,1875879819.0,,,530.37,100.0,unknown,QuantData PER_ONE_DOLLAR_MOVE; exact dollar/contract scaling unverified,QuantData
2026-08-17T14:40:00-04:00,2026-10-16,620.0,call,21771.0,29428.0,,3530940.0,,,,,3681347.0,14041086.0,-10359739.0,1687012.0,,1875879819.0,,,530.37,100.0,unknown,QuantData PER_ONE_DOLLAR_MOVE; exact dollar/contract scaling unverified,QuantData
2026-08-17T14:40:00-04:00,2026-10-16,620.0,put,0.0,0.0,,0.0,,,,,3681347.0,14041086.0,-10359739.0,1687012.0,,1875879819.0,,,530.37,100.0,unknown,QuantData PER_ONE_DOLLAR_MOVE; exact dollar/contract scaling unverified,QuantData
2026-08-17T14:40:00-04:00,2026-10-16,630.0,call,7352.0,10957.0,,1128530.0,,,,,3681347.0,14041086.0,-10359739.0,1687012.0,,1875879819.0,,,530.37,100.0,unknown,QuantData PER_ONE_DOLLAR_MOVE; exact dollar/contract scaling unverified,QuantData
2026-08-17T14:40:00-04:00,2026-10-16,630.0,put,0.0,0.0,,0.0,,,,,3681347.0,14041086.0,-10359739.0,1687012.0,,1875879819.0,,,530.37,100.0,unknown,QuantData PER_ONE_DOLLAR_MOVE; exact dollar/contract scaling unverified,QuantData
2026-08-17T14:40:00-04:00,2026-10-16,640.0,call,11928.0,19345.0,,1753334.0,,,,,3681347.0,14041086.0,-10359739.0,1687012.0,,1875879819.0,,,530.37,100.0,unknown,QuantData PER_ONE_DOLLAR_MOVE; exact dollar/contract scaling unverified,QuantData
2026-08-17T14:40:00-04:00,2026-10-16,640.0,put,0.0,0.0,,0.0,,,,,3681347.0,14041086.0,-10359739.0,1687012.0,,1875879819.0,,,530.37,100.0,unknown,QuantData PER_ONE_DOLLAR_MOVE; exact dollar/contract scaling unverified,QuantData
2026-08-17T14:40:00-04:00,2026-10-16,650.0,call,20980.0,35858.0,,3011620.0,,,,,3681347.0,14041086.0,-10359739.0,1687012.0,,1875879819.0,,,530.37,100.0,unknown,QuantData PER_ONE_DOLLAR_MOVE; exact dollar/contract scaling unverified,QuantData
2026-08-17T14:40:00-04:00,2026-10-16,650.0,put,0.0,0.0,,0.0,,,,,3681347.0,14041086.0,-10359739.0,1687012.0,,1875879819.0,,,530.37,100.0,unknown,QuantData PER_ONE_DOLLAR_MOVE; exact dollar/contract scaling unverified,QuantData
2026-08-17T14:40:00-04:00,2026-10-16,660.0,call,38613.0,71094.0,,5293908.0,,,,,3681347.0,14041086.0,-10359739.0,1687012.0,,1875879819.0,,,530.37,100.0,unknown,QuantData PER_ONE_DOLLAR_MOVE; exact dollar/contract scaling unverified,QuantData
2026-08-17T14:40:00-04:00,2026-10-16,660.0,put,0.0,0.0,,0.0,,,,,3681347.0,14041086.0,-10359739.0,1687012.0,,1875879819.0,,,530.37,100.0,unknown,QuantData PER_ONE_DOLLAR_MOVE; exact dollar/contract scaling unverified,QuantData
2026-08-17T14:40:00-04:00,2026-10-16,670.0,call,6109.0,11475.0,,858394.0,,,,,3681347.0,14041086.0,-10359739.0,1687012.0,,1875879819.0,,,530.37,100.0,unknown,QuantData PER_ONE_DOLLAR_MOVE; exact dollar/contract scaling unverified,QuantData
2026-08-17T14:40:00-04:00,2026-10-16,670.0,put,-1374.0,2476.0,,-452665.0,,,,,3681347.0,14041086.0,-10359739.0,1687012.0,,1875879819.0,,,530.37,100.0,unknown,QuantData PER_ONE_DOLLAR_MOVE; exact dollar/contract scaling unverified,QuantData
2026-08-17T14:40:00-04:00,2026-10-16,680.0,call,10422.0,21065.0,,1378111.0,,,,,3681347.0,14041086.0,-10359739.0,1687012.0,,1875879819.0,,,530.37,100.0,unknown,QuantData PER_ONE_DOLLAR_MOVE; exact dollar/contract scaling unverified,QuantData
2026-08-17T14:40:00-04:00,2026-10-16,680.0,put,0.0,0.0,,0.0,,,,,3681347.0,14041086.0,-10359739.0,1687012.0,,1875879819.0,,,530.37,100.0,unknown,QuantData PER_ONE_DOLLAR_MOVE; exact dollar/contract scaling unverified,QuantData
2026-08-17T14:40:00-04:00,2026-10-16,690.0,call,5113.0,9825.0,,751142.0,,,,,3681347.0,14041086.0,-10359739.0,1687012.0,,1875879819.0,,,530.37,100.0,unknown,QuantData PER_ONE_DOLLAR_MOVE; exact dollar/contract scaling unverified,QuantData
2026-08-17T14:40:00-04:00,2026-10-16,690.0,put,0.0,0.0,,0.0,,,,,3681347.0,14041086.0,-10359739.0,1687012.0,,1875879819.0,,,530.37,100.0,unknown,QuantData PER_ONE_DOLLAR_MOVE; exact dollar/contract scaling unverified,QuantData
2026-08-17T14:40:00-04:00,2026-10-16,700.0,call,32420.0,69166.0,,4313741.0,,,,,3681347.0,14041086.0,-10359739.0,1687012.0,,1875879819.0,,,530.37,100.0,unknown,QuantData PER_ONE_DOLLAR_MOVE; exact dollar/contract scaling unverified,QuantData
2026-08-17T14:40:00-04:00,2026-10-16,700.0,put,0.0,0.0,,0.0,,,,,3681347.0,14041086.0,-10359739.0,1687012.0,,1875879819.0,,,530.37,100.0,unknown,QuantData PER_ONE_DOLLAR_MOVE; exact dollar/contract scaling unverified,QuantData
2026-08-17T14:40:00-04:00,2026-10-16,710.0,call,25463.0,54267.0,,3534145.0,,,,,3681347.0,14041086.0,-10359739.0,1687012.0,,1875879819.0,,,530.37,100.0,unknown,QuantData PER_ONE_DOLLAR_MOVE; exact dollar/contract scaling unverified,QuantData
2026-08-17T14:40:00-04:00,2026-10-16,710.0,put,0.0,0.0,,0.0,,,,,3681347.0,14041086.0,-10359739.0,1687012.0,,1875879819.0,,,530.37,100.0,unknown,QuantData PER_ONE_DOLLAR_MOVE; exact dollar/contract scaling unverified,QuantData
2026-08-17T14:40:00-04:00,2026-10-16,720.0,call,12717.0,28822.0,,1676691.0,,,,,3681347.0,14041086.0,-10359739.0,1687012.0,,1875879819.0,,,530.37,100.0,unknown,QuantData PER_ONE_DOLLAR_MOVE; exact dollar/contract scaling unverified,QuantData
2026-08-17T14:40:00-04:00,2026-10-16,720.0,put,0.0,0.0,,0.0,,,,,3681347.0,14041086.0,-10359739.0,1687012.0,,1875879819.0,,,530.37,100.0,unknown,QuantData PER_ONE_DOLLAR_MOVE; exact dollar/contract scaling unverified,QuantData
2026-08-17T14:40:00-04:00,2026-10-16,730.0,call,7145.0,17675.0,,849020.0,,,,,3681347.0,14041086.0,-10359739.0,1687012.0,,1875879819.0,,,530.37,100.0,unknown,QuantData PER_ONE_DOLLAR_MOVE; exact dollar/contract scaling unverified,QuantData
2026-08-17T14:40:00-04:00,2026-10-16,730.0,put,0.0,0.0,,0.0,,,,,3681347.0,14041086.0,-10359739.0,1687012.0,,1875879819.0,,,530.37,100.0,unknown,QuantData PER_ONE_DOLLAR_MOVE; exact dollar/contract scaling unverified,QuantData
2026-08-17T14:40:00-04:00,2026-10-16,750.0,call,15700.0,41654.0,,1799698.0,,,,,3681347.0,14041086.0,-10359739.0,1687012.0,,1875879819.0,,,530.37,100.0,unknown,QuantData PER_ONE_DOLLAR_MOVE; exact dollar/contract scaling unverified,QuantData
2026-08-17T14:40:00-04:00,2026-10-16,750.0,put,0.0,0.0,,0.0,,,,,3681347.0,14041086.0,-10359739.0,1687012.0,,1875879819.0,,,530.37,100.0,unknown,QuantData PER_ONE_DOLLAR_MOVE; exact dollar/contract scaling unverified,QuantData
2026-08-17T14:40:00-04:00,2026-10-16,760.0,call,9319.0,25434.0,,1057210.0,,,,,3681347.0,14041086.0,-10359739.0,1687012.0,,1875879819.0,,,530.37,100.0,unknown,QuantData PER_ONE_DOLLAR_MOVE; exact dollar/contract scaling unverified,QuantData
2026-08-17T14:40:00-04:00,2026-10-16,760.0,put,0.0,0.0,,0.0,,,,,3681347.0,14041086.0,-10359739.0,1687012.0,,1875879819.0,,,530.37,100.0,unknown,QuantData PER_ONE_DOLLAR_MOVE; exact dollar/contract scaling unverified,QuantData
2026-08-17T14:40:00-04:00,2026-10-16,770.0,call,24969.0,68834.0,,2857324.0,,,,,3681347.0,14041086.0,-10359739.0,1687012.0,,1875879819.0,,,530.37,100.0,unknown,QuantData PER_ONE_DOLLAR_MOVE; exact dollar/contract scaling unverified,QuantData
2026-08-17T14:40:00-04:00,2026-10-16,770.0,put,0.0,0.0,,0.0,,,,,3681347.0,14041086.0,-10359739.0,1687012.0,,1875879819.0,,,530.37,100.0,unknown,QuantData PER_ONE_DOLLAR_MOVE; exact dollar/contract scaling unverified,QuantData
2026-08-17T14:40:00-04:00,2026-10-16,800.0,call,8290.0,24622.0,,929197.0,,,,,3681347.0,14041086.0,-10359739.0,1687012.0,,1875879819.0,,,530.37,100.0,unknown,QuantData PER_ONE_DOLLAR_MOVE; exact dollar/contract scaling unverified,QuantData
2026-08-17T14:40:00-04:00,2026-10-16,800.0,put,0.0,0.0,,0.0,,,,,3681347.0,14041086.0,-10359739.0,1687012.0,,1875879819.0,,,530.37,100.0,unknown,QuantData PER_ONE_DOLLAR_MOVE; exact dollar/contract scaling unverified,QuantData
2026-08-17T14:40:00-04:00,2026-10-16,840.0,call,3648.0,12289.0,,360765.0,,,,,3681347.0,14041086.0,-10359739.0,1687012.0,,1875879819.0,,,530.37,100.0,unknown,QuantData PER_ONE_DOLLAR_MOVE; exact dollar/contract scaling unverified,QuantData
2026-08-17T14:40:00-04:00,2026-10-16,840.0,put,0.0,0.0,,0.0,,,,,3681347.0,14041086.0,-10359739.0,1687012.0,,1875879819.0,,,530.37,100.0,unknown,QuantData PER_ONE_DOLLAR_MOVE; exact dollar/contract scaling unverified,QuantData
2026-08-17T14:40:00-04:00,2026-10-16,850.0,call,14814.0,51867.0,,1391330.0,,,,,3681347.0,14041086.0,-10359739.0,1687012.0,,1875879819.0,,,530.37,100.0,unknown,QuantData PER_ONE_DOLLAR_MOVE; exact dollar/contract scaling unverified,QuantData
2026-08-17T14:40:00-04:00,2026-10-16,850.0,put,0.0,0.0,,0.0,,,,,3681347.0,14041086.0,-10359739.0,1687012.0,,1875879819.0,,,530.37,100.0,unknown,QuantData PER_ONE_DOLLAR_MOVE; exact dollar/contract scaling unverified,QuantData
2026-08-17T14:40:00-04:00,2026-10-16,860.0,call,791.0,2728.0,,80359.0,,,,,3681347.0,14041086.0,-10359739.0,1687012.0,,1875879819.0,,,530.37,100.0,unknown,QuantData PER_ONE_DOLLAR_MOVE; exact dollar/contract scaling unverified,QuantData
2026-08-17T14:40:00-04:00,2026-10-16,860.0,put,0.0,0.0,,0.0,,,,,3681347.0,14041086.0,-10359739.0,1687012.0,,1875879819.0,,,530.37,100.0,unknown,QuantData PER_ONE_DOLLAR_MOVE; exact dollar/contract scaling unverified,QuantData
2026-08-17T14:40:00-04:00,2026-10-16,870.0,call,230.0,788.0,,24795.0,,,,,3681347.0,14041086.0,-10359739.0,1687012.0,,1875879819.0,,,530.37,100.0,unknown,QuantData PER_ONE_DOLLAR_MOVE; exact dollar/contract scaling unverified,QuantData
2026-08-17T14:40:00-04:00,2026-10-16,870.0,put,0.0,0.0,,0.0,,,,,3681347.0,14041086.0,-10359739.0,1687012.0,,1875879819.0,,,530.37,100.0,unknown,QuantData PER_ONE_DOLLAR_MOVE; exact dollar/contract scaling unverified,QuantData
2026-08-17T14:40:00-04:00,2026-10-16,880.0,call,10676.0,37418.0,,1119974.0,,,,,3681347.0,14041086.0,-10359739.0,1687012.0,,1875879819.0,,,530.37,100.0,unknown,QuantData PER_ONE_DOLLAR_MOVE; exact dollar/contract scaling unverified,QuantData
2026-08-17T14:40:00-04:00,2026-10-16,880.0,put,0.0,0.0,,0.0,,,,,3681347.0,14041086.0,-10359739.0,1687012.0,,1875879819.0,,,530.37,100.0,unknown,QuantData PER_ONE_DOLLAR_MOVE; exact dollar/contract scaling unverified,QuantData
2026-08-17T14:40:00-04:00,2026-10-16,940.0,call,2903.0,11683.0,,261894.0,,,,,3681347.0,14041086.0,-10359739.0,1687012.0,,1875879819.0,,,530.37,100.0,unknown,QuantData PER_ONE_DOLLAR_MOVE; exact dollar/contract scaling unverified,QuantData
2026-08-17T14:40:00-04:00,2026-10-16,940.0,put,0.0,0.0,,0.0,,,,,3681347.0,14041086.0,-10359739.0,1687012.0,,1875879819.0,,,530.37,100.0,unknown,QuantData PER_ONE_DOLLAR_MOVE; exact dollar/contract scaling unverified,QuantData
2026-08-17T14:40:00-04:00,2026-10-16,950.0,call,2195.0,9106.0,,192530.0,,,,,3681347.0,14041086.0,-10359739.0,1687012.0,,1875879819.0,,,530.37,100.0,unknown,QuantData PER_ONE_DOLLAR_MOVE; exact dollar/contract scaling unverified,QuantData
2026-08-17T14:40:00-04:00,2026-10-16,950.0,put,0.0,0.0,,0.0,,,,,3681347.0,14041086.0,-10359739.0,1687012.0,,1875879819.0,,,530.37,100.0,unknown,QuantData PER_ONE_DOLLAR_MOVE; exact dollar/contract scaling unverified,QuantData
2026-08-17T14:40:00-04:00,2026-10-16,1000.0,call,2726.0,11750.0,,245640.0,,,,,3681347.0,14041086.0,-10359739.0,1687012.0,,1875879819.0,,,530.37,100.0,unknown,QuantData PER_ONE_DOLLAR_MOVE; exact dollar/contract scaling unverified,QuantData
2026-08-17T14:40:00-04:00,2026-10-16,1000.0,put,0.0,0.0,,0.0,,,,,3681347.0,14041086.0,-10359739.0,1687012.0,,1875879819.0,,,530.37,100.0,unknown,QuantData PER_ONE_DOLLAR_MOVE; exact dollar/contract scaling unverified,QuantData
2026-08-17T14:40:00-04:00,2026-10-16,1040.0,call,209.0,971.0,,16951.0,,,,,3681347.0,14041086.0,-10359739.0,1687012.0,,1875879819.0,,,530.37,100.0,unknown,QuantData PER_ONE_DOLLAR_MOVE; exact dollar/contract scaling unverified,QuantData
2026-08-17T14:40:00-04:00,2026-10-16,1040.0,put,0.0,0.0,,0.0,,,,,3681347.0,14041086.0,-10359739.0,1687012.0,,1875879819.0,,,530.37,100.0,unknown,QuantData PER_ONE_DOLLAR_MOVE; exact dollar/contract scaling unverified,QuantData
2026-08-17T14:40:00-04:00,2026-10-16,1080.0,call,1719.0,8210.0,,139114.0,,,,,3681347.0,14041086.0,-10359739.0,1687012.0,,1875879819.0,,,530.37,100.0,unknown,QuantData PER_ONE_DOLLAR_MOVE; exact dollar/contract scaling unverified,QuantData
2026-08-17T14:40:00-04:00,2026-10-16,1080.0,put,0.0,0.0,,0.0,,,,,3681347.0,14041086.0,-10359739.0,1687012.0,,1875879819.0,,,530.37,100.0,unknown,QuantData PER_ONE_DOLLAR_MOVE; exact dollar/contract scaling unverified,QuantData
2026-08-17T14:40:00-04:00,2026-10-16,1140.0,call,816.0,4247.0,,61715.0,,,,,3681347.0,14041086.0,-10359739.0,1687012.0,,1875879819.0,,,530.37,100.0,unknown,QuantData PER_ONE_DOLLAR_MOVE; exact dollar/contract scaling unverified,QuantData
2026-08-17T14:40:00-04:00,2026-10-16,1140.0,put,0.0,0.0,,0.0,,,,,3681347.0,14041086.0,-10359739.0,1687012.0,,1875879819.0,,,530.37,100.0,unknown,QuantData PER_ONE_DOLLAR_MOVE; exact dollar/contract scaling unverified,QuantData
2026-08-17T14:40:00-04:00,2026-10-16,1160.0,call,1503.0,8223.0,,106322.0,,,,,3681347.0,14041086.0,-10359739.0,1687012.0,,1875879819.0,,,530.37,100.0,unknown,QuantData PER_ONE_DOLLAR_MOVE; exact dollar/contract scaling unverified,QuantData
2026-08-17T14:40:00-04:00,2026-10-16,1160.0,put,0.0,0.0,,0.0,,,,,3681347.0,14041086.0,-10359739.0,1687012.0,,1875879819.0,,,530.37,100.0,unknown,QuantData PER_ONE_DOLLAR_MOVE; exact dollar/contract scaling unverified,QuantData
2026-08-17T14:40:00-04:00,2026-11-20,200.0,call,0.0,0.0,,272095.0,,,,,3681347.0,14041086.0,-10359739.0,1687012.0,,1875879819.0,,,530.37,100.0,unknown,QuantData PER_ONE_DOLLAR_MOVE; exact dollar/contract scaling unverified,QuantData
2026-08-17T14:40:00-04:00,2026-11-20,200.0,put,-1198.0,-5998.0,,-118681.0,,,,,3681347.0,14041086.0,-10359739.0,1687012.0,,1875879819.0,,,530.37,100.0,unknown,QuantData PER_ONE_DOLLAR_MOVE; exact dollar/contract scaling unverified,QuantData
2026-08-17T14:40:00-04:00,2026-11-20,210.0,call,0.0,0.0,,0.0,,,,,3681347.0,14041086.0,-10359739.0,1687012.0,,1875879819.0,,,530.37,100.0,unknown,QuantData PER_ONE_DOLLAR_MOVE; exact dollar/contract scaling unverified,QuantData
2026-08-17T14:40:00-04:00,2026-11-20,210.0,put,-215.0,-1146.0,,-19549.0,,,,,3681347.0,14041086.0,-10359739.0,1687012.0,,1875879819.0,,,530.37,100.0,unknown,QuantData PER_ONE_DOLLAR_MOVE; exact dollar/contract scaling unverified,QuantData
2026-08-17T14:40:00-04:00,2026-11-20,240.0,call,0.0,0.0,,0.0,,,,,3681347.0,14041086.0,-10359739.0,1687012.0,,1875879819.0,,,530.37,100.0,unknown,QuantData PER_ONE_DOLLAR_MOVE; exact dollar/contract scaling unverified,QuantData
2026-08-17T14:40:00-04:00,2026-11-20,240.0,put,-750.0,-3351.0,,-69994.0,,,,,3681347.0,14041086.0,-10359739.0,1687012.0,,1875879819.0,,,530.37,100.0,unknown,QuantData PER_ONE_DOLLAR_MOVE; exact dollar/contract scaling unverified,QuantData
2026-08-17T14:40:00-04:00,2026-11-20,250.0,call,32.0,-149.0,,158207.0,,,,,3681347.0,14041086.0,-10359739.0,1687012.0,,1875879819.0,,,530.37,100.0,unknown,QuantData PER_ONE_DOLLAR_MOVE; exact dollar/contract scaling unverified,QuantData
2026-08-17T14:40:00-04:00,2026-11-20,250.0,put,-1397.0,-5353.0,,-146258.0,,,,,3681347.0,14041086.0,-10359739.0,1687012.0,,1875879819.0,,,530.37,100.0,unknown,QuantData PER_ONE_DOLLAR_MOVE; exact dollar/contract scaling unverified,QuantData
2026-08-17T14:40:00-04:00,2026-11-20,260.0,call,0.0,0.0,,0.0,,,,,3681347.0,14041086.0,-10359739.0,1687012.0,,1875879819.0,,,530.37,100.0,unknown,QuantData PER_ONE_DOLLAR_MOVE; exact dollar/contract scaling unverified,QuantData
2026-08-17T14:40:00-04:00,2026-11-20,260.0,put,-807.0,-3326.0,,-85416.0,,,,,3681347.0,14041086.0,-10359739.0,1687012.0,,1875879819.0,,,530.37,100.0,unknown,QuantData PER_ONE_DOLLAR_MOVE; exact dollar/contract scaling unverified,QuantData
2026-08-17T14:40:00-04:00,2026-11-20,270.0,call,0.0,0.0,,0.0,,,,,3681347.0,14041086.0,-10359739.0,1687012.0,,1875879819.0,,,530.37,100.0,unknown,QuantData PER_ONE_DOLLAR_MOVE; exact dollar/contract scaling unverified,QuantData
2026-08-17T14:40:00-04:00,2026-11-20,270.0,put,-1811.0,-7326.0,,-189602.0,,,,,3681347.0,14041086.0,-10359739.0,1687012.0,,1875879819.0,,,530.37,100.0,unknown,QuantData PER_ONE_DOLLAR_MOVE; exact dollar/contract scaling unverified,QuantData
2026-08-17T14:40:00-04:00,2026-11-20,280.0,call,313.0,-1221.0,,875930.0,,,,,3681347.0,14041086.0,-10359739.0,1687012.0,,1875879819.0,,,530.37,100.0,unknown,QuantData PER_ONE_DOLLAR_MOVE; exact dollar/contract scaling unverified,QuantData
2026-08-17T14:40:00-04:00,2026-11-20,280.0,put,-4936.0,-18479.0,,-542713.0,,,,,3681347.0,14041086.0,-10359739.0,1687012.0,,1875879819.0,,,530.37,100.0,unknown,QuantData PER_ONE_DOLLAR_MOVE; exact dollar/contract scaling unverified,QuantData
2026-08-17T14:40:00-04:00,2026-11-20,290.0,call,0.0,0.0,,0.0,,,,,3681347.0,14041086.0,-10359739.0,1687012.0,,1875879819.0,,,530.37,100.0,unknown,QuantData PER_ONE_DOLLAR_MOVE; exact dollar/contract scaling unverified,QuantData
2026-08-17T14:40:00-04:00,2026-11-20,290.0,put,-6135.0,-20560.0,,-736897.0,,,,,3681347.0,14041086.0,-10359739.0,1687012.0,,1875879819.0,,,530.37,100.0,unknown,QuantData PER_ONE_DOLLAR_MOVE; exact dollar/contract scaling unverified,QuantData
2026-08-17T14:40:00-04:00,2026-11-20,300.0,call,0.0,0.0,,0.0,,,,,3681347.0,14041086.0,-10359739.0,1687012.0,,1875879819.0,,,530.37,100.0,unknown,QuantData PER_ONE_DOLLAR_MOVE; exact dollar/contract scaling unverified,QuantData
2026-08-17T14:40:00-04:00,2026-11-20,300.0,put,-10525.0,-35995.0,,-1182394.0,,,,,3681347.0,14041086.0,-10359739.0,1687012.0,,1875879819.0,,,530.37,100.0,unknown,QuantData PER_ONE_DOLLAR_MOVE; exact dollar/contract scaling unverified,QuantData
2026-08-17T14:40:00-04:00,2026-11-20,310.0,call,0.0,0.0,,0.0,,,,,3681347.0,14041086.0,-10359739.0,1687012.0,,1875879819.0,,,530.37,100.0,unknown,QuantData PER_ONE_DOLLAR_MOVE; exact dollar/contract scaling unverified,QuantData
2026-08-17T14:40:00-04:00,2026-11-20,310.0,put,-12356.0,-38213.0,,-1399825.0,,,,,3681347.0,14041086.0,-10359739.0,1687012.0,,1875879819.0,,,530.37,100.0,unknown,QuantData PER_ONE_DOLLAR_MOVE; exact dollar/contract scaling unverified,QuantData
2026-08-17T14:40:00-04:00,2026-11-20,320.0,call,0.0,0.0,,0.0,,,,,3681347.0,14041086.0,-10359739.0,1687012.0,,1875879819.0,,,530.37,100.0,unknown,QuantData PER_ONE_DOLLAR_MOVE; exact dollar/contract scaling unverified,QuantData
2026-08-17T14:40:00-04:00,2026-11-20,320.0,put,-2650.0,-7702.0,,-322749.0,,,,,3681347.0,14041086.0,-10359739.0,1687012.0,,1875879819.0,,,530.37,100.0,unknown,QuantData PER_ONE_DOLLAR_MOVE; exact dollar/contract scaling unverified,QuantData
2026-08-17T14:40:00-04:00,2026-11-20,330.0,call,0.0,0.0,,0.0,,,,,3681347.0,14041086.0,-10359739.0,1687012.0,,1875879819.0,,,530.37,100.0,unknown,QuantData PER_ONE_DOLLAR_MOVE; exact dollar/contract scaling unverified,QuantData
2026-08-17T14:40:00-04:00,2026-11-20,330.0,put,-4698.0,-12407.0,,-555617.0,,,,,3681347.0,14041086.0,-10359739.0,1687012.0,,1875879819.0,,,530.37,100.0,unknown,QuantData PER_ONE_DOLLAR_MOVE; exact dollar/contract scaling unverified,QuantData
2026-08-17T14:40:00-04:00,2026-11-20,350.0,call,0.0,0.0,,0.0,,,,,3681347.0,14041086.0,-10359739.0,1687012.0,,1875879819.0,,,530.37,100.0,unknown,QuantData PER_ONE_DOLLAR_MOVE; exact dollar/contract scaling unverified,QuantData
2026-08-17T14:40:00-04:00,2026-11-20,350.0,put,-9295.0,-22091.0,,-1166100.0,,,,,3681347.0,14041086.0,-10359739.0,1687012.0,,1875879819.0,,,530.37,100.0,unknown,QuantData PER_ONE_DOLLAR_MOVE; exact dollar/contract scaling unverified,QuantData
2026-08-17T14:40:00-04:00,2026-11-20,360.0,call,0.0,0.0,,0.0,,,,,3681347.0,14041086.0,-10359739.0,1687012.0,,1875879819.0,,,530.37,100.0,unknown,QuantData PER_ONE_DOLLAR_MOVE; exact dollar/contract scaling unverified,QuantData
2026-08-17T14:40:00-04:00,2026-11-20,360.0,put,-5974.0,-12605.0,,-767420.0,,,,,3681347.0,14041086.0,-10359739.0,1687012.0,,1875879819.0,,,530.37,100.0,unknown,QuantData PER_ONE_DOLLAR_MOVE; exact dollar/contract scaling unverified,QuantData
2026-08-17T14:40:00-04:00,2026-11-20,370.0,call,0.0,0.0,,0.0,,,,,3681347.0,14041086.0,-10359739.0,1687012.0,,1875879819.0,,,530.37,100.0,unknown,QuantData PER_ONE_DOLLAR_MOVE; exact dollar/contract scaling unverified,QuantData
2026-08-17T14:40:00-04:00,2026-11-20,370.0,put,-6899.0,-14068.0,,-949609.0,,,,,3681347.0,14041086.0,-10359739.0,1687012.0,,1875879819.0,,,530.37,100.0,unknown,QuantData PER_ONE_DOLLAR_MOVE; exact dollar/contract scaling unverified,QuantData
2026-08-17T14:40:00-04:00,2026-11-20,380.0,call,0.0,0.0,,0.0,,,,,3681347.0,14041086.0,-10359739.0,1687012.0,,1875879819.0,,,530.37,100.0,unknown,QuantData PER_ONE_DOLLAR_MOVE; exact dollar/contract scaling unverified,QuantData
2026-08-17T14:40:00-04:00,2026-11-20,380.0,put,-28599.0,-52848.0,,-3917297.0,,,,,3681347.0,14041086.0,-10359739.0,1687012.0,,1875879819.0,,,530.37,100.0,unknown,QuantData PER_ONE_DOLLAR_MOVE; exact dollar/contract scaling unverified,QuantData
2026-08-17T14:40:00-04:00,2026-11-20,390.0,call,0.0,0.0,,0.0,,,,,3681347.0,14041086.0,-10359739.0,1687012.0,,1875879819.0,,,530.37,100.0,unknown,QuantData PER_ONE_DOLLAR_MOVE; exact dollar/contract scaling unverified,QuantData
2026-08-17T14:40:00-04:00,2026-11-20,390.0,put,-38940.0,-62024.0,,-5541465.0,,,,,3681347.0,14041086.0,-10359739.0,1687012.0,,1875879819.0,,,530.37,100.0,unknown,QuantData PER_ONE_DOLLAR_MOVE; exact dollar/contract scaling unverified,QuantData
2026-08-17T14:40:00-04:00,2026-11-20,400.0,call,2687.0,-3787.0,,1830581.0,,,,,3681347.0,14041086.0,-10359739.0,1687012.0,,1875879819.0,,,530.37,100.0,unknown,QuantData PER_ONE_DOLLAR_MOVE; exact dollar/contract scaling unverified,QuantData
2026-08-17T14:40:00-04:00,2026-11-20,400.0,put,-16329.0,-23763.0,,-2320102.0,,,,,3681347.0,14041086.0,-10359739.0,1687012.0,,1875879819.0,,,530.37,100.0,unknown,QuantData PER_ONE_DOLLAR_MOVE; exact dollar/contract scaling unverified,QuantData
2026-08-17T14:40:00-04:00,2026-11-20,410.0,call,0.0,0.0,,0.0,,,,,3681347.0,14041086.0,-10359739.0,1687012.0,,1875879819.0,,,530.37,100.0,unknown,QuantData PER_ONE_DOLLAR_MOVE; exact dollar/contract scaling unverified,QuantData
2026-08-17T14:40:00-04:00,2026-11-20,410.0,put,-12820.0,-18930.0,,-1949361.0,,,,,3681347.0,14041086.0,-10359739.0,1687012.0,,1875879819.0,,,530.37,100.0,unknown,QuantData PER_ONE_DOLLAR_MOVE; exact dollar/contract scaling unverified,QuantData
2026-08-17T14:40:00-04:00,2026-11-20,420.0,call,25446.0,-27952.0,,14849652.0,,,,,3681347.0,14041086.0,-10359739.0,1687012.0,,1875879819.0,,,530.37,100.0,unknown,QuantData PER_ONE_DOLLAR_MOVE; exact dollar/contract scaling unverified,QuantData
2026-08-17T14:40:00-04:00,2026-11-20,420.0,put,-10220.0,-11096.0,,-1600463.0,,,,,3681347.0,14041086.0,-10359739.0,1687012.0,,1875879819.0,,,530.37,100.0,unknown,QuantData PER_ONE_DOLLAR_MOVE; exact dollar/contract scaling unverified,QuantData
2026-08-17T14:40:00-04:00,2026-11-20,430.0,call,2202.0,-2332.0,,1261173.0,,,,,3681347.0,14041086.0,-10359739.0,1687012.0,,1875879819.0,,,530.37,100.0,unknown,QuantData PER_ONE_DOLLAR_MOVE; exact dollar/contract scaling unverified,QuantData
2026-08-17T14:40:00-04:00,2026-11-20,430.0,put,-49436.0,-43809.0,,-8031771.0,,,,,3681347.0,14041086.0,-10359739.0,1687012.0,,1875879819.0,,,530.37,100.0,unknown,QuantData PER_ONE_DOLLAR_MOVE; exact dollar/contract scaling unverified,QuantData
2026-08-17T14:40:00-04:00,2026-11-20,440.0,call,5181.0,-4292.0,,2871734.0,,,,,3681347.0,14041086.0,-10359739.0,1687012.0,,1875879819.0,,,530.37,100.0,unknown,QuantData PER_ONE_DOLLAR_MOVE; exact dollar/contract scaling unverified,QuantData
2026-08-17T14:40:00-04:00,2026-11-20,440.0,put,-10019.0,-7596.0,,-1678177.0,,,,,3681347.0,14041086.0,-10359739.0,1687012.0,,1875879819.0,,,530.37,100.0,unknown,QuantData PER_ONE_DOLLAR_MOVE; exact dollar/contract scaling unverified,QuantData
2026-08-17T14:40:00-04:00,2026-11-20,450.0,call,16422.0,-10355.0,,7977502.0,,,,,3681347.0,14041086.0,-10359739.0,1687012.0,,1875879819.0,,,530.37,100.0,unknown,QuantData PER_ONE_DOLLAR_MOVE; exact dollar/contract scaling unverified,QuantData
2026-08-17T14:40:00-04:00,2026-11-20,450.0,put,-10695.0,-6736.0,,-1845030.0,,,,,3681347.0,14041086.0,-10359739.0,1687012.0,,1875879819.0,,,530.37,100.0,unknown,QuantData PER_ONE_DOLLAR_MOVE; exact dollar/contract scaling unverified,QuantData
2026-08-17T14:40:00-04:00,2026-11-20,460.0,call,4141.0,-2430.0,,1955345.0,,,,,3681347.0,14041086.0,-10359739.0,1687012.0,,1875879819.0,,,530.37,100.0,unknown,QuantData PER_ONE_DOLLAR_MOVE; exact dollar/contract scaling unverified,QuantData
2026-08-17T14:40:00-04:00,2026-11-20,460.0,put,-7570.0,-5294.0,,-1350743.0,,,,,3681347.0,14041086.0,-10359739.0,1687012.0,,1875879819.0,,,530.37,100.0,unknown,QuantData PER_ONE_DOLLAR_MOVE; exact dollar/contract scaling unverified,QuantData
2026-08-17T14:40:00-04:00,2026-11-20,470.0,call,13606.0,-7524.0,,6589397.0,,,,,3681347.0,14041086.0,-10359739.0,1687012.0,,1875879819.0,,,530.37,100.0,unknown,QuantData PER_ONE_DOLLAR_MOVE; exact dollar/contract scaling unverified,QuantData
2026-08-17T14:40:00-04:00,2026-11-20,470.0,put,-13478.0,-4012.0,,-2490252.0,,,,,3681347.0,14041086.0,-10359739.0,1687012.0,,1875879819.0,,,530.37,100.0,unknown,QuantData PER_ONE_DOLLAR_MOVE; exact dollar/contract scaling unverified,QuantData
2026-08-17T14:40:00-04:00,2026-11-20,480.0,call,5669.0,-2167.0,,2577711.0,,,,,3681347.0,14041086.0,-10359739.0,1687012.0,,1875879819.0,,,530.37,100.0,unknown,QuantData PER_ONE_DOLLAR_MOVE; exact dollar/contract scaling unverified,QuantData
2026-08-17T14:40:00-04:00,2026-11-20,480.0,put,-4630.0,-1107.0,,-878673.0,,,,,3681347.0,14041086.0,-10359739.0,1687012.0,,1875879819.0,,,530.37,100.0,unknown,QuantData PER_ONE_DOLLAR_MOVE; exact dollar/contract scaling unverified,QuantData
2026-08-17T14:40:00-04:00,2026-11-20,490.0,call,12110.0,-3445.0,,5265570.0,,,,,3681347.0,14041086.0,-10359739.0,1687012.0,,1875879819.0,,,530.37,100.0,unknown,QuantData PER_ONE_DOLLAR_MOVE; exact dollar/contract scaling unverified,QuantData
2026-08-17T14:40:00-04:00,2026-11-20,490.0,put,-10671.0,-1218.0,,-2083938.0,,,,,3681347.0,14041086.0,-10359739.0,1687012.0,,1875879819.0,,,530.37,100.0,unknown,QuantData PER_ONE_DOLLAR_MOVE; exact dollar/contract scaling unverified,QuantData
2026-08-17T14:40:00-04:00,2026-11-20,500.0,call,47084.0,764.0,,17438985.0,,,,,3681347.0,14041086.0,-10359739.0,1687012.0,,1875879819.0,,,530.37,100.0,unknown,QuantData PER_ONE_DOLLAR_MOVE; exact dollar/contract scaling unverified,QuantData
2026-08-17T14:40:00-04:00,2026-11-20,500.0,put,-6357.0,-141.0,,-1279287.0,,,,,3681347.0,14041086.0,-10359739.0,1687012.0,,1875879819.0,,,530.37,100.0,unknown,QuantData PER_ONE_DOLLAR_MOVE; exact dollar/contract scaling unverified,QuantData
2026-08-17T14:40:00-04:00,2026-11-20,510.0,call,8850.0,1377.0,,3176423.0,,,,,3681347.0,14041086.0,-10359739.0,1687012.0,,1875879819.0,,,530.37,100.0,unknown,QuantData PER_ONE_DOLLAR_MOVE; exact dollar/contract scaling unverified,QuantData
2026-08-17T14:40:00-04:00,2026-11-20,510.0,put,-7062.0,962.0,,-1500721.0,,,,,3681347.0,14041086.0,-10359739.0,1687012.0,,1875879819.0,,,530.37,100.0,unknown,QuantData PER_ONE_DOLLAR_MOVE; exact dollar/contract scaling unverified,QuantData
2026-08-17T14:40:00-04:00,2026-11-20,520.0,call,11965.0,3965.0,,4034426.0,,,,,3681347.0,14041086.0,-10359739.0,1687012.0,,1875879819.0,,,530.37,100.0,unknown,QuantData PER_ONE_DOLLAR_MOVE; exact dollar/contract scaling unverified,QuantData
2026-08-17T14:40:00-04:00,2026-11-20,520.0,put,0.0,0.0,,0.0,,,,,3681347.0,14041086.0,-10359739.0,1687012.0,,1875879819.0,,,530.37,100.0,unknown,QuantData PER_ONE_DOLLAR_MOVE; exact dollar/contract scaling unverified,QuantData
2026-08-17T14:40:00-04:00,2026-11-20,530.0,call,13951.0,4916.0,,5004621.0,,,,,3681347.0,14041086.0,-10359739.0,1687012.0,,1875879819.0,,,530.37,100.0,unknown,QuantData PER_ONE_DOLLAR_MOVE; exact dollar/contract scaling unverified,QuantData
2026-08-17T14:40:00-04:00,2026-11-20,530.0,put,0.0,0.0,,0.0,,,,,3681347.0,14041086.0,-10359739.0,1687012.0,,1875879819.0,,,530.37,100.0,unknown,QuantData PER_ONE_DOLLAR_MOVE; exact dollar/contract scaling unverified,QuantData
2026-08-17T14:40:00-04:00,2026-11-20,540.0,call,39502.0,22697.0,,12235552.0,,,,,3681347.0,14041086.0,-10359739.0,1687012.0,,1875879819.0,,,530.37,100.0,unknown,QuantData PER_ONE_DOLLAR_MOVE; exact dollar/contract scaling unverified,QuantData
2026-08-17T14:40:00-04:00,2026-11-20,540.0,put,-11980.0,4866.0,,-2763138.0,,,,,3681347.0,14041086.0,-10359739.0,1687012.0,,1875879819.0,,,530.37,100.0,unknown,QuantData PER_ONE_DOLLAR_MOVE; exact dollar/contract scaling unverified,QuantData
2026-08-17T14:40:00-04:00,2026-11-20,550.0,call,32527.0,23265.0,,9559521.0,,,,,3681347.0,14041086.0,-10359739.0,1687012.0,,1875879819.0,,,530.37,100.0,unknown,QuantData PER_ONE_DOLLAR_MOVE; exact dollar/contract scaling unverified,QuantData
2026-08-17T14:40:00-04:00,2026-11-20,550.0,put,-10043.0,5304.0,,-2404190.0,,,,,3681347.0,14041086.0,-10359739.0,1687012.0,,1875879819.0,,,530.37,100.0,unknown,QuantData PER_ONE_DOLLAR_MOVE; exact dollar/contract scaling unverified,QuantData
2026-08-17T14:40:00-04:00,2026-11-20,560.0,call,11532.0,7486.0,,3695669.0,,,,,3681347.0,14041086.0,-10359739.0,1687012.0,,1875879819.0,,,530.37,100.0,unknown,QuantData PER_ONE_DOLLAR_MOVE; exact dollar/contract scaling unverified,QuantData
2026-08-17T14:40:00-04:00,2026-11-20,560.0,put,-9292.0,6030.0,,-2294400.0,,,,,3681347.0,14041086.0,-10359739.0,1687012.0,,1875879819.0,,,530.37,100.0,unknown,QuantData PER_ONE_DOLLAR_MOVE; exact dollar/contract scaling unverified,QuantData
2026-08-17T14:40:00-04:00,2026-11-20,570.0,call,4579.0,4233.0,,1281221.0,,,,,3681347.0,14041086.0,-10359739.0,1687012.0,,1875879819.0,,,530.37,100.0,unknown,QuantData PER_ONE_DOLLAR_MOVE; exact dollar/contract scaling unverified,QuantData
2026-08-17T14:40:00-04:00,2026-11-20,570.0,put,-1824.0,1392.0,,-462548.0,,,,,3681347.0,14041086.0,-10359739.0,1687012.0,,1875879819.0,,,530.37,100.0,unknown,QuantData PER_ONE_DOLLAR_MOVE; exact dollar/contract scaling unverified,QuantData
2026-08-17T14:40:00-04:00,2026-11-20,580.0,call,14853.0,14773.0,,4150420.0,,,,,3681347.0,14041086.0,-10359739.0,1687012.0,,1875879819.0,,,530.37,100.0,unknown,QuantData PER_ONE_DOLLAR_MOVE; exact dollar/contract scaling unverified,QuantData
2026-08-17T14:40:00-04:00,2026-11-20,580.0,put,0.0,0.0,,0.0,,,,,3681347.0,14041086.0,-10359739.0,1687012.0,,1875879819.0,,,530.37,100.0,unknown,QuantData PER_ONE_DOLLAR_MOVE; exact dollar/contract scaling unverified,QuantData
2026-08-17T14:40:00-04:00,2026-11-20,590.0,call,8961.0,8992.0,,2613807.0,,,,,3681347.0,14041086.0,-10359739.0,1687012.0,,1875879819.0,,,530.37,100.0,unknown,QuantData PER_ONE_DOLLAR_MOVE; exact dollar/contract scaling unverified,QuantData
2026-08-17T14:40:00-04:00,2026-11-20,590.0,put,-4491.0,4484.0,,-1225322.0,,,,,3681347.0,14041086.0,-10359739.0,1687012.0,,1875879819.0,,,530.37,100.0,unknown,QuantData PER_ONE_DOLLAR_MOVE; exact dollar/contract scaling unverified,QuantData
2026-08-17T14:40:00-04:00,2026-11-20,600.0,call,24080.0,29642.0,,6331932.0,,,,,3681347.0,14041086.0,-10359739.0,1687012.0,,1875879819.0,,,530.37,100.0,unknown,QuantData PER_ONE_DOLLAR_MOVE; exact dollar/contract scaling unverified,QuantData
2026-08-17T14:40:00-04:00,2026-11-20,600.0,put,-2185.0,2425.0,,-618267.0,,,,,3681347.0,14041086.0,-10359739.0,1687012.0,,1875879819.0,,,530.37,100.0,unknown,QuantData PER_ONE_DOLLAR_MOVE; exact dollar/contract scaling unverified,QuantData
2026-08-17T14:40:00-04:00,2026-11-20,610.0,call,5164.0,7073.0,,1273064.0,,,,,3681347.0,14041086.0,-10359739.0,1687012.0,,1875879819.0,,,530.37,100.0,unknown,QuantData PER_ONE_DOLLAR_MOVE; exact dollar/contract scaling unverified,QuantData
2026-08-17T14:40:00-04:00,2026-11-20,610.0,put,-3653.0,4508.0,,-1060757.0,,,,,3681347.0,14041086.0,-10359739.0,1687012.0,,1875879819.0,,,530.37,100.0,unknown,QuantData PER_ONE_DOLLAR_MOVE; exact dollar/contract scaling unverified,QuantData
2026-08-17T14:40:00-04:00,2026-11-20,620.0,call,0.0,0.0,,0.0,,,,,3681347.0,14041086.0,-10359739.0,1687012.0,,1875879819.0,,,530.37,100.0,unknown,QuantData PER_ONE_DOLLAR_MOVE; exact dollar/contract scaling unverified,QuantData
2026-08-17T14:40:00-04:00,2026-11-20,620.0,put,-2102.0,2797.0,,-630648.0,,,,,3681347.0,14041086.0,-10359739.0,1687012.0,,1875879819.0,,,530.37,100.0,unknown,QuantData PER_ONE_DOLLAR_MOVE; exact dollar/contract scaling unverified,QuantData
2026-08-17T14:40:00-04:00,2026-11-20,630.0,call,3122.0,5014.0,,722266.0,,,,,3681347.0,14041086.0,-10359739.0,1687012.0,,1875879819.0,,,530.37,100.0,unknown,QuantData PER_ONE_DOLLAR_MOVE; exact dollar/contract scaling unverified,QuantData
2026-08-17T14:40:00-04:00,2026-11-20,630.0,put,-1615.0,2329.0,,-501401.0,,,,,3681347.0,14041086.0,-10359739.0,1687012.0,,1875879819.0,,,530.37,100.0,unknown,QuantData PER_ONE_DOLLAR_MOVE; exact dollar/contract scaling unverified,QuantData
2026-08-17T14:40:00-04:00,2026-11-20,640.0,call,19609.0,33632.0,,4382258.0,,,,,3681347.0,14041086.0,-10359739.0,1687012.0,,1875879819.0,,,530.37,100.0,unknown,QuantData PER_ONE_DOLLAR_MOVE; exact dollar/contract scaling unverified,QuantData
2026-08-17T14:40:00-04:00,2026-11-20,640.0,put,-3488.0,5409.0,,-1120276.0,,,,,3681347.0,14041086.0,-10359739.0,1687012.0,,1875879819.0,,,530.37,100.0,unknown,QuantData PER_ONE_DOLLAR_MOVE; exact dollar/contract scaling unverified,QuantData
2026-08-17T14:40:00-04:00,2026-11-20,650.0,call,43301.0,80316.0,,9147600.0,,,,,3681347.0,14041086.0,-10359739.0,1687012.0,,1875879819.0,,,530.37,100.0,unknown,QuantData PER_ONE_DOLLAR_MOVE; exact dollar/contract scaling unverified,QuantData
2026-08-17T14:40:00-04:00,2026-11-20,650.0,put,-3197.0,5332.0,,-1060124.0,,,,,3681347.0,14041086.0,-10359739.0,1687012.0,,1875879819.0,,,530.37,100.0,unknown,QuantData PER_ONE_DOLLAR_MOVE; exact dollar/contract scaling unverified,QuantData
2026-08-17T14:40:00-04:00,2026-11-20,690.0,call,0.0,0.0,,0.0,,,,,3681347.0,14041086.0,-10359739.0,1687012.0,,1875879819.0,,,530.37,100.0,unknown,QuantData PER_ONE_DOLLAR_MOVE; exact dollar/contract scaling unverified,QuantData
2026-08-17T14:40:00-04:00,2026-11-20,690.0,put,-3226.0,6587.0,,-1220696.0,,,,,3681347.0,14041086.0,-10359739.0,1687012.0,,1875879819.0,,,530.37,100.0,unknown,QuantData PER_ONE_DOLLAR_MOVE; exact dollar/contract scaling unverified,QuantData
2026-08-17T14:40:00-04:00,2026-11-20,700.0,call,74566.0,173462.0,,14296912.0,,,,,3681347.0,14041086.0,-10359739.0,1687012.0,,1875879819.0,,,530.37,100.0,unknown,QuantData PER_ONE_DOLLAR_MOVE; exact dollar/contract scaling unverified,QuantData
2026-08-17T14:40:00-04:00,2026-11-20,700.0,put,0.0,0.0,,0.0,,,,,3681347.0,14041086.0,-10359739.0,1687012.0,,1875879819.0,,,530.37,100.0,unknown,QuantData PER_ONE_DOLLAR_MOVE; exact dollar/contract scaling unverified,QuantData
2026-08-17T14:40:00-04:00,2026-11-20,710.0,call,3445.0,8118.0,,665453.0,,,,,3681347.0,14041086.0,-10359739.0,1687012.0,,1875879819.0,,,530.37,100.0,unknown,QuantData PER_ONE_DOLLAR_MOVE; exact dollar/contract scaling unverified,QuantData
2026-08-17T14:40:00-04:00,2026-11-20,710.0,put,0.0,0.0,,0.0,,,,,3681347.0,14041086.0,-10359739.0,1687012.0,,1875879819.0,,,530.37,100.0,unknown,QuantData PER_ONE_DOLLAR_MOVE; exact dollar/contract scaling unverified,QuantData
2026-08-17T14:40:00-04:00,2026-11-20,720.0,call,13654.0,34177.0,,2533125.0,,,,,3681347.0,14041086.0,-10359739.0,1687012.0,,1875879819.0,,,530.37,100.0,unknown,QuantData PER_ONE_DOLLAR_MOVE; exact dollar/contract scaling unverified,QuantData
2026-08-17T14:40:00-04:00,2026-11-20,720.0,put,0.0,0.0,,0.0,,,,,3681347.0,14041086.0,-10359739.0,1687012.0,,1875879819.0,,,530.37,100.0,unknown,QuantData PER_ONE_DOLLAR_MOVE; exact dollar/contract scaling unverified,QuantData
2026-08-17T14:40:00-04:00,2026-11-20,730.0,call,2033.0,5244.0,,374903.0,,,,,3681347.0,14041086.0,-10359739.0,1687012.0,,1875879819.0,,,530.37,100.0,unknown,QuantData PER_ONE_DOLLAR_MOVE; exact dollar/contract scaling unverified,QuantData
2026-08-17T14:40:00-04:00,2026-11-20,730.0,put,0.0,0.0,,0.0,,,,,3681347.0,14041086.0,-10359739.0,1687012.0,,1875879819.0,,,530.37,100.0,unknown,QuantData PER_ONE_DOLLAR_MOVE; exact dollar/contract scaling unverified,QuantData
2026-08-17T14:40:00-04:00,2026-11-20,740.0,call,5974.0,15377.0,,1163184.0,,,,,3681347.0,14041086.0,-10359739.0,1687012.0,,1875879819.0,,,530.37,100.0,unknown,QuantData PER_ONE_DOLLAR_MOVE; exact dollar/contract scaling unverified,QuantData
2026-08-17T14:40:00-04:00,2026-11-20,740.0,put,0.0,0.0,,0.0,,,,,3681347.0,14041086.0,-10359739.0,1687012.0,,1875879819.0,,,530.37,100.0,unknown,QuantData PER_ONE_DOLLAR_MOVE; exact dollar/contract scaling unverified,QuantData
2026-08-17T14:40:00-04:00,2026-11-20,750.0,call,8506.0,22388.0,,1643561.0,,,,,3681347.0,14041086.0,-10359739.0,1687012.0,,1875879819.0,,,530.37,100.0,unknown,QuantData PER_ONE_DOLLAR_MOVE; exact dollar/contract scaling unverified,QuantData
2026-08-17T14:40:00-04:00,2026-11-20,750.0,put,0.0,0.0,,0.0,,,,,3681347.0,14041086.0,-10359739.0,1687012.0,,1875879819.0,,,530.37,100.0,unknown,QuantData PER_ONE_DOLLAR_MOVE; exact dollar/contract scaling unverified,QuantData
2026-08-17T14:40:00-04:00,2026-11-20,790.0,call,4680.0,13973.0,,836888.0,,,,,3681347.0,14041086.0,-10359739.0,1687012.0,,1875879819.0,,,530.37,100.0,unknown,QuantData PER_ONE_DOLLAR_MOVE; exact dollar/contract scaling unverified,QuantData
2026-08-17T14:40:00-04:00,2026-11-20,790.0,put,0.0,0.0,,0.0,,,,,3681347.0,14041086.0,-10359739.0,1687012.0,,1875879819.0,,,530.37,100.0,unknown,QuantData PER_ONE_DOLLAR_MOVE; exact dollar/contract scaling unverified,QuantData
2026-08-17T14:40:00-04:00,2026-11-20,800.0,call,4724.0,15275.0,,735736.0,,,,,3681347.0,14041086.0,-10359739.0,1687012.0,,1875879819.0,,,530.37,100.0,unknown,QuantData PER_ONE_DOLLAR_MOVE; exact dollar/contract scaling unverified,QuantData
2026-08-17T14:40:00-04:00,2026-11-20,800.0,put,0.0,0.0,,0.0,,,,,3681347.0,14041086.0,-10359739.0,1687012.0,,1875879819.0,,,530.37,100.0,unknown,QuantData PER_ONE_DOLLAR_MOVE; exact dollar/contract scaling unverified,QuantData
2026-08-17T14:40:00-04:00,2026-11-20,810.0,call,3126.0,10152.0,,505552.0,,,,,3681347.0,14041086.0,-10359739.0,1687012.0,,1875879819.0,,,530.37,100.0,unknown,QuantData PER_ONE_DOLLAR_MOVE; exact dollar/contract scaling unverified,QuantData
2026-08-17T14:40:00-04:00,2026-11-20,810.0,put,0.0,0.0,,0.0,,,,,3681347.0,14041086.0,-10359739.0,1687012.0,,1875879819.0,,,530.37,100.0,unknown,QuantData PER_ONE_DOLLAR_MOVE; exact dollar/contract scaling unverified,QuantData
2026-08-17T14:40:00-04:00,2026-11-20,820.0,call,6477.0,21597.0,,1023956.0,,,,,3681347.0,14041086.0,-10359739.0,1687012.0,,1875879819.0,,,530.37,100.0,unknown,QuantData PER_ONE_DOLLAR_MOVE; exact dollar/contract scaling unverified,QuantData
2026-08-17T14:40:00-04:00,2026-11-20,820.0,put,0.0,0.0,,0.0,,,,,3681347.0,14041086.0,-10359739.0,1687012.0,,1875879819.0,,,530.37,100.0,unknown,QuantData PER_ONE_DOLLAR_MOVE; exact dollar/contract scaling unverified,QuantData
2026-08-17T14:40:00-04:00,2026-11-20,840.0,call,4459.0,15080.0,,743208.0,,,,,3681347.0,14041086.0,-10359739.0,1687012.0,,1875879819.0,,,530.37,100.0,unknown,QuantData PER_ONE_DOLLAR_MOVE; exact dollar/contract scaling unverified,QuantData
2026-08-17T14:40:00-04:00,2026-11-20,840.0,put,0.0,0.0,,0.0,,,,,3681347.0,14041086.0,-10359739.0,1687012.0,,1875879819.0,,,530.37,100.0,unknown,QuantData PER_ONE_DOLLAR_MOVE; exact dollar/contract scaling unverified,QuantData
2026-08-17T14:40:00-04:00,2026-11-20,850.0,call,5928.0,20729.0,,946570.0,,,,,3681347.0,14041086.0,-10359739.0,1687012.0,,1875879819.0,,,530.37,100.0,unknown,QuantData PER_ONE_DOLLAR_MOVE; exact dollar/contract scaling unverified,QuantData
2026-08-17T14:40:00-04:00,2026-11-20,850.0,put,0.0,0.0,,0.0,,,,,3681347.0,14041086.0,-10359739.0,1687012.0,,1875879819.0,,,530.37,100.0,unknown,QuantData PER_ONE_DOLLAR_MOVE; exact dollar/contract scaling unverified,QuantData
2026-08-17T14:40:00-04:00,2026-11-20,860.0,call,2711.0,9663.0,,428543.0,,,,,3681347.0,14041086.0,-10359739.0,1687012.0,,1875879819.0,,,530.37,100.0,unknown,QuantData PER_ONE_DOLLAR_MOVE; exact dollar/contract scaling unverified,QuantData
2026-08-17T14:40:00-04:00,2026-11-20,860.0,put,0.0,0.0,,0.0,,,,,3681347.0,14041086.0,-10359739.0,1687012.0,,1875879819.0,,,530.37,100.0,unknown,QuantData PER_ONE_DOLLAR_MOVE; exact dollar/contract scaling unverified,QuantData
2026-08-17T14:40:00-04:00,2026-11-20,880.0,call,5069.0,18864.0,,774432.0,,,,,3681347.0,14041086.0,-10359739.0,1687012.0,,1875879819.0,,,530.37,100.0,unknown,QuantData PER_ONE_DOLLAR_MOVE; exact dollar/contract scaling unverified,QuantData
2026-08-17T14:40:00-04:00,2026-11-20,880.0,put,0.0,0.0,,0.0,,,,,3681347.0,14041086.0,-10359739.0,1687012.0,,1875879819.0,,,530.37,100.0,unknown,QuantData PER_ONE_DOLLAR_MOVE; exact dollar/contract scaling unverified,QuantData
2026-08-17T14:40:00-04:00,2026-11-20,900.0,call,2339.0,9147.0,,336646.0,,,,,3681347.0,14041086.0,-10359739.0,1687012.0,,1875879819.0,,,530.37,100.0,unknown,QuantData PER_ONE_DOLLAR_MOVE; exact dollar/contract scaling unverified,QuantData
2026-08-17T14:40:00-04:00,2026-11-20,900.0,put,0.0,0.0,,0.0,,,,,3681347.0,14041086.0,-10359739.0,1687012.0,,1875879819.0,,,530.37,100.0,unknown,QuantData PER_ONE_DOLLAR_MOVE; exact dollar/contract scaling unverified,QuantData
2026-08-17T14:40:00-04:00,2026-11-20,950.0,call,698.0,2905.0,,99307.0,,,,,3681347.0,14041086.0,-10359739.0,1687012.0,,1875879819.0,,,530.37,100.0,unknown,QuantData PER_ONE_DOLLAR_MOVE; exact dollar/contract scaling unverified,QuantData
2026-08-17T14:40:00-04:00,2026-11-20,950.0,put,0.0,0.0,,0.0,,,,,3681347.0,14041086.0,-10359739.0,1687012.0,,1875879819.0,,,530.37,100.0,unknown,QuantData PER_ONE_DOLLAR_MOVE; exact dollar/contract scaling unverified,QuantData
2026-08-17T14:40:00-04:00,2026-11-20,1000.0,call,1550.0,7045.0,,201670.0,,,,,3681347.0,14041086.0,-10359739.0,1687012.0,,1875879819.0,,,530.37,100.0,unknown,QuantData PER_ONE_DOLLAR_MOVE; exact dollar/contract scaling unverified,QuantData
2026-08-17T14:40:00-04:00,2026-11-20,1000.0,put,0.0,0.0,,0.0,,,,,3681347.0,14041086.0,-10359739.0,1687012.0,,1875879819.0,,,530.37,100.0,unknown,QuantData PER_ONE_DOLLAR_MOVE; exact dollar/contract scaling unverified,QuantData
2026-08-17T14:40:00-04:00,2026-11-20,1080.0,call,2600.0,12868.0,,324373.0,,,,,3681347.0,14041086.0,-10359739.0,1687012.0,,1875879819.0,,,530.37,100.0,unknown,QuantData PER_ONE_DOLLAR_MOVE; exact dollar/contract scaling unverified,QuantData
2026-08-17T14:40:00-04:00,2026-11-20,1080.0,put,0.0,0.0,,0.0,,,,,3681347.0,14041086.0,-10359739.0,1687012.0,,1875879819.0,,,530.37,100.0,unknown,QuantData PER_ONE_DOLLAR_MOVE; exact dollar/contract scaling unverified,QuantData
2026-08-17T14:40:00-04:00,2026-11-20,1100.0,call,3312.0,17265.0,,393208.0,,,,,3681347.0,14041086.0,-10359739.0,1687012.0,,1875879819.0,,,530.37,100.0,unknown,QuantData PER_ONE_DOLLAR_MOVE; exact dollar/contract scaling unverified,QuantData
2026-08-17T14:40:00-04:00,2026-11-20,1100.0,put,0.0,0.0,,0.0,,,,,3681347.0,14041086.0,-10359739.0,1687012.0,,1875879819.0,,,530.37,100.0,unknown,QuantData PER_ONE_DOLLAR_MOVE; exact dollar/contract scaling unverified,QuantData
2026-08-17T14:40:00-04:00,2026-11-20,1120.0,call,1684.0,8714.0,,211588.0,,,,,3681347.0,14041086.0,-10359739.0,1687012.0,,1875879819.0,,,530.37,100.0,unknown,QuantData PER_ONE_DOLLAR_MOVE; exact dollar/contract scaling unverified,QuantData
2026-08-17T14:40:00-04:00,2026-11-20,1120.0,put,0.0,0.0,,0.0,,,,,3681347.0,14041086.0,-10359739.0,1687012.0,,1875879819.0,,,530.37,100.0,unknown,QuantData PER_ONE_DOLLAR_MOVE; exact dollar/contract scaling unverified,QuantData
2026-08-17T14:40:00-04:00,2026-11-20,1140.0,call,2517.0,13724.0,,276452.0,,,,,3681347.0,14041086.0,-10359739.0,1687012.0,,1875879819.0,,,530.37,100.0,unknown,QuantData PER_ONE_DOLLAR_MOVE; exact dollar/contract scaling unverified,QuantData
2026-08-17T14:40:00-04:00,2026-11-20,1140.0,put,0.0,0.0,,0.0,,,,,3681347.0,14041086.0,-10359739.0,1687012.0,,1875879819.0,,,530.37,100.0,unknown,QuantData PER_ONE_DOLLAR_MOVE; exact dollar/contract scaling unverified,QuantData
2026-08-17T14:40:00-04:00,2026-11-20,1160.0,call,5618.0,30707.0,,632481.0,,,,,3681347.0,14041086.0,-10359739.0,1687012.0,,1875879819.0,,,530.37,100.0,unknown,QuantData PER_ONE_DOLLAR_MOVE; exact dollar/contract scaling unverified,QuantData
2026-08-17T14:40:00-04:00,2026-11-20,1160.0,put,0.0,0.0,,0.0,,,,,3681347.0,14041086.0,-10359739.0,1687012.0,,1875879819.0,,,530.37,100.0,unknown,QuantData PER_ONE_DOLLAR_MOVE; exact dollar/contract scaling unverified,QuantData
2026-08-17T14:40:00-04:00,2026-12-18,35.0,call,0.0,0.0,,0.0,,,,,3681347.0,14041086.0,-10359739.0,1687012.0,,1875879819.0,,,530.37,100.0,unknown,QuantData PER_ONE_DOLLAR_MOVE; exact dollar/contract scaling unverified,QuantData
2026-08-17T14:40:00-04:00,2026-12-18,35.0,put,-10.0,-92.0,,-1085.0,,,,,3681347.0,14041086.0,-10359739.0,1687012.0,,1875879819.0,,,530.37,100.0,unknown,QuantData PER_ONE_DOLLAR_MOVE; exact dollar/contract scaling unverified,QuantData
2026-08-17T14:40:00-04:00,2026-12-18,160.0,call,0.0,0.0,,0.0,,,,,3681347.0,14041086.0,-10359739.0,1687012.0,,1875879819.0,,,530.37,100.0,unknown,QuantData PER_ONE_DOLLAR_MOVE; exact dollar/contract scaling unverified,QuantData
2026-08-17T14:40:00-04:00,2026-12-18,160.0,put,-136.0,-835.0,,-13424.0,,,,,3681347.0,14041086.0,-10359739.0,1687012.0,,1875879819.0,,,530.37,100.0,unknown,QuantData PER_ONE_DOLLAR_MOVE; exact dollar/contract scaling unverified,QuantData
2026-08-17T14:40:00-04:00,2026-12-18,240.0,call,0.0,0.0,,0.0,,,,,3681347.0,14041086.0,-10359739.0,1687012.0,,1875879819.0,,,530.37,100.0,unknown,QuantData PER_ONE_DOLLAR_MOVE; exact dollar/contract scaling unverified,QuantData
2026-08-17T14:40:00-04:00,2026-12-18,240.0,put,-3665.0,-16665.0,,-431109.0,,,,,3681347.0,14041086.0,-10359739.0,1687012.0,,1875879819.0,,,530.37,100.0,unknown,QuantData PER_ONE_DOLLAR_MOVE; exact dollar/contract scaling unverified,QuantData
2026-08-17T14:40:00-04:00,2026-12-18,250.0,call,0.0,0.0,,0.0,,,,,3681347.0,14041086.0,-10359739.0,1687012.0,,1875879819.0,,,530.37,100.0,unknown,QuantData PER_ONE_DOLLAR_MOVE; exact dollar/contract scaling unverified,QuantData
2026-08-17T14:40:00-04:00,2026-12-18,250.0,put,-4311.0,-17983.0,,-515829.0,,,,,3681347.0,14041086.0,-10359739.0,1687012.0,,1875879819.0,,,530.37,100.0,unknown,QuantData PER_ONE_DOLLAR_MOVE; exact dollar/contract scaling unverified,QuantData
2026-08-17T14:40:00-04:00,2026-12-18,260.0,call,0.0,0.0,,0.0,,,,,3681347.0,14041086.0,-10359739.0,1687012.0,,1875879819.0,,,530.37,100.0,unknown,QuantData PER_ONE_DOLLAR_MOVE; exact dollar/contract scaling unverified,QuantData
2026-08-17T14:40:00-04:00,2026-12-18,260.0,put,-3517.0,-15294.0,,-408243.0,,,,,3681347.0,14041086.0,-10359739.0,1687012.0,,1875879819.0,,,530.37,100.0,unknown,QuantData PER_ONE_DOLLAR_MOVE; exact dollar/contract scaling unverified,QuantData
2026-08-17T14:40:00-04:00,2026-12-18,270.0,call,0.0,0.0,,0.0,,,,,3681347.0,14041086.0,-10359739.0,1687012.0,,1875879819.0,,,530.37,100.0,unknown,QuantData PER_ONE_DOLLAR_MOVE; exact dollar/contract scaling unverified,QuantData
2026-08-17T14:40:00-04:00,2026-12-18,270.0,put,-2359.0,-9069.0,,-299689.0,,,,,3681347.0,14041086.0,-10359739.0,1687012.0,,1875879819.0,,,530.37,100.0,unknown,QuantData PER_ONE_DOLLAR_MOVE; exact dollar/contract scaling unverified,QuantData
2026-08-17T14:40:00-04:00,2026-12-18,280.0,call,0.0,0.0,,0.0,,,,,3681347.0,14041086.0,-10359739.0,1687012.0,,1875879819.0,,,530.37,100.0,unknown,QuantData PER_ONE_DOLLAR_MOVE; exact dollar/contract scaling unverified,QuantData
2026-08-17T14:40:00-04:00,2026-12-18,280.0,put,-3951.0,-15173.0,,-490129.0,,,,,3681347.0,14041086.0,-10359739.0,1687012.0,,1875879819.0,,,530.37,100.0,unknown,QuantData PER_ONE_DOLLAR_MOVE; exact dollar/contract scaling unverified,QuantData
2026-08-17T14:40:00-04:00,2026-12-18,300.0,call,0.0,0.0,,0.0,,,,,3681347.0,14041086.0,-10359739.0,1687012.0,,1875879819.0,,,530.37,100.0,unknown,QuantData PER_ONE_DOLLAR_MOVE; exact dollar/contract scaling unverified,QuantData
2026-08-17T14:40:00-04:00,2026-12-18,300.0,put,-22045.0,-67785.0,,-2878291.0,,,,,3681347.0,14041086.0,-10359739.0,1687012.0,,1875879819.0,,,530.37,100.0,unknown,QuantData PER_ONE_DOLLAR_MOVE; exact dollar/contract scaling unverified,QuantData
2026-08-17T14:40:00-04:00,2026-12-18,320.0,call,0.0,0.0,,0.0,,,,,3681347.0,14041086.0,-10359739.0,1687012.0,,1875879819.0,,,530.37,100.0,unknown,QuantData PER_ONE_DOLLAR_MOVE; exact dollar/contract scaling unverified,QuantData
2026-08-17T14:40:00-04:00,2026-12-18,320.0,put,-19704.0,-52969.0,,-2706950.0,,,,,3681347.0,14041086.0,-10359739.0,1687012.0,,1875879819.0,,,530.37,100.0,unknown,QuantData PER_ONE_DOLLAR_MOVE; exact dollar/contract scaling unverified,QuantData
2026-08-17T14:40:00-04:00,2026-12-18,330.0,call,0.0,0.0,,0.0,,,,,3681347.0,14041086.0,-10359739.0,1687012.0,,1875879819.0,,,530.37,100.0,unknown,QuantData PER_ONE_DOLLAR_MOVE; exact dollar/contract scaling unverified,QuantData
2026-08-17T14:40:00-04:00,2026-12-18,330.0,put,-4334.0,-11251.0,,-638917.0,,,,,3681347.0,14041086.0,-10359739.0,1687012.0,,1875879819.0,,,530.37,100.0,unknown,QuantData PER_ONE_DOLLAR_MOVE; exact dollar/contract scaling unverified,QuantData
2026-08-17T14:40:00-04:00,2026-12-18,340.0,call,0.0,0.0,,0.0,,,,,3681347.0,14041086.0,-10359739.0,1687012.0,,1875879819.0,,,530.37,100.0,unknown,QuantData PER_ONE_DOLLAR_MOVE; exact dollar/contract scaling unverified,QuantData
2026-08-17T14:40:00-04:00,2026-12-18,340.0,put,-5314.0,-12441.0,,-799810.0,,,,,3681347.0,14041086.0,-10359739.0,1687012.0,,1875879819.0,,,530.37,100.0,unknown,QuantData PER_ONE_DOLLAR_MOVE; exact dollar/contract scaling unverified,QuantData
2026-08-17T14:40:00-04:00,2026-12-18,350.0,call,0.0,0.0,,0.0,,,,,3681347.0,14041086.0,-10359739.0,1687012.0,,1875879819.0,,,530.37,100.0,unknown,QuantData PER_ONE_DOLLAR_MOVE; exact dollar/contract scaling unverified,QuantData
2026-08-17T14:40:00-04:00,2026-12-18,350.0,put,-19393.0,-40116.0,,-2914869.0,,,,,3681347.0,14041086.0,-10359739.0,1687012.0,,1875879819.0,,,530.37,100.0,unknown,QuantData PER_ONE_DOLLAR_MOVE; exact dollar/contract scaling unverified,QuantData
2026-08-17T14:40:00-04:00,2026-12-18,360.0,call,0.0,0.0,,0.0,,,,,3681347.0,14041086.0,-10359739.0,1687012.0,,1875879819.0,,,530.37,100.0,unknown,QuantData PER_ONE_DOLLAR_MOVE; exact dollar/contract scaling unverified,QuantData
2026-08-17T14:40:00-04:00,2026-12-18,360.0,put,-12692.0,-27942.0,,-1972545.0,,,,,3681347.0,14041086.0,-10359739.0,1687012.0,,1875879819.0,,,530.37,100.0,unknown,QuantData PER_ONE_DOLLAR_MOVE; exact dollar/contract scaling unverified,QuantData
2026-08-17T14:40:00-04:00,2026-12-18,370.0,call,0.0,0.0,,0.0,,,,,3681347.0,14041086.0,-10359739.0,1687012.0,,1875879819.0,,,530.37,100.0,unknown,QuantData PER_ONE_DOLLAR_MOVE; exact dollar/contract scaling unverified,QuantData
2026-08-17T14:40:00-04:00,2026-12-18,370.0,put,-7293.0,-12857.0,,-1139416.0,,,,,3681347.0,14041086.0,-10359739.0,1687012.0,,1875879819.0,,,530.37,100.0,unknown,QuantData PER_ONE_DOLLAR_MOVE; exact dollar/contract scaling unverified,QuantData
2026-08-17T14:40:00-04:00,2026-12-18,380.0,call,0.0,0.0,,0.0,,,,,3681347.0,14041086.0,-10359739.0,1687012.0,,1875879819.0,,,530.37,100.0,unknown,QuantData PER_ONE_DOLLAR_MOVE; exact dollar/contract scaling unverified,QuantData
2026-08-17T14:40:00-04:00,2026-12-18,380.0,put,-14993.0,-25324.0,,-2469917.0,,,,,3681347.0,14041086.0,-10359739.0,1687012.0,,1875879819.0,,,530.37,100.0,unknown,QuantData PER_ONE_DOLLAR_MOVE; exact dollar/contract scaling unverified,QuantData
2026-08-17T14:40:00-04:00,2026-12-18,400.0,call,23389.0,-37671.0,,17204415.0,,,,,3681347.0,14041086.0,-10359739.0,1687012.0,,1875879819.0,,,530.37,100.0,unknown,QuantData PER_ONE_DOLLAR_MOVE; exact dollar/contract scaling unverified,QuantData
2026-08-17T14:40:00-04:00,2026-12-18,400.0,put,-33847.0,-44278.0,,-5747727.0,,,,,3681347.0,14041086.0,-10359739.0,1687012.0,,1875879819.0,,,530.37,100.0,unknown,QuantData PER_ONE_DOLLAR_MOVE; exact dollar/contract scaling unverified,QuantData
2026-08-17T14:40:00-04:00,2026-12-18,410.0,call,0.0,0.0,,0.0,,,,,3681347.0,14041086.0,-10359739.0,1687012.0,,1875879819.0,,,530.37,100.0,unknown,QuantData PER_ONE_DOLLAR_MOVE; exact dollar/contract scaling unverified,QuantData
2026-08-17T14:40:00-04:00,2026-12-18,410.0,put,-3604.0,-4804.0,,-636866.0,,,,,3681347.0,14041086.0,-10359739.0,1687012.0,,1875879819.0,,,530.37,100.0,unknown,QuantData PER_ONE_DOLLAR_MOVE; exact dollar/contract scaling unverified,QuantData
2026-08-17T14:40:00-04:00,2026-12-18,420.0,call,57579.0,-53418.0,,37124928.0,,,,,3681347.0,14041086.0,-10359739.0,1687012.0,,1875879819.0,,,530.37,100.0,unknown,QuantData PER_ONE_DOLLAR_MOVE; exact dollar/contract scaling unverified,QuantData
2026-08-17T14:40:00-04:00,2026-12-18,420.0,put,-7343.0,-8288.0,,-1329484.0,,,,,3681347.0,14041086.0,-10359739.0,1687012.0,,1875879819.0,,,530.37,100.0,unknown,QuantData PER_ONE_DOLLAR_MOVE; exact dollar/contract scaling unverified,QuantData
2026-08-17T14:40:00-04:00,2026-12-18,430.0,call,15269.0,-16126.0,,9964719.0,,,,,3681347.0,14041086.0,-10359739.0,1687012.0,,1875879819.0,,,530.37,100.0,unknown,QuantData PER_ONE_DOLLAR_MOVE; exact dollar/contract scaling unverified,QuantData
2026-08-17T14:40:00-04:00,2026-12-18,430.0,put,-5808.0,-4620.0,,-1086996.0,,,,,3681347.0,14041086.0,-10359739.0,1687012.0,,1875879819.0,,,530.37,100.0,unknown,QuantData PER_ONE_DOLLAR_MOVE; exact dollar/contract scaling unverified,QuantData
2026-08-17T14:40:00-04:00,2026-12-18,440.0,call,6989.0,-4873.0,,4046469.0,,,,,3681347.0,14041086.0,-10359739.0,1687012.0,,1875879819.0,,,530.37,100.0,unknown,QuantData PER_ONE_DOLLAR_MOVE; exact dollar/contract scaling unverified,QuantData
2026-08-17T14:40:00-04:00,2026-12-18,440.0,put,-9549.0,-6594.0,,-1788187.0,,,,,3681347.0,14041086.0,-10359739.0,1687012.0,,1875879819.0,,,530.37,100.0,unknown,QuantData PER_ONE_DOLLAR_MOVE; exact dollar/contract scaling unverified,QuantData
2026-08-17T14:40:00-04:00,2026-12-18,450.0,call,47796.0,-23235.0,,26296275.0,,,,,3681347.0,14041086.0,-10359739.0,1687012.0,,1875879819.0,,,530.37,100.0,unknown,QuantData PER_ONE_DOLLAR_MOVE; exact dollar/contract scaling unverified,QuantData
2026-08-17T14:40:00-04:00,2026-12-18,450.0,put,-4922.0,-2231.0,,-1006986.0,,,,,3681347.0,14041086.0,-10359739.0,1687012.0,,1875879819.0,,,530.37,100.0,unknown,QuantData PER_ONE_DOLLAR_MOVE; exact dollar/contract scaling unverified,QuantData
2026-08-17T14:40:00-04:00,2026-12-18,460.0,call,8636.0,-3740.0,,4623998.0,,,,,3681347.0,14041086.0,-10359739.0,1687012.0,,1875879819.0,,,530.37,100.0,unknown,QuantData PER_ONE_DOLLAR_MOVE; exact dollar/contract scaling unverified,QuantData
2026-08-17T14:40:00-04:00,2026-12-18,460.0,put,-16150.0,-5851.0,,-3278725.0,,,,,3681347.0,14041086.0,-10359739.0,1687012.0,,1875879819.0,,,530.37,100.0,unknown,QuantData PER_ONE_DOLLAR_MOVE; exact dollar/contract scaling unverified,QuantData
2026-08-17T14:40:00-04:00,2026-12-18,470.0,call,10571.0,-3061.0,,5350959.0,,,,,3681347.0,14041086.0,-10359739.0,1687012.0,,1875879819.0,,,530.37,100.0,unknown,QuantData PER_ONE_DOLLAR_MOVE; exact dollar/contract scaling unverified,QuantData
2026-08-17T14:40:00-04:00,2026-12-18,470.0,put,-7102.0,-1418.0,,-1491400.0,,,,,3681347.0,14041086.0,-10359739.0,1687012.0,,1875879819.0,,,530.37,100.0,unknown,QuantData PER_ONE_DOLLAR_MOVE; exact dollar/contract scaling unverified,QuantData
2026-08-17T14:40:00-04:00,2026-12-18,480.0,call,0.0,0.0,,0.0,,,,,3681347.0,14041086.0,-10359739.0,1687012.0,,1875879819.0,,,530.37,100.0,unknown,QuantData PER_ONE_DOLLAR_MOVE; exact dollar/contract scaling unverified,QuantData
2026-08-17T14:40:00-04:00,2026-12-18,480.0,put,-6219.0,-300.0,,-1329393.0,,,,,3681347.0,14041086.0,-10359739.0,1687012.0,,1875879819.0,,,530.37,100.0,unknown,QuantData PER_ONE_DOLLAR_MOVE; exact dollar/contract scaling unverified,QuantData
2026-08-17T14:40:00-04:00,2026-12-18,490.0,call,28461.0,1138.0,,12803197.0,,,,,3681347.0,14041086.0,-10359739.0,1687012.0,,1875879819.0,,,530.37,100.0,unknown,QuantData PER_ONE_DOLLAR_MOVE; exact dollar/contract scaling unverified,QuantData
2026-08-17T14:40:00-04:00,2026-12-18,490.0,put,-7481.0,198.0,,-1653269.0,,,,,3681347.0,14041086.0,-10359739.0,1687012.0,,1875879819.0,,,530.37,100.0,unknown,QuantData PER_ONE_DOLLAR_MOVE; exact dollar/contract scaling unverified,QuantData
2026-08-17T14:40:00-04:00,2026-12-18,500.0,call,35794.0,3977.0,,15656408.0,,,,,3681347.0,14041086.0,-10359739.0,1687012.0,,1875879819.0,,,530.37,100.0,unknown,QuantData PER_ONE_DOLLAR_MOVE; exact dollar/contract scaling unverified,QuantData
2026-08-17T14:40:00-04:00,2026-12-18,500.0,put,-21200.0,4789.0,,-4819755.0,,,,,3681347.0,14041086.0,-10359739.0,1687012.0,,1875879819.0,,,530.37,100.0,unknown,QuantData PER_ONE_DOLLAR_MOVE; exact dollar/contract scaling unverified,QuantData
2026-08-17T14:40:00-04:00,2026-12-18,510.0,call,9948.0,1436.0,,4459891.0,,,,,3681347.0,14041086.0,-10359739.0,1687012.0,,1875879819.0,,,530.37,100.0,unknown,QuantData PER_ONE_DOLLAR_MOVE; exact dollar/contract scaling unverified,QuantData
2026-08-17T14:40:00-04:00,2026-12-18,510.0,put,0.0,0.0,,0.0,,,,,3681347.0,14041086.0,-10359739.0,1687012.0,,1875879819.0,,,530.37,100.0,unknown,QuantData PER_ONE_DOLLAR_MOVE; exact dollar/contract scaling unverified,QuantData
2026-08-17T14:40:00-04:00,2026-12-18,520.0,call,0.0,0.0,,0.0,,,,,3681347.0,14041086.0,-10359739.0,1687012.0,,1875879819.0,,,530.37,100.0,unknown,QuantData PER_ONE_DOLLAR_MOVE; exact dollar/contract scaling unverified,QuantData
2026-08-17T14:40:00-04:00,2026-12-18,520.0,put,-6793.0,3269.0,,-1622540.0,,,,,3681347.0,14041086.0,-10359739.0,1687012.0,,1875879819.0,,,530.37,100.0,unknown,QuantData PER_ONE_DOLLAR_MOVE; exact dollar/contract scaling unverified,QuantData
2026-08-17T14:40:00-04:00,2026-12-18,530.0,call,4244.0,2427.0,,1608205.0,,,,,3681347.0,14041086.0,-10359739.0,1687012.0,,1875879819.0,,,530.37,100.0,unknown,QuantData PER_ONE_DOLLAR_MOVE; exact dollar/contract scaling unverified,QuantData
2026-08-17T14:40:00-04:00,2026-12-18,530.0,put,0.0,0.0,,0.0,,,,,3681347.0,14041086.0,-10359739.0,1687012.0,,1875879819.0,,,530.37,100.0,unknown,QuantData PER_ONE_DOLLAR_MOVE; exact dollar/contract scaling unverified,QuantData
2026-08-17T14:40:00-04:00,2026-12-18,540.0,call,7637.0,4809.0,,2856169.0,,,,,3681347.0,14041086.0,-10359739.0,1687012.0,,1875879819.0,,,530.37,100.0,unknown,QuantData PER_ONE_DOLLAR_MOVE; exact dollar/contract scaling unverified,QuantData
2026-08-17T14:40:00-04:00,2026-12-18,540.0,put,-8384.0,5292.0,,-2140979.0,,,,,3681347.0,14041086.0,-10359739.0,1687012.0,,1875879819.0,,,530.37,100.0,unknown,QuantData PER_ONE_DOLLAR_MOVE; exact dollar/contract scaling unverified,QuantData
2026-08-17T14:40:00-04:00,2026-12-18,550.0,call,9231.0,7487.0,,3194371.0,,,,,3681347.0,14041086.0,-10359739.0,1687012.0,,1875879819.0,,,530.37,100.0,unknown,QuantData PER_ONE_DOLLAR_MOVE; exact dollar/contract scaling unverified,QuantData
2026-08-17T14:40:00-04:00,2026-12-18,550.0,put,-9865.0,6662.0,,-2629553.0,,,,,3681347.0,14041086.0,-10359739.0,1687012.0,,1875879819.0,,,530.37,100.0,unknown,QuantData PER_ONE_DOLLAR_MOVE; exact dollar/contract scaling unverified,QuantData
2026-08-17T14:40:00-04:00,2026-12-18,560.0,call,28181.0,27539.0,,9283292.0,,,,,3681347.0,14041086.0,-10359739.0,1687012.0,,1875879819.0,,,530.37,100.0,unknown,QuantData PER_ONE_DOLLAR_MOVE; exact dollar/contract scaling unverified,QuantData
2026-08-17T14:40:00-04:00,2026-12-18,560.0,put,0.0,0.0,,0.0,,,,,3681347.0,14041086.0,-10359739.0,1687012.0,,1875879819.0,,,530.37,100.0,unknown,QuantData PER_ONE_DOLLAR_MOVE; exact dollar/contract scaling unverified,QuantData
2026-08-17T14:40:00-04:00,2026-12-18,570.0,call,12405.0,12311.0,,4309588.0,,,,,3681347.0,14041086.0,-10359739.0,1687012.0,,1875879819.0,,,530.37,100.0,unknown,QuantData PER_ONE_DOLLAR_MOVE; exact dollar/contract scaling unverified,QuantData
2026-08-17T14:40:00-04:00,2026-12-18,570.0,put,0.0,0.0,,0.0,,,,,3681347.0,14041086.0,-10359739.0,1687012.0,,1875879819.0,,,530.37,100.0,unknown,QuantData PER_ONE_DOLLAR_MOVE; exact dollar/contract scaling unverified,QuantData
2026-08-17T14:40:00-04:00,2026-12-18,580.0,call,12924.0,14697.0,,4287069.0,,,,,3681347.0,14041086.0,-10359739.0,1687012.0,,1875879819.0,,,530.37,100.0,unknown,QuantData PER_ONE_DOLLAR_MOVE; exact dollar/contract scaling unverified,QuantData
2026-08-17T14:40:00-04:00,2026-12-18,580.0,put,-5044.0,6101.0,,-1455093.0,,,,,3681347.0,14041086.0,-10359739.0,1687012.0,,1875879819.0,,,530.37,100.0,unknown,QuantData PER_ONE_DOLLAR_MOVE; exact dollar/contract scaling unverified,QuantData
2026-08-17T14:40:00-04:00,2026-12-18,590.0,call,7518.0,9940.0,,2321329.0,,,,,3681347.0,14041086.0,-10359739.0,1687012.0,,1875879819.0,,,530.37,100.0,unknown,QuantData PER_ONE_DOLLAR_MOVE; exact dollar/contract scaling unverified,QuantData
2026-08-17T14:40:00-04:00,2026-12-18,590.0,put,0.0,0.0,,0.0,,,,,3681347.0,14041086.0,-10359739.0,1687012.0,,1875879819.0,,,530.37,100.0,unknown,QuantData PER_ONE_DOLLAR_MOVE; exact dollar/contract scaling unverified,QuantData
2026-08-17T14:40:00-04:00,2026-12-18,600.0,call,53654.0,73077.0,,16573116.0,,,,,3681347.0,14041086.0,-10359739.0,1687012.0,,1875879819.0,,,530.37,100.0,unknown,QuantData PER_ONE_DOLLAR_MOVE; exact dollar/contract scaling unverified,QuantData
2026-08-17T14:40:00-04:00,2026-12-18,600.0,put,-2143.0,2901.0,,-654894.0,,,,,3681347.0,14041086.0,-10359739.0,1687012.0,,1875879819.0,,,530.37,100.0,unknown,QuantData PER_ONE_DOLLAR_MOVE; exact dollar/contract scaling unverified,QuantData
2026-08-17T14:40:00-04:00,2026-12-18,610.0,call,3421.0,5064.0,,1027594.0,,,,,3681347.0,14041086.0,-10359739.0,1687012.0,,1875879819.0,,,530.37,100.0,unknown,QuantData PER_ONE_DOLLAR_MOVE; exact dollar/contract scaling unverified,QuantData
2026-08-17T14:40:00-04:00,2026-12-18,610.0,put,0.0,0.0,,0.0,,,,,3681347.0,14041086.0,-10359739.0,1687012.0,,1875879819.0,,,530.37,100.0,unknown,QuantData PER_ONE_DOLLAR_MOVE; exact dollar/contract scaling unverified,QuantData
2026-08-17T14:40:00-04:00,2026-12-18,620.0,call,6977.0,11395.0,,2001641.0,,,,,3681347.0,14041086.0,-10359739.0,1687012.0,,1875879819.0,,,530.37,100.0,unknown,QuantData PER_ONE_DOLLAR_MOVE; exact dollar/contract scaling unverified,QuantData
2026-08-17T14:40:00-04:00,2026-12-18,620.0,put,-1277.0,1910.0,,-410260.0,,,,,3681347.0,14041086.0,-10359739.0,1687012.0,,1875879819.0,,,530.37,100.0,unknown,QuantData PER_ONE_DOLLAR_MOVE; exact dollar/contract scaling unverified,QuantData
2026-08-17T14:40:00-04:00,2026-12-18,630.0,call,3730.0,6577.0,,1031593.0,,,,,3681347.0,14041086.0,-10359739.0,1687012.0,,1875879819.0,,,530.37,100.0,unknown,QuantData PER_ONE_DOLLAR_MOVE; exact dollar/contract scaling unverified,QuantData
2026-08-17T14:40:00-04:00,2026-12-18,630.0,put,-488.0,783.0,,-165700.0,,,,,3681347.0,14041086.0,-10359739.0,1687012.0,,1875879819.0,,,530.37,100.0,unknown,QuantData PER_ONE_DOLLAR_MOVE; exact dollar/contract scaling unverified,QuantData
2026-08-17T14:40:00-04:00,2026-12-18,640.0,call,0.0,0.0,,0.0,,,,,3681347.0,14041086.0,-10359739.0,1687012.0,,1875879819.0,,,530.37,100.0,unknown,QuantData PER_ONE_DOLLAR_MOVE; exact dollar/contract scaling unverified,QuantData
2026-08-17T14:40:00-04:00,2026-12-18,640.0,put,-6315.0,12041.0,,-2140056.0,,,,,3681347.0,14041086.0,-10359739.0,1687012.0,,1875879819.0,,,530.37,100.0,unknown,QuantData PER_ONE_DOLLAR_MOVE; exact dollar/contract scaling unverified,QuantData
2026-08-17T14:40:00-04:00,2026-12-18,650.0,call,8432.0,16660.0,,2150636.0,,,,,3681347.0,14041086.0,-10359739.0,1687012.0,,1875879819.0,,,530.37,100.0,unknown,QuantData PER_ONE_DOLLAR_MOVE; exact dollar/contract scaling unverified,QuantData
2026-08-17T14:40:00-04:00,2026-12-18,650.0,put,-2379.0,4672.0,,-844760.0,,,,,3681347.0,14041086.0,-10359739.0,1687012.0,,1875879819.0,,,530.37,100.0,unknown,QuantData PER_ONE_DOLLAR_MOVE; exact dollar/contract scaling unverified,QuantData
2026-08-17T14:40:00-04:00,2026-12-18,660.0,call,12988.0,25002.0,,3665052.0,,,,,3681347.0,14041086.0,-10359739.0,1687012.0,,1875879819.0,,,530.37,100.0,unknown,QuantData PER_ONE_DOLLAR_MOVE; exact dollar/contract scaling unverified,QuantData
2026-08-17T14:40:00-04:00,2026-12-18,660.0,put,0.0,0.0,,0.0,,,,,3681347.0,14041086.0,-10359739.0,1687012.0,,1875879819.0,,,530.37,100.0,unknown,QuantData PER_ONE_DOLLAR_MOVE; exact dollar/contract scaling unverified,QuantData
2026-08-17T14:40:00-04:00,2026-12-18,670.0,call,2310.0,4979.0,,580490.0,,,,,3681347.0,14041086.0,-10359739.0,1687012.0,,1875879819.0,,,530.37,100.0,unknown,QuantData PER_ONE_DOLLAR_MOVE; exact dollar/contract scaling unverified,QuantData
2026-08-17T14:40:00-04:00,2026-12-18,670.0,put,0.0,0.0,,0.0,,,,,3681347.0,14041086.0,-10359739.0,1687012.0,,1875879819.0,,,530.37,100.0,unknown,QuantData PER_ONE_DOLLAR_MOVE; exact dollar/contract scaling unverified,QuantData
2026-08-17T14:40:00-04:00,2026-12-18,680.0,call,6748.0,14468.0,,1801999.0,,,,,3681347.0,14041086.0,-10359739.0,1687012.0,,1875879819.0,,,530.37,100.0,unknown,QuantData PER_ONE_DOLLAR_MOVE; exact dollar/contract scaling unverified,QuantData
2026-08-17T14:40:00-04:00,2026-12-18,680.0,put,0.0,0.0,,0.0,,,,,3681347.0,14041086.0,-10359739.0,1687012.0,,1875879819.0,,,530.37,100.0,unknown,QuantData PER_ONE_DOLLAR_MOVE; exact dollar/contract scaling unverified,QuantData
2026-08-17T14:40:00-04:00,2026-12-18,690.0,call,6371.0,14468.0,,1629839.0,,,,,3681347.0,14041086.0,-10359739.0,1687012.0,,1875879819.0,,,530.37,100.0,unknown,QuantData PER_ONE_DOLLAR_MOVE; exact dollar/contract scaling unverified,QuantData
2026-08-17T14:40:00-04:00,2026-12-18,690.0,put,0.0,0.0,,0.0,,,,,3681347.0,14041086.0,-10359739.0,1687012.0,,1875879819.0,,,530.37,100.0,unknown,QuantData PER_ONE_DOLLAR_MOVE; exact dollar/contract scaling unverified,QuantData
2026-08-17T14:40:00-04:00,2026-12-18,700.0,call,29974.0,72235.0,,7264981.0,,,,,3681347.0,14041086.0,-10359739.0,1687012.0,,1875879819.0,,,530.37,100.0,unknown,QuantData PER_ONE_DOLLAR_MOVE; exact dollar/contract scaling unverified,QuantData
2026-08-17T14:40:00-04:00,2026-12-18,700.0,put,-2125.0,5272.0,,-873491.0,,,,,3681347.0,14041086.0,-10359739.0,1687012.0,,1875879819.0,,,530.37,100.0,unknown,QuantData PER_ONE_DOLLAR_MOVE; exact dollar/contract scaling unverified,QuantData
2026-08-17T14:40:00-04:00,2026-12-18,720.0,call,29389.0,78149.0,,6584119.0,,,,,3681347.0,14041086.0,-10359739.0,1687012.0,,1875879819.0,,,530.37,100.0,unknown,QuantData PER_ONE_DOLLAR_MOVE; exact dollar/contract scaling unverified,QuantData
2026-08-17T14:40:00-04:00,2026-12-18,720.0,put,0.0,0.0,,0.0,,,,,3681347.0,14041086.0,-10359739.0,1687012.0,,1875879819.0,,,530.37,100.0,unknown,QuantData PER_ONE_DOLLAR_MOVE; exact dollar/contract scaling unverified,QuantData
2026-08-17T14:40:00-04:00,2026-12-18,730.0,call,8617.0,23680.0,,1897983.0,,,,,3681347.0,14041086.0,-10359739.0,1687012.0,,1875879819.0,,,530.37,100.0,unknown,QuantData PER_ONE_DOLLAR_MOVE; exact dollar/contract scaling unverified,QuantData
2026-08-17T14:40:00-04:00,2026-12-18,730.0,put,0.0,0.0,,0.0,,,,,3681347.0,14041086.0,-10359739.0,1687012.0,,1875879819.0,,,530.37,100.0,unknown,QuantData PER_ONE_DOLLAR_MOVE; exact dollar/contract scaling unverified,QuantData
2026-08-17T14:40:00-04:00,2026-12-18,750.0,call,5754.0,16945.0,,1204196.0,,,,,3681347.0,14041086.0,-10359739.0,1687012.0,,1875879819.0,,,530.37,100.0,unknown,QuantData PER_ONE_DOLLAR_MOVE; exact dollar/contract scaling unverified,QuantData
2026-08-17T14:40:00-04:00,2026-12-18,750.0,put,0.0,0.0,,0.0,,,,,3681347.0,14041086.0,-10359739.0,1687012.0,,1875879819.0,,,530.37,100.0,unknown,QuantData PER_ONE_DOLLAR_MOVE; exact dollar/contract scaling unverified,QuantData
2026-08-17T14:40:00-04:00,2026-12-18,770.0,call,0.0,0.0,,0.0,,,,,3681347.0,14041086.0,-10359739.0,1687012.0,,1875879819.0,,,530.37,100.0,unknown,QuantData PER_ONE_DOLLAR_MOVE; exact dollar/contract scaling unverified,QuantData
2026-08-17T14:40:00-04:00,2026-12-18,770.0,put,-298.0,865.0,,-145196.0,,,,,3681347.0,14041086.0,-10359739.0,1687012.0,,1875879819.0,,,530.37,100.0,unknown,QuantData PER_ONE_DOLLAR_MOVE; exact dollar/contract scaling unverified,QuantData
2026-08-17T14:40:00-04:00,2026-12-18,780.0,call,11150.0,34402.0,,2444262.0,,,,,3681347.0,14041086.0,-10359739.0,1687012.0,,1875879819.0,,,530.37,100.0,unknown,QuantData PER_ONE_DOLLAR_MOVE; exact dollar/contract scaling unverified,QuantData
2026-08-17T14:40:00-04:00,2026-12-18,780.0,put,0.0,0.0,,0.0,,,,,3681347.0,14041086.0,-10359739.0,1687012.0,,1875879819.0,,,530.37,100.0,unknown,QuantData PER_ONE_DOLLAR_MOVE; exact dollar/contract scaling unverified,QuantData
2026-08-17T14:40:00-04:00,2026-12-18,790.0,call,1254.0,3971.0,,271188.0,,,,,3681347.0,14041086.0,-10359739.0,1687012.0,,1875879819.0,,,530.37,100.0,unknown,QuantData PER_ONE_DOLLAR_MOVE; exact dollar/contract scaling unverified,QuantData
2026-08-17T14:40:00-04:00,2026-12-18,790.0,put,0.0,0.0,,0.0,,,,,3681347.0,14041086.0,-10359739.0,1687012.0,,1875879819.0,,,530.37,100.0,unknown,QuantData PER_ONE_DOLLAR_MOVE; exact dollar/contract scaling unverified,QuantData
2026-08-17T14:40:00-04:00,2026-12-18,800.0,call,16990.0,56503.0,,3409922.0,,,,,3681347.0,14041086.0,-10359739.0,1687012.0,,1875879819.0,,,530.37,100.0,unknown,QuantData PER_ONE_DOLLAR_MOVE; exact dollar/contract scaling unverified,QuantData
2026-08-17T14:40:00-04:00,2026-12-18,800.0,put,0.0,0.0,,0.0,,,,,3681347.0,14041086.0,-10359739.0,1687012.0,,1875879819.0,,,530.37,100.0,unknown,QuantData PER_ONE_DOLLAR_MOVE; exact dollar/contract scaling unverified,QuantData
2026-08-17T14:40:00-04:00,2026-12-18,810.0,call,4780.0,16390.0,,930073.0,,,,,3681347.0,14041086.0,-10359739.0,1687012.0,,1875879819.0,,,530.37,100.0,unknown,QuantData PER_ONE_DOLLAR_MOVE; exact dollar/contract scaling unverified,QuantData
2026-08-17T14:40:00-04:00,2026-12-18,810.0,put,0.0,0.0,,0.0,,,,,3681347.0,14041086.0,-10359739.0,1687012.0,,1875879819.0,,,530.37,100.0,unknown,QuantData PER_ONE_DOLLAR_MOVE; exact dollar/contract scaling unverified,QuantData
2026-08-17T14:40:00-04:00,2026-12-18,820.0,call,22541.0,77043.0,,4638797.0,,,,,3681347.0,14041086.0,-10359739.0,1687012.0,,1875879819.0,,,530.37,100.0,unknown,QuantData PER_ONE_DOLLAR_MOVE; exact dollar/contract scaling unverified,QuantData
2026-08-17T14:40:00-04:00,2026-12-18,820.0,put,0.0,0.0,,0.0,,,,,3681347.0,14041086.0,-10359739.0,1687012.0,,1875879819.0,,,530.37,100.0,unknown,QuantData PER_ONE_DOLLAR_MOVE; exact dollar/contract scaling unverified,QuantData
2026-08-17T14:40:00-04:00,2026-12-18,830.0,call,4087.0,14265.0,,833666.0,,,,,3681347.0,14041086.0,-10359739.0,1687012.0,,1875879819.0,,,530.37,100.0,unknown,QuantData PER_ONE_DOLLAR_MOVE; exact dollar/contract scaling unverified,QuantData
2026-08-17T14:40:00-04:00,2026-12-18,830.0,put,0.0,0.0,,0.0,,,,,3681347.0,14041086.0,-10359739.0,1687012.0,,1875879819.0,,,530.37,100.0,unknown,QuantData PER_ONE_DOLLAR_MOVE; exact dollar/contract scaling unverified,QuantData
2026-08-17T14:40:00-04:00,2026-12-18,840.0,call,3609.0,12867.0,,727749.0,,,,,3681347.0,14041086.0,-10359739.0,1687012.0,,1875879819.0,,,530.37,100.0,unknown,QuantData PER_ONE_DOLLAR_MOVE; exact dollar/contract scaling unverified,QuantData
2026-08-17T14:40:00-04:00,2026-12-18,840.0,put,0.0,0.0,,0.0,,,,,3681347.0,14041086.0,-10359739.0,1687012.0,,1875879819.0,,,530.37,100.0,unknown,QuantData PER_ONE_DOLLAR_MOVE; exact dollar/contract scaling unverified,QuantData
2026-08-17T14:40:00-04:00,2026-12-18,850.0,call,27519.0,101219.0,,5331088.0,,,,,3681347.0,14041086.0,-10359739.0,1687012.0,,1875879819.0,,,530.37,100.0,unknown,QuantData PER_ONE_DOLLAR_MOVE; exact dollar/contract scaling unverified,QuantData
2026-08-17T14:40:00-04:00,2026-12-18,850.0,put,0.0,0.0,,0.0,,,,,3681347.0,14041086.0,-10359739.0,1687012.0,,1875879819.0,,,530.37,100.0,unknown,QuantData PER_ONE_DOLLAR_MOVE; exact dollar/contract scaling unverified,QuantData
2026-08-17T14:40:00-04:00,2026-12-18,870.0,call,1091.0,4159.0,,209421.0,,,,,3681347.0,14041086.0,-10359739.0,1687012.0,,1875879819.0,,,530.37,100.0,unknown,QuantData PER_ONE_DOLLAR_MOVE; exact dollar/contract scaling unverified,QuantData
2026-08-17T14:40:00-04:00,2026-12-18,870.0,put,0.0,0.0,,0.0,,,,,3681347.0,14041086.0,-10359739.0,1687012.0,,1875879819.0,,,530.37,100.0,unknown,QuantData PER_ONE_DOLLAR_MOVE; exact dollar/contract scaling unverified,QuantData
2026-08-17T14:40:00-04:00,2026-12-18,880.0,call,2237.0,8790.0,,408889.0,,,,,3681347.0,14041086.0,-10359739.0,1687012.0,,1875879819.0,,,530.37,100.0,unknown,QuantData PER_ONE_DOLLAR_MOVE; exact dollar/contract scaling unverified,QuantData
2026-08-17T14:40:00-04:00,2026-12-18,880.0,put,0.0,0.0,,0.0,,,,,3681347.0,14041086.0,-10359739.0,1687012.0,,1875879819.0,,,530.37,100.0,unknown,QuantData PER_ONE_DOLLAR_MOVE; exact dollar/contract scaling unverified,QuantData
2026-08-17T14:40:00-04:00,2026-12-18,900.0,call,9012.0,37055.0,,1563658.0,,,,,3681347.0,14041086.0,-10359739.0,1687012.0,,1875879819.0,,,530.37,100.0,unknown,QuantData PER_ONE_DOLLAR_MOVE; exact dollar/contract scaling unverified,QuantData
2026-08-17T14:40:00-04:00,2026-12-18,900.0,put,0.0,0.0,,0.0,,,,,3681347.0,14041086.0,-10359739.0,1687012.0,,1875879819.0,,,530.37,100.0,unknown,QuantData PER_ONE_DOLLAR_MOVE; exact dollar/contract scaling unverified,QuantData
2026-08-17T14:40:00-04:00,2026-12-18,910.0,call,6942.0,28344.0,,1287856.0,,,,,3681347.0,14041086.0,-10359739.0,1687012.0,,1875879819.0,,,530.37,100.0,unknown,QuantData PER_ONE_DOLLAR_MOVE; exact dollar/contract scaling unverified,QuantData
2026-08-17T14:40:00-04:00,2026-12-18,910.0,put,0.0,0.0,,0.0,,,,,3681347.0,14041086.0,-10359739.0,1687012.0,,1875879819.0,,,530.37,100.0,unknown,QuantData PER_ONE_DOLLAR_MOVE; exact dollar/contract scaling unverified,QuantData
2026-08-17T14:40:00-04:00,2026-12-18,930.0,call,5592.0,24248.0,,928890.0,,,,,3681347.0,14041086.0,-10359739.0,1687012.0,,1875879819.0,,,530.37,100.0,unknown,QuantData PER_ONE_DOLLAR_MOVE; exact dollar/contract scaling unverified,QuantData
2026-08-17T14:40:00-04:00,2026-12-18,930.0,put,0.0,0.0,,0.0,,,,,3681347.0,14041086.0,-10359739.0,1687012.0,,1875879819.0,,,530.37,100.0,unknown,QuantData PER_ONE_DOLLAR_MOVE; exact dollar/contract scaling unverified,QuantData
2026-08-17T14:40:00-04:00,2026-12-18,980.0,call,10063.0,46452.0,,1651072.0,,,,,3681347.0,14041086.0,-10359739.0,1687012.0,,1875879819.0,,,530.37,100.0,unknown,QuantData PER_ONE_DOLLAR_MOVE; exact dollar/contract scaling unverified,QuantData
2026-08-17T14:40:00-04:00,2026-12-18,980.0,put,0.0,0.0,,0.0,,,,,3681347.0,14041086.0,-10359739.0,1687012.0,,1875879819.0,,,530.37,100.0,unknown,QuantData PER_ONE_DOLLAR_MOVE; exact dollar/contract scaling unverified,QuantData
2026-08-17T14:40:00-04:00,2026-12-18,1000.0,call,2943.0,13849.0,,493548.0,,,,,3681347.0,14041086.0,-10359739.0,1687012.0,,1875879819.0,,,530.37,100.0,unknown,QuantData PER_ONE_DOLLAR_MOVE; exact dollar/contract scaling unverified,QuantData
2026-08-17T14:40:00-04:00,2026-12-18,1000.0,put,0.0,0.0,,0.0,,,,,3681347.0,14041086.0,-10359739.0,1687012.0,,1875879819.0,,,530.37,100.0,unknown,QuantData PER_ONE_DOLLAR_MOVE; exact dollar/contract scaling unverified,QuantData
2026-08-17T14:40:00-04:00,2026-12-18,1020.0,call,883.0,4213.0,,145800.0,,,,,3681347.0,14041086.0,-10359739.0,1687012.0,,1875879819.0,,,530.37,100.0,unknown,QuantData PER_ONE_DOLLAR_MOVE; exact dollar/contract scaling unverified,QuantData
2026-08-17T14:40:00-04:00,2026-12-18,1020.0,put,0.0,0.0,,0.0,,,,,3681347.0,14041086.0,-10359739.0,1687012.0,,1875879819.0,,,530.37,100.0,unknown,QuantData PER_ONE_DOLLAR_MOVE; exact dollar/contract scaling unverified,QuantData
2026-08-17T14:40:00-04:00,2026-12-18,1080.0,call,2797.0,14681.0,,412290.0,,,,,3681347.0,14041086.0,-10359739.0,1687012.0,,1875879819.0,,,530.37,100.0,unknown,QuantData PER_ONE_DOLLAR_MOVE; exact dollar/contract scaling unverified,QuantData
2026-08-17T14:40:00-04:00,2026-12-18,1080.0,put,0.0,0.0,,0.0,,,,,3681347.0,14041086.0,-10359739.0,1687012.0,,1875879819.0,,,530.37,100.0,unknown,QuantData PER_ONE_DOLLAR_MOVE; exact dollar/contract scaling unverified,QuantData
2026-08-17T14:40:00-04:00,2026-12-18,1120.0,call,11701.0,63710.0,,1685833.0,,,,,3681347.0,14041086.0,-10359739.0,1687012.0,,1875879819.0,,,530.37,100.0,unknown,QuantData PER_ONE_DOLLAR_MOVE; exact dollar/contract scaling unverified,QuantData
2026-08-17T14:40:00-04:00,2026-12-18,1120.0,put,0.0,0.0,,0.0,,,,,3681347.0,14041086.0,-10359739.0,1687012.0,,1875879819.0,,,530.37,100.0,unknown,QuantData PER_ONE_DOLLAR_MOVE; exact dollar/contract scaling unverified,QuantData
2026-08-17T14:40:00-04:00,2026-12-18,1160.0,call,22494.0,126255.0,,3339103.0,,,,,3681347.0,14041086.0,-10359739.0,1687012.0,,1875879819.0,,,530.37,100.0,unknown,QuantData PER_ONE_DOLLAR_MOVE; exact dollar/contract scaling unverified,QuantData
2026-08-17T14:40:00-04:00,2026-12-18,1160.0,put,0.0,0.0,,0.0,,,,,3681347.0,14041086.0,-10359739.0,1687012.0,,1875879819.0,,,530.37,100.0,unknown,QuantData PER_ONE_DOLLAR_MOVE; exact dollar/contract scaling unverified,QuantData
2026-08-17T14:40:00-04:00,2027-01-15,35.0,call,0.0,0.0,,0.0,,,,,3681347.0,14041086.0,-10359739.0,1687012.0,,1875879819.0,,,530.37,100.0,unknown,QuantData PER_ONE_DOLLAR_MOVE; exact dollar/contract scaling unverified,QuantData
2026-08-17T14:40:00-04:00,2027-01-15,35.0,put,0.0,0.0,,-4.0,,,,,3681347.0,14041086.0,-10359739.0,1687012.0,,1875879819.0,,,530.37,100.0,unknown,QuantData PER_ONE_DOLLAR_MOVE; exact dollar/contract scaling unverified,QuantData
2026-08-17T14:40:00-04:00,2027-01-15,60.0,call,253.0,-2137.0,,46017935.0,,,,,3681347.0,14041086.0,-10359739.0,1687012.0,,1875879819.0,,,530.37,100.0,unknown,QuantData PER_ONE_DOLLAR_MOVE; exact dollar/contract scaling unverified,QuantData
2026-08-17T14:40:00-04:00,2027-01-15,60.0,put,0.0,0.0,,0.0,,,,,3681347.0,14041086.0,-10359739.0,1687012.0,,1875879819.0,,,530.37,100.0,unknown,QuantData PER_ONE_DOLLAR_MOVE; exact dollar/contract scaling unverified,QuantData
2026-08-17T14:40:00-04:00,2027-01-15,105.0,call,0.0,0.0,,0.0,,,,,3681347.0,14041086.0,-10359739.0,1687012.0,,1875879819.0,,,530.37,100.0,unknown,QuantData PER_ONE_DOLLAR_MOVE; exact dollar/contract scaling unverified,QuantData
2026-08-17T14:40:00-04:00,2027-01-15,105.0,put,-1384.0,-10974.0,,-145743.0,,,,,3681347.0,14041086.0,-10359739.0,1687012.0,,1875879819.0,,,530.37,100.0,unknown,QuantData PER_ONE_DOLLAR_MOVE; exact dollar/contract scaling unverified,QuantData
2026-08-17T14:40:00-04:00,2027-01-15,120.0,call,0.0,0.0,,0.0,,,,,3681347.0,14041086.0,-10359739.0,1687012.0,,1875879819.0,,,530.37,100.0,unknown,QuantData PER_ONE_DOLLAR_MOVE; exact dollar/contract scaling unverified,QuantData
2026-08-17T14:40:00-04:00,2027-01-15,120.0,put,-715.0,-5246.0,,-78709.0,,,,,3681347.0,14041086.0,-10359739.0,1687012.0,,1875879819.0,,,530.37,100.0,unknown,QuantData PER_ONE_DOLLAR_MOVE; exact dollar/contract scaling unverified,QuantData
2026-08-17T14:40:00-04:00,2027-01-15,125.0,call,0.0,0.0,,0.0,,,,,3681347.0,14041086.0,-10359739.0,1687012.0,,1875879819.0,,,530.37,100.0,unknown,QuantData PER_ONE_DOLLAR_MOVE; exact dollar/contract scaling unverified,QuantData
2026-08-17T14:40:00-04:00,2027-01-15,125.0,put,-770.0,-5496.0,,-84476.0,,,,,3681347.0,14041086.0,-10359739.0,1687012.0,,1875879819.0,,,530.37,100.0,unknown,QuantData PER_ONE_DOLLAR_MOVE; exact dollar/contract scaling unverified,QuantData
2026-08-17T14:40:00-04:00,2027-01-15,155.0,call,0.0,0.0,,0.0,,,,,3681347.0,14041086.0,-10359739.0,1687012.0,,1875879819.0,,,530.37,100.0,unknown,QuantData PER_ONE_DOLLAR_MOVE; exact dollar/contract scaling unverified,QuantData
2026-08-17T14:40:00-04:00,2027-01-15,155.0,put,-165.0,-1144.0,,-15857.0,,,,,3681347.0,14041086.0,-10359739.0,1687012.0,,1875879819.0,,,530.37,100.0,unknown,QuantData PER_ONE_DOLLAR_MOVE; exact dollar/contract scaling unverified,QuantData
2026-08-17T14:40:00-04:00,2027-01-15,165.0,call,0.0,0.0,,0.0,,,,,3681347.0,14041086.0,-10359739.0,1687012.0,,1875879819.0,,,530.37,100.0,unknown,QuantData PER_ONE_DOLLAR_MOVE; exact dollar/contract scaling unverified,QuantData
2026-08-17T14:40:00-04:00,2027-01-15,165.0,put,-1058.0,-6672.0,,-117223.0,,,,,3681347.0,14041086.0,-10359739.0,1687012.0,,1875879819.0,,,530.37,100.0,unknown,QuantData PER_ONE_DOLLAR_MOVE; exact dollar/contract scaling unverified,QuantData
2026-08-17T14:40:00-04:00,2027-01-15,200.0,call,0.0,0.0,,0.0,,,,,3681347.0,14041086.0,-10359739.0,1687012.0,,1875879819.0,,,530.37,100.0,unknown,QuantData PER_ONE_DOLLAR_MOVE; exact dollar/contract scaling unverified,QuantData
2026-08-17T14:40:00-04:00,2027-01-15,200.0,put,-5634.0,-30163.0,,-649915.0,,,,,3681347.0,14041086.0,-10359739.0,1687012.0,,1875879819.0,,,530.37,100.0,unknown,QuantData PER_ONE_DOLLAR_MOVE; exact dollar/contract scaling unverified,QuantData
2026-08-17T14:40:00-04:00,2027-01-15,210.0,call,0.0,0.0,,0.0,,,,,3681347.0,14041086.0,-10359739.0,1687012.0,,1875879819.0,,,530.37,100.0,unknown,QuantData PER_ONE_DOLLAR_MOVE; exact dollar/contract scaling unverified,QuantData
2026-08-17T14:40:00-04:00,2027-01-15,210.0,put,-3254.0,-16575.0,,-383914.0,,,,,3681347.0,14041086.0,-10359739.0,1687012.0,,1875879819.0,,,530.37,100.0,unknown,QuantData PER_ONE_DOLLAR_MOVE; exact dollar/contract scaling unverified,QuantData
2026-08-17T14:40:00-04:00,2027-01-15,220.0,call,0.0,0.0,,0.0,,,,,3681347.0,14041086.0,-10359739.0,1687012.0,,1875879819.0,,,530.37,100.0,unknown,QuantData PER_ONE_DOLLAR_MOVE; exact dollar/contract scaling unverified,QuantData
2026-08-17T14:40:00-04:00,2027-01-15,220.0,put,-3287.0,-15733.0,,-397930.0,,,,,3681347.0,14041086.0,-10359739.0,1687012.0,,1875879819.0,,,530.37,100.0,unknown,QuantData PER_ONE_DOLLAR_MOVE; exact dollar/contract scaling unverified,QuantData
2026-08-17T14:40:00-04:00,2027-01-15,230.0,call,3259.0,-17221.0,,15611631.0,,,,,3681347.0,14041086.0,-10359739.0,1687012.0,,1875879819.0,,,530.37,100.0,unknown,QuantData PER_ONE_DOLLAR_MOVE; exact dollar/contract scaling unverified,QuantData
2026-08-17T14:40:00-04:00,2027-01-15,230.0,put,0.0,0.0,,0.0,,,,,3681347.0,14041086.0,-10359739.0,1687012.0,,1875879819.0,,,530.37,100.0,unknown,QuantData PER_ONE_DOLLAR_MOVE; exact dollar/contract scaling unverified,QuantData
2026-08-17T14:40:00-04:00,2027-01-15,240.0,call,0.0,0.0,,0.0,,,,,3681347.0,14041086.0,-10359739.0,1687012.0,,1875879819.0,,,530.37,100.0,unknown,QuantData PER_ONE_DOLLAR_MOVE; exact dollar/contract scaling unverified,QuantData
2026-08-17T14:40:00-04:00,2027-01-15,240.0,put,-1606.0,-7042.0,,-208146.0,,,,,3681347.0,14041086.0,-10359739.0,1687012.0,,1875879819.0,,,530.37,100.0,unknown,QuantData PER_ONE_DOLLAR_MOVE; exact dollar/contract scaling unverified,QuantData
2026-08-17T14:40:00-04:00,2027-01-15,250.0,call,3935.0,-20227.0,,16125605.0,,,,,3681347.0,14041086.0,-10359739.0,1687012.0,,1875879819.0,,,530.37,100.0,unknown,QuantData PER_ONE_DOLLAR_MOVE; exact dollar/contract scaling unverified,QuantData
2026-08-17T14:40:00-04:00,2027-01-15,250.0,put,-7665.0,-31046.0,,-1017839.0,,,,,3681347.0,14041086.0,-10359739.0,1687012.0,,1875879819.0,,,530.37,100.0,unknown,QuantData PER_ONE_DOLLAR_MOVE; exact dollar/contract scaling unverified,QuantData
2026-08-17T14:40:00-04:00,2027-01-15,260.0,call,3709.0,-16132.0,,11482521.0,,,,,3681347.0,14041086.0,-10359739.0,1687012.0,,1875879819.0,,,530.37,100.0,unknown,QuantData PER_ONE_DOLLAR_MOVE; exact dollar/contract scaling unverified,QuantData
2026-08-17T14:40:00-04:00,2027-01-15,260.0,put,-15464.0,-60086.0,,-2037713.0,,,,,3681347.0,14041086.0,-10359739.0,1687012.0,,1875879819.0,,,530.37,100.0,unknown,QuantData PER_ONE_DOLLAR_MOVE; exact dollar/contract scaling unverified,QuantData
2026-08-17T14:40:00-04:00,2027-01-15,280.0,call,0.0,0.0,,0.0,,,,,3681347.0,14041086.0,-10359739.0,1687012.0,,1875879819.0,,,530.37,100.0,unknown,QuantData PER_ONE_DOLLAR_MOVE; exact dollar/contract scaling unverified,QuantData
2026-08-17T14:40:00-04:00,2027-01-15,280.0,put,-24887.0,-82195.0,,-3597329.0,,,,,3681347.0,14041086.0,-10359739.0,1687012.0,,1875879819.0,,,530.37,100.0,unknown,QuantData PER_ONE_DOLLAR_MOVE; exact dollar/contract scaling unverified,QuantData
2026-08-17T14:40:00-04:00,2027-01-15,300.0,call,10107.0,-28828.0,,17052040.0,,,,,3681347.0,14041086.0,-10359739.0,1687012.0,,1875879819.0,,,530.37,100.0,unknown,QuantData PER_ONE_DOLLAR_MOVE; exact dollar/contract scaling unverified,QuantData
2026-08-17T14:40:00-04:00,2027-01-15,300.0,put,-10608.0,-31977.0,,-1565370.0,,,,,3681347.0,14041086.0,-10359739.0,1687012.0,,1875879819.0,,,530.37,100.0,unknown,QuantData PER_ONE_DOLLAR_MOVE; exact dollar/contract scaling unverified,QuantData
2026-08-17T14:40:00-04:00,2027-01-15,320.0,call,0.0,0.0,,0.0,,,,,3681347.0,14041086.0,-10359739.0,1687012.0,,1875879819.0,,,530.37,100.0,unknown,QuantData PER_ONE_DOLLAR_MOVE; exact dollar/contract scaling unverified,QuantData
2026-08-17T14:40:00-04:00,2027-01-15,320.0,put,-8825.0,-22240.0,,-1405116.0,,,,,3681347.0,14041086.0,-10359739.0,1687012.0,,1875879819.0,,,530.37,100.0,unknown,QuantData PER_ONE_DOLLAR_MOVE; exact dollar/contract scaling unverified,QuantData
2026-08-17T14:40:00-04:00,2027-01-15,330.0,call,0.0,0.0,,0.0,,,,,3681347.0,14041086.0,-10359739.0,1687012.0,,1875879819.0,,,530.37,100.0,unknown,QuantData PER_ONE_DOLLAR_MOVE; exact dollar/contract scaling unverified,QuantData
2026-08-17T14:40:00-04:00,2027-01-15,330.0,put,-25517.0,-61640.0,,-4080085.0,,,,,3681347.0,14041086.0,-10359739.0,1687012.0,,1875879819.0,,,530.37,100.0,unknown,QuantData PER_ONE_DOLLAR_MOVE; exact dollar/contract scaling unverified,QuantData
2026-08-17T14:40:00-04:00,2027-01-15,340.0,call,19379.0,-44870.0,,23199059.0,,,,,3681347.0,14041086.0,-10359739.0,1687012.0,,1875879819.0,,,530.37,100.0,unknown,QuantData PER_ONE_DOLLAR_MOVE; exact dollar/contract scaling unverified,QuantData
2026-08-17T14:40:00-04:00,2027-01-15,340.0,put,-9836.0,-21815.0,,-1616279.0,,,,,3681347.0,14041086.0,-10359739.0,1687012.0,,1875879819.0,,,530.37,100.0,unknown,QuantData PER_ONE_DOLLAR_MOVE; exact dollar/contract scaling unverified,QuantData
2026-08-17T14:40:00-04:00,2027-01-15,350.0,call,5894.0,-11996.0,,6823227.0,,,,,3681347.0,14041086.0,-10359739.0,1687012.0,,1875879819.0,,,530.37,100.0,unknown,QuantData PER_ONE_DOLLAR_MOVE; exact dollar/contract scaling unverified,QuantData
2026-08-17T14:40:00-04:00,2027-01-15,350.0,put,-55487.0,-115816.0,,-9351489.0,,,,,3681347.0,14041086.0,-10359739.0,1687012.0,,1875879819.0,,,530.37,100.0,unknown,QuantData PER_ONE_DOLLAR_MOVE; exact dollar/contract scaling unverified,QuantData
2026-08-17T14:40:00-04:00,2027-01-15,360.0,call,0.0,0.0,,0.0,,,,,3681347.0,14041086.0,-10359739.0,1687012.0,,1875879819.0,,,530.37,100.0,unknown,QuantData PER_ONE_DOLLAR_MOVE; exact dollar/contract scaling unverified,QuantData
2026-08-17T14:40:00-04:00,2027-01-15,360.0,put,-6120.0,-11412.0,,-1057238.0,,,,,3681347.0,14041086.0,-10359739.0,1687012.0,,1875879819.0,,,530.37,100.0,unknown,QuantData PER_ONE_DOLLAR_MOVE; exact dollar/contract scaling unverified,QuantData
2026-08-17T14:40:00-04:00,2027-01-15,370.0,call,5698.0,-10424.0,,5743462.0,,,,,3681347.0,14041086.0,-10359739.0,1687012.0,,1875879819.0,,,530.37,100.0,unknown,QuantData PER_ONE_DOLLAR_MOVE; exact dollar/contract scaling unverified,QuantData
2026-08-17T14:40:00-04:00,2027-01-15,370.0,put,-5264.0,-9062.0,,-930553.0,,,,,3681347.0,14041086.0,-10359739.0,1687012.0,,1875879819.0,,,530.37,100.0,unknown,QuantData PER_ONE_DOLLAR_MOVE; exact dollar/contract scaling unverified,QuantData
2026-08-17T14:40:00-04:00,2027-01-15,380.0,call,11170.0,-15820.0,,10548921.0,,,,,3681347.0,14041086.0,-10359739.0,1687012.0,,1875879819.0,,,530.37,100.0,unknown,QuantData PER_ONE_DOLLAR_MOVE; exact dollar/contract scaling unverified,QuantData
2026-08-17T14:40:00-04:00,2027-01-15,380.0,put,-34784.0,-54707.0,,-6338570.0,,,,,3681347.0,14041086.0,-10359739.0,1687012.0,,1875879819.0,,,530.37,100.0,unknown,QuantData PER_ONE_DOLLAR_MOVE; exact dollar/contract scaling unverified,QuantData
2026-08-17T14:40:00-04:00,2027-01-15,390.0,call,10279.0,-16095.0,,9251055.0,,,,,3681347.0,14041086.0,-10359739.0,1687012.0,,1875879819.0,,,530.37,100.0,unknown,QuantData PER_ONE_DOLLAR_MOVE; exact dollar/contract scaling unverified,QuantData
2026-08-17T14:40:00-04:00,2027-01-15,390.0,put,-19513.0,-29899.0,,-3701320.0,,,,,3681347.0,14041086.0,-10359739.0,1687012.0,,1875879819.0,,,530.37,100.0,unknown,QuantData PER_ONE_DOLLAR_MOVE; exact dollar/contract scaling unverified,QuantData
2026-08-17T14:40:00-04:00,2027-01-15,400.0,call,77236.0,-108638.0,,66335299.0,,,,,3681347.0,14041086.0,-10359739.0,1687012.0,,1875879819.0,,,530.37,100.0,unknown,QuantData PER_ONE_DOLLAR_MOVE; exact dollar/contract scaling unverified,QuantData
2026-08-17T14:40:00-04:00,2027-01-15,400.0,put,-72125.0,-87642.0,,-13748910.0,,,,,3681347.0,14041086.0,-10359739.0,1687012.0,,1875879819.0,,,530.37,100.0,unknown,QuantData PER_ONE_DOLLAR_MOVE; exact dollar/contract scaling unverified,QuantData
2026-08-17T14:40:00-04:00,2027-01-15,410.0,call,40565.0,-44050.0,,30958083.0,,,,,3681347.0,14041086.0,-10359739.0,1687012.0,,1875879819.0,,,530.37,100.0,unknown,QuantData PER_ONE_DOLLAR_MOVE; exact dollar/contract scaling unverified,QuantData
2026-08-17T14:40:00-04:00,2027-01-15,410.0,put,-36645.0,-40251.0,,-7202804.0,,,,,3681347.0,14041086.0,-10359739.0,1687012.0,,1875879819.0,,,530.37,100.0,unknown,QuantData PER_ONE_DOLLAR_MOVE; exact dollar/contract scaling unverified,QuantData
2026-08-17T14:40:00-04:00,2027-01-15,420.0,call,25289.0,-24121.0,,18828309.0,,,,,3681347.0,14041086.0,-10359739.0,1687012.0,,1875879819.0,,,530.37,100.0,unknown,QuantData PER_ONE_DOLLAR_MOVE; exact dollar/contract scaling unverified,QuantData
2026-08-17T14:40:00-04:00,2027-01-15,420.0,put,-18675.0,-17500.0,,-3770667.0,,,,,3681347.0,14041086.0,-10359739.0,1687012.0,,1875879819.0,,,530.37,100.0,unknown,QuantData PER_ONE_DOLLAR_MOVE; exact dollar/contract scaling unverified,QuantData
2026-08-17T14:40:00-04:00,2027-01-15,430.0,call,12145.0,-9846.0,,8202369.0,,,,,3681347.0,14041086.0,-10359739.0,1687012.0,,1875879819.0,,,530.37,100.0,unknown,QuantData PER_ONE_DOLLAR_MOVE; exact dollar/contract scaling unverified,QuantData
2026-08-17T14:40:00-04:00,2027-01-15,430.0,put,-5560.0,-4579.0,,-1147837.0,,,,,3681347.0,14041086.0,-10359739.0,1687012.0,,1875879819.0,,,530.37,100.0,unknown,QuantData PER_ONE_DOLLAR_MOVE; exact dollar/contract scaling unverified,QuantData
2026-08-17T14:40:00-04:00,2027-01-15,440.0,call,84823.0,-43193.0,,57523222.0,,,,,3681347.0,14041086.0,-10359739.0,1687012.0,,1875879819.0,,,530.37,100.0,unknown,QuantData PER_ONE_DOLLAR_MOVE; exact dollar/contract scaling unverified,QuantData
2026-08-17T14:40:00-04:00,2027-01-15,440.0,put,-7584.0,-4682.0,,-1655209.0,,,,,3681347.0,14041086.0,-10359739.0,1687012.0,,1875879819.0,,,530.37,100.0,unknown,QuantData PER_ONE_DOLLAR_MOVE; exact dollar/contract scaling unverified,QuantData
2026-08-17T14:40:00-04:00,2027-01-15,450.0,call,20192.0,-11204.0,,13037721.0,,,,,3681347.0,14041086.0,-10359739.0,1687012.0,,1875879819.0,,,530.37,100.0,unknown,QuantData PER_ONE_DOLLAR_MOVE; exact dollar/contract scaling unverified,QuantData
2026-08-17T14:40:00-04:00,2027-01-15,450.0,put,-49434.0,-18568.0,,-10717157.0,,,,,3681347.0,14041086.0,-10359739.0,1687012.0,,1875879819.0,,,530.37,100.0,unknown,QuantData PER_ONE_DOLLAR_MOVE; exact dollar/contract scaling unverified,QuantData
2026-08-17T14:40:00-04:00,2027-01-15,460.0,call,10595.0,-3058.0,,6017361.0,,,,,3681347.0,14041086.0,-10359739.0,1687012.0,,1875879819.0,,,530.37,100.0,unknown,QuantData PER_ONE_DOLLAR_MOVE; exact dollar/contract scaling unverified,QuantData
2026-08-17T14:40:00-04:00,2027-01-15,460.0,put,-56689.0,-13589.0,,-12635981.0,,,,,3681347.0,14041086.0,-10359739.0,1687012.0,,1875879819.0,,,530.37,100.0,unknown,QuantData PER_ONE_DOLLAR_MOVE; exact dollar/contract scaling unverified,QuantData
2026-08-17T14:40:00-04:00,2027-01-15,470.0,call,11948.0,-667.0,,6370933.0,,,,,3681347.0,14041086.0,-10359739.0,1687012.0,,1875879819.0,,,530.37,100.0,unknown,QuantData PER_ONE_DOLLAR_MOVE; exact dollar/contract scaling unverified,QuantData
2026-08-17T14:40:00-04:00,2027-01-15,470.0,put,-15025.0,-1696.0,,-3454354.0,,,,,3681347.0,14041086.0,-10359739.0,1687012.0,,1875879819.0,,,530.37,100.0,unknown,QuantData PER_ONE_DOLLAR_MOVE; exact dollar/contract scaling unverified,QuantData
2026-08-17T14:40:00-04:00,2027-01-15,480.0,call,16928.0,-2181.0,,9630191.0,,,,,3681347.0,14041086.0,-10359739.0,1687012.0,,1875879819.0,,,530.37,100.0,unknown,QuantData PER_ONE_DOLLAR_MOVE; exact dollar/contract scaling unverified,QuantData
2026-08-17T14:40:00-04:00,2027-01-15,480.0,put,-12605.0,865.0,,-2996652.0,,,,,3681347.0,14041086.0,-10359739.0,1687012.0,,1875879819.0,,,530.37,100.0,unknown,QuantData PER_ONE_DOLLAR_MOVE; exact dollar/contract scaling unverified,QuantData
2026-08-17T14:40:00-04:00,2027-01-15,490.0,call,4100.0,373.0,,2182539.0,,,,,3681347.0,14041086.0,-10359739.0,1687012.0,,1875879819.0,,,530.37,100.0,unknown,QuantData PER_ONE_DOLLAR_MOVE; exact dollar/contract scaling unverified,QuantData
2026-08-17T14:40:00-04:00,2027-01-15,490.0,put,-31779.0,6361.0,,-7729814.0,,,,,3681347.0,14041086.0,-10359739.0,1687012.0,,1875879819.0,,,530.37,100.0,unknown,QuantData PER_ONE_DOLLAR_MOVE; exact dollar/contract scaling unverified,QuantData
2026-08-17T14:40:00-04:00,2027-01-15,500.0,call,25711.0,5440.0,,12592408.0,,,,,3681347.0,14041086.0,-10359739.0,1687012.0,,1875879819.0,,,530.37,100.0,unknown,QuantData PER_ONE_DOLLAR_MOVE; exact dollar/contract scaling unverified,QuantData
2026-08-17T14:40:00-04:00,2027-01-15,500.0,put,-45428.0,15763.0,,-11361167.0,,,,,3681347.0,14041086.0,-10359739.0,1687012.0,,1875879819.0,,,530.37,100.0,unknown,QuantData PER_ONE_DOLLAR_MOVE; exact dollar/contract scaling unverified,QuantData
2026-08-17T14:40:00-04:00,2027-01-15,510.0,call,8928.0,3450.0,,4120905.0,,,,,3681347.0,14041086.0,-10359739.0,1687012.0,,1875879819.0,,,530.37,100.0,unknown,QuantData PER_ONE_DOLLAR_MOVE; exact dollar/contract scaling unverified,QuantData
2026-08-17T14:40:00-04:00,2027-01-15,510.0,put,-7463.0,3404.0,,-1890552.0,,,,,3681347.0,14041086.0,-10359739.0,1687012.0,,1875879819.0,,,530.37,100.0,unknown,QuantData PER_ONE_DOLLAR_MOVE; exact dollar/contract scaling unverified,QuantData
2026-08-17T14:40:00-04:00,2027-01-15,520.0,call,23691.0,9398.0,,11459996.0,,,,,3681347.0,14041086.0,-10359739.0,1687012.0,,1875879819.0,,,530.37,100.0,unknown,QuantData PER_ONE_DOLLAR_MOVE; exact dollar/contract scaling unverified,QuantData
2026-08-17T14:40:00-04:00,2027-01-15,520.0,put,-26872.0,16362.0,,-7090279.0,,,,,3681347.0,14041086.0,-10359739.0,1687012.0,,1875879819.0,,,530.37,100.0,unknown,QuantData PER_ONE_DOLLAR_MOVE; exact dollar/contract scaling unverified,QuantData
2026-08-17T14:40:00-04:00,2027-01-15,530.0,call,10606.0,7421.0,,4455254.0,,,,,3681347.0,14041086.0,-10359739.0,1687012.0,,1875879819.0,,,530.37,100.0,unknown,QuantData PER_ONE_DOLLAR_MOVE; exact dollar/contract scaling unverified,QuantData
2026-08-17T14:40:00-04:00,2027-01-15,530.0,put,-8612.0,6247.0,,-2336986.0,,,,,3681347.0,14041086.0,-10359739.0,1687012.0,,1875879819.0,,,530.37,100.0,unknown,QuantData PER_ONE_DOLLAR_MOVE; exact dollar/contract scaling unverified,QuantData
2026-08-17T14:40:00-04:00,2027-01-15,540.0,call,37296.0,28756.0,,15917265.0,,,,,3681347.0,14041086.0,-10359739.0,1687012.0,,1875879819.0,,,530.37,100.0,unknown,QuantData PER_ONE_DOLLAR_MOVE; exact dollar/contract scaling unverified,QuantData
2026-08-17T14:40:00-04:00,2027-01-15,540.0,put,-2491.0,2133.0,,-695269.0,,,,,3681347.0,14041086.0,-10359739.0,1687012.0,,1875879819.0,,,530.37,100.0,unknown,QuantData PER_ONE_DOLLAR_MOVE; exact dollar/contract scaling unverified,QuantData
2026-08-17T14:40:00-04:00,2027-01-15,550.0,call,24774.0,23308.0,,10275552.0,,,,,3681347.0,14041086.0,-10359739.0,1687012.0,,1875879819.0,,,530.37,100.0,unknown,QuantData PER_ONE_DOLLAR_MOVE; exact dollar/contract scaling unverified,QuantData
2026-08-17T14:40:00-04:00,2027-01-15,550.0,put,-17386.0,15503.0,,-4877157.0,,,,,3681347.0,14041086.0,-10359739.0,1687012.0,,1875879819.0,,,530.37,100.0,unknown,QuantData PER_ONE_DOLLAR_MOVE; exact dollar/contract scaling unverified,QuantData
2026-08-17T14:40:00-04:00,2027-01-15,560.0,call,3835.0,3460.0,,1636568.0,,,,,3681347.0,14041086.0,-10359739.0,1687012.0,,1875879819.0,,,530.37,100.0,unknown,QuantData PER_ONE_DOLLAR_MOVE; exact dollar/contract scaling unverified,QuantData
2026-08-17T14:40:00-04:00,2027-01-15,560.0,put,0.0,0.0,,0.0,,,,,3681347.0,14041086.0,-10359739.0,1687012.0,,1875879819.0,,,530.37,100.0,unknown,QuantData PER_ONE_DOLLAR_MOVE; exact dollar/contract scaling unverified,QuantData
2026-08-17T14:40:00-04:00,2027-01-15,570.0,call,26974.0,31233.0,,9935123.0,,,,,3681347.0,14041086.0,-10359739.0,1687012.0,,1875879819.0,,,530.37,100.0,unknown,QuantData PER_ONE_DOLLAR_MOVE; exact dollar/contract scaling unverified,QuantData
2026-08-17T14:40:00-04:00,2027-01-15,570.0,put,0.0,0.0,,0.0,,,,,3681347.0,14041086.0,-10359739.0,1687012.0,,1875879819.0,,,530.37,100.0,unknown,QuantData PER_ONE_DOLLAR_MOVE; exact dollar/contract scaling unverified,QuantData
2026-08-17T14:40:00-04:00,2027-01-15,600.0,call,43979.0,67786.0,,14937077.0,,,,,3681347.0,14041086.0,-10359739.0,1687012.0,,1875879819.0,,,530.37,100.0,unknown,QuantData PER_ONE_DOLLAR_MOVE; exact dollar/contract scaling unverified,QuantData
2026-08-17T14:40:00-04:00,2027-01-15,600.0,put,0.0,0.0,,0.0,,,,,3681347.0,14041086.0,-10359739.0,1687012.0,,1875879819.0,,,530.37,100.0,unknown,QuantData PER_ONE_DOLLAR_MOVE; exact dollar/contract scaling unverified,QuantData
2026-08-17T14:40:00-04:00,2027-01-15,620.0,call,10832.0,17991.0,,3801303.0,,,,,3681347.0,14041086.0,-10359739.0,1687012.0,,1875879819.0,,,530.37,100.0,unknown,QuantData PER_ONE_DOLLAR_MOVE; exact dollar/contract scaling unverified,QuantData
2026-08-17T14:40:00-04:00,2027-01-15,620.0,put,-2024.0,3487.0,,-689600.0,,,,,3681347.0,14041086.0,-10359739.0,1687012.0,,1875879819.0,,,530.37,100.0,unknown,QuantData PER_ONE_DOLLAR_MOVE; exact dollar/contract scaling unverified,QuantData
2026-08-17T14:40:00-04:00,2027-01-15,630.0,call,56549.0,107126.0,,17682194.0,,,,,3681347.0,14041086.0,-10359739.0,1687012.0,,1875879819.0,,,530.37,100.0,unknown,QuantData PER_ONE_DOLLAR_MOVE; exact dollar/contract scaling unverified,QuantData
2026-08-17T14:40:00-04:00,2027-01-15,630.0,put,-2475.0,4272.0,,-874012.0,,,,,3681347.0,14041086.0,-10359739.0,1687012.0,,1875879819.0,,,530.37,100.0,unknown,QuantData PER_ONE_DOLLAR_MOVE; exact dollar/contract scaling unverified,QuantData
2026-08-17T14:40:00-04:00,2027-01-15,640.0,call,24472.0,48306.0,,7607123.0,,,,,3681347.0,14041086.0,-10359739.0,1687012.0,,1875879819.0,,,530.37,100.0,unknown,QuantData PER_ONE_DOLLAR_MOVE; exact dollar/contract scaling unverified,QuantData
2026-08-17T14:40:00-04:00,2027-01-15,640.0,put,0.0,0.0,,0.0,,,,,3681347.0,14041086.0,-10359739.0,1687012.0,,1875879819.0,,,530.37,100.0,unknown,QuantData PER_ONE_DOLLAR_MOVE; exact dollar/contract scaling unverified,QuantData
2026-08-17T14:40:00-04:00,2027-01-15,650.0,call,27722.0,57474.0,,8439386.0,,,,,3681347.0,14041086.0,-10359739.0,1687012.0,,1875879819.0,,,530.37,100.0,unknown,QuantData PER_ONE_DOLLAR_MOVE; exact dollar/contract scaling unverified,QuantData
2026-08-17T14:40:00-04:00,2027-01-15,650.0,put,-31883.0,63783.0,,-11930039.0,,,,,3681347.0,14041086.0,-10359739.0,1687012.0,,1875879819.0,,,530.37,100.0,unknown,QuantData PER_ONE_DOLLAR_MOVE; exact dollar/contract scaling unverified,QuantData
2026-08-17T14:40:00-04:00,2027-01-15,660.0,call,0.0,0.0,,0.0,,,,,3681347.0,14041086.0,-10359739.0,1687012.0,,1875879819.0,,,530.37,100.0,unknown,QuantData PER_ONE_DOLLAR_MOVE; exact dollar/contract scaling unverified,QuantData
2026-08-17T14:40:00-04:00,2027-01-15,660.0,put,-5421.0,11615.0,,-2087784.0,,,,,3681347.0,14041086.0,-10359739.0,1687012.0,,1875879819.0,,,530.37,100.0,unknown,QuantData PER_ONE_DOLLAR_MOVE; exact dollar/contract scaling unverified,QuantData
2026-08-17T14:40:00-04:00,2027-01-15,670.0,call,4752.0,10962.0,,1366349.0,,,,,3681347.0,14041086.0,-10359739.0,1687012.0,,1875879819.0,,,530.37,100.0,unknown,QuantData PER_ONE_DOLLAR_MOVE; exact dollar/contract scaling unverified,QuantData
2026-08-17T14:40:00-04:00,2027-01-15,670.0,put,-1361.0,2936.0,,-525968.0,,,,,3681347.0,14041086.0,-10359739.0,1687012.0,,1875879819.0,,,530.37,100.0,unknown,QuantData PER_ONE_DOLLAR_MOVE; exact dollar/contract scaling unverified,QuantData
2026-08-17T14:40:00-04:00,2027-01-15,680.0,call,6103.0,13837.0,,1894526.0,,,,,3681347.0,14041086.0,-10359739.0,1687012.0,,1875879819.0,,,530.37,100.0,unknown,QuantData PER_ONE_DOLLAR_MOVE; exact dollar/contract scaling unverified,QuantData
2026-08-17T14:40:00-04:00,2027-01-15,680.0,put,0.0,0.0,,0.0,,,,,3681347.0,14041086.0,-10359739.0,1687012.0,,1875879819.0,,,530.37,100.0,unknown,QuantData PER_ONE_DOLLAR_MOVE; exact dollar/contract scaling unverified,QuantData
2026-08-17T14:40:00-04:00,2027-01-15,690.0,call,7535.0,18924.0,,2064381.0,,,,,3681347.0,14041086.0,-10359739.0,1687012.0,,1875879819.0,,,530.37,100.0,unknown,QuantData PER_ONE_DOLLAR_MOVE; exact dollar/contract scaling unverified,QuantData
2026-08-17T14:40:00-04:00,2027-01-15,690.0,put,-1147.0,2880.0,,-468722.0,,,,,3681347.0,14041086.0,-10359739.0,1687012.0,,1875879819.0,,,530.37,100.0,unknown,QuantData PER_ONE_DOLLAR_MOVE; exact dollar/contract scaling unverified,QuantData
2026-08-17T14:40:00-04:00,2027-01-15,700.0,call,44792.0,117610.0,,11963335.0,,,,,3681347.0,14041086.0,-10359739.0,1687012.0,,1875879819.0,,,530.37,100.0,unknown,QuantData PER_ONE_DOLLAR_MOVE; exact dollar/contract scaling unverified,QuantData
2026-08-17T14:40:00-04:00,2027-01-15,700.0,put,-1503.0,3888.0,,-631756.0,,,,,3681347.0,14041086.0,-10359739.0,1687012.0,,1875879819.0,,,530.37,100.0,unknown,QuantData PER_ONE_DOLLAR_MOVE; exact dollar/contract scaling unverified,QuantData
2026-08-17T14:40:00-04:00,2027-01-15,710.0,call,10306.0,27993.0,,2730687.0,,,,,3681347.0,14041086.0,-10359739.0,1687012.0,,1875879819.0,,,530.37,100.0,unknown,QuantData PER_ONE_DOLLAR_MOVE; exact dollar/contract scaling unverified,QuantData
2026-08-17T14:40:00-04:00,2027-01-15,710.0,put,-816.0,2183.0,,-352426.0,,,,,3681347.0,14041086.0,-10359739.0,1687012.0,,1875879819.0,,,530.37,100.0,unknown,QuantData PER_ONE_DOLLAR_MOVE; exact dollar/contract scaling unverified,QuantData
2026-08-17T14:40:00-04:00,2027-01-15,720.0,call,12071.0,34030.0,,3108832.0,,,,,3681347.0,14041086.0,-10359739.0,1687012.0,,1875879819.0,,,530.37,100.0,unknown,QuantData PER_ONE_DOLLAR_MOVE; exact dollar/contract scaling unverified,QuantData
2026-08-17T14:40:00-04:00,2027-01-15,720.0,put,0.0,0.0,,0.0,,,,,3681347.0,14041086.0,-10359739.0,1687012.0,,1875879819.0,,,530.37,100.0,unknown,QuantData PER_ONE_DOLLAR_MOVE; exact dollar/contract scaling unverified,QuantData
2026-08-17T14:40:00-04:00,2027-01-15,730.0,call,7713.0,21907.0,,2050510.0,,,,,3681347.0,14041086.0,-10359739.0,1687012.0,,1875879819.0,,,530.37,100.0,unknown,QuantData PER_ONE_DOLLAR_MOVE; exact dollar/contract scaling unverified,QuantData
2026-08-17T14:40:00-04:00,2027-01-15,730.0,put,-3620.0,10404.0,,-1634822.0,,,,,3681347.0,14041086.0,-10359739.0,1687012.0,,1875879819.0,,,530.37,100.0,unknown,QuantData PER_ONE_DOLLAR_MOVE; exact dollar/contract scaling unverified,QuantData
2026-08-17T14:40:00-04:00,2027-01-15,740.0,call,10609.0,30269.0,,2929645.0,,,,,3681347.0,14041086.0,-10359739.0,1687012.0,,1875879819.0,,,530.37,100.0,unknown,QuantData PER_ONE_DOLLAR_MOVE; exact dollar/contract scaling unverified,QuantData
2026-08-17T14:40:00-04:00,2027-01-15,740.0,put,0.0,0.0,,0.0,,,,,3681347.0,14041086.0,-10359739.0,1687012.0,,1875879819.0,,,530.37,100.0,unknown,QuantData PER_ONE_DOLLAR_MOVE; exact dollar/contract scaling unverified,QuantData
2026-08-17T14:40:00-04:00,2027-01-15,750.0,call,77715.0,234556.0,,20189215.0,,,,,3681347.0,14041086.0,-10359739.0,1687012.0,,1875879819.0,,,530.37,100.0,unknown,QuantData PER_ONE_DOLLAR_MOVE; exact dollar/contract scaling unverified,QuantData
2026-08-17T14:40:00-04:00,2027-01-15,750.0,put,0.0,0.0,,0.0,,,,,3681347.0,14041086.0,-10359739.0,1687012.0,,1875879819.0,,,530.37,100.0,unknown,QuantData PER_ONE_DOLLAR_MOVE; exact dollar/contract scaling unverified,QuantData
2026-08-17T14:40:00-04:00,2027-01-15,760.0,call,5352.0,16735.0,,1339900.0,,,,,3681347.0,14041086.0,-10359739.0,1687012.0,,1875879819.0,,,530.37,100.0,unknown,QuantData PER_ONE_DOLLAR_MOVE; exact dollar/contract scaling unverified,QuantData
2026-08-17T14:40:00-04:00,2027-01-15,760.0,put,0.0,0.0,,0.0,,,,,3681347.0,14041086.0,-10359739.0,1687012.0,,1875879819.0,,,530.37,100.0,unknown,QuantData PER_ONE_DOLLAR_MOVE; exact dollar/contract scaling unverified,QuantData
2026-08-17T14:40:00-04:00,2027-01-15,770.0,call,6788.0,21203.0,,1789318.0,,,,,3681347.0,14041086.0,-10359739.0,1687012.0,,1875879819.0,,,530.37,100.0,unknown,QuantData PER_ONE_DOLLAR_MOVE; exact dollar/contract scaling unverified,QuantData
2026-08-17T14:40:00-04:00,2027-01-15,770.0,put,0.0,0.0,,0.0,,,,,3681347.0,14041086.0,-10359739.0,1687012.0,,1875879819.0,,,530.37,100.0,unknown,QuantData PER_ONE_DOLLAR_MOVE; exact dollar/contract scaling unverified,QuantData
2026-08-17T14:40:00-04:00,2027-01-15,780.0,call,18219.0,58588.0,,4710244.0,,,,,3681347.0,14041086.0,-10359739.0,1687012.0,,1875879819.0,,,530.37,100.0,unknown,QuantData PER_ONE_DOLLAR_MOVE; exact dollar/contract scaling unverified,QuantData
2026-08-17T14:40:00-04:00,2027-01-15,780.0,put,-4335.0,14112.0,,-2219898.0,,,,,3681347.0,14041086.0,-10359739.0,1687012.0,,1875879819.0,,,530.37,100.0,unknown,QuantData PER_ONE_DOLLAR_MOVE; exact dollar/contract scaling unverified,QuantData
2026-08-17T14:40:00-04:00,2027-01-15,800.0,call,29758.0,104883.0,,6733607.0,,,,,3681347.0,14041086.0,-10359739.0,1687012.0,,1875879819.0,,,530.37,100.0,unknown,QuantData PER_ONE_DOLLAR_MOVE; exact dollar/contract scaling unverified,QuantData
2026-08-17T14:40:00-04:00,2027-01-15,800.0,put,0.0,0.0,,0.0,,,,,3681347.0,14041086.0,-10359739.0,1687012.0,,1875879819.0,,,530.37,100.0,unknown,QuantData PER_ONE_DOLLAR_MOVE; exact dollar/contract scaling unverified,QuantData
2026-08-17T14:40:00-04:00,2027-01-15,820.0,call,0.0,0.0,,0.0,,,,,3681347.0,14041086.0,-10359739.0,1687012.0,,1875879819.0,,,530.37,100.0,unknown,QuantData PER_ONE_DOLLAR_MOVE; exact dollar/contract scaling unverified,QuantData
2026-08-17T14:40:00-04:00,2027-01-15,820.0,put,-4184.0,14704.0,,-2335446.0,,,,,3681347.0,14041086.0,-10359739.0,1687012.0,,1875879819.0,,,530.37,100.0,unknown,QuantData PER_ONE_DOLLAR_MOVE; exact dollar/contract scaling unverified,QuantData
2026-08-17T14:40:00-04:00,2027-01-15,850.0,call,11288.0,44866.0,,2309337.0,,,,,3681347.0,14041086.0,-10359739.0,1687012.0,,1875879819.0,,,530.37,100.0,unknown,QuantData PER_ONE_DOLLAR_MOVE; exact dollar/contract scaling unverified,QuantData
2026-08-17T14:40:00-04:00,2027-01-15,850.0,put,0.0,0.0,,0.0,,,,,3681347.0,14041086.0,-10359739.0,1687012.0,,1875879819.0,,,530.37,100.0,unknown,QuantData PER_ONE_DOLLAR_MOVE; exact dollar/contract scaling unverified,QuantData
2026-08-17T14:40:00-04:00,2027-01-15,860.0,call,1110.0,4319.0,,254208.0,,,,,3681347.0,14041086.0,-10359739.0,1687012.0,,1875879819.0,,,530.37,100.0,unknown,QuantData PER_ONE_DOLLAR_MOVE; exact dollar/contract scaling unverified,QuantData
2026-08-17T14:40:00-04:00,2027-01-15,860.0,put,0.0,0.0,,0.0,,,,,3681347.0,14041086.0,-10359739.0,1687012.0,,1875879819.0,,,530.37,100.0,unknown,QuantData PER_ONE_DOLLAR_MOVE; exact dollar/contract scaling unverified,QuantData
2026-08-17T14:40:00-04:00,2027-01-15,880.0,call,2603.0,10540.0,,579999.0,,,,,3681347.0,14041086.0,-10359739.0,1687012.0,,1875879819.0,,,530.37,100.0,unknown,QuantData PER_ONE_DOLLAR_MOVE; exact dollar/contract scaling unverified,QuantData
2026-08-17T14:40:00-04:00,2027-01-15,880.0,put,0.0,0.0,,0.0,,,,,3681347.0,14041086.0,-10359739.0,1687012.0,,1875879819.0,,,530.37,100.0,unknown,QuantData PER_ONE_DOLLAR_MOVE; exact dollar/contract scaling unverified,QuantData
2026-08-17T14:40:00-04:00,2027-01-15,940.0,call,3896.0,17713.0,,773163.0,,,,,3681347.0,14041086.0,-10359739.0,1687012.0,,1875879819.0,,,530.37,100.0,unknown,QuantData PER_ONE_DOLLAR_MOVE; exact dollar/contract scaling unverified,QuantData
2026-08-17T14:40:00-04:00,2027-01-15,940.0,put,0.0,0.0,,0.0,,,,,3681347.0,14041086.0,-10359739.0,1687012.0,,1875879819.0,,,530.37,100.0,unknown,QuantData PER_ONE_DOLLAR_MOVE; exact dollar/contract scaling unverified,QuantData
2026-08-17T14:40:00-04:00,2027-01-15,960.0,call,12808.0,59413.0,,2587451.0,,,,,3681347.0,14041086.0,-10359739.0,1687012.0,,1875879819.0,,,530.37,100.0,unknown,QuantData PER_ONE_DOLLAR_MOVE; exact dollar/contract scaling unverified,QuantData
2026-08-17T14:40:00-04:00,2027-01-15,960.0,put,0.0,0.0,,0.0,,,,,3681347.0,14041086.0,-10359739.0,1687012.0,,1875879819.0,,,530.37,100.0,unknown,QuantData PER_ONE_DOLLAR_MOVE; exact dollar/contract scaling unverified,QuantData
2026-08-17T14:40:00-04:00,2027-01-15,970.0,call,5385.0,25326.0,,1081539.0,,,,,3681347.0,14041086.0,-10359739.0,1687012.0,,1875879819.0,,,530.37,100.0,unknown,QuantData PER_ONE_DOLLAR_MOVE; exact dollar/contract scaling unverified,QuantData
2026-08-17T14:40:00-04:00,2027-01-15,970.0,put,0.0,0.0,,0.0,,,,,3681347.0,14041086.0,-10359739.0,1687012.0,,1875879819.0,,,530.37,100.0,unknown,QuantData PER_ONE_DOLLAR_MOVE; exact dollar/contract scaling unverified,QuantData
2026-08-17T14:40:00-04:00,2027-01-15,1000.0,call,5560.0,27183.0,,1099829.0,,,,,3681347.0,14041086.0,-10359739.0,1687012.0,,1875879819.0,,,530.37,100.0,unknown,QuantData PER_ONE_DOLLAR_MOVE; exact dollar/contract scaling unverified,QuantData
2026-08-17T14:40:00-04:00,2027-01-15,1000.0,put,0.0,0.0,,0.0,,,,,3681347.0,14041086.0,-10359739.0,1687012.0,,1875879819.0,,,530.37,100.0,unknown,QuantData PER_ONE_DOLLAR_MOVE; exact dollar/contract scaling unverified,QuantData
2026-08-17T14:40:00-04:00,2027-01-15,1040.0,call,1009.0,5235.0,,185255.0,,,,,3681347.0,14041086.0,-10359739.0,1687012.0,,1875879819.0,,,530.37,100.0,unknown,QuantData PER_ONE_DOLLAR_MOVE; exact dollar/contract scaling unverified,QuantData
2026-08-17T14:40:00-04:00,2027-01-15,1040.0,put,0.0,0.0,,0.0,,,,,3681347.0,14041086.0,-10359739.0,1687012.0,,1875879819.0,,,530.37,100.0,unknown,QuantData PER_ONE_DOLLAR_MOVE; exact dollar/contract scaling unverified,QuantData
2026-08-17T14:40:00-04:00,2027-01-15,1100.0,call,1953.0,10859.0,,331349.0,,,,,3681347.0,14041086.0,-10359739.0,1687012.0,,1875879819.0,,,530.37,100.0,unknown,QuantData PER_ONE_DOLLAR_MOVE; exact dollar/contract scaling unverified,QuantData
2026-08-17T14:40:00-04:00,2027-01-15,1100.0,put,0.0,0.0,,0.0,,,,,3681347.0,14041086.0,-10359739.0,1687012.0,,1875879819.0,,,530.37,100.0,unknown,QuantData PER_ONE_DOLLAR_MOVE; exact dollar/contract scaling unverified,QuantData
2026-08-17T14:40:00-04:00,2027-01-15,1120.0,call,2471.0,14015.0,,413084.0,,,,,3681347.0,14041086.0,-10359739.0,1687012.0,,1875879819.0,,,530.37,100.0,unknown,QuantData PER_ONE_DOLLAR_MOVE; exact dollar/contract scaling unverified,QuantData
2026-08-17T14:40:00-04:00,2027-01-15,1120.0,put,0.0,0.0,,0.0,,,,,3681347.0,14041086.0,-10359739.0,1687012.0,,1875879819.0,,,530.37,100.0,unknown,QuantData PER_ONE_DOLLAR_MOVE; exact dollar/contract scaling unverified,QuantData
2026-08-17T14:40:00-04:00,2027-01-15,1140.0,call,3578.0,20700.0,,590170.0,,,,,3681347.0,14041086.0,-10359739.0,1687012.0,,1875879819.0,,,530.37,100.0,unknown,QuantData PER_ONE_DOLLAR_MOVE; exact dollar/contract scaling unverified,QuantData
2026-08-17T14:40:00-04:00,2027-01-15,1140.0,put,0.0,0.0,,0.0,,,,,3681347.0,14041086.0,-10359739.0,1687012.0,,1875879819.0,,,530.37,100.0,unknown,QuantData PER_ONE_DOLLAR_MOVE; exact dollar/contract scaling unverified,QuantData
2026-08-17T14:40:00-04:00,2027-01-15,1160.0,call,19443.0,114034.0,,3373057.0,,,,,3681347.0,14041086.0,-10359739.0,1687012.0,,1875879819.0,,,530.37,100.0,unknown,QuantData PER_ONE_DOLLAR_MOVE; exact dollar/contract scaling unverified,QuantData
2026-08-17T14:40:00-04:00,2027-01-15,1160.0,put,0.0,0.0,,0.0,,,,,3681347.0,14041086.0,-10359739.0,1687012.0,,1875879819.0,,,530.37,100.0,unknown,QuantData PER_ONE_DOLLAR_MOVE; exact dollar/contract scaling unverified,QuantData
2026-08-17T14:40:00-04:00,2027-03-19,145.0,call,0.0,0.0,,0.0,,,,,3681347.0,14041086.0,-10359739.0,1687012.0,,1875879819.0,,,530.37,100.0,unknown,QuantData PER_ONE_DOLLAR_MOVE; exact dollar/contract scaling unverified,QuantData
2026-08-17T14:40:00-04:00,2027-03-19,145.0,put,-548.0,-3770.0,,-71468.0,,,,,3681347.0,14041086.0,-10359739.0,1687012.0,,1875879819.0,,,530.37,100.0,unknown,QuantData PER_ONE_DOLLAR_MOVE; exact dollar/contract scaling unverified,QuantData
2026-08-17T14:40:00-04:00,2027-03-19,220.0,call,0.0,0.0,,0.0,,,,,3681347.0,14041086.0,-10359739.0,1687012.0,,1875879819.0,,,530.37,100.0,unknown,QuantData PER_ONE_DOLLAR_MOVE; exact dollar/contract scaling unverified,QuantData
2026-08-17T14:40:00-04:00,2027-03-19,220.0,put,-2915.0,-13681.0,,-452804.0,,,,,3681347.0,14041086.0,-10359739.0,1687012.0,,1875879819.0,,,530.37,100.0,unknown,QuantData PER_ONE_DOLLAR_MOVE; exact dollar/contract scaling unverified,QuantData
2026-08-17T14:40:00-04:00,2027-03-19,250.0,call,0.0,0.0,,0.0,,,,,3681347.0,14041086.0,-10359739.0,1687012.0,,1875879819.0,,,530.37,100.0,unknown,QuantData PER_ONE_DOLLAR_MOVE; exact dollar/contract scaling unverified,QuantData
2026-08-17T14:40:00-04:00,2027-03-19,250.0,put,-4923.0,-19328.0,,-812552.0,,,,,3681347.0,14041086.0,-10359739.0,1687012.0,,1875879819.0,,,530.37,100.0,unknown,QuantData PER_ONE_DOLLAR_MOVE; exact dollar/contract scaling unverified,QuantData
2026-08-17T14:40:00-04:00,2027-03-19,350.0,call,0.0,0.0,,0.0,,,,,3681347.0,14041086.0,-10359739.0,1687012.0,,1875879819.0,,,530.37,100.0,unknown,QuantData PER_ONE_DOLLAR_MOVE; exact dollar/contract scaling unverified,QuantData
2026-08-17T14:40:00-04:00,2027-03-19,350.0,put,-9435.0,-16766.0,,-1960505.0,,,,,3681347.0,14041086.0,-10359739.0,1687012.0,,1875879819.0,,,530.37,100.0,unknown,QuantData PER_ONE_DOLLAR_MOVE; exact dollar/contract scaling unverified,QuantData
2026-08-17T14:40:00-04:00,2027-03-19,360.0,call,0.0,0.0,,0.0,,,,,3681347.0,14041086.0,-10359739.0,1687012.0,,1875879819.0,,,530.37,100.0,unknown,QuantData PER_ONE_DOLLAR_MOVE; exact dollar/contract scaling unverified,QuantData
2026-08-17T14:40:00-04:00,2027-03-19,360.0,put,-1494.0,-2357.0,,-337871.0,,,,,3681347.0,14041086.0,-10359739.0,1687012.0,,1875879819.0,,,530.37,100.0,unknown,QuantData PER_ONE_DOLLAR_MOVE; exact dollar/contract scaling unverified,QuantData
2026-08-17T14:40:00-04:00,2027-03-19,390.0,call,0.0,0.0,,0.0,,,,,3681347.0,14041086.0,-10359739.0,1687012.0,,1875879819.0,,,530.37,100.0,unknown,QuantData PER_ONE_DOLLAR_MOVE; exact dollar/contract scaling unverified,QuantData
2026-08-17T14:40:00-04:00,2027-03-19,390.0,put,-2667.0,-2823.0,,-633114.0,,,,,3681347.0,14041086.0,-10359739.0,1687012.0,,1875879819.0,,,530.37,100.0,unknown,QuantData PER_ONE_DOLLAR_MOVE; exact dollar/contract scaling unverified,QuantData
2026-08-17T14:40:00-04:00,2027-03-19,410.0,call,671.0,-515.0,,590455.0,,,,,3681347.0,14041086.0,-10359739.0,1687012.0,,1875879819.0,,,530.37,100.0,unknown,QuantData PER_ONE_DOLLAR_MOVE; exact dollar/contract scaling unverified,QuantData
2026-08-17T14:40:00-04:00,2027-03-19,410.0,put,0.0,0.0,,0.0,,,,,3681347.0,14041086.0,-10359739.0,1687012.0,,1875879819.0,,,530.37,100.0,unknown,QuantData PER_ONE_DOLLAR_MOVE; exact dollar/contract scaling unverified,QuantData
2026-08-17T14:40:00-04:00,2027-03-19,420.0,call,6469.0,-4207.0,,5421941.0,,,,,3681347.0,14041086.0,-10359739.0,1687012.0,,1875879819.0,,,530.37,100.0,unknown,QuantData PER_ONE_DOLLAR_MOVE; exact dollar/contract scaling unverified,QuantData
2026-08-17T14:40:00-04:00,2027-03-19,420.0,put,-12689.0,-7984.0,,-3226019.0,,,,,3681347.0,14041086.0,-10359739.0,1687012.0,,1875879819.0,,,530.37,100.0,unknown,QuantData PER_ONE_DOLLAR_MOVE; exact dollar/contract scaling unverified,QuantData
2026-08-17T14:40:00-04:00,2027-03-19,430.0,call,3254.0,-1442.0,,2616825.0,,,,,3681347.0,14041086.0,-10359739.0,1687012.0,,1875879819.0,,,530.37,100.0,unknown,QuantData PER_ONE_DOLLAR_MOVE; exact dollar/contract scaling unverified,QuantData
2026-08-17T14:40:00-04:00,2027-03-19,430.0,put,-3561.0,-1683.0,,-896835.0,,,,,3681347.0,14041086.0,-10359739.0,1687012.0,,1875879819.0,,,530.37,100.0,unknown,QuantData PER_ONE_DOLLAR_MOVE; exact dollar/contract scaling unverified,QuantData
2026-08-17T14:40:00-04:00,2027-03-19,440.0,call,1991.0,-780.0,,1613963.0,,,,,3681347.0,14041086.0,-10359739.0,1687012.0,,1875879819.0,,,530.37,100.0,unknown,QuantData PER_ONE_DOLLAR_MOVE; exact dollar/contract scaling unverified,QuantData
2026-08-17T14:40:00-04:00,2027-03-19,440.0,put,0.0,0.0,,0.0,,,,,3681347.0,14041086.0,-10359739.0,1687012.0,,1875879819.0,,,530.37,100.0,unknown,QuantData PER_ONE_DOLLAR_MOVE; exact dollar/contract scaling unverified,QuantData
2026-08-17T14:40:00-04:00,2027-03-19,450.0,call,10983.0,-2964.0,,8663261.0,,,,,3681347.0,14041086.0,-10359739.0,1687012.0,,1875879819.0,,,530.37,100.0,unknown,QuantData PER_ONE_DOLLAR_MOVE; exact dollar/contract scaling unverified,QuantData
2026-08-17T14:40:00-04:00,2027-03-19,450.0,put,-33154.0,-2072.0,,-8701566.0,,,,,3681347.0,14041086.0,-10359739.0,1687012.0,,1875879819.0,,,530.37,100.0,unknown,QuantData PER_ONE_DOLLAR_MOVE; exact dollar/contract scaling unverified,QuantData
2026-08-17T14:40:00-04:00,2027-03-19,460.0,call,2752.0,-177.0,,2030778.0,,,,,3681347.0,14041086.0,-10359739.0,1687012.0,,1875879819.0,,,530.37,100.0,unknown,QuantData PER_ONE_DOLLAR_MOVE; exact dollar/contract scaling unverified,QuantData
2026-08-17T14:40:00-04:00,2027-03-19,460.0,put,-1944.0,94.0,,-516253.0,,,,,3681347.0,14041086.0,-10359739.0,1687012.0,,1875879819.0,,,530.37,100.0,unknown,QuantData PER_ONE_DOLLAR_MOVE; exact dollar/contract scaling unverified,QuantData
2026-08-17T14:40:00-04:00,2027-03-19,470.0,call,2479.0,409.0,,1622627.0,,,,,3681347.0,14041086.0,-10359739.0,1687012.0,,1875879819.0,,,530.37,100.0,unknown,QuantData PER_ONE_DOLLAR_MOVE; exact dollar/contract scaling unverified,QuantData
2026-08-17T14:40:00-04:00,2027-03-19,470.0,put,-7079.0,1498.0,,-1937150.0,,,,,3681347.0,14041086.0,-10359739.0,1687012.0,,1875879819.0,,,530.37,100.0,unknown,QuantData PER_ONE_DOLLAR_MOVE; exact dollar/contract scaling unverified,QuantData
2026-08-17T14:40:00-04:00,2027-03-19,480.0,call,0.0,0.0,,0.0,,,,,3681347.0,14041086.0,-10359739.0,1687012.0,,1875879819.0,,,530.37,100.0,unknown,QuantData PER_ONE_DOLLAR_MOVE; exact dollar/contract scaling unverified,QuantData
2026-08-17T14:40:00-04:00,2027-03-19,480.0,put,-26622.0,8203.0,,-7335090.0,,,,,3681347.0,14041086.0,-10359739.0,1687012.0,,1875879819.0,,,530.37,100.0,unknown,QuantData PER_ONE_DOLLAR_MOVE; exact dollar/contract scaling unverified,QuantData
2026-08-17T14:40:00-04:00,2027-03-19,490.0,call,0.0,0.0,,0.0,,,,,3681347.0,14041086.0,-10359739.0,1687012.0,,1875879819.0,,,530.37,100.0,unknown,QuantData PER_ONE_DOLLAR_MOVE; exact dollar/contract scaling unverified,QuantData
2026-08-17T14:40:00-04:00,2027-03-19,490.0,put,-4610.0,2163.0,,-1324801.0,,,,,3681347.0,14041086.0,-10359739.0,1687012.0,,1875879819.0,,,530.37,100.0,unknown,QuantData PER_ONE_DOLLAR_MOVE; exact dollar/contract scaling unverified,QuantData
2026-08-17T14:40:00-04:00,2027-03-19,500.0,call,13519.0,7408.0,,8784141.0,,,,,3681347.0,14041086.0,-10359739.0,1687012.0,,1875879819.0,,,530.37,100.0,unknown,QuantData PER_ONE_DOLLAR_MOVE; exact dollar/contract scaling unverified,QuantData
2026-08-17T14:40:00-04:00,2027-03-19,500.0,put,-4314.0,2714.0,,-1261478.0,,,,,3681347.0,14041086.0,-10359739.0,1687012.0,,1875879819.0,,,530.37,100.0,unknown,QuantData PER_ONE_DOLLAR_MOVE; exact dollar/contract scaling unverified,QuantData
2026-08-17T14:40:00-04:00,2027-03-19,510.0,call,5306.0,3847.0,,3071864.0,,,,,3681347.0,14041086.0,-10359739.0,1687012.0,,1875879819.0,,,530.37,100.0,unknown,QuantData PER_ONE_DOLLAR_MOVE; exact dollar/contract scaling unverified,QuantData
2026-08-17T14:40:00-04:00,2027-03-19,510.0,put,-1947.0,1615.0,,-591176.0,,,,,3681347.0,14041086.0,-10359739.0,1687012.0,,1875879819.0,,,530.37,100.0,unknown,QuantData PER_ONE_DOLLAR_MOVE; exact dollar/contract scaling unverified,QuantData
2026-08-17T14:40:00-04:00,2027-03-19,520.0,call,17351.0,12397.0,,10497669.0,,,,,3681347.0,14041086.0,-10359739.0,1687012.0,,1875879819.0,,,530.37,100.0,unknown,QuantData PER_ONE_DOLLAR_MOVE; exact dollar/contract scaling unverified,QuantData
2026-08-17T14:40:00-04:00,2027-03-19,520.0,put,-4313.0,4430.0,,-1331216.0,,,,,3681347.0,14041086.0,-10359739.0,1687012.0,,1875879819.0,,,530.37,100.0,unknown,QuantData PER_ONE_DOLLAR_MOVE; exact dollar/contract scaling unverified,QuantData
2026-08-17T14:40:00-04:00,2027-03-19,530.0,call,0.0,0.0,,0.0,,,,,3681347.0,14041086.0,-10359739.0,1687012.0,,1875879819.0,,,530.37,100.0,unknown,QuantData PER_ONE_DOLLAR_MOVE; exact dollar/contract scaling unverified,QuantData
2026-08-17T14:40:00-04:00,2027-03-19,530.0,put,-4477.0,4787.0,,-1415493.0,,,,,3681347.0,14041086.0,-10359739.0,1687012.0,,1875879819.0,,,530.37,100.0,unknown,QuantData PER_ONE_DOLLAR_MOVE; exact dollar/contract scaling unverified,QuantData
2026-08-17T14:40:00-04:00,2027-03-19,540.0,call,13932.0,14558.0,,7810606.0,,,,,3681347.0,14041086.0,-10359739.0,1687012.0,,1875879819.0,,,530.37,100.0,unknown,QuantData PER_ONE_DOLLAR_MOVE; exact dollar/contract scaling unverified,QuantData
2026-08-17T14:40:00-04:00,2027-03-19,540.0,put,-2701.0,2790.0,,-869970.0,,,,,3681347.0,14041086.0,-10359739.0,1687012.0,,1875879819.0,,,530.37,100.0,unknown,QuantData PER_ONE_DOLLAR_MOVE; exact dollar/contract scaling unverified,QuantData
2026-08-17T14:40:00-04:00,2027-03-19,550.0,call,10885.0,13553.0,,5555636.0,,,,,3681347.0,14041086.0,-10359739.0,1687012.0,,1875879819.0,,,530.37,100.0,unknown,QuantData PER_ONE_DOLLAR_MOVE; exact dollar/contract scaling unverified,QuantData
2026-08-17T14:40:00-04:00,2027-03-19,550.0,put,0.0,0.0,,0.0,,,,,3681347.0,14041086.0,-10359739.0,1687012.0,,1875879819.0,,,530.37,100.0,unknown,QuantData PER_ONE_DOLLAR_MOVE; exact dollar/contract scaling unverified,QuantData
2026-08-17T14:40:00-04:00,2027-03-19,560.0,call,21808.0,29661.0,,10871006.0,,,,,3681347.0,14041086.0,-10359739.0,1687012.0,,1875879819.0,,,530.37,100.0,unknown,QuantData PER_ONE_DOLLAR_MOVE; exact dollar/contract scaling unverified,QuantData
2026-08-17T14:40:00-04:00,2027-03-19,560.0,put,0.0,0.0,,0.0,,,,,3681347.0,14041086.0,-10359739.0,1687012.0,,1875879819.0,,,530.37,100.0,unknown,QuantData PER_ONE_DOLLAR_MOVE; exact dollar/contract scaling unverified,QuantData
2026-08-17T14:40:00-04:00,2027-03-19,600.0,call,51534.0,97009.0,,22604338.0,,,,,3681347.0,14041086.0,-10359739.0,1687012.0,,1875879819.0,,,530.37,100.0,unknown,QuantData PER_ONE_DOLLAR_MOVE; exact dollar/contract scaling unverified,QuantData
2026-08-17T14:40:00-04:00,2027-03-19,600.0,put,0.0,0.0,,0.0,,,,,3681347.0,14041086.0,-10359739.0,1687012.0,,1875879819.0,,,530.37,100.0,unknown,QuantData PER_ONE_DOLLAR_MOVE; exact dollar/contract scaling unverified,QuantData
2026-08-17T14:40:00-04:00,2027-03-19,610.0,call,2122.0,4190.0,,922011.0,,,,,3681347.0,14041086.0,-10359739.0,1687012.0,,1875879819.0,,,530.37,100.0,unknown,QuantData PER_ONE_DOLLAR_MOVE; exact dollar/contract scaling unverified,QuantData
2026-08-17T14:40:00-04:00,2027-03-19,610.0,put,0.0,0.0,,0.0,,,,,3681347.0,14041086.0,-10359739.0,1687012.0,,1875879819.0,,,530.37,100.0,unknown,QuantData PER_ONE_DOLLAR_MOVE; exact dollar/contract scaling unverified,QuantData
2026-08-17T14:40:00-04:00,2027-03-19,640.0,call,0.0,0.0,,0.0,,,,,3681347.0,14041086.0,-10359739.0,1687012.0,,1875879819.0,,,530.37,100.0,unknown,QuantData PER_ONE_DOLLAR_MOVE; exact dollar/contract scaling unverified,QuantData
2026-08-17T14:40:00-04:00,2027-03-19,640.0,put,-27462.0,59905.0,,-10901247.0,,,,,3681347.0,14041086.0,-10359739.0,1687012.0,,1875879819.0,,,530.37,100.0,unknown,QuantData PER_ONE_DOLLAR_MOVE; exact dollar/contract scaling unverified,QuantData
2026-08-17T14:40:00-04:00,2027-03-19,650.0,call,5528.0,12554.0,,2447718.0,,,,,3681347.0,14041086.0,-10359739.0,1687012.0,,1875879819.0,,,530.37,100.0,unknown,QuantData PER_ONE_DOLLAR_MOVE; exact dollar/contract scaling unverified,QuantData
2026-08-17T14:40:00-04:00,2027-03-19,650.0,put,0.0,0.0,,0.0,,,,,3681347.0,14041086.0,-10359739.0,1687012.0,,1875879819.0,,,530.37,100.0,unknown,QuantData PER_ONE_DOLLAR_MOVE; exact dollar/contract scaling unverified,QuantData
2026-08-17T14:40:00-04:00,2027-03-19,660.0,call,14649.0,36057.0,,5959999.0,,,,,3681347.0,14041086.0,-10359739.0,1687012.0,,1875879819.0,,,530.37,100.0,unknown,QuantData PER_ONE_DOLLAR_MOVE; exact dollar/contract scaling unverified,QuantData
2026-08-17T14:40:00-04:00,2027-03-19,660.0,put,0.0,0.0,,0.0,,,,,3681347.0,14041086.0,-10359739.0,1687012.0,,1875879819.0,,,530.37,100.0,unknown,QuantData PER_ONE_DOLLAR_MOVE; exact dollar/contract scaling unverified,QuantData
2026-08-17T14:40:00-04:00,2027-03-19,670.0,call,2106.0,5381.0,,846900.0,,,,,3681347.0,14041086.0,-10359739.0,1687012.0,,1875879819.0,,,530.37,100.0,unknown,QuantData PER_ONE_DOLLAR_MOVE; exact dollar/contract scaling unverified,QuantData
2026-08-17T14:40:00-04:00,2027-03-19,670.0,put,0.0,0.0,,0.0,,,,,3681347.0,14041086.0,-10359739.0,1687012.0,,1875879819.0,,,530.37,100.0,unknown,QuantData PER_ONE_DOLLAR_MOVE; exact dollar/contract scaling unverified,QuantData
2026-08-17T14:40:00-04:00,2027-03-19,680.0,call,1894.0,5030.0,,754562.0,,,,,3681347.0,14041086.0,-10359739.0,1687012.0,,1875879819.0,,,530.37,100.0,unknown,QuantData PER_ONE_DOLLAR_MOVE; exact dollar/contract scaling unverified,QuantData
2026-08-17T14:40:00-04:00,2027-03-19,680.0,put,-4954.0,12779.0,,-2123049.0,,,,,3681347.0,14041086.0,-10359739.0,1687012.0,,1875879819.0,,,530.37,100.0,unknown,QuantData PER_ONE_DOLLAR_MOVE; exact dollar/contract scaling unverified,QuantData
2026-08-17T14:40:00-04:00,2027-03-19,690.0,call,1648.0,4528.0,,637883.0,,,,,3681347.0,14041086.0,-10359739.0,1687012.0,,1875879819.0,,,530.37,100.0,unknown,QuantData PER_ONE_DOLLAR_MOVE; exact dollar/contract scaling unverified,QuantData
2026-08-17T14:40:00-04:00,2027-03-19,690.0,put,0.0,0.0,,0.0,,,,,3681347.0,14041086.0,-10359739.0,1687012.0,,1875879819.0,,,530.37,100.0,unknown,QuantData PER_ONE_DOLLAR_MOVE; exact dollar/contract scaling unverified,QuantData
2026-08-17T14:40:00-04:00,2027-03-19,700.0,call,6579.0,18253.0,,2685166.0,,,,,3681347.0,14041086.0,-10359739.0,1687012.0,,1875879819.0,,,530.37,100.0,unknown,QuantData PER_ONE_DOLLAR_MOVE; exact dollar/contract scaling unverified,QuantData
2026-08-17T14:40:00-04:00,2027-03-19,700.0,put,0.0,0.0,,0.0,,,,,3681347.0,14041086.0,-10359739.0,1687012.0,,1875879819.0,,,530.37,100.0,unknown,QuantData PER_ONE_DOLLAR_MOVE; exact dollar/contract scaling unverified,QuantData
2026-08-17T14:40:00-04:00,2027-03-19,710.0,call,1557.0,4507.0,,609228.0,,,,,3681347.0,14041086.0,-10359739.0,1687012.0,,1875879819.0,,,530.37,100.0,unknown,QuantData PER_ONE_DOLLAR_MOVE; exact dollar/contract scaling unverified,QuantData
2026-08-17T14:40:00-04:00,2027-03-19,710.0,put,0.0,0.0,,0.0,,,,,3681347.0,14041086.0,-10359739.0,1687012.0,,1875879819.0,,,530.37,100.0,unknown,QuantData PER_ONE_DOLLAR_MOVE; exact dollar/contract scaling unverified,QuantData
2026-08-17T14:40:00-04:00,2027-03-19,730.0,call,1887.0,6035.0,,650520.0,,,,,3681347.0,14041086.0,-10359739.0,1687012.0,,1875879819.0,,,530.37,100.0,unknown,QuantData PER_ONE_DOLLAR_MOVE; exact dollar/contract scaling unverified,QuantData
2026-08-17T14:40:00-04:00,2027-03-19,730.0,put,0.0,0.0,,0.0,,,,,3681347.0,14041086.0,-10359739.0,1687012.0,,1875879819.0,,,530.37,100.0,unknown,QuantData PER_ONE_DOLLAR_MOVE; exact dollar/contract scaling unverified,QuantData
2026-08-17T14:40:00-04:00,2027-03-19,740.0,call,12160.0,40030.0,,4122187.0,,,,,3681347.0,14041086.0,-10359739.0,1687012.0,,1875879819.0,,,530.37,100.0,unknown,QuantData PER_ONE_DOLLAR_MOVE; exact dollar/contract scaling unverified,QuantData
2026-08-17T14:40:00-04:00,2027-03-19,740.0,put,0.0,0.0,,0.0,,,,,3681347.0,14041086.0,-10359739.0,1687012.0,,1875879819.0,,,530.37,100.0,unknown,QuantData PER_ONE_DOLLAR_MOVE; exact dollar/contract scaling unverified,QuantData
2026-08-17T14:40:00-04:00,2027-03-19,750.0,call,6946.0,23097.0,,2423767.0,,,,,3681347.0,14041086.0,-10359739.0,1687012.0,,1875879819.0,,,530.37,100.0,unknown,QuantData PER_ONE_DOLLAR_MOVE; exact dollar/contract scaling unverified,QuantData
2026-08-17T14:40:00-04:00,2027-03-19,750.0,put,0.0,0.0,,0.0,,,,,3681347.0,14041086.0,-10359739.0,1687012.0,,1875879819.0,,,530.37,100.0,unknown,QuantData PER_ONE_DOLLAR_MOVE; exact dollar/contract scaling unverified,QuantData
2026-08-17T14:40:00-04:00,2027-03-19,760.0,call,2933.0,9769.0,,1079064.0,,,,,3681347.0,14041086.0,-10359739.0,1687012.0,,1875879819.0,,,530.37,100.0,unknown,QuantData PER_ONE_DOLLAR_MOVE; exact dollar/contract scaling unverified,QuantData
2026-08-17T14:40:00-04:00,2027-03-19,760.0,put,0.0,0.0,,0.0,,,,,3681347.0,14041086.0,-10359739.0,1687012.0,,1875879819.0,,,530.37,100.0,unknown,QuantData PER_ONE_DOLLAR_MOVE; exact dollar/contract scaling unverified,QuantData
2026-08-17T14:40:00-04:00,2027-03-19,770.0,call,3311.0,11692.0,,1094629.0,,,,,3681347.0,14041086.0,-10359739.0,1687012.0,,1875879819.0,,,530.37,100.0,unknown,QuantData PER_ONE_DOLLAR_MOVE; exact dollar/contract scaling unverified,QuantData
2026-08-17T14:40:00-04:00,2027-03-19,770.0,put,0.0,0.0,,0.0,,,,,3681347.0,14041086.0,-10359739.0,1687012.0,,1875879819.0,,,530.37,100.0,unknown,QuantData PER_ONE_DOLLAR_MOVE; exact dollar/contract scaling unverified,QuantData
2026-08-17T14:40:00-04:00,2027-03-19,780.0,call,4115.0,14887.0,,1340023.0,,,,,3681347.0,14041086.0,-10359739.0,1687012.0,,1875879819.0,,,530.37,100.0,unknown,QuantData PER_ONE_DOLLAR_MOVE; exact dollar/contract scaling unverified,QuantData
2026-08-17T14:40:00-04:00,2027-03-19,780.0,put,0.0,0.0,,0.0,,,,,3681347.0,14041086.0,-10359739.0,1687012.0,,1875879819.0,,,530.37,100.0,unknown,QuantData PER_ONE_DOLLAR_MOVE; exact dollar/contract scaling unverified,QuantData
2026-08-17T14:40:00-04:00,2027-03-19,800.0,call,5304.0,20074.0,,1684314.0,,,,,3681347.0,14041086.0,-10359739.0,1687012.0,,1875879819.0,,,530.37,100.0,unknown,QuantData PER_ONE_DOLLAR_MOVE; exact dollar/contract scaling unverified,QuantData
2026-08-17T14:40:00-04:00,2027-03-19,800.0,put,0.0,0.0,,0.0,,,,,3681347.0,14041086.0,-10359739.0,1687012.0,,1875879819.0,,,530.37,100.0,unknown,QuantData PER_ONE_DOLLAR_MOVE; exact dollar/contract scaling unverified,QuantData
2026-08-17T14:40:00-04:00,2027-03-19,860.0,call,1076.0,4535.0,,331735.0,,,,,3681347.0,14041086.0,-10359739.0,1687012.0,,1875879819.0,,,530.37,100.0,unknown,QuantData PER_ONE_DOLLAR_MOVE; exact dollar/contract scaling unverified,QuantData
2026-08-17T14:40:00-04:00,2027-03-19,860.0,put,0.0,0.0,,0.0,,,,,3681347.0,14041086.0,-10359739.0,1687012.0,,1875879819.0,,,530.37,100.0,unknown,QuantData PER_ONE_DOLLAR_MOVE; exact dollar/contract scaling unverified,QuantData
2026-08-17T14:40:00-04:00,2027-03-19,900.0,call,13741.0,62351.0,,3967988.0,,,,,3681347.0,14041086.0,-10359739.0,1687012.0,,1875879819.0,,,530.37,100.0,unknown,QuantData PER_ONE_DOLLAR_MOVE; exact dollar/contract scaling unverified,QuantData
2026-08-17T14:40:00-04:00,2027-03-19,900.0,put,0.0,0.0,,0.0,,,,,3681347.0,14041086.0,-10359739.0,1687012.0,,1875879819.0,,,530.37,100.0,unknown,QuantData PER_ONE_DOLLAR_MOVE; exact dollar/contract scaling unverified,QuantData
2026-08-17T14:40:00-04:00,2027-03-19,920.0,call,2095.0,9822.0,,590373.0,,,,,3681347.0,14041086.0,-10359739.0,1687012.0,,1875879819.0,,,530.37,100.0,unknown,QuantData PER_ONE_DOLLAR_MOVE; exact dollar/contract scaling unverified,QuantData
2026-08-17T14:40:00-04:00,2027-03-19,920.0,put,0.0,0.0,,0.0,,,,,3681347.0,14041086.0,-10359739.0,1687012.0,,1875879819.0,,,530.37,100.0,unknown,QuantData PER_ONE_DOLLAR_MOVE; exact dollar/contract scaling unverified,QuantData
2026-08-17T14:40:00-04:00,2027-03-19,930.0,call,1570.0,7476.0,,437430.0,,,,,3681347.0,14041086.0,-10359739.0,1687012.0,,1875879819.0,,,530.37,100.0,unknown,QuantData PER_ONE_DOLLAR_MOVE; exact dollar/contract scaling unverified,QuantData
2026-08-17T14:40:00-04:00,2027-03-19,930.0,put,0.0,0.0,,0.0,,,,,3681347.0,14041086.0,-10359739.0,1687012.0,,1875879819.0,,,530.37,100.0,unknown,QuantData PER_ONE_DOLLAR_MOVE; exact dollar/contract scaling unverified,QuantData
2026-08-17T14:40:00-04:00,2027-03-19,940.0,call,2071.0,9921.0,,593136.0,,,,,3681347.0,14041086.0,-10359739.0,1687012.0,,1875879819.0,,,530.37,100.0,unknown,QuantData PER_ONE_DOLLAR_MOVE; exact dollar/contract scaling unverified,QuantData
2026-08-17T14:40:00-04:00,2027-03-19,940.0,put,0.0,0.0,,0.0,,,,,3681347.0,14041086.0,-10359739.0,1687012.0,,1875879819.0,,,530.37,100.0,unknown,QuantData PER_ONE_DOLLAR_MOVE; exact dollar/contract scaling unverified,QuantData
2026-08-17T14:40:00-04:00,2027-03-19,960.0,call,109.0,543.0,,29273.0,,,,,3681347.0,14041086.0,-10359739.0,1687012.0,,1875879819.0,,,530.37,100.0,unknown,QuantData PER_ONE_DOLLAR_MOVE; exact dollar/contract scaling unverified,QuantData
2026-08-17T14:40:00-04:00,2027-03-19,960.0,put,0.0,0.0,,0.0,,,,,3681347.0,14041086.0,-10359739.0,1687012.0,,1875879819.0,,,530.37,100.0,unknown,QuantData PER_ONE_DOLLAR_MOVE; exact dollar/contract scaling unverified,QuantData
2026-08-17T14:40:00-04:00,2027-03-19,1000.0,call,14095.0,73244.0,,3825091.0,,,,,3681347.0,14041086.0,-10359739.0,1687012.0,,1875879819.0,,,530.37,100.0,unknown,QuantData PER_ONE_DOLLAR_MOVE; exact dollar/contract scaling unverified,QuantData
2026-08-17T14:40:00-04:00,2027-03-19,1000.0,put,0.0,0.0,,0.0,,,,,3681347.0,14041086.0,-10359739.0,1687012.0,,1875879819.0,,,530.37,100.0,unknown,QuantData PER_ONE_DOLLAR_MOVE; exact dollar/contract scaling unverified,QuantData
2026-08-17T14:40:00-04:00,2027-03-19,1040.0,call,1172.0,6393.0,,309035.0,,,,,3681347.0,14041086.0,-10359739.0,1687012.0,,1875879819.0,,,530.37,100.0,unknown,QuantData PER_ONE_DOLLAR_MOVE; exact dollar/contract scaling unverified,QuantData
2026-08-17T14:40:00-04:00,2027-03-19,1040.0,put,0.0,0.0,,0.0,,,,,3681347.0,14041086.0,-10359739.0,1687012.0,,1875879819.0,,,530.37,100.0,unknown,QuantData PER_ONE_DOLLAR_MOVE; exact dollar/contract scaling unverified,QuantData
2026-08-17T14:40:00-04:00,2027-03-19,1060.0,call,1413.0,7836.0,,365032.0,,,,,3681347.0,14041086.0,-10359739.0,1687012.0,,1875879819.0,,,530.37,100.0,unknown,QuantData PER_ONE_DOLLAR_MOVE; exact dollar/contract scaling unverified,QuantData
2026-08-17T14:40:00-04:00,2027-03-19,1060.0,put,0.0,0.0,,0.0,,,,,3681347.0,14041086.0,-10359739.0,1687012.0,,1875879819.0,,,530.37,100.0,unknown,QuantData PER_ONE_DOLLAR_MOVE; exact dollar/contract scaling unverified,QuantData
2026-08-17T14:40:00-04:00,2027-03-19,1080.0,call,481.0,2749.0,,120370.0,,,,,3681347.0,14041086.0,-10359739.0,1687012.0,,1875879819.0,,,530.37,100.0,unknown,QuantData PER_ONE_DOLLAR_MOVE; exact dollar/contract scaling unverified,QuantData
2026-08-17T14:40:00-04:00,2027-03-19,1080.0,put,0.0,0.0,,0.0,,,,,3681347.0,14041086.0,-10359739.0,1687012.0,,1875879819.0,,,530.37,100.0,unknown,QuantData PER_ONE_DOLLAR_MOVE; exact dollar/contract scaling unverified,QuantData
2026-08-17T14:40:00-04:00,2027-03-19,1100.0,call,9089.0,53567.0,,2106696.0,,,,,3681347.0,14041086.0,-10359739.0,1687012.0,,1875879819.0,,,530.37,100.0,unknown,QuantData PER_ONE_DOLLAR_MOVE; exact dollar/contract scaling unverified,QuantData
2026-08-17T14:40:00-04:00,2027-03-19,1100.0,put,0.0,0.0,,0.0,,,,,3681347.0,14041086.0,-10359739.0,1687012.0,,1875879819.0,,,530.37,100.0,unknown,QuantData PER_ONE_DOLLAR_MOVE; exact dollar/contract scaling unverified,QuantData
2026-08-17T14:40:00-04:00,2027-03-19,1160.0,call,10691.0,66461.0,,2440952.0,,,,,3681347.0,14041086.0,-10359739.0,1687012.0,,1875879819.0,,,530.37,100.0,unknown,QuantData PER_ONE_DOLLAR_MOVE; exact dollar/contract scaling unverified,QuantData
2026-08-17T14:40:00-04:00,2027-03-19,1160.0,put,0.0,0.0,,0.0,,,,,3681347.0,14041086.0,-10359739.0,1687012.0,,1875879819.0,,,530.37,100.0,unknown,QuantData PER_ONE_DOLLAR_MOVE; exact dollar/contract scaling unverified,QuantData
2026-08-17T14:40:00-04:00,2027-06-17,240.0,call,0.0,0.0,,0.0,,,,,3681347.0,14041086.0,-10359739.0,1687012.0,,1875879819.0,,,530.37,100.0,unknown,QuantData PER_ONE_DOLLAR_MOVE; exact dollar/contract scaling unverified,QuantData
2026-08-17T14:40:00-04:00,2027-06-17,240.0,put,-3685.0,-13255.0,,-754037.0,,,,,3681347.0,14041086.0,-10359739.0,1687012.0,,1875879819.0,,,530.37,100.0,unknown,QuantData PER_ONE_DOLLAR_MOVE; exact dollar/contract scaling unverified,QuantData
2026-08-17T14:40:00-04:00,2027-06-17,250.0,call,0.0,0.0,,0.0,,,,,3681347.0,14041086.0,-10359739.0,1687012.0,,1875879819.0,,,530.37,100.0,unknown,QuantData PER_ONE_DOLLAR_MOVE; exact dollar/contract scaling unverified,QuantData
2026-08-17T14:40:00-04:00,2027-06-17,250.0,put,-2405.0,-8370.0,,-513751.0,,,,,3681347.0,14041086.0,-10359739.0,1687012.0,,1875879819.0,,,530.37,100.0,unknown,QuantData PER_ONE_DOLLAR_MOVE; exact dollar/contract scaling unverified,QuantData
2026-08-17T14:40:00-04:00,2027-06-17,270.0,call,65.0,-201.0,,145510.0,,,,,3681347.0,14041086.0,-10359739.0,1687012.0,,1875879819.0,,,530.37,100.0,unknown,QuantData PER_ONE_DOLLAR_MOVE; exact dollar/contract scaling unverified,QuantData
2026-08-17T14:40:00-04:00,2027-06-17,270.0,put,0.0,0.0,,0.0,,,,,3681347.0,14041086.0,-10359739.0,1687012.0,,1875879819.0,,,530.37,100.0,unknown,QuantData PER_ONE_DOLLAR_MOVE; exact dollar/contract scaling unverified,QuantData
2026-08-17T14:40:00-04:00,2027-06-17,280.0,call,91.0,-256.0,,194436.0,,,,,3681347.0,14041086.0,-10359739.0,1687012.0,,1875879819.0,,,530.37,100.0,unknown,QuantData PER_ONE_DOLLAR_MOVE; exact dollar/contract scaling unverified,QuantData
2026-08-17T14:40:00-04:00,2027-06-17,280.0,put,0.0,0.0,,0.0,,,,,3681347.0,14041086.0,-10359739.0,1687012.0,,1875879819.0,,,530.37,100.0,unknown,QuantData PER_ONE_DOLLAR_MOVE; exact dollar/contract scaling unverified,QuantData
2026-08-17T14:40:00-04:00,2027-06-17,300.0,call,0.0,0.0,,0.0,,,,,3681347.0,14041086.0,-10359739.0,1687012.0,,1875879819.0,,,530.37,100.0,unknown,QuantData PER_ONE_DOLLAR_MOVE; exact dollar/contract scaling unverified,QuantData
2026-08-17T14:40:00-04:00,2027-06-17,300.0,put,-6046.0,-14590.0,,-1448156.0,,,,,3681347.0,14041086.0,-10359739.0,1687012.0,,1875879819.0,,,530.37,100.0,unknown,QuantData PER_ONE_DOLLAR_MOVE; exact dollar/contract scaling unverified,QuantData
2026-08-17T14:40:00-04:00,2027-06-17,320.0,call,0.0,0.0,,0.0,,,,,3681347.0,14041086.0,-10359739.0,1687012.0,,1875879819.0,,,530.37,100.0,unknown,QuantData PER_ONE_DOLLAR_MOVE; exact dollar/contract scaling unverified,QuantData
2026-08-17T14:40:00-04:00,2027-06-17,320.0,put,-4669.0,-8592.0,,-1120865.0,,,,,3681347.0,14041086.0,-10359739.0,1687012.0,,1875879819.0,,,530.37,100.0,unknown,QuantData PER_ONE_DOLLAR_MOVE; exact dollar/contract scaling unverified,QuantData
2026-08-17T14:40:00-04:00,2027-06-17,330.0,call,0.0,0.0,,0.0,,,,,3681347.0,14041086.0,-10359739.0,1687012.0,,1875879819.0,,,530.37,100.0,unknown,QuantData PER_ONE_DOLLAR_MOVE; exact dollar/contract scaling unverified,QuantData
2026-08-17T14:40:00-04:00,2027-06-17,330.0,put,-2350.0,-3892.0,,-598495.0,,,,,3681347.0,14041086.0,-10359739.0,1687012.0,,1875879819.0,,,530.37,100.0,unknown,QuantData PER_ONE_DOLLAR_MOVE; exact dollar/contract scaling unverified,QuantData
2026-08-17T14:40:00-04:00,2027-06-17,340.0,call,0.0,0.0,,0.0,,,,,3681347.0,14041086.0,-10359739.0,1687012.0,,1875879819.0,,,530.37,100.0,unknown,QuantData PER_ONE_DOLLAR_MOVE; exact dollar/contract scaling unverified,QuantData
2026-08-17T14:40:00-04:00,2027-06-17,340.0,put,-2296.0,-3415.0,,-595602.0,,,,,3681347.0,14041086.0,-10359739.0,1687012.0,,1875879819.0,,,530.37,100.0,unknown,QuantData PER_ONE_DOLLAR_MOVE; exact dollar/contract scaling unverified,QuantData
2026-08-17T14:40:00-04:00,2027-06-17,350.0,call,0.0,0.0,,0.0,,,,,3681347.0,14041086.0,-10359739.0,1687012.0,,1875879819.0,,,530.37,100.0,unknown,QuantData PER_ONE_DOLLAR_MOVE; exact dollar/contract scaling unverified,QuantData
2026-08-17T14:40:00-04:00,2027-06-17,350.0,put,-8948.0,-10601.0,,-2311014.0,,,,,3681347.0,14041086.0,-10359739.0,1687012.0,,1875879819.0,,,530.37,100.0,unknown,QuantData PER_ONE_DOLLAR_MOVE; exact dollar/contract scaling unverified,QuantData
2026-08-17T14:40:00-04:00,2027-06-17,380.0,call,0.0,0.0,,0.0,,,,,3681347.0,14041086.0,-10359739.0,1687012.0,,1875879819.0,,,530.37,100.0,unknown,QuantData PER_ONE_DOLLAR_MOVE; exact dollar/contract scaling unverified,QuantData
2026-08-17T14:40:00-04:00,2027-06-17,380.0,put,-5013.0,-4228.0,,-1405066.0,,,,,3681347.0,14041086.0,-10359739.0,1687012.0,,1875879819.0,,,530.37,100.0,unknown,QuantData PER_ONE_DOLLAR_MOVE; exact dollar/contract scaling unverified,QuantData
2026-08-17T14:40:00-04:00,2027-06-17,390.0,call,223.0,-140.0,,261002.0,,,,,3681347.0,14041086.0,-10359739.0,1687012.0,,1875879819.0,,,530.37,100.0,unknown,QuantData PER_ONE_DOLLAR_MOVE; exact dollar/contract scaling unverified,QuantData
2026-08-17T14:40:00-04:00,2027-06-17,390.0,put,0.0,0.0,,0.0,,,,,3681347.0,14041086.0,-10359739.0,1687012.0,,1875879819.0,,,530.37,100.0,unknown,QuantData PER_ONE_DOLLAR_MOVE; exact dollar/contract scaling unverified,QuantData
2026-08-17T14:40:00-04:00,2027-06-17,400.0,call,3096.0,-1763.0,,3534092.0,,,,,3681347.0,14041086.0,-10359739.0,1687012.0,,1875879819.0,,,530.37,100.0,unknown,QuantData PER_ONE_DOLLAR_MOVE; exact dollar/contract scaling unverified,QuantData
2026-08-17T14:40:00-04:00,2027-06-17,400.0,put,-5477.0,-2558.0,,-1598609.0,,,,,3681347.0,14041086.0,-10359739.0,1687012.0,,1875879819.0,,,530.37,100.0,unknown,QuantData PER_ONE_DOLLAR_MOVE; exact dollar/contract scaling unverified,QuantData
2026-08-17T14:40:00-04:00,2027-06-17,420.0,call,1267.0,-313.0,,1312842.0,,,,,3681347.0,14041086.0,-10359739.0,1687012.0,,1875879819.0,,,530.37,100.0,unknown,QuantData PER_ONE_DOLLAR_MOVE; exact dollar/contract scaling unverified,QuantData
2026-08-17T14:40:00-04:00,2027-06-17,420.0,put,-3634.0,-291.0,,-1118614.0,,,,,3681347.0,14041086.0,-10359739.0,1687012.0,,1875879819.0,,,530.37,100.0,unknown,QuantData PER_ONE_DOLLAR_MOVE; exact dollar/contract scaling unverified,QuantData
2026-08-17T14:40:00-04:00,2027-06-17,430.0,call,0.0,0.0,,0.0,,,,,3681347.0,14041086.0,-10359739.0,1687012.0,,1875879819.0,,,530.37,100.0,unknown,QuantData PER_ONE_DOLLAR_MOVE; exact dollar/contract scaling unverified,QuantData
2026-08-17T14:40:00-04:00,2027-06-17,430.0,put,-880.0,78.0,,-273915.0,,,,,3681347.0,14041086.0,-10359739.0,1687012.0,,1875879819.0,,,530.37,100.0,unknown,QuantData PER_ONE_DOLLAR_MOVE; exact dollar/contract scaling unverified,QuantData
2026-08-17T14:40:00-04:00,2027-06-17,450.0,call,5769.0,1570.0,,5157531.0,,,,,3681347.0,14041086.0,-10359739.0,1687012.0,,1875879819.0,,,530.37,100.0,unknown,QuantData PER_ONE_DOLLAR_MOVE; exact dollar/contract scaling unverified,QuantData
2026-08-17T14:40:00-04:00,2027-06-17,450.0,put,-12299.0,4314.0,,-3949584.0,,,,,3681347.0,14041086.0,-10359739.0,1687012.0,,1875879819.0,,,530.37,100.0,unknown,QuantData PER_ONE_DOLLAR_MOVE; exact dollar/contract scaling unverified,QuantData
2026-08-17T14:40:00-04:00,2027-06-17,460.0,call,3466.0,1304.0,,3209877.0,,,,,3681347.0,14041086.0,-10359739.0,1687012.0,,1875879819.0,,,530.37,100.0,unknown,QuantData PER_ONE_DOLLAR_MOVE; exact dollar/contract scaling unverified,QuantData
2026-08-17T14:40:00-04:00,2027-06-17,460.0,put,-3151.0,1680.0,,-1033464.0,,,,,3681347.0,14041086.0,-10359739.0,1687012.0,,1875879819.0,,,530.37,100.0,unknown,QuantData PER_ONE_DOLLAR_MOVE; exact dollar/contract scaling unverified,QuantData
2026-08-17T14:40:00-04:00,2027-06-17,470.0,call,1249.0,625.0,,1067433.0,,,,,3681347.0,14041086.0,-10359739.0,1687012.0,,1875879819.0,,,530.37,100.0,unknown,QuantData PER_ONE_DOLLAR_MOVE; exact dollar/contract scaling unverified,QuantData
2026-08-17T14:40:00-04:00,2027-06-17,470.0,put,-2782.0,1807.0,,-925576.0,,,,,3681347.0,14041086.0,-10359739.0,1687012.0,,1875879819.0,,,530.37,100.0,unknown,QuantData PER_ONE_DOLLAR_MOVE; exact dollar/contract scaling unverified,QuantData
2026-08-17T14:40:00-04:00,2027-06-17,480.0,call,1425.0,1077.0,,1138452.0,,,,,3681347.0,14041086.0,-10359739.0,1687012.0,,1875879819.0,,,530.37,100.0,unknown,QuantData PER_ONE_DOLLAR_MOVE; exact dollar/contract scaling unverified,QuantData
2026-08-17T14:40:00-04:00,2027-06-17,480.0,put,-1583.0,1434.0,,-531492.0,,,,,3681347.0,14041086.0,-10359739.0,1687012.0,,1875879819.0,,,530.37,100.0,unknown,QuantData PER_ONE_DOLLAR_MOVE; exact dollar/contract scaling unverified,QuantData
2026-08-17T14:40:00-04:00,2027-06-17,490.0,call,2621.0,2248.0,,2213868.0,,,,,3681347.0,14041086.0,-10359739.0,1687012.0,,1875879819.0,,,530.37,100.0,unknown,QuantData PER_ONE_DOLLAR_MOVE; exact dollar/contract scaling unverified,QuantData
2026-08-17T14:40:00-04:00,2027-06-17,490.0,put,0.0,0.0,,0.0,,,,,3681347.0,14041086.0,-10359739.0,1687012.0,,1875879819.0,,,530.37,100.0,unknown,QuantData PER_ONE_DOLLAR_MOVE; exact dollar/contract scaling unverified,QuantData
2026-08-17T14:40:00-04:00,2027-06-17,500.0,call,4910.0,4913.0,,3953387.0,,,,,3681347.0,14041086.0,-10359739.0,1687012.0,,1875879819.0,,,530.37,100.0,unknown,QuantData PER_ONE_DOLLAR_MOVE; exact dollar/contract scaling unverified,QuantData
2026-08-17T14:40:00-04:00,2027-06-17,500.0,put,0.0,0.0,,0.0,,,,,3681347.0,14041086.0,-10359739.0,1687012.0,,1875879819.0,,,530.37,100.0,unknown,QuantData PER_ONE_DOLLAR_MOVE; exact dollar/contract scaling unverified,QuantData
2026-08-17T14:40:00-04:00,2027-06-17,510.0,call,1524.0,1664.0,,1215210.0,,,,,3681347.0,14041086.0,-10359739.0,1687012.0,,1875879819.0,,,530.37,100.0,unknown,QuantData PER_ONE_DOLLAR_MOVE; exact dollar/contract scaling unverified,QuantData
2026-08-17T14:40:00-04:00,2027-06-17,510.0,put,0.0,0.0,,0.0,,,,,3681347.0,14041086.0,-10359739.0,1687012.0,,1875879819.0,,,530.37,100.0,unknown,QuantData PER_ONE_DOLLAR_MOVE; exact dollar/contract scaling unverified,QuantData
2026-08-17T14:40:00-04:00,2027-06-17,520.0,call,0.0,0.0,,0.0,,,,,3681347.0,14041086.0,-10359739.0,1687012.0,,1875879819.0,,,530.37,100.0,unknown,QuantData PER_ONE_DOLLAR_MOVE; exact dollar/contract scaling unverified,QuantData
2026-08-17T14:40:00-04:00,2027-06-17,520.0,put,-1267.0,1766.0,,-449061.0,,,,,3681347.0,14041086.0,-10359739.0,1687012.0,,1875879819.0,,,530.37,100.0,unknown,QuantData PER_ONE_DOLLAR_MOVE; exact dollar/contract scaling unverified,QuantData
2026-08-17T14:40:00-04:00,2027-06-17,530.0,call,0.0,0.0,,0.0,,,,,3681347.0,14041086.0,-10359739.0,1687012.0,,1875879819.0,,,530.37,100.0,unknown,QuantData PER_ONE_DOLLAR_MOVE; exact dollar/contract scaling unverified,QuantData
2026-08-17T14:40:00-04:00,2027-06-17,530.0,put,-3056.0,4641.0,,-1101515.0,,,,,3681347.0,14041086.0,-10359739.0,1687012.0,,1875879819.0,,,530.37,100.0,unknown,QuantData PER_ONE_DOLLAR_MOVE; exact dollar/contract scaling unverified,QuantData
2026-08-17T14:40:00-04:00,2027-06-17,540.0,call,876.0,1419.0,,580998.0,,,,,3681347.0,14041086.0,-10359739.0,1687012.0,,1875879819.0,,,530.37,100.0,unknown,QuantData PER_ONE_DOLLAR_MOVE; exact dollar/contract scaling unverified,QuantData
2026-08-17T14:40:00-04:00,2027-06-17,540.0,put,-3170.0,5230.0,,-1166405.0,,,,,3681347.0,14041086.0,-10359739.0,1687012.0,,1875879819.0,,,530.37,100.0,unknown,QuantData PER_ONE_DOLLAR_MOVE; exact dollar/contract scaling unverified,QuantData
2026-08-17T14:40:00-04:00,2027-06-17,550.0,call,6673.0,11553.0,,4371758.0,,,,,3681347.0,14041086.0,-10359739.0,1687012.0,,1875879819.0,,,530.37,100.0,unknown,QuantData PER_ONE_DOLLAR_MOVE; exact dollar/contract scaling unverified,QuantData
2026-08-17T14:40:00-04:00,2027-06-17,550.0,put,-3689.0,6527.0,,-1382689.0,,,,,3681347.0,14041086.0,-10359739.0,1687012.0,,1875879819.0,,,530.37,100.0,unknown,QuantData PER_ONE_DOLLAR_MOVE; exact dollar/contract scaling unverified,QuantData
2026-08-17T14:40:00-04:00,2027-06-17,560.0,call,2489.0,4311.0,,1784920.0,,,,,3681347.0,14041086.0,-10359739.0,1687012.0,,1875879819.0,,,530.37,100.0,unknown,QuantData PER_ONE_DOLLAR_MOVE; exact dollar/contract scaling unverified,QuantData
2026-08-17T14:40:00-04:00,2027-06-17,560.0,put,-2248.0,4270.0,,-860000.0,,,,,3681347.0,14041086.0,-10359739.0,1687012.0,,1875879819.0,,,530.37,100.0,unknown,QuantData PER_ONE_DOLLAR_MOVE; exact dollar/contract scaling unverified,QuantData
2026-08-17T14:40:00-04:00,2027-06-17,600.0,call,28917.0,64190.0,,18045264.0,,,,,3681347.0,14041086.0,-10359739.0,1687012.0,,1875879819.0,,,530.37,100.0,unknown,QuantData PER_ONE_DOLLAR_MOVE; exact dollar/contract scaling unverified,QuantData
2026-08-17T14:40:00-04:00,2027-06-17,600.0,put,0.0,0.0,,0.0,,,,,3681347.0,14041086.0,-10359739.0,1687012.0,,1875879819.0,,,530.37,100.0,unknown,QuantData PER_ONE_DOLLAR_MOVE; exact dollar/contract scaling unverified,QuantData
2026-08-17T14:40:00-04:00,2027-06-17,620.0,call,11440.0,28905.0,,6615912.0,,,,,3681347.0,14041086.0,-10359739.0,1687012.0,,1875879819.0,,,530.37,100.0,unknown,QuantData PER_ONE_DOLLAR_MOVE; exact dollar/contract scaling unverified,QuantData
2026-08-17T14:40:00-04:00,2027-06-17,620.0,put,0.0,0.0,,0.0,,,,,3681347.0,14041086.0,-10359739.0,1687012.0,,1875879819.0,,,530.37,100.0,unknown,QuantData PER_ONE_DOLLAR_MOVE; exact dollar/contract scaling unverified,QuantData
2026-08-17T14:40:00-04:00,2027-06-17,630.0,call,1131.0,2888.0,,660014.0,,,,,3681347.0,14041086.0,-10359739.0,1687012.0,,1875879819.0,,,530.37,100.0,unknown,QuantData PER_ONE_DOLLAR_MOVE; exact dollar/contract scaling unverified,QuantData
2026-08-17T14:40:00-04:00,2027-06-17,630.0,put,0.0,0.0,,0.0,,,,,3681347.0,14041086.0,-10359739.0,1687012.0,,1875879819.0,,,530.37,100.0,unknown,QuantData PER_ONE_DOLLAR_MOVE; exact dollar/contract scaling unverified,QuantData
2026-08-17T14:40:00-04:00,2027-06-17,680.0,call,2145.0,6621.0,,1125442.0,,,,,3681347.0,14041086.0,-10359739.0,1687012.0,,1875879819.0,,,530.37,100.0,unknown,QuantData PER_ONE_DOLLAR_MOVE; exact dollar/contract scaling unverified,QuantData
2026-08-17T14:40:00-04:00,2027-06-17,680.0,put,0.0,0.0,,0.0,,,,,3681347.0,14041086.0,-10359739.0,1687012.0,,1875879819.0,,,530.37,100.0,unknown,QuantData PER_ONE_DOLLAR_MOVE; exact dollar/contract scaling unverified,QuantData
2026-08-17T14:40:00-04:00,2027-06-17,690.0,call,770.0,2452.0,,399118.0,,,,,3681347.0,14041086.0,-10359739.0,1687012.0,,1875879819.0,,,530.37,100.0,unknown,QuantData PER_ONE_DOLLAR_MOVE; exact dollar/contract scaling unverified,QuantData
2026-08-17T14:40:00-04:00,2027-06-17,690.0,put,0.0,0.0,,0.0,,,,,3681347.0,14041086.0,-10359739.0,1687012.0,,1875879819.0,,,530.37,100.0,unknown,QuantData PER_ONE_DOLLAR_MOVE; exact dollar/contract scaling unverified,QuantData
2026-08-17T14:40:00-04:00,2027-06-17,700.0,call,5860.0,19072.0,,3062552.0,,,,,3681347.0,14041086.0,-10359739.0,1687012.0,,1875879819.0,,,530.37,100.0,unknown,QuantData PER_ONE_DOLLAR_MOVE; exact dollar/contract scaling unverified,QuantData
2026-08-17T14:40:00-04:00,2027-06-17,700.0,put,0.0,0.0,,0.0,,,,,3681347.0,14041086.0,-10359739.0,1687012.0,,1875879819.0,,,530.37,100.0,unknown,QuantData PER_ONE_DOLLAR_MOVE; exact dollar/contract scaling unverified,QuantData
2026-08-17T14:40:00-04:00,2027-06-17,750.0,call,7612.0,28224.0,,3740149.0,,,,,3681347.0,14041086.0,-10359739.0,1687012.0,,1875879819.0,,,530.37,100.0,unknown,QuantData PER_ONE_DOLLAR_MOVE; exact dollar/contract scaling unverified,QuantData
2026-08-17T14:40:00-04:00,2027-06-17,750.0,put,0.0,0.0,,0.0,,,,,3681347.0,14041086.0,-10359739.0,1687012.0,,1875879819.0,,,530.37,100.0,unknown,QuantData PER_ONE_DOLLAR_MOVE; exact dollar/contract scaling unverified,QuantData
2026-08-17T14:40:00-04:00,2027-06-17,830.0,call,11625.0,51981.0,,4768900.0,,,,,3681347.0,14041086.0,-10359739.0,1687012.0,,1875879819.0,,,530.37,100.0,unknown,QuantData PER_ONE_DOLLAR_MOVE; exact dollar/contract scaling unverified,QuantData
2026-08-17T14:40:00-04:00,2027-06-17,830.0,put,0.0,0.0,,0.0,,,,,3681347.0,14041086.0,-10359739.0,1687012.0,,1875879819.0,,,530.37,100.0,unknown,QuantData PER_ONE_DOLLAR_MOVE; exact dollar/contract scaling unverified,QuantData
2026-08-17T14:40:00-04:00,2027-06-17,900.0,call,15134.0,75389.0,,5973466.0,,,,,3681347.0,14041086.0,-10359739.0,1687012.0,,1875879819.0,,,530.37,100.0,unknown,QuantData PER_ONE_DOLLAR_MOVE; exact dollar/contract scaling unverified,QuantData
2026-08-17T14:40:00-04:00,2027-06-17,900.0,put,0.0,0.0,,0.0,,,,,3681347.0,14041086.0,-10359739.0,1687012.0,,1875879819.0,,,530.37,100.0,unknown,QuantData PER_ONE_DOLLAR_MOVE; exact dollar/contract scaling unverified,QuantData
2026-08-17T14:40:00-04:00,2027-06-17,920.0,call,1976.0,10087.0,,786433.0,,,,,3681347.0,14041086.0,-10359739.0,1687012.0,,1875879819.0,,,530.37,100.0,unknown,QuantData PER_ONE_DOLLAR_MOVE; exact dollar/contract scaling unverified,QuantData
2026-08-17T14:40:00-04:00,2027-06-17,920.0,put,0.0,0.0,,0.0,,,,,3681347.0,14041086.0,-10359739.0,1687012.0,,1875879819.0,,,530.37,100.0,unknown,QuantData PER_ONE_DOLLAR_MOVE; exact dollar/contract scaling unverified,QuantData
2026-08-17T14:40:00-04:00,2027-06-17,1020.0,call,1863.0,10898.0,,630904.0,,,,,3681347.0,14041086.0,-10359739.0,1687012.0,,1875879819.0,,,530.37,100.0,unknown,QuantData PER_ONE_DOLLAR_MOVE; exact dollar/contract scaling unverified,QuantData
2026-08-17T14:40:00-04:00,2027-06-17,1020.0,put,0.0,0.0,,0.0,,,,,3681347.0,14041086.0,-10359739.0,1687012.0,,1875879819.0,,,530.37,100.0,unknown,QuantData PER_ONE_DOLLAR_MOVE; exact dollar/contract scaling unverified,QuantData
2026-08-17T14:40:00-04:00,2027-06-17,1040.0,call,636.0,3795.0,,219700.0,,,,,3681347.0,14041086.0,-10359739.0,1687012.0,,1875879819.0,,,530.37,100.0,unknown,QuantData PER_ONE_DOLLAR_MOVE; exact dollar/contract scaling unverified,QuantData
2026-08-17T14:40:00-04:00,2027-06-17,1040.0,put,0.0,0.0,,0.0,,,,,3681347.0,14041086.0,-10359739.0,1687012.0,,1875879819.0,,,530.37,100.0,unknown,QuantData PER_ONE_DOLLAR_MOVE; exact dollar/contract scaling unverified,QuantData
2026-08-17T14:40:00-04:00,2027-06-17,1060.0,call,2237.0,13505.0,,782596.0,,,,,3681347.0,14041086.0,-10359739.0,1687012.0,,1875879819.0,,,530.37,100.0,unknown,QuantData PER_ONE_DOLLAR_MOVE; exact dollar/contract scaling unverified,QuantData
2026-08-17T14:40:00-04:00,2027-06-17,1060.0,put,0.0,0.0,,0.0,,,,,3681347.0,14041086.0,-10359739.0,1687012.0,,1875879819.0,,,530.37,100.0,unknown,QuantData PER_ONE_DOLLAR_MOVE; exact dollar/contract scaling unverified,QuantData
2026-08-17T14:40:00-04:00,2027-06-17,1160.0,call,6204.0,41396.0,,1961818.0,,,,,3681347.0,14041086.0,-10359739.0,1687012.0,,1875879819.0,,,530.37,100.0,unknown,QuantData PER_ONE_DOLLAR_MOVE; exact dollar/contract scaling unverified,QuantData
2026-08-17T14:40:00-04:00,2027-06-17,1160.0,put,0.0,0.0,,0.0,,,,,3681347.0,14041086.0,-10359739.0,1687012.0,,1875879819.0,,,530.37,100.0,unknown,QuantData PER_ONE_DOLLAR_MOVE; exact dollar/contract scaling unverified,QuantData
2026-08-17T14:40:00-04:00,2028-01-21,55.0,call,0.0,0.0,,0.0,,,,,3681347.0,14041086.0,-10359739.0,1687012.0,,1875879819.0,,,530.37,100.0,unknown,QuantData PER_ONE_DOLLAR_MOVE; exact dollar/contract scaling unverified,QuantData
2026-08-17T14:40:00-04:00,2028-01-21,55.0,put,-347.0,-3593.0,,-64125.0,,,,,3681347.0,14041086.0,-10359739.0,1687012.0,,1875879819.0,,,530.37,100.0,unknown,QuantData PER_ONE_DOLLAR_MOVE; exact dollar/contract scaling unverified,QuantData
2026-08-17T14:40:00-04:00,2028-01-21,60.0,call,0.0,0.0,,0.0,,,,,3681347.0,14041086.0,-10359739.0,1687012.0,,1875879819.0,,,530.37,100.0,unknown,QuantData PER_ONE_DOLLAR_MOVE; exact dollar/contract scaling unverified,QuantData
2026-08-17T14:40:00-04:00,2028-01-21,60.0,put,-5846.0,-59294.0,,-1136664.0,,,,,3681347.0,14041086.0,-10359739.0,1687012.0,,1875879819.0,,,530.37,100.0,unknown,QuantData PER_ONE_DOLLAR_MOVE; exact dollar/contract scaling unverified,QuantData
2026-08-17T14:40:00-04:00,2028-01-21,65.0,call,0.0,0.0,,0.0,,,,,3681347.0,14041086.0,-10359739.0,1687012.0,,1875879819.0,,,530.37,100.0,unknown,QuantData PER_ONE_DOLLAR_MOVE; exact dollar/contract scaling unverified,QuantData
2026-08-17T14:40:00-04:00,2028-01-21,65.0,put,-9406.0,-93901.0,,-1820942.0,,,,,3681347.0,14041086.0,-10359739.0,1687012.0,,1875879819.0,,,530.37,100.0,unknown,QuantData PER_ONE_DOLLAR_MOVE; exact dollar/contract scaling unverified,QuantData
2026-08-17T14:40:00-04:00,2028-01-21,75.0,call,0.0,0.0,,0.0,,,,,3681347.0,14041086.0,-10359739.0,1687012.0,,1875879819.0,,,530.37,100.0,unknown,QuantData PER_ONE_DOLLAR_MOVE; exact dollar/contract scaling unverified,QuantData
2026-08-17T14:40:00-04:00,2028-01-21,75.0,put,-2296.0,-22760.0,,-432322.0,,,,,3681347.0,14041086.0,-10359739.0,1687012.0,,1875879819.0,,,530.37,100.0,unknown,QuantData PER_ONE_DOLLAR_MOVE; exact dollar/contract scaling unverified,QuantData
2026-08-17T14:40:00-04:00,2028-01-21,80.0,call,0.0,0.0,,0.0,,,,,3681347.0,14041086.0,-10359739.0,1687012.0,,1875879819.0,,,530.37,100.0,unknown,QuantData PER_ONE_DOLLAR_MOVE; exact dollar/contract scaling unverified,QuantData
2026-08-17T14:40:00-04:00,2028-01-21,80.0,put,-761.0,-6762.0,,-154614.0,,,,,3681347.0,14041086.0,-10359739.0,1687012.0,,1875879819.0,,,530.37,100.0,unknown,QuantData PER_ONE_DOLLAR_MOVE; exact dollar/contract scaling unverified,QuantData
2026-08-17T14:40:00-04:00,2028-01-21,85.0,call,0.0,0.0,,0.0,,,,,3681347.0,14041086.0,-10359739.0,1687012.0,,1875879819.0,,,530.37,100.0,unknown,QuantData PER_ONE_DOLLAR_MOVE; exact dollar/contract scaling unverified,QuantData
2026-08-17T14:40:00-04:00,2028-01-21,85.0,put,-11471.0,-102379.0,,-2364035.0,,,,,3681347.0,14041086.0,-10359739.0,1687012.0,,1875879819.0,,,530.37,100.0,unknown,QuantData PER_ONE_DOLLAR_MOVE; exact dollar/contract scaling unverified,QuantData
2026-08-17T14:40:00-04:00,2028-01-21,92.5,call,0.0,0.0,,0.0,,,,,3681347.0,14041086.0,-10359739.0,1687012.0,,1875879819.0,,,530.37,100.0,unknown,QuantData PER_ONE_DOLLAR_MOVE; exact dollar/contract scaling unverified,QuantData
2026-08-17T14:40:00-04:00,2028-01-21,92.5,put,-146.0,-1216.0,,-31009.0,,,,,3681347.0,14041086.0,-10359739.0,1687012.0,,1875879819.0,,,530.37,100.0,unknown,QuantData PER_ONE_DOLLAR_MOVE; exact dollar/contract scaling unverified,QuantData
2026-08-17T14:40:00-04:00,2028-01-21,97.5,call,0.0,0.0,,0.0,,,,,3681347.0,14041086.0,-10359739.0,1687012.0,,1875879819.0,,,530.37,100.0,unknown,QuantData PER_ONE_DOLLAR_MOVE; exact dollar/contract scaling unverified,QuantData
2026-08-17T14:40:00-04:00,2028-01-21,97.5,put,-531.0,-4103.0,,-114878.0,,,,,3681347.0,14041086.0,-10359739.0,1687012.0,,1875879819.0,,,530.37,100.0,unknown,QuantData PER_ONE_DOLLAR_MOVE; exact dollar/contract scaling unverified,QuantData
2026-08-17T14:40:00-04:00,2028-01-21,110.0,call,489.0,-3648.0,,6391187.0,,,,,3681347.0,14041086.0,-10359739.0,1687012.0,,1875879819.0,,,530.37,100.0,unknown,QuantData PER_ONE_DOLLAR_MOVE; exact dollar/contract scaling unverified,QuantData
2026-08-17T14:40:00-04:00,2028-01-21,110.0,put,0.0,0.0,,0.0,,,,,3681347.0,14041086.0,-10359739.0,1687012.0,,1875879819.0,,,530.37,100.0,unknown,QuantData PER_ONE_DOLLAR_MOVE; exact dollar/contract scaling unverified,QuantData
2026-08-17T14:40:00-04:00,2028-01-21,115.0,call,79.0,-728.0,,1271837.0,,,,,3681347.0,14041086.0,-10359739.0,1687012.0,,1875879819.0,,,530.37,100.0,unknown,QuantData PER_ONE_DOLLAR_MOVE; exact dollar/contract scaling unverified,QuantData
2026-08-17T14:40:00-04:00,2028-01-21,115.0,put,-448.0,-3057.0,,-101898.0,,,,,3681347.0,14041086.0,-10359739.0,1687012.0,,1875879819.0,,,530.37,100.0,unknown,QuantData PER_ONE_DOLLAR_MOVE; exact dollar/contract scaling unverified,QuantData
2026-08-17T14:40:00-04:00,2028-01-21,120.0,call,396.0,-2868.0,,4423117.0,,,,,3681347.0,14041086.0,-10359739.0,1687012.0,,1875879819.0,,,530.37,100.0,unknown,QuantData PER_ONE_DOLLAR_MOVE; exact dollar/contract scaling unverified,QuantData
2026-08-17T14:40:00-04:00,2028-01-21,120.0,put,-20237.0,-134002.0,,-4621339.0,,,,,3681347.0,14041086.0,-10359739.0,1687012.0,,1875879819.0,,,530.37,100.0,unknown,QuantData PER_ONE_DOLLAR_MOVE; exact dollar/contract scaling unverified,QuantData
2026-08-17T14:40:00-04:00,2028-01-21,150.0,call,0.0,0.0,,0.0,,,,,3681347.0,14041086.0,-10359739.0,1687012.0,,1875879819.0,,,530.37,100.0,unknown,QuantData PER_ONE_DOLLAR_MOVE; exact dollar/contract scaling unverified,QuantData
2026-08-17T14:40:00-04:00,2028-01-21,150.0,put,-3823.0,-19539.0,,-951286.0,,,,,3681347.0,14041086.0,-10359739.0,1687012.0,,1875879819.0,,,530.37,100.0,unknown,QuantData PER_ONE_DOLLAR_MOVE; exact dollar/contract scaling unverified,QuantData
2026-08-17T14:40:00-04:00,2028-01-21,200.0,call,0.0,0.0,,0.0,,,,,3681347.0,14041086.0,-10359739.0,1687012.0,,1875879819.0,,,530.37,100.0,unknown,QuantData PER_ONE_DOLLAR_MOVE; exact dollar/contract scaling unverified,QuantData
2026-08-17T14:40:00-04:00,2028-01-21,200.0,put,-4305.0,-15460.0,,-1135143.0,,,,,3681347.0,14041086.0,-10359739.0,1687012.0,,1875879819.0,,,530.37,100.0,unknown,QuantData PER_ONE_DOLLAR_MOVE; exact dollar/contract scaling unverified,QuantData
2026-08-17T14:40:00-04:00,2028-01-21,210.0,call,531.0,-1909.0,,2047453.0,,,,,3681347.0,14041086.0,-10359739.0,1687012.0,,1875879819.0,,,530.37,100.0,unknown,QuantData PER_ONE_DOLLAR_MOVE; exact dollar/contract scaling unverified,QuantData
2026-08-17T14:40:00-04:00,2028-01-21,210.0,put,-2136.0,-7174.0,,-589486.0,,,,,3681347.0,14041086.0,-10359739.0,1687012.0,,1875879819.0,,,530.37,100.0,unknown,QuantData PER_ONE_DOLLAR_MOVE; exact dollar/contract scaling unverified,QuantData
2026-08-17T14:40:00-04:00,2028-01-21,220.0,call,2666.0,-10158.0,,9968802.0,,,,,3681347.0,14041086.0,-10359739.0,1687012.0,,1875879819.0,,,530.37,100.0,unknown,QuantData PER_ONE_DOLLAR_MOVE; exact dollar/contract scaling unverified,QuantData
2026-08-17T14:40:00-04:00,2028-01-21,220.0,put,-3651.0,-10965.0,,-1001660.0,,,,,3681347.0,14041086.0,-10359739.0,1687012.0,,1875879819.0,,,530.37,100.0,unknown,QuantData PER_ONE_DOLLAR_MOVE; exact dollar/contract scaling unverified,QuantData
2026-08-17T14:40:00-04:00,2028-01-21,230.0,call,0.0,0.0,,0.0,,,,,3681347.0,14041086.0,-10359739.0,1687012.0,,1875879819.0,,,530.37,100.0,unknown,QuantData PER_ONE_DOLLAR_MOVE; exact dollar/contract scaling unverified,QuantData
2026-08-17T14:40:00-04:00,2028-01-21,230.0,put,-3538.0,-10200.0,,-999190.0,,,,,3681347.0,14041086.0,-10359739.0,1687012.0,,1875879819.0,,,530.37,100.0,unknown,QuantData PER_ONE_DOLLAR_MOVE; exact dollar/contract scaling unverified,QuantData
2026-08-17T14:40:00-04:00,2028-01-21,250.0,call,0.0,0.0,,0.0,,,,,3681347.0,14041086.0,-10359739.0,1687012.0,,1875879819.0,,,530.37,100.0,unknown,QuantData PER_ONE_DOLLAR_MOVE; exact dollar/contract scaling unverified,QuantData
2026-08-17T14:40:00-04:00,2028-01-21,250.0,put,-2340.0,-5310.0,,-686656.0,,,,,3681347.0,14041086.0,-10359739.0,1687012.0,,1875879819.0,,,530.37,100.0,unknown,QuantData PER_ONE_DOLLAR_MOVE; exact dollar/contract scaling unverified,QuantData
2026-08-17T14:40:00-04:00,2028-01-21,270.0,call,0.0,0.0,,0.0,,,,,3681347.0,14041086.0,-10359739.0,1687012.0,,1875879819.0,,,530.37,100.0,unknown,QuantData PER_ONE_DOLLAR_MOVE; exact dollar/contract scaling unverified,QuantData
2026-08-17T14:40:00-04:00,2028-01-21,270.0,put,-16638.0,-28566.0,,-4977649.0,,,,,3681347.0,14041086.0,-10359739.0,1687012.0,,1875879819.0,,,530.37,100.0,unknown,QuantData PER_ONE_DOLLAR_MOVE; exact dollar/contract scaling unverified,QuantData
2026-08-17T14:40:00-04:00,2028-01-21,280.0,call,0.0,0.0,,0.0,,,,,3681347.0,14041086.0,-10359739.0,1687012.0,,1875879819.0,,,530.37,100.0,unknown,QuantData PER_ONE_DOLLAR_MOVE; exact dollar/contract scaling unverified,QuantData
2026-08-17T14:40:00-04:00,2028-01-21,280.0,put,-3007.0,-4374.0,,-914284.0,,,,,3681347.0,14041086.0,-10359739.0,1687012.0,,1875879819.0,,,530.37,100.0,unknown,QuantData PER_ONE_DOLLAR_MOVE; exact dollar/contract scaling unverified,QuantData
2026-08-17T14:40:00-04:00,2028-01-21,320.0,call,0.0,0.0,,0.0,,,,,3681347.0,14041086.0,-10359739.0,1687012.0,,1875879819.0,,,530.37,100.0,unknown,QuantData PER_ONE_DOLLAR_MOVE; exact dollar/contract scaling unverified,QuantData
2026-08-17T14:40:00-04:00,2028-01-21,320.0,put,-4509.0,-3134.0,,-1509575.0,,,,,3681347.0,14041086.0,-10359739.0,1687012.0,,1875879819.0,,,530.37,100.0,unknown,QuantData PER_ONE_DOLLAR_MOVE; exact dollar/contract scaling unverified,QuantData
2026-08-17T14:40:00-04:00,2028-01-21,340.0,call,0.0,0.0,,0.0,,,,,3681347.0,14041086.0,-10359739.0,1687012.0,,1875879819.0,,,530.37,100.0,unknown,QuantData PER_ONE_DOLLAR_MOVE; exact dollar/contract scaling unverified,QuantData
2026-08-17T14:40:00-04:00,2028-01-21,340.0,put,-2154.0,-635.0,,-745601.0,,,,,3681347.0,14041086.0,-10359739.0,1687012.0,,1875879819.0,,,530.37,100.0,unknown,QuantData PER_ONE_DOLLAR_MOVE; exact dollar/contract scaling unverified,QuantData
2026-08-17T14:40:00-04:00,2028-01-21,350.0,call,0.0,0.0,,0.0,,,,,3681347.0,14041086.0,-10359739.0,1687012.0,,1875879819.0,,,530.37,100.0,unknown,QuantData PER_ONE_DOLLAR_MOVE; exact dollar/contract scaling unverified,QuantData
2026-08-17T14:40:00-04:00,2028-01-21,350.0,put,-1741.0,-259.0,,-609681.0,,,,,3681347.0,14041086.0,-10359739.0,1687012.0,,1875879819.0,,,530.37,100.0,unknown,QuantData PER_ONE_DOLLAR_MOVE; exact dollar/contract scaling unverified,QuantData
2026-08-17T14:40:00-04:00,2028-01-21,370.0,call,1331.0,-3.0,,2321570.0,,,,,3681347.0,14041086.0,-10359739.0,1687012.0,,1875879819.0,,,530.37,100.0,unknown,QuantData PER_ONE_DOLLAR_MOVE; exact dollar/contract scaling unverified,QuantData
2026-08-17T14:40:00-04:00,2028-01-21,370.0,put,-1666.0,439.0,,-607654.0,,,,,3681347.0,14041086.0,-10359739.0,1687012.0,,1875879819.0,,,530.37,100.0,unknown,QuantData PER_ONE_DOLLAR_MOVE; exact dollar/contract scaling unverified,QuantData
2026-08-17T14:40:00-04:00,2028-01-21,380.0,call,3459.0,1111.0,,5584243.0,,,,,3681347.0,14041086.0,-10359739.0,1687012.0,,1875879819.0,,,530.37,100.0,unknown,QuantData PER_ONE_DOLLAR_MOVE; exact dollar/contract scaling unverified,QuantData
2026-08-17T14:40:00-04:00,2028-01-21,380.0,put,0.0,0.0,,0.0,,,,,3681347.0,14041086.0,-10359739.0,1687012.0,,1875879819.0,,,530.37,100.0,unknown,QuantData PER_ONE_DOLLAR_MOVE; exact dollar/contract scaling unverified,QuantData
2026-08-17T14:40:00-04:00,2028-01-21,390.0,call,1292.0,499.0,,2096056.0,,,,,3681347.0,14041086.0,-10359739.0,1687012.0,,1875879819.0,,,530.37,100.0,unknown,QuantData PER_ONE_DOLLAR_MOVE; exact dollar/contract scaling unverified,QuantData
2026-08-17T14:40:00-04:00,2028-01-21,390.0,put,0.0,0.0,,0.0,,,,,3681347.0,14041086.0,-10359739.0,1687012.0,,1875879819.0,,,530.37,100.0,unknown,QuantData PER_ONE_DOLLAR_MOVE; exact dollar/contract scaling unverified,QuantData
2026-08-17T14:40:00-04:00,2028-01-21,400.0,call,6418.0,3791.0,,10188316.0,,,,,3681347.0,14041086.0,-10359739.0,1687012.0,,1875879819.0,,,530.37,100.0,unknown,QuantData PER_ONE_DOLLAR_MOVE; exact dollar/contract scaling unverified,QuantData
2026-08-17T14:40:00-04:00,2028-01-21,400.0,put,-21119.0,16585.0,,-7874121.0,,,,,3681347.0,14041086.0,-10359739.0,1687012.0,,1875879819.0,,,530.37,100.0,unknown,QuantData PER_ONE_DOLLAR_MOVE; exact dollar/contract scaling unverified,QuantData
2026-08-17T14:40:00-04:00,2028-01-21,420.0,call,4679.0,4373.0,,6854645.0,,,,,3681347.0,14041086.0,-10359739.0,1687012.0,,1875879819.0,,,530.37,100.0,unknown,QuantData PER_ONE_DOLLAR_MOVE; exact dollar/contract scaling unverified,QuantData
2026-08-17T14:40:00-04:00,2028-01-21,420.0,put,0.0,0.0,,0.0,,,,,3681347.0,14041086.0,-10359739.0,1687012.0,,1875879819.0,,,530.37,100.0,unknown,QuantData PER_ONE_DOLLAR_MOVE; exact dollar/contract scaling unverified,QuantData
2026-08-17T14:40:00-04:00,2028-01-21,430.0,call,0.0,0.0,,0.0,,,,,3681347.0,14041086.0,-10359739.0,1687012.0,,1875879819.0,,,530.37,100.0,unknown,QuantData PER_ONE_DOLLAR_MOVE; exact dollar/contract scaling unverified,QuantData
2026-08-17T14:40:00-04:00,2028-01-21,430.0,put,-665.0,819.0,,-262860.0,,,,,3681347.0,14041086.0,-10359739.0,1687012.0,,1875879819.0,,,530.37,100.0,unknown,QuantData PER_ONE_DOLLAR_MOVE; exact dollar/contract scaling unverified,QuantData
2026-08-17T14:40:00-04:00,2028-01-21,440.0,call,1197.0,1619.0,,1622260.0,,,,,3681347.0,14041086.0,-10359739.0,1687012.0,,1875879819.0,,,530.37,100.0,unknown,QuantData PER_ONE_DOLLAR_MOVE; exact dollar/contract scaling unverified,QuantData
2026-08-17T14:40:00-04:00,2028-01-21,440.0,put,0.0,0.0,,0.0,,,,,3681347.0,14041086.0,-10359739.0,1687012.0,,1875879819.0,,,530.37,100.0,unknown,QuantData PER_ONE_DOLLAR_MOVE; exact dollar/contract scaling unverified,QuantData
2026-08-17T14:40:00-04:00,2028-01-21,450.0,call,5228.0,7301.0,,7054988.0,,,,,3681347.0,14041086.0,-10359739.0,1687012.0,,1875879819.0,,,530.37,100.0,unknown,QuantData PER_ONE_DOLLAR_MOVE; exact dollar/contract scaling unverified,QuantData
2026-08-17T14:40:00-04:00,2028-01-21,450.0,put,0.0,0.0,,0.0,,,,,3681347.0,14041086.0,-10359739.0,1687012.0,,1875879819.0,,,530.37,100.0,unknown,QuantData PER_ONE_DOLLAR_MOVE; exact dollar/contract scaling unverified,QuantData
2026-08-17T14:40:00-04:00,2028-01-21,460.0,call,647.0,1001.0,,818353.0,,,,,3681347.0,14041086.0,-10359739.0,1687012.0,,1875879819.0,,,530.37,100.0,unknown,QuantData PER_ONE_DOLLAR_MOVE; exact dollar/contract scaling unverified,QuantData
2026-08-17T14:40:00-04:00,2028-01-21,460.0,put,0.0,0.0,,0.0,,,,,3681347.0,14041086.0,-10359739.0,1687012.0,,1875879819.0,,,530.37,100.0,unknown,QuantData PER_ONE_DOLLAR_MOVE; exact dollar/contract scaling unverified,QuantData
2026-08-17T14:40:00-04:00,2028-01-21,470.0,call,9777.0,16069.0,,12573585.0,,,,,3681347.0,14041086.0,-10359739.0,1687012.0,,1875879819.0,,,530.37,100.0,unknown,QuantData PER_ONE_DOLLAR_MOVE; exact dollar/contract scaling unverified,QuantData
2026-08-17T14:40:00-04:00,2028-01-21,470.0,put,0.0,0.0,,0.0,,,,,3681347.0,14041086.0,-10359739.0,1687012.0,,1875879819.0,,,530.37,100.0,unknown,QuantData PER_ONE_DOLLAR_MOVE; exact dollar/contract scaling unverified,QuantData
2026-08-17T14:40:00-04:00,2028-01-21,480.0,call,8661.0,15591.0,,10736932.0,,,,,3681347.0,14041086.0,-10359739.0,1687012.0,,1875879819.0,,,530.37,100.0,unknown,QuantData PER_ONE_DOLLAR_MOVE; exact dollar/contract scaling unverified,QuantData
2026-08-17T14:40:00-04:00,2028-01-21,480.0,put,0.0,0.0,,0.0,,,,,3681347.0,14041086.0,-10359739.0,1687012.0,,1875879819.0,,,530.37,100.0,unknown,QuantData PER_ONE_DOLLAR_MOVE; exact dollar/contract scaling unverified,QuantData
2026-08-17T14:40:00-04:00,2028-01-21,500.0,call,4784.0,10178.0,,5443983.0,,,,,3681347.0,14041086.0,-10359739.0,1687012.0,,1875879819.0,,,530.37,100.0,unknown,QuantData PER_ONE_DOLLAR_MOVE; exact dollar/contract scaling unverified,QuantData
2026-08-17T14:40:00-04:00,2028-01-21,500.0,put,-1695.0,3833.0,,-736362.0,,,,,3681347.0,14041086.0,-10359739.0,1687012.0,,1875879819.0,,,530.37,100.0,unknown,QuantData PER_ONE_DOLLAR_MOVE; exact dollar/contract scaling unverified,QuantData
2026-08-17T14:40:00-04:00,2028-01-21,510.0,call,832.0,1873.0,,937721.0,,,,,3681347.0,14041086.0,-10359739.0,1687012.0,,1875879819.0,,,530.37,100.0,unknown,QuantData PER_ONE_DOLLAR_MOVE; exact dollar/contract scaling unverified,QuantData
2026-08-17T14:40:00-04:00,2028-01-21,510.0,put,-3074.0,7450.0,,-1325381.0,,,,,3681347.0,14041086.0,-10359739.0,1687012.0,,1875879819.0,,,530.37,100.0,unknown,QuantData PER_ONE_DOLLAR_MOVE; exact dollar/contract scaling unverified,QuantData
2026-08-17T14:40:00-04:00,2028-01-21,520.0,call,0.0,0.0,,0.0,,,,,3681347.0,14041086.0,-10359739.0,1687012.0,,1875879819.0,,,530.37,100.0,unknown,QuantData PER_ONE_DOLLAR_MOVE; exact dollar/contract scaling unverified,QuantData
2026-08-17T14:40:00-04:00,2028-01-21,520.0,put,-7626.0,19304.0,,-3349800.0,,,,,3681347.0,14041086.0,-10359739.0,1687012.0,,1875879819.0,,,530.37,100.0,unknown,QuantData PER_ONE_DOLLAR_MOVE; exact dollar/contract scaling unverified,QuantData
2026-08-17T14:40:00-04:00,2028-01-21,530.0,call,3032.0,7622.0,,3314276.0,,,,,3681347.0,14041086.0,-10359739.0,1687012.0,,1875879819.0,,,530.37,100.0,unknown,QuantData PER_ONE_DOLLAR_MOVE; exact dollar/contract scaling unverified,QuantData
2026-08-17T14:40:00-04:00,2028-01-21,530.0,put,0.0,0.0,,0.0,,,,,3681347.0,14041086.0,-10359739.0,1687012.0,,1875879819.0,,,530.37,100.0,unknown,QuantData PER_ONE_DOLLAR_MOVE; exact dollar/contract scaling unverified,QuantData
2026-08-17T14:40:00-04:00,2028-01-21,550.0,call,2281.0,6274.0,,2376353.0,,,,,3681347.0,14041086.0,-10359739.0,1687012.0,,1875879819.0,,,530.37,100.0,unknown,QuantData PER_ONE_DOLLAR_MOVE; exact dollar/contract scaling unverified,QuantData
2026-08-17T14:40:00-04:00,2028-01-21,550.0,put,-3585.0,10541.0,,-1622661.0,,,,,3681347.0,14041086.0,-10359739.0,1687012.0,,1875879819.0,,,530.37,100.0,unknown,QuantData PER_ONE_DOLLAR_MOVE; exact dollar/contract scaling unverified,QuantData
2026-08-17T14:40:00-04:00,2028-01-21,590.0,call,7227.0,23621.0,,7068343.0,,,,,3681347.0,14041086.0,-10359739.0,1687012.0,,1875879819.0,,,530.37,100.0,unknown,QuantData PER_ONE_DOLLAR_MOVE; exact dollar/contract scaling unverified,QuantData
2026-08-17T14:40:00-04:00,2028-01-21,590.0,put,0.0,0.0,,0.0,,,,,3681347.0,14041086.0,-10359739.0,1687012.0,,1875879819.0,,,530.37,100.0,unknown,QuantData PER_ONE_DOLLAR_MOVE; exact dollar/contract scaling unverified,QuantData
2026-08-17T14:40:00-04:00,2028-01-21,600.0,call,6101.0,20328.0,,5942117.0,,,,,3681347.0,14041086.0,-10359739.0,1687012.0,,1875879819.0,,,530.37,100.0,unknown,QuantData PER_ONE_DOLLAR_MOVE; exact dollar/contract scaling unverified,QuantData
2026-08-17T14:40:00-04:00,2028-01-21,600.0,put,0.0,0.0,,0.0,,,,,3681347.0,14041086.0,-10359739.0,1687012.0,,1875879819.0,,,530.37,100.0,unknown,QuantData PER_ONE_DOLLAR_MOVE; exact dollar/contract scaling unverified,QuantData
2026-08-17T14:40:00-04:00,2028-01-21,610.0,call,306.0,1036.0,,290207.0,,,,,3681347.0,14041086.0,-10359739.0,1687012.0,,1875879819.0,,,530.37,100.0,unknown,QuantData PER_ONE_DOLLAR_MOVE; exact dollar/contract scaling unverified,QuantData
2026-08-17T14:40:00-04:00,2028-01-21,610.0,put,0.0,0.0,,0.0,,,,,3681347.0,14041086.0,-10359739.0,1687012.0,,1875879819.0,,,530.37,100.0,unknown,QuantData PER_ONE_DOLLAR_MOVE; exact dollar/contract scaling unverified,QuantData
2026-08-17T14:40:00-04:00,2028-01-21,620.0,call,2133.0,7642.0,,1973735.0,,,,,3681347.0,14041086.0,-10359739.0,1687012.0,,1875879819.0,,,530.37,100.0,unknown,QuantData PER_ONE_DOLLAR_MOVE; exact dollar/contract scaling unverified,QuantData
2026-08-17T14:40:00-04:00,2028-01-21,620.0,put,0.0,0.0,,0.0,,,,,3681347.0,14041086.0,-10359739.0,1687012.0,,1875879819.0,,,530.37,100.0,unknown,QuantData PER_ONE_DOLLAR_MOVE; exact dollar/contract scaling unverified,QuantData
2026-08-17T14:40:00-04:00,2028-01-21,630.0,call,27605.0,101974.0,,25194724.0,,,,,3681347.0,14041086.0,-10359739.0,1687012.0,,1875879819.0,,,530.37,100.0,unknown,QuantData PER_ONE_DOLLAR_MOVE; exact dollar/contract scaling unverified,QuantData
2026-08-17T14:40:00-04:00,2028-01-21,630.0,put,0.0,0.0,,0.0,,,,,3681347.0,14041086.0,-10359739.0,1687012.0,,1875879819.0,,,530.37,100.0,unknown,QuantData PER_ONE_DOLLAR_MOVE; exact dollar/contract scaling unverified,QuantData
2026-08-17T14:40:00-04:00,2028-01-21,890.0,call,5775.0,34559.0,,3763327.0,,,,,3681347.0,14041086.0,-10359739.0,1687012.0,,1875879819.0,,,530.37,100.0,unknown,QuantData PER_ONE_DOLLAR_MOVE; exact dollar/contract scaling unverified,QuantData
2026-08-17T14:40:00-04:00,2028-01-21,890.0,put,0.0,0.0,,0.0,,,,,3681347.0,14041086.0,-10359739.0,1687012.0,,1875879819.0,,,530.37,100.0,unknown,QuantData PER_ONE_DOLLAR_MOVE; exact dollar/contract scaling unverified,QuantData
2026-08-17T14:40:00-04:00,2028-01-21,900.0,call,1788.0,10820.0,,1198036.0,,,,,3681347.0,14041086.0,-10359739.0,1687012.0,,1875879819.0,,,530.37,100.0,unknown,QuantData PER_ONE_DOLLAR_MOVE; exact dollar/contract scaling unverified,QuantData
2026-08-17T14:40:00-04:00,2028-01-21,900.0,put,0.0,0.0,,0.0,,,,,3681347.0,14041086.0,-10359739.0,1687012.0,,1875879819.0,,,530.37,100.0,unknown,QuantData PER_ONE_DOLLAR_MOVE; exact dollar/contract scaling unverified,QuantData
2026-08-17T14:40:00-04:00,2028-01-21,950.0,call,5875.0,37734.0,,3652836.0,,,,,3681347.0,14041086.0,-10359739.0,1687012.0,,1875879819.0,,,530.37,100.0,unknown,QuantData PER_ONE_DOLLAR_MOVE; exact dollar/contract scaling unverified,QuantData
2026-08-17T14:40:00-04:00,2028-01-21,950.0,put,0.0,0.0,,0.0,,,,,3681347.0,14041086.0,-10359739.0,1687012.0,,1875879819.0,,,530.37,100.0,unknown,QuantData PER_ONE_DOLLAR_MOVE; exact dollar/contract scaling unverified,QuantData
2026-08-17T14:40:00-04:00,2028-01-21,1000.0,call,4832.0,32714.0,,2884012.0,,,,,3681347.0,14041086.0,-10359739.0,1687012.0,,1875879819.0,,,530.37,100.0,unknown,QuantData PER_ONE_DOLLAR_MOVE; exact dollar/contract scaling unverified,QuantData
2026-08-17T14:40:00-04:00,2028-01-21,1000.0,put,0.0,0.0,,0.0,,,,,3681347.0,14041086.0,-10359739.0,1687012.0,,1875879819.0,,,530.37,100.0,unknown,QuantData PER_ONE_DOLLAR_MOVE; exact dollar/contract scaling unverified,QuantData
2026-08-17T14:40:00-04:00,2028-01-21,1100.0,call,6592.0,48841.0,,3678939.0,,,,,3681347.0,14041086.0,-10359739.0,1687012.0,,1875879819.0,,,530.37,100.0,unknown,QuantData PER_ONE_DOLLAR_MOVE; exact dollar/contract scaling unverified,QuantData
2026-08-17T14:40:00-04:00,2028-01-21,1100.0,put,0.0,0.0,,0.0,,,,,3681347.0,14041086.0,-10359739.0,1687012.0,,1875879819.0,,,530.37,100.0,unknown,QuantData PER_ONE_DOLLAR_MOVE; exact dollar/contract scaling unverified,QuantData
2026-08-17T14:40:00-04:00,2028-01-21,1140.0,call,2435.0,18602.0,,1270402.0,,,,,3681347.0,14041086.0,-10359739.0,1687012.0,,1875879819.0,,,530.37,100.0,unknown,QuantData PER_ONE_DOLLAR_MOVE; exact dollar/contract scaling unverified,QuantData
2026-08-17T14:40:00-04:00,2028-01-21,1140.0,put,0.0,0.0,,0.0,,,,,3681347.0,14041086.0,-10359739.0,1687012.0,,1875879819.0,,,530.37,100.0,unknown,QuantData PER_ONE_DOLLAR_MOVE; exact dollar/contract scaling unverified,QuantData
2026-08-17T14:40:00-04:00,2028-01-21,1160.0,call,13635.0,105874.0,,7059542.0,,,,,3681347.0,14041086.0,-10359739.0,1687012.0,,1875879819.0,,,530.37,100.0,unknown,QuantData PER_ONE_DOLLAR_MOVE; exact dollar/contract scaling unverified,QuantData
2026-08-17T14:40:00-04:00,2028-01-21,1160.0,put,0.0,0.0,,0.0,,,,,3681347.0,14041086.0,-10359739.0,1687012.0,,1875879819.0,,,530.37,100.0,unknown,QuantData PER_ONE_DOLLAR_MOVE; exact dollar/contract scaling unverified,QuantData
2026-08-17T14:40:00-04:00,2028-06-16,125.0,call,16.0,-103.0,,153159.0,,,,,3681347.0,14041086.0,-10359739.0,1687012.0,,1875879819.0,,,530.37,100.0,unknown,QuantData PER_ONE_DOLLAR_MOVE; exact dollar/contract scaling unverified,QuantData
2026-08-17T14:40:00-04:00,2028-06-16,125.0,put,0.0,0.0,,0.0,,,,,3681347.0,14041086.0,-10359739.0,1687012.0,,1875879819.0,,,530.37,100.0,unknown,QuantData PER_ONE_DOLLAR_MOVE; exact dollar/contract scaling unverified,QuantData
2026-08-17T14:40:00-04:00,2028-06-16,300.0,call,0.0,0.0,,0.0,,,,,3681347.0,14041086.0,-10359739.0,1687012.0,,1875879819.0,,,530.37,100.0,unknown,QuantData PER_ONE_DOLLAR_MOVE; exact dollar/contract scaling unverified,QuantData
2026-08-17T14:40:00-04:00,2028-06-16,300.0,put,-2646.0,-763.0,,-952158.0,,,,,3681347.0,14041086.0,-10359739.0,1687012.0,,1875879819.0,,,530.37,100.0,unknown,QuantData PER_ONE_DOLLAR_MOVE; exact dollar/contract scaling unverified,QuantData
2026-08-17T14:40:00-04:00,2028-06-16,310.0,call,0.0,0.0,,0.0,,,,,3681347.0,14041086.0,-10359739.0,1687012.0,,1875879819.0,,,530.37,100.0,unknown,QuantData PER_ONE_DOLLAR_MOVE; exact dollar/contract scaling unverified,QuantData
2026-08-17T14:40:00-04:00,2028-06-16,310.0,put,-2269.0,-279.0,,-851084.0,,,,,3681347.0,14041086.0,-10359739.0,1687012.0,,1875879819.0,,,530.37,100.0,unknown,QuantData PER_ONE_DOLLAR_MOVE; exact dollar/contract scaling unverified,QuantData
2026-08-17T14:40:00-04:00,2028-06-16,360.0,call,0.0,0.0,,0.0,,,,,3681347.0,14041086.0,-10359739.0,1687012.0,,1875879819.0,,,530.37,100.0,unknown,QuantData PER_ONE_DOLLAR_MOVE; exact dollar/contract scaling unverified,QuantData
2026-08-17T14:40:00-04:00,2028-06-16,360.0,put,-1757.0,1601.0,,-704556.0,,,,,3681347.0,14041086.0,-10359739.0,1687012.0,,1875879819.0,,,530.37,100.0,unknown,QuantData PER_ONE_DOLLAR_MOVE; exact dollar/contract scaling unverified,QuantData
2026-08-17T14:40:00-04:00,2028-06-16,380.0,call,0.0,0.0,,0.0,,,,,3681347.0,14041086.0,-10359739.0,1687012.0,,1875879819.0,,,530.37,100.0,unknown,QuantData PER_ONE_DOLLAR_MOVE; exact dollar/contract scaling unverified,QuantData
2026-08-17T14:40:00-04:00,2028-06-16,380.0,put,-3416.0,4227.0,,-1416879.0,,,,,3681347.0,14041086.0,-10359739.0,1687012.0,,1875879819.0,,,530.37,100.0,unknown,QuantData PER_ONE_DOLLAR_MOVE; exact dollar/contract scaling unverified,QuantData
2026-08-17T14:40:00-04:00,2028-06-16,450.0,call,0.0,0.0,,0.0,,,,,3681347.0,14041086.0,-10359739.0,1687012.0,,1875879819.0,,,530.37,100.0,unknown,QuantData PER_ONE_DOLLAR_MOVE; exact dollar/contract scaling unverified,QuantData
2026-08-17T14:40:00-04:00,2028-06-16,450.0,put,-1900.0,4591.0,,-847518.0,,,,,3681347.0,14041086.0,-10359739.0,1687012.0,,1875879819.0,,,530.37,100.0,unknown,QuantData PER_ONE_DOLLAR_MOVE; exact dollar/contract scaling unverified,QuantData
2026-08-17T14:40:00-04:00,2028-06-16,460.0,call,0.0,0.0,,0.0,,,,,3681347.0,14041086.0,-10359739.0,1687012.0,,1875879819.0,,,530.37,100.0,unknown,QuantData PER_ONE_DOLLAR_MOVE; exact dollar/contract scaling unverified,QuantData
2026-08-17T14:40:00-04:00,2028-06-16,460.0,put,-1889.0,5012.0,,-870662.0,,,,,3681347.0,14041086.0,-10359739.0,1687012.0,,1875879819.0,,,530.37,100.0,unknown,QuantData PER_ONE_DOLLAR_MOVE; exact dollar/contract scaling unverified,QuantData
2026-08-17T14:40:00-04:00,2028-06-16,490.0,call,0.0,0.0,,0.0,,,,,3681347.0,14041086.0,-10359739.0,1687012.0,,1875879819.0,,,530.37,100.0,unknown,QuantData PER_ONE_DOLLAR_MOVE; exact dollar/contract scaling unverified,QuantData
2026-08-17T14:40:00-04:00,2028-06-16,490.0,put,-7221.0,21302.0,,-3403752.0,,,,,3681347.0,14041086.0,-10359739.0,1687012.0,,1875879819.0,,,530.37,100.0,unknown,QuantData PER_ONE_DOLLAR_MOVE; exact dollar/contract scaling unverified,QuantData
2026-08-17T14:40:00-04:00,2028-06-16,540.0,call,861.0,2912.0,,1160702.0,,,,,3681347.0,14041086.0,-10359739.0,1687012.0,,1875879819.0,,,530.37,100.0,unknown,QuantData PER_ONE_DOLLAR_MOVE; exact dollar/contract scaling unverified,QuantData
2026-08-17T14:40:00-04:00,2028-06-16,540.0,put,-1391.0,5105.0,,-689230.0,,,,,3681347.0,14041086.0,-10359739.0,1687012.0,,1875879819.0,,,530.37,100.0,unknown,QuantData PER_ONE_DOLLAR_MOVE; exact dollar/contract scaling unverified,QuantData
2026-08-17T14:40:00-04:00,2028-06-16,550.0,call,0.0,0.0,,0.0,,,,,3681347.0,14041086.0,-10359739.0,1687012.0,,1875879819.0,,,530.37,100.0,unknown,QuantData PER_ONE_DOLLAR_MOVE; exact dollar/contract scaling unverified,QuantData
2026-08-17T14:40:00-04:00,2028-06-16,550.0,put,-5977.0,22287.0,,-3000231.0,,,,,3681347.0,14041086.0,-10359739.0,1687012.0,,1875879819.0,,,530.37,100.0,unknown,QuantData PER_ONE_DOLLAR_MOVE; exact dollar/contract scaling unverified,QuantData
2026-08-17T14:40:00-04:00,2028-06-16,1140.0,call,3896.0,32648.0,,2622408.0,,,,,3681347.0,14041086.0,-10359739.0,1687012.0,,1875879819.0,,,530.37,100.0,unknown,QuantData PER_ONE_DOLLAR_MOVE; exact dollar/contract scaling unverified,QuantData
2026-08-17T14:40:00-04:00,2028-06-16,1140.0,put,0.0,0.0,,0.0,,,,,3681347.0,14041086.0,-10359739.0,1687012.0,,1875879819.0,,,530.37,100.0,unknown,QuantData PER_ONE_DOLLAR_MOVE; exact dollar/contract scaling unverified,QuantData
2026-08-17T14:40:00-04:00,2028-06-16,1160.0,call,4790.0,40605.0,,3099953.0,,,,,3681347.0,14041086.0,-10359739.0,1687012.0,,1875879819.0,,,530.37,100.0,unknown,QuantData PER_ONE_DOLLAR_MOVE; exact dollar/contract scaling unverified,QuantData
2026-08-17T14:40:00-04:00,2028-06-16,1160.0,put,0.0,0.0,,0.0,,,,,3681347.0,14041086.0,-10359739.0,1687012.0,,1875879819.0,,,530.37,100.0,unknown,QuantData PER_ONE_DOLLAR_MOVE; exact dollar/contract scaling unverified,QuantData
2026-08-17T14:40:00-04:00,2028-12-15,125.0,call,378.0,-2329.0,,3879977.0,,,,,3681347.0,14041086.0,-10359739.0,1687012.0,,1875879819.0,,,530.37,100.0,unknown,QuantData PER_ONE_DOLLAR_MOVE; exact dollar/contract scaling unverified,QuantData
2026-08-17T14:40:00-04:00,2028-12-15,125.0,put,-689.0,-3443.0,,-204820.0,,,,,3681347.0,14041086.0,-10359739.0,1687012.0,,1875879819.0,,,530.37,100.0,unknown,QuantData PER_ONE_DOLLAR_MOVE; exact dollar/contract scaling unverified,QuantData
2026-08-17T14:40:00-04:00,2028-12-15,130.0,call,400.0,-2438.0,,3695128.0,,,,,3681347.0,14041086.0,-10359739.0,1687012.0,,1875879819.0,,,530.37,100.0,unknown,QuantData PER_ONE_DOLLAR_MOVE; exact dollar/contract scaling unverified,QuantData
2026-08-17T14:40:00-04:00,2028-12-15,130.0,put,0.0,0.0,,0.0,,,,,3681347.0,14041086.0,-10359739.0,1687012.0,,1875879819.0,,,530.37,100.0,unknown,QuantData PER_ONE_DOLLAR_MOVE; exact dollar/contract scaling unverified,QuantData
2026-08-17T14:40:00-04:00,2028-12-15,140.0,call,0.0,0.0,,0.0,,,,,3681347.0,14041086.0,-10359739.0,1687012.0,,1875879819.0,,,530.37,100.0,unknown,QuantData PER_ONE_DOLLAR_MOVE; exact dollar/contract scaling unverified,QuantData
2026-08-17T14:40:00-04:00,2028-12-15,140.0,put,-44.0,-172.0,,-14303.0,,,,,3681347.0,14041086.0,-10359739.0,1687012.0,,1875879819.0,,,530.37,100.0,unknown,QuantData PER_ONE_DOLLAR_MOVE; exact dollar/contract scaling unverified,QuantData
2026-08-17T14:40:00-04:00,2028-12-15,150.0,call,0.0,0.0,,0.0,,,,,3681347.0,14041086.0,-10359739.0,1687012.0,,1875879819.0,,,530.37,100.0,unknown,QuantData PER_ONE_DOLLAR_MOVE; exact dollar/contract scaling unverified,QuantData
2026-08-17T14:40:00-04:00,2028-12-15,150.0,put,-480.0,-1667.0,,-157793.0,,,,,3681347.0,14041086.0,-10359739.0,1687012.0,,1875879819.0,,,530.37,100.0,unknown,QuantData PER_ONE_DOLLAR_MOVE; exact dollar/contract scaling unverified,QuantData
2026-08-17T14:40:00-04:00,2028-12-15,170.0,call,0.0,0.0,,0.0,,,,,3681347.0,14041086.0,-10359739.0,1687012.0,,1875879819.0,,,530.37,100.0,unknown,QuantData PER_ONE_DOLLAR_MOVE; exact dollar/contract scaling unverified,QuantData
2026-08-17T14:40:00-04:00,2028-12-15,170.0,put,-303.0,-869.0,,-99867.0,,,,,3681347.0,14041086.0,-10359739.0,1687012.0,,1875879819.0,,,530.37,100.0,unknown,QuantData PER_ONE_DOLLAR_MOVE; exact dollar/contract scaling unverified,QuantData
2026-08-17T14:40:00-04:00,2028-12-15,200.0,call,0.0,0.0,,0.0,,,,,3681347.0,14041086.0,-10359739.0,1687012.0,,1875879819.0,,,530.37,100.0,unknown,QuantData PER_ONE_DOLLAR_MOVE; exact dollar/contract scaling unverified,QuantData
2026-08-17T14:40:00-04:00,2028-12-15,200.0,put,-10097.0,-19477.0,,-3621065.0,,,,,3681347.0,14041086.0,-10359739.0,1687012.0,,1875879819.0,,,530.37,100.0,unknown,QuantData PER_ONE_DOLLAR_MOVE; exact dollar/contract scaling unverified,QuantData
2026-08-17T14:40:00-04:00,2028-12-15,210.0,call,0.0,0.0,,0.0,,,,,3681347.0,14041086.0,-10359739.0,1687012.0,,1875879819.0,,,530.37,100.0,unknown,QuantData PER_ONE_DOLLAR_MOVE; exact dollar/contract scaling unverified,QuantData
2026-08-17T14:40:00-04:00,2028-12-15,210.0,put,-2760.0,-4498.0,,-999831.0,,,,,3681347.0,14041086.0,-10359739.0,1687012.0,,1875879819.0,,,530.37,100.0,unknown,QuantData PER_ONE_DOLLAR_MOVE; exact dollar/contract scaling unverified,QuantData
2026-08-17T14:40:00-04:00,2028-12-15,240.0,call,0.0,0.0,,0.0,,,,,3681347.0,14041086.0,-10359739.0,1687012.0,,1875879819.0,,,530.37,100.0,unknown,QuantData PER_ONE_DOLLAR_MOVE; exact dollar/contract scaling unverified,QuantData
2026-08-17T14:40:00-04:00,2028-12-15,240.0,put,-1235.0,-679.0,,-464235.0,,,,,3681347.0,14041086.0,-10359739.0,1687012.0,,1875879819.0,,,530.37,100.0,unknown,QuantData PER_ONE_DOLLAR_MOVE; exact dollar/contract scaling unverified,QuantData
2026-08-17T14:40:00-04:00,2028-12-15,250.0,call,0.0,0.0,,0.0,,,,,3681347.0,14041086.0,-10359739.0,1687012.0,,1875879819.0,,,530.37,100.0,unknown,QuantData PER_ONE_DOLLAR_MOVE; exact dollar/contract scaling unverified,QuantData
2026-08-17T14:40:00-04:00,2028-12-15,250.0,put,-2076.0,-969.0,,-790314.0,,,,,3681347.0,14041086.0,-10359739.0,1687012.0,,1875879819.0,,,530.37,100.0,unknown,QuantData PER_ONE_DOLLAR_MOVE; exact dollar/contract scaling unverified,QuantData
2026-08-17T14:40:00-04:00,2028-12-15,260.0,call,0.0,0.0,,0.0,,,,,3681347.0,14041086.0,-10359739.0,1687012.0,,1875879819.0,,,530.37,100.0,unknown,QuantData PER_ONE_DOLLAR_MOVE; exact dollar/contract scaling unverified,QuantData
2026-08-17T14:40:00-04:00,2028-12-15,260.0,put,-1754.0,-199.0,,-679636.0,,,,,3681347.0,14041086.0,-10359739.0,1687012.0,,1875879819.0,,,530.37,100.0,unknown,QuantData PER_ONE_DOLLAR_MOVE; exact dollar/contract scaling unverified,QuantData
2026-08-17T14:40:00-04:00,2028-12-15,280.0,call,0.0,0.0,,0.0,,,,,3681347.0,14041086.0,-10359739.0,1687012.0,,1875879819.0,,,530.37,100.0,unknown,QuantData PER_ONE_DOLLAR_MOVE; exact dollar/contract scaling unverified,QuantData
2026-08-17T14:40:00-04:00,2028-12-15,280.0,put,-2235.0,445.0,,-905502.0,,,,,3681347.0,14041086.0,-10359739.0,1687012.0,,1875879819.0,,,530.37,100.0,unknown,QuantData PER_ONE_DOLLAR_MOVE; exact dollar/contract scaling unverified,QuantData
2026-08-17T14:40:00-04:00,2028-12-15,300.0,call,0.0,0.0,,0.0,,,,,3681347.0,14041086.0,-10359739.0,1687012.0,,1875879819.0,,,530.37,100.0,unknown,QuantData PER_ONE_DOLLAR_MOVE; exact dollar/contract scaling unverified,QuantData
2026-08-17T14:40:00-04:00,2028-12-15,300.0,put,-1739.0,1470.0,,-724715.0,,,,,3681347.0,14041086.0,-10359739.0,1687012.0,,1875879819.0,,,530.37,100.0,unknown,QuantData PER_ONE_DOLLAR_MOVE; exact dollar/contract scaling unverified,QuantData
2026-08-17T14:40:00-04:00,2028-12-15,350.0,call,0.0,0.0,,0.0,,,,,3681347.0,14041086.0,-10359739.0,1687012.0,,1875879819.0,,,530.37,100.0,unknown,QuantData PER_ONE_DOLLAR_MOVE; exact dollar/contract scaling unverified,QuantData
2026-08-17T14:40:00-04:00,2028-12-15,350.0,put,-1502.0,2714.0,,-665221.0,,,,,3681347.0,14041086.0,-10359739.0,1687012.0,,1875879819.0,,,530.37,100.0,unknown,QuantData PER_ONE_DOLLAR_MOVE; exact dollar/contract scaling unverified,QuantData
2026-08-17T14:40:00-04:00,2028-12-15,370.0,call,0.0,0.0,,0.0,,,,,3681347.0,14041086.0,-10359739.0,1687012.0,,1875879819.0,,,530.37,100.0,unknown,QuantData PER_ONE_DOLLAR_MOVE; exact dollar/contract scaling unverified,QuantData
2026-08-17T14:40:00-04:00,2028-12-15,370.0,put,-338.0,759.0,,-154819.0,,,,,3681347.0,14041086.0,-10359739.0,1687012.0,,1875879819.0,,,530.37,100.0,unknown,QuantData PER_ONE_DOLLAR_MOVE; exact dollar/contract scaling unverified,QuantData
2026-08-17T14:40:00-04:00,2028-12-15,390.0,call,0.0,0.0,,0.0,,,,,3681347.0,14041086.0,-10359739.0,1687012.0,,1875879819.0,,,530.37,100.0,unknown,QuantData PER_ONE_DOLLAR_MOVE; exact dollar/contract scaling unverified,QuantData
2026-08-17T14:40:00-04:00,2028-12-15,390.0,put,-1314.0,3316.0,,-608890.0,,,,,3681347.0,14041086.0,-10359739.0,1687012.0,,1875879819.0,,,530.37,100.0,unknown,QuantData PER_ONE_DOLLAR_MOVE; exact dollar/contract scaling unverified,QuantData
2026-08-17T14:40:00-04:00,2028-12-15,400.0,call,3344.0,7820.0,,7354272.0,,,,,3681347.0,14041086.0,-10359739.0,1687012.0,,1875879819.0,,,530.37,100.0,unknown,QuantData PER_ONE_DOLLAR_MOVE; exact dollar/contract scaling unverified,QuantData
2026-08-17T14:40:00-04:00,2028-12-15,400.0,put,-4668.0,12289.0,,-2194135.0,,,,,3681347.0,14041086.0,-10359739.0,1687012.0,,1875879819.0,,,530.37,100.0,unknown,QuantData PER_ONE_DOLLAR_MOVE; exact dollar/contract scaling unverified,QuantData
2026-08-17T14:40:00-04:00,2028-12-15,410.0,call,0.0,0.0,,0.0,,,,,3681347.0,14041086.0,-10359739.0,1687012.0,,1875879819.0,,,530.37,100.0,unknown,QuantData PER_ONE_DOLLAR_MOVE; exact dollar/contract scaling unverified,QuantData
2026-08-17T14:40:00-04:00,2028-12-15,410.0,put,-503.0,1508.0,,-238454.0,,,,,3681347.0,14041086.0,-10359739.0,1687012.0,,1875879819.0,,,530.37,100.0,unknown,QuantData PER_ONE_DOLLAR_MOVE; exact dollar/contract scaling unverified,QuantData
2026-08-17T14:40:00-04:00,2028-12-15,440.0,call,0.0,0.0,,0.0,,,,,3681347.0,14041086.0,-10359739.0,1687012.0,,1875879819.0,,,530.37,100.0,unknown,QuantData PER_ONE_DOLLAR_MOVE; exact dollar/contract scaling unverified,QuantData
2026-08-17T14:40:00-04:00,2028-12-15,440.0,put,-1548.0,4819.0,,-731863.0,,,,,3681347.0,14041086.0,-10359739.0,1687012.0,,1875879819.0,,,530.37,100.0,unknown,QuantData PER_ONE_DOLLAR_MOVE; exact dollar/contract scaling unverified,QuantData
2026-08-17T14:40:00-04:00,2028-12-15,450.0,call,1397.0,4423.0,,2636589.0,,,,,3681347.0,14041086.0,-10359739.0,1687012.0,,1875879819.0,,,530.37,100.0,unknown,QuantData PER_ONE_DOLLAR_MOVE; exact dollar/contract scaling unverified,QuantData
2026-08-17T14:40:00-04:00,2028-12-15,450.0,put,-10278.0,36384.0,,-5025274.0,,,,,3681347.0,14041086.0,-10359739.0,1687012.0,,1875879819.0,,,530.37,100.0,unknown,QuantData PER_ONE_DOLLAR_MOVE; exact dollar/contract scaling unverified,QuantData
2026-08-17T14:40:00-04:00,2028-12-15,470.0,call,1350.0,4684.0,,2508690.0,,,,,3681347.0,14041086.0,-10359739.0,1687012.0,,1875879819.0,,,530.37,100.0,unknown,QuantData PER_ONE_DOLLAR_MOVE; exact dollar/contract scaling unverified,QuantData
2026-08-17T14:40:00-04:00,2028-12-15,470.0,put,0.0,0.0,,0.0,,,,,3681347.0,14041086.0,-10359739.0,1687012.0,,1875879819.0,,,530.37,100.0,unknown,QuantData PER_ONE_DOLLAR_MOVE; exact dollar/contract scaling unverified,QuantData
2026-08-17T14:40:00-04:00,2028-12-15,490.0,call,0.0,0.0,,0.0,,,,,3681347.0,14041086.0,-10359739.0,1687012.0,,1875879819.0,,,530.37,100.0,unknown,QuantData PER_ONE_DOLLAR_MOVE; exact dollar/contract scaling unverified,QuantData
2026-08-17T14:40:00-04:00,2028-12-15,490.0,put,-547.0,2242.0,,-278801.0,,,,,3681347.0,14041086.0,-10359739.0,1687012.0,,1875879819.0,,,530.37,100.0,unknown,QuantData PER_ONE_DOLLAR_MOVE; exact dollar/contract scaling unverified,QuantData
2026-08-17T14:40:00-04:00,2028-12-15,500.0,call,2402.0,9180.0,,4087298.0,,,,,3681347.0,14041086.0,-10359739.0,1687012.0,,1875879819.0,,,530.37,100.0,unknown,QuantData PER_ONE_DOLLAR_MOVE; exact dollar/contract scaling unverified,QuantData
2026-08-17T14:40:00-04:00,2028-12-15,500.0,put,0.0,0.0,,0.0,,,,,3681347.0,14041086.0,-10359739.0,1687012.0,,1875879819.0,,,530.37,100.0,unknown,QuantData PER_ONE_DOLLAR_MOVE; exact dollar/contract scaling unverified,QuantData
2026-08-17T14:40:00-04:00,2028-12-15,510.0,call,0.0,0.0,,0.0,,,,,3681347.0,14041086.0,-10359739.0,1687012.0,,1875879819.0,,,530.37,100.0,unknown,QuantData PER_ONE_DOLLAR_MOVE; exact dollar/contract scaling unverified,QuantData
2026-08-17T14:40:00-04:00,2028-12-15,510.0,put,-363.0,1570.0,,-186646.0,,,,,3681347.0,14041086.0,-10359739.0,1687012.0,,1875879819.0,,,530.37,100.0,unknown,QuantData PER_ONE_DOLLAR_MOVE; exact dollar/contract scaling unverified,QuantData
2026-08-17T14:40:00-04:00,2028-12-15,520.0,call,0.0,0.0,,0.0,,,,,3681347.0,14041086.0,-10359739.0,1687012.0,,1875879819.0,,,530.37,100.0,unknown,QuantData PER_ONE_DOLLAR_MOVE; exact dollar/contract scaling unverified,QuantData
2026-08-17T14:40:00-04:00,2028-12-15,520.0,put,-2927.0,13062.0,,-1520754.0,,,,,3681347.0,14041086.0,-10359739.0,1687012.0,,1875879819.0,,,530.37,100.0,unknown,QuantData PER_ONE_DOLLAR_MOVE; exact dollar/contract scaling unverified,QuantData
2026-08-17T14:40:00-04:00,2028-12-15,540.0,call,0.0,0.0,,0.0,,,,,3681347.0,14041086.0,-10359739.0,1687012.0,,1875879819.0,,,530.37,100.0,unknown,QuantData PER_ONE_DOLLAR_MOVE; exact dollar/contract scaling unverified,QuantData
2026-08-17T14:40:00-04:00,2028-12-15,540.0,put,-544.0,2689.0,,-298231.0,,,,,3681347.0,14041086.0,-10359739.0,1687012.0,,1875879819.0,,,530.37,100.0,unknown,QuantData PER_ONE_DOLLAR_MOVE; exact dollar/contract scaling unverified,QuantData
2026-08-17T14:40:00-04:00,2028-12-15,550.0,call,3193.0,13599.0,,4741538.0,,,,,3681347.0,14041086.0,-10359739.0,1687012.0,,1875879819.0,,,530.37,100.0,unknown,QuantData PER_ONE_DOLLAR_MOVE; exact dollar/contract scaling unverified,QuantData
2026-08-17T14:40:00-04:00,2028-12-15,550.0,put,-2536.0,12365.0,,-1368629.0,,,,,3681347.0,14041086.0,-10359739.0,1687012.0,,1875879819.0,,,530.37,100.0,unknown,QuantData PER_ONE_DOLLAR_MOVE; exact dollar/contract scaling unverified,QuantData
2026-08-17T14:40:00-04:00,2028-12-15,560.0,call,383.0,1767.0,,600337.0,,,,,3681347.0,14041086.0,-10359739.0,1687012.0,,1875879819.0,,,530.37,100.0,unknown,QuantData PER_ONE_DOLLAR_MOVE; exact dollar/contract scaling unverified,QuantData
2026-08-17T14:40:00-04:00,2028-12-15,560.0,put,0.0,0.0,,0.0,,,,,3681347.0,14041086.0,-10359739.0,1687012.0,,1875879819.0,,,530.37,100.0,unknown,QuantData PER_ONE_DOLLAR_MOVE; exact dollar/contract scaling unverified,QuantData
2026-08-17T14:40:00-04:00,2028-12-15,580.0,call,390.0,1894.0,,591290.0,,,,,3681347.0,14041086.0,-10359739.0,1687012.0,,1875879819.0,,,530.37,100.0,unknown,QuantData PER_ONE_DOLLAR_MOVE; exact dollar/contract scaling unverified,QuantData
2026-08-17T14:40:00-04:00,2028-12-15,580.0,put,-4212.0,22036.0,,-2369694.0,,,,,3681347.0,14041086.0,-10359739.0,1687012.0,,1875879819.0,,,530.37,100.0,unknown,QuantData PER_ONE_DOLLAR_MOVE; exact dollar/contract scaling unverified,QuantData
2026-08-17T14:40:00-04:00,2028-12-15,590.0,call,1402.0,6900.0,,2188201.0,,,,,3681347.0,14041086.0,-10359739.0,1687012.0,,1875879819.0,,,530.37,100.0,unknown,QuantData PER_ONE_DOLLAR_MOVE; exact dollar/contract scaling unverified,QuantData
2026-08-17T14:40:00-04:00,2028-12-15,590.0,put,0.0,0.0,,0.0,,,,,3681347.0,14041086.0,-10359739.0,1687012.0,,1875879819.0,,,530.37,100.0,unknown,QuantData PER_ONE_DOLLAR_MOVE; exact dollar/contract scaling unverified,QuantData
2026-08-17T14:40:00-04:00,2028-12-15,600.0,call,7287.0,36598.0,,10927536.0,,,,,3681347.0,14041086.0,-10359739.0,1687012.0,,1875879819.0,,,530.37,100.0,unknown,QuantData PER_ONE_DOLLAR_MOVE; exact dollar/contract scaling unverified,QuantData
2026-08-17T14:40:00-04:00,2028-12-15,600.0,put,0.0,0.0,,0.0,,,,,3681347.0,14041086.0,-10359739.0,1687012.0,,1875879819.0,,,530.37,100.0,unknown,QuantData PER_ONE_DOLLAR_MOVE; exact dollar/contract scaling unverified,QuantData
2026-08-17T14:40:00-04:00,2028-12-15,610.0,call,535.0,2762.0,,779400.0,,,,,3681347.0,14041086.0,-10359739.0,1687012.0,,1875879819.0,,,530.37,100.0,unknown,QuantData PER_ONE_DOLLAR_MOVE; exact dollar/contract scaling unverified,QuantData
2026-08-17T14:40:00-04:00,2028-12-15,610.0,put,0.0,0.0,,0.0,,,,,3681347.0,14041086.0,-10359739.0,1687012.0,,1875879819.0,,,530.37,100.0,unknown,QuantData PER_ONE_DOLLAR_MOVE; exact dollar/contract scaling unverified,QuantData
2026-08-17T14:40:00-04:00,2028-12-15,700.0,call,0.0,0.0,,0.0,,,,,3681347.0,14041086.0,-10359739.0,1687012.0,,1875879819.0,,,530.37,100.0,unknown,QuantData PER_ONE_DOLLAR_MOVE; exact dollar/contract scaling unverified,QuantData
2026-08-17T14:40:00-04:00,2028-12-15,700.0,put,0.0,0.0,,0.0,,,,,3681347.0,14041086.0,-10359739.0,1687012.0,,1875879819.0,,,530.37,100.0,unknown,QuantData PER_ONE_DOLLAR_MOVE; exact dollar/contract scaling unverified,QuantData
2026-08-17T14:40:00-04:00,2028-12-15,720.0,call,2103.0,12999.0,,2673112.0,,,,,3681347.0,14041086.0,-10359739.0,1687012.0,,1875879819.0,,,530.37,100.0,unknown,QuantData PER_ONE_DOLLAR_MOVE; exact dollar/contract scaling unverified,QuantData
2026-08-17T14:40:00-04:00,2028-12-15,720.0,put,0.0,0.0,,0.0,,,,,3681347.0,14041086.0,-10359739.0,1687012.0,,1875879819.0,,,530.37,100.0,unknown,QuantData PER_ONE_DOLLAR_MOVE; exact dollar/contract scaling unverified,QuantData
2026-08-17T14:40:00-04:00,2028-12-15,740.0,call,0.0,0.0,,0.0,,,,,3681347.0,14041086.0,-10359739.0,1687012.0,,1875879819.0,,,530.37,100.0,unknown,QuantData PER_ONE_DOLLAR_MOVE; exact dollar/contract scaling unverified,QuantData
2026-08-17T14:40:00-04:00,2028-12-15,740.0,put,0.0,0.0,,0.0,,,,,3681347.0,14041086.0,-10359739.0,1687012.0,,1875879819.0,,,530.37,100.0,unknown,QuantData PER_ONE_DOLLAR_MOVE; exact dollar/contract scaling unverified,QuantData
2026-08-17T14:40:00-04:00,2028-12-15,820.0,call,3020.0,21449.0,,3424979.0,,,,,3681347.0,14041086.0,-10359739.0,1687012.0,,1875879819.0,,,530.37,100.0,unknown,QuantData PER_ONE_DOLLAR_MOVE; exact dollar/contract scaling unverified,QuantData
2026-08-17T14:40:00-04:00,2028-12-15,820.0,put,0.0,0.0,,0.0,,,,,3681347.0,14041086.0,-10359739.0,1687012.0,,1875879819.0,,,530.37,100.0,unknown,QuantData PER_ONE_DOLLAR_MOVE; exact dollar/contract scaling unverified,QuantData
2026-08-17T14:40:00-04:00,2028-12-15,830.0,call,273.0,1960.0,,306115.0,,,,,3681347.0,14041086.0,-10359739.0,1687012.0,,1875879819.0,,,530.37,100.0,unknown,QuantData PER_ONE_DOLLAR_MOVE; exact dollar/contract scaling unverified,QuantData
2026-08-17T14:40:00-04:00,2028-12-15,830.0,put,0.0,0.0,,0.0,,,,,3681347.0,14041086.0,-10359739.0,1687012.0,,1875879819.0,,,530.37,100.0,unknown,QuantData PER_ONE_DOLLAR_MOVE; exact dollar/contract scaling unverified,QuantData
2026-08-17T14:40:00-04:00,2028-12-15,870.0,call,0.0,0.0,,0.0,,,,,3681347.0,14041086.0,-10359739.0,1687012.0,,1875879819.0,,,530.37,100.0,unknown,QuantData PER_ONE_DOLLAR_MOVE; exact dollar/contract scaling unverified,QuantData
2026-08-17T14:40:00-04:00,2028-12-15,870.0,put,-314.0,2476.0,,-216700.0,,,,,3681347.0,14041086.0,-10359739.0,1687012.0,,1875879819.0,,,530.37,100.0,unknown,QuantData PER_ONE_DOLLAR_MOVE; exact dollar/contract scaling unverified,QuantData
2026-08-17T14:40:00-04:00,2028-12-15,900.0,call,1083.0,8370.0,,1175495.0,,,,,3681347.0,14041086.0,-10359739.0,1687012.0,,1875879819.0,,,530.37,100.0,unknown,QuantData PER_ONE_DOLLAR_MOVE; exact dollar/contract scaling unverified,QuantData
2026-08-17T14:40:00-04:00,2028-12-15,900.0,put,0.0,0.0,,0.0,,,,,3681347.0,14041086.0,-10359739.0,1687012.0,,1875879819.0,,,530.37,100.0,unknown,QuantData PER_ONE_DOLLAR_MOVE; exact dollar/contract scaling unverified,QuantData
2026-08-17T14:40:00-04:00,2028-12-15,1000.0,call,927.0,7807.0,,913102.0,,,,,3681347.0,14041086.0,-10359739.0,1687012.0,,1875879819.0,,,530.37,100.0,unknown,QuantData PER_ONE_DOLLAR_MOVE; exact dollar/contract scaling unverified,QuantData
2026-08-17T14:40:00-04:00,2028-12-15,1000.0,put,0.0,0.0,,0.0,,,,,3681347.0,14041086.0,-10359739.0,1687012.0,,1875879819.0,,,530.37,100.0,unknown,QuantData PER_ONE_DOLLAR_MOVE; exact dollar/contract scaling unverified,QuantData
2026-08-17T14:40:00-04:00,2028-12-15,1160.0,call,15813.0,148541.0,,13813277.0,,,,,3681347.0,14041086.0,-10359739.0,1687012.0,,1875879819.0,,,530.37,100.0,unknown,QuantData PER_ONE_DOLLAR_MOVE; exact dollar/contract scaling unverified,QuantData
2026-08-17T14:40:00-04:00,2028-12-15,1160.0,put,0.0,0.0,,0.0,,,,,3681347.0,14041086.0,-10359739.0,1687012.0,,1875879819.0,,,530.37,100.0,unknown,QuantData PER_ONE_DOLLAR_MOVE; exact dollar/contract scaling unverified,QuantData
