timestamp,expiration,dte,strike,call_put,delta,iv,underlying_price,coordinate_type,atm_iv,10_delta_put_iv,25_delta_put_iv,25_delta_call_iv,10_delta_call_iv,rr25,bf25,call_skew,put_skew,wing_skew,front_iv,back_iv,term_slope,realized_vol,iv_minus_rv,stickiness,source
2026-08-17T14:40:00-04:00,2026-08-21,4,180.0,call,1.0,0.0476837158203125,530.37,fixed_strike,83.73260498046875,88.73939514160156,84.35249328613281,84.82933044433594,87.40425109863281,0.476837158203125,0.858306884765625,,,,83.73260498046875,74.10049438476562,-9.632110595703125,29.971197625439604,53.76140735502915,,QuantData term-structure
2026-08-17T14:40:00-04:00,2026-08-21,4,180.0,put,-0.0005376210837088137,327.6348114013672,530.37,fixed_strike,83.73260498046875,88.73939514160156,84.35249328613281,84.82933044433594,87.40425109863281,0.476837158203125,0.858306884765625,,,,83.73260498046875,74.10049438476562,-9.632110595703125,29.971197625439604,53.76140735502915,,QuantData term-structure
2026-08-17T14:40:00-04:00,2026-08-21,4,185.0,call,1.0,0.0476837158203125,530.37,fixed_strike,83.73260498046875,88.73939514160156,84.35249328613281,84.82933044433594,87.40425109863281,0.476837158203125,0.858306884765625,,,,83.73260498046875,74.10049438476562,-9.632110595703125,29.971197625439604,53.76140735502915,,QuantData term-structure
2026-08-17T14:40:00-04:00,2026-08-21,4,185.0,put,-0.00021554531584393812,296.4496612548828,530.37,fixed_strike,83.73260498046875,88.73939514160156,84.35249328613281,84.82933044433594,87.40425109863281,0.476837158203125,0.858306884765625,,,,83.73260498046875,74.10049438476562,-9.632110595703125,29.971197625439604,53.76140735502915,,QuantData term-structure
2026-08-17T14:40:00-04:00,2026-08-21,4,195.0,call,0.9856327073930199,487.5659942626953,530.37,fixed_strike,83.73260498046875,88.73939514160156,84.35249328613281,84.82933044433594,87.40425109863281,0.476837158203125,0.858306884765625,,,,83.73260498046875,74.10049438476562,-9.632110595703125,29.971197625439604,53.76140735502915,,QuantData term-structure
2026-08-17T14:40:00-04:00,2026-08-21,4,195.0,put,-0.00022963188683587543,281.00013732910156,530.37,fixed_strike,83.73260498046875,88.73939514160156,84.35249328613281,84.82933044433594,87.40425109863281,0.476837158203125,0.858306884765625,,,,83.73260498046875,74.10049438476562,-9.632110595703125,29.971197625439604,53.76140735502915,,QuantData term-structure
2026-08-17T14:40:00-04:00,2026-08-21,4,200.0,call,0.985298577639606,476.0265350341797,530.37,fixed_strike,83.73260498046875,88.73939514160156,84.35249328613281,84.82933044433594,87.40425109863281,0.476837158203125,0.858306884765625,,,,83.73260498046875,74.10049438476562,-9.632110595703125,29.971197625439604,53.76140735502915,,QuantData term-structure
2026-08-17T14:40:00-04:00,2026-08-21,4,200.0,put,-0.0002270720459988283,277.6622772216797,530.37,fixed_strike,83.73260498046875,88.73939514160156,84.35249328613281,84.82933044433594,87.40425109863281,0.476837158203125,0.858306884765625,,,,83.73260498046875,74.10049438476562,-9.632110595703125,29.971197625439604,53.76140735502915,,QuantData term-structure
2026-08-17T14:40:00-04:00,2026-08-21,4,210.0,put,-0.00025145283072559323,260.30540466308594,530.37,fixed_strike,83.73260498046875,88.73939514160156,84.35249328613281,84.82933044433594,87.40425109863281,0.476837158203125,0.858306884765625,,,,83.73260498046875,74.10049438476562,-9.632110595703125,29.971197625439604,53.76140735502915,,QuantData term-structure
2026-08-17T14:40:00-04:00,2026-08-21,4,220.0,put,-0.00025248726840001963,251.3408660888672,530.37,fixed_strike,83.73260498046875,88.73939514160156,84.35249328613281,84.82933044433594,87.40425109863281,0.476837158203125,0.858306884765625,,,,83.73260498046875,74.10049438476562,-9.632110595703125,29.971197625439604,53.76140735502915,,QuantData term-structure
2026-08-17T14:40:00-04:00,2026-08-21,4,230.0,put,-0.00027160948606691585,236.65428161621094,530.37,fixed_strike,83.73260498046875,88.73939514160156,84.35249328613281,84.82933044433594,87.40425109863281,0.476837158203125,0.858306884765625,,,,83.73260498046875,74.10049438476562,-9.632110595703125,29.971197625439604,53.76140735502915,,QuantData term-structure
2026-08-17T14:40:00-04:00,2026-08-21,4,250.0,put,-0.0013754541574920915,245.6188201904297,530.37,fixed_strike,83.73260498046875,88.73939514160156,84.35249328613281,84.82933044433594,87.40425109863281,0.476837158203125,0.858306884765625,,,,83.73260498046875,74.10049438476562,-9.632110595703125,29.971197625439604,53.76140735502915,,QuantData term-structure
2026-08-17T14:40:00-04:00,2026-08-21,4,260.0,put,-0.0007759202992246475,226.5453338623047,530.37,fixed_strike,83.73260498046875,88.73939514160156,84.35249328613281,84.82933044433594,87.40425109863281,0.476837158203125,0.858306884765625,,,,83.73260498046875,74.10049438476562,-9.632110595703125,29.971197625439604,53.76140735502915,,QuantData term-structure
2026-08-17T14:40:00-04:00,2026-08-21,4,270.0,put,-0.0022219581375534435,239.80140686035156,530.37,fixed_strike,83.73260498046875,88.73939514160156,84.35249328613281,84.82933044433594,87.40425109863281,0.476837158203125,0.858306884765625,,,,83.73260498046875,74.10049438476562,-9.632110595703125,29.971197625439604,53.76140735502915,,QuantData term-structure
2026-08-17T14:40:00-04:00,2026-08-21,4,280.0,put,-0.0017416660285373782,221.49085998535156,530.37,fixed_strike,83.73260498046875,88.73939514160156,84.35249328613281,84.82933044433594,87.40425109863281,0.476837158203125,0.858306884765625,,,,83.73260498046875,74.10049438476562,-9.632110595703125,29.971197625439604,53.76140735502915,,QuantData term-structure
2026-08-17T14:40:00-04:00,2026-08-21,4,290.0,put,-0.0003666804787576078,174.47471618652344,530.37,fixed_strike,83.73260498046875,88.73939514160156,84.35249328613281,84.82933044433594,87.40425109863281,0.476837158203125,0.858306884765625,,,,83.73260498046875,74.10049438476562,-9.632110595703125,29.971197625439604,53.76140735502915,,QuantData term-structure
2026-08-17T14:40:00-04:00,2026-08-21,4,300.0,put,-0.0014549337144158909,193.3574676513672,530.37,fixed_strike,83.73260498046875,88.73939514160156,84.35249328613281,84.82933044433594,87.40425109863281,0.476837158203125,0.858306884765625,,,,83.73260498046875,74.10049438476562,-9.632110595703125,29.971197625439604,53.76140735502915,,QuantData term-structure
2026-08-17T14:40:00-04:00,2026-08-21,4,310.0,put,-0.00040777048188498044,156.8317413330078,530.37,fixed_strike,83.73260498046875,88.73939514160156,84.35249328613281,84.82933044433594,87.40425109863281,0.476837158203125,0.858306884765625,,,,83.73260498046875,74.10049438476562,-9.632110595703125,29.971197625439604,53.76140735502915,,QuantData term-structure
2026-08-17T14:40:00-04:00,2026-08-21,4,320.0,call,0.9695981548997843,272.89390563964844,530.37,fixed_strike,83.73260498046875,88.73939514160156,84.35249328613281,84.82933044433594,87.40425109863281,0.476837158203125,0.858306884765625,,,,83.73260498046875,74.10049438476562,-9.632110595703125,29.971197625439604,53.76140735502915,,QuantData term-structure
2026-08-17T14:40:00-04:00,2026-08-21,4,320.0,put,-0.0004514389724045176,144.72007751464844,530.37,fixed_strike,83.73260498046875,88.73939514160156,84.35249328613281,84.82933044433594,87.40425109863281,0.476837158203125,0.858306884765625,,,,83.73260498046875,74.10049438476562,-9.632110595703125,29.971197625439604,53.76140735502915,,QuantData term-structure
2026-08-17T14:40:00-04:00,2026-08-21,4,330.0,put,-0.0008475351521208232,146.62742614746094,530.37,fixed_strike,83.73260498046875,88.73939514160156,84.35249328613281,84.82933044433594,87.40425109863281,0.476837158203125,0.858306884765625,,,,83.73260498046875,74.10049438476562,-9.632110595703125,29.971197625439604,53.76140735502915,,QuantData term-structure
2026-08-17T14:40:00-04:00,2026-08-21,4,335.0,put,-0.0012441379462856685,147.2949981689453,530.37,fixed_strike,83.73260498046875,88.73939514160156,84.35249328613281,84.82933044433594,87.40425109863281,0.476837158203125,0.858306884765625,,,,83.73260498046875,74.10049438476562,-9.632110595703125,29.971197625439604,53.76140735502915,,QuantData term-structure
2026-08-17T14:40:00-04:00,2026-08-21,4,340.0,call,0.9839103825838355,211.0004425048828,530.37,fixed_strike,83.73260498046875,88.73939514160156,84.35249328613281,84.82933044433594,87.40425109863281,0.476837158203125,0.858306884765625,,,,83.73260498046875,74.10049438476562,-9.632110595703125,29.971197625439604,53.76140735502915,,QuantData term-structure
2026-08-17T14:40:00-04:00,2026-08-21,4,340.0,put,-0.0005052758964255077,129.3659210205078,530.37,fixed_strike,83.73260498046875,88.73939514160156,84.35249328613281,84.82933044433594,87.40425109863281,0.476837158203125,0.858306884765625,,,,83.73260498046875,74.10049438476562,-9.632110595703125,29.971197625439604,53.76140735502915,,QuantData term-structure
2026-08-17T14:40:00-04:00,2026-08-21,4,345.0,put,-0.0009260033941940269,133.65745544433594,530.37,fixed_strike,83.73260498046875,88.73939514160156,84.35249328613281,84.82933044433594,87.40425109863281,0.476837158203125,0.858306884765625,,,,83.73260498046875,74.10049438476562,-9.632110595703125,29.971197625439604,53.76140735502915,,QuantData term-structure
2026-08-17T14:40:00-04:00,2026-08-21,4,350.0,put,-0.0009620869375260993,129.93812561035156,530.37,fixed_strike,83.73260498046875,88.73939514160156,84.35249328613281,84.82933044433594,87.40425109863281,0.476837158203125,0.858306884765625,,,,83.73260498046875,74.10049438476562,-9.632110595703125,29.971197625439604,53.76140735502915,,QuantData term-structure
2026-08-17T14:40:00-04:00,2026-08-21,4,355.0,put,-0.0021245824615394753,136.32774353027344,530.37,fixed_strike,83.73260498046875,88.73939514160156,84.35249328613281,84.82933044433594,87.40425109863281,0.476837158203125,0.858306884765625,,,,83.73260498046875,74.10049438476562,-9.632110595703125,29.971197625439604,53.76140735502915,,QuantData term-structure
2026-08-17T14:40:00-04:00,2026-08-21,4,360.0,call,0.9916600215995737,166.84532165527344,530.37,fixed_strike,83.73260498046875,88.73939514160156,84.35249328613281,84.82933044433594,87.40425109863281,0.476837158203125,0.858306884765625,,,,83.73260498046875,74.10049438476562,-9.632110595703125,29.971197625439604,53.76140735502915,,QuantData term-structure
2026-08-17T14:40:00-04:00,2026-08-21,4,360.0,put,-0.0010450371593115062,119.63844299316406,530.37,fixed_strike,83.73260498046875,88.73939514160156,84.35249328613281,84.82933044433594,87.40425109863281,0.476837158203125,0.858306884765625,,,,83.73260498046875,74.10049438476562,-9.632110595703125,29.971197625439604,53.76140735502915,,QuantData term-structure
2026-08-17T14:40:00-04:00,2026-08-21,4,370.0,put,-0.0031117198083591537,127.84004211425781,530.37,fixed_strike,83.73260498046875,88.73939514160156,84.35249328613281,84.82933044433594,87.40425109863281,0.476837158203125,0.858306884765625,,,,83.73260498046875,74.10049438476562,-9.632110595703125,29.971197625439604,53.76140735502915,,QuantData term-structure
2026-08-17T14:40:00-04:00,2026-08-21,4,375.0,put,-0.0035359209726012813,125.45585632324219,530.37,fixed_strike,83.73260498046875,88.73939514160156,84.35249328613281,84.82933044433594,87.40425109863281,0.476837158203125,0.858306884765625,,,,83.73260498046875,74.10049438476562,-9.632110595703125,29.971197625439604,53.76140735502915,,QuantData term-structure
2026-08-17T14:40:00-04:00,2026-08-21,4,380.0,put,-0.0028973222477241367,117.44499206542969,530.37,fixed_strike,83.73260498046875,88.73939514160156,84.35249328613281,84.82933044433594,87.40425109863281,0.476837158203125,0.858306884765625,,,,83.73260498046875,74.10049438476562,-9.632110595703125,29.971197625439604,53.76140735502915,,QuantData term-structure
2026-08-17T14:40:00-04:00,2026-08-21,4,385.0,put,-0.004580961116785088,119.63844299316406,530.37,fixed_strike,83.73260498046875,88.73939514160156,84.35249328613281,84.82933044433594,87.40425109863281,0.476837158203125,0.858306884765625,,,,83.73260498046875,74.10049438476562,-9.632110595703125,29.971197625439604,53.76140735502915,,QuantData term-structure
2026-08-17T14:40:00-04:00,2026-08-21,4,390.0,call,0.9895960596022927,131.84547424316406,530.37,fixed_strike,83.73260498046875,88.73939514160156,84.35249328613281,84.82933044433594,87.40425109863281,0.476837158203125,0.858306884765625,,,,83.73260498046875,74.10049438476562,-9.632110595703125,29.971197625439604,53.76140735502915,,QuantData term-structure
2026-08-17T14:40:00-04:00,2026-08-21,4,390.0,put,-0.005085354706941746,116.49131774902344,530.37,fixed_strike,83.73260498046875,88.73939514160156,84.35249328613281,84.82933044433594,87.40425109863281,0.476837158203125,0.858306884765625,,,,83.73260498046875,74.10049438476562,-9.632110595703125,29.971197625439604,53.76140735502915,,QuantData term-structure
2026-08-17T14:40:00-04:00,2026-08-21,4,395.0,put,-0.00681229310401657,115.25154113769531,530.37,fixed_strike,83.73260498046875,88.73939514160156,84.35249328613281,84.82933044433594,87.40425109863281,0.476837158203125,0.858306884765625,,,,83.73260498046875,74.10049438476562,-9.632110595703125,29.971197625439604,53.76140735502915,,QuantData term-structure
2026-08-17T14:40:00-04:00,2026-08-21,4,400.0,call,0.9861110438829348,127.36320495605469,530.37,fixed_strike,83.73260498046875,88.73939514160156,84.35249328613281,84.82933044433594,87.40425109863281,0.476837158203125,0.858306884765625,,,,83.73260498046875,74.10049438476562,-9.632110595703125,29.971197625439604,53.76140735502915,,QuantData term-structure
2026-08-17T14:40:00-04:00,2026-08-21,4,400.0,put,-0.007054692811478259,111.81831359863281,530.37,fixed_strike,83.73260498046875,88.73939514160156,84.35249328613281,84.82933044433594,87.40425109863281,0.476837158203125,0.858306884765625,,,,83.73260498046875,74.10049438476562,-9.632110595703125,29.971197625439604,53.76140735502915,,QuantData term-structure
2026-08-17T14:40:00-04:00,2026-08-21,4,402.5,call,0.9698411162742828,148.7255096435547,530.37,fixed_strike,83.73260498046875,88.73939514160156,84.35249328613281,84.82933044433594,87.40425109863281,0.476837158203125,0.858306884765625,,,,83.73260498046875,74.10049438476562,-9.632110595703125,29.971197625439604,53.76140735502915,,QuantData term-structure
2026-08-17T14:40:00-04:00,2026-08-21,4,402.5,put,-0.007931136258766189,111.05537414550781,530.37,fixed_strike,83.73260498046875,88.73939514160156,84.35249328613281,84.82933044433594,87.40425109863281,0.476837158203125,0.858306884765625,,,,83.73260498046875,74.10049438476562,-9.632110595703125,29.971197625439604,53.76140735502915,,QuantData term-structure
2026-08-17T14:40:00-04:00,2026-08-21,4,405.0,call,0.9691265447282913,146.24595642089844,530.37,fixed_strike,83.73260498046875,88.73939514160156,84.35249328613281,84.82933044433594,87.40425109863281,0.476837158203125,0.858306884765625,,,,83.73260498046875,74.10049438476562,-9.632110595703125,29.971197625439604,53.76140735502915,,QuantData term-structure
2026-08-17T14:40:00-04:00,2026-08-21,4,405.0,put,-0.00887680967352055,110.29243469238281,530.37,fixed_strike,83.73260498046875,88.73939514160156,84.35249328613281,84.82933044433594,87.40425109863281,0.476837158203125,0.858306884765625,,,,83.73260498046875,74.10049438476562,-9.632110595703125,29.971197625439604,53.76140735502915,,QuantData term-structure
2026-08-17T14:40:00-04:00,2026-08-21,4,407.5,call,0.9460677887463387,165.41481018066406,530.37,fixed_strike,83.73260498046875,88.73939514160156,84.35249328613281,84.82933044433594,87.40425109863281,0.476837158203125,0.858306884765625,,,,83.73260498046875,74.10049438476562,-9.632110595703125,29.971197625439604,53.76140735502915,,QuantData term-structure
2026-08-17T14:40:00-04:00,2026-08-21,4,407.5,put,-0.012191738978427204,113.91639709472656,530.37,fixed_strike,83.73260498046875,88.73939514160156,84.35249328613281,84.82933044433594,87.40425109863281,0.476837158203125,0.858306884765625,,,,83.73260498046875,74.10049438476562,-9.632110595703125,29.971197625439604,53.76140735502915,,QuantData term-structure
2026-08-17T14:40:00-04:00,2026-08-21,4,410.0,call,0.9447840273787529,162.8398895263672,530.37,fixed_strike,83.73260498046875,88.73939514160156,84.35249328613281,84.82933044433594,87.40425109863281,0.476837158203125,0.858306884765625,,,,83.73260498046875,74.10049438476562,-9.632110595703125,29.971197625439604,53.76140735502915,,QuantData term-structure
2026-08-17T14:40:00-04:00,2026-08-21,4,410.0,put,-0.01099991129487398,109.33876037597656,530.37,fixed_strike,83.73260498046875,88.73939514160156,84.35249328613281,84.82933044433594,87.40425109863281,0.476837158203125,0.858306884765625,,,,83.73260498046875,74.10049438476562,-9.632110595703125,29.971197625439604,53.76140735502915,,QuantData term-structure
2026-08-17T14:40:00-04:00,2026-08-21,4,412.5,call,0.9423184931539669,164.4611358642578,530.37,fixed_strike,83.73260498046875,88.73939514160156,84.35249328613281,84.82933044433594,87.40425109863281,0.476837158203125,0.858306884765625,,,,83.73260498046875,74.10049438476562,-9.632110595703125,29.971197625439604,53.76140735502915,,QuantData term-structure
2026-08-17T14:40:00-04:00,2026-08-21,4,412.5,put,-0.011516992774093465,108.00361633300781,530.37,fixed_strike,83.73260498046875,88.73939514160156,84.35249328613281,84.82933044433594,87.40425109863281,0.476837158203125,0.858306884765625,,,,83.73260498046875,74.10049438476562,-9.632110595703125,29.971197625439604,53.76140735502915,,QuantData term-structure
2026-08-17T14:40:00-04:00,2026-08-21,4,415.0,call,0.9485777283940061,154.25682067871094,530.37,fixed_strike,83.73260498046875,88.73939514160156,84.35249328613281,84.82933044433594,87.40425109863281,0.476837158203125,0.858306884765625,,,,83.73260498046875,74.10049438476562,-9.632110595703125,29.971197625439604,53.76140735502915,,QuantData term-structure
2026-08-17T14:40:00-04:00,2026-08-21,4,415.0,put,-0.012544878133597987,106.47773742675781,530.37,fixed_strike,83.73260498046875,88.73939514160156,84.35249328613281,84.82933044433594,87.40425109863281,0.476837158203125,0.858306884765625,,,,83.73260498046875,74.10049438476562,-9.632110595703125,29.971197625439604,53.76140735502915,,QuantData term-structure
2026-08-17T14:40:00-04:00,2026-08-21,4,417.5,call,0.9577252670892997,149.5838165283203,530.37,fixed_strike,83.73260498046875,88.73939514160156,84.35249328613281,84.82933044433594,87.40425109863281,0.476837158203125,0.858306884765625,,,,83.73260498046875,74.10049438476562,-9.632110595703125,29.971197625439604,53.76140735502915,,QuantData term-structure
2026-08-17T14:40:00-04:00,2026-08-21,4,417.5,put,-0.012119619881273398,102.37693786621094,530.37,fixed_strike,83.73260498046875,88.73939514160156,84.35249328613281,84.82933044433594,87.40425109863281,0.476837158203125,0.858306884765625,,,,83.73260498046875,74.10049438476562,-9.632110595703125,29.971197625439604,53.76140735502915,,QuantData term-structure
2026-08-17T14:40:00-04:00,2026-08-21,4,420.0,call,0.9382966909933901,148.8208770751953,530.37,fixed_strike,83.73260498046875,88.73939514160156,84.35249328613281,84.82933044433594,87.40425109863281,0.476837158203125,0.858306884765625,,,,83.73260498046875,74.10049438476562,-9.632110595703125,29.971197625439604,53.76140735502915,,QuantData term-structure
2026-08-17T14:40:00-04:00,2026-08-21,4,420.0,put,-0.013811560084011533,102.85377502441406,530.37,fixed_strike,83.73260498046875,88.73939514160156,84.35249328613281,84.82933044433594,87.40425109863281,0.476837158203125,0.858306884765625,,,,83.73260498046875,74.10049438476562,-9.632110595703125,29.971197625439604,53.76140735502915,,QuantData term-structure
2026-08-17T14:40:00-04:00,2026-08-21,4,422.5,call,0.9495401658560045,142.6219940185547,530.37,fixed_strike,83.73260498046875,88.73939514160156,84.35249328613281,84.82933044433594,87.40425109863281,0.476837158203125,0.858306884765625,,,,83.73260498046875,74.10049438476562,-9.632110595703125,29.971197625439604,53.76140735502915,,QuantData term-structure
2026-08-17T14:40:00-04:00,2026-08-21,4,422.5,put,-0.013006654319175883,97.79930114746094,530.37,fixed_strike,83.73260498046875,88.73939514160156,84.35249328613281,84.82933044433594,87.40425109863281,0.476837158203125,0.858306884765625,,,,83.73260498046875,74.10049438476562,-9.632110595703125,29.971197625439604,53.76140735502915,,QuantData term-structure
2026-08-17T14:40:00-04:00,2026-08-21,4,425.0,call,0.9555858306899498,132.7991485595703,530.37,fixed_strike,83.73260498046875,88.73939514160156,84.35249328613281,84.82933044433594,87.40425109863281,0.476837158203125,0.858306884765625,,,,83.73260498046875,74.10049438476562,-9.632110595703125,29.971197625439604,53.76140735502915,,QuantData term-structure
2026-08-17T14:40:00-04:00,2026-08-21,4,425.0,put,-0.016300937359946366,100.56495666503906,530.37,fixed_strike,83.73260498046875,88.73939514160156,84.35249328613281,84.82933044433594,87.40425109863281,0.476837158203125,0.858306884765625,,,,83.73260498046875,74.10049438476562,-9.632110595703125,29.971197625439604,53.76140735502915,,QuantData term-structure
2026-08-17T14:40:00-04:00,2026-08-21,4,427.5,put,-0.02133176649102736,103.71208190917969,530.37,fixed_strike,83.73260498046875,88.73939514160156,84.35249328613281,84.82933044433594,87.40425109863281,0.476837158203125,0.858306884765625,,,,83.73260498046875,74.10049438476562,-9.632110595703125,29.971197625439604,53.76140735502915,,QuantData term-structure
2026-08-17T14:40:00-04:00,2026-08-21,4,430.0,call,1.0,0.0476837158203125,530.37,fixed_strike,83.73260498046875,88.73939514160156,84.35249328613281,84.82933044433594,87.40425109863281,0.476837158203125,0.858306884765625,,,,83.73260498046875,74.10049438476562,-9.632110595703125,29.971197625439604,53.76140735502915,,QuantData term-structure
2026-08-17T14:40:00-04:00,2026-08-21,4,430.0,put,-0.020415260237778777,100.27885437011719,530.37,fixed_strike,83.73260498046875,88.73939514160156,84.35249328613281,84.82933044433594,87.40425109863281,0.476837158203125,0.858306884765625,,,,83.73260498046875,74.10049438476562,-9.632110595703125,29.971197625439604,53.76140735502915,,QuantData term-structure
2026-08-17T14:40:00-04:00,2026-08-21,4,432.5,call,1.0,0.0476837158203125,530.37,fixed_strike,83.73260498046875,88.73939514160156,84.35249328613281,84.82933044433594,87.40425109863281,0.476837158203125,0.858306884765625,,,,83.73260498046875,74.10049438476562,-9.632110595703125,29.971197625439604,53.76140735502915,,QuantData term-structure
2026-08-17T14:40:00-04:00,2026-08-21,4,432.5,put,-0.02278767058624811,98.56224060058594,530.37,fixed_strike,83.73260498046875,88.73939514160156,84.35249328613281,84.82933044433594,87.40425109863281,0.476837158203125,0.858306884765625,,,,83.73260498046875,74.10049438476562,-9.632110595703125,29.971197625439604,53.76140735502915,,QuantData term-structure
2026-08-17T14:40:00-04:00,2026-08-21,4,435.0,call,0.9655931747999493,110.67390441894531,530.37,fixed_strike,83.73260498046875,88.73939514160156,84.35249328613281,84.82933044433594,87.40425109863281,0.476837158203125,0.858306884765625,,,,83.73260498046875,74.10049438476562,-9.632110595703125,29.971197625439604,53.76140735502915,,QuantData term-structure
2026-08-17T14:40:00-04:00,2026-08-21,4,435.0,put,-0.020807252788601235,91.98188781738281,530.37,fixed_strike,83.73260498046875,88.73939514160156,84.35249328613281,84.82933044433594,87.40425109863281,0.476837158203125,0.858306884765625,,,,83.73260498046875,74.10049438476562,-9.632110595703125,29.971197625439604,53.76140735502915,,QuantData term-structure
2026-08-17T14:40:00-04:00,2026-08-21,4,437.5,call,0.9669400403997999,107.43141174316406,530.37,fixed_strike,83.73260498046875,88.73939514160156,84.35249328613281,84.82933044433594,87.40425109863281,0.476837158203125,0.858306884765625,,,,83.73260498046875,74.10049438476562,-9.632110595703125,29.971197625439604,53.76140735502915,,QuantData term-structure
2026-08-17T14:40:00-04:00,2026-08-21,4,437.5,put,-0.026927941868787175,96.94099426269531,530.37,fixed_strike,83.73260498046875,88.73939514160156,84.35249328613281,84.82933044433594,87.40425109863281,0.476837158203125,0.858306884765625,,,,83.73260498046875,74.10049438476562,-9.632110595703125,29.971197625439604,53.76140735502915,,QuantData term-structure
2026-08-17T14:40:00-04:00,2026-08-21,4,440.0,call,0.9511830766679854,121.16432189941406,530.37,fixed_strike,83.73260498046875,88.73939514160156,84.35249328613281,84.82933044433594,87.40425109863281,0.476837158203125,0.858306884765625,,,,83.73260498046875,74.10049438476562,-9.632110595703125,29.971197625439604,53.76140735502915,,QuantData term-structure
2026-08-17T14:40:00-04:00,2026-08-21,4,440.0,put,-0.031218848555117956,95.22438049316406,530.37,fixed_strike,83.73260498046875,88.73939514160156,84.35249328613281,84.82933044433594,87.40425109863281,0.476837158203125,0.858306884765625,,,,83.73260498046875,74.10049438476562,-9.632110595703125,29.971197625439604,53.76140735502915,,QuantData term-structure
2026-08-17T14:40:00-04:00,2026-08-21,4,442.5,call,1.0,0.0476837158203125,530.37,fixed_strike,83.73260498046875,88.73939514160156,84.35249328613281,84.82933044433594,87.40425109863281,0.476837158203125,0.858306884765625,,,,83.73260498046875,74.10049438476562,-9.632110595703125,29.971197625439604,53.76140735502915,,QuantData term-structure
2026-08-17T14:40:00-04:00,2026-08-21,4,442.5,put,-0.02946074891916095,94.07997131347656,530.37,fixed_strike,83.73260498046875,88.73939514160156,84.35249328613281,84.82933044433594,87.40425109863281,0.476837158203125,0.858306884765625,,,,83.73260498046875,74.10049438476562,-9.632110595703125,29.971197625439604,53.76140735502915,,QuantData term-structure
2026-08-17T14:40:00-04:00,2026-08-21,4,445.0,call,1.0,0.0476837158203125,530.37,fixed_strike,83.73260498046875,88.73939514160156,84.35249328613281,84.82933044433594,87.40425109863281,0.476837158203125,0.858306884765625,,,,83.73260498046875,74.10049438476562,-9.632110595703125,29.971197625439604,53.76140735502915,,QuantData term-structure
2026-08-17T14:40:00-04:00,2026-08-21,4,445.0,put,-0.038596666279513775,96.17805480957031,530.37,fixed_strike,83.73260498046875,88.73939514160156,84.35249328613281,84.82933044433594,87.40425109863281,0.476837158203125,0.858306884765625,,,,83.73260498046875,74.10049438476562,-9.632110595703125,29.971197625439604,53.76140735502915,,QuantData term-structure
2026-08-17T14:40:00-04:00,2026-08-21,4,447.5,call,1.0,0.0476837158203125,530.37,fixed_strike,83.73260498046875,88.73939514160156,84.35249328613281,84.82933044433594,87.40425109863281,0.476837158203125,0.858306884765625,,,,83.73260498046875,74.10049438476562,-9.632110595703125,29.971197625439604,53.76140735502915,,QuantData term-structure
2026-08-17T14:40:00-04:00,2026-08-21,4,447.5,put,-0.04107702111317631,103.33061218261719,530.37,fixed_strike,83.73260498046875,88.73939514160156,84.35249328613281,84.82933044433594,87.40425109863281,0.476837158203125,0.858306884765625,,,,83.73260498046875,74.10049438476562,-9.632110595703125,29.971197625439604,53.76140735502915,,QuantData term-structure
2026-08-17T14:40:00-04:00,2026-08-21,4,450.0,call,0.9585774027747996,92.26799011230469,530.37,fixed_strike,83.73260498046875,88.73939514160156,84.35249328613281,84.82933044433594,87.40425109863281,0.476837158203125,0.858306884765625,,,,83.73260498046875,74.10049438476562,-9.632110595703125,29.971197625439604,53.76140735502915,,QuantData term-structure
2026-08-17T14:40:00-04:00,2026-08-21,4,450.0,put,-0.03935565735591574,90.93284606933594,530.37,fixed_strike,83.73260498046875,88.73939514160156,84.35249328613281,84.82933044433594,87.40425109863281,0.476837158203125,0.858306884765625,,,,83.73260498046875,74.10049438476562,-9.632110595703125,29.971197625439604,53.76140735502915,,QuantData term-structure
2026-08-17T14:40:00-04:00,2026-08-21,4,452.5,call,0.9612479164608309,87.11814880371094,530.37,fixed_strike,83.73260498046875,88.73939514160156,84.35249328613281,84.82933044433594,87.40425109863281,0.476837158203125,0.858306884765625,,,,83.73260498046875,74.10049438476562,-9.632110595703125,29.971197625439604,53.76140735502915,,QuantData term-structure
2026-08-17T14:40:00-04:00,2026-08-21,4,452.5,put,-0.04589561747245807,93.31703186035156,530.37,fixed_strike,83.73260498046875,88.73939514160156,84.35249328613281,84.82933044433594,87.40425109863281,0.476837158203125,0.858306884765625,,,,83.73260498046875,74.10049438476562,-9.632110595703125,29.971197625439604,53.76140735502915,,QuantData term-structure
2026-08-17T14:40:00-04:00,2026-08-21,4,455.0,call,0.970475368557718,90.36064147949219,530.37,fixed_strike,83.73260498046875,88.73939514160156,84.35249328613281,84.82933044433594,87.40425109863281,0.476837158203125,0.858306884765625,,,,83.73260498046875,74.10049438476562,-9.632110595703125,29.971197625439604,53.76140735502915,,QuantData term-structure
2026-08-17T14:40:00-04:00,2026-08-21,4,455.0,put,-0.0537845550889024,90.07453918457031,530.37,fixed_strike,83.73260498046875,88.73939514160156,84.35249328613281,84.82933044433594,87.40425109863281,0.476837158203125,0.858306884765625,,,,83.73260498046875,74.10049438476562,-9.632110595703125,29.971197625439604,53.76140735502915,,QuantData term-structure
2026-08-17T14:40:00-04:00,2026-08-21,4,457.5,call,0.9561958409841319,98.18077087402344,530.37,fixed_strike,83.73260498046875,88.73939514160156,84.35249328613281,84.82933044433594,87.40425109863281,0.476837158203125,0.858306884765625,,,,83.73260498046875,74.10049438476562,-9.632110595703125,29.971197625439604,53.76140735502915,,QuantData term-structure
2026-08-17T14:40:00-04:00,2026-08-21,4,457.5,put,-0.05800033714566449,90.07453918457031,530.37,fixed_strike,83.73260498046875,88.73939514160156,84.35249328613281,84.82933044433594,87.40425109863281,0.476837158203125,0.858306884765625,,,,83.73260498046875,74.10049438476562,-9.632110595703125,29.971197625439604,53.76140735502915,,QuantData term-structure
2026-08-17T14:40:00-04:00,2026-08-21,4,460.0,call,0.9328915739154444,91.60041809082031,530.37,fixed_strike,83.73260498046875,88.73939514160156,84.35249328613281,84.82933044433594,87.40425109863281,0.476837158203125,0.858306884765625,,,,83.73260498046875,74.10049438476562,-9.632110595703125,29.971197625439604,53.76140735502915,,QuantData term-structure
2026-08-17T14:40:00-04:00,2026-08-21,4,460.0,put,-0.0607817757696244,89.88380432128906,530.37,fixed_strike,83.73260498046875,88.73939514160156,84.35249328613281,84.82933044433594,87.40425109863281,0.476837158203125,0.858306884765625,,,,83.73260498046875,74.10049438476562,-9.632110595703125,29.971197625439604,53.76140735502915,,QuantData term-structure
2026-08-17T14:40:00-04:00,2026-08-21,4,462.5,call,0.9186921185104217,112.58125305175781,530.37,fixed_strike,83.73260498046875,88.73939514160156,84.35249328613281,84.82933044433594,87.40425109863281,0.476837158203125,0.858306884765625,,,,83.73260498046875,74.10049438476562,-9.632110595703125,29.971197625439604,53.76140735502915,,QuantData term-structure
2026-08-17T14:40:00-04:00,2026-08-21,4,462.5,put,-0.07101470066706106,89.21623229980469,530.37,fixed_strike,83.73260498046875,88.73939514160156,84.35249328613281,84.82933044433594,87.40425109863281,0.476837158203125,0.858306884765625,,,,83.73260498046875,74.10049438476562,-9.632110595703125,29.971197625439604,53.76140735502915,,QuantData term-structure
2026-08-17T14:40:00-04:00,2026-08-21,4,465.0,call,0.9151365007153369,110.67390441894531,530.37,fixed_strike,83.73260498046875,88.73939514160156,84.35249328613281,84.82933044433594,87.40425109863281,0.476837158203125,0.858306884765625,,,,83.73260498046875,74.10049438476562,-9.632110595703125,29.971197625439604,53.76140735502915,,QuantData term-structure
2026-08-17T14:40:00-04:00,2026-08-21,4,465.0,put,-0.08336033226911538,87.78572082519531,530.37,fixed_strike,83.73260498046875,88.73939514160156,84.35249328613281,84.82933044433594,87.40425109863281,0.476837158203125,0.858306884765625,,,,83.73260498046875,74.10049438476562,-9.632110595703125,29.971197625439604,53.76140735502915,,QuantData term-structure
2026-08-17T14:40:00-04:00,2026-08-21,4,467.5,put,-0.09075208485133324,87.11814880371094,530.37,fixed_strike,83.73260498046875,88.73939514160156,84.35249328613281,84.82933044433594,87.40425109863281,0.476837158203125,0.858306884765625,,,,83.73260498046875,74.10049438476562,-9.632110595703125,29.971197625439604,53.76140735502915,,QuantData term-structure
2026-08-17T14:40:00-04:00,2026-08-21,4,470.0,call,0.8792653169518643,100.94642639160156,530.37,fixed_strike,83.73260498046875,88.73939514160156,84.35249328613281,84.82933044433594,87.40425109863281,0.476837158203125,0.858306884765625,,,,83.73260498046875,74.10049438476562,-9.632110595703125,29.971197625439604,53.76140735502915,,QuantData term-structure
2026-08-17T14:40:00-04:00,2026-08-21,4,470.0,put,-0.09007845764246591,88.54866027832031,530.37,fixed_strike,83.73260498046875,88.73939514160156,84.35249328613281,84.82933044433594,87.40425109863281,0.476837158203125,0.858306884765625,,,,83.73260498046875,74.10049438476562,-9.632110595703125,29.971197625439604,53.76140735502915,,QuantData term-structure
2026-08-17T14:40:00-04:00,2026-08-21,4,472.5,call,0.9238797877001259,86.73667907714844,530.37,fixed_strike,83.73260498046875,88.73939514160156,84.35249328613281,84.82933044433594,87.40425109863281,0.476837158203125,0.858306884765625,,,,83.73260498046875,74.10049438476562,-9.632110595703125,29.971197625439604,53.76140735502915,,QuantData term-structure
2026-08-17T14:40:00-04:00,2026-08-21,4,472.5,put,-0.10427302301464159,88.73939514160156,530.37,fixed_strike,83.73260498046875,88.73939514160156,84.35249328613281,84.82933044433594,87.40425109863281,0.476837158203125,0.858306884765625,,,,83.73260498046875,74.10049438476562,-9.632110595703125,29.971197625439604,53.76140735502915,,QuantData term-structure
2026-08-17T14:40:00-04:00,2026-08-21,4,475.0,call,0.8900731243502211,84.73396301269531,530.37,fixed_strike,83.73260498046875,88.73939514160156,84.35249328613281,84.82933044433594,87.40425109863281,0.476837158203125,0.858306884765625,,,,83.73260498046875,74.10049438476562,-9.632110595703125,29.971197625439604,53.76140735502915,,QuantData term-structure
2026-08-17T14:40:00-04:00,2026-08-21,4,475.0,put,-0.10478164348389446,87.40425109863281,530.37,fixed_strike,83.73260498046875,88.73939514160156,84.35249328613281,84.82933044433594,87.40425109863281,0.476837158203125,0.858306884765625,,,,83.73260498046875,74.10049438476562,-9.632110595703125,29.971197625439604,53.76140735502915,,QuantData term-structure
2026-08-17T14:40:00-04:00,2026-08-21,4,477.5,call,0.9230517786518257,92.36335754394531,530.37,fixed_strike,83.73260498046875,88.73939514160156,84.35249328613281,84.82933044433594,87.40425109863281,0.476837158203125,0.858306884765625,,,,83.73260498046875,74.10049438476562,-9.632110595703125,29.971197625439604,53.76140735502915,,QuantData term-structure
2026-08-17T14:40:00-04:00,2026-08-21,4,477.5,put,-0.12815907469718313,88.07182312011719,530.37,fixed_strike,83.73260498046875,88.73939514160156,84.35249328613281,84.82933044433594,87.40425109863281,0.476837158203125,0.858306884765625,,,,83.73260498046875,74.10049438476562,-9.632110595703125,29.971197625439604,53.76140735502915,,QuantData term-structure
2026-08-17T14:40:00-04:00,2026-08-21,4,480.0,call,0.8723880081275965,84.63859558105469,530.37,fixed_strike,83.73260498046875,88.73939514160156,84.35249328613281,84.82933044433594,87.40425109863281,0.476837158203125,0.858306884765625,,,,83.73260498046875,74.10049438476562,-9.632110595703125,29.971197625439604,53.76140735502915,,QuantData term-structure
2026-08-17T14:40:00-04:00,2026-08-21,4,480.0,put,-0.12488379162534247,85.68763732910156,530.37,fixed_strike,83.73260498046875,88.73939514160156,84.35249328613281,84.82933044433594,87.40425109863281,0.476837158203125,0.858306884765625,,,,83.73260498046875,74.10049438476562,-9.632110595703125,29.971197625439604,53.76140735502915,,QuantData term-structure
2026-08-17T14:40:00-04:00,2026-08-21,4,482.5,call,0.8261256519626394,93.98460388183594,530.37,fixed_strike,83.73260498046875,88.73939514160156,84.35249328613281,84.82933044433594,87.40425109863281,0.476837158203125,0.858306884765625,,,,83.73260498046875,74.10049438476562,-9.632110595703125,29.971197625439604,53.76140735502915,,QuantData term-structure
2026-08-17T14:40:00-04:00,2026-08-21,4,482.5,put,-0.13802828784897542,86.35520935058594,530.37,fixed_strike,83.73260498046875,88.73939514160156,84.35249328613281,84.82933044433594,87.40425109863281,0.476837158203125,0.858306884765625,,,,83.73260498046875,74.10049438476562,-9.632110595703125,29.971197625439604,53.76140735502915,,QuantData term-structure
2026-08-17T14:40:00-04:00,2026-08-21,4,485.0,call,0.8707241515986563,86.73667907714844,530.37,fixed_strike,83.73260498046875,88.73939514160156,84.35249328613281,84.82933044433594,87.40425109863281,0.476837158203125,0.858306884765625,,,,83.73260498046875,74.10049438476562,-9.632110595703125,29.971197625439604,53.76140735502915,,QuantData term-structure
2026-08-17T14:40:00-04:00,2026-08-21,4,485.0,put,-0.148183708681081,86.06910705566406,530.37,fixed_strike,83.73260498046875,88.73939514160156,84.35249328613281,84.82933044433594,87.40425109863281,0.476837158203125,0.858306884765625,,,,83.73260498046875,74.10049438476562,-9.632110595703125,29.971197625439604,53.76140735502915,,QuantData term-structure
2026-08-17T14:40:00-04:00,2026-08-21,4,487.5,call,0.9730178063672418,52.21366882324219,530.37,fixed_strike,83.73260498046875,88.73939514160156,84.35249328613281,84.82933044433594,87.40425109863281,0.476837158203125,0.858306884765625,,,,83.73260498046875,74.10049438476562,-9.632110595703125,29.971197625439604,53.76140735502915,,QuantData term-structure
2026-08-17T14:40:00-04:00,2026-08-21,4,487.5,put,-0.1706240421511429,86.06910705566406,530.37,fixed_strike,83.73260498046875,88.73939514160156,84.35249328613281,84.82933044433594,87.40425109863281,0.476837158203125,0.858306884765625,,,,83.73260498046875,74.10049438476562,-9.632110595703125,29.971197625439604,53.76140735502915,,QuantData term-structure
2026-08-17T14:40:00-04:00,2026-08-21,4,490.0,call,0.825992832086953,85.49690246582031,530.37,fixed_strike,83.73260498046875,88.73939514160156,84.35249328613281,84.82933044433594,87.40425109863281,0.476837158203125,0.858306884765625,,,,83.73260498046875,74.10049438476562,-9.632110595703125,29.971197625439604,53.76140735502915,,QuantData term-structure
2026-08-17T14:40:00-04:00,2026-08-21,4,490.0,put,-0.17167652326442728,85.11543273925781,530.37,fixed_strike,83.73260498046875,88.73939514160156,84.35249328613281,84.82933044433594,87.40425109863281,0.476837158203125,0.858306884765625,,,,83.73260498046875,74.10049438476562,-9.632110595703125,29.971197625439604,53.76140735502915,,QuantData term-structure
2026-08-17T14:40:00-04:00,2026-08-21,4,492.5,put,-0.19255894285584085,85.30616760253906,530.37,fixed_strike,83.73260498046875,88.73939514160156,84.35249328613281,84.82933044433594,87.40425109863281,0.476837158203125,0.858306884765625,,,,83.73260498046875,74.10049438476562,-9.632110595703125,29.971197625439604,53.76140735502915,,QuantData term-structure
2026-08-17T14:40:00-04:00,2026-08-21,4,495.0,call,0.7927554652170419,85.97373962402344,530.37,fixed_strike,83.73260498046875,88.73939514160156,84.35249328613281,84.82933044433594,87.40425109863281,0.476837158203125,0.858306884765625,,,,83.73260498046875,74.10049438476562,-9.632110595703125,29.971197625439604,53.76140735502915,,QuantData term-structure
2026-08-17T14:40:00-04:00,2026-08-21,4,495.0,put,-0.21074287021307592,85.49690246582031,530.37,fixed_strike,83.73260498046875,88.73939514160156,84.35249328613281,84.82933044433594,87.40425109863281,0.476837158203125,0.858306884765625,,,,83.73260498046875,74.10049438476562,-9.632110595703125,29.971197625439604,53.76140735502915,,QuantData term-structure
2026-08-17T14:40:00-04:00,2026-08-21,4,497.5,put,-0.2471855002100099,84.35249328613281,530.37,fixed_strike,83.73260498046875,88.73939514160156,84.35249328613281,84.82933044433594,87.40425109863281,0.476837158203125,0.858306884765625,,,,83.73260498046875,74.10049438476562,-9.632110595703125,29.971197625439604,53.76140735502915,,QuantData term-structure
2026-08-17T14:40:00-04:00,2026-08-21,4,500.0,call,0.7681533977230312,83.30345153808594,530.37,fixed_strike,83.73260498046875,88.73939514160156,84.35249328613281,84.82933044433594,87.40425109863281,0.476837158203125,0.858306884765625,,,,83.73260498046875,74.10049438476562,-9.632110595703125,29.971197625439604,53.76140735502915,,QuantData term-structure
2026-08-17T14:40:00-04:00,2026-08-21,4,500.0,put,-0.23580972031386999,84.82933044433594,530.37,fixed_strike,83.73260498046875,88.73939514160156,84.35249328613281,84.82933044433594,87.40425109863281,0.476837158203125,0.858306884765625,,,,83.73260498046875,74.10049438476562,-9.632110595703125,29.971197625439604,53.76140735502915,,QuantData term-structure
2026-08-17T14:40:00-04:00,2026-08-21,4,505.0,call,0.7306525620751627,85.11543273925781,530.37,fixed_strike,83.73260498046875,88.73939514160156,84.35249328613281,84.82933044433594,87.40425109863281,0.476837158203125,0.858306884765625,,,,83.73260498046875,74.10049438476562,-9.632110595703125,29.971197625439604,53.76140735502915,,QuantData term-structure
2026-08-17T14:40:00-04:00,2026-08-21,4,505.0,put,-0.2702487508032563,85.02006530761719,530.37,fixed_strike,83.73260498046875,88.73939514160156,84.35249328613281,84.82933044433594,87.40425109863281,0.476837158203125,0.858306884765625,,,,83.73260498046875,74.10049438476562,-9.632110595703125,29.971197625439604,53.76140735502915,,QuantData term-structure
2026-08-17T14:40:00-04:00,2026-08-21,4,510.0,call,0.6788400227434552,85.02006530761719,530.37,fixed_strike,83.73260498046875,88.73939514160156,84.35249328613281,84.82933044433594,87.40425109863281,0.476837158203125,0.858306884765625,,,,83.73260498046875,74.10049438476562,-9.632110595703125,29.971197625439604,53.76140735502915,,QuantData term-structure
2026-08-17T14:40:00-04:00,2026-08-21,4,510.0,put,-0.30826049801039024,84.54322814941406,530.37,fixed_strike,83.73260498046875,88.73939514160156,84.35249328613281,84.82933044433594,87.40425109863281,0.476837158203125,0.858306884765625,,,,83.73260498046875,74.10049438476562,-9.632110595703125,29.971197625439604,53.76140735502915,,QuantData term-structure
2026-08-17T14:40:00-04:00,2026-08-21,4,515.0,call,0.6322265436951371,84.35249328613281,530.37,fixed_strike,83.73260498046875,88.73939514160156,84.35249328613281,84.82933044433594,87.40425109863281,0.476837158203125,0.858306884765625,,,,83.73260498046875,74.10049438476562,-9.632110595703125,29.971197625439604,53.76140735502915,,QuantData term-structure
2026-08-17T14:40:00-04:00,2026-08-21,4,515.0,put,-0.35620660081254063,83.78028869628906,530.37,fixed_strike,83.73260498046875,88.73939514160156,84.35249328613281,84.82933044433594,87.40425109863281,0.476837158203125,0.858306884765625,,,,83.73260498046875,74.10049438476562,-9.632110595703125,29.971197625439604,53.76140735502915,,QuantData term-structure
2026-08-17T14:40:00-04:00,2026-08-21,4,520.0,call,0.6085159437178669,84.35249328613281,530.37,fixed_strike,83.73260498046875,88.73939514160156,84.35249328613281,84.82933044433594,87.40425109863281,0.476837158203125,0.858306884765625,,,,83.73260498046875,74.10049438476562,-9.632110595703125,29.971197625439604,53.76140735502915,,QuantData term-structure
2026-08-17T14:40:00-04:00,2026-08-21,4,520.0,put,-0.42063280303072537,84.35249328613281,530.37,fixed_strike,83.73260498046875,88.73939514160156,84.35249328613281,84.82933044433594,87.40425109863281,0.476837158203125,0.858306884765625,,,,83.73260498046875,74.10049438476562,-9.632110595703125,29.971197625439604,53.76140735502915,,QuantData term-structure
2026-08-17T14:40:00-04:00,2026-08-21,4,525.0,call,0.5663510849486684,83.49418640136719,530.37,fixed_strike,83.73260498046875,88.73939514160156,84.35249328613281,84.82933044433594,87.40425109863281,0.476837158203125,0.858306884765625,,,,83.73260498046875,74.10049438476562,-9.632110595703125,29.971197625439604,53.76140735502915,,QuantData term-structure
2026-08-17T14:40:00-04:00,2026-08-21,4,525.0,put,-0.43471811439412916,83.68492126464844,530.37,fixed_strike,83.73260498046875,88.73939514160156,84.35249328613281,84.82933044433594,87.40425109863281,0.476837158203125,0.858306884765625,,,,83.73260498046875,74.10049438476562,-9.632110595703125,29.971197625439604,53.76140735502915,,QuantData term-structure
2026-08-17T14:40:00-04:00,2026-08-21,4,530.0,call,0.5288805042453104,84.16175842285156,530.37,fixed_strike,83.73260498046875,88.73939514160156,84.35249328613281,84.82933044433594,87.40425109863281,0.476837158203125,0.858306884765625,,,,83.73260498046875,74.10049438476562,-9.632110595703125,29.971197625439604,53.76140735502915,,QuantData term-structure
2026-08-17T14:40:00-04:00,2026-08-21,4,530.0,put,-0.47661649394465483,83.30345153808594,530.37,fixed_strike,83.73260498046875,88.73939514160156,84.35249328613281,84.82933044433594,87.40425109863281,0.476837158203125,0.858306884765625,,,,83.73260498046875,74.10049438476562,-9.632110595703125,29.971197625439604,53.76140735502915,,QuantData term-structure
2026-08-17T14:40:00-04:00,2026-08-21,4,535.0,call,0.4865933063445361,83.58955383300781,530.37,fixed_strike,83.73260498046875,88.73939514160156,84.35249328613281,84.82933044433594,87.40425109863281,0.476837158203125,0.858306884765625,,,,83.73260498046875,74.10049438476562,-9.632110595703125,29.971197625439604,53.76140735502915,,QuantData term-structure
2026-08-17T14:40:00-04:00,2026-08-21,4,535.0,put,-0.5130990391862204,83.97102355957031,530.37,fixed_strike,83.73260498046875,88.73939514160156,84.35249328613281,84.82933044433594,87.40425109863281,0.476837158203125,0.858306884765625,,,,83.73260498046875,74.10049438476562,-9.632110595703125,29.971197625439604,53.76140735502915,,QuantData term-structure
2026-08-17T14:40:00-04:00,2026-08-21,4,540.0,call,0.445306349739917,84.06639099121094,530.37,fixed_strike,83.73260498046875,88.73939514160156,84.35249328613281,84.82933044433594,87.40425109863281,0.476837158203125,0.858306884765625,,,,83.73260498046875,74.10049438476562,-9.632110595703125,29.971197625439604,53.76140735502915,,QuantData term-structure
2026-08-17T14:40:00-04:00,2026-08-21,4,540.0,put,-0.5625239061002938,84.06639099121094,530.37,fixed_strike,83.73260498046875,88.73939514160156,84.35249328613281,84.82933044433594,87.40425109863281,0.476837158203125,0.858306884765625,,,,83.73260498046875,74.10049438476562,-9.632110595703125,29.971197625439604,53.76140735502915,,QuantData term-structure
2026-08-17T14:40:00-04:00,2026-08-21,4,545.0,call,0.4074564245581964,84.54322814941406,530.37,fixed_strike,83.73260498046875,88.73939514160156,84.35249328613281,84.82933044433594,87.40425109863281,0.476837158203125,0.858306884765625,,,,83.73260498046875,74.10049438476562,-9.632110595703125,29.971197625439604,53.76140735502915,,QuantData term-structure
2026-08-17T14:40:00-04:00,2026-08-21,4,545.0,put,-0.5537394310256776,84.82933044433594,530.37,fixed_strike,83.73260498046875,88.73939514160156,84.35249328613281,84.82933044433594,87.40425109863281,0.476837158203125,0.858306884765625,,,,83.73260498046875,74.10049438476562,-9.632110595703125,29.971197625439604,53.76140735502915,,QuantData term-structure
2026-08-17T14:40:00-04:00,2026-08-21,4,547.5,call,0.3851720796786394,84.73396301269531,530.37,fixed_strike,83.73260498046875,88.73939514160156,84.35249328613281,84.82933044433594,87.40425109863281,0.476837158203125,0.858306884765625,,,,83.73260498046875,74.10049438476562,-9.632110595703125,29.971197625439604,53.76140735502915,,QuantData term-structure
2026-08-17T14:40:00-04:00,2026-08-21,4,547.5,put,-0.6467141151685878,84.63859558105469,530.37,fixed_strike,83.73260498046875,88.73939514160156,84.35249328613281,84.82933044433594,87.40425109863281,0.476837158203125,0.858306884765625,,,,83.73260498046875,74.10049438476562,-9.632110595703125,29.971197625439604,53.76140735502915,,QuantData term-structure
2026-08-17T14:40:00-04:00,2026-08-21,4,550.0,call,0.3663715798021503,84.35249328613281,530.37,fixed_strike,83.73260498046875,88.73939514160156,84.35249328613281,84.82933044433594,87.40425109863281,0.476837158203125,0.858306884765625,,,,83.73260498046875,74.10049438476562,-9.632110595703125,29.971197625439604,53.76140735502915,,QuantData term-structure
2026-08-17T14:40:00-04:00,2026-08-21,4,550.0,put,-0.6446131621612097,87.40425109863281,530.37,fixed_strike,83.73260498046875,88.73939514160156,84.35249328613281,84.82933044433594,87.40425109863281,0.476837158203125,0.858306884765625,,,,83.73260498046875,74.10049438476562,-9.632110595703125,29.971197625439604,53.76140735502915,,QuantData term-structure
2026-08-17T14:40:00-04:00,2026-08-21,4,552.5,call,0.34550342686680363,83.97102355957031,530.37,fixed_strike,83.73260498046875,88.73939514160156,84.35249328613281,84.82933044433594,87.40425109863281,0.476837158203125,0.858306884765625,,,,83.73260498046875,74.10049438476562,-9.632110595703125,29.971197625439604,53.76140735502915,,QuantData term-structure
2026-08-17T14:40:00-04:00,2026-08-21,4,552.5,put,-0.6600356193652666,86.35520935058594,530.37,fixed_strike,83.73260498046875,88.73939514160156,84.35249328613281,84.82933044433594,87.40425109863281,0.476837158203125,0.858306884765625,,,,83.73260498046875,74.10049438476562,-9.632110595703125,29.971197625439604,53.76140735502915,,QuantData term-structure
2026-08-17T14:40:00-04:00,2026-08-21,4,555.0,call,0.3291002096983755,84.82933044433594,530.37,fixed_strike,83.73260498046875,88.73939514160156,84.35249328613281,84.82933044433594,87.40425109863281,0.476837158203125,0.858306884765625,,,,83.73260498046875,74.10049438476562,-9.632110595703125,29.971197625439604,53.76140735502915,,QuantData term-structure
2026-08-17T14:40:00-04:00,2026-08-21,4,555.0,put,-0.6239268540162701,84.44786071777344,530.37,fixed_strike,83.73260498046875,88.73939514160156,84.35249328613281,84.82933044433594,87.40425109863281,0.476837158203125,0.858306884765625,,,,83.73260498046875,74.10049438476562,-9.632110595703125,29.971197625439604,53.76140735502915,,QuantData term-structure
2026-08-17T14:40:00-04:00,2026-08-21,4,560.0,call,0.29299523064206345,84.35249328613281,530.37,fixed_strike,83.73260498046875,88.73939514160156,84.35249328613281,84.82933044433594,87.40425109863281,0.476837158203125,0.858306884765625,,,,83.73260498046875,74.10049438476562,-9.632110595703125,29.971197625439604,53.76140735502915,,QuantData term-structure
2026-08-17T14:40:00-04:00,2026-08-21,4,560.0,put,-0.729081216667408,86.92741394042969,530.37,fixed_strike,83.73260498046875,88.73939514160156,84.35249328613281,84.82933044433594,87.40425109863281,0.476837158203125,0.858306884765625,,,,83.73260498046875,74.10049438476562,-9.632110595703125,29.971197625439604,53.76140735502915,,QuantData term-structure
2026-08-17T14:40:00-04:00,2026-08-21,4,565.0,call,0.2612512609654545,84.82933044433594,530.37,fixed_strike,83.73260498046875,88.73939514160156,84.35249328613281,84.82933044433594,87.40425109863281,0.476837158203125,0.858306884765625,,,,83.73260498046875,74.10049438476562,-9.632110595703125,29.971197625439604,53.76140735502915,,QuantData term-structure
2026-08-17T14:40:00-04:00,2026-08-21,4,565.0,put,-0.6231173314158527,86.25984191894531,530.37,fixed_strike,83.73260498046875,88.73939514160156,84.35249328613281,84.82933044433594,87.40425109863281,0.476837158203125,0.858306884765625,,,,83.73260498046875,74.10049438476562,-9.632110595703125,29.971197625439604,53.76140735502915,,QuantData term-structure
2026-08-17T14:40:00-04:00,2026-08-21,4,570.0,call,0.21450245314512872,87.49961853027344,530.37,fixed_strike,83.73260498046875,88.73939514160156,84.35249328613281,84.82933044433594,87.40425109863281,0.476837158203125,0.858306884765625,,,,83.73260498046875,74.10049438476562,-9.632110595703125,29.971197625439604,53.76140735502915,,QuantData term-structure
2026-08-17T14:40:00-04:00,2026-08-21,4,570.0,put,-0.7655898440503759,87.88108825683594,530.37,fixed_strike,83.73260498046875,88.73939514160156,84.35249328613281,84.82933044433594,87.40425109863281,0.476837158203125,0.858306884765625,,,,83.73260498046875,74.10049438476562,-9.632110595703125,29.971197625439604,53.76140735502915,,QuantData term-structure
2026-08-17T14:40:00-04:00,2026-08-21,4,575.0,call,0.20269710783004125,86.54594421386719,530.37,fixed_strike,83.73260498046875,88.73939514160156,84.35249328613281,84.82933044433594,87.40425109863281,0.476837158203125,0.858306884765625,,,,83.73260498046875,74.10049438476562,-9.632110595703125,29.971197625439604,53.76140735502915,,QuantData term-structure
2026-08-17T14:40:00-04:00,2026-08-21,4,575.0,put,-0.7326624182730037,97.13172912597656,530.37,fixed_strike,83.73260498046875,88.73939514160156,84.35249328613281,84.82933044433594,87.40425109863281,0.476837158203125,0.858306884765625,,,,83.73260498046875,74.10049438476562,-9.632110595703125,29.971197625439604,53.76140735502915,,QuantData term-structure
2026-08-17T14:40:00-04:00,2026-08-21,4,580.0,call,0.16873716332804573,86.16447448730469,530.37,fixed_strike,83.73260498046875,88.73939514160156,84.35249328613281,84.82933044433594,87.40425109863281,0.476837158203125,0.858306884765625,,,,83.73260498046875,74.10049438476562,-9.632110595703125,29.971197625439604,53.76140735502915,,QuantData term-structure
2026-08-17T14:40:00-04:00,2026-08-21,4,580.0,put,-0.7847873800567049,84.63859558105469,530.37,fixed_strike,83.73260498046875,88.73939514160156,84.35249328613281,84.82933044433594,87.40425109863281,0.476837158203125,0.858306884765625,,,,83.73260498046875,74.10049438476562,-9.632110595703125,29.971197625439604,53.76140735502915,,QuantData term-structure
2026-08-17T14:40:00-04:00,2026-08-21,4,585.0,call,0.14942775304053169,86.25984191894531,530.37,fixed_strike,83.73260498046875,88.73939514160156,84.35249328613281,84.82933044433594,87.40425109863281,0.476837158203125,0.858306884765625,,,,83.73260498046875,74.10049438476562,-9.632110595703125,29.971197625439604,53.76140735502915,,QuantData term-structure
2026-08-17T14:40:00-04:00,2026-08-21,4,590.0,call,0.13814375032166631,86.73667907714844,530.37,fixed_strike,83.73260498046875,88.73939514160156,84.35249328613281,84.82933044433594,87.40425109863281,0.476837158203125,0.858306884765625,,,,83.73260498046875,74.10049438476562,-9.632110595703125,29.971197625439604,53.76140735502915,,QuantData term-structure
2026-08-17T14:40:00-04:00,2026-08-21,4,590.0,put,-0.7929315363093239,92.45872497558594,530.37,fixed_strike,83.73260498046875,88.73939514160156,84.35249328613281,84.82933044433594,87.40425109863281,0.476837158203125,0.858306884765625,,,,83.73260498046875,74.10049438476562,-9.632110595703125,29.971197625439604,53.76140735502915,,QuantData term-structure
2026-08-17T14:40:00-04:00,2026-08-21,4,595.0,call,0.10949137268797238,89.40696716308594,530.37,fixed_strike,83.73260498046875,88.73939514160156,84.35249328613281,84.82933044433594,87.40425109863281,0.476837158203125,0.858306884765625,,,,83.73260498046875,74.10049438476562,-9.632110595703125,29.971197625439604,53.76140735502915,,QuantData term-structure
2026-08-17T14:40:00-04:00,2026-08-21,4,600.0,call,0.10426867466083622,87.40425109863281,530.37,fixed_strike,83.73260498046875,88.73939514160156,84.35249328613281,84.82933044433594,87.40425109863281,0.476837158203125,0.858306884765625,,,,83.73260498046875,74.10049438476562,-9.632110595703125,29.971197625439604,53.76140735502915,,QuantData term-structure
2026-08-17T14:40:00-04:00,2026-08-21,4,600.0,put,-0.8688189743953192,87.69035339355469,530.37,fixed_strike,83.73260498046875,88.73939514160156,84.35249328613281,84.82933044433594,87.40425109863281,0.476837158203125,0.858306884765625,,,,83.73260498046875,74.10049438476562,-9.632110595703125,29.971197625439604,53.76140735502915,,QuantData term-structure
2026-08-17T14:40:00-04:00,2026-08-21,4,605.0,call,0.09065532664468101,88.16719055175781,530.37,fixed_strike,83.73260498046875,88.73939514160156,84.35249328613281,84.82933044433594,87.40425109863281,0.476837158203125,0.858306884765625,,,,83.73260498046875,74.10049438476562,-9.632110595703125,29.971197625439604,53.76140735502915,,QuantData term-structure
2026-08-17T14:40:00-04:00,2026-08-21,4,610.0,call,0.0698967075673601,90.07453918457031,530.37,fixed_strike,83.73260498046875,88.73939514160156,84.35249328613281,84.82933044433594,87.40425109863281,0.476837158203125,0.858306884765625,,,,83.73260498046875,74.10049438476562,-9.632110595703125,29.971197625439604,53.76140735502915,,QuantData term-structure
2026-08-17T14:40:00-04:00,2026-08-21,4,610.0,put,-0.8454458985316797,106.85920715332031,530.37,fixed_strike,83.73260498046875,88.73939514160156,84.35249328613281,84.82933044433594,87.40425109863281,0.476837158203125,0.858306884765625,,,,83.73260498046875,74.10049438476562,-9.632110595703125,29.971197625439604,53.76140735502915,,QuantData term-structure
2026-08-17T14:40:00-04:00,2026-08-21,4,620.0,call,0.05497991365798871,88.35792541503906,530.37,fixed_strike,83.73260498046875,88.73939514160156,84.35249328613281,84.82933044433594,87.40425109863281,0.476837158203125,0.858306884765625,,,,83.73260498046875,74.10049438476562,-9.632110595703125,29.971197625439604,53.76140735502915,,QuantData term-structure
2026-08-17T14:40:00-04:00,2026-08-21,4,630.0,call,0.04189322691952502,93.03092956542969,530.37,fixed_strike,83.73260498046875,88.73939514160156,84.35249328613281,84.82933044433594,87.40425109863281,0.476837158203125,0.858306884765625,,,,83.73260498046875,74.10049438476562,-9.632110595703125,29.971197625439604,53.76140735502915,,QuantData term-structure
2026-08-17T14:40:00-04:00,2026-08-21,4,640.0,call,0.03346711524037737,93.88923645019531,530.37,fixed_strike,83.73260498046875,88.73939514160156,84.35249328613281,84.82933044433594,87.40425109863281,0.476837158203125,0.858306884765625,,,,83.73260498046875,74.10049438476562,-9.632110595703125,29.971197625439604,53.76140735502915,,QuantData term-structure
2026-08-17T14:40:00-04:00,2026-08-21,4,640.0,put,-0.9236829389581305,106.57310485839844,530.37,fixed_strike,83.73260498046875,88.73939514160156,84.35249328613281,84.82933044433594,87.40425109863281,0.476837158203125,0.858306884765625,,,,83.73260498046875,74.10049438476562,-9.632110595703125,29.971197625439604,53.76140735502915,,QuantData term-structure
2026-08-17T14:40:00-04:00,2026-08-21,4,650.0,call,0.019376587759341198,90.16990661621094,530.37,fixed_strike,83.73260498046875,88.73939514160156,84.35249328613281,84.82933044433594,87.40425109863281,0.476837158203125,0.858306884765625,,,,83.73260498046875,74.10049438476562,-9.632110595703125,29.971197625439604,53.76140735502915,,QuantData term-structure
2026-08-17T14:40:00-04:00,2026-08-21,4,660.0,call,0.016238616666715184,95.03364562988281,530.37,fixed_strike,83.73260498046875,88.73939514160156,84.35249328613281,84.82933044433594,87.40425109863281,0.476837158203125,0.858306884765625,,,,83.73260498046875,74.10049438476562,-9.632110595703125,29.971197625439604,53.76140735502915,,QuantData term-structure
2026-08-17T14:40:00-04:00,2026-08-21,4,670.0,call,0.011804151998456556,94.46144104003906,530.37,fixed_strike,83.73260498046875,88.73939514160156,84.35249328613281,84.82933044433594,87.40425109863281,0.476837158203125,0.858306884765625,,,,83.73260498046875,74.10049438476562,-9.632110595703125,29.971197625439604,53.76140735502915,,QuantData term-structure
2026-08-17T14:40:00-04:00,2026-08-21,4,680.0,call,0.014368345892260576,98.94371032714844,530.37,fixed_strike,83.73260498046875,88.73939514160156,84.35249328613281,84.82933044433594,87.40425109863281,0.476837158203125,0.858306884765625,,,,83.73260498046875,74.10049438476562,-9.632110595703125,29.971197625439604,53.76140735502915,,QuantData term-structure
2026-08-17T14:40:00-04:00,2026-08-21,4,690.0,call,0.007413071221506365,97.70393371582031,530.37,fixed_strike,83.73260498046875,88.73939514160156,84.35249328613281,84.82933044433594,87.40425109863281,0.476837158203125,0.858306884765625,,,,83.73260498046875,74.10049438476562,-9.632110595703125,29.971197625439604,53.76140735502915,,QuantData term-structure
2026-08-17T14:40:00-04:00,2026-08-21,4,700.0,call,0.006149729085518068,102.66304016113281,530.37,fixed_strike,83.73260498046875,88.73939514160156,84.35249328613281,84.82933044433594,87.40425109863281,0.476837158203125,0.858306884765625,,,,83.73260498046875,74.10049438476562,-9.632110595703125,29.971197625439604,53.76140735502915,,QuantData term-structure
2026-08-17T14:40:00-04:00,2026-08-21,4,710.0,call,0.004006539871226906,103.71208190917969,530.37,fixed_strike,83.73260498046875,88.73939514160156,84.35249328613281,84.82933044433594,87.40425109863281,0.476837158203125,0.858306884765625,,,,83.73260498046875,74.10049438476562,-9.632110595703125,29.971197625439604,53.76140735502915,,QuantData term-structure
2026-08-17T14:40:00-04:00,2026-08-21,4,720.0,call,0.006088299043090507,112.77198791503906,530.37,fixed_strike,83.73260498046875,88.73939514160156,84.35249328613281,84.82933044433594,87.40425109863281,0.476837158203125,0.858306884765625,,,,83.73260498046875,74.10049438476562,-9.632110595703125,29.971197625439604,53.76140735502915,,QuantData term-structure
2026-08-17T14:40:00-04:00,2026-08-21,4,730.0,call,0.0037914817556568797,108.48045349121094,530.37,fixed_strike,83.73260498046875,88.73939514160156,84.35249328613281,84.82933044433594,87.40425109863281,0.476837158203125,0.858306884765625,,,,83.73260498046875,74.10049438476562,-9.632110595703125,29.971197625439604,53.76140735502915,,QuantData term-structure
2026-08-17T14:40:00-04:00,2026-08-21,4,740.0,call,0.0051008662609803735,108.28971862792969,530.37,fixed_strike,83.73260498046875,88.73939514160156,84.35249328613281,84.82933044433594,87.40425109863281,0.476837158203125,0.858306884765625,,,,83.73260498046875,74.10049438476562,-9.632110595703125,29.971197625439604,53.76140735502915,,QuantData term-structure
2026-08-17T14:40:00-04:00,2026-08-21,4,750.0,call,0.00218660671032802,114.01176452636719,530.37,fixed_strike,83.73260498046875,88.73939514160156,84.35249328613281,84.82933044433594,87.40425109863281,0.476837158203125,0.858306884765625,,,,83.73260498046875,74.10049438476562,-9.632110595703125,29.971197625439604,53.76140735502915,,QuantData term-structure
2026-08-17T14:40:00-04:00,2026-08-21,4,770.0,call,0.0021441670111532647,113.72566223144531,530.37,fixed_strike,83.73260498046875,88.73939514160156,84.35249328613281,84.82933044433594,87.40425109863281,0.476837158203125,0.858306884765625,,,,83.73260498046875,74.10049438476562,-9.632110595703125,29.971197625439604,53.76140735502915,,QuantData term-structure
2026-08-17T14:40:00-04:00,2026-08-21,4,780.0,call,0.0016217429934193078,114.58396911621094,530.37,fixed_strike,83.73260498046875,88.73939514160156,84.35249328613281,84.82933044433594,87.40425109863281,0.476837158203125,0.858306884765625,,,,83.73260498046875,74.10049438476562,-9.632110595703125,29.971197625439604,53.76140735502915,,QuantData term-structure
2026-08-17T14:40:00-04:00,2026-08-21,4,790.0,call,0.0024200141426695336,127.64930725097656,530.37,fixed_strike,83.73260498046875,88.73939514160156,84.35249328613281,84.82933044433594,87.40425109863281,0.476837158203125,0.858306884765625,,,,83.73260498046875,74.10049438476562,-9.632110595703125,29.971197625439604,53.76140735502915,,QuantData term-structure
2026-08-17T14:40:00-04:00,2026-08-21,4,800.0,call,0.001522462415482266,127.45857238769531,530.37,fixed_strike,83.73260498046875,88.73939514160156,84.35249328613281,84.82933044433594,87.40425109863281,0.476837158203125,0.858306884765625,,,,83.73260498046875,74.10049438476562,-9.632110595703125,29.971197625439604,53.76140735502915,,QuantData term-structure
2026-08-17T14:40:00-04:00,2026-08-21,4,810.0,call,0.0033824570106586855,143.19419860839844,530.37,fixed_strike,83.73260498046875,88.73939514160156,84.35249328613281,84.82933044433594,87.40425109863281,0.476837158203125,0.858306884765625,,,,83.73260498046875,74.10049438476562,-9.632110595703125,29.971197625439604,53.76140735502915,,QuantData term-structure
2026-08-17T14:40:00-04:00,2026-08-21,4,820.0,call,0.002255208282665468,134.80186462402344,530.37,fixed_strike,83.73260498046875,88.73939514160156,84.35249328613281,84.82933044433594,87.40425109863281,0.476837158203125,0.858306884765625,,,,83.73260498046875,74.10049438476562,-9.632110595703125,29.971197625439604,53.76140735502915,,QuantData term-structure
2026-08-17T14:40:00-04:00,2026-08-21,4,830.0,call,0.0017950222515686393,141.5729522705078,530.37,fixed_strike,83.73260498046875,88.73939514160156,84.35249328613281,84.82933044433594,87.40425109863281,0.476837158203125,0.858306884765625,,,,83.73260498046875,74.10049438476562,-9.632110595703125,29.971197625439604,53.76140735502915,,QuantData term-structure
2026-08-17T14:40:00-04:00,2026-08-21,4,840.0,call,0.0045193274040693865,154.9243927001953,530.37,fixed_strike,83.73260498046875,88.73939514160156,84.35249328613281,84.82933044433594,87.40425109863281,0.476837158203125,0.858306884765625,,,,83.73260498046875,74.10049438476562,-9.632110595703125,29.971197625439604,53.76140735502915,,QuantData term-structure
2026-08-17T14:40:00-04:00,2026-08-21,4,850.0,call,0.0009715520617038618,132.89451599121094,530.37,fixed_strike,83.73260498046875,88.73939514160156,84.35249328613281,84.82933044433594,87.40425109863281,0.476837158203125,0.858306884765625,,,,83.73260498046875,74.10049438476562,-9.632110595703125,29.971197625439604,53.76140735502915,,QuantData term-structure
2026-08-17T14:40:00-04:00,2026-08-21,4,860.0,call,0.007705654981752192,170.5646514892578,530.37,fixed_strike,83.73260498046875,88.73939514160156,84.35249328613281,84.82933044433594,87.40425109863281,0.476837158203125,0.858306884765625,,,,83.73260498046875,74.10049438476562,-9.632110595703125,29.971197625439604,53.76140735502915,,QuantData term-structure
2026-08-17T14:40:00-04:00,2026-08-21,4,870.0,call,0.0009362054902999739,137.09068298339844,530.37,fixed_strike,83.73260498046875,88.73939514160156,84.35249328613281,84.82933044433594,87.40425109863281,0.476837158203125,0.858306884765625,,,,83.73260498046875,74.10049438476562,-9.632110595703125,29.971197625439604,53.76140735502915,,QuantData term-structure
2026-08-17T14:40:00-04:00,2026-08-21,4,880.0,call,0.0016419970686649913,154.63829040527344,530.37,fixed_strike,83.73260498046875,88.73939514160156,84.35249328613281,84.82933044433594,87.40425109863281,0.476837158203125,0.858306884765625,,,,83.73260498046875,74.10049438476562,-9.632110595703125,29.971197625439604,53.76140735502915,,QuantData term-structure
2026-08-17T14:40:00-04:00,2026-08-21,4,890.0,call,0.0004936800840762726,139.6656036376953,530.37,fixed_strike,83.73260498046875,88.73939514160156,84.35249328613281,84.82933044433594,87.40425109863281,0.476837158203125,0.858306884765625,,,,83.73260498046875,74.10049438476562,-9.632110595703125,29.971197625439604,53.76140735502915,,QuantData term-structure
2026-08-17T14:40:00-04:00,2026-08-21,4,900.0,call,0.0004825779835842092,142.3358917236328,530.37,fixed_strike,83.73260498046875,88.73939514160156,84.35249328613281,84.82933044433594,87.40425109863281,0.476837158203125,0.858306884765625,,,,83.73260498046875,74.10049438476562,-9.632110595703125,29.971197625439604,53.76140735502915,,QuantData term-structure
2026-08-17T14:40:00-04:00,2026-08-21,4,910.0,call,0.037559745617812,250.38719177246094,530.37,fixed_strike,83.73260498046875,88.73939514160156,84.35249328613281,84.82933044433594,87.40425109863281,0.476837158203125,0.858306884765625,,,,83.73260498046875,74.10049438476562,-9.632110595703125,29.971197625439604,53.76140735502915,,QuantData term-structure
2026-08-17T14:40:00-04:00,2026-08-21,4,920.0,call,0.0044729364507778025,180.4828643798828,530.37,fixed_strike,83.73260498046875,88.73939514160156,84.35249328613281,84.82933044433594,87.40425109863281,0.476837158203125,0.858306884765625,,,,83.73260498046875,74.10049438476562,-9.632110595703125,29.971197625439604,53.76140735502915,,QuantData term-structure
2026-08-17T14:40:00-04:00,2026-08-21,4,930.0,call,0.025216287139984122,239.5153045654297,530.37,fixed_strike,83.73260498046875,88.73939514160156,84.35249328613281,84.82933044433594,87.40425109863281,0.476837158203125,0.858306884765625,,,,83.73260498046875,74.10049438476562,-9.632110595703125,29.971197625439604,53.76140735502915,,QuantData term-structure
2026-08-17T14:40:00-04:00,2026-08-21,4,940.0,call,0.024880218488394702,243.3300018310547,530.37,fixed_strike,83.73260498046875,88.73939514160156,84.35249328613281,84.82933044433594,87.40425109863281,0.476837158203125,0.858306884765625,,,,83.73260498046875,74.10049438476562,-9.632110595703125,29.971197625439604,53.76140735502915,,QuantData term-structure
2026-08-17T14:40:00-04:00,2026-08-21,4,950.0,call,0.004007853298450971,188.0168914794922,530.37,fixed_strike,83.73260498046875,88.73939514160156,84.35249328613281,84.82933044433594,87.40425109863281,0.476837158203125,0.858306884765625,,,,83.73260498046875,74.10049438476562,-9.632110595703125,29.971197625439604,53.76140735502915,,QuantData term-structure
2026-08-17T14:40:00-04:00,2026-08-21,4,960.0,call,0.0020676868251441583,177.8125762939453,530.37,fixed_strike,83.73260498046875,88.73939514160156,84.35249328613281,84.82933044433594,87.40425109863281,0.476837158203125,0.858306884765625,,,,83.73260498046875,74.10049438476562,-9.632110595703125,29.971197625439604,53.76140735502915,,QuantData term-structure
2026-08-17T14:40:00-04:00,2026-08-21,4,980.0,call,0.0004313593577874482,157.5946807861328,530.37,fixed_strike,83.73260498046875,88.73939514160156,84.35249328613281,84.82933044433594,87.40425109863281,0.476837158203125,0.858306884765625,,,,83.73260498046875,74.10049438476562,-9.632110595703125,29.971197625439604,53.76140735502915,,QuantData term-structure
2026-08-17T14:40:00-04:00,2026-08-21,4,990.0,call,0.001397500370120625,186.9678497314453,530.37,fixed_strike,83.73260498046875,88.73939514160156,84.35249328613281,84.82933044433594,87.40425109863281,0.476837158203125,0.858306884765625,,,,83.73260498046875,74.10049438476562,-9.632110595703125,29.971197625439604,53.76140735502915,,QuantData term-structure
2026-08-17T14:40:00-04:00,2026-08-21,4,1000.0,call,0.000414881952528685,163.79356384277344,530.37,fixed_strike,83.73260498046875,88.73939514160156,84.35249328613281,84.82933044433594,87.40425109863281,0.476837158203125,0.858306884765625,,,,83.73260498046875,74.10049438476562,-9.632110595703125,29.971197625439604,53.76140735502915,,QuantData term-structure
2026-08-17T14:40:00-04:00,2026-08-21,4,1040.0,call,0.0013105971656312983,200.2239227294922,530.37,fixed_strike,83.73260498046875,88.73939514160156,84.35249328613281,84.82933044433594,87.40425109863281,0.476837158203125,0.858306884765625,,,,83.73260498046875,74.10049438476562,-9.632110595703125,29.971197625439604,53.76140735502915,,QuantData term-structure
2026-08-17T14:40:00-04:00,2026-08-21,4,1060.0,call,0.001279398336941839,205.5644989013672,530.37,fixed_strike,83.73260498046875,88.73939514160156,84.35249328613281,84.82933044433594,87.40425109863281,0.476837158203125,0.858306884765625,,,,83.73260498046875,74.10049438476562,-9.632110595703125,29.971197625439604,53.76140735502915,,QuantData term-structure
2026-08-17T14:40:00-04:00,2026-08-21,4,1080.0,call,0.001253552008771741,210.9050750732422,530.37,fixed_strike,83.73260498046875,88.73939514160156,84.35249328613281,84.82933044433594,87.40425109863281,0.476837158203125,0.858306884765625,,,,83.73260498046875,74.10049438476562,-9.632110595703125,29.971197625439604,53.76140735502915,,QuantData term-structure
2026-08-17T14:40:00-04:00,2026-08-21,4,1100.0,call,0.0024722070526299023,223.1121063232422,530.37,fixed_strike,83.73260498046875,88.73939514160156,84.35249328613281,84.82933044433594,87.40425109863281,0.476837158203125,0.858306884765625,,,,83.73260498046875,74.10049438476562,-9.632110595703125,29.971197625439604,53.76140735502915,,QuantData term-structure
2026-08-17T14:40:00-04:00,2026-08-21,4,1120.0,call,0.0012021445360350183,220.4418182373047,530.37,fixed_strike,83.73260498046875,88.73939514160156,84.35249328613281,84.82933044433594,87.40425109863281,0.476837158203125,0.858306884765625,,,,83.73260498046875,74.10049438476562,-9.632110595703125,29.971197625439604,53.76140735502915,,QuantData term-structure
2026-08-17T14:40:00-04:00,2026-08-21,4,1140.0,call,0.000651618034317016,204.5154571533203,530.37,fixed_strike,83.73260498046875,88.73939514160156,84.35249328613281,84.82933044433594,87.40425109863281,0.476837158203125,0.858306884765625,,,,83.73260498046875,74.10049438476562,-9.632110595703125,29.971197625439604,53.76140735502915,,QuantData term-structure
2026-08-17T14:40:00-04:00,2026-08-28,11,230.0,put,-0.003586979028932085,192.2130584716797,530.37,fixed_strike,77.81982421875,80.63316345214844,79.01191711425781,78.43971252441406,80.53779602050781,-0.57220458984375,0.9059906005859375,,,,83.73260498046875,74.10049438476562,-9.632110595703125,29.971197625439604,47.8486265933104,,QuantData term-structure
2026-08-17T14:40:00-04:00,2026-08-28,11,280.0,put,-0.0009027335942538254,122.21336364746094,530.37,fixed_strike,77.81982421875,80.63316345214844,79.01191711425781,78.43971252441406,80.53779602050781,-0.57220458984375,0.9059906005859375,,,,83.73260498046875,74.10049438476562,-9.632110595703125,29.971197625439604,47.8486265933104,,QuantData term-structure
2026-08-17T14:40:00-04:00,2026-08-28,11,290.0,put,-0.0006708848314585563,112.10441589355469,530.37,fixed_strike,77.81982421875,80.63316345214844,79.01191711425781,78.43971252441406,80.53779602050781,-0.57220458984375,0.9059906005859375,,,,83.73260498046875,74.10049438476562,-9.632110595703125,29.971197625439604,47.8486265933104,,QuantData term-structure
2026-08-17T14:40:00-04:00,2026-08-28,11,300.0,put,-0.0029732806951940347,124.31144714355469,530.37,fixed_strike,77.81982421875,80.63316345214844,79.01191711425781,78.43971252441406,80.53779602050781,-0.57220458984375,0.9059906005859375,,,,83.73260498046875,74.10049438476562,-9.632110595703125,29.971197625439604,47.8486265933104,,QuantData term-structure
2026-08-17T14:40:00-04:00,2026-08-28,11,310.0,put,-0.005691530975969502,127.64930725097656,530.37,fixed_strike,77.81982421875,80.63316345214844,79.01191711425781,78.43971252441406,80.53779602050781,-0.57220458984375,0.9059906005859375,,,,83.73260498046875,74.10049438476562,-9.632110595703125,29.971197625439604,47.8486265933104,,QuantData term-structure
2026-08-17T14:40:00-04:00,2026-08-28,11,320.0,put,-0.0033172240107547327,111.24610900878906,530.37,fixed_strike,77.81982421875,80.63316345214844,79.01191711425781,78.43971252441406,80.53779602050781,-0.57220458984375,0.9059906005859375,,,,83.73260498046875,74.10049438476562,-9.632110595703125,29.971197625439604,47.8486265933104,,QuantData term-structure
2026-08-17T14:40:00-04:00,2026-08-28,11,330.0,put,-0.002262212310644699,103.90281677246094,530.37,fixed_strike,77.81982421875,80.63316345214844,79.01191711425781,78.43971252441406,80.53779602050781,-0.57220458984375,0.9059906005859375,,,,83.73260498046875,74.10049438476562,-9.632110595703125,29.971197625439604,47.8486265933104,,QuantData term-structure
2026-08-17T14:40:00-04:00,2026-08-28,11,340.0,put,-0.004553208827426914,104.95185852050781,530.37,fixed_strike,77.81982421875,80.63316345214844,79.01191711425781,78.43971252441406,80.53779602050781,-0.57220458984375,0.9059906005859375,,,,83.73260498046875,74.10049438476562,-9.632110595703125,29.971197625439604,47.8486265933104,,QuantData term-structure
2026-08-17T14:40:00-04:00,2026-08-28,11,345.0,put,-0.004092080331993406,96.65489196777344,530.37,fixed_strike,77.81982421875,80.63316345214844,79.01191711425781,78.43971252441406,80.53779602050781,-0.57220458984375,0.9059906005859375,,,,83.73260498046875,74.10049438476562,-9.632110595703125,29.971197625439604,47.8486265933104,,QuantData term-structure
2026-08-17T14:40:00-04:00,2026-08-28,11,350.0,put,-0.005124175382586122,98.75297546386719,530.37,fixed_strike,77.81982421875,80.63316345214844,79.01191711425781,78.43971252441406,80.53779602050781,-0.57220458984375,0.9059906005859375,,,,83.73260498046875,74.10049438476562,-9.632110595703125,29.971197625439604,47.8486265933104,,QuantData term-structure
2026-08-17T14:40:00-04:00,2026-08-28,11,355.0,put,-0.006156127611849498,97.32246398925781,530.37,fixed_strike,77.81982421875,80.63316345214844,79.01191711425781,78.43971252441406,80.53779602050781,-0.57220458984375,0.9059906005859375,,,,83.73260498046875,74.10049438476562,-9.632110595703125,29.971197625439604,47.8486265933104,,QuantData term-structure
2026-08-17T14:40:00-04:00,2026-08-28,11,360.0,put,-0.0077917471743767,95.79658508300781,530.37,fixed_strike,77.81982421875,80.63316345214844,79.01191711425781,78.43971252441406,80.53779602050781,-0.57220458984375,0.9059906005859375,,,,83.73260498046875,74.10049438476562,-9.632110595703125,29.971197625439604,47.8486265933104,,QuantData term-structure
2026-08-17T14:40:00-04:00,2026-08-28,11,365.0,call,0.9692230307411918,123.35777282714844,530.37,fixed_strike,77.81982421875,80.63316345214844,79.01191711425781,78.43971252441406,80.53779602050781,-0.57220458984375,0.9059906005859375,,,,83.73260498046875,74.10049438476562,-9.632110595703125,29.971197625439604,47.8486265933104,,QuantData term-structure
2026-08-17T14:40:00-04:00,2026-08-28,11,365.0,put,-0.017216519073720727,111.24610900878906,530.37,fixed_strike,77.81982421875,80.63316345214844,79.01191711425781,78.43971252441406,80.53779602050781,-0.57220458984375,0.9059906005859375,,,,83.73260498046875,74.10049438476562,-9.632110595703125,29.971197625439604,47.8486265933104,,QuantData term-structure
2026-08-17T14:40:00-04:00,2026-08-28,11,370.0,call,0.9598949975219121,127.74467468261719,530.37,fixed_strike,77.81982421875,80.63316345214844,79.01191711425781,78.43971252441406,80.53779602050781,-0.57220458984375,0.9059906005859375,,,,83.73260498046875,74.10049438476562,-9.632110595703125,29.971197625439604,47.8486265933104,,QuantData term-structure
2026-08-17T14:40:00-04:00,2026-08-28,11,370.0,put,-0.007407823277591427,93.98460388183594,530.37,fixed_strike,77.81982421875,80.63316345214844,79.01191711425781,78.43971252441406,80.53779602050781,-0.57220458984375,0.9059906005859375,,,,83.73260498046875,74.10049438476562,-9.632110595703125,29.971197625439604,47.8486265933104,,QuantData term-structure
2026-08-17T14:40:00-04:00,2026-08-28,11,375.0,call,0.9631724050784293,119.35234069824219,530.37,fixed_strike,77.81982421875,80.63316345214844,79.01191711425781,78.43971252441406,80.53779602050781,-0.57220458984375,0.9059906005859375,,,,83.73260498046875,74.10049438476562,-9.632110595703125,29.971197625439604,47.8486265933104,,QuantData term-structure
2026-08-17T14:40:00-04:00,2026-08-28,11,375.0,put,-0.010014881126365505,91.88652038574219,530.37,fixed_strike,77.81982421875,80.63316345214844,79.01191711425781,78.43971252441406,80.53779602050781,-0.57220458984375,0.9059906005859375,,,,83.73260498046875,74.10049438476562,-9.632110595703125,29.971197625439604,47.8486265933104,,QuantData term-structure
2026-08-17T14:40:00-04:00,2026-08-28,11,380.0,call,1.0,0.0476837158203125,530.37,fixed_strike,77.81982421875,80.63316345214844,79.01191711425781,78.43971252441406,80.53779602050781,-0.57220458984375,0.9059906005859375,,,,83.73260498046875,74.10049438476562,-9.632110595703125,29.971197625439604,47.8486265933104,,QuantData term-structure
2026-08-17T14:40:00-04:00,2026-08-28,11,380.0,put,-0.016765151341480652,93.22166442871094,530.37,fixed_strike,77.81982421875,80.63316345214844,79.01191711425781,78.43971252441406,80.53779602050781,-0.57220458984375,0.9059906005859375,,,,83.73260498046875,74.10049438476562,-9.632110595703125,29.971197625439604,47.8486265933104,,QuantData term-structure
2026-08-17T14:40:00-04:00,2026-08-28,11,385.0,call,1.0,0.0476837158203125,530.37,fixed_strike,77.81982421875,80.63316345214844,79.01191711425781,78.43971252441406,80.53779602050781,-0.57220458984375,0.9059906005859375,,,,83.73260498046875,74.10049438476562,-9.632110595703125,29.971197625439604,47.8486265933104,,QuantData term-structure
2026-08-17T14:40:00-04:00,2026-08-28,11,385.0,put,-0.01632261153998791,89.02549743652344,530.37,fixed_strike,77.81982421875,80.63316345214844,79.01191711425781,78.43971252441406,80.53779602050781,-0.57220458984375,0.9059906005859375,,,,83.73260498046875,74.10049438476562,-9.632110595703125,29.971197625439604,47.8486265933104,,QuantData term-structure
2026-08-17T14:40:00-04:00,2026-08-28,11,390.0,put,-0.018924772704567924,89.02549743652344,530.37,fixed_strike,77.81982421875,80.63316345214844,79.01191711425781,78.43971252441406,80.53779602050781,-0.57220458984375,0.9059906005859375,,,,83.73260498046875,74.10049438476562,-9.632110595703125,29.971197625439604,47.8486265933104,,QuantData term-structure
2026-08-17T14:40:00-04:00,2026-08-28,11,395.0,put,-0.02534149413678703,89.88380432128906,530.37,fixed_strike,77.81982421875,80.63316345214844,79.01191711425781,78.43971252441406,80.53779602050781,-0.57220458984375,0.9059906005859375,,,,83.73260498046875,74.10049438476562,-9.632110595703125,29.971197625439604,47.8486265933104,,QuantData term-structure
2026-08-17T14:40:00-04:00,2026-08-28,11,400.0,put,-0.028816029703035904,89.40696716308594,530.37,fixed_strike,77.81982421875,80.63316345214844,79.01191711425781,78.43971252441406,80.53779602050781,-0.57220458984375,0.9059906005859375,,,,83.73260498046875,74.10049438476562,-9.632110595703125,29.971197625439604,47.8486265933104,,QuantData term-structure
2026-08-17T14:40:00-04:00,2026-08-28,11,402.5,put,-0.030685150965646522,89.97917175292969,530.37,fixed_strike,77.81982421875,80.63316345214844,79.01191711425781,78.43971252441406,80.53779602050781,-0.57220458984375,0.9059906005859375,,,,83.73260498046875,74.10049438476562,-9.632110595703125,29.971197625439604,47.8486265933104,,QuantData term-structure
2026-08-17T14:40:00-04:00,2026-08-28,11,405.0,put,-0.033931490463089894,86.92741394042969,530.37,fixed_strike,77.81982421875,80.63316345214844,79.01191711425781,78.43971252441406,80.53779602050781,-0.57220458984375,0.9059906005859375,,,,83.73260498046875,74.10049438476562,-9.632110595703125,29.971197625439604,47.8486265933104,,QuantData term-structure
2026-08-17T14:40:00-04:00,2026-08-28,11,407.5,put,-0.030370715756738068,88.26255798339844,530.37,fixed_strike,77.81982421875,80.63316345214844,79.01191711425781,78.43971252441406,80.53779602050781,-0.57220458984375,0.9059906005859375,,,,83.73260498046875,74.10049438476562,-9.632110595703125,29.971197625439604,47.8486265933104,,QuantData term-structure
2026-08-17T14:40:00-04:00,2026-08-28,11,410.0,put,-0.038463558923487566,87.02278137207031,530.37,fixed_strike,77.81982421875,80.63316345214844,79.01191711425781,78.43971252441406,80.53779602050781,-0.57220458984375,0.9059906005859375,,,,83.73260498046875,74.10049438476562,-9.632110595703125,29.971197625439604,47.8486265933104,,QuantData term-structure
2026-08-17T14:40:00-04:00,2026-08-28,11,412.5,put,-0.03172949745989138,86.06910705566406,530.37,fixed_strike,77.81982421875,80.63316345214844,79.01191711425781,78.43971252441406,80.53779602050781,-0.57220458984375,0.9059906005859375,,,,83.73260498046875,74.10049438476562,-9.632110595703125,29.971197625439604,47.8486265933104,,QuantData term-structure
2026-08-17T14:40:00-04:00,2026-08-28,11,415.0,call,1.0,0.0476837158203125,530.37,fixed_strike,77.81982421875,80.63316345214844,79.01191711425781,78.43971252441406,80.53779602050781,-0.57220458984375,0.9059906005859375,,,,83.73260498046875,74.10049438476562,-9.632110595703125,29.971197625439604,47.8486265933104,,QuantData term-structure
2026-08-17T14:40:00-04:00,2026-08-28,11,415.0,put,-0.04265015238681097,86.45057678222656,530.37,fixed_strike,77.81982421875,80.63316345214844,79.01191711425781,78.43971252441406,80.53779602050781,-0.57220458984375,0.9059906005859375,,,,83.73260498046875,74.10049438476562,-9.632110595703125,29.971197625439604,47.8486265933104,,QuantData term-structure
2026-08-17T14:40:00-04:00,2026-08-28,11,417.5,put,-0.03587673204791876,81.11000061035156,530.37,fixed_strike,77.81982421875,80.63316345214844,79.01191711425781,78.43971252441406,80.53779602050781,-0.57220458984375,0.9059906005859375,,,,83.73260498046875,74.10049438476562,-9.632110595703125,29.971197625439604,47.8486265933104,,QuantData term-structure
2026-08-17T14:40:00-04:00,2026-08-28,11,420.0,put,-0.04866976316158067,83.20808410644531,530.37,fixed_strike,77.81982421875,80.63316345214844,79.01191711425781,78.43971252441406,80.53779602050781,-0.57220458984375,0.9059906005859375,,,,83.73260498046875,74.10049438476562,-9.632110595703125,29.971197625439604,47.8486265933104,,QuantData term-structure
2026-08-17T14:40:00-04:00,2026-08-28,11,422.5,put,-0.04786047769948698,89.59770202636719,530.37,fixed_strike,77.81982421875,80.63316345214844,79.01191711425781,78.43971252441406,80.53779602050781,-0.57220458984375,0.9059906005859375,,,,83.73260498046875,74.10049438476562,-9.632110595703125,29.971197625439604,47.8486265933104,,QuantData term-structure
2026-08-17T14:40:00-04:00,2026-08-28,11,425.0,put,-0.051057694661234554,83.68492126464844,530.37,fixed_strike,77.81982421875,80.63316345214844,79.01191711425781,78.43971252441406,80.53779602050781,-0.57220458984375,0.9059906005859375,,,,83.73260498046875,74.10049438476562,-9.632110595703125,29.971197625439604,47.8486265933104,,QuantData term-structure
2026-08-17T14:40:00-04:00,2026-08-28,11,430.0,call,0.9917327515241132,57.55424499511719,530.37,fixed_strike,77.81982421875,80.63316345214844,79.01191711425781,78.43971252441406,80.53779602050781,-0.57220458984375,0.9059906005859375,,,,83.73260498046875,74.10049438476562,-9.632110595703125,29.971197625439604,47.8486265933104,,QuantData term-structure
2026-08-17T14:40:00-04:00,2026-08-28,11,430.0,put,-0.05866686375148272,82.34977722167969,530.37,fixed_strike,77.81982421875,80.63316345214844,79.01191711425781,78.43971252441406,80.53779602050781,-0.57220458984375,0.9059906005859375,,,,83.73260498046875,74.10049438476562,-9.632110595703125,29.971197625439604,47.8486265933104,,QuantData term-structure
2026-08-17T14:40:00-04:00,2026-08-28,11,432.5,put,-0.05723679800142112,85.87837219238281,530.37,fixed_strike,77.81982421875,80.63316345214844,79.01191711425781,78.43971252441406,80.53779602050781,-0.57220458984375,0.9059906005859375,,,,83.73260498046875,74.10049438476562,-9.632110595703125,29.971197625439604,47.8486265933104,,QuantData term-structure
2026-08-17T14:40:00-04:00,2026-08-28,11,435.0,call,0.9468842725373123,85.59226989746094,530.37,fixed_strike,77.81982421875,80.63316345214844,79.01191711425781,78.43971252441406,80.53779602050781,-0.57220458984375,0.9059906005859375,,,,83.73260498046875,74.10049438476562,-9.632110595703125,29.971197625439604,47.8486265933104,,QuantData term-structure
2026-08-17T14:40:00-04:00,2026-08-28,11,435.0,put,-0.07479770670127395,82.25440979003906,530.37,fixed_strike,77.81982421875,80.63316345214844,79.01191711425781,78.43971252441406,80.53779602050781,-0.57220458984375,0.9059906005859375,,,,83.73260498046875,74.10049438476562,-9.632110595703125,29.971197625439604,47.8486265933104,,QuantData term-structure
2026-08-17T14:40:00-04:00,2026-08-28,11,437.5,put,-0.07992313991696448,82.15904235839844,530.37,fixed_strike,77.81982421875,80.63316345214844,79.01191711425781,78.43971252441406,80.53779602050781,-0.57220458984375,0.9059906005859375,,,,83.73260498046875,74.10049438476562,-9.632110595703125,29.971197625439604,47.8486265933104,,QuantData term-structure
2026-08-17T14:40:00-04:00,2026-08-28,11,440.0,call,0.9252483403869347,82.54051208496094,530.37,fixed_strike,77.81982421875,80.63316345214844,79.01191711425781,78.43971252441406,80.53779602050781,-0.57220458984375,0.9059906005859375,,,,83.73260498046875,74.10049438476562,-9.632110595703125,29.971197625439604,47.8486265933104,,QuantData term-structure
2026-08-17T14:40:00-04:00,2026-08-28,11,440.0,put,-0.0846549585562677,81.58683776855469,530.37,fixed_strike,77.81982421875,80.63316345214844,79.01191711425781,78.43971252441406,80.53779602050781,-0.57220458984375,0.9059906005859375,,,,83.73260498046875,74.10049438476562,-9.632110595703125,29.971197625439604,47.8486265933104,,QuantData term-structure
2026-08-17T14:40:00-04:00,2026-08-28,11,442.5,put,-0.07479388194832504,85.49690246582031,530.37,fixed_strike,77.81982421875,80.63316345214844,79.01191711425781,78.43971252441406,80.53779602050781,-0.57220458984375,0.9059906005859375,,,,83.73260498046875,74.10049438476562,-9.632110595703125,29.971197625439604,47.8486265933104,,QuantData term-structure
2026-08-17T14:40:00-04:00,2026-08-28,11,445.0,put,-0.069288628126908,83.58955383300781,530.37,fixed_strike,77.81982421875,80.63316345214844,79.01191711425781,78.43971252441406,80.53779602050781,-0.57220458984375,0.9059906005859375,,,,83.73260498046875,74.10049438476562,-9.632110595703125,29.971197625439604,47.8486265933104,,QuantData term-structure
2026-08-17T14:40:00-04:00,2026-08-28,11,447.5,put,-0.09483809788205316,80.53779602050781,530.37,fixed_strike,77.81982421875,80.63316345214844,79.01191711425781,78.43971252441406,80.53779602050781,-0.57220458984375,0.9059906005859375,,,,83.73260498046875,74.10049438476562,-9.632110595703125,29.971197625439604,47.8486265933104,,QuantData term-structure
2026-08-17T14:40:00-04:00,2026-08-28,11,450.0,call,0.8670359764093554,87.78572082519531,530.37,fixed_strike,77.81982421875,80.63316345214844,79.01191711425781,78.43971252441406,80.53779602050781,-0.57220458984375,0.9059906005859375,,,,83.73260498046875,74.10049438476562,-9.632110595703125,29.971197625439604,47.8486265933104,,QuantData term-structure
2026-08-17T14:40:00-04:00,2026-08-28,11,450.0,put,-0.1051452534480366,80.63316345214844,530.37,fixed_strike,77.81982421875,80.63316345214844,79.01191711425781,78.43971252441406,80.53779602050781,-0.57220458984375,0.9059906005859375,,,,83.73260498046875,74.10049438476562,-9.632110595703125,29.971197625439604,47.8486265933104,,QuantData term-structure
2026-08-17T14:40:00-04:00,2026-08-28,11,455.0,call,0.9113281402602038,81.87294006347656,530.37,fixed_strike,77.81982421875,80.63316345214844,79.01191711425781,78.43971252441406,80.53779602050781,-0.57220458984375,0.9059906005859375,,,,83.73260498046875,74.10049438476562,-9.632110595703125,29.971197625439604,47.8486265933104,,QuantData term-structure
2026-08-17T14:40:00-04:00,2026-08-28,11,455.0,put,-0.12094942406735482,79.87022399902344,530.37,fixed_strike,77.81982421875,80.63316345214844,79.01191711425781,78.43971252441406,80.53779602050781,-0.57220458984375,0.9059906005859375,,,,83.73260498046875,74.10049438476562,-9.632110595703125,29.971197625439604,47.8486265933104,,QuantData term-structure
2026-08-17T14:40:00-04:00,2026-08-28,11,457.5,put,-0.13454652167358266,81.58683776855469,530.37,fixed_strike,77.81982421875,80.63316345214844,79.01191711425781,78.43971252441406,80.53779602050781,-0.57220458984375,0.9059906005859375,,,,83.73260498046875,74.10049438476562,-9.632110595703125,29.971197625439604,47.8486265933104,,QuantData term-structure
2026-08-17T14:40:00-04:00,2026-08-28,11,460.0,call,0.879588528780171,84.92469787597656,530.37,fixed_strike,77.81982421875,80.63316345214844,79.01191711425781,78.43971252441406,80.53779602050781,-0.57220458984375,0.9059906005859375,,,,83.73260498046875,74.10049438476562,-9.632110595703125,29.971197625439604,47.8486265933104,,QuantData term-structure
2026-08-17T14:40:00-04:00,2026-08-28,11,460.0,put,-0.1453812318431134,79.67948913574219,530.37,fixed_strike,77.81982421875,80.63316345214844,79.01191711425781,78.43971252441406,80.53779602050781,-0.57220458984375,0.9059906005859375,,,,83.73260498046875,74.10049438476562,-9.632110595703125,29.971197625439604,47.8486265933104,,QuantData term-structure
2026-08-17T14:40:00-04:00,2026-08-28,11,462.5,put,-0.15013248361119674,80.15632629394531,530.37,fixed_strike,77.81982421875,80.63316345214844,79.01191711425781,78.43971252441406,80.53779602050781,-0.57220458984375,0.9059906005859375,,,,83.73260498046875,74.10049438476562,-9.632110595703125,29.971197625439604,47.8486265933104,,QuantData term-structure
2026-08-17T14:40:00-04:00,2026-08-28,11,465.0,call,0.8521912043567295,76.53236389160156,530.37,fixed_strike,77.81982421875,80.63316345214844,79.01191711425781,78.43971252441406,80.53779602050781,-0.57220458984375,0.9059906005859375,,,,83.73260498046875,74.10049438476562,-9.632110595703125,29.971197625439604,47.8486265933104,,QuantData term-structure
2026-08-17T14:40:00-04:00,2026-08-28,11,465.0,put,-0.13281313181436422,79.67948913574219,530.37,fixed_strike,77.81982421875,80.63316345214844,79.01191711425781,78.43971252441406,80.53779602050781,-0.57220458984375,0.9059906005859375,,,,83.73260498046875,74.10049438476562,-9.632110595703125,29.971197625439604,47.8486265933104,,QuantData term-structure
2026-08-17T14:40:00-04:00,2026-08-28,11,467.5,put,-0.14206763782285875,79.77485656738281,530.37,fixed_strike,77.81982421875,80.63316345214844,79.01191711425781,78.43971252441406,80.53779602050781,-0.57220458984375,0.9059906005859375,,,,83.73260498046875,74.10049438476562,-9.632110595703125,29.971197625439604,47.8486265933104,,QuantData term-structure
2026-08-17T14:40:00-04:00,2026-08-28,11,470.0,call,0.8036769043844028,84.54322814941406,530.37,fixed_strike,77.81982421875,80.63316345214844,79.01191711425781,78.43971252441406,80.53779602050781,-0.57220458984375,0.9059906005859375,,,,83.73260498046875,74.10049438476562,-9.632110595703125,29.971197625439604,47.8486265933104,,QuantData term-structure
2026-08-17T14:40:00-04:00,2026-08-28,11,470.0,put,-0.17645024295641037,79.67948913574219,530.37,fixed_strike,77.81982421875,80.63316345214844,79.01191711425781,78.43971252441406,80.53779602050781,-0.57220458984375,0.9059906005859375,,,,83.73260498046875,74.10049438476562,-9.632110595703125,29.971197625439604,47.8486265933104,,QuantData term-structure
2026-08-17T14:40:00-04:00,2026-08-28,11,472.5,put,-0.16566283376338886,83.97102355957031,530.37,fixed_strike,77.81982421875,80.63316345214844,79.01191711425781,78.43971252441406,80.53779602050781,-0.57220458984375,0.9059906005859375,,,,83.73260498046875,74.10049438476562,-9.632110595703125,29.971197625439604,47.8486265933104,,QuantData term-structure
2026-08-17T14:40:00-04:00,2026-08-28,11,475.0,call,0.8468700257057636,73.19450378417969,530.37,fixed_strike,77.81982421875,80.63316345214844,79.01191711425781,78.43971252441406,80.53779602050781,-0.57220458984375,0.9059906005859375,,,,83.73260498046875,74.10049438476562,-9.632110595703125,29.971197625439604,47.8486265933104,,QuantData term-structure
2026-08-17T14:40:00-04:00,2026-08-28,11,475.0,put,-0.192914048299751,80.06095886230469,530.37,fixed_strike,77.81982421875,80.63316345214844,79.01191711425781,78.43971252441406,80.53779602050781,-0.57220458984375,0.9059906005859375,,,,83.73260498046875,74.10049438476562,-9.632110595703125,29.971197625439604,47.8486265933104,,QuantData term-structure
2026-08-17T14:40:00-04:00,2026-08-28,11,477.5,call,0.7942177152006336,81.01463317871094,530.37,fixed_strike,77.81982421875,80.63316345214844,79.01191711425781,78.43971252441406,80.53779602050781,-0.57220458984375,0.9059906005859375,,,,83.73260498046875,74.10049438476562,-9.632110595703125,29.971197625439604,47.8486265933104,,QuantData term-structure
2026-08-17T14:40:00-04:00,2026-08-28,11,477.5,put,-0.20036208730780142,79.01191711425781,530.37,fixed_strike,77.81982421875,80.63316345214844,79.01191711425781,78.43971252441406,80.53779602050781,-0.57220458984375,0.9059906005859375,,,,83.73260498046875,74.10049438476562,-9.632110595703125,29.971197625439604,47.8486265933104,,QuantData term-structure
2026-08-17T14:40:00-04:00,2026-08-28,11,480.0,call,0.8194331459178352,75.29258728027344,530.37,fixed_strike,77.81982421875,80.63316345214844,79.01191711425781,78.43971252441406,80.53779602050781,-0.57220458984375,0.9059906005859375,,,,83.73260498046875,74.10049438476562,-9.632110595703125,29.971197625439604,47.8486265933104,,QuantData term-structure
2026-08-17T14:40:00-04:00,2026-08-28,11,480.0,put,-0.21923455056284596,79.01191711425781,530.37,fixed_strike,77.81982421875,80.63316345214844,79.01191711425781,78.43971252441406,80.53779602050781,-0.57220458984375,0.9059906005859375,,,,83.73260498046875,74.10049438476562,-9.632110595703125,29.971197625439604,47.8486265933104,,QuantData term-structure
2026-08-17T14:40:00-04:00,2026-08-28,11,482.5,put,-0.20577538256496564,77.77214050292969,530.37,fixed_strike,77.81982421875,80.63316345214844,79.01191711425781,78.43971252441406,80.53779602050781,-0.57220458984375,0.9059906005859375,,,,83.73260498046875,74.10049438476562,-9.632110595703125,29.971197625439604,47.8486265933104,,QuantData term-structure
2026-08-17T14:40:00-04:00,2026-08-28,11,485.0,call,0.7719161386945097,79.58412170410156,530.37,fixed_strike,77.81982421875,80.63316345214844,79.01191711425781,78.43971252441406,80.53779602050781,-0.57220458984375,0.9059906005859375,,,,83.73260498046875,74.10049438476562,-9.632110595703125,29.971197625439604,47.8486265933104,,QuantData term-structure
2026-08-17T14:40:00-04:00,2026-08-28,11,485.0,put,-0.24062710781033214,79.01191711425781,530.37,fixed_strike,77.81982421875,80.63316345214844,79.01191711425781,78.43971252441406,80.53779602050781,-0.57220458984375,0.9059906005859375,,,,83.73260498046875,74.10049438476562,-9.632110595703125,29.971197625439604,47.8486265933104,,QuantData term-structure
2026-08-17T14:40:00-04:00,2026-08-28,11,487.5,put,-0.23024977446951572,75.96015930175781,530.37,fixed_strike,77.81982421875,80.63316345214844,79.01191711425781,78.43971252441406,80.53779602050781,-0.57220458984375,0.9059906005859375,,,,83.73260498046875,74.10049438476562,-9.632110595703125,29.971197625439604,47.8486265933104,,QuantData term-structure
2026-08-17T14:40:00-04:00,2026-08-28,11,490.0,call,0.7562200461679913,74.72038269042969,530.37,fixed_strike,77.81982421875,80.63316345214844,79.01191711425781,78.43971252441406,80.53779602050781,-0.57220458984375,0.9059906005859375,,,,83.73260498046875,74.10049438476562,-9.632110595703125,29.971197625439604,47.8486265933104,,QuantData term-structure
2026-08-17T14:40:00-04:00,2026-08-28,11,490.0,put,-0.2621637108654047,79.29801940917969,530.37,fixed_strike,77.81982421875,80.63316345214844,79.01191711425781,78.43971252441406,80.53779602050781,-0.57220458984375,0.9059906005859375,,,,83.73260498046875,74.10049438476562,-9.632110595703125,29.971197625439604,47.8486265933104,,QuantData term-structure
2026-08-17T14:40:00-04:00,2026-08-28,11,495.0,call,0.7291049895791947,75.57868957519531,530.37,fixed_strike,77.81982421875,80.63316345214844,79.01191711425781,78.43971252441406,80.53779602050781,-0.57220458984375,0.9059906005859375,,,,83.73260498046875,74.10049438476562,-9.632110595703125,29.971197625439604,47.8486265933104,,QuantData term-structure
2026-08-17T14:40:00-04:00,2026-08-28,11,495.0,put,-0.28184551091736765,78.82118225097656,530.37,fixed_strike,77.81982421875,80.63316345214844,79.01191711425781,78.43971252441406,80.53779602050781,-0.57220458984375,0.9059906005859375,,,,83.73260498046875,74.10049438476562,-9.632110595703125,29.971197625439604,47.8486265933104,,QuantData term-structure
2026-08-17T14:40:00-04:00,2026-08-28,11,497.5,put,-0.27237005504622114,77.77214050292969,530.37,fixed_strike,77.81982421875,80.63316345214844,79.01191711425781,78.43971252441406,80.53779602050781,-0.57220458984375,0.9059906005859375,,,,83.73260498046875,74.10049438476562,-9.632110595703125,29.971197625439604,47.8486265933104,,QuantData term-structure
2026-08-17T14:40:00-04:00,2026-08-28,11,500.0,call,0.714444874585393,75.48332214355469,530.37,fixed_strike,77.81982421875,80.63316345214844,79.01191711425781,78.43971252441406,80.53779602050781,-0.57220458984375,0.9059906005859375,,,,83.73260498046875,74.10049438476562,-9.632110595703125,29.971197625439604,47.8486265933104,,QuantData term-structure
2026-08-17T14:40:00-04:00,2026-08-28,11,500.0,put,-0.3067057448726132,78.63044738769531,530.37,fixed_strike,77.81982421875,80.63316345214844,79.01191711425781,78.43971252441406,80.53779602050781,-0.57220458984375,0.9059906005859375,,,,83.73260498046875,74.10049438476562,-9.632110595703125,29.971197625439604,47.8486265933104,,QuantData term-structure
2026-08-17T14:40:00-04:00,2026-08-28,11,505.0,call,0.6617847656718385,77.77214050292969,530.37,fixed_strike,77.81982421875,80.63316345214844,79.01191711425781,78.43971252441406,80.53779602050781,-0.57220458984375,0.9059906005859375,,,,83.73260498046875,74.10049438476562,-9.632110595703125,29.971197625439604,47.8486265933104,,QuantData term-structure
2026-08-17T14:40:00-04:00,2026-08-28,11,505.0,put,-0.34057283213995604,78.72581481933594,530.37,fixed_strike,77.81982421875,80.63316345214844,79.01191711425781,78.43971252441406,80.53779602050781,-0.57220458984375,0.9059906005859375,,,,83.73260498046875,74.10049438476562,-9.632110595703125,29.971197625439604,47.8486265933104,,QuantData term-structure
2026-08-17T14:40:00-04:00,2026-08-28,11,510.0,call,0.6471304549494937,77.58140563964844,530.37,fixed_strike,77.81982421875,80.63316345214844,79.01191711425781,78.43971252441406,80.53779602050781,-0.57220458984375,0.9059906005859375,,,,83.73260498046875,74.10049438476562,-9.632110595703125,29.971197625439604,47.8486265933104,,QuantData term-structure
2026-08-17T14:40:00-04:00,2026-08-28,11,510.0,put,-0.36181381850718974,78.72581481933594,530.37,fixed_strike,77.81982421875,80.63316345214844,79.01191711425781,78.43971252441406,80.53779602050781,-0.57220458984375,0.9059906005859375,,,,83.73260498046875,74.10049438476562,-9.632110595703125,29.971197625439604,47.8486265933104,,QuantData term-structure
2026-08-17T14:40:00-04:00,2026-08-28,11,515.0,call,0.6088464305818608,79.67948913574219,530.37,fixed_strike,77.81982421875,80.63316345214844,79.01191711425781,78.43971252441406,80.53779602050781,-0.57220458984375,0.9059906005859375,,,,83.73260498046875,74.10049438476562,-9.632110595703125,29.971197625439604,47.8486265933104,,QuantData term-structure
2026-08-17T14:40:00-04:00,2026-08-28,11,515.0,put,-0.3791603332179332,78.15361022949219,530.37,fixed_strike,77.81982421875,80.63316345214844,79.01191711425781,78.43971252441406,80.53779602050781,-0.57220458984375,0.9059906005859375,,,,83.73260498046875,74.10049438476562,-9.632110595703125,29.971197625439604,47.8486265933104,,QuantData term-structure
2026-08-17T14:40:00-04:00,2026-08-28,11,520.0,call,0.5819095013074884,79.67948913574219,530.37,fixed_strike,77.81982421875,80.63316345214844,79.01191711425781,78.43971252441406,80.53779602050781,-0.57220458984375,0.9059906005859375,,,,83.73260498046875,74.10049438476562,-9.632110595703125,29.971197625439604,47.8486265933104,,QuantData term-structure
2026-08-17T14:40:00-04:00,2026-08-28,11,520.0,put,-0.4127017278325233,76.81846618652344,530.37,fixed_strike,77.81982421875,80.63316345214844,79.01191711425781,78.43971252441406,80.53779602050781,-0.57220458984375,0.9059906005859375,,,,83.73260498046875,74.10049438476562,-9.632110595703125,29.971197625439604,47.8486265933104,,QuantData term-structure
2026-08-17T14:40:00-04:00,2026-08-28,11,525.0,call,0.5596069539001163,77.29530334472656,530.37,fixed_strike,77.81982421875,80.63316345214844,79.01191711425781,78.43971252441406,80.53779602050781,-0.57220458984375,0.9059906005859375,,,,83.73260498046875,74.10049438476562,-9.632110595703125,29.971197625439604,47.8486265933104,,QuantData term-structure
2026-08-17T14:40:00-04:00,2026-08-28,11,525.0,put,-0.44779951807801,77.48603820800781,530.37,fixed_strike,77.81982421875,80.63316345214844,79.01191711425781,78.43971252441406,80.53779602050781,-0.57220458984375,0.9059906005859375,,,,83.73260498046875,74.10049438476562,-9.632110595703125,29.971197625439604,47.8486265933104,,QuantData term-structure
2026-08-17T14:40:00-04:00,2026-08-28,11,530.0,call,0.5269513373522887,77.77214050292969,530.37,fixed_strike,77.81982421875,80.63316345214844,79.01191711425781,78.43971252441406,80.53779602050781,-0.57220458984375,0.9059906005859375,,,,83.73260498046875,74.10049438476562,-9.632110595703125,29.971197625439604,47.8486265933104,,QuantData term-structure
2026-08-17T14:40:00-04:00,2026-08-28,11,530.0,put,-0.47164966556847115,77.86750793457031,530.37,fixed_strike,77.81982421875,80.63316345214844,79.01191711425781,78.43971252441406,80.53779602050781,-0.57220458984375,0.9059906005859375,,,,83.73260498046875,74.10049438476562,-9.632110595703125,29.971197625439604,47.8486265933104,,QuantData term-structure
2026-08-17T14:40:00-04:00,2026-08-28,11,535.0,call,0.4942321600590382,78.63044738769531,530.37,fixed_strike,77.81982421875,80.63316345214844,79.01191711425781,78.43971252441406,80.53779602050781,-0.57220458984375,0.9059906005859375,,,,83.73260498046875,74.10049438476562,-9.632110595703125,29.971197625439604,47.8486265933104,,QuantData term-structure
2026-08-17T14:40:00-04:00,2026-08-28,11,535.0,put,-0.45260936144671293,78.24897766113281,530.37,fixed_strike,77.81982421875,80.63316345214844,79.01191711425781,78.43971252441406,80.53779602050781,-0.57220458984375,0.9059906005859375,,,,83.73260498046875,74.10049438476562,-9.632110595703125,29.971197625439604,47.8486265933104,,QuantData term-structure
2026-08-17T14:40:00-04:00,2026-08-28,11,540.0,call,0.4676832199550231,78.43971252441406,530.37,fixed_strike,77.81982421875,80.63316345214844,79.01191711425781,78.43971252441406,80.53779602050781,-0.57220458984375,0.9059906005859375,,,,83.73260498046875,74.10049438476562,-9.632110595703125,29.971197625439604,47.8486265933104,,QuantData term-structure
2026-08-17T14:40:00-04:00,2026-08-28,11,540.0,put,-0.49350250692751174,77.58140563964844,530.37,fixed_strike,77.81982421875,80.63316345214844,79.01191711425781,78.43971252441406,80.53779602050781,-0.57220458984375,0.9059906005859375,,,,83.73260498046875,74.10049438476562,-9.632110595703125,29.971197625439604,47.8486265933104,,QuantData term-structure
2026-08-17T14:40:00-04:00,2026-08-28,11,545.0,call,0.4421735602335311,77.67677307128906,530.37,fixed_strike,77.81982421875,80.63316345214844,79.01191711425781,78.43971252441406,80.53779602050781,-0.57220458984375,0.9059906005859375,,,,83.73260498046875,74.10049438476562,-9.632110595703125,29.971197625439604,47.8486265933104,,QuantData term-structure
2026-08-17T14:40:00-04:00,2026-08-28,11,545.0,put,-0.5084568101836812,81.58683776855469,530.37,fixed_strike,77.81982421875,80.63316345214844,79.01191711425781,78.43971252441406,80.53779602050781,-0.57220458984375,0.9059906005859375,,,,83.73260498046875,74.10049438476562,-9.632110595703125,29.971197625439604,47.8486265933104,,QuantData term-structure
2026-08-17T14:40:00-04:00,2026-08-28,11,550.0,call,0.41231517635597903,78.82118225097656,530.37,fixed_strike,77.81982421875,80.63316345214844,79.01191711425781,78.43971252441406,80.53779602050781,-0.57220458984375,0.9059906005859375,,,,83.73260498046875,74.10049438476562,-9.632110595703125,29.971197625439604,47.8486265933104,,QuantData term-structure
2026-08-17T14:40:00-04:00,2026-08-28,11,550.0,put,-0.5804648694601476,78.82118225097656,530.37,fixed_strike,77.81982421875,80.63316345214844,79.01191711425781,78.43971252441406,80.53779602050781,-0.57220458984375,0.9059906005859375,,,,83.73260498046875,74.10049438476562,-9.632110595703125,29.971197625439604,47.8486265933104,,QuantData term-structure
2026-08-17T14:40:00-04:00,2026-08-28,11,555.0,call,0.39670701615548815,79.39338684082031,530.37,fixed_strike,77.81982421875,80.63316345214844,79.01191711425781,78.43971252441406,80.53779602050781,-0.57220458984375,0.9059906005859375,,,,83.73260498046875,74.10049438476562,-9.632110595703125,29.971197625439604,47.8486265933104,,QuantData term-structure
2026-08-17T14:40:00-04:00,2026-08-28,11,555.0,put,-0.5536022166033367,84.63859558105469,530.37,fixed_strike,77.81982421875,80.63316345214844,79.01191711425781,78.43971252441406,80.53779602050781,-0.57220458984375,0.9059906005859375,,,,83.73260498046875,74.10049438476562,-9.632110595703125,29.971197625439604,47.8486265933104,,QuantData term-structure
2026-08-17T14:40:00-04:00,2026-08-28,11,560.0,call,0.3742467711982409,77.86750793457031,530.37,fixed_strike,77.81982421875,80.63316345214844,79.01191711425781,78.43971252441406,80.53779602050781,-0.57220458984375,0.9059906005859375,,,,83.73260498046875,74.10049438476562,-9.632110595703125,29.971197625439604,47.8486265933104,,QuantData term-structure
2026-08-17T14:40:00-04:00,2026-08-28,11,560.0,put,-0.6207714139562326,81.39610290527344,530.37,fixed_strike,77.81982421875,80.63316345214844,79.01191711425781,78.43971252441406,80.53779602050781,-0.57220458984375,0.9059906005859375,,,,83.73260498046875,74.10049438476562,-9.632110595703125,29.971197625439604,47.8486265933104,,QuantData term-structure
2026-08-17T14:40:00-04:00,2026-08-28,11,565.0,call,0.3401520109194927,79.77485656738281,530.37,fixed_strike,77.81982421875,80.63316345214844,79.01191711425781,78.43971252441406,80.53779602050781,-0.57220458984375,0.9059906005859375,,,,83.73260498046875,74.10049438476562,-9.632110595703125,29.971197625439604,47.8486265933104,,QuantData term-structure
2026-08-17T14:40:00-04:00,2026-08-28,11,565.0,put,-0.6471855471946951,79.10728454589844,530.37,fixed_strike,77.81982421875,80.63316345214844,79.01191711425781,78.43971252441406,80.53779602050781,-0.57220458984375,0.9059906005859375,,,,83.73260498046875,74.10049438476562,-9.632110595703125,29.971197625439604,47.8486265933104,,QuantData term-structure
2026-08-17T14:40:00-04:00,2026-08-28,11,570.0,call,0.320398389017869,79.58412170410156,530.37,fixed_strike,77.81982421875,80.63316345214844,79.01191711425781,78.43971252441406,80.53779602050781,-0.57220458984375,0.9059906005859375,,,,83.73260498046875,74.10049438476562,-9.632110595703125,29.971197625439604,47.8486265933104,,QuantData term-structure
2026-08-17T14:40:00-04:00,2026-08-28,11,570.0,put,-0.660866454572936,85.21080017089844,530.37,fixed_strike,77.81982421875,80.63316345214844,79.01191711425781,78.43971252441406,80.53779602050781,-0.57220458984375,0.9059906005859375,,,,83.73260498046875,74.10049438476562,-9.632110595703125,29.971197625439604,47.8486265933104,,QuantData term-structure
2026-08-17T14:40:00-04:00,2026-08-28,11,575.0,call,0.2976199436075754,80.25169372558594,530.37,fixed_strike,77.81982421875,80.63316345214844,79.01191711425781,78.43971252441406,80.53779602050781,-0.57220458984375,0.9059906005859375,,,,83.73260498046875,74.10049438476562,-9.632110595703125,29.971197625439604,47.8486265933104,,QuantData term-structure
2026-08-17T14:40:00-04:00,2026-08-28,11,580.0,call,0.2869938771870494,78.82118225097656,530.37,fixed_strike,77.81982421875,80.63316345214844,79.01191711425781,78.43971252441406,80.53779602050781,-0.57220458984375,0.9059906005859375,,,,83.73260498046875,74.10049438476562,-9.632110595703125,29.971197625439604,47.8486265933104,,QuantData term-structure
2026-08-17T14:40:00-04:00,2026-08-28,11,585.0,call,0.26340350456965267,79.77485656738281,530.37,fixed_strike,77.81982421875,80.63316345214844,79.01191711425781,78.43971252441406,80.53779602050781,-0.57220458984375,0.9059906005859375,,,,83.73260498046875,74.10049438476562,-9.632110595703125,29.971197625439604,47.8486265933104,,QuantData term-structure
2026-08-17T14:40:00-04:00,2026-08-28,11,585.0,put,-0.7059743709775962,78.91654968261719,530.37,fixed_strike,77.81982421875,80.63316345214844,79.01191711425781,78.43971252441406,80.53779602050781,-0.57220458984375,0.9059906005859375,,,,83.73260498046875,74.10049438476562,-9.632110595703125,29.971197625439604,47.8486265933104,,QuantData term-structure
2026-08-17T14:40:00-04:00,2026-08-28,11,590.0,call,0.24472135052674804,78.43971252441406,530.37,fixed_strike,77.81982421875,80.63316345214844,79.01191711425781,78.43971252441406,80.53779602050781,-0.57220458984375,0.9059906005859375,,,,83.73260498046875,74.10049438476562,-9.632110595703125,29.971197625439604,47.8486265933104,,QuantData term-structure
2026-08-17T14:40:00-04:00,2026-08-28,11,590.0,put,-0.7209593334495773,80.72853088378906,530.37,fixed_strike,77.81982421875,80.63316345214844,79.01191711425781,78.43971252441406,80.53779602050781,-0.57220458984375,0.9059906005859375,,,,83.73260498046875,74.10049438476562,-9.632110595703125,29.971197625439604,47.8486265933104,,QuantData term-structure
2026-08-17T14:40:00-04:00,2026-08-28,11,595.0,call,0.22493970648801603,79.87022399902344,530.37,fixed_strike,77.81982421875,80.63316345214844,79.01191711425781,78.43971252441406,80.53779602050781,-0.57220458984375,0.9059906005859375,,,,83.73260498046875,74.10049438476562,-9.632110595703125,29.971197625439604,47.8486265933104,,QuantData term-structure
2026-08-17T14:40:00-04:00,2026-08-28,11,600.0,call,0.21043312189298374,79.29801940917969,530.37,fixed_strike,77.81982421875,80.63316345214844,79.01191711425781,78.43971252441406,80.53779602050781,-0.57220458984375,0.9059906005859375,,,,83.73260498046875,74.10049438476562,-9.632110595703125,29.971197625439604,47.8486265933104,,QuantData term-structure
2026-08-17T14:40:00-04:00,2026-08-28,11,605.0,call,0.19491732058389244,79.20265197753906,530.37,fixed_strike,77.81982421875,80.63316345214844,79.01191711425781,78.43971252441406,80.53779602050781,-0.57220458984375,0.9059906005859375,,,,83.73260498046875,74.10049438476562,-9.632110595703125,29.971197625439604,47.8486265933104,,QuantData term-structure
2026-08-17T14:40:00-04:00,2026-08-28,11,610.0,call,0.1756059673059197,80.44242858886719,530.37,fixed_strike,77.81982421875,80.63316345214844,79.01191711425781,78.43971252441406,80.53779602050781,-0.57220458984375,0.9059906005859375,,,,83.73260498046875,74.10049438476562,-9.632110595703125,29.971197625439604,47.8486265933104,,QuantData term-structure
2026-08-17T14:40:00-04:00,2026-08-28,11,615.0,call,0.15656803964809762,80.06095886230469,530.37,fixed_strike,77.81982421875,80.63316345214844,79.01191711425781,78.43971252441406,80.53779602050781,-0.57220458984375,0.9059906005859375,,,,83.73260498046875,74.10049438476562,-9.632110595703125,29.971197625439604,47.8486265933104,,QuantData term-structure
2026-08-17T14:40:00-04:00,2026-08-28,11,620.0,call,0.14687880325737085,80.91926574707031,530.37,fixed_strike,77.81982421875,80.63316345214844,79.01191711425781,78.43971252441406,80.53779602050781,-0.57220458984375,0.9059906005859375,,,,83.73260498046875,74.10049438476562,-9.632110595703125,29.971197625439604,47.8486265933104,,QuantData term-structure
2026-08-17T14:40:00-04:00,2026-08-28,11,620.0,put,-0.7736901906055687,91.02821350097656,530.37,fixed_strike,77.81982421875,80.63316345214844,79.01191711425781,78.43971252441406,80.53779602050781,-0.57220458984375,0.9059906005859375,,,,83.73260498046875,74.10049438476562,-9.632110595703125,29.971197625439604,47.8486265933104,,QuantData term-structure
2026-08-17T14:40:00-04:00,2026-08-28,11,625.0,call,0.1505676457148971,80.15632629394531,530.37,fixed_strike,77.81982421875,80.63316345214844,79.01191711425781,78.43971252441406,80.53779602050781,-0.57220458984375,0.9059906005859375,,,,83.73260498046875,74.10049438476562,-9.632110595703125,29.971197625439604,47.8486265933104,,QuantData term-structure
2026-08-17T14:40:00-04:00,2026-08-28,11,630.0,call,0.12238445701270612,81.11000061035156,530.37,fixed_strike,77.81982421875,80.63316345214844,79.01191711425781,78.43971252441406,80.53779602050781,-0.57220458984375,0.9059906005859375,,,,83.73260498046875,74.10049438476562,-9.632110595703125,29.971197625439604,47.8486265933104,,QuantData term-structure
2026-08-17T14:40:00-04:00,2026-08-28,11,635.0,call,0.11598424548891872,81.11000061035156,530.37,fixed_strike,77.81982421875,80.63316345214844,79.01191711425781,78.43971252441406,80.53779602050781,-0.57220458984375,0.9059906005859375,,,,83.73260498046875,74.10049438476562,-9.632110595703125,29.971197625439604,47.8486265933104,,QuantData term-structure
2026-08-17T14:40:00-04:00,2026-08-28,11,640.0,call,0.10212879099019717,80.53779602050781,530.37,fixed_strike,77.81982421875,80.63316345214844,79.01191711425781,78.43971252441406,80.53779602050781,-0.57220458984375,0.9059906005859375,,,,83.73260498046875,74.10049438476562,-9.632110595703125,29.971197625439604,47.8486265933104,,QuantData term-structure
2026-08-17T14:40:00-04:00,2026-08-28,11,640.0,put,-0.8032268636934328,97.32246398925781,530.37,fixed_strike,77.81982421875,80.63316345214844,79.01191711425781,78.43971252441406,80.53779602050781,-0.57220458984375,0.9059906005859375,,,,83.73260498046875,74.10049438476562,-9.632110595703125,29.971197625439604,47.8486265933104,,QuantData term-structure
2026-08-17T14:40:00-04:00,2026-08-28,11,650.0,call,0.0882775089984481,81.01463317871094,530.37,fixed_strike,77.81982421875,80.63316345214844,79.01191711425781,78.43971252441406,80.53779602050781,-0.57220458984375,0.9059906005859375,,,,83.73260498046875,74.10049438476562,-9.632110595703125,29.971197625439604,47.8486265933104,,QuantData term-structure
2026-08-17T14:40:00-04:00,2026-08-28,11,650.0,put,-0.8207409849134586,99.61128234863281,530.37,fixed_strike,77.81982421875,80.63316345214844,79.01191711425781,78.43971252441406,80.53779602050781,-0.57220458984375,0.9059906005859375,,,,83.73260498046875,74.10049438476562,-9.632110595703125,29.971197625439604,47.8486265933104,,QuantData term-structure
2026-08-17T14:40:00-04:00,2026-08-28,11,655.0,call,0.08958605796960911,81.49147033691406,530.37,fixed_strike,77.81982421875,80.63316345214844,79.01191711425781,78.43971252441406,80.53779602050781,-0.57220458984375,0.9059906005859375,,,,83.73260498046875,74.10049438476562,-9.632110595703125,29.971197625439604,47.8486265933104,,QuantData term-structure
2026-08-17T14:40:00-04:00,2026-08-28,11,655.0,put,-0.9214049462280469,74.62501525878906,530.37,fixed_strike,77.81982421875,80.63316345214844,79.01191711425781,78.43971252441406,80.53779602050781,-0.57220458984375,0.9059906005859375,,,,83.73260498046875,74.10049438476562,-9.632110595703125,29.971197625439604,47.8486265933104,,QuantData term-structure
2026-08-17T14:40:00-04:00,2026-08-28,11,660.0,call,0.07177827490212119,82.54051208496094,530.37,fixed_strike,77.81982421875,80.63316345214844,79.01191711425781,78.43971252441406,80.53779602050781,-0.57220458984375,0.9059906005859375,,,,83.73260498046875,74.10049438476562,-9.632110595703125,29.971197625439604,47.8486265933104,,QuantData term-structure
2026-08-17T14:40:00-04:00,2026-08-28,11,665.0,call,0.11019877313103243,85.21080017089844,530.37,fixed_strike,77.81982421875,80.63316345214844,79.01191711425781,78.43971252441406,80.53779602050781,-0.57220458984375,0.9059906005859375,,,,83.73260498046875,74.10049438476562,-9.632110595703125,29.971197625439604,47.8486265933104,,QuantData term-structure
2026-08-17T14:40:00-04:00,2026-08-28,11,685.0,call,0.05760690589305112,84.35249328613281,530.37,fixed_strike,77.81982421875,80.63316345214844,79.01191711425781,78.43971252441406,80.53779602050781,-0.57220458984375,0.9059906005859375,,,,83.73260498046875,74.10049438476562,-9.632110595703125,29.971197625439604,47.8486265933104,,QuantData term-structure
2026-08-17T14:40:00-04:00,2026-08-28,11,690.0,call,0.043132731598412744,83.87565612792969,530.37,fixed_strike,77.81982421875,80.63316345214844,79.01191711425781,78.43971252441406,80.53779602050781,-0.57220458984375,0.9059906005859375,,,,83.73260498046875,74.10049438476562,-9.632110595703125,29.971197625439604,47.8486265933104,,QuantData term-structure
2026-08-17T14:40:00-04:00,2026-08-28,11,700.0,call,0.03413396856212026,83.01734924316406,530.37,fixed_strike,77.81982421875,80.63316345214844,79.01191711425781,78.43971252441406,80.53779602050781,-0.57220458984375,0.9059906005859375,,,,83.73260498046875,74.10049438476562,-9.632110595703125,29.971197625439604,47.8486265933104,,QuantData term-structure
2026-08-17T14:40:00-04:00,2026-08-28,11,710.0,call,0.04159526833958161,84.63859558105469,530.37,fixed_strike,77.81982421875,80.63316345214844,79.01191711425781,78.43971252441406,80.53779602050781,-0.57220458984375,0.9059906005859375,,,,83.73260498046875,74.10049438476562,-9.632110595703125,29.971197625439604,47.8486265933104,,QuantData term-structure
2026-08-17T14:40:00-04:00,2026-08-28,11,750.0,call,0.02042715122016321,90.07453918457031,530.37,fixed_strike,77.81982421875,80.63316345214844,79.01191711425781,78.43971252441406,80.53779602050781,-0.57220458984375,0.9059906005859375,,,,83.73260498046875,74.10049438476562,-9.632110595703125,29.971197625439604,47.8486265933104,,QuantData term-structure
2026-08-17T14:40:00-04:00,2026-08-28,11,760.0,call,0.01878122270243102,87.21351623535156,530.37,fixed_strike,77.81982421875,80.63316345214844,79.01191711425781,78.43971252441406,80.53779602050781,-0.57220458984375,0.9059906005859375,,,,83.73260498046875,74.10049438476562,-9.632110595703125,29.971197625439604,47.8486265933104,,QuantData term-structure
2026-08-17T14:40:00-04:00,2026-08-28,11,770.0,call,0.009595341408917869,88.16719055175781,530.37,fixed_strike,77.81982421875,80.63316345214844,79.01191711425781,78.43971252441406,80.53779602050781,-0.57220458984375,0.9059906005859375,,,,83.73260498046875,74.10049438476562,-9.632110595703125,29.971197625439604,47.8486265933104,,QuantData term-structure
2026-08-17T14:40:00-04:00,2026-08-28,11,800.0,call,0.0204193985730707,103.90281677246094,530.37,fixed_strike,77.81982421875,80.63316345214844,79.01191711425781,78.43971252441406,80.53779602050781,-0.57220458984375,0.9059906005859375,,,,83.73260498046875,74.10049438476562,-9.632110595703125,29.971197625439604,47.8486265933104,,QuantData term-structure
2026-08-17T14:40:00-04:00,2026-08-28,11,810.0,call,0.007939612898871035,95.03364562988281,530.37,fixed_strike,77.81982421875,80.63316345214844,79.01191711425781,78.43971252441406,80.53779602050781,-0.57220458984375,0.9059906005859375,,,,83.73260498046875,74.10049438476562,-9.632110595703125,29.971197625439604,47.8486265933104,,QuantData term-structure
2026-08-17T14:40:00-04:00,2026-08-28,11,850.0,call,0.006434003602291125,101.99546813964844,530.37,fixed_strike,77.81982421875,80.63316345214844,79.01191711425781,78.43971252441406,80.53779602050781,-0.57220458984375,0.9059906005859375,,,,83.73260498046875,74.10049438476562,-9.632110595703125,29.971197625439604,47.8486265933104,,QuantData term-structure
2026-08-17T14:40:00-04:00,2026-09-04,18,290.0,put,-0.004984508849601093,112.67662048339844,530.37,fixed_strike,77.39067077636719,78.34434509277344,75.38795471191406,78.34434509277344,79.77485656738281,2.956390380859375,-0.5245208740234375,,,,83.73260498046875,74.10049438476562,-9.632110595703125,29.971197625439604,47.41947315092759,,QuantData term-structure
2026-08-17T14:40:00-04:00,2026-09-04,18,300.0,put,-0.0033882595086265556,99.42054748535156,530.37,fixed_strike,77.39067077636719,78.34434509277344,75.38795471191406,78.34434509277344,79.77485656738281,2.956390380859375,-0.5245208740234375,,,,83.73260498046875,74.10049438476562,-9.632110595703125,29.971197625439604,47.41947315092759,,QuantData term-structure
2026-08-17T14:40:00-04:00,2026-09-04,18,310.0,put,-0.008915147695735702,110.48316955566406,530.37,fixed_strike,77.39067077636719,78.34434509277344,75.38795471191406,78.34434509277344,79.77485656738281,2.956390380859375,-0.5245208740234375,,,,83.73260498046875,74.10049438476562,-9.632110595703125,29.971197625439604,47.41947315092759,,QuantData term-structure
2026-08-17T14:40:00-04:00,2026-09-04,18,320.0,put,-0.005443840938331537,97.60856628417969,530.37,fixed_strike,77.39067077636719,78.34434509277344,75.38795471191406,78.34434509277344,79.77485656738281,2.956390380859375,-0.5245208740234375,,,,83.73260498046875,74.10049438476562,-9.632110595703125,29.971197625439604,47.41947315092759,,QuantData term-structure
2026-08-17T14:40:00-04:00,2026-09-04,18,330.0,put,-0.0072100512665807534,97.32246398925781,530.37,fixed_strike,77.39067077636719,78.34434509277344,75.38795471191406,78.34434509277344,79.77485656738281,2.956390380859375,-0.5245208740234375,,,,83.73260498046875,74.10049438476562,-9.632110595703125,29.971197625439604,47.41947315092759,,QuantData term-structure
2026-08-17T14:40:00-04:00,2026-09-04,18,335.0,put,-0.012991342560574158,103.71208190917969,530.37,fixed_strike,77.39067077636719,78.34434509277344,75.38795471191406,78.34434509277344,79.77485656738281,2.956390380859375,-0.5245208740234375,,,,83.73260498046875,74.10049438476562,-9.632110595703125,29.971197625439604,47.41947315092759,,QuantData term-structure
2026-08-17T14:40:00-04:00,2026-09-04,18,340.0,put,-0.00980200582633689,91.88652038574219,530.37,fixed_strike,77.39067077636719,78.34434509277344,75.38795471191406,78.34434509277344,79.77485656738281,2.956390380859375,-0.5245208740234375,,,,83.73260498046875,74.10049438476562,-9.632110595703125,29.971197625439604,47.41947315092759,,QuantData term-structure
2026-08-17T14:40:00-04:00,2026-09-04,18,345.0,put,-0.012634619561082446,90.45600891113281,530.37,fixed_strike,77.39067077636719,78.34434509277344,75.38795471191406,78.34434509277344,79.77485656738281,2.956390380859375,-0.5245208740234375,,,,83.73260498046875,74.10049438476562,-9.632110595703125,29.971197625439604,47.41947315092759,,QuantData term-structure
2026-08-17T14:40:00-04:00,2026-09-04,18,350.0,put,-0.014280711279200893,92.45872497558594,530.37,fixed_strike,77.39067077636719,78.34434509277344,75.38795471191406,78.34434509277344,79.77485656738281,2.956390380859375,-0.5245208740234375,,,,83.73260498046875,74.10049438476562,-9.632110595703125,29.971197625439604,47.41947315092759,,QuantData term-structure
2026-08-17T14:40:00-04:00,2026-09-04,18,355.0,put,-0.01207351614508191,89.78843688964844,530.37,fixed_strike,77.39067077636719,78.34434509277344,75.38795471191406,78.34434509277344,79.77485656738281,2.956390380859375,-0.5245208740234375,,,,83.73260498046875,74.10049438476562,-9.632110595703125,29.971197625439604,47.41947315092759,,QuantData term-structure
2026-08-17T14:40:00-04:00,2026-09-04,18,360.0,put,-0.014286948811299756,89.59770202636719,530.37,fixed_strike,77.39067077636719,78.34434509277344,75.38795471191406,78.34434509277344,79.77485656738281,2.956390380859375,-0.5245208740234375,,,,83.73260498046875,74.10049438476562,-9.632110595703125,29.971197625439604,47.41947315092759,,QuantData term-structure
2026-08-17T14:40:00-04:00,2026-09-04,18,365.0,put,-0.020933607600890403,88.07182312011719,530.37,fixed_strike,77.39067077636719,78.34434509277344,75.38795471191406,78.34434509277344,79.77485656738281,2.956390380859375,-0.5245208740234375,,,,83.73260498046875,74.10049438476562,-9.632110595703125,29.971197625439604,47.41947315092759,,QuantData term-structure
2026-08-17T14:40:00-04:00,2026-09-04,18,370.0,put,-0.021711420366797254,87.21351623535156,530.37,fixed_strike,77.39067077636719,78.34434509277344,75.38795471191406,78.34434509277344,79.77485656738281,2.956390380859375,-0.5245208740234375,,,,83.73260498046875,74.10049438476562,-9.632110595703125,29.971197625439604,47.41947315092759,,QuantData term-structure
2026-08-17T14:40:00-04:00,2026-09-04,18,375.0,put,-0.028830453461781952,85.78300476074219,530.37,fixed_strike,77.39067077636719,78.34434509277344,75.38795471191406,78.34434509277344,79.77485656738281,2.956390380859375,-0.5245208740234375,,,,83.73260498046875,74.10049438476562,-9.632110595703125,29.971197625439604,47.41947315092759,,QuantData term-structure
2026-08-17T14:40:00-04:00,2026-09-04,18,380.0,put,-0.03081685248186876,85.40153503417969,530.37,fixed_strike,77.39067077636719,78.34434509277344,75.38795471191406,78.34434509277344,79.77485656738281,2.956390380859375,-0.5245208740234375,,,,83.73260498046875,74.10049438476562,-9.632110595703125,29.971197625439604,47.41947315092759,,QuantData term-structure
2026-08-17T14:40:00-04:00,2026-09-04,18,385.0,put,-0.0348331304963069,83.30345153808594,530.37,fixed_strike,77.39067077636719,78.34434509277344,75.38795471191406,78.34434509277344,79.77485656738281,2.956390380859375,-0.5245208740234375,,,,83.73260498046875,74.10049438476562,-9.632110595703125,29.971197625439604,47.41947315092759,,QuantData term-structure
2026-08-17T14:40:00-04:00,2026-09-04,18,390.0,put,-0.035848433421591136,85.78300476074219,530.37,fixed_strike,77.39067077636719,78.34434509277344,75.38795471191406,78.34434509277344,79.77485656738281,2.956390380859375,-0.5245208740234375,,,,83.73260498046875,74.10049438476562,-9.632110595703125,29.971197625439604,47.41947315092759,,QuantData term-structure
2026-08-17T14:40:00-04:00,2026-09-04,18,395.0,put,-0.044011151266391435,82.25440979003906,530.37,fixed_strike,77.39067077636719,78.34434509277344,75.38795471191406,78.34434509277344,79.77485656738281,2.956390380859375,-0.5245208740234375,,,,83.73260498046875,74.10049438476562,-9.632110595703125,29.971197625439604,47.41947315092759,,QuantData term-structure
2026-08-17T14:40:00-04:00,2026-09-04,18,400.0,put,-0.04694055495277816,80.91926574707031,530.37,fixed_strike,77.39067077636719,78.34434509277344,75.38795471191406,78.34434509277344,79.77485656738281,2.956390380859375,-0.5245208740234375,,,,83.73260498046875,74.10049438476562,-9.632110595703125,29.971197625439604,47.41947315092759,,QuantData term-structure
2026-08-17T14:40:00-04:00,2026-09-04,18,405.0,put,-0.05686180776397376,80.06095886230469,530.37,fixed_strike,77.39067077636719,78.34434509277344,75.38795471191406,78.34434509277344,79.77485656738281,2.956390380859375,-0.5245208740234375,,,,83.73260498046875,74.10049438476562,-9.632110595703125,29.971197625439604,47.41947315092759,,QuantData term-structure
2026-08-17T14:40:00-04:00,2026-09-04,18,410.0,call,0.9559055463289092,74.91111755371094,530.37,fixed_strike,77.39067077636719,78.34434509277344,75.38795471191406,78.34434509277344,79.77485656738281,2.956390380859375,-0.5245208740234375,,,,83.73260498046875,74.10049438476562,-9.632110595703125,29.971197625439604,47.41947315092759,,QuantData term-structure
2026-08-17T14:40:00-04:00,2026-09-04,18,410.0,put,-0.06216038907519078,79.87022399902344,530.37,fixed_strike,77.39067077636719,78.34434509277344,75.38795471191406,78.34434509277344,79.77485656738281,2.956390380859375,-0.5245208740234375,,,,83.73260498046875,74.10049438476562,-9.632110595703125,29.971197625439604,47.41947315092759,,QuantData term-structure
2026-08-17T14:40:00-04:00,2026-09-04,18,415.0,put,-0.07346831457756425,80.72853088378906,530.37,fixed_strike,77.39067077636719,78.34434509277344,75.38795471191406,78.34434509277344,79.77485656738281,2.956390380859375,-0.5245208740234375,,,,83.73260498046875,74.10049438476562,-9.632110595703125,29.971197625439604,47.41947315092759,,QuantData term-structure
2026-08-17T14:40:00-04:00,2026-09-04,18,420.0,put,-0.07408597749326107,79.77485656738281,530.37,fixed_strike,77.39067077636719,78.34434509277344,75.38795471191406,78.34434509277344,79.77485656738281,2.956390380859375,-0.5245208740234375,,,,83.73260498046875,74.10049438476562,-9.632110595703125,29.971197625439604,47.41947315092759,,QuantData term-structure
2026-08-17T14:40:00-04:00,2026-09-04,18,425.0,put,-0.0881236074103236,80.06095886230469,530.37,fixed_strike,77.39067077636719,78.34434509277344,75.38795471191406,78.34434509277344,79.77485656738281,2.956390380859375,-0.5245208740234375,,,,83.73260498046875,74.10049438476562,-9.632110595703125,29.971197625439604,47.41947315092759,,QuantData term-structure
2026-08-17T14:40:00-04:00,2026-09-04,18,430.0,put,-0.08088276799290445,80.44242858886719,530.37,fixed_strike,77.39067077636719,78.34434509277344,75.38795471191406,78.34434509277344,79.77485656738281,2.956390380859375,-0.5245208740234375,,,,83.73260498046875,74.10049438476562,-9.632110595703125,29.971197625439604,47.41947315092759,,QuantData term-structure
2026-08-17T14:40:00-04:00,2026-09-04,18,435.0,call,0.8735577023243399,78.91654968261719,530.37,fixed_strike,77.39067077636719,78.34434509277344,75.38795471191406,78.34434509277344,79.77485656738281,2.956390380859375,-0.5245208740234375,,,,83.73260498046875,74.10049438476562,-9.632110595703125,29.971197625439604,47.41947315092759,,QuantData term-structure
2026-08-17T14:40:00-04:00,2026-09-04,18,435.0,put,-0.10335591944550171,78.34434509277344,530.37,fixed_strike,77.39067077636719,78.34434509277344,75.38795471191406,78.34434509277344,79.77485656738281,2.956390380859375,-0.5245208740234375,,,,83.73260498046875,74.10049438476562,-9.632110595703125,29.971197625439604,47.41947315092759,,QuantData term-structure
2026-08-17T14:40:00-04:00,2026-09-04,18,440.0,call,0.8907940277372095,84.54322814941406,530.37,fixed_strike,77.39067077636719,78.34434509277344,75.38795471191406,78.34434509277344,79.77485656738281,2.956390380859375,-0.5245208740234375,,,,83.73260498046875,74.10049438476562,-9.632110595703125,29.971197625439604,47.41947315092759,,QuantData term-structure
2026-08-17T14:40:00-04:00,2026-09-04,18,440.0,put,-0.1182960087948588,77.86750793457031,530.37,fixed_strike,77.39067077636719,78.34434509277344,75.38795471191406,78.34434509277344,79.77485656738281,2.956390380859375,-0.5245208740234375,,,,83.73260498046875,74.10049438476562,-9.632110595703125,29.971197625439604,47.41947315092759,,QuantData term-structure
2026-08-17T14:40:00-04:00,2026-09-04,18,445.0,call,0.86534492205432,77.10456848144531,530.37,fixed_strike,77.39067077636719,78.34434509277344,75.38795471191406,78.34434509277344,79.77485656738281,2.956390380859375,-0.5245208740234375,,,,83.73260498046875,74.10049438476562,-9.632110595703125,29.971197625439604,47.41947315092759,,QuantData term-structure
2026-08-17T14:40:00-04:00,2026-09-04,18,445.0,put,-0.13512970621052384,77.10456848144531,530.37,fixed_strike,77.39067077636719,78.34434509277344,75.38795471191406,78.34434509277344,79.77485656738281,2.956390380859375,-0.5245208740234375,,,,83.73260498046875,74.10049438476562,-9.632110595703125,29.971197625439604,47.41947315092759,,QuantData term-structure
2026-08-17T14:40:00-04:00,2026-09-04,18,450.0,call,0.8573858906328464,76.24626159667969,530.37,fixed_strike,77.39067077636719,78.34434509277344,75.38795471191406,78.34434509277344,79.77485656738281,2.956390380859375,-0.5245208740234375,,,,83.73260498046875,74.10049438476562,-9.632110595703125,29.971197625439604,47.41947315092759,,QuantData term-structure
2026-08-17T14:40:00-04:00,2026-09-04,18,450.0,put,-0.1511902877422296,78.43971252441406,530.37,fixed_strike,77.39067077636719,78.34434509277344,75.38795471191406,78.34434509277344,79.77485656738281,2.956390380859375,-0.5245208740234375,,,,83.73260498046875,74.10049438476562,-9.632110595703125,29.971197625439604,47.41947315092759,,QuantData term-structure
2026-08-17T14:40:00-04:00,2026-09-04,18,455.0,call,0.8367894546024464,76.62773132324219,530.37,fixed_strike,77.39067077636719,78.34434509277344,75.38795471191406,78.34434509277344,79.77485656738281,2.956390380859375,-0.5245208740234375,,,,83.73260498046875,74.10049438476562,-9.632110595703125,29.971197625439604,47.41947315092759,,QuantData term-structure
2026-08-17T14:40:00-04:00,2026-09-04,18,455.0,put,-0.1637310590979425,76.91383361816406,530.37,fixed_strike,77.39067077636719,78.34434509277344,75.38795471191406,78.34434509277344,79.77485656738281,2.956390380859375,-0.5245208740234375,,,,83.73260498046875,74.10049438476562,-9.632110595703125,29.971197625439604,47.41947315092759,,QuantData term-structure
2026-08-17T14:40:00-04:00,2026-09-04,18,460.0,call,0.865606366032555,68.33076477050781,530.37,fixed_strike,77.39067077636719,78.34434509277344,75.38795471191406,78.34434509277344,79.77485656738281,2.956390380859375,-0.5245208740234375,,,,83.73260498046875,74.10049438476562,-9.632110595703125,29.971197625439604,47.41947315092759,,QuantData term-structure
2026-08-17T14:40:00-04:00,2026-09-04,18,460.0,put,-0.17621864854020336,77.77214050292969,530.37,fixed_strike,77.39067077636719,78.34434509277344,75.38795471191406,78.34434509277344,79.77485656738281,2.956390380859375,-0.5245208740234375,,,,83.73260498046875,74.10049438476562,-9.632110595703125,29.971197625439604,47.41947315092759,,QuantData term-structure
2026-08-17T14:40:00-04:00,2026-09-04,18,465.0,call,0.8088251512299769,74.91111755371094,530.37,fixed_strike,77.39067077636719,78.34434509277344,75.38795471191406,78.34434509277344,79.77485656738281,2.956390380859375,-0.5245208740234375,,,,83.73260498046875,74.10049438476562,-9.632110595703125,29.971197625439604,47.41947315092759,,QuantData term-structure
2026-08-17T14:40:00-04:00,2026-09-04,18,465.0,put,-0.17964787554911726,77.77214050292969,530.37,fixed_strike,77.39067077636719,78.34434509277344,75.38795471191406,78.34434509277344,79.77485656738281,2.956390380859375,-0.5245208740234375,,,,83.73260498046875,74.10049438476562,-9.632110595703125,29.971197625439604,47.41947315092759,,QuantData term-structure
2026-08-17T14:40:00-04:00,2026-09-04,18,470.0,call,0.7827649605377942,78.15361022949219,530.37,fixed_strike,77.39067077636719,78.34434509277344,75.38795471191406,78.34434509277344,79.77485656738281,2.956390380859375,-0.5245208740234375,,,,83.73260498046875,74.10049438476562,-9.632110595703125,29.971197625439604,47.41947315092759,,QuantData term-structure
2026-08-17T14:40:00-04:00,2026-09-04,18,470.0,put,-0.20257386798356264,76.81846618652344,530.37,fixed_strike,77.39067077636719,78.34434509277344,75.38795471191406,78.34434509277344,79.77485656738281,2.956390380859375,-0.5245208740234375,,,,83.73260498046875,74.10049438476562,-9.632110595703125,29.971197625439604,47.41947315092759,,QuantData term-structure
2026-08-17T14:40:00-04:00,2026-09-04,18,472.5,put,-0.19498735695047015,83.30345153808594,530.37,fixed_strike,77.39067077636719,78.34434509277344,75.38795471191406,78.34434509277344,79.77485656738281,2.956390380859375,-0.5245208740234375,,,,83.73260498046875,74.10049438476562,-9.632110595703125,29.971197625439604,47.41947315092759,,QuantData term-structure
2026-08-17T14:40:00-04:00,2026-09-04,18,475.0,call,0.7649075896953348,77.19993591308594,530.37,fixed_strike,77.39067077636719,78.34434509277344,75.38795471191406,78.34434509277344,79.77485656738281,2.956390380859375,-0.5245208740234375,,,,83.73260498046875,74.10049438476562,-9.632110595703125,29.971197625439604,47.41947315092759,,QuantData term-structure
2026-08-17T14:40:00-04:00,2026-09-04,18,475.0,put,-0.2153578910431057,75.29258728027344,530.37,fixed_strike,77.39067077636719,78.34434509277344,75.38795471191406,78.34434509277344,79.77485656738281,2.956390380859375,-0.5245208740234375,,,,83.73260498046875,74.10049438476562,-9.632110595703125,29.971197625439604,47.41947315092759,,QuantData term-structure
2026-08-17T14:40:00-04:00,2026-09-04,18,480.0,call,0.7504782402385713,77.00920104980469,530.37,fixed_strike,77.39067077636719,78.34434509277344,75.38795471191406,78.34434509277344,79.77485656738281,2.956390380859375,-0.5245208740234375,,,,83.73260498046875,74.10049438476562,-9.632110595703125,29.971197625439604,47.41947315092759,,QuantData term-structure
2026-08-17T14:40:00-04:00,2026-09-04,18,480.0,put,-0.25481492941247064,77.58140563964844,530.37,fixed_strike,77.39067077636719,78.34434509277344,75.38795471191406,78.34434509277344,79.77485656738281,2.956390380859375,-0.5245208740234375,,,,83.73260498046875,74.10049438476562,-9.632110595703125,29.971197625439604,47.41947315092759,,QuantData term-structure
2026-08-17T14:40:00-04:00,2026-09-04,18,485.0,call,0.7383765765525525,77.19993591308594,530.37,fixed_strike,77.39067077636719,78.34434509277344,75.38795471191406,78.34434509277344,79.77485656738281,2.956390380859375,-0.5245208740234375,,,,83.73260498046875,74.10049438476562,-9.632110595703125,29.971197625439604,47.41947315092759,,QuantData term-structure
2026-08-17T14:40:00-04:00,2026-09-04,18,485.0,put,-0.25022212133466254,75.38795471191406,530.37,fixed_strike,77.39067077636719,78.34434509277344,75.38795471191406,78.34434509277344,79.77485656738281,2.956390380859375,-0.5245208740234375,,,,83.73260498046875,74.10049438476562,-9.632110595703125,29.971197625439604,47.41947315092759,,QuantData term-structure
2026-08-17T14:40:00-04:00,2026-09-04,18,487.5,call,0.7267356627812112,79.20265197753906,530.37,fixed_strike,77.39067077636719,78.34434509277344,75.38795471191406,78.34434509277344,79.77485656738281,2.956390380859375,-0.5245208740234375,,,,83.73260498046875,74.10049438476562,-9.632110595703125,29.971197625439604,47.41947315092759,,QuantData term-structure
2026-08-17T14:40:00-04:00,2026-09-04,18,487.5,put,-0.23161664847151447,77.39067077636719,530.37,fixed_strike,77.39067077636719,78.34434509277344,75.38795471191406,78.34434509277344,79.77485656738281,2.956390380859375,-0.5245208740234375,,,,83.73260498046875,74.10049438476562,-9.632110595703125,29.971197625439604,47.41947315092759,,QuantData term-structure
2026-08-17T14:40:00-04:00,2026-09-04,18,490.0,call,0.7001203893784328,77.10456848144531,530.37,fixed_strike,77.39067077636719,78.34434509277344,75.38795471191406,78.34434509277344,79.77485656738281,2.956390380859375,-0.5245208740234375,,,,83.73260498046875,74.10049438476562,-9.632110595703125,29.971197625439604,47.41947315092759,,QuantData term-structure
2026-08-17T14:40:00-04:00,2026-09-04,18,490.0,put,-0.2960704124301893,76.81846618652344,530.37,fixed_strike,77.39067077636719,78.34434509277344,75.38795471191406,78.34434509277344,79.77485656738281,2.956390380859375,-0.5245208740234375,,,,83.73260498046875,74.10049438476562,-9.632110595703125,29.971197625439604,47.41947315092759,,QuantData term-structure
2026-08-17T14:40:00-04:00,2026-09-04,18,492.5,call,0.7081309158019515,78.72581481933594,530.37,fixed_strike,77.39067077636719,78.34434509277344,75.38795471191406,78.34434509277344,79.77485656738281,2.956390380859375,-0.5245208740234375,,,,83.73260498046875,74.10049438476562,-9.632110595703125,29.971197625439604,47.41947315092759,,QuantData term-structure
2026-08-17T14:40:00-04:00,2026-09-04,18,492.5,put,-0.26451709349325536,73.09913635253906,530.37,fixed_strike,77.39067077636719,78.34434509277344,75.38795471191406,78.34434509277344,79.77485656738281,2.956390380859375,-0.5245208740234375,,,,83.73260498046875,74.10049438476562,-9.632110595703125,29.971197625439604,47.41947315092759,,QuantData term-structure
2026-08-17T14:40:00-04:00,2026-09-04,18,495.0,call,0.6827917737942865,76.62773132324219,530.37,fixed_strike,77.39067077636719,78.34434509277344,75.38795471191406,78.34434509277344,79.77485656738281,2.956390380859375,-0.5245208740234375,,,,83.73260498046875,74.10049438476562,-9.632110595703125,29.971197625439604,47.41947315092759,,QuantData term-structure
2026-08-17T14:40:00-04:00,2026-09-04,18,495.0,put,-0.3217996106952964,76.62773132324219,530.37,fixed_strike,77.39067077636719,78.34434509277344,75.38795471191406,78.34434509277344,79.77485656738281,2.956390380859375,-0.5245208740234375,,,,83.73260498046875,74.10049438476562,-9.632110595703125,29.971197625439604,47.41947315092759,,QuantData term-structure
2026-08-17T14:40:00-04:00,2026-09-04,18,497.5,call,0.7575431004349267,67.85392761230469,530.37,fixed_strike,77.39067077636719,78.34434509277344,75.38795471191406,78.34434509277344,79.77485656738281,2.956390380859375,-0.5245208740234375,,,,83.73260498046875,74.10049438476562,-9.632110595703125,29.971197625439604,47.41947315092759,,QuantData term-structure
2026-08-17T14:40:00-04:00,2026-09-04,18,497.5,put,-0.27473147537478815,82.25440979003906,530.37,fixed_strike,77.39067077636719,78.34434509277344,75.38795471191406,78.34434509277344,79.77485656738281,2.956390380859375,-0.5245208740234375,,,,83.73260498046875,74.10049438476562,-9.632110595703125,29.971197625439604,47.41947315092759,,QuantData term-structure
2026-08-17T14:40:00-04:00,2026-09-04,18,500.0,call,0.682586172572924,75.19721984863281,530.37,fixed_strike,77.39067077636719,78.34434509277344,75.38795471191406,78.34434509277344,79.77485656738281,2.956390380859375,-0.5245208740234375,,,,83.73260498046875,74.10049438476562,-9.632110595703125,29.971197625439604,47.41947315092759,,QuantData term-structure
2026-08-17T14:40:00-04:00,2026-09-04,18,500.0,put,-0.3218887572558662,76.72309875488281,530.37,fixed_strike,77.39067077636719,78.34434509277344,75.38795471191406,78.34434509277344,79.77485656738281,2.956390380859375,-0.5245208740234375,,,,83.73260498046875,74.10049438476562,-9.632110595703125,29.971197625439604,47.41947315092759,,QuantData term-structure
2026-08-17T14:40:00-04:00,2026-09-04,18,505.0,call,0.6455138911892613,76.15089416503906,530.37,fixed_strike,77.39067077636719,78.34434509277344,75.38795471191406,78.34434509277344,79.77485656738281,2.956390380859375,-0.5245208740234375,,,,83.73260498046875,74.10049438476562,-9.632110595703125,29.971197625439604,47.41947315092759,,QuantData term-structure
2026-08-17T14:40:00-04:00,2026-09-04,18,505.0,put,-0.30727951053711244,76.62773132324219,530.37,fixed_strike,77.39067077636719,78.34434509277344,75.38795471191406,78.34434509277344,79.77485656738281,2.956390380859375,-0.5245208740234375,,,,83.73260498046875,74.10049438476562,-9.632110595703125,29.971197625439604,47.41947315092759,,QuantData term-structure
2026-08-17T14:40:00-04:00,2026-09-04,18,510.0,call,0.6250839304887787,75.48332214355469,530.37,fixed_strike,77.39067077636719,78.34434509277344,75.38795471191406,78.34434509277344,79.77485656738281,2.956390380859375,-0.5245208740234375,,,,83.73260498046875,74.10049438476562,-9.632110595703125,29.971197625439604,47.41947315092759,,QuantData term-structure
2026-08-17T14:40:00-04:00,2026-09-04,18,510.0,put,-0.3478886953358219,75.19721984863281,530.37,fixed_strike,77.39067077636719,78.34434509277344,75.38795471191406,78.34434509277344,79.77485656738281,2.956390380859375,-0.5245208740234375,,,,83.73260498046875,74.10049438476562,-9.632110595703125,29.971197625439604,47.41947315092759,,QuantData term-structure
2026-08-17T14:40:00-04:00,2026-09-04,18,515.0,call,0.6497279906613724,78.63044738769531,530.37,fixed_strike,77.39067077636719,78.34434509277344,75.38795471191406,78.34434509277344,79.77485656738281,2.956390380859375,-0.5245208740234375,,,,83.73260498046875,74.10049438476562,-9.632110595703125,29.971197625439604,47.41947315092759,,QuantData term-structure
2026-08-17T14:40:00-04:00,2026-09-04,18,515.0,put,-0.38991566577376807,76.62773132324219,530.37,fixed_strike,77.39067077636719,78.34434509277344,75.38795471191406,78.34434509277344,79.77485656738281,2.956390380859375,-0.5245208740234375,,,,83.73260498046875,74.10049438476562,-9.632110595703125,29.971197625439604,47.41947315092759,,QuantData term-structure
2026-08-17T14:40:00-04:00,2026-09-04,18,520.0,call,0.5826296221009721,76.53236389160156,530.37,fixed_strike,77.39067077636719,78.34434509277344,75.38795471191406,78.34434509277344,79.77485656738281,2.956390380859375,-0.5245208740234375,,,,83.73260498046875,74.10049438476562,-9.632110595703125,29.971197625439604,47.41947315092759,,QuantData term-structure
2026-08-17T14:40:00-04:00,2026-09-04,18,520.0,put,-0.41900324934050526,76.81846618652344,530.37,fixed_strike,77.39067077636719,78.34434509277344,75.38795471191406,78.34434509277344,79.77485656738281,2.956390380859375,-0.5245208740234375,,,,83.73260498046875,74.10049438476562,-9.632110595703125,29.971197625439604,47.41947315092759,,QuantData term-structure
2026-08-17T14:40:00-04:00,2026-09-04,18,525.0,call,0.5532706894920656,76.53236389160156,530.37,fixed_strike,77.39067077636719,78.34434509277344,75.38795471191406,78.34434509277344,79.77485656738281,2.956390380859375,-0.5245208740234375,,,,83.73260498046875,74.10049438476562,-9.632110595703125,29.971197625439604,47.41947315092759,,QuantData term-structure
2026-08-17T14:40:00-04:00,2026-09-04,18,525.0,put,-0.4478834347294656,77.10456848144531,530.37,fixed_strike,77.39067077636719,78.34434509277344,75.38795471191406,78.34434509277344,79.77485656738281,2.956390380859375,-0.5245208740234375,,,,83.73260498046875,74.10049438476562,-9.632110595703125,29.971197625439604,47.41947315092759,,QuantData term-structure
2026-08-17T14:40:00-04:00,2026-09-04,18,530.0,call,0.5417373511357048,77.58140563964844,530.37,fixed_strike,77.39067077636719,78.34434509277344,75.38795471191406,78.34434509277344,79.77485656738281,2.956390380859375,-0.5245208740234375,,,,83.73260498046875,74.10049438476562,-9.632110595703125,29.971197625439604,47.41947315092759,,QuantData term-structure
2026-08-17T14:40:00-04:00,2026-09-04,18,530.0,put,-0.46322197742172055,77.19993591308594,530.37,fixed_strike,77.39067077636719,78.34434509277344,75.38795471191406,78.34434509277344,79.77485656738281,2.956390380859375,-0.5245208740234375,,,,83.73260498046875,74.10049438476562,-9.632110595703125,29.971197625439604,47.41947315092759,,QuantData term-structure
2026-08-17T14:40:00-04:00,2026-09-04,18,535.0,call,0.5246705900194368,76.15089416503906,530.37,fixed_strike,77.39067077636719,78.34434509277344,75.38795471191406,78.34434509277344,79.77485656738281,2.956390380859375,-0.5245208740234375,,,,83.73260498046875,74.10049438476562,-9.632110595703125,29.971197625439604,47.41947315092759,,QuantData term-structure
2026-08-17T14:40:00-04:00,2026-09-04,18,535.0,put,-0.45519233436474704,75.67405700683594,530.37,fixed_strike,77.39067077636719,78.34434509277344,75.38795471191406,78.34434509277344,79.77485656738281,2.956390380859375,-0.5245208740234375,,,,83.73260498046875,74.10049438476562,-9.632110595703125,29.971197625439604,47.41947315092759,,QuantData term-structure
2026-08-17T14:40:00-04:00,2026-09-04,18,540.0,call,0.5196345130725222,76.05552673339844,530.37,fixed_strike,77.39067077636719,78.34434509277344,75.38795471191406,78.34434509277344,79.77485656738281,2.956390380859375,-0.5245208740234375,,,,83.73260498046875,74.10049438476562,-9.632110595703125,29.971197625439604,47.41947315092759,,QuantData term-structure
2026-08-17T14:40:00-04:00,2026-09-04,18,540.0,put,-0.5104043048210541,76.05552673339844,530.37,fixed_strike,77.39067077636719,78.34434509277344,75.38795471191406,78.34434509277344,79.77485656738281,2.956390380859375,-0.5245208740234375,,,,83.73260498046875,74.10049438476562,-9.632110595703125,29.971197625439604,47.41947315092759,,QuantData term-structure
2026-08-17T14:40:00-04:00,2026-09-04,18,545.0,call,0.48871784017105346,75.96015930175781,530.37,fixed_strike,77.39067077636719,78.34434509277344,75.38795471191406,78.34434509277344,79.77485656738281,2.956390380859375,-0.5245208740234375,,,,83.73260498046875,74.10049438476562,-9.632110595703125,29.971197625439604,47.41947315092759,,QuantData term-structure
2026-08-17T14:40:00-04:00,2026-09-04,18,545.0,put,-0.5203351419385076,77.48603820800781,530.37,fixed_strike,77.39067077636719,78.34434509277344,75.38795471191406,78.34434509277344,79.77485656738281,2.956390380859375,-0.5245208740234375,,,,83.73260498046875,74.10049438476562,-9.632110595703125,29.971197625439604,47.41947315092759,,QuantData term-structure
2026-08-17T14:40:00-04:00,2026-09-04,18,550.0,call,0.449297798558721,76.91383361816406,530.37,fixed_strike,77.39067077636719,78.34434509277344,75.38795471191406,78.34434509277344,79.77485656738281,2.956390380859375,-0.5245208740234375,,,,83.73260498046875,74.10049438476562,-9.632110595703125,29.971197625439604,47.41947315092759,,QuantData term-structure
2026-08-17T14:40:00-04:00,2026-09-04,18,550.0,put,-0.5510832048246337,76.62773132324219,530.37,fixed_strike,77.39067077636719,78.34434509277344,75.38795471191406,78.34434509277344,79.77485656738281,2.956390380859375,-0.5245208740234375,,,,83.73260498046875,74.10049438476562,-9.632110595703125,29.971197625439604,47.41947315092759,,QuantData term-structure
2026-08-17T14:40:00-04:00,2026-09-04,18,555.0,call,0.46423593708822314,76.72309875488281,530.37,fixed_strike,77.39067077636719,78.34434509277344,75.38795471191406,78.34434509277344,79.77485656738281,2.956390380859375,-0.5245208740234375,,,,83.73260498046875,74.10049438476562,-9.632110595703125,29.971197625439604,47.41947315092759,,QuantData term-structure
2026-08-17T14:40:00-04:00,2026-09-04,18,560.0,call,0.4106091799316095,75.96015930175781,530.37,fixed_strike,77.39067077636719,78.34434509277344,75.38795471191406,78.34434509277344,79.77485656738281,2.956390380859375,-0.5245208740234375,,,,83.73260498046875,74.10049438476562,-9.632110595703125,29.971197625439604,47.41947315092759,,QuantData term-structure
2026-08-17T14:40:00-04:00,2026-09-04,18,565.0,call,0.38462257359553204,76.05552673339844,530.37,fixed_strike,77.39067077636719,78.34434509277344,75.38795471191406,78.34434509277344,79.77485656738281,2.956390380859375,-0.5245208740234375,,,,83.73260498046875,74.10049438476562,-9.632110595703125,29.971197625439604,47.41947315092759,,QuantData term-structure
2026-08-17T14:40:00-04:00,2026-09-04,18,565.0,put,-0.5402447379626963,83.30345153808594,530.37,fixed_strike,77.39067077636719,78.34434509277344,75.38795471191406,78.34434509277344,79.77485656738281,2.956390380859375,-0.5245208740234375,,,,83.73260498046875,74.10049438476562,-9.632110595703125,29.971197625439604,47.41947315092759,,QuantData term-structure
2026-08-17T14:40:00-04:00,2026-09-04,18,570.0,call,0.37050682241582866,75.96015930175781,530.37,fixed_strike,77.39067077636719,78.34434509277344,75.38795471191406,78.34434509277344,79.77485656738281,2.956390380859375,-0.5245208740234375,,,,83.73260498046875,74.10049438476562,-9.632110595703125,29.971197625439604,47.41947315092759,,QuantData term-structure
2026-08-17T14:40:00-04:00,2026-09-04,18,575.0,call,0.3532380367036694,77.96287536621094,530.37,fixed_strike,77.39067077636719,78.34434509277344,75.38795471191406,78.34434509277344,79.77485656738281,2.956390380859375,-0.5245208740234375,,,,83.73260498046875,74.10049438476562,-9.632110595703125,29.971197625439604,47.41947315092759,,QuantData term-structure
2026-08-17T14:40:00-04:00,2026-09-04,18,575.0,put,-0.6471017587859595,78.34434509277344,530.37,fixed_strike,77.39067077636719,78.34434509277344,75.38795471191406,78.34434509277344,79.77485656738281,2.956390380859375,-0.5245208740234375,,,,83.73260498046875,74.10049438476562,-9.632110595703125,29.971197625439604,47.41947315092759,,QuantData term-structure
2026-08-17T14:40:00-04:00,2026-09-04,18,580.0,call,0.34785051458914884,75.76942443847656,530.37,fixed_strike,77.39067077636719,78.34434509277344,75.38795471191406,78.34434509277344,79.77485656738281,2.956390380859375,-0.5245208740234375,,,,83.73260498046875,74.10049438476562,-9.632110595703125,29.971197625439604,47.41947315092759,,QuantData term-structure
2026-08-17T14:40:00-04:00,2026-09-04,18,585.0,call,0.38704396427489307,79.96559143066406,530.37,fixed_strike,77.39067077636719,78.34434509277344,75.38795471191406,78.34434509277344,79.77485656738281,2.956390380859375,-0.5245208740234375,,,,83.73260498046875,74.10049438476562,-9.632110595703125,29.971197625439604,47.41947315092759,,QuantData term-structure
2026-08-17T14:40:00-04:00,2026-09-04,18,590.0,call,0.37574690633483876,79.29801940917969,530.37,fixed_strike,77.39067077636719,78.34434509277344,75.38795471191406,78.34434509277344,79.77485656738281,2.956390380859375,-0.5245208740234375,,,,83.73260498046875,74.10049438476562,-9.632110595703125,29.971197625439604,47.41947315092759,,QuantData term-structure
2026-08-17T14:40:00-04:00,2026-09-04,18,595.0,call,0.2856159193944795,77.19993591308594,530.37,fixed_strike,77.39067077636719,78.34434509277344,75.38795471191406,78.34434509277344,79.77485656738281,2.956390380859375,-0.5245208740234375,,,,83.73260498046875,74.10049438476562,-9.632110595703125,29.971197625439604,47.41947315092759,,QuantData term-structure
2026-08-17T14:40:00-04:00,2026-09-04,18,600.0,call,0.2670942267376226,77.77214050292969,530.37,fixed_strike,77.39067077636719,78.34434509277344,75.38795471191406,78.34434509277344,79.77485656738281,2.956390380859375,-0.5245208740234375,,,,83.73260498046875,74.10049438476562,-9.632110595703125,29.971197625439604,47.41947315092759,,QuantData term-structure
2026-08-17T14:40:00-04:00,2026-09-04,18,605.0,call,0.2543053012684401,78.34434509277344,530.37,fixed_strike,77.39067077636719,78.34434509277344,75.38795471191406,78.34434509277344,79.77485656738281,2.956390380859375,-0.5245208740234375,,,,83.73260498046875,74.10049438476562,-9.632110595703125,29.971197625439604,47.41947315092759,,QuantData term-structure
2026-08-17T14:40:00-04:00,2026-09-04,18,610.0,call,0.22728902707108462,75.19721984863281,530.37,fixed_strike,77.39067077636719,78.34434509277344,75.38795471191406,78.34434509277344,79.77485656738281,2.956390380859375,-0.5245208740234375,,,,83.73260498046875,74.10049438476562,-9.632110595703125,29.971197625439604,47.41947315092759,,QuantData term-structure
2026-08-17T14:40:00-04:00,2026-09-04,18,615.0,call,0.27722894050325486,79.67948913574219,530.37,fixed_strike,77.39067077636719,78.34434509277344,75.38795471191406,78.34434509277344,79.77485656738281,2.956390380859375,-0.5245208740234375,,,,83.73260498046875,74.10049438476562,-9.632110595703125,29.971197625439604,47.41947315092759,,QuantData term-structure
2026-08-17T14:40:00-04:00,2026-09-04,18,615.0,put,-0.773846767122324,79.01191711425781,530.37,fixed_strike,77.39067077636719,78.34434509277344,75.38795471191406,78.34434509277344,79.77485656738281,2.956390380859375,-0.5245208740234375,,,,83.73260498046875,74.10049438476562,-9.632110595703125,29.971197625439604,47.41947315092759,,QuantData term-structure
2026-08-17T14:40:00-04:00,2026-09-04,18,620.0,call,0.2779824829922263,80.15632629394531,530.37,fixed_strike,77.39067077636719,78.34434509277344,75.38795471191406,78.34434509277344,79.77485656738281,2.956390380859375,-0.5245208740234375,,,,83.73260498046875,74.10049438476562,-9.632110595703125,29.971197625439604,47.41947315092759,,QuantData term-structure
2026-08-17T14:40:00-04:00,2026-09-04,18,625.0,call,0.2638140609094116,81.87294006347656,530.37,fixed_strike,77.39067077636719,78.34434509277344,75.38795471191406,78.34434509277344,79.77485656738281,2.956390380859375,-0.5245208740234375,,,,83.73260498046875,74.10049438476562,-9.632110595703125,29.971197625439604,47.41947315092759,,QuantData term-structure
2026-08-17T14:40:00-04:00,2026-09-04,18,630.0,call,0.19973451377415452,75.86479187011719,530.37,fixed_strike,77.39067077636719,78.34434509277344,75.38795471191406,78.34434509277344,79.77485656738281,2.956390380859375,-0.5245208740234375,,,,83.73260498046875,74.10049438476562,-9.632110595703125,29.971197625439604,47.41947315092759,,QuantData term-structure
2026-08-17T14:40:00-04:00,2026-09-04,18,635.0,call,0.21954744654102926,79.96559143066406,530.37,fixed_strike,77.39067077636719,78.34434509277344,75.38795471191406,78.34434509277344,79.77485656738281,2.956390380859375,-0.5245208740234375,,,,83.73260498046875,74.10049438476562,-9.632110595703125,29.971197625439604,47.41947315092759,,QuantData term-structure
2026-08-17T14:40:00-04:00,2026-09-04,18,640.0,call,0.22681949887867559,81.87294006347656,530.37,fixed_strike,77.39067077636719,78.34434509277344,75.38795471191406,78.34434509277344,79.77485656738281,2.956390380859375,-0.5245208740234375,,,,83.73260498046875,74.10049438476562,-9.632110595703125,29.971197625439604,47.41947315092759,,QuantData term-structure
2026-08-17T14:40:00-04:00,2026-09-04,18,640.0,put,-0.8340165603749398,68.14002990722656,530.37,fixed_strike,77.39067077636719,78.34434509277344,75.38795471191406,78.34434509277344,79.77485656738281,2.956390380859375,-0.5245208740234375,,,,83.73260498046875,74.10049438476562,-9.632110595703125,29.971197625439604,47.41947315092759,,QuantData term-structure
2026-08-17T14:40:00-04:00,2026-09-04,18,645.0,call,0.2063645623402809,80.34706115722656,530.37,fixed_strike,77.39067077636719,78.34434509277344,75.38795471191406,78.34434509277344,79.77485656738281,2.956390380859375,-0.5245208740234375,,,,83.73260498046875,74.10049438476562,-9.632110595703125,29.971197625439604,47.41947315092759,,QuantData term-structure
2026-08-17T14:40:00-04:00,2026-09-04,18,650.0,call,0.15519419680447172,77.77214050292969,530.37,fixed_strike,77.39067077636719,78.34434509277344,75.38795471191406,78.34434509277344,79.77485656738281,2.956390380859375,-0.5245208740234375,,,,83.73260498046875,74.10049438476562,-9.632110595703125,29.971197625439604,47.41947315092759,,QuantData term-structure
2026-08-17T14:40:00-04:00,2026-09-04,18,650.0,put,-0.8627334658840127,67.09098815917969,530.37,fixed_strike,77.39067077636719,78.34434509277344,75.38795471191406,78.34434509277344,79.77485656738281,2.956390380859375,-0.5245208740234375,,,,83.73260498046875,74.10049438476562,-9.632110595703125,29.971197625439604,47.41947315092759,,QuantData term-structure
2026-08-17T14:40:00-04:00,2026-09-04,18,660.0,call,0.1254027765008795,78.72581481933594,530.37,fixed_strike,77.39067077636719,78.34434509277344,75.38795471191406,78.34434509277344,79.77485656738281,2.956390380859375,-0.5245208740234375,,,,83.73260498046875,74.10049438476562,-9.632110595703125,29.971197625439604,47.41947315092759,,QuantData term-structure
2026-08-17T14:40:00-04:00,2026-09-04,18,665.0,call,0.15521722238423402,80.25169372558594,530.37,fixed_strike,77.39067077636719,78.34434509277344,75.38795471191406,78.34434509277344,79.77485656738281,2.956390380859375,-0.5245208740234375,,,,83.73260498046875,74.10049438476562,-9.632110595703125,29.971197625439604,47.41947315092759,,QuantData term-structure
2026-08-17T14:40:00-04:00,2026-09-04,18,670.0,call,0.14648150256353631,81.39610290527344,530.37,fixed_strike,77.39067077636719,78.34434509277344,75.38795471191406,78.34434509277344,79.77485656738281,2.956390380859375,-0.5245208740234375,,,,83.73260498046875,74.10049438476562,-9.632110595703125,29.971197625439604,47.41947315092759,,QuantData term-structure
2026-08-17T14:40:00-04:00,2026-09-04,18,675.0,call,0.10363527214077328,79.77485656738281,530.37,fixed_strike,77.39067077636719,78.34434509277344,75.38795471191406,78.34434509277344,79.77485656738281,2.956390380859375,-0.5245208740234375,,,,83.73260498046875,74.10049438476562,-9.632110595703125,29.971197625439604,47.41947315092759,,QuantData term-structure
2026-08-17T14:40:00-04:00,2026-09-04,18,680.0,call,0.11749465363524236,80.91926574707031,530.37,fixed_strike,77.39067077636719,78.34434509277344,75.38795471191406,78.34434509277344,79.77485656738281,2.956390380859375,-0.5245208740234375,,,,83.73260498046875,74.10049438476562,-9.632110595703125,29.971197625439604,47.41947315092759,,QuantData term-structure
2026-08-17T14:40:00-04:00,2026-09-04,18,690.0,call,0.08899912343974536,78.05824279785156,530.37,fixed_strike,77.39067077636719,78.34434509277344,75.38795471191406,78.34434509277344,79.77485656738281,2.956390380859375,-0.5245208740234375,,,,83.73260498046875,74.10049438476562,-9.632110595703125,29.971197625439604,47.41947315092759,,QuantData term-structure
2026-08-17T14:40:00-04:00,2026-09-04,18,695.0,call,0.10957409073881347,82.15904235839844,530.37,fixed_strike,77.39067077636719,78.34434509277344,75.38795471191406,78.34434509277344,79.77485656738281,2.956390380859375,-0.5245208740234375,,,,83.73260498046875,74.10049438476562,-9.632110595703125,29.971197625439604,47.41947315092759,,QuantData term-structure
2026-08-17T14:40:00-04:00,2026-09-04,18,700.0,call,0.09531696594671096,80.25169372558594,530.37,fixed_strike,77.39067077636719,78.34434509277344,75.38795471191406,78.34434509277344,79.77485656738281,2.956390380859375,-0.5245208740234375,,,,83.73260498046875,74.10049438476562,-9.632110595703125,29.971197625439604,47.41947315092759,,QuantData term-structure
2026-08-17T14:40:00-04:00,2026-09-04,18,705.0,call,0.08844658576019276,81.58683776855469,530.37,fixed_strike,77.39067077636719,78.34434509277344,75.38795471191406,78.34434509277344,79.77485656738281,2.956390380859375,-0.5245208740234375,,,,83.73260498046875,74.10049438476562,-9.632110595703125,29.971197625439604,47.41947315092759,,QuantData term-structure
2026-08-17T14:40:00-04:00,2026-09-04,18,715.0,call,0.08073273935361952,82.63587951660156,530.37,fixed_strike,77.39067077636719,78.34434509277344,75.38795471191406,78.34434509277344,79.77485656738281,2.956390380859375,-0.5245208740234375,,,,83.73260498046875,74.10049438476562,-9.632110595703125,29.971197625439604,47.41947315092759,,QuantData term-structure
2026-08-17T14:40:00-04:00,2026-09-04,18,720.0,call,0.07694990104526189,83.39881896972656,530.37,fixed_strike,77.39067077636719,78.34434509277344,75.38795471191406,78.34434509277344,79.77485656738281,2.956390380859375,-0.5245208740234375,,,,83.73260498046875,74.10049438476562,-9.632110595703125,29.971197625439604,47.41947315092759,,QuantData term-structure
2026-08-17T14:40:00-04:00,2026-09-04,18,725.0,call,0.0809261418142403,87.49961853027344,530.37,fixed_strike,77.39067077636719,78.34434509277344,75.38795471191406,78.34434509277344,79.77485656738281,2.956390380859375,-0.5245208740234375,,,,83.73260498046875,74.10049438476562,-9.632110595703125,29.971197625439604,47.41947315092759,,QuantData term-structure
2026-08-17T14:40:00-04:00,2026-09-04,18,735.0,call,0.0703506770071532,85.11543273925781,530.37,fixed_strike,77.39067077636719,78.34434509277344,75.38795471191406,78.34434509277344,79.77485656738281,2.956390380859375,-0.5245208740234375,,,,83.73260498046875,74.10049438476562,-9.632110595703125,29.971197625439604,47.41947315092759,,QuantData term-structure
2026-08-17T14:40:00-04:00,2026-09-04,18,740.0,call,0.0615002668365508,82.34977722167969,530.37,fixed_strike,77.39067077636719,78.34434509277344,75.38795471191406,78.34434509277344,79.77485656738281,2.956390380859375,-0.5245208740234375,,,,83.73260498046875,74.10049438476562,-9.632110595703125,29.971197625439604,47.41947315092759,,QuantData term-structure
2026-08-17T14:40:00-04:00,2026-09-04,18,780.0,call,0.034991425443953936,83.11271667480469,530.37,fixed_strike,77.39067077636719,78.34434509277344,75.38795471191406,78.34434509277344,79.77485656738281,2.956390380859375,-0.5245208740234375,,,,83.73260498046875,74.10049438476562,-9.632110595703125,29.971197625439604,47.41947315092759,,QuantData term-structure
2026-08-17T14:40:00-04:00,2026-09-04,18,785.0,call,0.03191503285756493,85.30616760253906,530.37,fixed_strike,77.39067077636719,78.34434509277344,75.38795471191406,78.34434509277344,79.77485656738281,2.956390380859375,-0.5245208740234375,,,,83.73260498046875,74.10049438476562,-9.632110595703125,29.971197625439604,47.41947315092759,,QuantData term-structure
2026-08-17T14:40:00-04:00,2026-09-04,18,790.0,call,0.04513261539361385,91.31431579589844,530.37,fixed_strike,77.39067077636719,78.34434509277344,75.38795471191406,78.34434509277344,79.77485656738281,2.956390380859375,-0.5245208740234375,,,,83.73260498046875,74.10049438476562,-9.632110595703125,29.971197625439604,47.41947315092759,,QuantData term-structure
2026-08-17T14:40:00-04:00,2026-09-04,18,795.0,call,0.020333613573988937,84.16175842285156,530.37,fixed_strike,77.39067077636719,78.34434509277344,75.38795471191406,78.34434509277344,79.77485656738281,2.956390380859375,-0.5245208740234375,,,,83.73260498046875,74.10049438476562,-9.632110595703125,29.971197625439604,47.41947315092759,,QuantData term-structure
2026-08-17T14:40:00-04:00,2026-09-04,18,800.0,call,0.029679308723677956,87.02278137207031,530.37,fixed_strike,77.39067077636719,78.34434509277344,75.38795471191406,78.34434509277344,79.77485656738281,2.956390380859375,-0.5245208740234375,,,,83.73260498046875,74.10049438476562,-9.632110595703125,29.971197625439604,47.41947315092759,,QuantData term-structure
2026-08-17T14:40:00-04:00,2026-09-04,18,810.0,call,0.028021903898474518,88.54866027832031,530.37,fixed_strike,77.39067077636719,78.34434509277344,75.38795471191406,78.34434509277344,79.77485656738281,2.956390380859375,-0.5245208740234375,,,,83.73260498046875,74.10049438476562,-9.632110595703125,29.971197625439604,47.41947315092759,,QuantData term-structure
2026-08-17T14:40:00-04:00,2026-09-04,18,840.0,call,0.018199579790875758,88.64402770996094,530.37,fixed_strike,77.39067077636719,78.34434509277344,75.38795471191406,78.34434509277344,79.77485656738281,2.956390380859375,-0.5245208740234375,,,,83.73260498046875,74.10049438476562,-9.632110595703125,29.971197625439604,47.41947315092759,,QuantData term-structure
2026-08-17T14:40:00-04:00,2026-09-11,25,300.0,put,-0.007659887946892889,94.74754333496094,530.37,fixed_strike,73.95744323730469,75.76942443847656,73.95744323730469,77.39067077636719,80.15632629394531,3.4332275390625,1.71661376953125,,,,83.73260498046875,74.10049438476562,-9.632110595703125,29.971197625439604,43.98624561186509,,QuantData term-structure
2026-08-17T14:40:00-04:00,2026-09-11,25,310.0,put,-0.006800733164273272,89.21623229980469,530.37,fixed_strike,73.95744323730469,75.76942443847656,73.95744323730469,77.39067077636719,80.15632629394531,3.4332275390625,1.71661376953125,,,,83.73260498046875,74.10049438476562,-9.632110595703125,29.971197625439604,43.98624561186509,,QuantData term-structure
2026-08-17T14:40:00-04:00,2026-09-11,25,320.0,put,-0.010044117056306992,87.69035339355469,530.37,fixed_strike,73.95744323730469,75.76942443847656,73.95744323730469,77.39067077636719,80.15632629394531,3.4332275390625,1.71661376953125,,,,83.73260498046875,74.10049438476562,-9.632110595703125,29.971197625439604,43.98624561186509,,QuantData term-structure
2026-08-17T14:40:00-04:00,2026-09-11,25,335.0,put,-0.01578150172436488,86.35520935058594,530.37,fixed_strike,73.95744323730469,75.76942443847656,73.95744323730469,77.39067077636719,80.15632629394531,3.4332275390625,1.71661376953125,,,,83.73260498046875,74.10049438476562,-9.632110595703125,29.971197625439604,43.98624561186509,,QuantData term-structure
2026-08-17T14:40:00-04:00,2026-09-11,25,345.0,put,-0.01573942336118244,82.63587951660156,530.37,fixed_strike,73.95744323730469,75.76942443847656,73.95744323730469,77.39067077636719,80.15632629394531,3.4332275390625,1.71661376953125,,,,83.73260498046875,74.10049438476562,-9.632110595703125,29.971197625439604,43.98624561186509,,QuantData term-structure
2026-08-17T14:40:00-04:00,2026-09-11,25,350.0,put,-0.01820514845312591,82.25440979003906,530.37,fixed_strike,73.95744323730469,75.76942443847656,73.95744323730469,77.39067077636719,80.15632629394531,3.4332275390625,1.71661376953125,,,,83.73260498046875,74.10049438476562,-9.632110595703125,29.971197625439604,43.98624561186509,,QuantData term-structure
2026-08-17T14:40:00-04:00,2026-09-11,25,355.0,put,-0.027945512882201522,87.88108825683594,530.37,fixed_strike,73.95744323730469,75.76942443847656,73.95744323730469,77.39067077636719,80.15632629394531,3.4332275390625,1.71661376953125,,,,83.73260498046875,74.10049438476562,-9.632110595703125,29.971197625439604,43.98624561186509,,QuantData term-structure
2026-08-17T14:40:00-04:00,2026-09-11,25,360.0,put,-0.028337427349228363,84.82933044433594,530.37,fixed_strike,73.95744323730469,75.76942443847656,73.95744323730469,77.39067077636719,80.15632629394531,3.4332275390625,1.71661376953125,,,,83.73260498046875,74.10049438476562,-9.632110595703125,29.971197625439604,43.98624561186509,,QuantData term-structure
2026-08-17T14:40:00-04:00,2026-09-11,25,365.0,put,-0.030730575035104544,84.73396301269531,530.37,fixed_strike,73.95744323730469,75.76942443847656,73.95744323730469,77.39067077636719,80.15632629394531,3.4332275390625,1.71661376953125,,,,83.73260498046875,74.10049438476562,-9.632110595703125,29.971197625439604,43.98624561186509,,QuantData term-structure
2026-08-17T14:40:00-04:00,2026-09-11,25,370.0,put,-0.035157037023447066,81.58683776855469,530.37,fixed_strike,73.95744323730469,75.76942443847656,73.95744323730469,77.39067077636719,80.15632629394531,3.4332275390625,1.71661376953125,,,,83.73260498046875,74.10049438476562,-9.632110595703125,29.971197625439604,43.98624561186509,,QuantData term-structure
2026-08-17T14:40:00-04:00,2026-09-11,25,375.0,put,-0.03834412313377744,79.87022399902344,530.37,fixed_strike,73.95744323730469,75.76942443847656,73.95744323730469,77.39067077636719,80.15632629394531,3.4332275390625,1.71661376953125,,,,83.73260498046875,74.10049438476562,-9.632110595703125,29.971197625439604,43.98624561186509,,QuantData term-structure
2026-08-17T14:40:00-04:00,2026-09-11,25,380.0,put,-0.038818973016229406,79.77485656738281,530.37,fixed_strike,73.95744323730469,75.76942443847656,73.95744323730469,77.39067077636719,80.15632629394531,3.4332275390625,1.71661376953125,,,,83.73260498046875,74.10049438476562,-9.632110595703125,29.971197625439604,43.98624561186509,,QuantData term-structure
2026-08-17T14:40:00-04:00,2026-09-11,25,385.0,put,-0.05101075270819527,79.67948913574219,530.37,fixed_strike,73.95744323730469,75.76942443847656,73.95744323730469,77.39067077636719,80.15632629394531,3.4332275390625,1.71661376953125,,,,83.73260498046875,74.10049438476562,-9.632110595703125,29.971197625439604,43.98624561186509,,QuantData term-structure
2026-08-17T14:40:00-04:00,2026-09-11,25,390.0,call,0.9742667096545861,69.37980651855469,530.37,fixed_strike,73.95744323730469,75.76942443847656,73.95744323730469,77.39067077636719,80.15632629394531,3.4332275390625,1.71661376953125,,,,83.73260498046875,74.10049438476562,-9.632110595703125,29.971197625439604,43.98624561186509,,QuantData term-structure
2026-08-17T14:40:00-04:00,2026-09-11,25,390.0,put,-0.054494493049767945,78.91654968261719,530.37,fixed_strike,73.95744323730469,75.76942443847656,73.95744323730469,77.39067077636719,80.15632629394531,3.4332275390625,1.71661376953125,,,,83.73260498046875,74.10049438476562,-9.632110595703125,29.971197625439604,43.98624561186509,,QuantData term-structure
2026-08-17T14:40:00-04:00,2026-09-11,25,395.0,call,0.9673710755207393,70.04737854003906,530.37,fixed_strike,73.95744323730469,75.76942443847656,73.95744323730469,77.39067077636719,80.15632629394531,3.4332275390625,1.71661376953125,,,,83.73260498046875,74.10049438476562,-9.632110595703125,29.971197625439604,43.98624561186509,,QuantData term-structure
2026-08-17T14:40:00-04:00,2026-09-11,25,395.0,put,-0.05446448201734777,80.91926574707031,530.37,fixed_strike,73.95744323730469,75.76942443847656,73.95744323730469,77.39067077636719,80.15632629394531,3.4332275390625,1.71661376953125,,,,83.73260498046875,74.10049438476562,-9.632110595703125,29.971197625439604,43.98624561186509,,QuantData term-structure
2026-08-17T14:40:00-04:00,2026-09-11,25,400.0,call,0.930218908478265,83.68492126464844,530.37,fixed_strike,73.95744323730469,75.76942443847656,73.95744323730469,77.39067077636719,80.15632629394531,3.4332275390625,1.71661376953125,,,,83.73260498046875,74.10049438476562,-9.632110595703125,29.971197625439604,43.98624561186509,,QuantData term-structure
2026-08-17T14:40:00-04:00,2026-09-11,25,400.0,put,-0.06340149745946294,79.48875427246094,530.37,fixed_strike,73.95744323730469,75.76942443847656,73.95744323730469,77.39067077636719,80.15632629394531,3.4332275390625,1.71661376953125,,,,83.73260498046875,74.10049438476562,-9.632110595703125,29.971197625439604,43.98624561186509,,QuantData term-structure
2026-08-17T14:40:00-04:00,2026-09-11,25,405.0,put,-0.07399998492338827,77.86750793457031,530.37,fixed_strike,73.95744323730469,75.76942443847656,73.95744323730469,77.39067077636719,80.15632629394531,3.4332275390625,1.71661376953125,,,,83.73260498046875,74.10049438476562,-9.632110595703125,29.971197625439604,43.98624561186509,,QuantData term-structure
2026-08-17T14:40:00-04:00,2026-09-11,25,410.0,put,-0.08208199595439264,77.67677307128906,530.37,fixed_strike,73.95744323730469,75.76942443847656,73.95744323730469,77.39067077636719,80.15632629394531,3.4332275390625,1.71661376953125,,,,83.73260498046875,74.10049438476562,-9.632110595703125,29.971197625439604,43.98624561186509,,QuantData term-structure
2026-08-17T14:40:00-04:00,2026-09-11,25,415.0,call,0.9086596954310213,80.44242858886719,530.37,fixed_strike,73.95744323730469,75.76942443847656,73.95744323730469,77.39067077636719,80.15632629394531,3.4332275390625,1.71661376953125,,,,83.73260498046875,74.10049438476562,-9.632110595703125,29.971197625439604,43.98624561186509,,QuantData term-structure
2026-08-17T14:40:00-04:00,2026-09-11,25,415.0,put,-0.09009563785470504,77.19993591308594,530.37,fixed_strike,73.95744323730469,75.76942443847656,73.95744323730469,77.39067077636719,80.15632629394531,3.4332275390625,1.71661376953125,,,,83.73260498046875,74.10049438476562,-9.632110595703125,29.971197625439604,43.98624561186509,,QuantData term-structure
2026-08-17T14:40:00-04:00,2026-09-11,25,420.0,call,0.8985484123842633,80.53779602050781,530.37,fixed_strike,73.95744323730469,75.76942443847656,73.95744323730469,77.39067077636719,80.15632629394531,3.4332275390625,1.71661376953125,,,,83.73260498046875,74.10049438476562,-9.632110595703125,29.971197625439604,43.98624561186509,,QuantData term-structure
2026-08-17T14:40:00-04:00,2026-09-11,25,420.0,put,-0.09801902538472423,76.72309875488281,530.37,fixed_strike,73.95744323730469,75.76942443847656,73.95744323730469,77.39067077636719,80.15632629394531,3.4332275390625,1.71661376953125,,,,83.73260498046875,74.10049438476562,-9.632110595703125,29.971197625439604,43.98624561186509,,QuantData term-structure
2026-08-17T14:40:00-04:00,2026-09-11,25,425.0,put,-0.09838408224457224,75.76942443847656,530.37,fixed_strike,73.95744323730469,75.76942443847656,73.95744323730469,77.39067077636719,80.15632629394531,3.4332275390625,1.71661376953125,,,,83.73260498046875,74.10049438476562,-9.632110595703125,29.971197625439604,43.98624561186509,,QuantData term-structure
2026-08-17T14:40:00-04:00,2026-09-11,25,430.0,put,-0.1178325627201171,75.00648498535156,530.37,fixed_strike,73.95744323730469,75.76942443847656,73.95744323730469,77.39067077636719,80.15632629394531,3.4332275390625,1.71661376953125,,,,83.73260498046875,74.10049438476562,-9.632110595703125,29.971197625439604,43.98624561186509,,QuantData term-structure
2026-08-17T14:40:00-04:00,2026-09-11,25,435.0,put,-0.1294653604668159,74.24354553222656,530.37,fixed_strike,73.95744323730469,75.76942443847656,73.95744323730469,77.39067077636719,80.15632629394531,3.4332275390625,1.71661376953125,,,,83.73260498046875,74.10049438476562,-9.632110595703125,29.971197625439604,43.98624561186509,,QuantData term-structure
2026-08-17T14:40:00-04:00,2026-09-11,25,440.0,call,0.8823573447155135,71.28715515136719,530.37,fixed_strike,73.95744323730469,75.76942443847656,73.95744323730469,77.39067077636719,80.15632629394531,3.4332275390625,1.71661376953125,,,,83.73260498046875,74.10049438476562,-9.632110595703125,29.971197625439604,43.98624561186509,,QuantData term-structure
2026-08-17T14:40:00-04:00,2026-09-11,25,440.0,put,-0.14201109216982738,75.00648498535156,530.37,fixed_strike,73.95744323730469,75.76942443847656,73.95744323730469,77.39067077636719,80.15632629394531,3.4332275390625,1.71661376953125,,,,83.73260498046875,74.10049438476562,-9.632110595703125,29.971197625439604,43.98624561186509,,QuantData term-structure
2026-08-17T14:40:00-04:00,2026-09-11,25,445.0,put,-0.14555318436025205,77.19993591308594,530.37,fixed_strike,73.95744323730469,75.76942443847656,73.95744323730469,77.39067077636719,80.15632629394531,3.4332275390625,1.71661376953125,,,,83.73260498046875,74.10049438476562,-9.632110595703125,29.971197625439604,43.98624561186509,,QuantData term-structure
2026-08-17T14:40:00-04:00,2026-09-11,25,450.0,call,0.8433648280603001,74.52964782714844,530.37,fixed_strike,73.95744323730469,75.76942443847656,73.95744323730469,77.39067077636719,80.15632629394531,3.4332275390625,1.71661376953125,,,,83.73260498046875,74.10049438476562,-9.632110595703125,29.971197625439604,43.98624561186509,,QuantData term-structure
2026-08-17T14:40:00-04:00,2026-09-11,25,450.0,put,-0.16959238590483416,74.43428039550781,530.37,fixed_strike,73.95744323730469,75.76942443847656,73.95744323730469,77.39067077636719,80.15632629394531,3.4332275390625,1.71661376953125,,,,83.73260498046875,74.10049438476562,-9.632110595703125,29.971197625439604,43.98624561186509,,QuantData term-structure
2026-08-17T14:40:00-04:00,2026-09-11,25,455.0,call,0.8294293676028237,74.43428039550781,530.37,fixed_strike,73.95744323730469,75.76942443847656,73.95744323730469,77.39067077636719,80.15632629394531,3.4332275390625,1.71661376953125,,,,83.73260498046875,74.10049438476562,-9.632110595703125,29.971197625439604,43.98624561186509,,QuantData term-structure
2026-08-17T14:40:00-04:00,2026-09-11,25,455.0,put,-0.17524121123922098,78.82118225097656,530.37,fixed_strike,73.95744323730469,75.76942443847656,73.95744323730469,77.39067077636719,80.15632629394531,3.4332275390625,1.71661376953125,,,,83.73260498046875,74.10049438476562,-9.632110595703125,29.971197625439604,43.98624561186509,,QuantData term-structure
2026-08-17T14:40:00-04:00,2026-09-11,25,460.0,call,0.7794754994991734,74.91111755371094,530.37,fixed_strike,73.95744323730469,75.76942443847656,73.95744323730469,77.39067077636719,80.15632629394531,3.4332275390625,1.71661376953125,,,,83.73260498046875,74.10049438476562,-9.632110595703125,29.971197625439604,43.98624561186509,,QuantData term-structure
2026-08-17T14:40:00-04:00,2026-09-11,25,460.0,put,-0.20252480073740192,73.67134094238281,530.37,fixed_strike,73.95744323730469,75.76942443847656,73.95744323730469,77.39067077636719,80.15632629394531,3.4332275390625,1.71661376953125,,,,83.73260498046875,74.10049438476562,-9.632110595703125,29.971197625439604,43.98624561186509,,QuantData term-structure
2026-08-17T14:40:00-04:00,2026-09-11,25,465.0,call,0.8132167235168266,71.38252258300781,530.37,fixed_strike,73.95744323730469,75.76942443847656,73.95744323730469,77.39067077636719,80.15632629394531,3.4332275390625,1.71661376953125,,,,83.73260498046875,74.10049438476562,-9.632110595703125,29.971197625439604,43.98624561186509,,QuantData term-structure
2026-08-17T14:40:00-04:00,2026-09-11,25,465.0,put,-0.1961504466458771,74.52964782714844,530.37,fixed_strike,73.95744323730469,75.76942443847656,73.95744323730469,77.39067077636719,80.15632629394531,3.4332275390625,1.71661376953125,,,,83.73260498046875,74.10049438476562,-9.632110595703125,29.971197625439604,43.98624561186509,,QuantData term-structure
2026-08-17T14:40:00-04:00,2026-09-11,25,470.0,call,0.7610451514609677,76.15089416503906,530.37,fixed_strike,73.95744323730469,75.76942443847656,73.95744323730469,77.39067077636719,80.15632629394531,3.4332275390625,1.71661376953125,,,,83.73260498046875,74.10049438476562,-9.632110595703125,29.971197625439604,43.98624561186509,,QuantData term-structure
2026-08-17T14:40:00-04:00,2026-09-11,25,470.0,put,-0.2247813250880908,74.72038269042969,530.37,fixed_strike,73.95744323730469,75.76942443847656,73.95744323730469,77.39067077636719,80.15632629394531,3.4332275390625,1.71661376953125,,,,83.73260498046875,74.10049438476562,-9.632110595703125,29.971197625439604,43.98624561186509,,QuantData term-structure
2026-08-17T14:40:00-04:00,2026-09-11,25,475.0,call,0.7726605431360938,75.76942443847656,530.37,fixed_strike,73.95744323730469,75.76942443847656,73.95744323730469,77.39067077636719,80.15632629394531,3.4332275390625,1.71661376953125,,,,83.73260498046875,74.10049438476562,-9.632110595703125,29.971197625439604,43.98624561186509,,QuantData term-structure
2026-08-17T14:40:00-04:00,2026-09-11,25,475.0,put,-0.2135924097415775,77.58140563964844,530.37,fixed_strike,73.95744323730469,75.76942443847656,73.95744323730469,77.39067077636719,80.15632629394531,3.4332275390625,1.71661376953125,,,,83.73260498046875,74.10049438476562,-9.632110595703125,29.971197625439604,43.98624561186509,,QuantData term-structure
2026-08-17T14:40:00-04:00,2026-09-11,25,480.0,call,0.7388696170489069,72.71766662597656,530.37,fixed_strike,73.95744323730469,75.76942443847656,73.95744323730469,77.39067077636719,80.15632629394531,3.4332275390625,1.71661376953125,,,,83.73260498046875,74.10049438476562,-9.632110595703125,29.971197625439604,43.98624561186509,,QuantData term-structure
2026-08-17T14:40:00-04:00,2026-09-11,25,480.0,put,-0.264438669447617,73.95744323730469,530.37,fixed_strike,73.95744323730469,75.76942443847656,73.95744323730469,77.39067077636719,80.15632629394531,3.4332275390625,1.71661376953125,,,,83.73260498046875,74.10049438476562,-9.632110595703125,29.971197625439604,43.98624561186509,,QuantData term-structure
2026-08-17T14:40:00-04:00,2026-09-11,25,485.0,put,-0.26598916631439257,73.48060607910156,530.37,fixed_strike,73.95744323730469,75.76942443847656,73.95744323730469,77.39067077636719,80.15632629394531,3.4332275390625,1.71661376953125,,,,83.73260498046875,74.10049438476562,-9.632110595703125,29.971197625439604,43.98624561186509,,QuantData term-structure
2026-08-17T14:40:00-04:00,2026-09-11,25,490.0,put,-0.2991732738235666,74.52964782714844,530.37,fixed_strike,73.95744323730469,75.76942443847656,73.95744323730469,77.39067077636719,80.15632629394531,3.4332275390625,1.71661376953125,,,,83.73260498046875,74.10049438476562,-9.632110595703125,29.971197625439604,43.98624561186509,,QuantData term-structure
2026-08-17T14:40:00-04:00,2026-09-11,25,495.0,call,0.7005589397892605,74.81575012207031,530.37,fixed_strike,73.95744323730469,75.76942443847656,73.95744323730469,77.39067077636719,80.15632629394531,3.4332275390625,1.71661376953125,,,,83.73260498046875,74.10049438476562,-9.632110595703125,29.971197625439604,43.98624561186509,,QuantData term-structure
2026-08-17T14:40:00-04:00,2026-09-11,25,500.0,call,0.6641133596450999,71.66862487792969,530.37,fixed_strike,73.95744323730469,75.76942443847656,73.95744323730469,77.39067077636719,80.15632629394531,3.4332275390625,1.71661376953125,,,,83.73260498046875,74.10049438476562,-9.632110595703125,29.971197625439604,43.98624561186509,,QuantData term-structure
2026-08-17T14:40:00-04:00,2026-09-11,25,500.0,put,-0.3344366500646243,74.33891296386719,530.37,fixed_strike,73.95744323730469,75.76942443847656,73.95744323730469,77.39067077636719,80.15632629394531,3.4332275390625,1.71661376953125,,,,83.73260498046875,74.10049438476562,-9.632110595703125,29.971197625439604,43.98624561186509,,QuantData term-structure
2026-08-17T14:40:00-04:00,2026-09-11,25,505.0,call,0.6287387896273527,76.62773132324219,530.37,fixed_strike,73.95744323730469,75.76942443847656,73.95744323730469,77.39067077636719,80.15632629394531,3.4332275390625,1.71661376953125,,,,83.73260498046875,74.10049438476562,-9.632110595703125,29.971197625439604,43.98624561186509,,QuantData term-structure
2026-08-17T14:40:00-04:00,2026-09-11,25,510.0,call,0.6328896765237431,79.20265197753906,530.37,fixed_strike,73.95744323730469,75.76942443847656,73.95744323730469,77.39067077636719,80.15632629394531,3.4332275390625,1.71661376953125,,,,83.73260498046875,74.10049438476562,-9.632110595703125,29.971197625439604,43.98624561186509,,QuantData term-structure
2026-08-17T14:40:00-04:00,2026-09-11,25,510.0,put,-0.3782788329284038,73.48060607910156,530.37,fixed_strike,73.95744323730469,75.76942443847656,73.95744323730469,77.39067077636719,80.15632629394531,3.4332275390625,1.71661376953125,,,,83.73260498046875,74.10049438476562,-9.632110595703125,29.971197625439604,43.98624561186509,,QuantData term-structure
2026-08-17T14:40:00-04:00,2026-09-11,25,515.0,call,0.6298381797088523,71.47789001464844,530.37,fixed_strike,73.95744323730469,75.76942443847656,73.95744323730469,77.39067077636719,80.15632629394531,3.4332275390625,1.71661376953125,,,,83.73260498046875,74.10049438476562,-9.632110595703125,29.971197625439604,43.98624561186509,,QuantData term-structure
2026-08-17T14:40:00-04:00,2026-09-11,25,515.0,put,-0.37446711519554166,73.28987121582031,530.37,fixed_strike,73.95744323730469,75.76942443847656,73.95744323730469,77.39067077636719,80.15632629394531,3.4332275390625,1.71661376953125,,,,83.73260498046875,74.10049438476562,-9.632110595703125,29.971197625439604,43.98624561186509,,QuantData term-structure
2026-08-17T14:40:00-04:00,2026-09-11,25,520.0,call,0.5805161899970306,73.76670837402344,530.37,fixed_strike,73.95744323730469,75.76942443847656,73.95744323730469,77.39067077636719,80.15632629394531,3.4332275390625,1.71661376953125,,,,83.73260498046875,74.10049438476562,-9.632110595703125,29.971197625439604,43.98624561186509,,QuantData term-structure
2026-08-17T14:40:00-04:00,2026-09-11,25,520.0,put,-0.37978011471405987,77.77214050292969,530.37,fixed_strike,73.95744323730469,75.76942443847656,73.95744323730469,77.39067077636719,80.15632629394531,3.4332275390625,1.71661376953125,,,,83.73260498046875,74.10049438476562,-9.632110595703125,29.971197625439604,43.98624561186509,,QuantData term-structure
2026-08-17T14:40:00-04:00,2026-09-11,25,525.0,call,0.568813999513623,75.38795471191406,530.37,fixed_strike,73.95744323730469,75.76942443847656,73.95744323730469,77.39067077636719,80.15632629394531,3.4332275390625,1.71661376953125,,,,83.73260498046875,74.10049438476562,-9.632110595703125,29.971197625439604,43.98624561186509,,QuantData term-structure
2026-08-17T14:40:00-04:00,2026-09-11,25,525.0,put,-0.4467062401556778,74.43428039550781,530.37,fixed_strike,73.95744323730469,75.76942443847656,73.95744323730469,77.39067077636719,80.15632629394531,3.4332275390625,1.71661376953125,,,,83.73260498046875,74.10049438476562,-9.632110595703125,29.971197625439604,43.98624561186509,,QuantData term-structure
2026-08-17T14:40:00-04:00,2026-09-11,25,530.0,call,0.5383514814814564,73.86207580566406,530.37,fixed_strike,73.95744323730469,75.76942443847656,73.95744323730469,77.39067077636719,80.15632629394531,3.4332275390625,1.71661376953125,,,,83.73260498046875,74.10049438476562,-9.632110595703125,29.971197625439604,43.98624561186509,,QuantData term-structure
2026-08-17T14:40:00-04:00,2026-09-11,25,530.0,put,-0.4338951962761458,74.05281066894531,530.37,fixed_strike,73.95744323730469,75.76942443847656,73.95744323730469,77.39067077636719,80.15632629394531,3.4332275390625,1.71661376953125,,,,83.73260498046875,74.10049438476562,-9.632110595703125,29.971197625439604,43.98624561186509,,QuantData term-structure
2026-08-17T14:40:00-04:00,2026-09-11,25,535.0,call,0.5406653399007504,73.00376892089844,530.37,fixed_strike,73.95744323730469,75.76942443847656,73.95744323730469,77.39067077636719,80.15632629394531,3.4332275390625,1.71661376953125,,,,83.73260498046875,74.10049438476562,-9.632110595703125,29.971197625439604,43.98624561186509,,QuantData term-structure
2026-08-17T14:40:00-04:00,2026-09-11,25,535.0,put,-0.4696523131800569,74.72038269042969,530.37,fixed_strike,73.95744323730469,75.76942443847656,73.95744323730469,77.39067077636719,80.15632629394531,3.4332275390625,1.71661376953125,,,,83.73260498046875,74.10049438476562,-9.632110595703125,29.971197625439604,43.98624561186509,,QuantData term-structure
2026-08-17T14:40:00-04:00,2026-09-11,25,540.0,call,0.5057123076079426,73.67134094238281,530.37,fixed_strike,73.95744323730469,75.76942443847656,73.95744323730469,77.39067077636719,80.15632629394531,3.4332275390625,1.71661376953125,,,,83.73260498046875,74.10049438476562,-9.632110595703125,29.971197625439604,43.98624561186509,,QuantData term-structure
2026-08-17T14:40:00-04:00,2026-09-11,25,540.0,put,-0.4425033781456468,74.14817810058594,530.37,fixed_strike,73.95744323730469,75.76942443847656,73.95744323730469,77.39067077636719,80.15632629394531,3.4332275390625,1.71661376953125,,,,83.73260498046875,74.10049438476562,-9.632110595703125,29.971197625439604,43.98624561186509,,QuantData term-structure
2026-08-17T14:40:00-04:00,2026-09-11,25,545.0,call,0.49448754148205887,73.09913635253906,530.37,fixed_strike,73.95744323730469,75.76942443847656,73.95744323730469,77.39067077636719,80.15632629394531,3.4332275390625,1.71661376953125,,,,83.73260498046875,74.10049438476562,-9.632110595703125,29.971197625439604,43.98624561186509,,QuantData term-structure
2026-08-17T14:40:00-04:00,2026-09-11,25,550.0,call,0.47012521554696673,73.28987121582031,530.37,fixed_strike,73.95744323730469,75.76942443847656,73.95744323730469,77.39067077636719,80.15632629394531,3.4332275390625,1.71661376953125,,,,83.73260498046875,74.10049438476562,-9.632110595703125,29.971197625439604,43.98624561186509,,QuantData term-structure
2026-08-17T14:40:00-04:00,2026-09-11,25,550.0,put,-0.4709225362462621,75.38795471191406,530.37,fixed_strike,73.95744323730469,75.76942443847656,73.95744323730469,77.39067077636719,80.15632629394531,3.4332275390625,1.71661376953125,,,,83.73260498046875,74.10049438476562,-9.632110595703125,29.971197625439604,43.98624561186509,,QuantData term-structure
2026-08-17T14:40:00-04:00,2026-09-11,25,555.0,call,0.47484682816711576,73.28987121582031,530.37,fixed_strike,73.95744323730469,75.76942443847656,73.95744323730469,77.39067077636719,80.15632629394531,3.4332275390625,1.71661376953125,,,,83.73260498046875,74.10049438476562,-9.632110595703125,29.971197625439604,43.98624561186509,,QuantData term-structure
2026-08-17T14:40:00-04:00,2026-09-11,25,555.0,put,-0.5021173786321108,75.96015930175781,530.37,fixed_strike,73.95744323730469,75.76942443847656,73.95744323730469,77.39067077636719,80.15632629394531,3.4332275390625,1.71661376953125,,,,83.73260498046875,74.10049438476562,-9.632110595703125,29.971197625439604,43.98624561186509,,QuantData term-structure
2026-08-17T14:40:00-04:00,2026-09-11,25,560.0,call,0.4436919692484762,73.38523864746094,530.37,fixed_strike,73.95744323730469,75.76942443847656,73.95744323730469,77.39067077636719,80.15632629394531,3.4332275390625,1.71661376953125,,,,83.73260498046875,74.10049438476562,-9.632110595703125,29.971197625439604,43.98624561186509,,QuantData term-structure
2026-08-17T14:40:00-04:00,2026-09-11,25,560.0,put,-0.5021423544814521,75.76942443847656,530.37,fixed_strike,73.95744323730469,75.76942443847656,73.95744323730469,77.39067077636719,80.15632629394531,3.4332275390625,1.71661376953125,,,,83.73260498046875,74.10049438476562,-9.632110595703125,29.971197625439604,43.98624561186509,,QuantData term-structure
2026-08-17T14:40:00-04:00,2026-09-11,25,565.0,call,0.4271573863913222,76.43699645996094,530.37,fixed_strike,73.95744323730469,75.76942443847656,73.95744323730469,77.39067077636719,80.15632629394531,3.4332275390625,1.71661376953125,,,,83.73260498046875,74.10049438476562,-9.632110595703125,29.971197625439604,43.98624561186509,,QuantData term-structure
2026-08-17T14:40:00-04:00,2026-09-11,25,570.0,call,0.4308192415006264,74.24354553222656,530.37,fixed_strike,73.95744323730469,75.76942443847656,73.95744323730469,77.39067077636719,80.15632629394531,3.4332275390625,1.71661376953125,,,,83.73260498046875,74.10049438476562,-9.632110595703125,29.971197625439604,43.98624561186509,,QuantData term-structure
2026-08-17T14:40:00-04:00,2026-09-11,25,575.0,call,0.4004260150601115,72.90840148925781,530.37,fixed_strike,73.95744323730469,75.76942443847656,73.95744323730469,77.39067077636719,80.15632629394531,3.4332275390625,1.71661376953125,,,,83.73260498046875,74.10049438476562,-9.632110595703125,29.971197625439604,43.98624561186509,,QuantData term-structure
2026-08-17T14:40:00-04:00,2026-09-11,25,580.0,call,0.3588502827070239,72.81303405761719,530.37,fixed_strike,73.95744323730469,75.76942443847656,73.95744323730469,77.39067077636719,80.15632629394531,3.4332275390625,1.71661376953125,,,,83.73260498046875,74.10049438476562,-9.632110595703125,29.971197625439604,43.98624561186509,,QuantData term-structure
2026-08-17T14:40:00-04:00,2026-09-11,25,585.0,call,0.3370847952972117,74.52964782714844,530.37,fixed_strike,73.95744323730469,75.76942443847656,73.95744323730469,77.39067077636719,80.15632629394531,3.4332275390625,1.71661376953125,,,,83.73260498046875,74.10049438476562,-9.632110595703125,29.971197625439604,43.98624561186509,,QuantData term-structure
2026-08-17T14:40:00-04:00,2026-09-11,25,585.0,put,-0.5922150606672003,76.24626159667969,530.37,fixed_strike,73.95744323730469,75.76942443847656,73.95744323730469,77.39067077636719,80.15632629394531,3.4332275390625,1.71661376953125,,,,83.73260498046875,74.10049438476562,-9.632110595703125,29.971197625439604,43.98624561186509,,QuantData term-structure
2026-08-17T14:40:00-04:00,2026-09-11,25,590.0,call,0.3303740346130998,73.76670837402344,530.37,fixed_strike,73.95744323730469,75.76942443847656,73.95744323730469,77.39067077636719,80.15632629394531,3.4332275390625,1.71661376953125,,,,83.73260498046875,74.10049438476562,-9.632110595703125,29.971197625439604,43.98624561186509,,QuantData term-structure
2026-08-17T14:40:00-04:00,2026-09-11,25,595.0,call,0.31643427600724505,77.67677307128906,530.37,fixed_strike,73.95744323730469,75.76942443847656,73.95744323730469,77.39067077636719,80.15632629394531,3.4332275390625,1.71661376953125,,,,83.73260498046875,74.10049438476562,-9.632110595703125,29.971197625439604,43.98624561186509,,QuantData term-structure
2026-08-17T14:40:00-04:00,2026-09-11,25,600.0,call,0.297513184185711,73.57597351074219,530.37,fixed_strike,73.95744323730469,75.76942443847656,73.95744323730469,77.39067077636719,80.15632629394531,3.4332275390625,1.71661376953125,,,,83.73260498046875,74.10049438476562,-9.632110595703125,29.971197625439604,43.98624561186509,,QuantData term-structure
2026-08-17T14:40:00-04:00,2026-09-11,25,600.0,put,-0.6997814386019208,75.57868957519531,530.37,fixed_strike,73.95744323730469,75.76942443847656,73.95744323730469,77.39067077636719,80.15632629394531,3.4332275390625,1.71661376953125,,,,83.73260498046875,74.10049438476562,-9.632110595703125,29.971197625439604,43.98624561186509,,QuantData term-structure
2026-08-17T14:40:00-04:00,2026-09-11,25,610.0,call,0.27527518543577134,75.00648498535156,530.37,fixed_strike,73.95744323730469,75.76942443847656,73.95744323730469,77.39067077636719,80.15632629394531,3.4332275390625,1.71661376953125,,,,83.73260498046875,74.10049438476562,-9.632110595703125,29.971197625439604,43.98624561186509,,QuantData term-structure
2026-08-17T14:40:00-04:00,2026-09-11,25,620.0,call,0.2453960972298071,74.72038269042969,530.37,fixed_strike,73.95744323730469,75.76942443847656,73.95744323730469,77.39067077636719,80.15632629394531,3.4332275390625,1.71661376953125,,,,83.73260498046875,74.10049438476562,-9.632110595703125,29.971197625439604,43.98624561186509,,QuantData term-structure
2026-08-17T14:40:00-04:00,2026-09-11,25,620.0,put,-0.694013943389817,81.20536804199219,530.37,fixed_strike,73.95744323730469,75.76942443847656,73.95744323730469,77.39067077636719,80.15632629394531,3.4332275390625,1.71661376953125,,,,83.73260498046875,74.10049438476562,-9.632110595703125,29.971197625439604,43.98624561186509,,QuantData term-structure
2026-08-17T14:40:00-04:00,2026-09-11,25,625.0,call,0.2841209937924212,76.15089416503906,530.37,fixed_strike,73.95744323730469,75.76942443847656,73.95744323730469,77.39067077636719,80.15632629394531,3.4332275390625,1.71661376953125,,,,83.73260498046875,74.10049438476562,-9.632110595703125,29.971197625439604,43.98624561186509,,QuantData term-structure
2026-08-17T14:40:00-04:00,2026-09-11,25,630.0,call,0.27199678792537607,75.86479187011719,530.37,fixed_strike,73.95744323730469,75.76942443847656,73.95744323730469,77.39067077636719,80.15632629394531,3.4332275390625,1.71661376953125,,,,83.73260498046875,74.10049438476562,-9.632110595703125,29.971197625439604,43.98624561186509,,QuantData term-structure
2026-08-17T14:40:00-04:00,2026-09-11,25,630.0,put,-0.7232875454564013,80.06095886230469,530.37,fixed_strike,73.95744323730469,75.76942443847656,73.95744323730469,77.39067077636719,80.15632629394531,3.4332275390625,1.71661376953125,,,,83.73260498046875,74.10049438476562,-9.632110595703125,29.971197625439604,43.98624561186509,,QuantData term-structure
2026-08-17T14:40:00-04:00,2026-09-11,25,635.0,call,0.25132215991668005,77.39067077636719,530.37,fixed_strike,73.95744323730469,75.76942443847656,73.95744323730469,77.39067077636719,80.15632629394531,3.4332275390625,1.71661376953125,,,,83.73260498046875,74.10049438476562,-9.632110595703125,29.971197625439604,43.98624561186509,,QuantData term-structure
2026-08-17T14:40:00-04:00,2026-09-11,25,640.0,call,0.21849441874806852,78.43971252441406,530.37,fixed_strike,73.95744323730469,75.76942443847656,73.95744323730469,77.39067077636719,80.15632629394531,3.4332275390625,1.71661376953125,,,,83.73260498046875,74.10049438476562,-9.632110595703125,29.971197625439604,43.98624561186509,,QuantData term-structure
2026-08-17T14:40:00-04:00,2026-09-11,25,645.0,call,0.2082288638519063,78.63044738769531,530.37,fixed_strike,73.95744323730469,75.76942443847656,73.95744323730469,77.39067077636719,80.15632629394531,3.4332275390625,1.71661376953125,,,,83.73260498046875,74.10049438476562,-9.632110595703125,29.971197625439604,43.98624561186509,,QuantData term-structure
2026-08-17T14:40:00-04:00,2026-09-11,25,650.0,call,0.22100865997030156,77.86750793457031,530.37,fixed_strike,73.95744323730469,75.76942443847656,73.95744323730469,77.39067077636719,80.15632629394531,3.4332275390625,1.71661376953125,,,,83.73260498046875,74.10049438476562,-9.632110595703125,29.971197625439604,43.98624561186509,,QuantData term-structure
2026-08-17T14:40:00-04:00,2026-09-11,25,655.0,call,0.22181692618115934,78.24897766113281,530.37,fixed_strike,73.95744323730469,75.76942443847656,73.95744323730469,77.39067077636719,80.15632629394531,3.4332275390625,1.71661376953125,,,,83.73260498046875,74.10049438476562,-9.632110595703125,29.971197625439604,43.98624561186509,,QuantData term-structure
2026-08-17T14:40:00-04:00,2026-09-11,25,660.0,call,0.1948264213865622,77.77214050292969,530.37,fixed_strike,73.95744323730469,75.76942443847656,73.95744323730469,77.39067077636719,80.15632629394531,3.4332275390625,1.71661376953125,,,,83.73260498046875,74.10049438476562,-9.632110595703125,29.971197625439604,43.98624561186509,,QuantData term-structure
2026-08-17T14:40:00-04:00,2026-09-11,25,665.0,call,0.16387358740972674,75.86479187011719,530.37,fixed_strike,73.95744323730469,75.76942443847656,73.95744323730469,77.39067077636719,80.15632629394531,3.4332275390625,1.71661376953125,,,,83.73260498046875,74.10049438476562,-9.632110595703125,29.971197625439604,43.98624561186509,,QuantData term-structure
2026-08-17T14:40:00-04:00,2026-09-11,25,680.0,call,0.16590841581513494,79.01191711425781,530.37,fixed_strike,73.95744323730469,75.76942443847656,73.95744323730469,77.39067077636719,80.15632629394531,3.4332275390625,1.71661376953125,,,,83.73260498046875,74.10049438476562,-9.632110595703125,29.971197625439604,43.98624561186509,,QuantData term-structure
2026-08-17T14:40:00-04:00,2026-09-11,25,685.0,call,0.15485609672894013,76.43699645996094,530.37,fixed_strike,73.95744323730469,75.76942443847656,73.95744323730469,77.39067077636719,80.15632629394531,3.4332275390625,1.71661376953125,,,,83.73260498046875,74.10049438476562,-9.632110595703125,29.971197625439604,43.98624561186509,,QuantData term-structure
2026-08-17T14:40:00-04:00,2026-09-11,25,690.0,call,0.14237806992029778,75.86479187011719,530.37,fixed_strike,73.95744323730469,75.76942443847656,73.95744323730469,77.39067077636719,80.15632629394531,3.4332275390625,1.71661376953125,,,,83.73260498046875,74.10049438476562,-9.632110595703125,29.971197625439604,43.98624561186509,,QuantData term-structure
2026-08-17T14:40:00-04:00,2026-09-11,25,700.0,call,0.13765319948538518,77.77214050292969,530.37,fixed_strike,73.95744323730469,75.76942443847656,73.95744323730469,77.39067077636719,80.15632629394531,3.4332275390625,1.71661376953125,,,,83.73260498046875,74.10049438476562,-9.632110595703125,29.971197625439604,43.98624561186509,,QuantData term-structure
2026-08-17T14:40:00-04:00,2026-09-11,25,735.0,call,0.07202902583864185,80.15632629394531,530.37,fixed_strike,73.95744323730469,75.76942443847656,73.95744323730469,77.39067077636719,80.15632629394531,3.4332275390625,1.71661376953125,,,,83.73260498046875,74.10049438476562,-9.632110595703125,29.971197625439604,43.98624561186509,,QuantData term-structure
2026-08-17T14:40:00-04:00,2026-09-11,25,750.0,call,0.06491293231620071,81.01463317871094,530.37,fixed_strike,73.95744323730469,75.76942443847656,73.95744323730469,77.39067077636719,80.15632629394531,3.4332275390625,1.71661376953125,,,,83.73260498046875,74.10049438476562,-9.632110595703125,29.971197625439604,43.98624561186509,,QuantData term-structure
2026-08-17T14:40:00-04:00,2026-09-11,25,755.0,call,0.06551544885879285,82.54051208496094,530.37,fixed_strike,73.95744323730469,75.76942443847656,73.95744323730469,77.39067077636719,80.15632629394531,3.4332275390625,1.71661376953125,,,,83.73260498046875,74.10049438476562,-9.632110595703125,29.971197625439604,43.98624561186509,,QuantData term-structure
2026-08-17T14:40:00-04:00,2026-09-11,25,760.0,call,0.07118923439690134,86.06910705566406,530.37,fixed_strike,73.95744323730469,75.76942443847656,73.95744323730469,77.39067077636719,80.15632629394531,3.4332275390625,1.71661376953125,,,,83.73260498046875,74.10049438476562,-9.632110595703125,29.971197625439604,43.98624561186509,,QuantData term-structure
2026-08-17T14:40:00-04:00,2026-09-11,25,770.0,call,0.04829103285727876,79.58412170410156,530.37,fixed_strike,73.95744323730469,75.76942443847656,73.95744323730469,77.39067077636719,80.15632629394531,3.4332275390625,1.71661376953125,,,,83.73260498046875,74.10049438476562,-9.632110595703125,29.971197625439604,43.98624561186509,,QuantData term-structure
2026-08-17T14:40:00-04:00,2026-09-18,32,220.0,call,1.0,0.0476837158203125,530.37,fixed_strike,74.10049438476562,76.24626159667969,74.91111755371094,75.10185241699219,77.10456848144531,0.19073486328125,0.9059906005859375,,,,83.73260498046875,74.10049438476562,-9.632110595703125,29.971197625439604,44.129296759326024,,QuantData term-structure
2026-08-17T14:40:00-04:00,2026-09-18,32,240.0,put,-0.003379924750328662,108.95729064941406,530.37,fixed_strike,74.10049438476562,76.24626159667969,74.91111755371094,75.10185241699219,77.10456848144531,0.19073486328125,0.9059906005859375,,,,83.73260498046875,74.10049438476562,-9.632110595703125,29.971197625439604,44.129296759326024,,QuantData term-structure
2026-08-17T14:40:00-04:00,2026-09-18,32,250.0,call,1.0,0.0476837158203125,530.37,fixed_strike,74.10049438476562,76.24626159667969,74.91111755371094,75.10185241699219,77.10456848144531,0.19073486328125,0.9059906005859375,,,,83.73260498046875,74.10049438476562,-9.632110595703125,29.971197625439604,44.129296759326024,,QuantData term-structure
2026-08-17T14:40:00-04:00,2026-09-18,32,250.0,put,-0.006824274390322621,113.53492736816406,530.37,fixed_strike,74.10049438476562,76.24626159667969,74.91111755371094,75.10185241699219,77.10456848144531,0.19073486328125,0.9059906005859375,,,,83.73260498046875,74.10049438476562,-9.632110595703125,29.971197625439604,44.129296759326024,,QuantData term-structure
2026-08-17T14:40:00-04:00,2026-09-18,32,260.0,call,1.0,0.0476837158203125,530.37,fixed_strike,74.10049438476562,76.24626159667969,74.91111755371094,75.10185241699219,77.10456848144531,0.19073486328125,0.9059906005859375,,,,83.73260498046875,74.10049438476562,-9.632110595703125,29.971197625439604,44.129296759326024,,QuantData term-structure
2026-08-17T14:40:00-04:00,2026-09-18,32,260.0,put,-0.0026763949678777423,93.03092956542969,530.37,fixed_strike,74.10049438476562,76.24626159667969,74.91111755371094,75.10185241699219,77.10456848144531,0.19073486328125,0.9059906005859375,,,,83.73260498046875,74.10049438476562,-9.632110595703125,29.971197625439604,44.129296759326024,,QuantData term-structure
2026-08-17T14:40:00-04:00,2026-09-18,32,270.0,put,-0.00411571399605198,91.60041809082031,530.37,fixed_strike,74.10049438476562,76.24626159667969,74.91111755371094,75.10185241699219,77.10456848144531,0.19073486328125,0.9059906005859375,,,,83.73260498046875,74.10049438476562,-9.632110595703125,29.971197625439604,44.129296759326024,,QuantData term-structure
2026-08-17T14:40:00-04:00,2026-09-18,32,280.0,call,1.0,0.0476837158203125,530.37,fixed_strike,74.10049438476562,76.24626159667969,74.91111755371094,75.10185241699219,77.10456848144531,0.19073486328125,0.9059906005859375,,,,83.73260498046875,74.10049438476562,-9.632110595703125,29.971197625439604,44.129296759326024,,QuantData term-structure
2026-08-17T14:40:00-04:00,2026-09-18,32,280.0,put,-0.005468947971758672,92.55409240722656,530.37,fixed_strike,74.10049438476562,76.24626159667969,74.91111755371094,75.10185241699219,77.10456848144531,0.19073486328125,0.9059906005859375,,,,83.73260498046875,74.10049438476562,-9.632110595703125,29.971197625439604,44.129296759326024,,QuantData term-structure
2026-08-17T14:40:00-04:00,2026-09-18,32,290.0,put,-0.00660986971040589,90.36064147949219,530.37,fixed_strike,74.10049438476562,76.24626159667969,74.91111755371094,75.10185241699219,77.10456848144531,0.19073486328125,0.9059906005859375,,,,83.73260498046875,74.10049438476562,-9.632110595703125,29.971197625439604,44.129296759326024,,QuantData term-structure
2026-08-17T14:40:00-04:00,2026-09-18,32,300.0,put,-0.009811030430860674,87.97645568847656,530.37,fixed_strike,74.10049438476562,76.24626159667969,74.91111755371094,75.10185241699219,77.10456848144531,0.19073486328125,0.9059906005859375,,,,83.73260498046875,74.10049438476562,-9.632110595703125,29.971197625439604,44.129296759326024,,QuantData term-structure
2026-08-17T14:40:00-04:00,2026-09-18,32,310.0,put,-0.011127109294703964,85.97373962402344,530.37,fixed_strike,74.10049438476562,76.24626159667969,74.91111755371094,75.10185241699219,77.10456848144531,0.19073486328125,0.9059906005859375,,,,83.73260498046875,74.10049438476562,-9.632110595703125,29.971197625439604,44.129296759326024,,QuantData term-structure
2026-08-17T14:40:00-04:00,2026-09-18,32,320.0,put,-0.01747825100928061,86.25984191894531,530.37,fixed_strike,74.10049438476562,76.24626159667969,74.91111755371094,75.10185241699219,77.10456848144531,0.19073486328125,0.9059906005859375,,,,83.73260498046875,74.10049438476562,-9.632110595703125,29.971197625439604,44.129296759326024,,QuantData term-structure
2026-08-17T14:40:00-04:00,2026-09-18,32,330.0,put,-0.02107956940333079,84.25712585449219,530.37,fixed_strike,74.10049438476562,76.24626159667969,74.91111755371094,75.10185241699219,77.10456848144531,0.19073486328125,0.9059906005859375,,,,83.73260498046875,74.10049438476562,-9.632110595703125,29.971197625439604,44.129296759326024,,QuantData term-structure
2026-08-17T14:40:00-04:00,2026-09-18,32,340.0,call,0.9726096746068862,87.11814880371094,530.37,fixed_strike,74.10049438476562,76.24626159667969,74.91111755371094,75.10185241699219,77.10456848144531,0.19073486328125,0.9059906005859375,,,,83.73260498046875,74.10049438476562,-9.632110595703125,29.971197625439604,44.129296759326024,,QuantData term-structure
2026-08-17T14:40:00-04:00,2026-09-18,32,340.0,put,-0.024858415351886334,82.44514465332031,530.37,fixed_strike,74.10049438476562,76.24626159667969,74.91111755371094,75.10185241699219,77.10456848144531,0.19073486328125,0.9059906005859375,,,,83.73260498046875,74.10049438476562,-9.632110595703125,29.971197625439604,44.129296759326024,,QuantData term-structure
2026-08-17T14:40:00-04:00,2026-09-18,32,350.0,call,0.9921695916262728,64.61143493652344,530.37,fixed_strike,74.10049438476562,76.24626159667969,74.91111755371094,75.10185241699219,77.10456848144531,0.19073486328125,0.9059906005859375,,,,83.73260498046875,74.10049438476562,-9.632110595703125,29.971197625439604,44.129296759326024,,QuantData term-structure
2026-08-17T14:40:00-04:00,2026-09-18,32,350.0,put,-0.03027102919123421,80.25169372558594,530.37,fixed_strike,74.10049438476562,76.24626159667969,74.91111755371094,75.10185241699219,77.10456848144531,0.19073486328125,0.9059906005859375,,,,83.73260498046875,74.10049438476562,-9.632110595703125,29.971197625439604,44.129296759326024,,QuantData term-structure
2026-08-17T14:40:00-04:00,2026-09-18,32,360.0,put,-0.037989194366930705,79.39338684082031,530.37,fixed_strike,74.10049438476562,76.24626159667969,74.91111755371094,75.10185241699219,77.10456848144531,0.19073486328125,0.9059906005859375,,,,83.73260498046875,74.10049438476562,-9.632110595703125,29.971197625439604,44.129296759326024,,QuantData term-structure
2026-08-17T14:40:00-04:00,2026-09-18,32,370.0,call,0.9332542281803142,89.31159973144531,530.37,fixed_strike,74.10049438476562,76.24626159667969,74.91111755371094,75.10185241699219,77.10456848144531,0.19073486328125,0.9059906005859375,,,,83.73260498046875,74.10049438476562,-9.632110595703125,29.971197625439604,44.129296759326024,,QuantData term-structure
2026-08-17T14:40:00-04:00,2026-09-18,32,370.0,put,-0.047051174925333505,78.43971252441406,530.37,fixed_strike,74.10049438476562,76.24626159667969,74.91111755371094,75.10185241699219,77.10456848144531,0.19073486328125,0.9059906005859375,,,,83.73260498046875,74.10049438476562,-9.632110595703125,29.971197625439604,44.129296759326024,,QuantData term-structure
2026-08-17T14:40:00-04:00,2026-09-18,32,380.0,put,-0.053718584527523094,76.15089416503906,530.37,fixed_strike,74.10049438476562,76.24626159667969,74.91111755371094,75.10185241699219,77.10456848144531,0.19073486328125,0.9059906005859375,,,,83.73260498046875,74.10049438476562,-9.632110595703125,29.971197625439604,44.129296759326024,,QuantData term-structure
2026-08-17T14:40:00-04:00,2026-09-18,32,390.0,call,0.9377485848503054,78.82118225097656,530.37,fixed_strike,74.10049438476562,76.24626159667969,74.91111755371094,75.10185241699219,77.10456848144531,0.19073486328125,0.9059906005859375,,,,83.73260498046875,74.10049438476562,-9.632110595703125,29.971197625439604,44.129296759326024,,QuantData term-structure
2026-08-17T14:40:00-04:00,2026-09-18,32,390.0,put,-0.07069296364613586,77.19993591308594,530.37,fixed_strike,74.10049438476562,76.24626159667969,74.91111755371094,75.10185241699219,77.10456848144531,0.19073486328125,0.9059906005859375,,,,83.73260498046875,74.10049438476562,-9.632110595703125,29.971197625439604,44.129296759326024,,QuantData term-structure
2026-08-17T14:40:00-04:00,2026-09-18,32,400.0,call,0.9033878845042912,81.58683776855469,530.37,fixed_strike,74.10049438476562,76.24626159667969,74.91111755371094,75.10185241699219,77.10456848144531,0.19073486328125,0.9059906005859375,,,,83.73260498046875,74.10049438476562,-9.632110595703125,29.971197625439604,44.129296759326024,,QuantData term-structure
2026-08-17T14:40:00-04:00,2026-09-18,32,400.0,put,-0.08521408920203932,77.19993591308594,530.37,fixed_strike,74.10049438476562,76.24626159667969,74.91111755371094,75.10185241699219,77.10456848144531,0.19073486328125,0.9059906005859375,,,,83.73260498046875,74.10049438476562,-9.632110595703125,29.971197625439604,44.129296759326024,,QuantData term-structure
2026-08-17T14:40:00-04:00,2026-09-18,32,410.0,call,0.882344906521505,81.39610290527344,530.37,fixed_strike,74.10049438476562,76.24626159667969,74.91111755371094,75.10185241699219,77.10456848144531,0.19073486328125,0.9059906005859375,,,,83.73260498046875,74.10049438476562,-9.632110595703125,29.971197625439604,44.129296759326024,,QuantData term-structure
2026-08-17T14:40:00-04:00,2026-09-18,32,410.0,put,-0.10208813248603427,76.24626159667969,530.37,fixed_strike,74.10049438476562,76.24626159667969,74.91111755371094,75.10185241699219,77.10456848144531,0.19073486328125,0.9059906005859375,,,,83.73260498046875,74.10049438476562,-9.632110595703125,29.971197625439604,44.129296759326024,,QuantData term-structure
2026-08-17T14:40:00-04:00,2026-09-18,32,420.0,call,0.8802471118516604,76.24626159667969,530.37,fixed_strike,74.10049438476562,76.24626159667969,74.91111755371094,75.10185241699219,77.10456848144531,0.19073486328125,0.9059906005859375,,,,83.73260498046875,74.10049438476562,-9.632110595703125,29.971197625439604,44.129296759326024,,QuantData term-structure
2026-08-17T14:40:00-04:00,2026-09-18,32,420.0,put,-0.12206954865571185,75.96015930175781,530.37,fixed_strike,74.10049438476562,76.24626159667969,74.91111755371094,75.10185241699219,77.10456848144531,0.19073486328125,0.9059906005859375,,,,83.73260498046875,74.10049438476562,-9.632110595703125,29.971197625439604,44.129296759326024,,QuantData term-structure
2026-08-17T14:40:00-04:00,2026-09-18,32,430.0,call,0.8435446308874951,80.25169372558594,530.37,fixed_strike,74.10049438476562,76.24626159667969,74.91111755371094,75.10185241699219,77.10456848144531,0.19073486328125,0.9059906005859375,,,,83.73260498046875,74.10049438476562,-9.632110595703125,29.971197625439604,44.129296759326024,,QuantData term-structure
2026-08-17T14:40:00-04:00,2026-09-18,32,430.0,put,-0.1421945423526252,75.76942443847656,530.37,fixed_strike,74.10049438476562,76.24626159667969,74.91111755371094,75.10185241699219,77.10456848144531,0.19073486328125,0.9059906005859375,,,,83.73260498046875,74.10049438476562,-9.632110595703125,29.971197625439604,44.129296759326024,,QuantData term-structure
2026-08-17T14:40:00-04:00,2026-09-18,32,440.0,call,0.8414853809397436,73.95744323730469,530.37,fixed_strike,74.10049438476562,76.24626159667969,74.91111755371094,75.10185241699219,77.10456848144531,0.19073486328125,0.9059906005859375,,,,83.73260498046875,74.10049438476562,-9.632110595703125,29.971197625439604,44.129296759326024,,QuantData term-structure
2026-08-17T14:40:00-04:00,2026-09-18,32,440.0,put,-0.16594880634517944,75.19721984863281,530.37,fixed_strike,74.10049438476562,76.24626159667969,74.91111755371094,75.10185241699219,77.10456848144531,0.19073486328125,0.9059906005859375,,,,83.73260498046875,74.10049438476562,-9.632110595703125,29.971197625439604,44.129296759326024,,QuantData term-structure
2026-08-17T14:40:00-04:00,2026-09-18,32,450.0,call,0.8262745892009626,73.95744323730469,530.37,fixed_strike,74.10049438476562,76.24626159667969,74.91111755371094,75.10185241699219,77.10456848144531,0.19073486328125,0.9059906005859375,,,,83.73260498046875,74.10049438476562,-9.632110595703125,29.971197625439604,44.129296759326024,,QuantData term-structure
2026-08-17T14:40:00-04:00,2026-09-18,32,450.0,put,-0.19181501540525414,75.00648498535156,530.37,fixed_strike,74.10049438476562,76.24626159667969,74.91111755371094,75.10185241699219,77.10456848144531,0.19073486328125,0.9059906005859375,,,,83.73260498046875,74.10049438476562,-9.632110595703125,29.971197625439604,44.129296759326024,,QuantData term-structure
2026-08-17T14:40:00-04:00,2026-09-18,32,460.0,call,0.7860610069919086,71.09642028808594,530.37,fixed_strike,74.10049438476562,76.24626159667969,74.91111755371094,75.10185241699219,77.10456848144531,0.19073486328125,0.9059906005859375,,,,83.73260498046875,74.10049438476562,-9.632110595703125,29.971197625439604,44.129296759326024,,QuantData term-structure
2026-08-17T14:40:00-04:00,2026-09-18,32,460.0,put,-0.21728452059158426,74.72038269042969,530.37,fixed_strike,74.10049438476562,76.24626159667969,74.91111755371094,75.10185241699219,77.10456848144531,0.19073486328125,0.9059906005859375,,,,83.73260498046875,74.10049438476562,-9.632110595703125,29.971197625439604,44.129296759326024,,QuantData term-structure
2026-08-17T14:40:00-04:00,2026-09-18,32,470.0,call,0.7422053744919015,77.10456848144531,530.37,fixed_strike,74.10049438476562,76.24626159667969,74.91111755371094,75.10185241699219,77.10456848144531,0.19073486328125,0.9059906005859375,,,,83.73260498046875,74.10049438476562,-9.632110595703125,29.971197625439604,44.129296759326024,,QuantData term-structure
2026-08-17T14:40:00-04:00,2026-09-18,32,470.0,put,-0.2552857208114707,74.91111755371094,530.37,fixed_strike,74.10049438476562,76.24626159667969,74.91111755371094,75.10185241699219,77.10456848144531,0.19073486328125,0.9059906005859375,,,,83.73260498046875,74.10049438476562,-9.632110595703125,29.971197625439604,44.129296759326024,,QuantData term-structure
2026-08-17T14:40:00-04:00,2026-09-18,32,480.0,call,0.7233396248090006,72.90840148925781,530.37,fixed_strike,74.10049438476562,76.24626159667969,74.91111755371094,75.10185241699219,77.10456848144531,0.19073486328125,0.9059906005859375,,,,83.73260498046875,74.10049438476562,-9.632110595703125,29.971197625439604,44.129296759326024,,QuantData term-structure
2026-08-17T14:40:00-04:00,2026-09-18,32,480.0,put,-0.27986738323371185,74.24354553222656,530.37,fixed_strike,74.10049438476562,76.24626159667969,74.91111755371094,75.10185241699219,77.10456848144531,0.19073486328125,0.9059906005859375,,,,83.73260498046875,74.10049438476562,-9.632110595703125,29.971197625439604,44.129296759326024,,QuantData term-structure
2026-08-17T14:40:00-04:00,2026-09-18,32,490.0,call,0.6811569186508417,73.76670837402344,530.37,fixed_strike,74.10049438476562,76.24626159667969,74.91111755371094,75.10185241699219,77.10456848144531,0.19073486328125,0.9059906005859375,,,,83.73260498046875,74.10049438476562,-9.632110595703125,29.971197625439604,44.129296759326024,,QuantData term-structure
2026-08-17T14:40:00-04:00,2026-09-18,32,490.0,put,-0.3110599127837935,74.91111755371094,530.37,fixed_strike,74.10049438476562,76.24626159667969,74.91111755371094,75.10185241699219,77.10456848144531,0.19073486328125,0.9059906005859375,,,,83.73260498046875,74.10049438476562,-9.632110595703125,29.971197625439604,44.129296759326024,,QuantData term-structure
2026-08-17T14:40:00-04:00,2026-09-18,32,500.0,call,0.6572055285122307,73.28987121582031,530.37,fixed_strike,74.10049438476562,76.24626159667969,74.91111755371094,75.10185241699219,77.10456848144531,0.19073486328125,0.9059906005859375,,,,83.73260498046875,74.10049438476562,-9.632110595703125,29.971197625439604,44.129296759326024,,QuantData term-structure
2026-08-17T14:40:00-04:00,2026-09-18,32,500.0,put,-0.34352561066634957,74.43428039550781,530.37,fixed_strike,74.10049438476562,76.24626159667969,74.91111755371094,75.10185241699219,77.10456848144531,0.19073486328125,0.9059906005859375,,,,83.73260498046875,74.10049438476562,-9.632110595703125,29.971197625439604,44.129296759326024,,QuantData term-structure
2026-08-17T14:40:00-04:00,2026-09-18,32,510.0,call,0.6403897162706319,73.09913635253906,530.37,fixed_strike,74.10049438476562,76.24626159667969,74.91111755371094,75.10185241699219,77.10456848144531,0.19073486328125,0.9059906005859375,,,,83.73260498046875,74.10049438476562,-9.632110595703125,29.971197625439604,44.129296759326024,,QuantData term-structure
2026-08-17T14:40:00-04:00,2026-09-18,32,510.0,put,-0.38137399081415024,73.95744323730469,530.37,fixed_strike,74.10049438476562,76.24626159667969,74.91111755371094,75.10185241699219,77.10456848144531,0.19073486328125,0.9059906005859375,,,,83.73260498046875,74.10049438476562,-9.632110595703125,29.971197625439604,44.129296759326024,,QuantData term-structure
2026-08-17T14:40:00-04:00,2026-09-18,32,520.0,call,0.5803007134508864,74.43428039550781,530.37,fixed_strike,74.10049438476562,76.24626159667969,74.91111755371094,75.10185241699219,77.10456848144531,0.19073486328125,0.9059906005859375,,,,83.73260498046875,74.10049438476562,-9.632110595703125,29.971197625439604,44.129296759326024,,QuantData term-structure
2026-08-17T14:40:00-04:00,2026-09-18,32,520.0,put,-0.41001135114123877,74.62501525878906,530.37,fixed_strike,74.10049438476562,76.24626159667969,74.91111755371094,75.10185241699219,77.10456848144531,0.19073486328125,0.9059906005859375,,,,83.73260498046875,74.10049438476562,-9.632110595703125,29.971197625439604,44.129296759326024,,QuantData term-structure
2026-08-17T14:40:00-04:00,2026-09-18,32,530.0,call,0.5506044576618703,73.76670837402344,530.37,fixed_strike,74.10049438476562,76.24626159667969,74.91111755371094,75.10185241699219,77.10456848144531,0.19073486328125,0.9059906005859375,,,,83.73260498046875,74.10049438476562,-9.632110595703125,29.971197625439604,44.129296759326024,,QuantData term-structure
2026-08-17T14:40:00-04:00,2026-09-18,32,530.0,put,-0.4437930733068962,74.43428039550781,530.37,fixed_strike,74.10049438476562,76.24626159667969,74.91111755371094,75.10185241699219,77.10456848144531,0.19073486328125,0.9059906005859375,,,,83.73260498046875,74.10049438476562,-9.632110595703125,29.971197625439604,44.129296759326024,,QuantData term-structure
2026-08-17T14:40:00-04:00,2026-09-18,32,540.0,call,0.5203733067391374,73.09913635253906,530.37,fixed_strike,74.10049438476562,76.24626159667969,74.91111755371094,75.10185241699219,77.10456848144531,0.19073486328125,0.9059906005859375,,,,83.73260498046875,74.10049438476562,-9.632110595703125,29.971197625439604,44.129296759326024,,QuantData term-structure
2026-08-17T14:40:00-04:00,2026-09-18,32,540.0,put,-0.48473608340288366,74.72038269042969,530.37,fixed_strike,74.10049438476562,76.24626159667969,74.91111755371094,75.10185241699219,77.10456848144531,0.19073486328125,0.9059906005859375,,,,83.73260498046875,74.10049438476562,-9.632110595703125,29.971197625439604,44.129296759326024,,QuantData term-structure
2026-08-17T14:40:00-04:00,2026-09-18,32,550.0,call,0.47709427245141967,73.67134094238281,530.37,fixed_strike,74.10049438476562,76.24626159667969,74.91111755371094,75.10185241699219,77.10456848144531,0.19073486328125,0.9059906005859375,,,,83.73260498046875,74.10049438476562,-9.632110595703125,29.971197625439604,44.129296759326024,,QuantData term-structure
2026-08-17T14:40:00-04:00,2026-09-18,32,550.0,put,-0.500744539753667,73.86207580566406,530.37,fixed_strike,74.10049438476562,76.24626159667969,74.91111755371094,75.10185241699219,77.10456848144531,0.19073486328125,0.9059906005859375,,,,83.73260498046875,74.10049438476562,-9.632110595703125,29.971197625439604,44.129296759326024,,QuantData term-structure
2026-08-17T14:40:00-04:00,2026-09-18,32,560.0,call,0.4609047767263093,73.76670837402344,530.37,fixed_strike,74.10049438476562,76.24626159667969,74.91111755371094,75.10185241699219,77.10456848144531,0.19073486328125,0.9059906005859375,,,,83.73260498046875,74.10049438476562,-9.632110595703125,29.971197625439604,44.129296759326024,,QuantData term-structure
2026-08-17T14:40:00-04:00,2026-09-18,32,560.0,put,-0.5148204196697173,77.58140563964844,530.37,fixed_strike,74.10049438476562,76.24626159667969,74.91111755371094,75.10185241699219,77.10456848144531,0.19073486328125,0.9059906005859375,,,,83.73260498046875,74.10049438476562,-9.632110595703125,29.971197625439604,44.129296759326024,,QuantData term-structure
2026-08-17T14:40:00-04:00,2026-09-18,32,570.0,call,0.4163225338756344,74.91111755371094,530.37,fixed_strike,74.10049438476562,76.24626159667969,74.91111755371094,75.10185241699219,77.10456848144531,0.19073486328125,0.9059906005859375,,,,83.73260498046875,74.10049438476562,-9.632110595703125,29.971197625439604,44.129296759326024,,QuantData term-structure
2026-08-17T14:40:00-04:00,2026-09-18,32,570.0,put,-0.5544432436816715,75.19721984863281,530.37,fixed_strike,74.10049438476562,76.24626159667969,74.91111755371094,75.10185241699219,77.10456848144531,0.19073486328125,0.9059906005859375,,,,83.73260498046875,74.10049438476562,-9.632110595703125,29.971197625439604,44.129296759326024,,QuantData term-structure
2026-08-17T14:40:00-04:00,2026-09-18,32,580.0,call,0.383873712885167,73.95744323730469,530.37,fixed_strike,74.10049438476562,76.24626159667969,74.91111755371094,75.10185241699219,77.10456848144531,0.19073486328125,0.9059906005859375,,,,83.73260498046875,74.10049438476562,-9.632110595703125,29.971197625439604,44.129296759326024,,QuantData term-structure
2026-08-17T14:40:00-04:00,2026-09-18,32,580.0,put,-0.5486656230826379,76.34162902832031,530.37,fixed_strike,74.10049438476562,76.24626159667969,74.91111755371094,75.10185241699219,77.10456848144531,0.19073486328125,0.9059906005859375,,,,83.73260498046875,74.10049438476562,-9.632110595703125,29.971197625439604,44.129296759326024,,QuantData term-structure
2026-08-17T14:40:00-04:00,2026-09-18,32,590.0,call,0.35991020198985596,74.72038269042969,530.37,fixed_strike,74.10049438476562,76.24626159667969,74.91111755371094,75.10185241699219,77.10456848144531,0.19073486328125,0.9059906005859375,,,,83.73260498046875,74.10049438476562,-9.632110595703125,29.971197625439604,44.129296759326024,,QuantData term-structure
2026-08-17T14:40:00-04:00,2026-09-18,32,590.0,put,-0.6355424859006852,76.34162902832031,530.37,fixed_strike,74.10049438476562,76.24626159667969,74.91111755371094,75.10185241699219,77.10456848144531,0.19073486328125,0.9059906005859375,,,,83.73260498046875,74.10049438476562,-9.632110595703125,29.971197625439604,44.129296759326024,,QuantData term-structure
2026-08-17T14:40:00-04:00,2026-09-18,32,600.0,call,0.3359433297655702,74.05281066894531,530.37,fixed_strike,74.10049438476562,76.24626159667969,74.91111755371094,75.10185241699219,77.10456848144531,0.19073486328125,0.9059906005859375,,,,83.73260498046875,74.10049438476562,-9.632110595703125,29.971197625439604,44.129296759326024,,QuantData term-structure
2026-08-17T14:40:00-04:00,2026-09-18,32,600.0,put,-0.6143428743355831,77.39067077636719,530.37,fixed_strike,74.10049438476562,76.24626159667969,74.91111755371094,75.10185241699219,77.10456848144531,0.19073486328125,0.9059906005859375,,,,83.73260498046875,74.10049438476562,-9.632110595703125,29.971197625439604,44.129296759326024,,QuantData term-structure
2026-08-17T14:40:00-04:00,2026-09-18,32,610.0,call,0.2970039382303276,74.52964782714844,530.37,fixed_strike,74.10049438476562,76.24626159667969,74.91111755371094,75.10185241699219,77.10456848144531,0.19073486328125,0.9059906005859375,,,,83.73260498046875,74.10049438476562,-9.632110595703125,29.971197625439604,44.129296759326024,,QuantData term-structure
2026-08-17T14:40:00-04:00,2026-09-18,32,610.0,put,-0.6300538970685372,77.86750793457031,530.37,fixed_strike,74.10049438476562,76.24626159667969,74.91111755371094,75.10185241699219,77.10456848144531,0.19073486328125,0.9059906005859375,,,,83.73260498046875,74.10049438476562,-9.632110595703125,29.971197625439604,44.129296759326024,,QuantData term-structure
2026-08-17T14:40:00-04:00,2026-09-18,32,620.0,call,0.28401467142732284,75.19721984863281,530.37,fixed_strike,74.10049438476562,76.24626159667969,74.91111755371094,75.10185241699219,77.10456848144531,0.19073486328125,0.9059906005859375,,,,83.73260498046875,74.10049438476562,-9.632110595703125,29.971197625439604,44.129296759326024,,QuantData term-structure
2026-08-17T14:40:00-04:00,2026-09-18,32,630.0,call,0.25223236369190094,75.10185241699219,530.37,fixed_strike,74.10049438476562,76.24626159667969,74.91111755371094,75.10185241699219,77.10456848144531,0.19073486328125,0.9059906005859375,,,,83.73260498046875,74.10049438476562,-9.632110595703125,29.971197625439604,44.129296759326024,,QuantData term-structure
2026-08-17T14:40:00-04:00,2026-09-18,32,640.0,call,0.23093308398594736,75.19721984863281,530.37,fixed_strike,74.10049438476562,76.24626159667969,74.91111755371094,75.10185241699219,77.10456848144531,0.19073486328125,0.9059906005859375,,,,83.73260498046875,74.10049438476562,-9.632110595703125,29.971197625439604,44.129296759326024,,QuantData term-structure
2026-08-17T14:40:00-04:00,2026-09-18,32,650.0,call,0.21710118006551998,75.57868957519531,530.37,fixed_strike,74.10049438476562,76.24626159667969,74.91111755371094,75.10185241699219,77.10456848144531,0.19073486328125,0.9059906005859375,,,,83.73260498046875,74.10049438476562,-9.632110595703125,29.971197625439604,44.129296759326024,,QuantData term-structure
2026-08-17T14:40:00-04:00,2026-09-18,32,650.0,put,-0.7154734198241618,81.68220520019531,530.37,fixed_strike,74.10049438476562,76.24626159667969,74.91111755371094,75.10185241699219,77.10456848144531,0.19073486328125,0.9059906005859375,,,,83.73260498046875,74.10049438476562,-9.632110595703125,29.971197625439604,44.129296759326024,,QuantData term-structure
2026-08-17T14:40:00-04:00,2026-09-18,32,660.0,call,0.1915185610656579,75.86479187011719,530.37,fixed_strike,74.10049438476562,76.24626159667969,74.91111755371094,75.10185241699219,77.10456848144531,0.19073486328125,0.9059906005859375,,,,83.73260498046875,74.10049438476562,-9.632110595703125,29.971197625439604,44.129296759326024,,QuantData term-structure
2026-08-17T14:40:00-04:00,2026-09-18,32,670.0,call,0.2149300499784884,76.53236389160156,530.37,fixed_strike,74.10049438476562,76.24626159667969,74.91111755371094,75.10185241699219,77.10456848144531,0.19073486328125,0.9059906005859375,,,,83.73260498046875,74.10049438476562,-9.632110595703125,29.971197625439604,44.129296759326024,,QuantData term-structure
2026-08-17T14:40:00-04:00,2026-09-18,32,670.0,put,-0.7216348911430104,95.41511535644531,530.37,fixed_strike,74.10049438476562,76.24626159667969,74.91111755371094,75.10185241699219,77.10456848144531,0.19073486328125,0.9059906005859375,,,,83.73260498046875,74.10049438476562,-9.632110595703125,29.971197625439604,44.129296759326024,,QuantData term-structure
2026-08-17T14:40:00-04:00,2026-09-18,32,680.0,call,0.16125434268235866,75.38795471191406,530.37,fixed_strike,74.10049438476562,76.24626159667969,74.91111755371094,75.10185241699219,77.10456848144531,0.19073486328125,0.9059906005859375,,,,83.73260498046875,74.10049438476562,-9.632110595703125,29.971197625439604,44.129296759326024,,QuantData term-structure
2026-08-17T14:40:00-04:00,2026-09-18,32,690.0,call,0.19052383192997902,77.58140563964844,530.37,fixed_strike,74.10049438476562,76.24626159667969,74.91111755371094,75.10185241699219,77.10456848144531,0.19073486328125,0.9059906005859375,,,,83.73260498046875,74.10049438476562,-9.632110595703125,29.971197625439604,44.129296759326024,,QuantData term-structure
2026-08-17T14:40:00-04:00,2026-09-18,32,700.0,call,0.1372685388426318,76.34162902832031,530.37,fixed_strike,74.10049438476562,76.24626159667969,74.91111755371094,75.10185241699219,77.10456848144531,0.19073486328125,0.9059906005859375,,,,83.73260498046875,74.10049438476562,-9.632110595703125,29.971197625439604,44.129296759326024,,QuantData term-structure
2026-08-17T14:40:00-04:00,2026-09-18,32,710.0,call,0.133649828759491,76.53236389160156,530.37,fixed_strike,74.10049438476562,76.24626159667969,74.91111755371094,75.10185241699219,77.10456848144531,0.19073486328125,0.9059906005859375,,,,83.73260498046875,74.10049438476562,-9.632110595703125,29.971197625439604,44.129296759326024,,QuantData term-structure
2026-08-17T14:40:00-04:00,2026-09-18,32,720.0,call,0.12117482101776211,76.53236389160156,530.37,fixed_strike,74.10049438476562,76.24626159667969,74.91111755371094,75.10185241699219,77.10456848144531,0.19073486328125,0.9059906005859375,,,,83.73260498046875,74.10049438476562,-9.632110595703125,29.971197625439604,44.129296759326024,,QuantData term-structure
2026-08-17T14:40:00-04:00,2026-09-18,32,730.0,call,0.1019262096969521,77.10456848144531,530.37,fixed_strike,74.10049438476562,76.24626159667969,74.91111755371094,75.10185241699219,77.10456848144531,0.19073486328125,0.9059906005859375,,,,83.73260498046875,74.10049438476562,-9.632110595703125,29.971197625439604,44.129296759326024,,QuantData term-structure
2026-08-17T14:40:00-04:00,2026-09-18,32,750.0,call,0.08418184793599393,77.77214050292969,530.37,fixed_strike,74.10049438476562,76.24626159667969,74.91111755371094,75.10185241699219,77.10456848144531,0.19073486328125,0.9059906005859375,,,,83.73260498046875,74.10049438476562,-9.632110595703125,29.971197625439604,44.129296759326024,,QuantData term-structure
2026-08-17T14:40:00-04:00,2026-09-18,32,760.0,call,0.08206946849423524,77.67677307128906,530.37,fixed_strike,74.10049438476562,76.24626159667969,74.91111755371094,75.10185241699219,77.10456848144531,0.19073486328125,0.9059906005859375,,,,83.73260498046875,74.10049438476562,-9.632110595703125,29.971197625439604,44.129296759326024,,QuantData term-structure
2026-08-17T14:40:00-04:00,2026-09-18,32,770.0,call,0.08307153090846281,77.77214050292969,530.37,fixed_strike,74.10049438476562,76.24626159667969,74.91111755371094,75.10185241699219,77.10456848144531,0.19073486328125,0.9059906005859375,,,,83.73260498046875,74.10049438476562,-9.632110595703125,29.971197625439604,44.129296759326024,,QuantData term-structure
2026-08-17T14:40:00-04:00,2026-09-18,32,780.0,call,0.08288001418128249,78.91654968261719,530.37,fixed_strike,74.10049438476562,76.24626159667969,74.91111755371094,75.10185241699219,77.10456848144531,0.19073486328125,0.9059906005859375,,,,83.73260498046875,74.10049438476562,-9.632110595703125,29.971197625439604,44.129296759326024,,QuantData term-structure
2026-08-17T14:40:00-04:00,2026-09-18,32,790.0,call,0.07364763245087785,78.24897766113281,530.37,fixed_strike,74.10049438476562,76.24626159667969,74.91111755371094,75.10185241699219,77.10456848144531,0.19073486328125,0.9059906005859375,,,,83.73260498046875,74.10049438476562,-9.632110595703125,29.971197625439604,44.129296759326024,,QuantData term-structure
2026-08-17T14:40:00-04:00,2026-09-18,32,800.0,call,0.05275144613027366,78.82118225097656,530.37,fixed_strike,74.10049438476562,76.24626159667969,74.91111755371094,75.10185241699219,77.10456848144531,0.19073486328125,0.9059906005859375,,,,83.73260498046875,74.10049438476562,-9.632110595703125,29.971197625439604,44.129296759326024,,QuantData term-structure
2026-08-17T14:40:00-04:00,2026-09-18,32,810.0,call,0.06371062558140461,81.30073547363281,530.37,fixed_strike,74.10049438476562,76.24626159667969,74.91111755371094,75.10185241699219,77.10456848144531,0.19073486328125,0.9059906005859375,,,,83.73260498046875,74.10049438476562,-9.632110595703125,29.971197625439604,44.129296759326024,,QuantData term-structure
2026-08-17T14:40:00-04:00,2026-09-18,32,820.0,call,0.04219019527432177,77.77214050292969,530.37,fixed_strike,74.10049438476562,76.24626159667969,74.91111755371094,75.10185241699219,77.10456848144531,0.19073486328125,0.9059906005859375,,,,83.73260498046875,74.10049438476562,-9.632110595703125,29.971197625439604,44.129296759326024,,QuantData term-structure
2026-08-17T14:40:00-04:00,2026-09-18,32,830.0,call,0.048145676490504,80.72853088378906,530.37,fixed_strike,74.10049438476562,76.24626159667969,74.91111755371094,75.10185241699219,77.10456848144531,0.19073486328125,0.9059906005859375,,,,83.73260498046875,74.10049438476562,-9.632110595703125,29.971197625439604,44.129296759326024,,QuantData term-structure
2026-08-17T14:40:00-04:00,2026-09-18,32,850.0,call,0.04150884420296606,82.25440979003906,530.37,fixed_strike,74.10049438476562,76.24626159667969,74.91111755371094,75.10185241699219,77.10456848144531,0.19073486328125,0.9059906005859375,,,,83.73260498046875,74.10049438476562,-9.632110595703125,29.971197625439604,44.129296759326024,,QuantData term-structure
2026-08-17T14:40:00-04:00,2026-09-18,32,930.0,call,0.020933564773049605,84.44786071777344,530.37,fixed_strike,74.10049438476562,76.24626159667969,74.91111755371094,75.10185241699219,77.10456848144531,0.19073486328125,0.9059906005859375,,,,83.73260498046875,74.10049438476562,-9.632110595703125,29.971197625439604,44.129296759326024,,QuantData term-structure
2026-08-17T14:40:00-04:00,2026-09-18,32,960.0,call,0.009570122022294646,80.72853088378906,530.37,fixed_strike,74.10049438476562,76.24626159667969,74.91111755371094,75.10185241699219,77.10456848144531,0.19073486328125,0.9059906005859375,,,,83.73260498046875,74.10049438476562,-9.632110595703125,29.971197625439604,44.129296759326024,,QuantData term-structure
2026-08-17T14:40:00-04:00,2026-09-18,32,980.0,call,0.008073254656988169,81.01463317871094,530.37,fixed_strike,74.10049438476562,76.24626159667969,74.91111755371094,75.10185241699219,77.10456848144531,0.19073486328125,0.9059906005859375,,,,83.73260498046875,74.10049438476562,-9.632110595703125,29.971197625439604,44.129296759326024,,QuantData term-structure
2026-08-17T14:40:00-04:00,2026-09-18,32,1000.0,call,0.012623280327385284,85.87837219238281,530.37,fixed_strike,74.10049438476562,76.24626159667969,74.91111755371094,75.10185241699219,77.10456848144531,0.19073486328125,0.9059906005859375,,,,83.73260498046875,74.10049438476562,-9.632110595703125,29.971197625439604,44.129296759326024,,QuantData term-structure
2026-08-17T14:40:00-04:00,2026-09-18,32,1080.0,call,0.002268773693742444,80.63316345214844,530.37,fixed_strike,74.10049438476562,76.24626159667969,74.91111755371094,75.10185241699219,77.10456848144531,0.19073486328125,0.9059906005859375,,,,83.73260498046875,74.10049438476562,-9.632110595703125,29.971197625439604,44.129296759326024,,QuantData term-structure
2026-08-17T14:40:00-04:00,2026-09-18,32,1100.0,call,0.001771226424607669,80.15632629394531,530.37,fixed_strike,74.10049438476562,76.24626159667969,74.91111755371094,75.10185241699219,77.10456848144531,0.19073486328125,0.9059906005859375,,,,83.73260498046875,74.10049438476562,-9.632110595703125,29.971197625439604,44.129296759326024,,QuantData term-structure
2026-08-17T14:40:00-04:00,2026-09-18,32,1120.0,call,0.0026418752981054506,82.54051208496094,530.37,fixed_strike,74.10049438476562,76.24626159667969,74.91111755371094,75.10185241699219,77.10456848144531,0.19073486328125,0.9059906005859375,,,,83.73260498046875,74.10049438476562,-9.632110595703125,29.971197625439604,44.129296759326024,,QuantData term-structure
2026-08-17T14:40:00-04:00,2026-09-25,39,250.0,put,-0.009786283079591491,109.52949523925781,530.37,fixed_strike,74.33891296386719,76.34162902832031,74.81575012207031,75.57868957519531,76.72309875488281,0.762939453125,0.858306884765625,,,,83.73260498046875,74.10049438476562,-9.632110595703125,29.971197625439604,44.36771533842759,,QuantData term-structure
2026-08-17T14:40:00-04:00,2026-09-25,39,260.0,put,-0.004095913258861809,89.88380432128906,530.37,fixed_strike,74.33891296386719,76.34162902832031,74.81575012207031,75.57868957519531,76.72309875488281,0.762939453125,0.858306884765625,,,,83.73260498046875,74.10049438476562,-9.632110595703125,29.971197625439604,44.36771533842759,,QuantData term-structure
2026-08-17T14:40:00-04:00,2026-09-25,39,290.0,put,-0.011671974981704383,87.88108825683594,530.37,fixed_strike,74.33891296386719,76.34162902832031,74.81575012207031,75.57868957519531,76.72309875488281,0.762939453125,0.858306884765625,,,,83.73260498046875,74.10049438476562,-9.632110595703125,29.971197625439604,44.36771533842759,,QuantData term-structure
2026-08-17T14:40:00-04:00,2026-09-25,39,300.0,put,-0.012209484802472166,87.21351623535156,530.37,fixed_strike,74.33891296386719,76.34162902832031,74.81575012207031,75.57868957519531,76.72309875488281,0.762939453125,0.858306884765625,,,,83.73260498046875,74.10049438476562,-9.632110595703125,29.971197625439604,44.36771533842759,,QuantData term-structure
2026-08-17T14:40:00-04:00,2026-09-25,39,310.0,put,-0.0153682191436529,86.16447448730469,530.37,fixed_strike,74.33891296386719,76.34162902832031,74.81575012207031,75.57868957519531,76.72309875488281,0.762939453125,0.858306884765625,,,,83.73260498046875,74.10049438476562,-9.632110595703125,29.971197625439604,44.36771533842759,,QuantData term-structure
2026-08-17T14:40:00-04:00,2026-09-25,39,320.0,put,-0.016715034972415922,80.06095886230469,530.37,fixed_strike,74.33891296386719,76.34162902832031,74.81575012207031,75.57868957519531,76.72309875488281,0.762939453125,0.858306884765625,,,,83.73260498046875,74.10049438476562,-9.632110595703125,29.971197625439604,44.36771533842759,,QuantData term-structure
2026-08-17T14:40:00-04:00,2026-09-25,39,330.0,put,-0.03513435678650513,87.49961853027344,530.37,fixed_strike,74.33891296386719,76.34162902832031,74.81575012207031,75.57868957519531,76.72309875488281,0.762939453125,0.858306884765625,,,,83.73260498046875,74.10049438476562,-9.632110595703125,29.971197625439604,44.36771533842759,,QuantData term-structure
2026-08-17T14:40:00-04:00,2026-09-25,39,340.0,put,-0.028189802754274934,76.91383361816406,530.37,fixed_strike,74.33891296386719,76.34162902832031,74.81575012207031,75.57868957519531,76.72309875488281,0.762939453125,0.858306884765625,,,,83.73260498046875,74.10049438476562,-9.632110595703125,29.971197625439604,44.36771533842759,,QuantData term-structure
2026-08-17T14:40:00-04:00,2026-09-25,39,350.0,put,-0.03452885631322837,81.58683776855469,530.37,fixed_strike,74.33891296386719,76.34162902832031,74.81575012207031,75.57868957519531,76.72309875488281,0.762939453125,0.858306884765625,,,,83.73260498046875,74.10049438476562,-9.632110595703125,29.971197625439604,44.36771533842759,,QuantData term-structure
2026-08-17T14:40:00-04:00,2026-09-25,39,360.0,call,0.9090387223540168,98.18077087402344,530.37,fixed_strike,74.33891296386719,76.34162902832031,74.81575012207031,75.57868957519531,76.72309875488281,0.762939453125,0.858306884765625,,,,83.73260498046875,74.10049438476562,-9.632110595703125,29.971197625439604,44.36771533842759,,QuantData term-structure
2026-08-17T14:40:00-04:00,2026-09-25,39,360.0,put,-0.04740160433999657,77.39067077636719,530.37,fixed_strike,74.33891296386719,76.34162902832031,74.81575012207031,75.57868957519531,76.72309875488281,0.762939453125,0.858306884765625,,,,83.73260498046875,74.10049438476562,-9.632110595703125,29.971197625439604,44.36771533842759,,QuantData term-structure
2026-08-17T14:40:00-04:00,2026-09-25,39,370.0,put,-0.050526184022481546,78.24897766113281,530.37,fixed_strike,74.33891296386719,76.34162902832031,74.81575012207031,75.57868957519531,76.72309875488281,0.762939453125,0.858306884765625,,,,83.73260498046875,74.10049438476562,-9.632110595703125,29.971197625439604,44.36771533842759,,QuantData term-structure
2026-08-17T14:40:00-04:00,2026-09-25,39,375.0,put,-0.055269262623518056,79.87022399902344,530.37,fixed_strike,74.33891296386719,76.34162902832031,74.81575012207031,75.57868957519531,76.72309875488281,0.762939453125,0.858306884765625,,,,83.73260498046875,74.10049438476562,-9.632110595703125,29.971197625439604,44.36771533842759,,QuantData term-structure
2026-08-17T14:40:00-04:00,2026-09-25,39,380.0,put,-0.06807065701579451,76.15089416503906,530.37,fixed_strike,74.33891296386719,76.34162902832031,74.81575012207031,75.57868957519531,76.72309875488281,0.762939453125,0.858306884765625,,,,83.73260498046875,74.10049438476562,-9.632110595703125,29.971197625439604,44.36771533842759,,QuantData term-structure
2026-08-17T14:40:00-04:00,2026-09-25,39,385.0,put,-0.07480396738259137,75.96015930175781,530.37,fixed_strike,74.33891296386719,76.34162902832031,74.81575012207031,75.57868957519531,76.72309875488281,0.762939453125,0.858306884765625,,,,83.73260498046875,74.10049438476562,-9.632110595703125,29.971197625439604,44.36771533842759,,QuantData term-structure
2026-08-17T14:40:00-04:00,2026-09-25,39,390.0,put,-0.07915705483861135,76.62773132324219,530.37,fixed_strike,74.33891296386719,76.34162902832031,74.81575012207031,75.57868957519531,76.72309875488281,0.762939453125,0.858306884765625,,,,83.73260498046875,74.10049438476562,-9.632110595703125,29.971197625439604,44.36771533842759,,QuantData term-structure
2026-08-17T14:40:00-04:00,2026-09-25,39,395.0,put,-0.08976940586931564,80.06095886230469,530.37,fixed_strike,74.33891296386719,76.34162902832031,74.81575012207031,75.57868957519531,76.72309875488281,0.762939453125,0.858306884765625,,,,83.73260498046875,74.10049438476562,-9.632110595703125,29.971197625439604,44.36771533842759,,QuantData term-structure
2026-08-17T14:40:00-04:00,2026-09-25,39,400.0,call,0.9201230083287153,74.33891296386719,530.37,fixed_strike,74.33891296386719,76.34162902832031,74.81575012207031,75.57868957519531,76.72309875488281,0.762939453125,0.858306884765625,,,,83.73260498046875,74.10049438476562,-9.632110595703125,29.971197625439604,44.36771533842759,,QuantData term-structure
2026-08-17T14:40:00-04:00,2026-09-25,39,400.0,put,-0.09990392547288074,76.34162902832031,530.37,fixed_strike,74.33891296386719,76.34162902832031,74.81575012207031,75.57868957519531,76.72309875488281,0.762939453125,0.858306884765625,,,,83.73260498046875,74.10049438476562,-9.632110595703125,29.971197625439604,44.36771533842759,,QuantData term-structure
2026-08-17T14:40:00-04:00,2026-09-25,39,405.0,put,-0.09925240507222916,79.67948913574219,530.37,fixed_strike,74.33891296386719,76.34162902832031,74.81575012207031,75.57868957519531,76.72309875488281,0.762939453125,0.858306884765625,,,,83.73260498046875,74.10049438476562,-9.632110595703125,29.971197625439604,44.36771533842759,,QuantData term-structure
2026-08-17T14:40:00-04:00,2026-09-25,39,410.0,put,-0.1343675834698198,79.39338684082031,530.37,fixed_strike,74.33891296386719,76.34162902832031,74.81575012207031,75.57868957519531,76.72309875488281,0.762939453125,0.858306884765625,,,,83.73260498046875,74.10049438476562,-9.632110595703125,29.971197625439604,44.36771533842759,,QuantData term-structure
2026-08-17T14:40:00-04:00,2026-09-25,39,415.0,put,-0.13049461823107777,77.19993591308594,530.37,fixed_strike,74.33891296386719,76.34162902832031,74.81575012207031,75.57868957519531,76.72309875488281,0.762939453125,0.858306884765625,,,,83.73260498046875,74.10049438476562,-9.632110595703125,29.971197625439604,44.36771533842759,,QuantData term-structure
2026-08-17T14:40:00-04:00,2026-09-25,39,420.0,put,-0.1379560693901712,74.05281066894531,530.37,fixed_strike,74.33891296386719,76.34162902832031,74.81575012207031,75.57868957519531,76.72309875488281,0.762939453125,0.858306884765625,,,,83.73260498046875,74.10049438476562,-9.632110595703125,29.971197625439604,44.36771533842759,,QuantData term-structure
2026-08-17T14:40:00-04:00,2026-09-25,39,425.0,put,-0.15240014382324624,75.57868957519531,530.37,fixed_strike,74.33891296386719,76.34162902832031,74.81575012207031,75.57868957519531,76.72309875488281,0.762939453125,0.858306884765625,,,,83.73260498046875,74.10049438476562,-9.632110595703125,29.971197625439604,44.36771533842759,,QuantData term-structure
2026-08-17T14:40:00-04:00,2026-09-25,39,430.0,put,-0.15999585159318463,73.86207580566406,530.37,fixed_strike,74.33891296386719,76.34162902832031,74.81575012207031,75.57868957519531,76.72309875488281,0.762939453125,0.858306884765625,,,,83.73260498046875,74.10049438476562,-9.632110595703125,29.971197625439604,44.36771533842759,,QuantData term-structure
2026-08-17T14:40:00-04:00,2026-09-25,39,435.0,put,-0.16471667196118123,72.33619689941406,530.37,fixed_strike,74.33891296386719,76.34162902832031,74.81575012207031,75.57868957519531,76.72309875488281,0.762939453125,0.858306884765625,,,,83.73260498046875,74.10049438476562,-9.632110595703125,29.971197625439604,44.36771533842759,,QuantData term-structure
2026-08-17T14:40:00-04:00,2026-09-25,39,440.0,put,-0.1806585716211186,74.33891296386719,530.37,fixed_strike,74.33891296386719,76.34162902832031,74.81575012207031,75.57868957519531,76.72309875488281,0.762939453125,0.858306884765625,,,,83.73260498046875,74.10049438476562,-9.632110595703125,29.971197625439604,44.36771533842759,,QuantData term-structure
2026-08-17T14:40:00-04:00,2026-09-25,39,445.0,put,-0.1931342911711177,74.24354553222656,530.37,fixed_strike,74.33891296386719,76.34162902832031,74.81575012207031,75.57868957519531,76.72309875488281,0.762939453125,0.858306884765625,,,,83.73260498046875,74.10049438476562,-9.632110595703125,29.971197625439604,44.36771533842759,,QuantData term-structure
2026-08-17T14:40:00-04:00,2026-09-25,39,450.0,call,0.8048879182190116,75.48332214355469,530.37,fixed_strike,74.33891296386719,76.34162902832031,74.81575012207031,75.57868957519531,76.72309875488281,0.762939453125,0.858306884765625,,,,83.73260498046875,74.10049438476562,-9.632110595703125,29.971197625439604,44.36771533842759,,QuantData term-structure
2026-08-17T14:40:00-04:00,2026-09-25,39,450.0,put,-0.20838149743857698,73.57597351074219,530.37,fixed_strike,74.33891296386719,76.34162902832031,74.81575012207031,75.57868957519531,76.72309875488281,0.762939453125,0.858306884765625,,,,83.73260498046875,74.10049438476562,-9.632110595703125,29.971197625439604,44.36771533842759,,QuantData term-structure
2026-08-17T14:40:00-04:00,2026-09-25,39,455.0,call,0.7843339077991373,75.86479187011719,530.37,fixed_strike,74.33891296386719,76.34162902832031,74.81575012207031,75.57868957519531,76.72309875488281,0.762939453125,0.858306884765625,,,,83.73260498046875,74.10049438476562,-9.632110595703125,29.971197625439604,44.36771533842759,,QuantData term-structure
2026-08-17T14:40:00-04:00,2026-09-25,39,455.0,put,-0.2013717882664129,75.10185241699219,530.37,fixed_strike,74.33891296386719,76.34162902832031,74.81575012207031,75.57868957519531,76.72309875488281,0.762939453125,0.858306884765625,,,,83.73260498046875,74.10049438476562,-9.632110595703125,29.971197625439604,44.36771533842759,,QuantData term-structure
2026-08-17T14:40:00-04:00,2026-09-25,39,460.0,call,0.7982340116505672,74.43428039550781,530.37,fixed_strike,74.33891296386719,76.34162902832031,74.81575012207031,75.57868957519531,76.72309875488281,0.762939453125,0.858306884765625,,,,83.73260498046875,74.10049438476562,-9.632110595703125,29.971197625439604,44.36771533842759,,QuantData term-structure
2026-08-17T14:40:00-04:00,2026-09-25,39,460.0,put,-0.2264989472056338,73.57597351074219,530.37,fixed_strike,74.33891296386719,76.34162902832031,74.81575012207031,75.57868957519531,76.72309875488281,0.762939453125,0.858306884765625,,,,83.73260498046875,74.10049438476562,-9.632110595703125,29.971197625439604,44.36771533842759,,QuantData term-structure
2026-08-17T14:40:00-04:00,2026-09-25,39,465.0,put,-0.2453996060281991,74.81575012207031,530.37,fixed_strike,74.33891296386719,76.34162902832031,74.81575012207031,75.57868957519531,76.72309875488281,0.762939453125,0.858306884765625,,,,83.73260498046875,74.10049438476562,-9.632110595703125,29.971197625439604,44.36771533842759,,QuantData term-structure
2026-08-17T14:40:00-04:00,2026-09-25,39,470.0,put,-0.2671442257244716,75.48332214355469,530.37,fixed_strike,74.33891296386719,76.34162902832031,74.81575012207031,75.57868957519531,76.72309875488281,0.762939453125,0.858306884765625,,,,83.73260498046875,74.10049438476562,-9.632110595703125,29.971197625439604,44.36771533842759,,QuantData term-structure
2026-08-17T14:40:00-04:00,2026-09-25,39,475.0,call,0.7610617085704373,75.96015930175781,530.37,fixed_strike,74.33891296386719,76.34162902832031,74.81575012207031,75.57868957519531,76.72309875488281,0.762939453125,0.858306884765625,,,,83.73260498046875,74.10049438476562,-9.632110595703125,29.971197625439604,44.36771533842759,,QuantData term-structure
2026-08-17T14:40:00-04:00,2026-09-25,39,475.0,put,-0.25782039591293415,76.72309875488281,530.37,fixed_strike,74.33891296386719,76.34162902832031,74.81575012207031,75.57868957519531,76.72309875488281,0.762939453125,0.858306884765625,,,,83.73260498046875,74.10049438476562,-9.632110595703125,29.971197625439604,44.36771533842759,,QuantData term-structure
2026-08-17T14:40:00-04:00,2026-09-25,39,480.0,call,0.7169867723615428,73.67134094238281,530.37,fixed_strike,74.33891296386719,76.34162902832031,74.81575012207031,75.57868957519531,76.72309875488281,0.762939453125,0.858306884765625,,,,83.73260498046875,74.10049438476562,-9.632110595703125,29.971197625439604,44.36771533842759,,QuantData term-structure
2026-08-17T14:40:00-04:00,2026-09-25,39,480.0,put,-0.2987167881686348,74.52964782714844,530.37,fixed_strike,74.33891296386719,76.34162902832031,74.81575012207031,75.57868957519531,76.72309875488281,0.762939453125,0.858306884765625,,,,83.73260498046875,74.10049438476562,-9.632110595703125,29.971197625439604,44.36771533842759,,QuantData term-structure
2026-08-17T14:40:00-04:00,2026-09-25,39,485.0,put,-0.28277547788225443,75.10185241699219,530.37,fixed_strike,74.33891296386719,76.34162902832031,74.81575012207031,75.57868957519531,76.72309875488281,0.762939453125,0.858306884765625,,,,83.73260498046875,74.10049438476562,-9.632110595703125,29.971197625439604,44.36771533842759,,QuantData term-structure
2026-08-17T14:40:00-04:00,2026-09-25,39,490.0,call,0.7173667372815604,76.72309875488281,530.37,fixed_strike,74.33891296386719,76.34162902832031,74.81575012207031,75.57868957519531,76.72309875488281,0.762939453125,0.858306884765625,,,,83.73260498046875,74.10049438476562,-9.632110595703125,29.971197625439604,44.36771533842759,,QuantData term-structure
2026-08-17T14:40:00-04:00,2026-09-25,39,490.0,put,-0.32166629943699426,75.48332214355469,530.37,fixed_strike,74.33891296386719,76.34162902832031,74.81575012207031,75.57868957519531,76.72309875488281,0.762939453125,0.858306884765625,,,,83.73260498046875,74.10049438476562,-9.632110595703125,29.971197625439604,44.36771533842759,,QuantData term-structure
2026-08-17T14:40:00-04:00,2026-09-25,39,500.0,call,0.693146519706732,75.76942443847656,530.37,fixed_strike,74.33891296386719,76.34162902832031,74.81575012207031,75.57868957519531,76.72309875488281,0.762939453125,0.858306884765625,,,,83.73260498046875,74.10049438476562,-9.632110595703125,29.971197625439604,44.36771533842759,,QuantData term-structure
2026-08-17T14:40:00-04:00,2026-09-25,39,505.0,call,0.6761540902896068,76.53236389160156,530.37,fixed_strike,74.33891296386719,76.34162902832031,74.81575012207031,75.57868957519531,76.72309875488281,0.762939453125,0.858306884765625,,,,83.73260498046875,74.10049438476562,-9.632110595703125,29.971197625439604,44.36771533842759,,QuantData term-structure
2026-08-17T14:40:00-04:00,2026-09-25,39,510.0,call,0.6558819619655991,78.72581481933594,530.37,fixed_strike,74.33891296386719,76.34162902832031,74.81575012207031,75.57868957519531,76.72309875488281,0.762939453125,0.858306884765625,,,,83.73260498046875,74.10049438476562,-9.632110595703125,29.971197625439604,44.36771533842759,,QuantData term-structure
2026-08-17T14:40:00-04:00,2026-09-25,39,510.0,put,-0.3899463542633128,74.43428039550781,530.37,fixed_strike,74.33891296386719,76.34162902832031,74.81575012207031,75.57868957519531,76.72309875488281,0.762939453125,0.858306884765625,,,,83.73260498046875,74.10049438476562,-9.632110595703125,29.971197625439604,44.36771533842759,,QuantData term-structure
2026-08-17T14:40:00-04:00,2026-09-25,39,515.0,call,0.6225100776905163,75.10185241699219,530.37,fixed_strike,74.33891296386719,76.34162902832031,74.81575012207031,75.57868957519531,76.72309875488281,0.762939453125,0.858306884765625,,,,83.73260498046875,74.10049438476562,-9.632110595703125,29.971197625439604,44.36771533842759,,QuantData term-structure
2026-08-17T14:40:00-04:00,2026-09-25,39,515.0,put,-0.35270541369668984,77.86750793457031,530.37,fixed_strike,74.33891296386719,76.34162902832031,74.81575012207031,75.57868957519531,76.72309875488281,0.762939453125,0.858306884765625,,,,83.73260498046875,74.10049438476562,-9.632110595703125,29.971197625439604,44.36771533842759,,QuantData term-structure
2026-08-17T14:40:00-04:00,2026-09-25,39,520.0,call,0.6081664247162597,75.00648498535156,530.37,fixed_strike,74.33891296386719,76.34162902832031,74.81575012207031,75.57868957519531,76.72309875488281,0.762939453125,0.858306884765625,,,,83.73260498046875,74.10049438476562,-9.632110595703125,29.971197625439604,44.36771533842759,,QuantData term-structure
2026-08-17T14:40:00-04:00,2026-09-25,39,520.0,put,-0.36421332043324695,78.72581481933594,530.37,fixed_strike,74.33891296386719,76.34162902832031,74.81575012207031,75.57868957519531,76.72309875488281,0.762939453125,0.858306884765625,,,,83.73260498046875,74.10049438476562,-9.632110595703125,29.971197625439604,44.36771533842759,,QuantData term-structure
2026-08-17T14:40:00-04:00,2026-09-25,39,525.0,call,0.6230409628117639,76.72309875488281,530.37,fixed_strike,74.33891296386719,76.34162902832031,74.81575012207031,75.57868957519531,76.72309875488281,0.762939453125,0.858306884765625,,,,83.73260498046875,74.10049438476562,-9.632110595703125,29.971197625439604,44.36771533842759,,QuantData term-structure
2026-08-17T14:40:00-04:00,2026-09-25,39,525.0,put,-0.37899246718271,77.10456848144531,530.37,fixed_strike,74.33891296386719,76.34162902832031,74.81575012207031,75.57868957519531,76.72309875488281,0.762939453125,0.858306884765625,,,,83.73260498046875,74.10049438476562,-9.632110595703125,29.971197625439604,44.36771533842759,,QuantData term-structure
2026-08-17T14:40:00-04:00,2026-09-25,39,530.0,call,0.5556946884251888,73.38523864746094,530.37,fixed_strike,74.33891296386719,76.34162902832031,74.81575012207031,75.57868957519531,76.72309875488281,0.762939453125,0.858306884765625,,,,83.73260498046875,74.10049438476562,-9.632110595703125,29.971197625439604,44.36771533842759,,QuantData term-structure
2026-08-17T14:40:00-04:00,2026-09-25,39,530.0,put,-0.43946957638101225,75.29258728027344,530.37,fixed_strike,74.33891296386719,76.34162902832031,74.81575012207031,75.57868957519531,76.72309875488281,0.762939453125,0.858306884765625,,,,83.73260498046875,74.10049438476562,-9.632110595703125,29.971197625439604,44.36771533842759,,QuantData term-structure
2026-08-17T14:40:00-04:00,2026-09-25,39,535.0,call,0.5472125862927308,74.14817810058594,530.37,fixed_strike,74.33891296386719,76.34162902832031,74.81575012207031,75.57868957519531,76.72309875488281,0.762939453125,0.858306884765625,,,,83.73260498046875,74.10049438476562,-9.632110595703125,29.971197625439604,44.36771533842759,,QuantData term-structure
2026-08-17T14:40:00-04:00,2026-09-25,39,535.0,put,-0.40763014806938136,77.58140563964844,530.37,fixed_strike,74.33891296386719,76.34162902832031,74.81575012207031,75.57868957519531,76.72309875488281,0.762939453125,0.858306884765625,,,,83.73260498046875,74.10049438476562,-9.632110595703125,29.971197625439604,44.36771533842759,,QuantData term-structure
2026-08-17T14:40:00-04:00,2026-09-25,39,540.0,call,0.5798105711855135,76.43699645996094,530.37,fixed_strike,74.33891296386719,76.34162902832031,74.81575012207031,75.57868957519531,76.72309875488281,0.762939453125,0.858306884765625,,,,83.73260498046875,74.10049438476562,-9.632110595703125,29.971197625439604,44.36771533842759,,QuantData term-structure
2026-08-17T14:40:00-04:00,2026-09-25,39,540.0,put,-0.4780535165032592,75.48332214355469,530.37,fixed_strike,74.33891296386719,76.34162902832031,74.81575012207031,75.57868957519531,76.72309875488281,0.762939453125,0.858306884765625,,,,83.73260498046875,74.10049438476562,-9.632110595703125,29.971197625439604,44.36771533842759,,QuantData term-structure
2026-08-17T14:40:00-04:00,2026-09-25,39,545.0,call,0.5604031486192034,76.24626159667969,530.37,fixed_strike,74.33891296386719,76.34162902832031,74.81575012207031,75.57868957519531,76.72309875488281,0.762939453125,0.858306884765625,,,,83.73260498046875,74.10049438476562,-9.632110595703125,29.971197625439604,44.36771533842759,,QuantData term-structure
2026-08-17T14:40:00-04:00,2026-09-25,39,545.0,put,-0.4624915672044477,75.29258728027344,530.37,fixed_strike,74.33891296386719,76.34162902832031,74.81575012207031,75.57868957519531,76.72309875488281,0.762939453125,0.858306884765625,,,,83.73260498046875,74.10049438476562,-9.632110595703125,29.971197625439604,44.36771533842759,,QuantData term-structure
2026-08-17T14:40:00-04:00,2026-09-25,39,550.0,call,0.5418763479843995,76.34162902832031,530.37,fixed_strike,74.33891296386719,76.34162902832031,74.81575012207031,75.57868957519531,76.72309875488281,0.762939453125,0.858306884765625,,,,83.73260498046875,74.10049438476562,-9.632110595703125,29.971197625439604,44.36771533842759,,QuantData term-structure
2026-08-17T14:40:00-04:00,2026-09-25,39,550.0,put,-0.4671221040277264,78.63044738769531,530.37,fixed_strike,74.33891296386719,76.34162902832031,74.81575012207031,75.57868957519531,76.72309875488281,0.762939453125,0.858306884765625,,,,83.73260498046875,74.10049438476562,-9.632110595703125,29.971197625439604,44.36771533842759,,QuantData term-structure
2026-08-17T14:40:00-04:00,2026-09-25,39,555.0,call,0.47855239080087664,74.72038269042969,530.37,fixed_strike,74.33891296386719,76.34162902832031,74.81575012207031,75.57868957519531,76.72309875488281,0.762939453125,0.858306884765625,,,,83.73260498046875,74.10049438476562,-9.632110595703125,29.971197625439604,44.36771533842759,,QuantData term-structure
2026-08-17T14:40:00-04:00,2026-09-25,39,560.0,call,0.46402247675460695,73.67134094238281,530.37,fixed_strike,74.33891296386719,76.34162902832031,74.81575012207031,75.57868957519531,76.72309875488281,0.762939453125,0.858306884765625,,,,83.73260498046875,74.10049438476562,-9.632110595703125,29.971197625439604,44.36771533842759,,QuantData term-structure
2026-08-17T14:40:00-04:00,2026-09-25,39,565.0,call,0.4512221549949721,75.29258728027344,530.37,fixed_strike,74.33891296386719,76.34162902832031,74.81575012207031,75.57868957519531,76.72309875488281,0.762939453125,0.858306884765625,,,,83.73260498046875,74.10049438476562,-9.632110595703125,29.971197625439604,44.36771533842759,,QuantData term-structure
2026-08-17T14:40:00-04:00,2026-09-25,39,565.0,put,-0.5030147277211998,80.53779602050781,530.37,fixed_strike,74.33891296386719,76.34162902832031,74.81575012207031,75.57868957519531,76.72309875488281,0.762939453125,0.858306884765625,,,,83.73260498046875,74.10049438476562,-9.632110595703125,29.971197625439604,44.36771533842759,,QuantData term-structure
2026-08-17T14:40:00-04:00,2026-09-25,39,570.0,call,0.48605272087636325,75.76942443847656,530.37,fixed_strike,74.33891296386719,76.34162902832031,74.81575012207031,75.57868957519531,76.72309875488281,0.762939453125,0.858306884765625,,,,83.73260498046875,74.10049438476562,-9.632110595703125,29.971197625439604,44.36771533842759,,QuantData term-structure
2026-08-17T14:40:00-04:00,2026-09-25,39,575.0,put,-0.536680990028144,79.67948913574219,530.37,fixed_strike,74.33891296386719,76.34162902832031,74.81575012207031,75.57868957519531,76.72309875488281,0.762939453125,0.858306884765625,,,,83.73260498046875,74.10049438476562,-9.632110595703125,29.971197625439604,44.36771533842759,,QuantData term-structure
2026-08-17T14:40:00-04:00,2026-09-25,39,580.0,call,0.4670191118064413,75.38795471191406,530.37,fixed_strike,74.33891296386719,76.34162902832031,74.81575012207031,75.57868957519531,76.72309875488281,0.762939453125,0.858306884765625,,,,83.73260498046875,74.10049438476562,-9.632110595703125,29.971197625439604,44.36771533842759,,QuantData term-structure
2026-08-17T14:40:00-04:00,2026-09-25,39,585.0,call,0.41971980463713765,82.54051208496094,530.37,fixed_strike,74.33891296386719,76.34162902832031,74.81575012207031,75.57868957519531,76.72309875488281,0.762939453125,0.858306884765625,,,,83.73260498046875,74.10049438476562,-9.632110595703125,29.971197625439604,44.36771533842759,,QuantData term-structure
2026-08-17T14:40:00-04:00,2026-09-25,39,590.0,call,0.4217451817997862,74.81575012207031,530.37,fixed_strike,74.33891296386719,76.34162902832031,74.81575012207031,75.57868957519531,76.72309875488281,0.762939453125,0.858306884765625,,,,83.73260498046875,74.10049438476562,-9.632110595703125,29.971197625439604,44.36771533842759,,QuantData term-structure
2026-08-17T14:40:00-04:00,2026-09-25,39,595.0,call,0.37361538350622325,75.00648498535156,530.37,fixed_strike,74.33891296386719,76.34162902832031,74.81575012207031,75.57868957519531,76.72309875488281,0.762939453125,0.858306884765625,,,,83.73260498046875,74.10049438476562,-9.632110595703125,29.971197625439604,44.36771533842759,,QuantData term-structure
2026-08-17T14:40:00-04:00,2026-09-25,39,600.0,call,0.35016761657141743,75.10185241699219,530.37,fixed_strike,74.33891296386719,76.34162902832031,74.81575012207031,75.57868957519531,76.72309875488281,0.762939453125,0.858306884765625,,,,83.73260498046875,74.10049438476562,-9.632110595703125,29.971197625439604,44.36771533842759,,QuantData term-structure
2026-08-17T14:40:00-04:00,2026-09-25,39,600.0,put,-0.6436187682810514,76.72309875488281,530.37,fixed_strike,74.33891296386719,76.34162902832031,74.81575012207031,75.57868957519531,76.72309875488281,0.762939453125,0.858306884765625,,,,83.73260498046875,74.10049438476562,-9.632110595703125,29.971197625439604,44.36771533842759,,QuantData term-structure
2026-08-17T14:40:00-04:00,2026-09-25,39,605.0,call,0.39306434897518694,74.62501525878906,530.37,fixed_strike,74.33891296386719,76.34162902832031,74.81575012207031,75.57868957519531,76.72309875488281,0.762939453125,0.858306884765625,,,,83.73260498046875,74.10049438476562,-9.632110595703125,29.971197625439604,44.36771533842759,,QuantData term-structure
2026-08-17T14:40:00-04:00,2026-09-25,39,615.0,call,0.33188597528049313,77.00920104980469,530.37,fixed_strike,74.33891296386719,76.34162902832031,74.81575012207031,75.57868957519531,76.72309875488281,0.762939453125,0.858306884765625,,,,83.73260498046875,74.10049438476562,-9.632110595703125,29.971197625439604,44.36771533842759,,QuantData term-structure
2026-08-17T14:40:00-04:00,2026-09-25,39,620.0,call,0.30839892408535674,76.24626159667969,530.37,fixed_strike,74.33891296386719,76.34162902832031,74.81575012207031,75.57868957519531,76.72309875488281,0.762939453125,0.858306884765625,,,,83.73260498046875,74.10049438476562,-9.632110595703125,29.971197625439604,44.36771533842759,,QuantData term-structure
2026-08-17T14:40:00-04:00,2026-09-25,39,640.0,call,0.2959945266791633,77.19993591308594,530.37,fixed_strike,74.33891296386719,76.34162902832031,74.81575012207031,75.57868957519531,76.72309875488281,0.762939453125,0.858306884765625,,,,83.73260498046875,74.10049438476562,-9.632110595703125,29.971197625439604,44.36771533842759,,QuantData term-structure
2026-08-17T14:40:00-04:00,2026-09-25,39,650.0,call,0.2539666998051826,75.57868957519531,530.37,fixed_strike,74.33891296386719,76.34162902832031,74.81575012207031,75.57868957519531,76.72309875488281,0.762939453125,0.858306884765625,,,,83.73260498046875,74.10049438476562,-9.632110595703125,29.971197625439604,44.36771533842759,,QuantData term-structure
2026-08-17T14:40:00-04:00,2026-09-25,39,700.0,call,0.16954299674005102,76.43699645996094,530.37,fixed_strike,74.33891296386719,76.34162902832031,74.81575012207031,75.57868957519531,76.72309875488281,0.762939453125,0.858306884765625,,,,83.73260498046875,74.10049438476562,-9.632110595703125,29.971197625439604,44.36771533842759,,QuantData term-structure
2026-08-17T14:40:00-04:00,2026-09-25,39,710.0,call,0.16750434444345141,76.72309875488281,530.37,fixed_strike,74.33891296386719,76.34162902832031,74.81575012207031,75.57868957519531,76.72309875488281,0.762939453125,0.858306884765625,,,,83.73260498046875,74.10049438476562,-9.632110595703125,29.971197625439604,44.36771533842759,,QuantData term-structure
2026-08-17T14:40:00-04:00,2026-09-25,39,715.0,call,0.18139185180337952,77.39067077636719,530.37,fixed_strike,74.33891296386719,76.34162902832031,74.81575012207031,75.57868957519531,76.72309875488281,0.762939453125,0.858306884765625,,,,83.73260498046875,74.10049438476562,-9.632110595703125,29.971197625439604,44.36771533842759,,QuantData term-structure
2026-08-17T14:40:00-04:00,2026-10-02,46,250.0,put,-0.004005697531830212,87.97645568847656,530.37,fixed_strike,75.19721984863281,77.67677307128906,75.19721984863281,76.05552673339844,78.05824279785156,0.858306884765625,0.4291534423828125,,,,83.73260498046875,74.10049438476562,-9.632110595703125,29.971197625439604,45.22602222319321,,QuantData term-structure
2026-08-17T14:40:00-04:00,2026-10-02,46,260.0,put,-0.014254336648784708,102.18620300292969,530.37,fixed_strike,75.19721984863281,77.67677307128906,75.19721984863281,76.05552673339844,78.05824279785156,0.858306884765625,0.4291534423828125,,,,83.73260498046875,74.10049438476562,-9.632110595703125,29.971197625439604,45.22602222319321,,QuantData term-structure
2026-08-17T14:40:00-04:00,2026-10-02,46,280.0,call,1.0,0.0476837158203125,530.37,fixed_strike,75.19721984863281,77.67677307128906,75.19721984863281,76.05552673339844,78.05824279785156,0.858306884765625,0.4291534423828125,,,,83.73260498046875,74.10049438476562,-9.632110595703125,29.971197625439604,45.22602222319321,,QuantData term-structure
2026-08-17T14:40:00-04:00,2026-10-02,46,320.0,put,-0.02430091535503874,80.63316345214844,530.37,fixed_strike,75.19721984863281,77.67677307128906,75.19721984863281,76.05552673339844,78.05824279785156,0.858306884765625,0.4291534423828125,,,,83.73260498046875,74.10049438476562,-9.632110595703125,29.971197625439604,45.22602222319321,,QuantData term-structure
2026-08-17T14:40:00-04:00,2026-10-02,46,330.0,put,-0.031107729443334443,80.53779602050781,530.37,fixed_strike,75.19721984863281,77.67677307128906,75.19721984863281,76.05552673339844,78.05824279785156,0.858306884765625,0.4291534423828125,,,,83.73260498046875,74.10049438476562,-9.632110595703125,29.971197625439604,45.22602222319321,,QuantData term-structure
2026-08-17T14:40:00-04:00,2026-10-02,46,355.0,put,-0.05850191114938419,80.06095886230469,530.37,fixed_strike,75.19721984863281,77.67677307128906,75.19721984863281,76.05552673339844,78.05824279785156,0.858306884765625,0.4291534423828125,,,,83.73260498046875,74.10049438476562,-9.632110595703125,29.971197625439604,45.22602222319321,,QuantData term-structure
2026-08-17T14:40:00-04:00,2026-10-02,46,365.0,put,-0.0735121499539989,82.54051208496094,530.37,fixed_strike,75.19721984863281,77.67677307128906,75.19721984863281,76.05552673339844,78.05824279785156,0.858306884765625,0.4291534423828125,,,,83.73260498046875,74.10049438476562,-9.632110595703125,29.971197625439604,45.22602222319321,,QuantData term-structure
2026-08-17T14:40:00-04:00,2026-10-02,46,375.0,call,0.937853397990998,75.57868957519531,530.37,fixed_strike,75.19721984863281,77.67677307128906,75.19721984863281,76.05552673339844,78.05824279785156,0.858306884765625,0.4291534423828125,,,,83.73260498046875,74.10049438476562,-9.632110595703125,29.971197625439604,45.22602222319321,,QuantData term-structure
2026-08-17T14:40:00-04:00,2026-10-02,46,380.0,call,0.9320039857569049,75.48332214355469,530.37,fixed_strike,75.19721984863281,77.67677307128906,75.19721984863281,76.05552673339844,78.05824279785156,0.858306884765625,0.4291534423828125,,,,83.73260498046875,74.10049438476562,-9.632110595703125,29.971197625439604,45.22602222319321,,QuantData term-structure
2026-08-17T14:40:00-04:00,2026-10-02,46,380.0,put,-0.08798479529882763,78.24897766113281,530.37,fixed_strike,75.19721984863281,77.67677307128906,75.19721984863281,76.05552673339844,78.05824279785156,0.858306884765625,0.4291534423828125,,,,83.73260498046875,74.10049438476562,-9.632110595703125,29.971197625439604,45.22602222319321,,QuantData term-structure
2026-08-17T14:40:00-04:00,2026-10-02,46,385.0,call,0.9245420101340038,75.86479187011719,530.37,fixed_strike,75.19721984863281,77.67677307128906,75.19721984863281,76.05552673339844,78.05824279785156,0.858306884765625,0.4291534423828125,,,,83.73260498046875,74.10049438476562,-9.632110595703125,29.971197625439604,45.22602222319321,,QuantData term-structure
2026-08-17T14:40:00-04:00,2026-10-02,46,390.0,call,0.9162257271221915,76.43699645996094,530.37,fixed_strike,75.19721984863281,77.67677307128906,75.19721984863281,76.05552673339844,78.05824279785156,0.858306884765625,0.4291534423828125,,,,83.73260498046875,74.10049438476562,-9.632110595703125,29.971197625439604,45.22602222319321,,QuantData term-structure
2026-08-17T14:40:00-04:00,2026-10-02,46,395.0,call,0.9087796890870401,76.43699645996094,530.37,fixed_strike,75.19721984863281,77.67677307128906,75.19721984863281,76.05552673339844,78.05824279785156,0.858306884765625,0.4291534423828125,,,,83.73260498046875,74.10049438476562,-9.632110595703125,29.971197625439604,45.22602222319321,,QuantData term-structure
2026-08-17T14:40:00-04:00,2026-10-02,46,395.0,put,-0.09345909704371158,77.67677307128906,530.37,fixed_strike,75.19721984863281,77.67677307128906,75.19721984863281,76.05552673339844,78.05824279785156,0.858306884765625,0.4291534423828125,,,,83.73260498046875,74.10049438476562,-9.632110595703125,29.971197625439604,45.22602222319321,,QuantData term-structure
2026-08-17T14:40:00-04:00,2026-10-02,46,400.0,call,0.902286412442799,75.86479187011719,530.37,fixed_strike,75.19721984863281,77.67677307128906,75.19721984863281,76.05552673339844,78.05824279785156,0.858306884765625,0.4291534423828125,,,,83.73260498046875,74.10049438476562,-9.632110595703125,29.971197625439604,45.22602222319321,,QuantData term-structure
2026-08-17T14:40:00-04:00,2026-10-02,46,400.0,put,-0.12005217154464143,76.15089416503906,530.37,fixed_strike,75.19721984863281,77.67677307128906,75.19721984863281,76.05552673339844,78.05824279785156,0.858306884765625,0.4291534423828125,,,,83.73260498046875,74.10049438476562,-9.632110595703125,29.971197625439604,45.22602222319321,,QuantData term-structure
2026-08-17T14:40:00-04:00,2026-10-02,46,405.0,call,0.8927597998859875,76.34162902832031,530.37,fixed_strike,75.19721984863281,77.67677307128906,75.19721984863281,76.05552673339844,78.05824279785156,0.858306884765625,0.4291534423828125,,,,83.73260498046875,74.10049438476562,-9.632110595703125,29.971197625439604,45.22602222319321,,QuantData term-structure
2026-08-17T14:40:00-04:00,2026-10-02,46,410.0,put,-0.1275806945134299,79.67948913574219,530.37,fixed_strike,75.19721984863281,77.67677307128906,75.19721984863281,76.05552673339844,78.05824279785156,0.858306884765625,0.4291534423828125,,,,83.73260498046875,74.10049438476562,-9.632110595703125,29.971197625439604,45.22602222319321,,QuantData term-structure
2026-08-17T14:40:00-04:00,2026-10-02,46,415.0,put,-0.136581172294846,76.53236389160156,530.37,fixed_strike,75.19721984863281,77.67677307128906,75.19721984863281,76.05552673339844,78.05824279785156,0.858306884765625,0.4291534423828125,,,,83.73260498046875,74.10049438476562,-9.632110595703125,29.971197625439604,45.22602222319321,,QuantData term-structure
2026-08-17T14:40:00-04:00,2026-10-02,46,420.0,put,-0.15391276487258793,76.05552673339844,530.37,fixed_strike,75.19721984863281,77.67677307128906,75.19721984863281,76.05552673339844,78.05824279785156,0.858306884765625,0.4291534423828125,,,,83.73260498046875,74.10049438476562,-9.632110595703125,29.971197625439604,45.22602222319321,,QuantData term-structure
2026-08-17T14:40:00-04:00,2026-10-02,46,425.0,put,-0.16299333485632783,73.95744323730469,530.37,fixed_strike,75.19721984863281,77.67677307128906,75.19721984863281,76.05552673339844,78.05824279785156,0.858306884765625,0.4291534423828125,,,,83.73260498046875,74.10049438476562,-9.632110595703125,29.971197625439604,45.22602222319321,,QuantData term-structure
2026-08-17T14:40:00-04:00,2026-10-02,46,430.0,put,-0.1741958006192743,73.86207580566406,530.37,fixed_strike,75.19721984863281,77.67677307128906,75.19721984863281,76.05552673339844,78.05824279785156,0.858306884765625,0.4291534423828125,,,,83.73260498046875,74.10049438476562,-9.632110595703125,29.971197625439604,45.22602222319321,,QuantData term-structure
2026-08-17T14:40:00-04:00,2026-10-02,46,435.0,put,-0.18441688413112606,75.57868957519531,530.37,fixed_strike,75.19721984863281,77.67677307128906,75.19721984863281,76.05552673339844,78.05824279785156,0.858306884765625,0.4291534423828125,,,,83.73260498046875,74.10049438476562,-9.632110595703125,29.971197625439604,45.22602222319321,,QuantData term-structure
2026-08-17T14:40:00-04:00,2026-10-02,46,440.0,put,-0.18500273335699052,77.96287536621094,530.37,fixed_strike,75.19721984863281,77.67677307128906,75.19721984863281,76.05552673339844,78.05824279785156,0.858306884765625,0.4291534423828125,,,,83.73260498046875,74.10049438476562,-9.632110595703125,29.971197625439604,45.22602222319321,,QuantData term-structure
2026-08-17T14:40:00-04:00,2026-10-02,46,445.0,put,-0.1980623767221078,75.00648498535156,530.37,fixed_strike,75.19721984863281,77.67677307128906,75.19721984863281,76.05552673339844,78.05824279785156,0.858306884765625,0.4291534423828125,,,,83.73260498046875,74.10049438476562,-9.632110595703125,29.971197625439604,45.22602222319321,,QuantData term-structure
2026-08-17T14:40:00-04:00,2026-10-02,46,450.0,put,-0.2201406647649809,74.52964782714844,530.37,fixed_strike,75.19721984863281,77.67677307128906,75.19721984863281,76.05552673339844,78.05824279785156,0.858306884765625,0.4291534423828125,,,,83.73260498046875,74.10049438476562,-9.632110595703125,29.971197625439604,45.22602222319321,,QuantData term-structure
2026-08-17T14:40:00-04:00,2026-10-02,46,460.0,put,-0.23943942157358833,79.29801940917969,530.37,fixed_strike,75.19721984863281,77.67677307128906,75.19721984863281,76.05552673339844,78.05824279785156,0.858306884765625,0.4291534423828125,,,,83.73260498046875,74.10049438476562,-9.632110595703125,29.971197625439604,45.22602222319321,,QuantData term-structure
2026-08-17T14:40:00-04:00,2026-10-02,46,470.0,put,-0.2586848012838586,75.19721984863281,530.37,fixed_strike,75.19721984863281,77.67677307128906,75.19721984863281,76.05552673339844,78.05824279785156,0.858306884765625,0.4291534423828125,,,,83.73260498046875,74.10049438476562,-9.632110595703125,29.971197625439604,45.22602222319321,,QuantData term-structure
2026-08-17T14:40:00-04:00,2026-10-02,46,480.0,put,-0.30140375107565903,76.15089416503906,530.37,fixed_strike,75.19721984863281,77.67677307128906,75.19721984863281,76.05552673339844,78.05824279785156,0.858306884765625,0.4291534423828125,,,,83.73260498046875,74.10049438476562,-9.632110595703125,29.971197625439604,45.22602222319321,,QuantData term-structure
2026-08-17T14:40:00-04:00,2026-10-02,46,485.0,put,-0.2823144309115635,76.15089416503906,530.37,fixed_strike,75.19721984863281,77.67677307128906,75.19721984863281,76.05552673339844,78.05824279785156,0.858306884765625,0.4291534423828125,,,,83.73260498046875,74.10049438476562,-9.632110595703125,29.971197625439604,45.22602222319321,,QuantData term-structure
2026-08-17T14:40:00-04:00,2026-10-02,46,490.0,call,0.7050466793664075,74.91111755371094,530.37,fixed_strike,75.19721984863281,77.67677307128906,75.19721984863281,76.05552673339844,78.05824279785156,0.858306884765625,0.4291534423828125,,,,83.73260498046875,74.10049438476562,-9.632110595703125,29.971197625439604,45.22602222319321,,QuantData term-structure
2026-08-17T14:40:00-04:00,2026-10-02,46,490.0,put,-0.32796039740968974,75.67405700683594,530.37,fixed_strike,75.19721984863281,77.67677307128906,75.19721984863281,76.05552673339844,78.05824279785156,0.858306884765625,0.4291534423828125,,,,83.73260498046875,74.10049438476562,-9.632110595703125,29.971197625439604,45.22602222319321,,QuantData term-structure
2026-08-17T14:40:00-04:00,2026-10-02,46,495.0,put,-0.3421324135604171,75.00648498535156,530.37,fixed_strike,75.19721984863281,77.67677307128906,75.19721984863281,76.05552673339844,78.05824279785156,0.858306884765625,0.4291534423828125,,,,83.73260498046875,74.10049438476562,-9.632110595703125,29.971197625439604,45.22602222319321,,QuantData term-structure
2026-08-17T14:40:00-04:00,2026-10-02,46,500.0,call,0.6644461003313874,76.81846618652344,530.37,fixed_strike,75.19721984863281,77.67677307128906,75.19721984863281,76.05552673339844,78.05824279785156,0.858306884765625,0.4291534423828125,,,,83.73260498046875,74.10049438476562,-9.632110595703125,29.971197625439604,45.22602222319321,,QuantData term-structure
2026-08-17T14:40:00-04:00,2026-10-02,46,500.0,put,-0.35132049848328806,75.76942443847656,530.37,fixed_strike,75.19721984863281,77.67677307128906,75.19721984863281,76.05552673339844,78.05824279785156,0.858306884765625,0.4291534423828125,,,,83.73260498046875,74.10049438476562,-9.632110595703125,29.971197625439604,45.22602222319321,,QuantData term-structure
2026-08-17T14:40:00-04:00,2026-10-02,46,510.0,call,0.6336093897611839,76.05552673339844,530.37,fixed_strike,75.19721984863281,77.67677307128906,75.19721984863281,76.05552673339844,78.05824279785156,0.858306884765625,0.4291534423828125,,,,83.73260498046875,74.10049438476562,-9.632110595703125,29.971197625439604,45.22602222319321,,QuantData term-structure
2026-08-17T14:40:00-04:00,2026-10-02,46,520.0,call,0.6145860540987031,76.81846618652344,530.37,fixed_strike,75.19721984863281,77.67677307128906,75.19721984863281,76.05552673339844,78.05824279785156,0.858306884765625,0.4291534423828125,,,,83.73260498046875,74.10049438476562,-9.632110595703125,29.971197625439604,45.22602222319321,,QuantData term-structure
2026-08-17T14:40:00-04:00,2026-10-02,46,525.0,call,0.6130054343897511,75.29258728027344,530.37,fixed_strike,75.19721984863281,77.67677307128906,75.19721984863281,76.05552673339844,78.05824279785156,0.858306884765625,0.4291534423828125,,,,83.73260498046875,74.10049438476562,-9.632110595703125,29.971197625439604,45.22602222319321,,QuantData term-structure
2026-08-17T14:40:00-04:00,2026-10-02,46,530.0,call,0.5723672392220444,74.14817810058594,530.37,fixed_strike,75.19721984863281,77.67677307128906,75.19721984863281,76.05552673339844,78.05824279785156,0.858306884765625,0.4291534423828125,,,,83.73260498046875,74.10049438476562,-9.632110595703125,29.971197625439604,45.22602222319321,,QuantData term-structure
2026-08-17T14:40:00-04:00,2026-10-02,46,530.0,put,-0.4057320930183901,76.24626159667969,530.37,fixed_strike,75.19721984863281,77.67677307128906,75.19721984863281,76.05552673339844,78.05824279785156,0.858306884765625,0.4291534423828125,,,,83.73260498046875,74.10049438476562,-9.632110595703125,29.971197625439604,45.22602222319321,,QuantData term-structure
2026-08-17T14:40:00-04:00,2026-10-02,46,535.0,call,0.5578843393452704,75.29258728027344,530.37,fixed_strike,75.19721984863281,77.67677307128906,75.19721984863281,76.05552673339844,78.05824279785156,0.858306884765625,0.4291534423828125,,,,83.73260498046875,74.10049438476562,-9.632110595703125,29.971197625439604,45.22602222319321,,QuantData term-structure
2026-08-17T14:40:00-04:00,2026-10-02,46,535.0,put,-0.40735920022914157,84.63859558105469,530.37,fixed_strike,75.19721984863281,77.67677307128906,75.19721984863281,76.05552673339844,78.05824279785156,0.858306884765625,0.4291534423828125,,,,83.73260498046875,74.10049438476562,-9.632110595703125,29.971197625439604,45.22602222319321,,QuantData term-structure
2026-08-17T14:40:00-04:00,2026-10-02,46,540.0,call,0.5333296893245631,74.81575012207031,530.37,fixed_strike,75.19721984863281,77.67677307128906,75.19721984863281,76.05552673339844,78.05824279785156,0.858306884765625,0.4291534423828125,,,,83.73260498046875,74.10049438476562,-9.632110595703125,29.971197625439604,45.22602222319321,,QuantData term-structure
2026-08-17T14:40:00-04:00,2026-10-02,46,540.0,put,-0.464533077200042,74.14817810058594,530.37,fixed_strike,75.19721984863281,77.67677307128906,75.19721984863281,76.05552673339844,78.05824279785156,0.858306884765625,0.4291534423828125,,,,83.73260498046875,74.10049438476562,-9.632110595703125,29.971197625439604,45.22602222319321,,QuantData term-structure
2026-08-17T14:40:00-04:00,2026-10-02,46,545.0,call,0.570880304551231,81.20536804199219,530.37,fixed_strike,75.19721984863281,77.67677307128906,75.19721984863281,76.05552673339844,78.05824279785156,0.858306884765625,0.4291534423828125,,,,83.73260498046875,74.10049438476562,-9.632110595703125,29.971197625439604,45.22602222319321,,QuantData term-structure
2026-08-17T14:40:00-04:00,2026-10-02,46,545.0,put,-0.45252649230043973,78.15361022949219,530.37,fixed_strike,75.19721984863281,77.67677307128906,75.19721984863281,76.05552673339844,78.05824279785156,0.858306884765625,0.4291534423828125,,,,83.73260498046875,74.10049438476562,-9.632110595703125,29.971197625439604,45.22602222319321,,QuantData term-structure
2026-08-17T14:40:00-04:00,2026-10-02,46,550.0,call,0.5122163273711523,74.72038269042969,530.37,fixed_strike,75.19721984863281,77.67677307128906,75.19721984863281,76.05552673339844,78.05824279785156,0.858306884765625,0.4291534423828125,,,,83.73260498046875,74.10049438476562,-9.632110595703125,29.971197625439604,45.22602222319321,,QuantData term-structure
2026-08-17T14:40:00-04:00,2026-10-02,46,550.0,put,-0.49201832940839524,74.33891296386719,530.37,fixed_strike,75.19721984863281,77.67677307128906,75.19721984863281,76.05552673339844,78.05824279785156,0.858306884765625,0.4291534423828125,,,,83.73260498046875,74.10049438476562,-9.632110595703125,29.971197625439604,45.22602222319321,,QuantData term-structure
2026-08-17T14:40:00-04:00,2026-10-02,46,555.0,put,-0.4701492545753656,78.43971252441406,530.37,fixed_strike,75.19721984863281,77.67677307128906,75.19721984863281,76.05552673339844,78.05824279785156,0.858306884765625,0.4291534423828125,,,,83.73260498046875,74.10049438476562,-9.632110595703125,29.971197625439604,45.22602222319321,,QuantData term-structure
2026-08-17T14:40:00-04:00,2026-10-02,46,565.0,put,-0.4853000976848776,77.29530334472656,530.37,fixed_strike,75.19721984863281,77.67677307128906,75.19721984863281,76.05552673339844,78.05824279785156,0.858306884765625,0.4291534423828125,,,,83.73260498046875,74.10049438476562,-9.632110595703125,29.971197625439604,45.22602222319321,,QuantData term-structure
2026-08-17T14:40:00-04:00,2026-10-02,46,570.0,call,0.4846719897681703,76.91383361816406,530.37,fixed_strike,75.19721984863281,77.67677307128906,75.19721984863281,76.05552673339844,78.05824279785156,0.858306884765625,0.4291534423828125,,,,83.73260498046875,74.10049438476562,-9.632110595703125,29.971197625439604,45.22602222319321,,QuantData term-structure
2026-08-17T14:40:00-04:00,2026-10-02,46,575.0,put,-0.5356856566431372,77.77214050292969,530.37,fixed_strike,75.19721984863281,77.67677307128906,75.19721984863281,76.05552673339844,78.05824279785156,0.858306884765625,0.4291534423828125,,,,83.73260498046875,74.10049438476562,-9.632110595703125,29.971197625439604,45.22602222319321,,QuantData term-structure
2026-08-17T14:40:00-04:00,2026-10-02,46,580.0,call,0.46375965339888603,78.05824279785156,530.37,fixed_strike,75.19721984863281,77.67677307128906,75.19721984863281,76.05552673339844,78.05824279785156,0.858306884765625,0.4291534423828125,,,,83.73260498046875,74.10049438476562,-9.632110595703125,29.971197625439604,45.22602222319321,,QuantData term-structure
2026-08-17T14:40:00-04:00,2026-10-02,46,580.0,put,-0.5329646228155468,75.86479187011719,530.37,fixed_strike,75.19721984863281,77.67677307128906,75.19721984863281,76.05552673339844,78.05824279785156,0.858306884765625,0.4291534423828125,,,,83.73260498046875,74.10049438476562,-9.632110595703125,29.971197625439604,45.22602222319321,,QuantData term-structure
2026-08-17T14:40:00-04:00,2026-10-02,46,585.0,call,0.4204006959564323,77.39067077636719,530.37,fixed_strike,75.19721984863281,77.67677307128906,75.19721984863281,76.05552673339844,78.05824279785156,0.858306884765625,0.4291534423828125,,,,83.73260498046875,74.10049438476562,-9.632110595703125,29.971197625439604,45.22602222319321,,QuantData term-structure
2026-08-17T14:40:00-04:00,2026-10-02,46,590.0,put,-0.5448260636367929,78.53507995605469,530.37,fixed_strike,75.19721984863281,77.67677307128906,75.19721984863281,76.05552673339844,78.05824279785156,0.858306884765625,0.4291534423828125,,,,83.73260498046875,74.10049438476562,-9.632110595703125,29.971197625439604,45.22602222319321,,QuantData term-structure
2026-08-17T14:40:00-04:00,2026-10-02,46,595.0,call,0.41636670412288806,78.53507995605469,530.37,fixed_strike,75.19721984863281,77.67677307128906,75.19721984863281,76.05552673339844,78.05824279785156,0.858306884765625,0.4291534423828125,,,,83.73260498046875,74.10049438476562,-9.632110595703125,29.971197625439604,45.22602222319321,,QuantData term-structure
2026-08-17T14:40:00-04:00,2026-10-02,46,600.0,call,0.3952196829130685,74.62501525878906,530.37,fixed_strike,75.19721984863281,77.67677307128906,75.19721984863281,76.05552673339844,78.05824279785156,0.858306884765625,0.4291534423828125,,,,83.73260498046875,74.10049438476562,-9.632110595703125,29.971197625439604,45.22602222319321,,QuantData term-structure
2026-08-17T14:40:00-04:00,2026-10-02,46,600.0,put,-0.6160193698045959,77.29530334472656,530.37,fixed_strike,75.19721984863281,77.67677307128906,75.19721984863281,76.05552673339844,78.05824279785156,0.858306884765625,0.4291534423828125,,,,83.73260498046875,74.10049438476562,-9.632110595703125,29.971197625439604,45.22602222319321,,QuantData term-structure
2026-08-17T14:40:00-04:00,2026-10-02,46,610.0,call,0.35547567646477884,75.57868957519531,530.37,fixed_strike,75.19721984863281,77.67677307128906,75.19721984863281,76.05552673339844,78.05824279785156,0.858306884765625,0.4291534423828125,,,,83.73260498046875,74.10049438476562,-9.632110595703125,29.971197625439604,45.22602222319321,,QuantData term-structure
2026-08-17T14:40:00-04:00,2026-10-02,46,610.0,put,-0.64250147583135,76.34162902832031,530.37,fixed_strike,75.19721984863281,77.67677307128906,75.19721984863281,76.05552673339844,78.05824279785156,0.858306884765625,0.4291534423828125,,,,83.73260498046875,74.10049438476562,-9.632110595703125,29.971197625439604,45.22602222319321,,QuantData term-structure
2026-08-17T14:40:00-04:00,2026-10-02,46,615.0,call,0.3553063667012748,75.29258728027344,530.37,fixed_strike,75.19721984863281,77.67677307128906,75.19721984863281,76.05552673339844,78.05824279785156,0.858306884765625,0.4291534423828125,,,,83.73260498046875,74.10049438476562,-9.632110595703125,29.971197625439604,45.22602222319321,,QuantData term-structure
2026-08-17T14:40:00-04:00,2026-10-02,46,620.0,call,0.34569395994115654,76.24626159667969,530.37,fixed_strike,75.19721984863281,77.67677307128906,75.19721984863281,76.05552673339844,78.05824279785156,0.858306884765625,0.4291534423828125,,,,83.73260498046875,74.10049438476562,-9.632110595703125,29.971197625439604,45.22602222319321,,QuantData term-structure
2026-08-17T14:40:00-04:00,2026-10-02,46,635.0,call,0.3453361836263101,77.10456848144531,530.37,fixed_strike,75.19721984863281,77.67677307128906,75.19721984863281,76.05552673339844,78.05824279785156,0.858306884765625,0.4291534423828125,,,,83.73260498046875,74.10049438476562,-9.632110595703125,29.971197625439604,45.22602222319321,,QuantData term-structure
2026-08-17T14:40:00-04:00,2026-10-02,46,660.0,call,0.26635640333114163,76.24626159667969,530.37,fixed_strike,75.19721984863281,77.67677307128906,75.19721984863281,76.05552673339844,78.05824279785156,0.858306884765625,0.4291534423828125,,,,83.73260498046875,74.10049438476562,-9.632110595703125,29.971197625439604,45.22602222319321,,QuantData term-structure
2026-08-17T14:40:00-04:00,2026-10-02,46,670.0,call,0.2517593491005218,76.05552673339844,530.37,fixed_strike,75.19721984863281,77.67677307128906,75.19721984863281,76.05552673339844,78.05824279785156,0.858306884765625,0.4291534423828125,,,,83.73260498046875,74.10049438476562,-9.632110595703125,29.971197625439604,45.22602222319321,,QuantData term-structure
2026-08-17T14:40:00-04:00,2026-10-02,46,680.0,call,0.22554911763761337,75.57868957519531,530.37,fixed_strike,75.19721984863281,77.67677307128906,75.19721984863281,76.05552673339844,78.05824279785156,0.858306884765625,0.4291534423828125,,,,83.73260498046875,74.10049438476562,-9.632110595703125,29.971197625439604,45.22602222319321,,QuantData term-structure
2026-08-17T14:40:00-04:00,2026-10-02,46,690.0,call,0.2343216609174693,78.15361022949219,530.37,fixed_strike,75.19721984863281,77.67677307128906,75.19721984863281,76.05552673339844,78.05824279785156,0.858306884765625,0.4291534423828125,,,,83.73260498046875,74.10049438476562,-9.632110595703125,29.971197625439604,45.22602222319321,,QuantData term-structure
2026-08-17T14:40:00-04:00,2026-10-02,46,695.0,call,0.23722623047778368,78.63044738769531,530.37,fixed_strike,75.19721984863281,77.67677307128906,75.19721984863281,76.05552673339844,78.05824279785156,0.858306884765625,0.4291534423828125,,,,83.73260498046875,74.10049438476562,-9.632110595703125,29.971197625439604,45.22602222319321,,QuantData term-structure
2026-08-17T14:40:00-04:00,2026-10-02,46,700.0,call,0.21582513136348142,78.91654968261719,530.37,fixed_strike,75.19721984863281,77.67677307128906,75.19721984863281,76.05552673339844,78.05824279785156,0.858306884765625,0.4291534423828125,,,,83.73260498046875,74.10049438476562,-9.632110595703125,29.971197625439604,45.22602222319321,,QuantData term-structure
2026-08-17T14:40:00-04:00,2026-10-02,46,705.0,call,0.20922921061313215,79.01191711425781,530.37,fixed_strike,75.19721984863281,77.67677307128906,75.19721984863281,76.05552673339844,78.05824279785156,0.858306884765625,0.4291534423828125,,,,83.73260498046875,74.10049438476562,-9.632110595703125,29.971197625439604,45.22602222319321,,QuantData term-structure
2026-08-17T14:40:00-04:00,2026-10-02,46,710.0,call,0.19490443010946262,77.96287536621094,530.37,fixed_strike,75.19721984863281,77.67677307128906,75.19721984863281,76.05552673339844,78.05824279785156,0.858306884765625,0.4291534423828125,,,,83.73260498046875,74.10049438476562,-9.632110595703125,29.971197625439604,45.22602222319321,,QuantData term-structure
2026-08-17T14:40:00-04:00,2026-10-02,46,715.0,call,0.18876692742529844,78.05824279785156,530.37,fixed_strike,75.19721984863281,77.67677307128906,75.19721984863281,76.05552673339844,78.05824279785156,0.858306884765625,0.4291534423828125,,,,83.73260498046875,74.10049438476562,-9.632110595703125,29.971197625439604,45.22602222319321,,QuantData term-structure
2026-08-17T14:40:00-04:00,2026-10-16,60,130.0,put,-0.001162912295322531,124.59754943847656,530.37,fixed_strike,75.1495361328125,77.67677307128906,75.57868957519531,77.19993591308594,77.86750793457031,1.621246337890625,1.239776611328125,,,,83.73260498046875,74.10049438476562,-9.632110595703125,29.971197625439604,45.1783385073729,,QuantData term-structure
2026-08-17T14:40:00-04:00,2026-10-16,60,250.0,put,-0.011746170516690205,89.88380432128906,530.37,fixed_strike,75.1495361328125,77.67677307128906,75.57868957519531,77.19993591308594,77.86750793457031,1.621246337890625,1.239776611328125,,,,83.73260498046875,74.10049438476562,-9.632110595703125,29.971197625439604,45.1783385073729,,QuantData term-structure
2026-08-17T14:40:00-04:00,2026-10-16,60,260.0,put,-0.014827453257640599,89.50233459472656,530.37,fixed_strike,75.1495361328125,77.67677307128906,75.57868957519531,77.19993591308594,77.86750793457031,1.621246337890625,1.239776611328125,,,,83.73260498046875,74.10049438476562,-9.632110595703125,29.971197625439604,45.1783385073729,,QuantData term-structure
2026-08-17T14:40:00-04:00,2026-10-16,60,280.0,put,-0.021590225191536278,87.88108825683594,530.37,fixed_strike,75.1495361328125,77.67677307128906,75.57868957519531,77.19993591308594,77.86750793457031,1.621246337890625,1.239776611328125,,,,83.73260498046875,74.10049438476562,-9.632110595703125,29.971197625439604,45.1783385073729,,QuantData term-structure
2026-08-17T14:40:00-04:00,2026-10-16,60,290.0,put,-0.021899464323328566,82.92198181152344,530.37,fixed_strike,75.1495361328125,77.67677307128906,75.57868957519531,77.19993591308594,77.86750793457031,1.621246337890625,1.239776611328125,,,,83.73260498046875,74.10049438476562,-9.632110595703125,29.971197625439604,45.1783385073729,,QuantData term-structure
2026-08-17T14:40:00-04:00,2026-10-16,60,300.0,put,-0.02880387928283577,82.44514465332031,530.37,fixed_strike,75.1495361328125,77.67677307128906,75.57868957519531,77.19993591308594,77.86750793457031,1.621246337890625,1.239776611328125,,,,83.73260498046875,74.10049438476562,-9.632110595703125,29.971197625439604,45.1783385073729,,QuantData term-structure
2026-08-17T14:40:00-04:00,2026-10-16,60,310.0,put,-0.03416518915232929,85.21080017089844,530.37,fixed_strike,75.1495361328125,77.67677307128906,75.57868957519531,77.19993591308594,77.86750793457031,1.621246337890625,1.239776611328125,,,,83.73260498046875,74.10049438476562,-9.632110595703125,29.971197625439604,45.1783385073729,,QuantData term-structure
2026-08-17T14:40:00-04:00,2026-10-16,60,320.0,put,-0.04296179814728618,86.45057678222656,530.37,fixed_strike,75.1495361328125,77.67677307128906,75.57868957519531,77.19993591308594,77.86750793457031,1.621246337890625,1.239776611328125,,,,83.73260498046875,74.10049438476562,-9.632110595703125,29.971197625439604,45.1783385073729,,QuantData term-structure
2026-08-17T14:40:00-04:00,2026-10-16,60,330.0,call,0.9345461969275286,88.07182312011719,530.37,fixed_strike,75.1495361328125,77.67677307128906,75.57868957519531,77.19993591308594,77.86750793457031,1.621246337890625,1.239776611328125,,,,83.73260498046875,74.10049438476562,-9.632110595703125,29.971197625439604,45.1783385073729,,QuantData term-structure
2026-08-17T14:40:00-04:00,2026-10-16,60,330.0,put,-0.04624253872032735,79.96559143066406,530.37,fixed_strike,75.1495361328125,77.67677307128906,75.57868957519531,77.19993591308594,77.86750793457031,1.621246337890625,1.239776611328125,,,,83.73260498046875,74.10049438476562,-9.632110595703125,29.971197625439604,45.1783385073729,,QuantData term-structure
2026-08-17T14:40:00-04:00,2026-10-16,60,340.0,call,0.9258962562517351,86.54594421386719,530.37,fixed_strike,75.1495361328125,77.67677307128906,75.57868957519531,77.19993591308594,77.86750793457031,1.621246337890625,1.239776611328125,,,,83.73260498046875,74.10049438476562,-9.632110595703125,29.971197625439604,45.1783385073729,,QuantData term-structure
2026-08-17T14:40:00-04:00,2026-10-16,60,340.0,put,-0.05542651933413223,78.34434509277344,530.37,fixed_strike,75.1495361328125,77.67677307128906,75.57868957519531,77.19993591308594,77.86750793457031,1.621246337890625,1.239776611328125,,,,83.73260498046875,74.10049438476562,-9.632110595703125,29.971197625439604,45.1783385073729,,QuantData term-structure
2026-08-17T14:40:00-04:00,2026-10-16,60,350.0,put,-0.06602266419099706,78.05824279785156,530.37,fixed_strike,75.1495361328125,77.67677307128906,75.57868957519531,77.19993591308594,77.86750793457031,1.621246337890625,1.239776611328125,,,,83.73260498046875,74.10049438476562,-9.632110595703125,29.971197625439604,45.1783385073729,,QuantData term-structure
2026-08-17T14:40:00-04:00,2026-10-16,60,360.0,put,-0.08074907865750136,77.67677307128906,530.37,fixed_strike,75.1495361328125,77.67677307128906,75.57868957519531,77.19993591308594,77.86750793457031,1.621246337890625,1.239776611328125,,,,83.73260498046875,74.10049438476562,-9.632110595703125,29.971197625439604,45.1783385073729,,QuantData term-structure
2026-08-17T14:40:00-04:00,2026-10-16,60,370.0,call,0.926229176920198,75.29258728027344,530.37,fixed_strike,75.1495361328125,77.67677307128906,75.57868957519531,77.19993591308594,77.86750793457031,1.621246337890625,1.239776611328125,,,,83.73260498046875,74.10049438476562,-9.632110595703125,29.971197625439604,45.1783385073729,,QuantData term-structure
2026-08-17T14:40:00-04:00,2026-10-16,60,370.0,put,-0.09404299419327816,77.67677307128906,530.37,fixed_strike,75.1495361328125,77.67677307128906,75.57868957519531,77.19993591308594,77.86750793457031,1.621246337890625,1.239776611328125,,,,83.73260498046875,74.10049438476562,-9.632110595703125,29.971197625439604,45.1783385073729,,QuantData term-structure
2026-08-17T14:40:00-04:00,2026-10-16,60,380.0,put,-0.10667767776981879,77.00920104980469,530.37,fixed_strike,75.1495361328125,77.67677307128906,75.57868957519531,77.19993591308594,77.86750793457031,1.621246337890625,1.239776611328125,,,,83.73260498046875,74.10049438476562,-9.632110595703125,29.971197625439604,45.1783385073729,,QuantData term-structure
2026-08-17T14:40:00-04:00,2026-10-16,60,390.0,put,-0.11026104753716337,76.81846618652344,530.37,fixed_strike,75.1495361328125,77.67677307128906,75.57868957519531,77.19993591308594,77.86750793457031,1.621246337890625,1.239776611328125,,,,83.73260498046875,74.10049438476562,-9.632110595703125,29.971197625439604,45.1783385073729,,QuantData term-structure
2026-08-17T14:40:00-04:00,2026-10-16,60,400.0,call,0.8701388883626155,78.34434509277344,530.37,fixed_strike,75.1495361328125,77.67677307128906,75.57868957519531,77.19993591308594,77.86750793457031,1.621246337890625,1.239776611328125,,,,83.73260498046875,74.10049438476562,-9.632110595703125,29.971197625439604,45.1783385073729,,QuantData term-structure
2026-08-17T14:40:00-04:00,2026-10-16,60,400.0,put,-0.13999089382487562,76.43699645996094,530.37,fixed_strike,75.1495361328125,77.67677307128906,75.57868957519531,77.19993591308594,77.86750793457031,1.621246337890625,1.239776611328125,,,,83.73260498046875,74.10049438476562,-9.632110595703125,29.971197625439604,45.1783385073729,,QuantData term-structure
2026-08-17T14:40:00-04:00,2026-10-16,60,410.0,put,-0.1540465261849177,76.05552673339844,530.37,fixed_strike,75.1495361328125,77.67677307128906,75.57868957519531,77.19993591308594,77.86750793457031,1.621246337890625,1.239776611328125,,,,83.73260498046875,74.10049438476562,-9.632110595703125,29.971197625439604,45.1783385073729,,QuantData term-structure
2026-08-17T14:40:00-04:00,2026-10-16,60,420.0,call,0.8357772286339349,78.72581481933594,530.37,fixed_strike,75.1495361328125,77.67677307128906,75.57868957519531,77.19993591308594,77.86750793457031,1.621246337890625,1.239776611328125,,,,83.73260498046875,74.10049438476562,-9.632110595703125,29.971197625439604,45.1783385073729,,QuantData term-structure
2026-08-17T14:40:00-04:00,2026-10-16,60,420.0,put,-0.1739465430517343,76.24626159667969,530.37,fixed_strike,75.1495361328125,77.67677307128906,75.57868957519531,77.19993591308594,77.86750793457031,1.621246337890625,1.239776611328125,,,,83.73260498046875,74.10049438476562,-9.632110595703125,29.971197625439604,45.1783385073729,,QuantData term-structure
2026-08-17T14:40:00-04:00,2026-10-16,60,430.0,call,0.8014356536123701,76.91383361816406,530.37,fixed_strike,75.1495361328125,77.67677307128906,75.57868957519531,77.19993591308594,77.86750793457031,1.621246337890625,1.239776611328125,,,,83.73260498046875,74.10049438476562,-9.632110595703125,29.971197625439604,45.1783385073729,,QuantData term-structure
2026-08-17T14:40:00-04:00,2026-10-16,60,430.0,put,-0.19289680459548947,75.86479187011719,530.37,fixed_strike,75.1495361328125,77.67677307128906,75.57868957519531,77.19993591308594,77.86750793457031,1.621246337890625,1.239776611328125,,,,83.73260498046875,74.10049438476562,-9.632110595703125,29.971197625439604,45.1783385073729,,QuantData term-structure
2026-08-17T14:40:00-04:00,2026-10-16,60,440.0,call,0.8018802088811752,73.09913635253906,530.37,fixed_strike,75.1495361328125,77.67677307128906,75.57868957519531,77.19993591308594,77.86750793457031,1.621246337890625,1.239776611328125,,,,83.73260498046875,74.10049438476562,-9.632110595703125,29.971197625439604,45.1783385073729,,QuantData term-structure
2026-08-17T14:40:00-04:00,2026-10-16,60,440.0,put,-0.2145845787177355,75.48332214355469,530.37,fixed_strike,75.1495361328125,77.67677307128906,75.57868957519531,77.19993591308594,77.86750793457031,1.621246337890625,1.239776611328125,,,,83.73260498046875,74.10049438476562,-9.632110595703125,29.971197625439604,45.1783385073729,,QuantData term-structure
2026-08-17T14:40:00-04:00,2026-10-16,60,450.0,call,0.7894359933358508,76.34162902832031,530.37,fixed_strike,75.1495361328125,77.67677307128906,75.57868957519531,77.19993591308594,77.86750793457031,1.621246337890625,1.239776611328125,,,,83.73260498046875,74.10049438476562,-9.632110595703125,29.971197625439604,45.1783385073729,,QuantData term-structure
2026-08-17T14:40:00-04:00,2026-10-16,60,450.0,put,-0.23994208946879225,75.57868957519531,530.37,fixed_strike,75.1495361328125,77.67677307128906,75.57868957519531,77.19993591308594,77.86750793457031,1.621246337890625,1.239776611328125,,,,83.73260498046875,74.10049438476562,-9.632110595703125,29.971197625439604,45.1783385073729,,QuantData term-structure
2026-08-17T14:40:00-04:00,2026-10-16,60,460.0,call,0.7519957177834711,77.58140563964844,530.37,fixed_strike,75.1495361328125,77.67677307128906,75.57868957519531,77.19993591308594,77.86750793457031,1.621246337890625,1.239776611328125,,,,83.73260498046875,74.10049438476562,-9.632110595703125,29.971197625439604,45.1783385073729,,QuantData term-structure
2026-08-17T14:40:00-04:00,2026-10-16,60,460.0,put,-0.2634451609944932,75.76942443847656,530.37,fixed_strike,75.1495361328125,77.67677307128906,75.57868957519531,77.19993591308594,77.86750793457031,1.621246337890625,1.239776611328125,,,,83.73260498046875,74.10049438476562,-9.632110595703125,29.971197625439604,45.1783385073729,,QuantData term-structure
2026-08-17T14:40:00-04:00,2026-10-16,60,470.0,call,0.718060791082722,74.05281066894531,530.37,fixed_strike,75.1495361328125,77.67677307128906,75.57868957519531,77.19993591308594,77.86750793457031,1.621246337890625,1.239776611328125,,,,83.73260498046875,74.10049438476562,-9.632110595703125,29.971197625439604,45.1783385073729,,QuantData term-structure
2026-08-17T14:40:00-04:00,2026-10-16,60,470.0,put,-0.27934368922505465,75.29258728027344,530.37,fixed_strike,75.1495361328125,77.67677307128906,75.57868957519531,77.19993591308594,77.86750793457031,1.621246337890625,1.239776611328125,,,,83.73260498046875,74.10049438476562,-9.632110595703125,29.971197625439604,45.1783385073729,,QuantData term-structure
2026-08-17T14:40:00-04:00,2026-10-16,60,480.0,call,0.7153382740237091,78.43971252441406,530.37,fixed_strike,75.1495361328125,77.67677307128906,75.57868957519531,77.19993591308594,77.86750793457031,1.621246337890625,1.239776611328125,,,,83.73260498046875,74.10049438476562,-9.632110595703125,29.971197625439604,45.1783385073729,,QuantData term-structure
2026-08-17T14:40:00-04:00,2026-10-16,60,480.0,put,-0.2964175142629628,76.34162902832031,530.37,fixed_strike,75.1495361328125,77.67677307128906,75.57868957519531,77.19993591308594,77.86750793457031,1.621246337890625,1.239776611328125,,,,83.73260498046875,74.10049438476562,-9.632110595703125,29.971197625439604,45.1783385073729,,QuantData term-structure
2026-08-17T14:40:00-04:00,2026-10-16,60,490.0,call,0.667576747803077,74.05281066894531,530.37,fixed_strike,75.1495361328125,77.67677307128906,75.57868957519531,77.19993591308594,77.86750793457031,1.621246337890625,1.239776611328125,,,,83.73260498046875,74.10049438476562,-9.632110595703125,29.971197625439604,45.1783385073729,,QuantData term-structure
2026-08-17T14:40:00-04:00,2026-10-16,60,490.0,put,-0.3362468051456302,77.10456848144531,530.37,fixed_strike,75.1495361328125,77.67677307128906,75.57868957519531,77.19993591308594,77.86750793457031,1.621246337890625,1.239776611328125,,,,83.73260498046875,74.10049438476562,-9.632110595703125,29.971197625439604,45.1783385073729,,QuantData term-structure
2026-08-17T14:40:00-04:00,2026-10-16,60,500.0,call,0.6621142927471446,73.67134094238281,530.37,fixed_strike,75.1495361328125,77.67677307128906,75.57868957519531,77.19993591308594,77.86750793457031,1.621246337890625,1.239776611328125,,,,83.73260498046875,74.10049438476562,-9.632110595703125,29.971197625439604,45.1783385073729,,QuantData term-structure
2026-08-17T14:40:00-04:00,2026-10-16,60,500.0,put,-0.35342953936427196,76.15089416503906,530.37,fixed_strike,75.1495361328125,77.67677307128906,75.57868957519531,77.19993591308594,77.86750793457031,1.621246337890625,1.239776611328125,,,,83.73260498046875,74.10049438476562,-9.632110595703125,29.971197625439604,45.1783385073729,,QuantData term-structure
2026-08-17T14:40:00-04:00,2026-10-16,60,510.0,call,0.6185422696323182,74.91111755371094,530.37,fixed_strike,75.1495361328125,77.67677307128906,75.57868957519531,77.19993591308594,77.86750793457031,1.621246337890625,1.239776611328125,,,,83.73260498046875,74.10049438476562,-9.632110595703125,29.971197625439604,45.1783385073729,,QuantData term-structure
2026-08-17T14:40:00-04:00,2026-10-16,60,510.0,put,-0.34509572571422464,76.43699645996094,530.37,fixed_strike,75.1495361328125,77.67677307128906,75.57868957519531,77.19993591308594,77.86750793457031,1.621246337890625,1.239776611328125,,,,83.73260498046875,74.10049438476562,-9.632110595703125,29.971197625439604,45.1783385073729,,QuantData term-structure
2026-08-17T14:40:00-04:00,2026-10-16,60,520.0,call,0.614582373403541,74.62501525878906,530.37,fixed_strike,75.1495361328125,77.67677307128906,75.57868957519531,77.19993591308594,77.86750793457031,1.621246337890625,1.239776611328125,,,,83.73260498046875,74.10049438476562,-9.632110595703125,29.971197625439604,45.1783385073729,,QuantData term-structure
2026-08-17T14:40:00-04:00,2026-10-16,60,530.0,call,0.571443095600091,74.81575012207031,530.37,fixed_strike,75.1495361328125,77.67677307128906,75.57868957519531,77.19993591308594,77.86750793457031,1.621246337890625,1.239776611328125,,,,83.73260498046875,74.10049438476562,-9.632110595703125,29.971197625439604,45.1783385073729,,QuantData term-structure
2026-08-17T14:40:00-04:00,2026-10-16,60,530.0,put,-0.4341712838087425,75.48332214355469,530.37,fixed_strike,75.1495361328125,77.67677307128906,75.57868957519531,77.19993591308594,77.86750793457031,1.621246337890625,1.239776611328125,,,,83.73260498046875,74.10049438476562,-9.632110595703125,29.971197625439604,45.1783385073729,,QuantData term-structure
2026-08-17T14:40:00-04:00,2026-10-16,60,540.0,call,0.5457794083462916,74.62501525878906,530.37,fixed_strike,75.1495361328125,77.67677307128906,75.57868957519531,77.19993591308594,77.86750793457031,1.621246337890625,1.239776611328125,,,,83.73260498046875,74.10049438476562,-9.632110595703125,29.971197625439604,45.1783385073729,,QuantData term-structure
2026-08-17T14:40:00-04:00,2026-10-16,60,540.0,put,-0.45373958448899654,75.86479187011719,530.37,fixed_strike,75.1495361328125,77.67677307128906,75.57868957519531,77.19993591308594,77.86750793457031,1.621246337890625,1.239776611328125,,,,83.73260498046875,74.10049438476562,-9.632110595703125,29.971197625439604,45.1783385073729,,QuantData term-structure
2026-08-17T14:40:00-04:00,2026-10-16,60,550.0,call,0.5191400122808998,73.09913635253906,530.37,fixed_strike,75.1495361328125,77.67677307128906,75.57868957519531,77.19993591308594,77.86750793457031,1.621246337890625,1.239776611328125,,,,83.73260498046875,74.10049438476562,-9.632110595703125,29.971197625439604,45.1783385073729,,QuantData term-structure
2026-08-17T14:40:00-04:00,2026-10-16,60,550.0,put,-0.4539314471221723,77.96287536621094,530.37,fixed_strike,75.1495361328125,77.67677307128906,75.57868957519531,77.19993591308594,77.86750793457031,1.621246337890625,1.239776611328125,,,,83.73260498046875,74.10049438476562,-9.632110595703125,29.971197625439604,45.1783385073729,,QuantData term-structure
2026-08-17T14:40:00-04:00,2026-10-16,60,560.0,call,0.49596731400446553,73.95744323730469,530.37,fixed_strike,75.1495361328125,77.67677307128906,75.57868957519531,77.19993591308594,77.86750793457031,1.621246337890625,1.239776611328125,,,,83.73260498046875,74.10049438476562,-9.632110595703125,29.971197625439604,45.1783385073729,,QuantData term-structure
2026-08-17T14:40:00-04:00,2026-10-16,60,560.0,put,-0.45616538524245026,77.10456848144531,530.37,fixed_strike,75.1495361328125,77.67677307128906,75.57868957519531,77.19993591308594,77.86750793457031,1.621246337890625,1.239776611328125,,,,83.73260498046875,74.10049438476562,-9.632110595703125,29.971197625439604,45.1783385073729,,QuantData term-structure
2026-08-17T14:40:00-04:00,2026-10-16,60,570.0,call,0.5163256273168172,77.48603820800781,530.37,fixed_strike,75.1495361328125,77.67677307128906,75.57868957519531,77.19993591308594,77.86750793457031,1.621246337890625,1.239776611328125,,,,83.73260498046875,74.10049438476562,-9.632110595703125,29.971197625439604,45.1783385073729,,QuantData term-structure
2026-08-17T14:40:00-04:00,2026-10-16,60,570.0,put,-0.47914149153965424,78.24897766113281,530.37,fixed_strike,75.1495361328125,77.67677307128906,75.57868957519531,77.19993591308594,77.86750793457031,1.621246337890625,1.239776611328125,,,,83.73260498046875,74.10049438476562,-9.632110595703125,29.971197625439604,45.1783385073729,,QuantData term-structure
2026-08-17T14:40:00-04:00,2026-10-16,60,580.0,call,0.45412622846094597,74.24354553222656,530.37,fixed_strike,75.1495361328125,77.67677307128906,75.57868957519531,77.19993591308594,77.86750793457031,1.621246337890625,1.239776611328125,,,,83.73260498046875,74.10049438476562,-9.632110595703125,29.971197625439604,45.1783385073729,,QuantData term-structure
2026-08-17T14:40:00-04:00,2026-10-16,60,590.0,call,0.4247058794220685,75.19721984863281,530.37,fixed_strike,75.1495361328125,77.67677307128906,75.57868957519531,77.19993591308594,77.86750793457031,1.621246337890625,1.239776611328125,,,,83.73260498046875,74.10049438476562,-9.632110595703125,29.971197625439604,45.1783385073729,,QuantData term-structure
2026-08-17T14:40:00-04:00,2026-10-16,60,590.0,put,-0.548017093765388,76.81846618652344,530.37,fixed_strike,75.1495361328125,77.67677307128906,75.57868957519531,77.19993591308594,77.86750793457031,1.621246337890625,1.239776611328125,,,,83.73260498046875,74.10049438476562,-9.632110595703125,29.971197625439604,45.1783385073729,,QuantData term-structure
2026-08-17T14:40:00-04:00,2026-10-16,60,600.0,call,0.4148318331578807,75.57868957519531,530.37,fixed_strike,75.1495361328125,77.67677307128906,75.57868957519531,77.19993591308594,77.86750793457031,1.621246337890625,1.239776611328125,,,,83.73260498046875,74.10049438476562,-9.632110595703125,29.971197625439604,45.1783385073729,,QuantData term-structure
2026-08-17T14:40:00-04:00,2026-10-16,60,610.0,call,0.3893432853294386,74.43428039550781,530.37,fixed_strike,75.1495361328125,77.67677307128906,75.57868957519531,77.19993591308594,77.86750793457031,1.621246337890625,1.239776611328125,,,,83.73260498046875,74.10049438476562,-9.632110595703125,29.971197625439604,45.1783385073729,,QuantData term-structure
2026-08-17T14:40:00-04:00,2026-10-16,60,620.0,call,0.3752951787897511,75.96015930175781,530.37,fixed_strike,75.1495361328125,77.67677307128906,75.57868957519531,77.19993591308594,77.86750793457031,1.621246337890625,1.239776611328125,,,,83.73260498046875,74.10049438476562,-9.632110595703125,29.971197625439604,45.1783385073729,,QuantData term-structure
2026-08-17T14:40:00-04:00,2026-10-16,60,630.0,call,0.34948796313736985,75.67405700683594,530.37,fixed_strike,75.1495361328125,77.67677307128906,75.57868957519531,77.19993591308594,77.86750793457031,1.621246337890625,1.239776611328125,,,,83.73260498046875,74.10049438476562,-9.632110595703125,29.971197625439604,45.1783385073729,,QuantData term-structure
2026-08-17T14:40:00-04:00,2026-10-16,60,640.0,call,0.3263075202485456,75.96015930175781,530.37,fixed_strike,75.1495361328125,77.67677307128906,75.57868957519531,77.19993591308594,77.86750793457031,1.621246337890625,1.239776611328125,,,,83.73260498046875,74.10049438476562,-9.632110595703125,29.971197625439604,45.1783385073729,,QuantData term-structure
2026-08-17T14:40:00-04:00,2026-10-16,60,650.0,call,0.3125919476204739,75.67405700683594,530.37,fixed_strike,75.1495361328125,77.67677307128906,75.57868957519531,77.19993591308594,77.86750793457031,1.621246337890625,1.239776611328125,,,,83.73260498046875,74.10049438476562,-9.632110595703125,29.971197625439604,45.1783385073729,,QuantData term-structure
2026-08-17T14:40:00-04:00,2026-10-16,60,660.0,call,0.2897832809192237,75.76942443847656,530.37,fixed_strike,75.1495361328125,77.67677307128906,75.57868957519531,77.19993591308594,77.86750793457031,1.621246337890625,1.239776611328125,,,,83.73260498046875,74.10049438476562,-9.632110595703125,29.971197625439604,45.1783385073729,,QuantData term-structure
2026-08-17T14:40:00-04:00,2026-10-16,60,670.0,call,0.2885143203014223,77.10456848144531,530.37,fixed_strike,75.1495361328125,77.67677307128906,75.57868957519531,77.19993591308594,77.86750793457031,1.621246337890625,1.239776611328125,,,,83.73260498046875,74.10049438476562,-9.632110595703125,29.971197625439604,45.1783385073729,,QuantData term-structure
2026-08-17T14:40:00-04:00,2026-10-16,60,670.0,put,-0.6956586731628069,75.19721984863281,530.37,fixed_strike,75.1495361328125,77.67677307128906,75.57868957519531,77.19993591308594,77.86750793457031,1.621246337890625,1.239776611328125,,,,83.73260498046875,74.10049438476562,-9.632110595703125,29.971197625439604,45.1783385073729,,QuantData term-structure
2026-08-17T14:40:00-04:00,2026-10-16,60,680.0,call,0.2634877701454862,76.43699645996094,530.37,fixed_strike,75.1495361328125,77.67677307128906,75.57868957519531,77.19993591308594,77.86750793457031,1.621246337890625,1.239776611328125,,,,83.73260498046875,74.10049438476562,-9.632110595703125,29.971197625439604,45.1783385073729,,QuantData term-structure
2026-08-17T14:40:00-04:00,2026-10-16,60,690.0,call,0.2918509913186277,77.67677307128906,530.37,fixed_strike,75.1495361328125,77.67677307128906,75.57868957519531,77.19993591308594,77.86750793457031,1.621246337890625,1.239776611328125,,,,83.73260498046875,74.10049438476562,-9.632110595703125,29.971197625439604,45.1783385073729,,QuantData term-structure
2026-08-17T14:40:00-04:00,2026-10-16,60,700.0,call,0.25282315116615967,77.19993591308594,530.37,fixed_strike,75.1495361328125,77.67677307128906,75.57868957519531,77.19993591308594,77.86750793457031,1.621246337890625,1.239776611328125,,,,83.73260498046875,74.10049438476562,-9.632110595703125,29.971197625439604,45.1783385073729,,QuantData term-structure
2026-08-17T14:40:00-04:00,2026-10-16,60,710.0,call,0.25999444400444716,78.05824279785156,530.37,fixed_strike,75.1495361328125,77.67677307128906,75.57868957519531,77.19993591308594,77.86750793457031,1.621246337890625,1.239776611328125,,,,83.73260498046875,74.10049438476562,-9.632110595703125,29.971197625439604,45.1783385073729,,QuantData term-structure
2026-08-17T14:40:00-04:00,2026-10-16,60,720.0,call,0.23795482666882434,77.86750793457031,530.37,fixed_strike,75.1495361328125,77.67677307128906,75.57868957519531,77.19993591308594,77.86750793457031,1.621246337890625,1.239776611328125,,,,83.73260498046875,74.10049438476562,-9.632110595703125,29.971197625439604,45.1783385073729,,QuantData term-structure
2026-08-17T14:40:00-04:00,2026-10-16,60,730.0,call,0.20209275677087934,76.72309875488281,530.37,fixed_strike,75.1495361328125,77.67677307128906,75.57868957519531,77.19993591308594,77.86750793457031,1.621246337890625,1.239776611328125,,,,83.73260498046875,74.10049438476562,-9.632110595703125,29.971197625439604,45.1783385073729,,QuantData term-structure
2026-08-17T14:40:00-04:00,2026-10-16,60,750.0,call,0.17902959079889064,77.96287536621094,530.37,fixed_strike,75.1495361328125,77.67677307128906,75.57868957519531,77.19993591308594,77.86750793457031,1.621246337890625,1.239776611328125,,,,83.73260498046875,74.10049438476562,-9.632110595703125,29.971197625439604,45.1783385073729,,QuantData term-structure
2026-08-17T14:40:00-04:00,2026-10-16,60,760.0,call,0.17163630442802158,77.96287536621094,530.37,fixed_strike,75.1495361328125,77.67677307128906,75.57868957519531,77.19993591308594,77.86750793457031,1.621246337890625,1.239776611328125,,,,83.73260498046875,74.10049438476562,-9.632110595703125,29.971197625439604,45.1783385073729,,QuantData term-structure
2026-08-17T14:40:00-04:00,2026-10-16,60,770.0,call,0.1744353857297184,76.34162902832031,530.37,fixed_strike,75.1495361328125,77.67677307128906,75.57868957519531,77.19993591308594,77.86750793457031,1.621246337890625,1.239776611328125,,,,83.73260498046875,74.10049438476562,-9.632110595703125,29.971197625439604,45.1783385073729,,QuantData term-structure
2026-08-17T14:40:00-04:00,2026-10-16,60,800.0,call,0.15331496751620405,77.96287536621094,530.37,fixed_strike,75.1495361328125,77.67677307128906,75.57868957519531,77.19993591308594,77.86750793457031,1.621246337890625,1.239776611328125,,,,83.73260498046875,74.10049438476562,-9.632110595703125,29.971197625439604,45.1783385073729,,QuantData term-structure
2026-08-17T14:40:00-04:00,2026-10-16,60,840.0,call,0.10648425964451863,79.39338684082031,530.37,fixed_strike,75.1495361328125,77.67677307128906,75.57868957519531,77.19993591308594,77.86750793457031,1.621246337890625,1.239776611328125,,,,83.73260498046875,74.10049438476562,-9.632110595703125,29.971197625439604,45.1783385073729,,QuantData term-structure
2026-08-17T14:40:00-04:00,2026-10-16,60,850.0,call,0.09454410635457822,77.86750793457031,530.37,fixed_strike,75.1495361328125,77.67677307128906,75.57868957519531,77.19993591308594,77.86750793457031,1.621246337890625,1.239776611328125,,,,83.73260498046875,74.10049438476562,-9.632110595703125,29.971197625439604,45.1783385073729,,QuantData term-structure
2026-08-17T14:40:00-04:00,2026-10-16,60,860.0,call,0.10625799034392347,79.87022399902344,530.37,fixed_strike,75.1495361328125,77.67677307128906,75.57868957519531,77.19993591308594,77.86750793457031,1.621246337890625,1.239776611328125,,,,83.73260498046875,74.10049438476562,-9.632110595703125,29.971197625439604,45.1783385073729,,QuantData term-structure
2026-08-17T14:40:00-04:00,2026-10-16,60,870.0,call,0.11363735437172945,82.06367492675781,530.37,fixed_strike,75.1495361328125,77.67677307128906,75.57868957519531,77.19993591308594,77.86750793457031,1.621246337890625,1.239776611328125,,,,83.73260498046875,74.10049438476562,-9.632110595703125,29.971197625439604,45.1783385073729,,QuantData term-structure
2026-08-17T14:40:00-04:00,2026-10-16,60,880.0,call,0.10583064834864686,81.77757263183594,530.37,fixed_strike,75.1495361328125,77.67677307128906,75.57868957519531,77.19993591308594,77.86750793457031,1.621246337890625,1.239776611328125,,,,83.73260498046875,74.10049438476562,-9.632110595703125,29.971197625439604,45.1783385073729,,QuantData term-structure
2026-08-17T14:40:00-04:00,2026-10-16,60,940.0,call,0.06433029486856146,81.01463317871094,530.37,fixed_strike,75.1495361328125,77.67677307128906,75.57868957519531,77.19993591308594,77.86750793457031,1.621246337890625,1.239776611328125,,,,83.73260498046875,74.10049438476562,-9.632110595703125,29.971197625439604,45.1783385073729,,QuantData term-structure
2026-08-17T14:40:00-04:00,2026-10-16,60,950.0,call,0.059922053395852215,78.72581481933594,530.37,fixed_strike,75.1495361328125,77.67677307128906,75.57868957519531,77.19993591308594,77.86750793457031,1.621246337890625,1.239776611328125,,,,83.73260498046875,74.10049438476562,-9.632110595703125,29.971197625439604,45.1783385073729,,QuantData term-structure
2026-08-17T14:40:00-04:00,2026-10-16,60,1000.0,call,0.05319834641901128,83.11271667480469,530.37,fixed_strike,75.1495361328125,77.67677307128906,75.57868957519531,77.19993591308594,77.86750793457031,1.621246337890625,1.239776611328125,,,,83.73260498046875,74.10049438476562,-9.632110595703125,29.971197625439604,45.1783385073729,,QuantData term-structure
2026-08-17T14:40:00-04:00,2026-10-16,60,1040.0,call,0.035352457433502765,82.34977722167969,530.37,fixed_strike,75.1495361328125,77.67677307128906,75.57868957519531,77.19993591308594,77.86750793457031,1.621246337890625,1.239776611328125,,,,83.73260498046875,74.10049438476562,-9.632110595703125,29.971197625439604,45.1783385073729,,QuantData term-structure
2026-08-17T14:40:00-04:00,2026-10-16,60,1080.0,call,0.03082178900032419,84.63859558105469,530.37,fixed_strike,75.1495361328125,77.67677307128906,75.57868957519531,77.19993591308594,77.86750793457031,1.621246337890625,1.239776611328125,,,,83.73260498046875,74.10049438476562,-9.632110595703125,29.971197625439604,45.1783385073729,,QuantData term-structure
2026-08-17T14:40:00-04:00,2026-10-16,60,1140.0,call,0.021124300759495306,82.54051208496094,530.37,fixed_strike,75.1495361328125,77.67677307128906,75.57868957519531,77.19993591308594,77.86750793457031,1.621246337890625,1.239776611328125,,,,83.73260498046875,74.10049438476562,-9.632110595703125,29.971197625439604,45.1783385073729,,QuantData term-structure
2026-08-17T14:40:00-04:00,2026-10-16,60,1160.0,call,0.016096095394147508,79.67948913574219,530.37,fixed_strike,75.1495361328125,77.67677307128906,75.57868957519531,77.19993591308594,77.86750793457031,1.621246337890625,1.239776611328125,,,,83.73260498046875,74.10049438476562,-9.632110595703125,29.971197625439604,45.1783385073729,,QuantData term-structure
2026-08-17T14:40:00-04:00,2026-11-20,95,200.0,call,1.0,0.0476837158203125,530.37,fixed_strike,81.11000061035156,80.25169372558594,79.48875427246094,80.63316345214844,82.92198181152344,1.1444091796875,-1.049041748046875,,,,83.73260498046875,74.10049438476562,-9.632110595703125,29.971197625439604,51.13880298491196,,QuantData term-structure
2026-08-17T14:40:00-04:00,2026-11-20,95,200.0,put,-0.010540978335304475,95.31974792480469,530.37,fixed_strike,81.11000061035156,80.25169372558594,79.48875427246094,80.63316345214844,82.92198181152344,1.1444091796875,-1.049041748046875,,,,83.73260498046875,74.10049438476562,-9.632110595703125,29.971197625439604,51.13880298491196,,QuantData term-structure
2026-08-17T14:40:00-04:00,2026-11-20,95,210.0,put,-0.008984220471239038,88.26255798339844,530.37,fixed_strike,81.11000061035156,80.25169372558594,79.48875427246094,80.63316345214844,82.92198181152344,1.1444091796875,-1.049041748046875,,,,83.73260498046875,74.10049438476562,-9.632110595703125,29.971197625439604,51.13880298491196,,QuantData term-structure
2026-08-17T14:40:00-04:00,2026-11-20,95,240.0,put,-0.018610136495989516,84.44786071777344,530.37,fixed_strike,81.11000061035156,80.25169372558594,79.48875427246094,80.63316345214844,82.92198181152344,1.1444091796875,-1.049041748046875,,,,83.73260498046875,74.10049438476562,-9.632110595703125,29.971197625439604,51.13880298491196,,QuantData term-structure
2026-08-17T14:40:00-04:00,2026-11-20,95,250.0,call,0.9818992600623275,80.53779602050781,530.37,fixed_strike,81.11000061035156,80.25169372558594,79.48875427246094,80.63316345214844,82.92198181152344,1.1444091796875,-1.049041748046875,,,,83.73260498046875,74.10049438476562,-9.632110595703125,29.971197625439604,51.13880298491196,,QuantData term-structure
2026-08-17T14:40:00-04:00,2026-11-20,95,250.0,put,-0.02971670069534709,88.83476257324219,530.37,fixed_strike,81.11000061035156,80.25169372558594,79.48875427246094,80.63316345214844,82.92198181152344,1.1444091796875,-1.049041748046875,,,,83.73260498046875,74.10049438476562,-9.632110595703125,29.971197625439604,51.13880298491196,,QuantData term-structure
2026-08-17T14:40:00-04:00,2026-11-20,95,260.0,put,-0.027397903042244712,87.21351623535156,530.37,fixed_strike,81.11000061035156,80.25169372558594,79.48875427246094,80.63316345214844,82.92198181152344,1.1444091796875,-1.049041748046875,,,,83.73260498046875,74.10049438476562,-9.632110595703125,29.971197625439604,51.13880298491196,,QuantData term-structure
2026-08-17T14:40:00-04:00,2026-11-20,95,270.0,put,-0.03011128056648795,84.82933044433594,530.37,fixed_strike,81.11000061035156,80.25169372558594,79.48875427246094,80.63316345214844,82.92198181152344,1.1444091796875,-1.049041748046875,,,,83.73260498046875,74.10049438476562,-9.632110595703125,29.971197625439604,51.13880298491196,,QuantData term-structure
2026-08-17T14:40:00-04:00,2026-11-20,95,280.0,call,0.9667768859247526,78.72581481933594,530.37,fixed_strike,81.11000061035156,80.25169372558594,79.48875427246094,80.63316345214844,82.92198181152344,1.1444091796875,-1.049041748046875,,,,83.73260498046875,74.10049438476562,-9.632110595703125,29.971197625439604,51.13880298491196,,QuantData term-structure
2026-08-17T14:40:00-04:00,2026-11-20,95,280.0,put,-0.037726890311060836,85.68763732910156,530.37,fixed_strike,81.11000061035156,80.25169372558594,79.48875427246094,80.63316345214844,82.92198181152344,1.1444091796875,-1.049041748046875,,,,83.73260498046875,74.10049438476562,-9.632110595703125,29.971197625439604,51.13880298491196,,QuantData term-structure
2026-08-17T14:40:00-04:00,2026-11-20,95,290.0,put,-0.049140421523908906,88.93013000488281,530.37,fixed_strike,81.11000061035156,80.25169372558594,79.48875427246094,80.63316345214844,82.92198181152344,1.1444091796875,-1.049041748046875,,,,83.73260498046875,74.10049438476562,-9.632110595703125,29.971197625439604,51.13880298491196,,QuantData term-structure
2026-08-17T14:40:00-04:00,2026-11-20,95,300.0,put,-0.04932934341823869,83.30345153808594,530.37,fixed_strike,81.11000061035156,80.25169372558594,79.48875427246094,80.63316345214844,82.92198181152344,1.1444091796875,-1.049041748046875,,,,83.73260498046875,74.10049438476562,-9.632110595703125,29.971197625439604,51.13880298491196,,QuantData term-structure
2026-08-17T14:40:00-04:00,2026-11-20,95,310.0,put,-0.060753348875180246,81.96830749511719,530.37,fixed_strike,81.11000061035156,80.25169372558594,79.48875427246094,80.63316345214844,82.92198181152344,1.1444091796875,-1.049041748046875,,,,83.73260498046875,74.10049438476562,-9.632110595703125,29.971197625439604,51.13880298491196,,QuantData term-structure
2026-08-17T14:40:00-04:00,2026-11-20,95,320.0,put,-0.06986673865162324,84.16175842285156,530.37,fixed_strike,81.11000061035156,80.25169372558594,79.48875427246094,80.63316345214844,82.92198181152344,1.1444091796875,-1.049041748046875,,,,83.73260498046875,74.10049438476562,-9.632110595703125,29.971197625439604,51.13880298491196,,QuantData term-structure
2026-08-17T14:40:00-04:00,2026-11-20,95,330.0,put,-0.08258808317266092,80.63316345214844,530.37,fixed_strike,81.11000061035156,80.25169372558594,79.48875427246094,80.63316345214844,82.92198181152344,1.1444091796875,-1.049041748046875,,,,83.73260498046875,74.10049438476562,-9.632110595703125,29.971197625439604,51.13880298491196,,QuantData term-structure
2026-08-17T14:40:00-04:00,2026-11-20,95,350.0,put,-0.10070165126707015,80.25169372558594,530.37,fixed_strike,81.11000061035156,80.25169372558594,79.48875427246094,80.63316345214844,82.92198181152344,1.1444091796875,-1.049041748046875,,,,83.73260498046875,74.10049438476562,-9.632110595703125,29.971197625439604,51.13880298491196,,QuantData term-structure
2026-08-17T14:40:00-04:00,2026-11-20,95,360.0,put,-0.11773384515693547,79.58412170410156,530.37,fixed_strike,81.11000061035156,80.25169372558594,79.48875427246094,80.63316345214844,82.92198181152344,1.1444091796875,-1.049041748046875,,,,83.73260498046875,74.10049438476562,-9.632110595703125,29.971197625439604,51.13880298491196,,QuantData term-structure
2026-08-17T14:40:00-04:00,2026-11-20,95,370.0,put,-0.12416701390125284,81.96830749511719,530.37,fixed_strike,81.11000061035156,80.25169372558594,79.48875427246094,80.63316345214844,82.92198181152344,1.1444091796875,-1.049041748046875,,,,83.73260498046875,74.10049438476562,-9.632110595703125,29.971197625439604,51.13880298491196,,QuantData term-structure
2026-08-17T14:40:00-04:00,2026-11-20,95,380.0,put,-0.13971373691603,79.58412170410156,530.37,fixed_strike,81.11000061035156,80.25169372558594,79.48875427246094,80.63316345214844,82.92198181152344,1.1444091796875,-1.049041748046875,,,,83.73260498046875,74.10049438476562,-9.632110595703125,29.971197625439604,51.13880298491196,,QuantData term-structure
2026-08-17T14:40:00-04:00,2026-11-20,95,390.0,put,-0.15995145673269828,79.77485656738281,530.37,fixed_strike,81.11000061035156,80.25169372558594,79.48875427246094,80.63316345214844,82.92198181152344,1.1444091796875,-1.049041748046875,,,,83.73260498046875,74.10049438476562,-9.632110595703125,29.971197625439604,51.13880298491196,,QuantData term-structure
2026-08-17T14:40:00-04:00,2026-11-20,95,400.0,call,0.823000421638845,79.48875427246094,530.37,fixed_strike,81.11000061035156,80.25169372558594,79.48875427246094,80.63316345214844,82.92198181152344,1.1444091796875,-1.049041748046875,,,,83.73260498046875,74.10049438476562,-9.632110595703125,29.971197625439604,51.13880298491196,,QuantData term-structure
2026-08-17T14:40:00-04:00,2026-11-20,95,400.0,put,-0.17486967320985647,77.58140563964844,530.37,fixed_strike,81.11000061035156,80.25169372558594,79.48875427246094,80.63316345214844,82.92198181152344,1.1444091796875,-1.049041748046875,,,,83.73260498046875,74.10049438476562,-9.632110595703125,29.971197625439604,51.13880298491196,,QuantData term-structure
2026-08-17T14:40:00-04:00,2026-11-20,95,410.0,put,-0.1738406268163849,80.34706115722656,530.37,fixed_strike,81.11000061035156,80.25169372558594,79.48875427246094,80.63316345214844,82.92198181152344,1.1444091796875,-1.049041748046875,,,,83.73260498046875,74.10049438476562,-9.632110595703125,29.971197625439604,51.13880298491196,,QuantData term-structure
2026-08-17T14:40:00-04:00,2026-11-20,95,420.0,call,0.7905430941546345,78.63044738769531,530.37,fixed_strike,81.11000061035156,80.25169372558594,79.48875427246094,80.63316345214844,82.92198181152344,1.1444091796875,-1.049041748046875,,,,83.73260498046875,74.10049438476562,-9.632110595703125,29.971197625439604,51.13880298491196,,QuantData term-structure
2026-08-17T14:40:00-04:00,2026-11-20,95,420.0,put,-0.20982700902097423,79.48875427246094,530.37,fixed_strike,81.11000061035156,80.25169372558594,79.48875427246094,80.63316345214844,82.92198181152344,1.1444091796875,-1.049041748046875,,,,83.73260498046875,74.10049438476562,-9.632110595703125,29.971197625439604,51.13880298491196,,QuantData term-structure
2026-08-17T14:40:00-04:00,2026-11-20,95,430.0,call,0.7839608544151421,78.15361022949219,530.37,fixed_strike,81.11000061035156,80.25169372558594,79.48875427246094,80.63316345214844,82.92198181152344,1.1444091796875,-1.049041748046875,,,,83.73260498046875,74.10049438476562,-9.632110595703125,29.971197625439604,51.13880298491196,,QuantData term-structure
2026-08-17T14:40:00-04:00,2026-11-20,95,430.0,put,-0.23089994813358689,79.58412170410156,530.37,fixed_strike,81.11000061035156,80.25169372558594,79.48875427246094,80.63316345214844,82.92198181152344,1.1444091796875,-1.049041748046875,,,,83.73260498046875,74.10049438476562,-9.632110595703125,29.971197625439604,51.13880298491196,,QuantData term-structure
2026-08-17T14:40:00-04:00,2026-11-20,95,440.0,call,0.7637632939154386,81.49147033691406,530.37,fixed_strike,81.11000061035156,80.25169372558594,79.48875427246094,80.63316345214844,82.92198181152344,1.1444091796875,-1.049041748046875,,,,83.73260498046875,74.10049438476562,-9.632110595703125,29.971197625439604,51.13880298491196,,QuantData term-structure
2026-08-17T14:40:00-04:00,2026-11-20,95,440.0,put,-0.24617517568632985,79.48875427246094,530.37,fixed_strike,81.11000061035156,80.25169372558594,79.48875427246094,80.63316345214844,82.92198181152344,1.1444091796875,-1.049041748046875,,,,83.73260498046875,74.10049438476562,-9.632110595703125,29.971197625439604,51.13880298491196,,QuantData term-structure
2026-08-17T14:40:00-04:00,2026-11-20,95,450.0,call,0.7381860286977787,79.20265197753906,530.37,fixed_strike,81.11000061035156,80.25169372558594,79.48875427246094,80.63316345214844,82.92198181152344,1.1444091796875,-1.049041748046875,,,,83.73260498046875,74.10049438476562,-9.632110595703125,29.971197625439604,51.13880298491196,,QuantData term-structure
2026-08-17T14:40:00-04:00,2026-11-20,95,450.0,put,-0.2618917988857705,79.29801940917969,530.37,fixed_strike,81.11000061035156,80.25169372558594,79.48875427246094,80.63316345214844,82.92198181152344,1.1444091796875,-1.049041748046875,,,,83.73260498046875,74.10049438476562,-9.632110595703125,29.971197625439604,51.13880298491196,,QuantData term-structure
2026-08-17T14:40:00-04:00,2026-11-20,95,460.0,call,0.7302059613416001,78.15361022949219,530.37,fixed_strike,81.11000061035156,80.25169372558594,79.48875427246094,80.63316345214844,82.92198181152344,1.1444091796875,-1.049041748046875,,,,83.73260498046875,74.10049438476562,-9.632110595703125,29.971197625439604,51.13880298491196,,QuantData term-structure
2026-08-17T14:40:00-04:00,2026-11-20,95,460.0,put,-0.25437850864184774,80.44242858886719,530.37,fixed_strike,81.11000061035156,80.25169372558594,79.48875427246094,80.63316345214844,82.92198181152344,1.1444091796875,-1.049041748046875,,,,83.73260498046875,74.10049438476562,-9.632110595703125,29.971197625439604,51.13880298491196,,QuantData term-structure
2026-08-17T14:40:00-04:00,2026-11-20,95,470.0,call,0.7271109084165612,79.39338684082031,530.37,fixed_strike,81.11000061035156,80.25169372558594,79.48875427246094,80.63316345214844,82.92198181152344,1.1444091796875,-1.049041748046875,,,,83.73260498046875,74.10049438476562,-9.632110595703125,29.971197625439604,51.13880298491196,,QuantData term-structure
2026-08-17T14:40:00-04:00,2026-11-20,95,470.0,put,-0.30316506310115177,79.20265197753906,530.37,fixed_strike,81.11000061035156,80.25169372558594,79.48875427246094,80.63316345214844,82.92198181152344,1.1444091796875,-1.049041748046875,,,,83.73260498046875,74.10049438476562,-9.632110595703125,29.971197625439604,51.13880298491196,,QuantData term-structure
2026-08-17T14:40:00-04:00,2026-11-20,95,480.0,call,0.7068920152074254,79.58412170410156,530.37,fixed_strike,81.11000061035156,80.25169372558594,79.48875427246094,80.63316345214844,82.92198181152344,1.1444091796875,-1.049041748046875,,,,83.73260498046875,74.10049438476562,-9.632110595703125,29.971197625439604,51.13880298491196,,QuantData term-structure
2026-08-17T14:40:00-04:00,2026-11-20,95,480.0,put,-0.31113936526713815,79.20265197753906,530.37,fixed_strike,81.11000061035156,80.25169372558594,79.48875427246094,80.63316345214844,82.92198181152344,1.1444091796875,-1.049041748046875,,,,83.73260498046875,74.10049438476562,-9.632110595703125,29.971197625439604,51.13880298491196,,QuantData term-structure
2026-08-17T14:40:00-04:00,2026-11-20,95,490.0,call,0.6931458100059932,78.91654968261719,530.37,fixed_strike,81.11000061035156,80.25169372558594,79.48875427246094,80.63316345214844,82.92198181152344,1.1444091796875,-1.049041748046875,,,,83.73260498046875,74.10049438476562,-9.632110595703125,29.971197625439604,51.13880298491196,,QuantData term-structure
2026-08-17T14:40:00-04:00,2026-11-20,95,490.0,put,-0.3282860222348206,78.91654968261719,530.37,fixed_strike,81.11000061035156,80.25169372558594,79.48875427246094,80.63316345214844,82.92198181152344,1.1444091796875,-1.049041748046875,,,,83.73260498046875,74.10049438476562,-9.632110595703125,29.971197625439604,51.13880298491196,,QuantData term-structure
2026-08-17T14:40:00-04:00,2026-11-20,95,500.0,call,0.6513357445560723,77.39067077636719,530.37,fixed_strike,81.11000061035156,80.25169372558594,79.48875427246094,80.63316345214844,82.92198181152344,1.1444091796875,-1.049041748046875,,,,83.73260498046875,74.10049438476562,-9.632110595703125,29.971197625439604,51.13880298491196,,QuantData term-structure
2026-08-17T14:40:00-04:00,2026-11-20,95,500.0,put,-0.3401997648325531,79.01191711425781,530.37,fixed_strike,81.11000061035156,80.25169372558594,79.48875427246094,80.63316345214844,82.92198181152344,1.1444091796875,-1.049041748046875,,,,83.73260498046875,74.10049438476562,-9.632110595703125,29.971197625439604,51.13880298491196,,QuantData term-structure
2026-08-17T14:40:00-04:00,2026-11-20,95,510.0,call,0.6340508035169012,78.24897766113281,530.37,fixed_strike,81.11000061035156,80.25169372558594,79.48875427246094,80.63316345214844,82.92198181152344,1.1444091796875,-1.049041748046875,,,,83.73260498046875,74.10049438476562,-9.632110595703125,29.971197625439604,51.13880298491196,,QuantData term-structure
2026-08-17T14:40:00-04:00,2026-11-20,95,510.0,put,-0.35827374590107414,80.72853088378906,530.37,fixed_strike,81.11000061035156,80.25169372558594,79.48875427246094,80.63316345214844,82.92198181152344,1.1444091796875,-1.049041748046875,,,,83.73260498046875,74.10049438476562,-9.632110595703125,29.971197625439604,51.13880298491196,,QuantData term-structure
2026-08-17T14:40:00-04:00,2026-11-20,95,520.0,call,0.6095335491212892,78.53507995605469,530.37,fixed_strike,81.11000061035156,80.25169372558594,79.48875427246094,80.63316345214844,82.92198181152344,1.1444091796875,-1.049041748046875,,,,83.73260498046875,74.10049438476562,-9.632110595703125,29.971197625439604,51.13880298491196,,QuantData term-structure
2026-08-17T14:40:00-04:00,2026-11-20,95,530.0,call,0.612956837823446,81.11000061035156,530.37,fixed_strike,81.11000061035156,80.25169372558594,79.48875427246094,80.63316345214844,82.92198181152344,1.1444091796875,-1.049041748046875,,,,83.73260498046875,74.10049438476562,-9.632110595703125,29.971197625439604,51.13880298491196,,QuantData term-structure
2026-08-17T14:40:00-04:00,2026-11-20,95,540.0,call,0.5739741050061805,78.15361022949219,530.37,fixed_strike,81.11000061035156,80.25169372558594,79.48875427246094,80.63316345214844,82.92198181152344,1.1444091796875,-1.049041748046875,,,,83.73260498046875,74.10049438476562,-9.632110595703125,29.971197625439604,51.13880298491196,,QuantData term-structure
2026-08-17T14:40:00-04:00,2026-11-20,95,540.0,put,-0.39508450929479505,80.53779602050781,530.37,fixed_strike,81.11000061035156,80.25169372558594,79.48875427246094,80.63316345214844,82.92198181152344,1.1444091796875,-1.049041748046875,,,,83.73260498046875,74.10049438476562,-9.632110595703125,29.971197625439604,51.13880298491196,,QuantData term-structure
2026-08-17T14:40:00-04:00,2026-11-20,95,550.0,call,0.5528368219516011,77.86750793457031,530.37,fixed_strike,81.11000061035156,80.25169372558594,79.48875427246094,80.63316345214844,82.92198181152344,1.1444091796875,-1.049041748046875,,,,83.73260498046875,74.10049438476562,-9.632110595703125,29.971197625439604,51.13880298491196,,QuantData term-structure
2026-08-17T14:40:00-04:00,2026-11-20,95,550.0,put,-0.4107690877760273,81.11000061035156,530.37,fixed_strike,81.11000061035156,80.25169372558594,79.48875427246094,80.63316345214844,82.92198181152344,1.1444091796875,-1.049041748046875,,,,83.73260498046875,74.10049438476562,-9.632110595703125,29.971197625439604,51.13880298491196,,QuantData term-structure
2026-08-17T14:40:00-04:00,2026-11-20,95,560.0,call,0.5686982830812854,79.39338684082031,530.37,fixed_strike,81.11000061035156,80.25169372558594,79.48875427246094,80.63316345214844,82.92198181152344,1.1444091796875,-1.049041748046875,,,,83.73260498046875,74.10049438476562,-9.632110595703125,29.971197625439604,51.13880298491196,,QuantData term-structure
2026-08-17T14:40:00-04:00,2026-11-20,95,560.0,put,-0.4280510880478846,81.01463317871094,530.37,fixed_strike,81.11000061035156,80.25169372558594,79.48875427246094,80.63316345214844,82.92198181152344,1.1444091796875,-1.049041748046875,,,,83.73260498046875,74.10049438476562,-9.632110595703125,29.971197625439604,51.13880298491196,,QuantData term-structure
2026-08-17T14:40:00-04:00,2026-11-20,95,570.0,call,0.523664048748269,78.34434509277344,530.37,fixed_strike,81.11000061035156,80.25169372558594,79.48875427246094,80.63316345214844,82.92198181152344,1.1444091796875,-1.049041748046875,,,,83.73260498046875,74.10049438476562,-9.632110595703125,29.971197625439604,51.13880298491196,,QuantData term-structure
2026-08-17T14:40:00-04:00,2026-11-20,95,570.0,put,-0.44482145274130275,80.53779602050781,530.37,fixed_strike,81.11000061035156,80.25169372558594,79.48875427246094,80.63316345214844,82.92198181152344,1.1444091796875,-1.049041748046875,,,,83.73260498046875,74.10049438476562,-9.632110595703125,29.971197625439604,51.13880298491196,,QuantData term-structure
2026-08-17T14:40:00-04:00,2026-11-20,95,580.0,call,0.5158460926575502,78.82118225097656,530.37,fixed_strike,81.11000061035156,80.25169372558594,79.48875427246094,80.63316345214844,82.92198181152344,1.1444091796875,-1.049041748046875,,,,83.73260498046875,74.10049438476562,-9.632110595703125,29.971197625439604,51.13880298491196,,QuantData term-structure
2026-08-17T14:40:00-04:00,2026-11-20,95,590.0,call,0.5197568161961321,80.06095886230469,530.37,fixed_strike,81.11000061035156,80.25169372558594,79.48875427246094,80.63316345214844,82.92198181152344,1.1444091796875,-1.049041748046875,,,,83.73260498046875,74.10049438476562,-9.632110595703125,29.971197625439604,51.13880298491196,,QuantData term-structure
2026-08-17T14:40:00-04:00,2026-11-20,95,590.0,put,-0.47631612869645684,81.58683776855469,530.37,fixed_strike,81.11000061035156,80.25169372558594,79.48875427246094,80.63316345214844,82.92198181152344,1.1444091796875,-1.049041748046875,,,,83.73260498046875,74.10049438476562,-9.632110595703125,29.971197625439604,51.13880298491196,,QuantData term-structure
2026-08-17T14:40:00-04:00,2026-11-20,95,600.0,call,0.4824007833046412,79.39338684082031,530.37,fixed_strike,81.11000061035156,80.25169372558594,79.48875427246094,80.63316345214844,82.92198181152344,1.1444091796875,-1.049041748046875,,,,83.73260498046875,74.10049438476562,-9.632110595703125,29.971197625439604,51.13880298491196,,QuantData term-structure
2026-08-17T14:40:00-04:00,2026-11-20,95,600.0,put,-0.4909446031817246,82.15904235839844,530.37,fixed_strike,81.11000061035156,80.25169372558594,79.48875427246094,80.63316345214844,82.92198181152344,1.1444091796875,-1.049041748046875,,,,83.73260498046875,74.10049438476562,-9.632110595703125,29.971197625439604,51.13880298491196,,QuantData term-structure
2026-08-17T14:40:00-04:00,2026-11-20,95,610.0,call,0.4589629862917293,78.24897766113281,530.37,fixed_strike,81.11000061035156,80.25169372558594,79.48875427246094,80.63316345214844,82.92198181152344,1.1444091796875,-1.049041748046875,,,,83.73260498046875,74.10049438476562,-9.632110595703125,29.971197625439604,51.13880298491196,,QuantData term-structure
2026-08-17T14:40:00-04:00,2026-11-20,95,610.0,put,-0.5110796628650582,81.20536804199219,530.37,fixed_strike,81.11000061035156,80.25169372558594,79.48875427246094,80.63316345214844,82.92198181152344,1.1444091796875,-1.049041748046875,,,,83.73260498046875,74.10049438476562,-9.632110595703125,29.971197625439604,51.13880298491196,,QuantData term-structure
2026-08-17T14:40:00-04:00,2026-11-20,95,620.0,put,-0.5236536208306553,81.58683776855469,530.37,fixed_strike,81.11000061035156,80.25169372558594,79.48875427246094,80.63316345214844,82.92198181152344,1.1444091796875,-1.049041748046875,,,,83.73260498046875,74.10049438476562,-9.632110595703125,29.971197625439604,51.13880298491196,,QuantData term-structure
2026-08-17T14:40:00-04:00,2026-11-20,95,630.0,call,0.424670834121899,78.63044738769531,530.37,fixed_strike,81.11000061035156,80.25169372558594,79.48875427246094,80.63316345214844,82.92198181152344,1.1444091796875,-1.049041748046875,,,,83.73260498046875,74.10049438476562,-9.632110595703125,29.971197625439604,51.13880298491196,,QuantData term-structure
2026-08-17T14:40:00-04:00,2026-11-20,95,630.0,put,-0.5392186279891775,81.77757263183594,530.37,fixed_strike,81.11000061035156,80.25169372558594,79.48875427246094,80.63316345214844,82.92198181152344,1.1444091796875,-1.049041748046875,,,,83.73260498046875,74.10049438476562,-9.632110595703125,29.971197625439604,51.13880298491196,,QuantData term-structure
2026-08-17T14:40:00-04:00,2026-11-20,95,640.0,call,0.40817982657157936,78.34434509277344,530.37,fixed_strike,81.11000061035156,80.25169372558594,79.48875427246094,80.63316345214844,82.92198181152344,1.1444091796875,-1.049041748046875,,,,83.73260498046875,74.10049438476562,-9.632110595703125,29.971197625439604,51.13880298491196,,QuantData term-structure
2026-08-17T14:40:00-04:00,2026-11-20,95,640.0,put,-0.5541110678536765,82.06367492675781,530.37,fixed_strike,81.11000061035156,80.25169372558594,79.48875427246094,80.63316345214844,82.92198181152344,1.1444091796875,-1.049041748046875,,,,83.73260498046875,74.10049438476562,-9.632110595703125,29.971197625439604,51.13880298491196,,QuantData term-structure
2026-08-17T14:40:00-04:00,2026-11-20,95,650.0,call,0.3855799978019382,77.67677307128906,530.37,fixed_strike,81.11000061035156,80.25169372558594,79.48875427246094,80.63316345214844,82.92198181152344,1.1444091796875,-1.049041748046875,,,,83.73260498046875,74.10049438476562,-9.632110595703125,29.971197625439604,51.13880298491196,,QuantData term-structure
2026-08-17T14:40:00-04:00,2026-11-20,95,650.0,put,-0.5719340370310984,81.68220520019531,530.37,fixed_strike,81.11000061035156,80.25169372558594,79.48875427246094,80.63316345214844,82.92198181152344,1.1444091796875,-1.049041748046875,,,,83.73260498046875,74.10049438476562,-9.632110595703125,29.971197625439604,51.13880298491196,,QuantData term-structure
2026-08-17T14:40:00-04:00,2026-11-20,95,690.0,put,-0.620586562754919,83.11271667480469,530.37,fixed_strike,81.11000061035156,80.25169372558594,79.48875427246094,80.63316345214844,82.92198181152344,1.1444091796875,-1.049041748046875,,,,83.73260498046875,74.10049438476562,-9.632110595703125,29.971197625439604,51.13880298491196,,QuantData term-structure
2026-08-17T14:40:00-04:00,2026-11-20,95,700.0,call,0.3235951027918894,78.63044738769531,530.37,fixed_strike,81.11000061035156,80.25169372558594,79.48875427246094,80.63316345214844,82.92198181152344,1.1444091796875,-1.049041748046875,,,,83.73260498046875,74.10049438476562,-9.632110595703125,29.971197625439604,51.13880298491196,,QuantData term-structure
2026-08-17T14:40:00-04:00,2026-11-20,95,710.0,call,0.323898970456555,77.58140563964844,530.37,fixed_strike,81.11000061035156,80.25169372558594,79.48875427246094,80.63316345214844,82.92198181152344,1.1444091796875,-1.049041748046875,,,,83.73260498046875,74.10049438476562,-9.632110595703125,29.971197625439604,51.13880298491196,,QuantData term-structure
2026-08-17T14:40:00-04:00,2026-11-20,95,720.0,call,0.30180985383154657,79.01191711425781,530.37,fixed_strike,81.11000061035156,80.25169372558594,79.48875427246094,80.63316345214844,82.92198181152344,1.1444091796875,-1.049041748046875,,,,83.73260498046875,74.10049438476562,-9.632110595703125,29.971197625439604,51.13880298491196,,QuantData term-structure
2026-08-17T14:40:00-04:00,2026-11-20,95,730.0,call,0.293627037929992,79.58412170410156,530.37,fixed_strike,81.11000061035156,80.25169372558594,79.48875427246094,80.63316345214844,82.92198181152344,1.1444091796875,-1.049041748046875,,,,83.73260498046875,74.10049438476562,-9.632110595703125,29.971197625439604,51.13880298491196,,QuantData term-structure
2026-08-17T14:40:00-04:00,2026-11-20,95,740.0,call,0.30279788266118546,81.20536804199219,530.37,fixed_strike,81.11000061035156,80.25169372558594,79.48875427246094,80.63316345214844,82.92198181152344,1.1444091796875,-1.049041748046875,,,,83.73260498046875,74.10049438476562,-9.632110595703125,29.971197625439604,51.13880298491196,,QuantData term-structure
2026-08-17T14:40:00-04:00,2026-11-20,95,750.0,call,0.2977110975077272,80.53779602050781,530.37,fixed_strike,81.11000061035156,80.25169372558594,79.48875427246094,80.63316345214844,82.92198181152344,1.1444091796875,-1.049041748046875,,,,83.73260498046875,74.10049438476562,-9.632110595703125,29.971197625439604,51.13880298491196,,QuantData term-structure
2026-08-17T14:40:00-04:00,2026-11-20,95,790.0,call,0.2552640824933696,80.63316345214844,530.37,fixed_strike,81.11000061035156,80.25169372558594,79.48875427246094,80.63316345214844,82.92198181152344,1.1444091796875,-1.049041748046875,,,,83.73260498046875,74.10049438476562,-9.632110595703125,29.971197625439604,51.13880298491196,,QuantData term-structure
2026-08-17T14:40:00-04:00,2026-11-20,95,800.0,call,0.21351818868099348,78.43971252441406,530.37,fixed_strike,81.11000061035156,80.25169372558594,79.48875427246094,80.63316345214844,82.92198181152344,1.1444091796875,-1.049041748046875,,,,83.73260498046875,74.10049438476562,-9.632110595703125,29.971197625439604,51.13880298491196,,QuantData term-structure
2026-08-17T14:40:00-04:00,2026-11-20,95,810.0,call,0.21627518095887105,80.82389831542969,530.37,fixed_strike,81.11000061035156,80.25169372558594,79.48875427246094,80.63316345214844,82.92198181152344,1.1444091796875,-1.049041748046875,,,,83.73260498046875,74.10049438476562,-9.632110595703125,29.971197625439604,51.13880298491196,,QuantData term-structure
2026-08-17T14:40:00-04:00,2026-11-20,95,820.0,call,0.20696021135464282,80.34706115722656,530.37,fixed_strike,81.11000061035156,80.25169372558594,79.48875427246094,80.63316345214844,82.92198181152344,1.1444091796875,-1.049041748046875,,,,83.73260498046875,74.10049438476562,-9.632110595703125,29.971197625439604,51.13880298491196,,QuantData term-structure
2026-08-17T14:40:00-04:00,2026-11-20,95,840.0,call,0.21287662724877537,81.58683776855469,530.37,fixed_strike,81.11000061035156,80.25169372558594,79.48875427246094,80.63316345214844,82.92198181152344,1.1444091796875,-1.049041748046875,,,,83.73260498046875,74.10049438476562,-9.632110595703125,29.971197625439604,51.13880298491196,,QuantData term-structure
2026-08-17T14:40:00-04:00,2026-11-20,95,850.0,call,0.19931708224200168,80.25169372558594,530.37,fixed_strike,81.11000061035156,80.25169372558594,79.48875427246094,80.63316345214844,82.92198181152344,1.1444091796875,-1.049041748046875,,,,83.73260498046875,74.10049438476562,-9.632110595703125,29.971197625439604,51.13880298491196,,QuantData term-structure
2026-08-17T14:40:00-04:00,2026-11-20,95,860.0,call,0.18996171909950643,82.25440979003906,530.37,fixed_strike,81.11000061035156,80.25169372558594,79.48875427246094,80.63316345214844,82.92198181152344,1.1444091796875,-1.049041748046875,,,,83.73260498046875,74.10049438476562,-9.632110595703125,29.971197625439604,51.13880298491196,,QuantData term-structure
2026-08-17T14:40:00-04:00,2026-11-20,95,880.0,call,0.17520255252828876,81.68220520019531,530.37,fixed_strike,81.11000061035156,80.25169372558594,79.48875427246094,80.63316345214844,82.92198181152344,1.1444091796875,-1.049041748046875,,,,83.73260498046875,74.10049438476562,-9.632110595703125,29.971197625439604,51.13880298491196,,QuantData term-structure
2026-08-17T14:40:00-04:00,2026-11-20,95,900.0,call,0.15391168710774888,81.39610290527344,530.37,fixed_strike,81.11000061035156,80.25169372558594,79.48875427246094,80.63316345214844,82.92198181152344,1.1444091796875,-1.049041748046875,,,,83.73260498046875,74.10049438476562,-9.632110595703125,29.971197625439604,51.13880298491196,,QuantData term-structure
2026-08-17T14:40:00-04:00,2026-11-20,95,950.0,call,0.13413355140353317,84.82933044433594,530.37,fixed_strike,81.11000061035156,80.25169372558594,79.48875427246094,80.63316345214844,82.92198181152344,1.1444091796875,-1.049041748046875,,,,83.73260498046875,74.10049438476562,-9.632110595703125,29.971197625439604,51.13880298491196,,QuantData term-structure
2026-08-17T14:40:00-04:00,2026-11-20,95,1000.0,call,0.10540125409955492,82.92198181152344,530.37,fixed_strike,81.11000061035156,80.25169372558594,79.48875427246094,80.63316345214844,82.92198181152344,1.1444091796875,-1.049041748046875,,,,83.73260498046875,74.10049438476562,-9.632110595703125,29.971197625439604,51.13880298491196,,QuantData term-structure
2026-08-17T14:40:00-04:00,2026-11-20,95,1080.0,call,0.0823952212472665,84.73396301269531,530.37,fixed_strike,81.11000061035156,80.25169372558594,79.48875427246094,80.63316345214844,82.92198181152344,1.1444091796875,-1.049041748046875,,,,83.73260498046875,74.10049438476562,-9.632110595703125,29.971197625439604,51.13880298491196,,QuantData term-structure
2026-08-17T14:40:00-04:00,2026-11-20,95,1100.0,call,0.07276091644312271,80.91926574707031,530.37,fixed_strike,81.11000061035156,80.25169372558594,79.48875427246094,80.63316345214844,82.92198181152344,1.1444091796875,-1.049041748046875,,,,83.73260498046875,74.10049438476562,-9.632110595703125,29.971197625439604,51.13880298491196,,QuantData term-structure
2026-08-17T14:40:00-04:00,2026-11-20,95,1120.0,call,0.0774327800632309,84.25712585449219,530.37,fixed_strike,81.11000061035156,80.25169372558594,79.48875427246094,80.63316345214844,82.92198181152344,1.1444091796875,-1.049041748046875,,,,83.73260498046875,74.10049438476562,-9.632110595703125,29.971197625439604,51.13880298491196,,QuantData term-structure
2026-08-17T14:40:00-04:00,2026-11-20,95,1140.0,call,0.05586147387947571,81.49147033691406,530.37,fixed_strike,81.11000061035156,80.25169372558594,79.48875427246094,80.63316345214844,82.92198181152344,1.1444091796875,-1.049041748046875,,,,83.73260498046875,74.10049438476562,-9.632110595703125,29.971197625439604,51.13880298491196,,QuantData term-structure
2026-08-17T14:40:00-04:00,2026-11-20,95,1160.0,call,0.05635429611332027,83.39881896972656,530.37,fixed_strike,81.11000061035156,80.25169372558594,79.48875427246094,80.63316345214844,82.92198181152344,1.1444091796875,-1.049041748046875,,,,83.73260498046875,74.10049438476562,-9.632110595703125,29.971197625439604,51.13880298491196,,QuantData term-structure
2026-08-17T14:40:00-04:00,2026-12-18,123,35.0,put,-8.01258810555801e-05,140.0470733642578,530.37,fixed_strike,78.05824279785156,83.01734924316406,77.39067077636719,80.91926574707031,82.34977722167969,3.528594970703125,1.0967254638671875,,,,83.73260498046875,74.10049438476562,-9.632110595703125,29.971197625439604,48.08704517241196,,QuantData term-structure
2026-08-17T14:40:00-04:00,2026-12-18,123,160.0,put,-0.005672457709593247,91.60041809082031,530.37,fixed_strike,78.05824279785156,83.01734924316406,77.39067077636719,80.91926574707031,82.34977722167969,3.528594970703125,1.0967254638671875,,,,83.73260498046875,74.10049438476562,-9.632110595703125,29.971197625439604,48.08704517241196,,QuantData term-structure
2026-08-17T14:40:00-04:00,2026-12-18,123,240.0,put,-0.026686677682597103,85.78300476074219,530.37,fixed_strike,78.05824279785156,83.01734924316406,77.39067077636719,80.91926574707031,82.34977722167969,3.528594970703125,1.0967254638671875,,,,83.73260498046875,74.10049438476562,-9.632110595703125,29.971197625439604,48.08704517241196,,QuantData term-structure
2026-08-17T14:40:00-04:00,2026-12-18,123,250.0,put,-0.03365490963126491,85.11543273925781,530.37,fixed_strike,78.05824279785156,83.01734924316406,77.39067077636719,80.91926574707031,82.34977722167969,3.528594970703125,1.0967254638671875,,,,83.73260498046875,74.10049438476562,-9.632110595703125,29.971197625439604,48.08704517241196,,QuantData term-structure
2026-08-17T14:40:00-04:00,2026-12-18,123,260.0,put,-0.03273805268977401,81.58683776855469,530.37,fixed_strike,78.05824279785156,83.01734924316406,77.39067077636719,80.91926574707031,82.34977722167969,3.528594970703125,1.0967254638671875,,,,83.73260498046875,74.10049438476562,-9.632110595703125,29.971197625439604,48.08704517241196,,QuantData term-structure
2026-08-17T14:40:00-04:00,2026-12-18,123,270.0,put,-0.0439886311789176,84.82933044433594,530.37,fixed_strike,78.05824279785156,83.01734924316406,77.39067077636719,80.91926574707031,82.34977722167969,3.528594970703125,1.0967254638671875,,,,83.73260498046875,74.10049438476562,-9.632110595703125,29.971197625439604,48.08704517241196,,QuantData term-structure
2026-08-17T14:40:00-04:00,2026-12-18,123,280.0,put,-0.04618810242545057,81.77757263183594,530.37,fixed_strike,78.05824279785156,83.01734924316406,77.39067077636719,80.91926574707031,82.34977722167969,3.528594970703125,1.0967254638671875,,,,83.73260498046875,74.10049438476562,-9.632110595703125,29.971197625439604,48.08704517241196,,QuantData term-structure
2026-08-17T14:40:00-04:00,2026-12-18,123,300.0,put,-0.07037086137932275,81.39610290527344,530.37,fixed_strike,78.05824279785156,83.01734924316406,77.39067077636719,80.91926574707031,82.34977722167969,3.528594970703125,1.0967254638671875,,,,83.73260498046875,74.10049438476562,-9.632110595703125,29.971197625439604,48.08704517241196,,QuantData term-structure
2026-08-17T14:40:00-04:00,2026-12-18,123,320.0,put,-0.08955397396801801,80.72853088378906,530.37,fixed_strike,78.05824279785156,83.01734924316406,77.39067077636719,80.91926574707031,82.34977722167969,3.528594970703125,1.0967254638671875,,,,83.73260498046875,74.10049438476562,-9.632110595703125,29.971197625439604,48.08704517241196,,QuantData term-structure
2026-08-17T14:40:00-04:00,2026-12-18,123,330.0,put,-0.09575021447246773,83.01734924316406,530.37,fixed_strike,78.05824279785156,83.01734924316406,77.39067077636719,80.91926574707031,82.34977722167969,3.528594970703125,1.0967254638671875,,,,83.73260498046875,74.10049438476562,-9.632110595703125,29.971197625439604,48.08704517241196,,QuantData term-structure
2026-08-17T14:40:00-04:00,2026-12-18,123,340.0,put,-0.10947020808856811,82.54051208496094,530.37,fixed_strike,78.05824279785156,83.01734924316406,77.39067077636719,80.91926574707031,82.34977722167969,3.528594970703125,1.0967254638671875,,,,83.73260498046875,74.10049438476562,-9.632110595703125,29.971197625439604,48.08704517241196,,QuantData term-structure
2026-08-17T14:40:00-04:00,2026-12-18,123,350.0,put,-0.12630869736662226,80.63316345214844,530.37,fixed_strike,78.05824279785156,83.01734924316406,77.39067077636719,80.91926574707031,82.34977722167969,3.528594970703125,1.0967254638671875,,,,83.73260498046875,74.10049438476562,-9.632110595703125,29.971197625439604,48.08704517241196,,QuantData term-structure
2026-08-17T14:40:00-04:00,2026-12-18,123,360.0,put,-0.1225360280739255,80.91926574707031,530.37,fixed_strike,78.05824279785156,83.01734924316406,77.39067077636719,80.91926574707031,82.34977722167969,3.528594970703125,1.0967254638671875,,,,83.73260498046875,74.10049438476562,-9.632110595703125,29.971197625439604,48.08704517241196,,QuantData term-structure
2026-08-17T14:40:00-04:00,2026-12-18,123,370.0,put,-0.1500874850463209,79.29801940917969,530.37,fixed_strike,78.05824279785156,83.01734924316406,77.39067077636719,80.91926574707031,82.34977722167969,3.528594970703125,1.0967254638671875,,,,83.73260498046875,74.10049438476562,-9.632110595703125,29.971197625439604,48.08704517241196,,QuantData term-structure
2026-08-17T14:40:00-04:00,2026-12-18,123,380.0,put,-0.1562526231112849,80.82389831542969,530.37,fixed_strike,78.05824279785156,83.01734924316406,77.39067077636719,80.91926574707031,82.34977722167969,3.528594970703125,1.0967254638671875,,,,83.73260498046875,74.10049438476562,-9.632110595703125,29.971197625439604,48.08704517241196,,QuantData term-structure
2026-08-17T14:40:00-04:00,2026-12-18,123,400.0,call,0.826892378391351,73.09913635253906,530.37,fixed_strike,78.05824279785156,83.01734924316406,77.39067077636719,80.91926574707031,82.34977722167969,3.528594970703125,1.0967254638671875,,,,83.73260498046875,74.10049438476562,-9.632110595703125,29.971197625439604,48.08704517241196,,QuantData term-structure
2026-08-17T14:40:00-04:00,2026-12-18,123,400.0,put,-0.18873028723518886,78.91654968261719,530.37,fixed_strike,78.05824279785156,83.01734924316406,77.39067077636719,80.91926574707031,82.34977722167969,3.528594970703125,1.0967254638671875,,,,83.73260498046875,74.10049438476562,-9.632110595703125,29.971197625439604,48.08704517241196,,QuantData term-structure
2026-08-17T14:40:00-04:00,2026-12-18,123,410.0,put,-0.18827757523684985,79.87022399902344,530.37,fixed_strike,78.05824279785156,83.01734924316406,77.39067077636719,80.91926574707031,82.34977722167969,3.528594970703125,1.0967254638671875,,,,83.73260498046875,74.10049438476562,-9.632110595703125,29.971197625439604,48.08704517241196,,QuantData term-structure
2026-08-17T14:40:00-04:00,2026-12-18,123,420.0,call,0.7783323858465635,80.06095886230469,530.37,fixed_strike,78.05824279785156,83.01734924316406,77.39067077636719,80.91926574707031,82.34977722167969,3.528594970703125,1.0967254638671875,,,,83.73260498046875,74.10049438476562,-9.632110595703125,29.971197625439604,48.08704517241196,,QuantData term-structure
2026-08-17T14:40:00-04:00,2026-12-18,123,420.0,put,-0.2061089943374289,79.48875427246094,530.37,fixed_strike,78.05824279785156,83.01734924316406,77.39067077636719,80.91926574707031,82.34977722167969,3.528594970703125,1.0967254638671875,,,,83.73260498046875,74.10049438476562,-9.632110595703125,29.971197625439604,48.08704517241196,,QuantData term-structure
2026-08-17T14:40:00-04:00,2026-12-18,123,430.0,call,0.7834183625489513,77.39067077636719,530.37,fixed_strike,78.05824279785156,83.01734924316406,77.39067077636719,80.91926574707031,82.34977722167969,3.528594970703125,1.0967254638671875,,,,83.73260498046875,74.10049438476562,-9.632110595703125,29.971197625439604,48.08704517241196,,QuantData term-structure
2026-08-17T14:40:00-04:00,2026-12-18,123,430.0,put,-0.23579769702812353,79.39338684082031,530.37,fixed_strike,78.05824279785156,83.01734924316406,77.39067077636719,80.91926574707031,82.34977722167969,3.528594970703125,1.0967254638671875,,,,83.73260498046875,74.10049438476562,-9.632110595703125,29.971197625439604,48.08704517241196,,QuantData term-structure
2026-08-17T14:40:00-04:00,2026-12-18,123,440.0,call,0.752532022664117,78.63044738769531,530.37,fixed_strike,78.05824279785156,83.01734924316406,77.39067077636719,80.91926574707031,82.34977722167969,3.528594970703125,1.0967254638671875,,,,83.73260498046875,74.10049438476562,-9.632110595703125,29.971197625439604,48.08704517241196,,QuantData term-structure
2026-08-17T14:40:00-04:00,2026-12-18,123,440.0,put,-0.250218831972326,77.39067077636719,530.37,fixed_strike,78.05824279785156,83.01734924316406,77.39067077636719,80.91926574707031,82.34977722167969,3.528594970703125,1.0967254638671875,,,,83.73260498046875,74.10049438476562,-9.632110595703125,29.971197625439604,48.08704517241196,,QuantData term-structure
2026-08-17T14:40:00-04:00,2026-12-18,123,450.0,call,0.7332670213922255,79.96559143066406,530.37,fixed_strike,78.05824279785156,83.01734924316406,77.39067077636719,80.91926574707031,82.34977722167969,3.528594970703125,1.0967254638671875,,,,83.73260498046875,74.10049438476562,-9.632110595703125,29.971197625439604,48.08704517241196,,QuantData term-structure
2026-08-17T14:40:00-04:00,2026-12-18,123,450.0,put,-0.2670880474812019,81.68220520019531,530.37,fixed_strike,78.05824279785156,83.01734924316406,77.39067077636719,80.91926574707031,82.34977722167969,3.528594970703125,1.0967254638671875,,,,83.73260498046875,74.10049438476562,-9.632110595703125,29.971197625439604,48.08704517241196,,QuantData term-structure
2026-08-17T14:40:00-04:00,2026-12-18,123,460.0,call,0.7252306423705941,79.10728454589844,530.37,fixed_strike,78.05824279785156,83.01734924316406,77.39067077636719,80.91926574707031,82.34977722167969,3.528594970703125,1.0967254638671875,,,,83.73260498046875,74.10049438476562,-9.632110595703125,29.971197625439604,48.08704517241196,,QuantData term-structure
2026-08-17T14:40:00-04:00,2026-12-18,123,460.0,put,-0.28239301191579513,78.91654968261719,530.37,fixed_strike,78.05824279785156,83.01734924316406,77.39067077636719,80.91926574707031,82.34977722167969,3.528594970703125,1.0967254638671875,,,,83.73260498046875,74.10049438476562,-9.632110595703125,29.971197625439604,48.08704517241196,,QuantData term-structure
2026-08-17T14:40:00-04:00,2026-12-18,123,470.0,call,0.7089098424411059,78.72581481933594,530.37,fixed_strike,78.05824279785156,83.01734924316406,77.39067077636719,80.91926574707031,82.34977722167969,3.528594970703125,1.0967254638671875,,,,83.73260498046875,74.10049438476562,-9.632110595703125,29.971197625439604,48.08704517241196,,QuantData term-structure
2026-08-17T14:40:00-04:00,2026-12-18,123,470.0,put,-0.29971412170694545,79.20265197753906,530.37,fixed_strike,78.05824279785156,83.01734924316406,77.39067077636719,80.91926574707031,82.34977722167969,3.528594970703125,1.0967254638671875,,,,83.73260498046875,74.10049438476562,-9.632110595703125,29.971197625439604,48.08704517241196,,QuantData term-structure
2026-08-17T14:40:00-04:00,2026-12-18,123,480.0,put,-0.3193852676863054,78.15361022949219,530.37,fixed_strike,78.05824279785156,83.01734924316406,77.39067077636719,80.91926574707031,82.34977722167969,3.528594970703125,1.0967254638671875,,,,83.73260498046875,74.10049438476562,-9.632110595703125,29.971197625439604,48.08704517241196,,QuantData term-structure
2026-08-17T14:40:00-04:00,2026-12-18,123,490.0,call,0.6710982672370807,78.53507995605469,530.37,fixed_strike,78.05824279785156,83.01734924316406,77.39067077636719,80.91926574707031,82.34977722167969,3.528594970703125,1.0967254638671875,,,,83.73260498046875,74.10049438476562,-9.632110595703125,29.971197625439604,48.08704517241196,,QuantData term-structure
2026-08-17T14:40:00-04:00,2026-12-18,123,490.0,put,-0.326488888687148,78.82118225097656,530.37,fixed_strike,78.05824279785156,83.01734924316406,77.39067077636719,80.91926574707031,82.34977722167969,3.528594970703125,1.0967254638671875,,,,83.73260498046875,74.10049438476562,-9.632110595703125,29.971197625439604,48.08704517241196,,QuantData term-structure
2026-08-17T14:40:00-04:00,2026-12-18,123,500.0,call,0.6612357728747101,77.77214050292969,530.37,fixed_strike,78.05824279785156,83.01734924316406,77.39067077636719,80.91926574707031,82.34977722167969,3.528594970703125,1.0967254638671875,,,,83.73260498046875,74.10049438476562,-9.632110595703125,29.971197625439604,48.08704517241196,,QuantData term-structure
2026-08-17T14:40:00-04:00,2026-12-18,123,500.0,put,-0.3516222000587207,78.34434509277344,530.37,fixed_strike,78.05824279785156,83.01734924316406,77.39067077636719,80.91926574707031,82.34977722167969,3.528594970703125,1.0967254638671875,,,,83.73260498046875,74.10049438476562,-9.632110595703125,29.971197625439604,48.08704517241196,,QuantData term-structure
2026-08-17T14:40:00-04:00,2026-12-18,123,510.0,call,0.6596762892238635,78.63044738769531,530.37,fixed_strike,78.05824279785156,83.01734924316406,77.39067077636719,80.91926574707031,82.34977722167969,3.528594970703125,1.0967254638671875,,,,83.73260498046875,74.10049438476562,-9.632110595703125,29.971197625439604,48.08704517241196,,QuantData term-structure
2026-08-17T14:40:00-04:00,2026-12-18,123,520.0,put,-0.38470710145978304,77.48603820800781,530.37,fixed_strike,78.05824279785156,83.01734924316406,77.39067077636719,80.91926574707031,82.34977722167969,3.528594970703125,1.0967254638671875,,,,83.73260498046875,74.10049438476562,-9.632110595703125,29.971197625439604,48.08704517241196,,QuantData term-structure
2026-08-17T14:40:00-04:00,2026-12-18,123,530.0,call,0.6057155598827992,78.05824279785156,530.37,fixed_strike,78.05824279785156,83.01734924316406,77.39067077636719,80.91926574707031,82.34977722167969,3.528594970703125,1.0967254638671875,,,,83.73260498046875,74.10049438476562,-9.632110595703125,29.971197625439604,48.08704517241196,,QuantData term-structure
2026-08-17T14:40:00-04:00,2026-12-18,123,540.0,call,0.5981136723677279,77.58140563964844,530.37,fixed_strike,78.05824279785156,83.01734924316406,77.39067077636719,80.91926574707031,82.34977722167969,3.528594970703125,1.0967254638671875,,,,83.73260498046875,74.10049438476562,-9.632110595703125,29.971197625439604,48.08704517241196,,QuantData term-structure
2026-08-17T14:40:00-04:00,2026-12-18,123,540.0,put,-0.39801079260303446,79.20265197753906,530.37,fixed_strike,78.05824279785156,83.01734924316406,77.39067077636719,80.91926574707031,82.34977722167969,3.528594970703125,1.0967254638671875,,,,83.73260498046875,74.10049438476562,-9.632110595703125,29.971197625439604,48.08704517241196,,QuantData term-structure
2026-08-17T14:40:00-04:00,2026-12-18,123,550.0,call,0.5726388247915597,76.81846618652344,530.37,fixed_strike,78.05824279785156,83.01734924316406,77.39067077636719,80.91926574707031,82.34977722167969,3.528594970703125,1.0967254638671875,,,,83.73260498046875,74.10049438476562,-9.632110595703125,29.971197625439604,48.08704517241196,,QuantData term-structure
2026-08-17T14:40:00-04:00,2026-12-18,123,550.0,put,-0.39734234627547055,81.39610290527344,530.37,fixed_strike,78.05824279785156,83.01734924316406,77.39067077636719,80.91926574707031,82.34977722167969,3.528594970703125,1.0967254638671875,,,,83.73260498046875,74.10049438476562,-9.632110595703125,29.971197625439604,48.08704517241196,,QuantData term-structure
2026-08-17T14:40:00-04:00,2026-12-18,123,560.0,call,0.551431215530009,77.10456848144531,530.37,fixed_strike,78.05824279785156,83.01734924316406,77.39067077636719,80.91926574707031,82.34977722167969,3.528594970703125,1.0967254638671875,,,,83.73260498046875,74.10049438476562,-9.632110595703125,29.971197625439604,48.08704517241196,,QuantData term-structure
2026-08-17T14:40:00-04:00,2026-12-18,123,570.0,call,0.5560185126885024,78.91654968261719,530.37,fixed_strike,78.05824279785156,83.01734924316406,77.39067077636719,80.91926574707031,82.34977722167969,3.528594970703125,1.0967254638671875,,,,83.73260498046875,74.10049438476562,-9.632110595703125,29.971197625439604,48.08704517241196,,QuantData term-structure
2026-08-17T14:40:00-04:00,2026-12-18,123,580.0,call,0.5370066527130497,78.82118225097656,530.37,fixed_strike,78.05824279785156,83.01734924316406,77.39067077636719,80.91926574707031,82.34977722167969,3.528594970703125,1.0967254638671875,,,,83.73260498046875,74.10049438476562,-9.632110595703125,29.971197625439604,48.08704517241196,,QuantData term-structure
2026-08-17T14:40:00-04:00,2026-12-18,123,580.0,put,-0.4743934631946165,78.82118225097656,530.37,fixed_strike,78.05824279785156,83.01734924316406,77.39067077636719,80.91926574707031,82.34977722167969,3.528594970703125,1.0967254638671875,,,,83.73260498046875,74.10049438476562,-9.632110595703125,29.971197625439604,48.08704517241196,,QuantData term-structure
2026-08-17T14:40:00-04:00,2026-12-18,123,590.0,call,0.5102303469935736,78.53507995605469,530.37,fixed_strike,78.05824279785156,83.01734924316406,77.39067077636719,80.91926574707031,82.34977722167969,3.528594970703125,1.0967254638671875,,,,83.73260498046875,74.10049438476562,-9.632110595703125,29.971197625439604,48.08704517241196,,QuantData term-structure
2026-08-17T14:40:00-04:00,2026-12-18,123,600.0,call,0.5066299200661912,78.05824279785156,530.37,fixed_strike,78.05824279785156,83.01734924316406,77.39067077636719,80.91926574707031,82.34977722167969,3.528594970703125,1.0967254638671875,,,,83.73260498046875,74.10049438476562,-9.632110595703125,29.971197625439604,48.08704517241196,,QuantData term-structure
2026-08-17T14:40:00-04:00,2026-12-18,123,600.0,put,-0.4875901555026238,80.06095886230469,530.37,fixed_strike,78.05824279785156,83.01734924316406,77.39067077636719,80.91926574707031,82.34977722167969,3.528594970703125,1.0967254638671875,,,,83.73260498046875,74.10049438476562,-9.632110595703125,29.971197625439604,48.08704517241196,,QuantData term-structure
2026-08-17T14:40:00-04:00,2026-12-18,123,610.0,call,0.49177077586334916,78.24897766113281,530.37,fixed_strike,78.05824279785156,83.01734924316406,77.39067077636719,80.91926574707031,82.34977722167969,3.528594970703125,1.0967254638671875,,,,83.73260498046875,74.10049438476562,-9.632110595703125,29.971197625439604,48.08704517241196,,QuantData term-structure
2026-08-17T14:40:00-04:00,2026-12-18,123,620.0,call,0.4708238618444122,78.53507995605469,530.37,fixed_strike,78.05824279785156,83.01734924316406,77.39067077636719,80.91926574707031,82.34977722167969,3.528594970703125,1.0967254638671875,,,,83.73260498046875,74.10049438476562,-9.632110595703125,29.971197625439604,48.08704517241196,,QuantData term-structure
2026-08-17T14:40:00-04:00,2026-12-18,123,620.0,put,-0.5015439590519843,80.63316345214844,530.37,fixed_strike,78.05824279785156,83.01734924316406,77.39067077636719,80.91926574707031,82.34977722167969,3.528594970703125,1.0967254638671875,,,,83.73260498046875,74.10049438476562,-9.632110595703125,29.971197625439604,48.08704517241196,,QuantData term-structure
2026-08-17T14:40:00-04:00,2026-12-18,123,630.0,call,0.4534903095067184,78.63044738769531,530.37,fixed_strike,78.05824279785156,83.01734924316406,77.39067077636719,80.91926574707031,82.34977722167969,3.528594970703125,1.0967254638671875,,,,83.73260498046875,74.10049438476562,-9.632110595703125,29.971197625439604,48.08704517241196,,QuantData term-structure
2026-08-17T14:40:00-04:00,2026-12-18,123,630.0,put,-0.5067023974214349,84.25712585449219,530.37,fixed_strike,78.05824279785156,83.01734924316406,77.39067077636719,80.91926574707031,82.34977722167969,3.528594970703125,1.0967254638671875,,,,83.73260498046875,74.10049438476562,-9.632110595703125,29.971197625439604,48.08704517241196,,QuantData term-structure
2026-08-17T14:40:00-04:00,2026-12-18,123,640.0,put,-0.572077808159273,75.96015930175781,530.37,fixed_strike,78.05824279785156,83.01734924316406,77.39067077636719,80.91926574707031,82.34977722167969,3.528594970703125,1.0967254638671875,,,,83.73260498046875,74.10049438476562,-9.632110595703125,29.971197625439604,48.08704517241196,,QuantData term-structure
2026-08-17T14:40:00-04:00,2026-12-18,123,650.0,call,0.4224329322979994,76.72309875488281,530.37,fixed_strike,78.05824279785156,83.01734924316406,77.39067077636719,80.91926574707031,82.34977722167969,3.528594970703125,1.0967254638671875,,,,83.73260498046875,74.10049438476562,-9.632110595703125,29.971197625439604,48.08704517241196,,QuantData term-structure
2026-08-17T14:40:00-04:00,2026-12-18,123,650.0,put,-0.5699229616394408,79.58412170410156,530.37,fixed_strike,78.05824279785156,83.01734924316406,77.39067077636719,80.91926574707031,82.34977722167969,3.528594970703125,1.0967254638671875,,,,83.73260498046875,74.10049438476562,-9.632110595703125,29.971197625439604,48.08704517241196,,QuantData term-structure
2026-08-17T14:40:00-04:00,2026-12-18,123,660.0,call,0.4420929259297846,79.48875427246094,530.37,fixed_strike,78.05824279785156,83.01734924316406,77.39067077636719,80.91926574707031,82.34977722167969,3.528594970703125,1.0967254638671875,,,,83.73260498046875,74.10049438476562,-9.632110595703125,29.971197625439604,48.08704517241196,,QuantData term-structure
2026-08-17T14:40:00-04:00,2026-12-18,123,670.0,call,0.40377184245584985,77.86750793457031,530.37,fixed_strike,78.05824279785156,83.01734924316406,77.39067077636719,80.91926574707031,82.34977722167969,3.528594970703125,1.0967254638671875,,,,83.73260498046875,74.10049438476562,-9.632110595703125,29.971197625439604,48.08704517241196,,QuantData term-structure
2026-08-17T14:40:00-04:00,2026-12-18,123,680.0,call,0.41420715569385813,79.48875427246094,530.37,fixed_strike,78.05824279785156,83.01734924316406,77.39067077636719,80.91926574707031,82.34977722167969,3.528594970703125,1.0967254638671875,,,,83.73260498046875,74.10049438476562,-9.632110595703125,29.971197625439604,48.08704517241196,,QuantData term-structure
2026-08-17T14:40:00-04:00,2026-12-18,123,690.0,call,0.39636372320217517,79.10728454589844,530.37,fixed_strike,78.05824279785156,83.01734924316406,77.39067077636719,80.91926574707031,82.34977722167969,3.528594970703125,1.0967254638671875,,,,83.73260498046875,74.10049438476562,-9.632110595703125,29.971197625439604,48.08704517241196,,QuantData term-structure
2026-08-17T14:40:00-04:00,2026-12-18,123,700.0,call,0.37582883968455677,78.43971252441406,530.37,fixed_strike,78.05824279785156,83.01734924316406,77.39067077636719,80.91926574707031,82.34977722167969,3.528594970703125,1.0967254638671875,,,,83.73260498046875,74.10049438476562,-9.632110595703125,29.971197625439604,48.08704517241196,,QuantData term-structure
2026-08-17T14:40:00-04:00,2026-12-18,123,700.0,put,-0.6372501386675269,79.01191711425781,530.37,fixed_strike,78.05824279785156,83.01734924316406,77.39067077636719,80.91926574707031,82.34977722167969,3.528594970703125,1.0967254638671875,,,,83.73260498046875,74.10049438476562,-9.632110595703125,29.971197625439604,48.08704517241196,,QuantData term-structure
2026-08-17T14:40:00-04:00,2026-12-18,123,720.0,call,0.3412489217300978,78.24897766113281,530.37,fixed_strike,78.05824279785156,83.01734924316406,77.39067077636719,80.91926574707031,82.34977722167969,3.528594970703125,1.0967254638671875,,,,83.73260498046875,74.10049438476562,-9.632110595703125,29.971197625439604,48.08704517241196,,QuantData term-structure
2026-08-17T14:40:00-04:00,2026-12-18,123,730.0,call,0.33116472412041176,78.24897766113281,530.37,fixed_strike,78.05824279785156,83.01734924316406,77.39067077636719,80.91926574707031,82.34977722167969,3.528594970703125,1.0967254638671875,,,,83.73260498046875,74.10049438476562,-9.632110595703125,29.971197625439604,48.08704517241196,,QuantData term-structure
2026-08-17T14:40:00-04:00,2026-12-18,123,750.0,call,0.306851165092232,77.77214050292969,530.37,fixed_strike,78.05824279785156,83.01734924316406,77.39067077636719,80.91926574707031,82.34977722167969,3.528594970703125,1.0967254638671875,,,,83.73260498046875,74.10049438476562,-9.632110595703125,29.971197625439604,48.08704517241196,,QuantData term-structure
2026-08-17T14:40:00-04:00,2026-12-18,123,770.0,put,-0.6655258499880248,84.06639099121094,530.37,fixed_strike,78.05824279785156,83.01734924316406,77.39067077636719,80.91926574707031,82.34977722167969,3.528594970703125,1.0967254638671875,,,,83.73260498046875,74.10049438476562,-9.632110595703125,29.971197625439604,48.08704517241196,,QuantData term-structure
2026-08-17T14:40:00-04:00,2026-12-18,123,780.0,call,0.30341522669994414,80.34706115722656,530.37,fixed_strike,78.05824279785156,83.01734924316406,77.39067077636719,80.91926574707031,82.34977722167969,3.528594970703125,1.0967254638671875,,,,83.73260498046875,74.10049438476562,-9.632110595703125,29.971197625439604,48.08704517241196,,QuantData term-structure
2026-08-17T14:40:00-04:00,2026-12-18,123,790.0,call,0.2947298776229367,80.44242858886719,530.37,fixed_strike,78.05824279785156,83.01734924316406,77.39067077636719,80.91926574707031,82.34977722167969,3.528594970703125,1.0967254638671875,,,,83.73260498046875,74.10049438476562,-9.632110595703125,29.971197625439604,48.08704517241196,,QuantData term-structure
2026-08-17T14:40:00-04:00,2026-12-18,123,800.0,call,0.2703342208750333,79.10728454589844,530.37,fixed_strike,78.05824279785156,83.01734924316406,77.39067077636719,80.91926574707031,82.34977722167969,3.528594970703125,1.0967254638671875,,,,83.73260498046875,74.10049438476562,-9.632110595703125,29.971197625439604,48.08704517241196,,QuantData term-structure
2026-08-17T14:40:00-04:00,2026-12-18,123,810.0,call,0.2573772943940571,79.01191711425781,530.37,fixed_strike,78.05824279785156,83.01734924316406,77.39067077636719,80.91926574707031,82.34977722167969,3.528594970703125,1.0967254638671875,,,,83.73260498046875,74.10049438476562,-9.632110595703125,29.971197625439604,48.08704517241196,,QuantData term-structure
2026-08-17T14:40:00-04:00,2026-12-18,123,820.0,call,0.2678289808944629,80.44242858886719,530.37,fixed_strike,78.05824279785156,83.01734924316406,77.39067077636719,80.91926574707031,82.34977722167969,3.528594970703125,1.0967254638671875,,,,83.73260498046875,74.10049438476562,-9.632110595703125,29.971197625439604,48.08704517241196,,QuantData term-structure
2026-08-17T14:40:00-04:00,2026-12-18,123,830.0,call,0.2610613394537933,80.72853088378906,530.37,fixed_strike,78.05824279785156,83.01734924316406,77.39067077636719,80.91926574707031,82.34977722167969,3.528594970703125,1.0967254638671875,,,,83.73260498046875,74.10049438476562,-9.632110595703125,29.971197625439604,48.08704517241196,,QuantData term-structure
2026-08-17T14:40:00-04:00,2026-12-18,123,840.0,call,0.2536929135583822,80.91926574707031,530.37,fixed_strike,78.05824279785156,83.01734924316406,77.39067077636719,80.91926574707031,82.34977722167969,3.528594970703125,1.0967254638671875,,,,83.73260498046875,74.10049438476562,-9.632110595703125,29.971197625439604,48.08704517241196,,QuantData term-structure
2026-08-17T14:40:00-04:00,2026-12-18,123,850.0,call,0.23863830743799408,80.63316345214844,530.37,fixed_strike,78.05824279785156,83.01734924316406,77.39067077636719,80.91926574707031,82.34977722167969,3.528594970703125,1.0967254638671875,,,,83.73260498046875,74.10049438476562,-9.632110595703125,29.971197625439604,48.08704517241196,,QuantData term-structure
2026-08-17T14:40:00-04:00,2026-12-18,123,870.0,call,0.22834394871764918,81.01463317871094,530.37,fixed_strike,78.05824279785156,83.01734924316406,77.39067077636719,80.91926574707031,82.34977722167969,3.528594970703125,1.0967254638671875,,,,83.73260498046875,74.10049438476562,-9.632110595703125,29.971197625439604,48.08704517241196,,QuantData term-structure
2026-08-17T14:40:00-04:00,2026-12-18,123,880.0,call,0.2125384112793952,80.34706115722656,530.37,fixed_strike,78.05824279785156,83.01734924316406,77.39067077636719,80.91926574707031,82.34977722167969,3.528594970703125,1.0967254638671875,,,,83.73260498046875,74.10049438476562,-9.632110595703125,29.971197625439604,48.08704517241196,,QuantData term-structure
2026-08-17T14:40:00-04:00,2026-12-18,123,900.0,call,0.19314750974095235,79.58412170410156,530.37,fixed_strike,78.05824279785156,83.01734924316406,77.39067077636719,80.91926574707031,82.34977722167969,3.528594970703125,1.0967254638671875,,,,83.73260498046875,74.10049438476562,-9.632110595703125,29.971197625439604,48.08704517241196,,QuantData term-structure
2026-08-17T14:40:00-04:00,2026-12-18,123,910.0,call,0.20687427998728208,80.72853088378906,530.37,fixed_strike,78.05824279785156,83.01734924316406,77.39067077636719,80.91926574707031,82.34977722167969,3.528594970703125,1.0967254638671875,,,,83.73260498046875,74.10049438476562,-9.632110595703125,29.971197625439604,48.08704517241196,,QuantData term-structure
2026-08-17T14:40:00-04:00,2026-12-18,123,930.0,call,0.17306336418209184,79.58412170410156,530.37,fixed_strike,78.05824279785156,83.01734924316406,77.39067077636719,80.91926574707031,82.34977722167969,3.528594970703125,1.0967254638671875,,,,83.73260498046875,74.10049438476562,-9.632110595703125,29.971197625439604,48.08704517241196,,QuantData term-structure
2026-08-17T14:40:00-04:00,2026-12-18,123,980.0,call,0.15563468212980802,80.91926574707031,530.37,fixed_strike,78.05824279785156,83.01734924316406,77.39067077636719,80.91926574707031,82.34977722167969,3.528594970703125,1.0967254638671875,,,,83.73260498046875,74.10049438476562,-9.632110595703125,29.971197625439604,48.08704517241196,,QuantData term-structure
2026-08-17T14:40:00-04:00,2026-12-18,123,1000.0,call,0.1558566883898977,81.11000061035156,530.37,fixed_strike,78.05824279785156,83.01734924316406,77.39067077636719,80.91926574707031,82.34977722167969,3.528594970703125,1.0967254638671875,,,,83.73260498046875,74.10049438476562,-9.632110595703125,29.971197625439604,48.08704517241196,,QuantData term-structure
2026-08-17T14:40:00-04:00,2026-12-18,123,1020.0,call,0.1447546996475062,84.25712585449219,530.37,fixed_strike,78.05824279785156,83.01734924316406,77.39067077636719,80.91926574707031,82.34977722167969,3.528594970703125,1.0967254638671875,,,,83.73260498046875,74.10049438476562,-9.632110595703125,29.971197625439604,48.08704517241196,,QuantData term-structure
2026-08-17T14:40:00-04:00,2026-12-18,123,1080.0,call,0.11055989991879661,81.30073547363281,530.37,fixed_strike,78.05824279785156,83.01734924316406,77.39067077636719,80.91926574707031,82.34977722167969,3.528594970703125,1.0967254638671875,,,,83.73260498046875,74.10049438476562,-9.632110595703125,29.971197625439604,48.08704517241196,,QuantData term-structure
2026-08-17T14:40:00-04:00,2026-12-18,123,1120.0,call,0.09869375823179616,82.34977722167969,530.37,fixed_strike,78.05824279785156,83.01734924316406,77.39067077636719,80.91926574707031,82.34977722167969,3.528594970703125,1.0967254638671875,,,,83.73260498046875,74.10049438476562,-9.632110595703125,29.971197625439604,48.08704517241196,,QuantData term-structure
2026-08-17T14:40:00-04:00,2026-12-18,123,1160.0,call,0.0977011185047264,83.01734924316406,530.37,fixed_strike,78.05824279785156,83.01734924316406,77.39067077636719,80.91926574707031,82.34977722167969,3.528594970703125,1.0967254638671875,,,,83.73260498046875,74.10049438476562,-9.632110595703125,29.971197625439604,48.08704517241196,,QuantData term-structure
2026-08-17T14:40:00-04:00,2027-01-15,151,35.0,put,-7.889135418173514e-05,126.60026550292969,530.37,fixed_strike,78.01055908203125,81.30073547363281,80.72853088378906,76.15089416503906,80.63316345214844,-4.57763671875,0.4291534423828125,,,,83.73260498046875,74.10049438476562,-9.632110595703125,29.971197625439604,48.03936145659165,,QuantData term-structure
2026-08-17T14:40:00-04:00,2027-01-15,151,60.0,call,0.9993151613886072,123.26240539550781,530.37,fixed_strike,78.01055908203125,81.30073547363281,80.72853088378906,76.15089416503906,80.63316345214844,-4.57763671875,0.4291534423828125,,,,83.73260498046875,74.10049438476562,-9.632110595703125,29.971197625439604,48.03936145659165,,QuantData term-structure
2026-08-17T14:40:00-04:00,2027-01-15,151,105.0,put,-0.0016985623550405842,98.18077087402344,530.37,fixed_strike,78.01055908203125,81.30073547363281,80.72853088378906,76.15089416503906,80.63316345214844,-4.57763671875,0.4291534423828125,,,,83.73260498046875,74.10049438476562,-9.632110595703125,29.971197625439604,48.03936145659165,,QuantData term-structure
2026-08-17T14:40:00-04:00,2027-01-15,151,120.0,put,-0.003015270480308734,97.03636169433594,530.37,fixed_strike,78.01055908203125,81.30073547363281,80.72853088378906,76.15089416503906,80.63316345214844,-4.57763671875,0.4291534423828125,,,,83.73260498046875,74.10049438476562,-9.632110595703125,29.971197625439604,48.03936145659165,,QuantData term-structure
2026-08-17T14:40:00-04:00,2027-01-15,151,125.0,put,-0.003527249833657062,95.79658508300781,530.37,fixed_strike,78.01055908203125,81.30073547363281,80.72853088378906,76.15089416503906,80.63316345214844,-4.57763671875,0.4291534423828125,,,,83.73260498046875,74.10049438476562,-9.632110595703125,29.971197625439604,48.03936145659165,,QuantData term-structure
2026-08-17T14:40:00-04:00,2027-01-15,151,155.0,put,-0.004814513577085769,82.73124694824219,530.37,fixed_strike,78.01055908203125,81.30073547363281,80.72853088378906,76.15089416503906,80.63316345214844,-4.57763671875,0.4291534423828125,,,,83.73260498046875,74.10049438476562,-9.632110595703125,29.971197625439604,48.03936145659165,,QuantData term-structure
2026-08-17T14:40:00-04:00,2027-01-15,151,165.0,put,-0.008244712676133538,87.88108825683594,530.37,fixed_strike,78.01055908203125,81.30073547363281,80.72853088378906,76.15089416503906,80.63316345214844,-4.57763671875,0.4291534423828125,,,,83.73260498046875,74.10049438476562,-9.632110595703125,29.971197625439604,48.03936145659165,,QuantData term-structure
2026-08-17T14:40:00-04:00,2027-01-15,151,200.0,put,-0.017348482372343297,83.78028869628906,530.37,fixed_strike,78.01055908203125,81.30073547363281,80.72853088378906,76.15089416503906,80.63316345214844,-4.57763671875,0.4291534423828125,,,,83.73260498046875,74.10049438476562,-9.632110595703125,29.971197625439604,48.03936145659165,,QuantData term-structure
2026-08-17T14:40:00-04:00,2027-01-15,151,210.0,put,-0.021090205021300296,83.20808410644531,530.37,fixed_strike,78.01055908203125,81.30073547363281,80.72853088378906,76.15089416503906,80.63316345214844,-4.57763671875,0.4291534423828125,,,,83.73260498046875,74.10049438476562,-9.632110595703125,29.971197625439604,48.03936145659165,,QuantData term-structure
2026-08-17T14:40:00-04:00,2027-01-15,151,220.0,put,-0.025941590638022403,82.92198181152344,530.37,fixed_strike,78.01055908203125,81.30073547363281,80.72853088378906,76.15089416503906,80.63316345214844,-4.57763671875,0.4291534423828125,,,,83.73260498046875,74.10049438476562,-9.632110595703125,29.971197625439604,48.03936145659165,,QuantData term-structure
2026-08-17T14:40:00-04:00,2027-01-15,151,230.0,call,0.97903024004235,73.00376892089844,530.37,fixed_strike,78.01055908203125,81.30073547363281,80.72853088378906,76.15089416503906,80.63316345214844,-4.57763671875,0.4291534423828125,,,,83.73260498046875,74.10049438476562,-9.632110595703125,29.971197625439604,48.03936145659165,,QuantData term-structure
2026-08-17T14:40:00-04:00,2027-01-15,151,240.0,put,-0.035390152098914454,82.92198181152344,530.37,fixed_strike,78.01055908203125,81.30073547363281,80.72853088378906,76.15089416503906,80.63316345214844,-4.57763671875,0.4291534423828125,,,,83.73260498046875,74.10049438476562,-9.632110595703125,29.971197625439604,48.03936145659165,,QuantData term-structure
2026-08-17T14:40:00-04:00,2027-01-15,151,250.0,call,0.9734205047709161,73.57597351074219,530.37,fixed_strike,78.01055908203125,81.30073547363281,80.72853088378906,76.15089416503906,80.63316345214844,-4.57763671875,0.4291534423828125,,,,83.73260498046875,74.10049438476562,-9.632110595703125,29.971197625439604,48.03936145659165,,QuantData term-structure
2026-08-17T14:40:00-04:00,2027-01-15,151,250.0,put,-0.04283407674307049,82.73124694824219,530.37,fixed_strike,78.01055908203125,81.30073547363281,80.72853088378906,76.15089416503906,80.63316345214844,-4.57763671875,0.4291534423828125,,,,83.73260498046875,74.10049438476562,-9.632110595703125,29.971197625439604,48.03936145659165,,QuantData term-structure
2026-08-17T14:40:00-04:00,2027-01-15,151,260.0,call,0.9597760615958105,79.39338684082031,530.37,fixed_strike,78.01055908203125,81.30073547363281,80.72853088378906,76.15089416503906,80.63316345214844,-4.57763671875,0.4291534423828125,,,,83.73260498046875,74.10049438476562,-9.632110595703125,29.971197625439604,48.03936145659165,,QuantData term-structure
2026-08-17T14:40:00-04:00,2027-01-15,151,260.0,put,-0.04816664494453787,80.63316345214844,530.37,fixed_strike,78.01055908203125,81.30073547363281,80.72853088378906,76.15089416503906,80.63316345214844,-4.57763671875,0.4291534423828125,,,,83.73260498046875,74.10049438476562,-9.632110595703125,29.971197625439604,48.03936145659165,,QuantData term-structure
2026-08-17T14:40:00-04:00,2027-01-15,151,280.0,put,-0.06658265043504336,82.44514465332031,530.37,fixed_strike,78.01055908203125,81.30073547363281,80.72853088378906,76.15089416503906,80.63316345214844,-4.57763671875,0.4291534423828125,,,,83.73260498046875,74.10049438476562,-9.632110595703125,29.971197625439604,48.03936145659165,,QuantData term-structure
2026-08-17T14:40:00-04:00,2027-01-15,151,300.0,call,0.9149317252104777,83.78028869628906,530.37,fixed_strike,78.01055908203125,81.30073547363281,80.72853088378906,76.15089416503906,80.63316345214844,-4.57763671875,0.4291534423828125,,,,83.73260498046875,74.10049438476562,-9.632110595703125,29.971197625439604,48.03936145659165,,QuantData term-structure
2026-08-17T14:40:00-04:00,2027-01-15,151,300.0,put,-0.08072494732991065,80.25169372558594,530.37,fixed_strike,78.01055908203125,81.30073547363281,80.72853088378906,76.15089416503906,80.63316345214844,-4.57763671875,0.4291534423828125,,,,83.73260498046875,74.10049438476562,-9.632110595703125,29.971197625439604,48.03936145659165,,QuantData term-structure
2026-08-17T14:40:00-04:00,2027-01-15,151,320.0,put,-0.1032671785965899,81.30073547363281,530.37,fixed_strike,78.01055908203125,81.30073547363281,80.72853088378906,76.15089416503906,80.63316345214844,-4.57763671875,0.4291534423828125,,,,83.73260498046875,74.10049438476562,-9.632110595703125,29.971197625439604,48.03936145659165,,QuantData term-structure
2026-08-17T14:40:00-04:00,2027-01-15,151,330.0,put,-0.1109856865873236,79.87022399902344,530.37,fixed_strike,78.01055908203125,81.30073547363281,80.72853088378906,76.15089416503906,80.63316345214844,-4.57763671875,0.4291534423828125,,,,83.73260498046875,74.10049438476562,-9.632110595703125,29.971197625439604,48.03936145659165,,QuantData term-structure
2026-08-17T14:40:00-04:00,2027-01-15,151,340.0,call,0.8812967217745433,78.63044738769531,530.37,fixed_strike,78.01055908203125,81.30073547363281,80.72853088378906,76.15089416503906,80.63316345214844,-4.57763671875,0.4291534423828125,,,,83.73260498046875,74.10049438476562,-9.632110595703125,29.971197625439604,48.03936145659165,,QuantData term-structure
2026-08-17T14:40:00-04:00,2027-01-15,151,340.0,put,-0.12235547899414884,79.77485656738281,530.37,fixed_strike,78.01055908203125,81.30073547363281,80.72853088378906,76.15089416503906,80.63316345214844,-4.57763671875,0.4291534423828125,,,,83.73260498046875,74.10049438476562,-9.632110595703125,29.971197625439604,48.03936145659165,,QuantData term-structure
2026-08-17T14:40:00-04:00,2027-01-15,151,350.0,call,0.8679921296762236,82.25440979003906,530.37,fixed_strike,78.01055908203125,81.30073547363281,80.72853088378906,76.15089416503906,80.63316345214844,-4.57763671875,0.4291534423828125,,,,83.73260498046875,74.10049438476562,-9.632110595703125,29.971197625439604,48.03936145659165,,QuantData term-structure
2026-08-17T14:40:00-04:00,2027-01-15,151,350.0,put,-0.1313345314914296,79.58412170410156,530.37,fixed_strike,78.01055908203125,81.30073547363281,80.72853088378906,76.15089416503906,80.63316345214844,-4.57763671875,0.4291534423828125,,,,83.73260498046875,74.10049438476562,-9.632110595703125,29.971197625439604,48.03936145659165,,QuantData term-structure
2026-08-17T14:40:00-04:00,2027-01-15,151,360.0,put,-0.14529804225584647,79.39338684082031,530.37,fixed_strike,78.01055908203125,81.30073547363281,80.72853088378906,76.15089416503906,80.63316345214844,-4.57763671875,0.4291534423828125,,,,83.73260498046875,74.10049438476562,-9.632110595703125,29.971197625439604,48.03936145659165,,QuantData term-structure
2026-08-17T14:40:00-04:00,2027-01-15,151,370.0,call,0.8501748673153753,79.39338684082031,530.37,fixed_strike,78.01055908203125,81.30073547363281,80.72853088378906,76.15089416503906,80.63316345214844,-4.57763671875,0.4291534423828125,,,,83.73260498046875,74.10049438476562,-9.632110595703125,29.971197625439604,48.03936145659165,,QuantData term-structure
2026-08-17T14:40:00-04:00,2027-01-15,151,370.0,put,-0.1559992010311801,79.10728454589844,530.37,fixed_strike,78.01055908203125,81.30073547363281,80.72853088378906,76.15089416503906,80.63316345214844,-4.57763671875,0.4291534423828125,,,,83.73260498046875,74.10049438476562,-9.632110595703125,29.971197625439604,48.03936145659165,,QuantData term-structure
2026-08-17T14:40:00-04:00,2027-01-15,151,380.0,call,0.8287601085158032,83.78028869628906,530.37,fixed_strike,78.01055908203125,81.30073547363281,80.72853088378906,76.15089416503906,80.63316345214844,-4.57763671875,0.4291534423828125,,,,83.73260498046875,74.10049438476562,-9.632110595703125,29.971197625439604,48.03936145659165,,QuantData term-structure
2026-08-17T14:40:00-04:00,2027-01-15,151,380.0,put,-0.16683917338515508,79.29801940917969,530.37,fixed_strike,78.01055908203125,81.30073547363281,80.72853088378906,76.15089416503906,80.63316345214844,-4.57763671875,0.4291534423828125,,,,83.73260498046875,74.10049438476562,-9.632110595703125,29.971197625439604,48.03936145659165,,QuantData term-structure
2026-08-17T14:40:00-04:00,2027-01-15,151,390.0,call,0.8295422927687641,78.53507995605469,530.37,fixed_strike,78.01055908203125,81.30073547363281,80.72853088378906,76.15089416503906,80.63316345214844,-4.57763671875,0.4291534423828125,,,,83.73260498046875,74.10049438476562,-9.632110595703125,29.971197625439604,48.03936145659165,,QuantData term-structure
2026-08-17T14:40:00-04:00,2027-01-15,151,390.0,put,-0.1705925918347696,80.15632629394531,530.37,fixed_strike,78.01055908203125,81.30073547363281,80.72853088378906,76.15089416503906,80.63316345214844,-4.57763671875,0.4291534423828125,,,,83.73260498046875,74.10049438476562,-9.632110595703125,29.971197625439604,48.03936145659165,,QuantData term-structure
2026-08-17T14:40:00-04:00,2027-01-15,151,400.0,call,0.8180163266945877,78.91654968261719,530.37,fixed_strike,78.01055908203125,81.30073547363281,80.72853088378906,76.15089416503906,80.63316345214844,-4.57763671875,0.4291534423828125,,,,83.73260498046875,74.10049438476562,-9.632110595703125,29.971197625439604,48.03936145659165,,QuantData term-structure
2026-08-17T14:40:00-04:00,2027-01-15,151,400.0,put,-0.19471460830997828,78.63044738769531,530.37,fixed_strike,78.01055908203125,81.30073547363281,80.72853088378906,76.15089416503906,80.63316345214844,-4.57763671875,0.4291534423828125,,,,83.73260498046875,74.10049438476562,-9.632110595703125,29.971197625439604,48.03936145659165,,QuantData term-structure
2026-08-17T14:40:00-04:00,2027-01-15,151,410.0,call,0.7948625023706256,79.01191711425781,530.37,fixed_strike,78.01055908203125,81.30073547363281,80.72853088378906,76.15089416503906,80.63316345214844,-4.57763671875,0.4291534423828125,,,,83.73260498046875,74.10049438476562,-9.632110595703125,29.971197625439604,48.03936145659165,,QuantData term-structure
2026-08-17T14:40:00-04:00,2027-01-15,151,410.0,put,-0.20453570337428378,78.91654968261719,530.37,fixed_strike,78.01055908203125,81.30073547363281,80.72853088378906,76.15089416503906,80.63316345214844,-4.57763671875,0.4291534423828125,,,,83.73260498046875,74.10049438476562,-9.632110595703125,29.971197625439604,48.03936145659165,,QuantData term-structure
2026-08-17T14:40:00-04:00,2027-01-15,151,420.0,call,0.7846443045322119,79.77485656738281,530.37,fixed_strike,78.01055908203125,81.30073547363281,80.72853088378906,76.15089416503906,80.63316345214844,-4.57763671875,0.4291534423828125,,,,83.73260498046875,74.10049438476562,-9.632110595703125,29.971197625439604,48.03936145659165,,QuantData term-structure
2026-08-17T14:40:00-04:00,2027-01-15,151,420.0,put,-0.21806201771900946,78.91654968261719,530.37,fixed_strike,78.01055908203125,81.30073547363281,80.72853088378906,76.15089416503906,80.63316345214844,-4.57763671875,0.4291534423828125,,,,83.73260498046875,74.10049438476562,-9.632110595703125,29.971197625439604,48.03936145659165,,QuantData term-structure
2026-08-17T14:40:00-04:00,2027-01-15,151,430.0,call,0.7684895389181918,77.58140563964844,530.37,fixed_strike,78.01055908203125,81.30073547363281,80.72853088378906,76.15089416503906,80.63316345214844,-4.57763671875,0.4291534423828125,,,,83.73260498046875,74.10049438476562,-9.632110595703125,29.971197625439604,48.03936145659165,,QuantData term-structure
2026-08-17T14:40:00-04:00,2027-01-15,151,430.0,put,-0.2286211293470421,78.63044738769531,530.37,fixed_strike,78.01055908203125,81.30073547363281,80.72853088378906,76.15089416503906,80.63316345214844,-4.57763671875,0.4291534423828125,,,,83.73260498046875,74.10049438476562,-9.632110595703125,29.971197625439604,48.03936145659165,,QuantData term-structure
2026-08-17T14:40:00-04:00,2027-01-15,151,440.0,call,0.751618482342352,82.63587951660156,530.37,fixed_strike,78.01055908203125,81.30073547363281,80.72853088378906,76.15089416503906,80.63316345214844,-4.57763671875,0.4291534423828125,,,,83.73260498046875,74.10049438476562,-9.632110595703125,29.971197625439604,48.03936145659165,,QuantData term-structure
2026-08-17T14:40:00-04:00,2027-01-15,151,440.0,put,-0.24281588242799634,80.72853088378906,530.37,fixed_strike,78.01055908203125,81.30073547363281,80.72853088378906,76.15089416503906,80.63316345214844,-4.57763671875,0.4291534423828125,,,,83.73260498046875,74.10049438476562,-9.632110595703125,29.971197625439604,48.03936145659165,,QuantData term-structure
2026-08-17T14:40:00-04:00,2027-01-15,151,450.0,call,0.7473861713565269,78.91654968261719,530.37,fixed_strike,78.01055908203125,81.30073547363281,80.72853088378906,76.15089416503906,80.63316345214844,-4.57763671875,0.4291534423828125,,,,83.73260498046875,74.10049438476562,-9.632110595703125,29.971197625439604,48.03936145659165,,QuantData term-structure
2026-08-17T14:40:00-04:00,2027-01-15,151,450.0,put,-0.26994259677754406,78.05824279785156,530.37,fixed_strike,78.01055908203125,81.30073547363281,80.72853088378906,76.15089416503906,80.63316345214844,-4.57763671875,0.4291534423828125,,,,83.73260498046875,74.10049438476562,-9.632110595703125,29.971197625439604,48.03936145659165,,QuantData term-structure
2026-08-17T14:40:00-04:00,2027-01-15,151,460.0,call,0.7201372791085782,77.48603820800781,530.37,fixed_strike,78.01055908203125,81.30073547363281,80.72853088378906,76.15089416503906,80.63316345214844,-4.57763671875,0.4291534423828125,,,,83.73260498046875,74.10049438476562,-9.632110595703125,29.971197625439604,48.03936145659165,,QuantData term-structure
2026-08-17T14:40:00-04:00,2027-01-15,151,460.0,put,-0.28335606919487266,78.15361022949219,530.37,fixed_strike,78.01055908203125,81.30073547363281,80.72853088378906,76.15089416503906,80.63316345214844,-4.57763671875,0.4291534423828125,,,,83.73260498046875,74.10049438476562,-9.632110595703125,29.971197625439604,48.03936145659165,,QuantData term-structure
2026-08-17T14:40:00-04:00,2027-01-15,151,470.0,call,0.6986701452341337,78.34434509277344,530.37,fixed_strike,78.01055908203125,81.30073547363281,80.72853088378906,76.15089416503906,80.63316345214844,-4.57763671875,0.4291534423828125,,,,83.73260498046875,74.10049438476562,-9.632110595703125,29.971197625439604,48.03936145659165,,QuantData term-structure
2026-08-17T14:40:00-04:00,2027-01-15,151,470.0,put,-0.2952596519638811,78.53507995605469,530.37,fixed_strike,78.01055908203125,81.30073547363281,80.72853088378906,76.15089416503906,80.63316345214844,-4.57763671875,0.4291534423828125,,,,83.73260498046875,74.10049438476562,-9.632110595703125,29.971197625439604,48.03936145659165,,QuantData term-structure
2026-08-17T14:40:00-04:00,2027-01-15,151,480.0,call,0.7069327266359828,78.91654968261719,530.37,fixed_strike,78.01055908203125,81.30073547363281,80.72853088378906,76.15089416503906,80.63316345214844,-4.57763671875,0.4291534423828125,,,,83.73260498046875,74.10049438476562,-9.632110595703125,29.971197625439604,48.03936145659165,,QuantData term-structure
2026-08-17T14:40:00-04:00,2027-01-15,151,480.0,put,-0.3125855020400209,79.01191711425781,530.37,fixed_strike,78.01055908203125,81.30073547363281,80.72853088378906,76.15089416503906,80.63316345214844,-4.57763671875,0.4291534423828125,,,,83.73260498046875,74.10049438476562,-9.632110595703125,29.971197625439604,48.03936145659165,,QuantData term-structure
2026-08-17T14:40:00-04:00,2027-01-15,151,490.0,call,0.6858027865793076,79.29801940917969,530.37,fixed_strike,78.01055908203125,81.30073547363281,80.72853088378906,76.15089416503906,80.63316345214844,-4.57763671875,0.4291534423828125,,,,83.73260498046875,74.10049438476562,-9.632110595703125,29.971197625439604,48.03936145659165,,QuantData term-structure
2026-08-17T14:40:00-04:00,2027-01-15,151,490.0,put,-0.3272611177313496,78.72581481933594,530.37,fixed_strike,78.01055908203125,81.30073547363281,80.72853088378906,76.15089416503906,80.63316345214844,-4.57763671875,0.4291534423828125,,,,83.73260498046875,74.10049438476562,-9.632110595703125,29.971197625439604,48.03936145659165,,QuantData term-structure
2026-08-17T14:40:00-04:00,2027-01-15,151,500.0,call,0.6679042124219243,77.00920104980469,530.37,fixed_strike,78.01055908203125,81.30073547363281,80.72853088378906,76.15089416503906,80.63316345214844,-4.57763671875,0.4291534423828125,,,,83.73260498046875,74.10049438476562,-9.632110595703125,29.971197625439604,48.03936145659165,,QuantData term-structure
2026-08-17T14:40:00-04:00,2027-01-15,151,500.0,put,-0.34255032146788,78.82118225097656,530.37,fixed_strike,78.01055908203125,81.30073547363281,80.72853088378906,76.15089416503906,80.63316345214844,-4.57763671875,0.4291534423828125,,,,83.73260498046875,74.10049438476562,-9.632110595703125,29.971197625439604,48.03936145659165,,QuantData term-structure
2026-08-17T14:40:00-04:00,2027-01-15,151,510.0,call,0.6486252992029434,76.81846618652344,530.37,fixed_strike,78.01055908203125,81.30073547363281,80.72853088378906,76.15089416503906,80.63316345214844,-4.57763671875,0.4291534423828125,,,,83.73260498046875,74.10049438476562,-9.632110595703125,29.971197625439604,48.03936145659165,,QuantData term-structure
2026-08-17T14:40:00-04:00,2027-01-15,151,510.0,put,-0.3570852451799318,77.67677307128906,530.37,fixed_strike,78.01055908203125,81.30073547363281,80.72853088378906,76.15089416503906,80.63316345214844,-4.57763671875,0.4291534423828125,,,,83.73260498046875,74.10049438476562,-9.632110595703125,29.971197625439604,48.03936145659165,,QuantData term-structure
2026-08-17T14:40:00-04:00,2027-01-15,151,520.0,call,0.6517249857947962,78.05824279785156,530.37,fixed_strike,78.01055908203125,81.30073547363281,80.72853088378906,76.15089416503906,80.63316345214844,-4.57763671875,0.4291534423828125,,,,83.73260498046875,74.10049438476562,-9.632110595703125,29.971197625439604,48.03936145659165,,QuantData term-structure
2026-08-17T14:40:00-04:00,2027-01-15,151,520.0,put,-0.3712299803397332,78.91654968261719,530.37,fixed_strike,78.01055908203125,81.30073547363281,80.72853088378906,76.15089416503906,80.63316345214844,-4.57763671875,0.4291534423828125,,,,83.73260498046875,74.10049438476562,-9.632110595703125,29.971197625439604,48.03936145659165,,QuantData term-structure
2026-08-17T14:40:00-04:00,2027-01-15,151,530.0,call,0.6136216153458057,76.81846618652344,530.37,fixed_strike,78.01055908203125,81.30073547363281,80.72853088378906,76.15089416503906,80.63316345214844,-4.57763671875,0.4291534423828125,,,,83.73260498046875,74.10049438476562,-9.632110595703125,29.971197625439604,48.03936145659165,,QuantData term-structure
2026-08-17T14:40:00-04:00,2027-01-15,151,530.0,put,-0.3830581514513072,79.20265197753906,530.37,fixed_strike,78.01055908203125,81.30073547363281,80.72853088378906,76.15089416503906,80.63316345214844,-4.57763671875,0.4291534423828125,,,,83.73260498046875,74.10049438476562,-9.632110595703125,29.971197625439604,48.03936145659165,,QuantData term-structure
2026-08-17T14:40:00-04:00,2027-01-15,151,540.0,call,0.6095206129961888,77.86750793457031,530.37,fixed_strike,78.01055908203125,81.30073547363281,80.72853088378906,76.15089416503906,80.63316345214844,-4.57763671875,0.4291534423828125,,,,83.73260498046875,74.10049438476562,-9.632110595703125,29.971197625439604,48.03936145659165,,QuantData term-structure
2026-08-17T14:40:00-04:00,2027-01-15,151,540.0,put,-0.39741173250633,79.39338684082031,530.37,fixed_strike,78.01055908203125,81.30073547363281,80.72853088378906,76.15089416503906,80.63316345214844,-4.57763671875,0.4291534423828125,,,,83.73260498046875,74.10049438476562,-9.632110595703125,29.971197625439604,48.03936145659165,,QuantData term-structure
2026-08-17T14:40:00-04:00,2027-01-15,151,550.0,call,0.5927906994735139,79.10728454589844,530.37,fixed_strike,78.01055908203125,81.30073547363281,80.72853088378906,76.15089416503906,80.63316345214844,-4.57763671875,0.4291534423828125,,,,83.73260498046875,74.10049438476562,-9.632110595703125,29.971197625439604,48.03936145659165,,QuantData term-structure
2026-08-17T14:40:00-04:00,2027-01-15,151,550.0,put,-0.4038502095102824,77.86750793457031,530.37,fixed_strike,78.01055908203125,81.30073547363281,80.72853088378906,76.15089416503906,80.63316345214844,-4.57763671875,0.4291534423828125,,,,83.73260498046875,74.10049438476562,-9.632110595703125,29.971197625439604,48.03936145659165,,QuantData term-structure
2026-08-17T14:40:00-04:00,2027-01-15,151,560.0,call,0.5979315765131438,78.34434509277344,530.37,fixed_strike,78.01055908203125,81.30073547363281,80.72853088378906,76.15089416503906,80.63316345214844,-4.57763671875,0.4291534423828125,,,,83.73260498046875,74.10049438476562,-9.632110595703125,29.971197625439604,48.03936145659165,,QuantData term-structure
2026-08-17T14:40:00-04:00,2027-01-15,151,570.0,call,0.5593821145698441,75.67405700683594,530.37,fixed_strike,78.01055908203125,81.30073547363281,80.72853088378906,76.15089416503906,80.63316345214844,-4.57763671875,0.4291534423828125,,,,83.73260498046875,74.10049438476562,-9.632110595703125,29.971197625439604,48.03936145659165,,QuantData term-structure
2026-08-17T14:40:00-04:00,2027-01-15,151,600.0,call,0.5167177220223935,76.62773132324219,530.37,fixed_strike,78.01055908203125,81.30073547363281,80.72853088378906,76.15089416503906,80.63316345214844,-4.57763671875,0.4291534423828125,,,,83.73260498046875,74.10049438476562,-9.632110595703125,29.971197625439604,48.03936145659165,,QuantData term-structure
2026-08-17T14:40:00-04:00,2027-01-15,151,620.0,call,0.5113758810841132,78.34434509277344,530.37,fixed_strike,78.01055908203125,81.30073547363281,80.72853088378906,76.15089416503906,80.63316345214844,-4.57763671875,0.4291534423828125,,,,83.73260498046875,74.10049438476562,-9.632110595703125,29.971197625439604,48.03936145659165,,QuantData term-structure
2026-08-17T14:40:00-04:00,2027-01-15,151,620.0,put,-0.49460284469801613,79.58412170410156,530.37,fixed_strike,78.01055908203125,81.30073547363281,80.72853088378906,76.15089416503906,80.63316345214844,-4.57763671875,0.4291534423828125,,,,83.73260498046875,74.10049438476562,-9.632110595703125,29.971197625439604,48.03936145659165,,QuantData term-structure
2026-08-17T14:40:00-04:00,2027-01-15,151,630.0,call,0.47541261487399045,76.81846618652344,530.37,fixed_strike,78.01055908203125,81.30073547363281,80.72853088378906,76.15089416503906,80.63316345214844,-4.57763671875,0.4291534423828125,,,,83.73260498046875,74.10049438476562,-9.632110595703125,29.971197625439604,48.03936145659165,,QuantData term-structure
2026-08-17T14:40:00-04:00,2027-01-15,151,630.0,put,-0.4833602120787429,82.54051208496094,530.37,fixed_strike,78.01055908203125,81.30073547363281,80.72853088378906,76.15089416503906,80.63316345214844,-4.57763671875,0.4291534423828125,,,,83.73260498046875,74.10049438476562,-9.632110595703125,29.971197625439604,48.03936145659165,,QuantData term-structure
2026-08-17T14:40:00-04:00,2027-01-15,151,640.0,call,0.4680225011886785,77.00920104980469,530.37,fixed_strike,78.01055908203125,81.30073547363281,80.72853088378906,76.15089416503906,80.63316345214844,-4.57763671875,0.4291534423828125,,,,83.73260498046875,74.10049438476562,-9.632110595703125,29.971197625439604,48.03936145659165,,QuantData term-structure
2026-08-17T14:40:00-04:00,2027-01-15,151,650.0,call,0.45693689871159543,76.91383361816406,530.37,fixed_strike,78.01055908203125,81.30073547363281,80.72853088378906,76.15089416503906,80.63316345214844,-4.57763671875,0.4291534423828125,,,,83.73260498046875,74.10049438476562,-9.632110595703125,29.971197625439604,48.03936145659165,,QuantData term-structure
2026-08-17T14:40:00-04:00,2027-01-15,151,650.0,put,-0.5162220340537429,83.11271667480469,530.37,fixed_strike,78.01055908203125,81.30073547363281,80.72853088378906,76.15089416503906,80.63316345214844,-4.57763671875,0.4291534423828125,,,,83.73260498046875,74.10049438476562,-9.632110595703125,29.971197625439604,48.03936145659165,,QuantData term-structure
2026-08-17T14:40:00-04:00,2027-01-15,151,660.0,put,-0.5348953255381265,83.11271667480469,530.37,fixed_strike,78.01055908203125,81.30073547363281,80.72853088378906,76.15089416503906,80.63316345214844,-4.57763671875,0.4291534423828125,,,,83.73260498046875,74.10049438476562,-9.632110595703125,29.971197625439604,48.03936145659165,,QuantData term-structure
2026-08-17T14:40:00-04:00,2027-01-15,151,670.0,call,0.42875562006216095,77.00920104980469,530.37,fixed_strike,78.01055908203125,81.30073547363281,80.72853088378906,76.15089416503906,80.63316345214844,-4.57763671875,0.4291534423828125,,,,83.73260498046875,74.10049438476562,-9.632110595703125,29.971197625439604,48.03936145659165,,QuantData term-structure
2026-08-17T14:40:00-04:00,2027-01-15,151,670.0,put,-0.5354574243102974,81.58683776855469,530.37,fixed_strike,78.01055908203125,81.30073547363281,80.72853088378906,76.15089416503906,80.63316345214844,-4.57763671875,0.4291534423828125,,,,83.73260498046875,74.10049438476562,-9.632110595703125,29.971197625439604,48.03936145659165,,QuantData term-structure
2026-08-17T14:40:00-04:00,2027-01-15,151,680.0,call,0.4445486872675343,78.43971252441406,530.37,fixed_strike,78.01055908203125,81.30073547363281,80.72853088378906,76.15089416503906,80.63316345214844,-4.57763671875,0.4291534423828125,,,,83.73260498046875,74.10049438476562,-9.632110595703125,29.971197625439604,48.03936145659165,,QuantData term-structure
2026-08-17T14:40:00-04:00,2027-01-15,151,690.0,call,0.4048721175748779,76.72309875488281,530.37,fixed_strike,78.01055908203125,81.30073547363281,80.72853088378906,76.15089416503906,80.63316345214844,-4.57763671875,0.4291534423828125,,,,83.73260498046875,74.10049438476562,-9.632110595703125,29.971197625439604,48.03936145659165,,QuantData term-structure
2026-08-17T14:40:00-04:00,2027-01-15,151,690.0,put,-0.5910932643374835,78.91654968261719,530.37,fixed_strike,78.01055908203125,81.30073547363281,80.72853088378906,76.15089416503906,80.63316345214844,-4.57763671875,0.4291534423828125,,,,83.73260498046875,74.10049438476562,-9.632110595703125,29.971197625439604,48.03936145659165,,QuantData term-structure
2026-08-17T14:40:00-04:00,2027-01-15,151,700.0,call,0.39124819309912395,77.00920104980469,530.37,fixed_strike,78.01055908203125,81.30073547363281,80.72853088378906,76.15089416503906,80.63316345214844,-4.57763671875,0.4291534423828125,,,,83.73260498046875,74.10049438476562,-9.632110595703125,29.971197625439604,48.03936145659165,,QuantData term-structure
2026-08-17T14:40:00-04:00,2027-01-15,151,700.0,put,-0.5964244515857374,80.06095886230469,530.37,fixed_strike,78.01055908203125,81.30073547363281,80.72853088378906,76.15089416503906,80.63316345214844,-4.57763671875,0.4291534423828125,,,,83.73260498046875,74.10049438476562,-9.632110595703125,29.971197625439604,48.03936145659165,,QuantData term-structure
2026-08-17T14:40:00-04:00,2027-01-15,151,710.0,call,0.3826582598180841,77.67677307128906,530.37,fixed_strike,78.01055908203125,81.30073547363281,80.72853088378906,76.15089416503906,80.63316345214844,-4.57763671875,0.4291534423828125,,,,83.73260498046875,74.10049438476562,-9.632110595703125,29.971197625439604,48.03936145659165,,QuantData term-structure
2026-08-17T14:40:00-04:00,2027-01-15,151,710.0,put,-0.6050991955068095,80.63316345214844,530.37,fixed_strike,78.01055908203125,81.30073547363281,80.72853088378906,76.15089416503906,80.63316345214844,-4.57763671875,0.4291534423828125,,,,83.73260498046875,74.10049438476562,-9.632110595703125,29.971197625439604,48.03936145659165,,QuantData term-structure
2026-08-17T14:40:00-04:00,2027-01-15,151,720.0,call,0.3700934113513066,77.29530334472656,530.37,fixed_strike,78.01055908203125,81.30073547363281,80.72853088378906,76.15089416503906,80.63316345214844,-4.57763671875,0.4291534423828125,,,,83.73260498046875,74.10049438476562,-9.632110595703125,29.971197625439604,48.03936145659165,,QuantData term-structure
2026-08-17T14:40:00-04:00,2027-01-15,151,730.0,call,0.37437224529809,77.86750793457031,530.37,fixed_strike,78.01055908203125,81.30073547363281,80.72853088378906,76.15089416503906,80.63316345214844,-4.57763671875,0.4291534423828125,,,,83.73260498046875,74.10049438476562,-9.632110595703125,29.971197625439604,48.03936145659165,,QuantData term-structure
2026-08-17T14:40:00-04:00,2027-01-15,151,730.0,put,-0.6301698991959588,79.39338684082031,530.37,fixed_strike,78.01055908203125,81.30073547363281,80.72853088378906,76.15089416503906,80.63316345214844,-4.57763671875,0.4291534423828125,,,,83.73260498046875,74.10049438476562,-9.632110595703125,29.971197625439604,48.03936145659165,,QuantData term-structure
2026-08-17T14:40:00-04:00,2027-01-15,151,740.0,call,0.38027097072270943,78.63044738769531,530.37,fixed_strike,78.01055908203125,81.30073547363281,80.72853088378906,76.15089416503906,80.63316345214844,-4.57763671875,0.4291534423828125,,,,83.73260498046875,74.10049438476562,-9.632110595703125,29.971197625439604,48.03936145659165,,QuantData term-structure
2026-08-17T14:40:00-04:00,2027-01-15,151,750.0,call,0.35671514112876623,78.63044738769531,530.37,fixed_strike,78.01055908203125,81.30073547363281,80.72853088378906,76.15089416503906,80.63316345214844,-4.57763671875,0.4291534423828125,,,,83.73260498046875,74.10049438476562,-9.632110595703125,29.971197625439604,48.03936145659165,,QuantData term-structure
2026-08-17T14:40:00-04:00,2027-01-15,151,750.0,put,-0.6399061352258872,81.49147033691406,530.37,fixed_strike,78.01055908203125,81.30073547363281,80.72853088378906,76.15089416503906,80.63316345214844,-4.57763671875,0.4291534423828125,,,,83.73260498046875,74.10049438476562,-9.632110595703125,29.971197625439604,48.03936145659165,,QuantData term-structure
2026-08-17T14:40:00-04:00,2027-01-15,151,760.0,call,0.3426194066011974,77.86750793457031,530.37,fixed_strike,78.01055908203125,81.30073547363281,80.72853088378906,76.15089416503906,80.63316345214844,-4.57763671875,0.4291534423828125,,,,83.73260498046875,74.10049438476562,-9.632110595703125,29.971197625439604,48.03936145659165,,QuantData term-structure
2026-08-17T14:40:00-04:00,2027-01-15,151,770.0,call,0.35220639311292223,79.01191711425781,530.37,fixed_strike,78.01055908203125,81.30073547363281,80.72853088378906,76.15089416503906,80.63316345214844,-4.57763671875,0.4291534423828125,,,,83.73260498046875,74.10049438476562,-9.632110595703125,29.971197625439604,48.03936145659165,,QuantData term-structure
2026-08-17T14:40:00-04:00,2027-01-15,151,780.0,call,0.34212116107702245,78.91654968261719,530.37,fixed_strike,78.01055908203125,81.30073547363281,80.72853088378906,76.15089416503906,80.63316345214844,-4.57763671875,0.4291534423828125,,,,83.73260498046875,74.10049438476562,-9.632110595703125,29.971197625439604,48.03936145659165,,QuantData term-structure
2026-08-17T14:40:00-04:00,2027-01-15,151,780.0,put,-0.6642001965079815,82.34977722167969,530.37,fixed_strike,78.01055908203125,81.30073547363281,80.72853088378906,76.15089416503906,80.63316345214844,-4.57763671875,0.4291534423828125,,,,83.73260498046875,74.10049438476562,-9.632110595703125,29.971197625439604,48.03936145659165,,QuantData term-structure
2026-08-17T14:40:00-04:00,2027-01-15,151,800.0,call,0.29650266206788345,77.29530334472656,530.37,fixed_strike,78.01055908203125,81.30073547363281,80.72853088378906,76.15089416503906,80.63316345214844,-4.57763671875,0.4291534423828125,,,,83.73260498046875,74.10049438476562,-9.632110595703125,29.971197625439604,48.03936145659165,,QuantData term-structure
2026-08-17T14:40:00-04:00,2027-01-15,151,820.0,put,-0.6836788374979177,84.54322814941406,530.37,fixed_strike,78.01055908203125,81.30073547363281,80.72853088378906,76.15089416503906,80.63316345214844,-4.57763671875,0.4291534423828125,,,,83.73260498046875,74.10049438476562,-9.632110595703125,29.971197625439604,48.03936145659165,,QuantData term-structure
2026-08-17T14:40:00-04:00,2027-01-15,151,850.0,call,0.25015648461124407,76.15089416503906,530.37,fixed_strike,78.01055908203125,81.30073547363281,80.72853088378906,76.15089416503906,80.63316345214844,-4.57763671875,0.4291534423828125,,,,83.73260498046875,74.10049438476562,-9.632110595703125,29.971197625439604,48.03936145659165,,QuantData term-structure
2026-08-17T14:40:00-04:00,2027-01-15,151,860.0,call,0.27450090648798575,79.29801940917969,530.37,fixed_strike,78.01055908203125,81.30073547363281,80.72853088378906,76.15089416503906,80.63316345214844,-4.57763671875,0.4291534423828125,,,,83.73260498046875,74.10049438476562,-9.632110595703125,29.971197625439604,48.03936145659165,,QuantData term-structure
2026-08-17T14:40:00-04:00,2027-01-15,151,880.0,call,0.25968490707143976,79.29801940917969,530.37,fixed_strike,78.01055908203125,81.30073547363281,80.72853088378906,76.15089416503906,80.63316345214844,-4.57763671875,0.4291534423828125,,,,83.73260498046875,74.10049438476562,-9.632110595703125,29.971197625439604,48.03936145659165,,QuantData term-structure
2026-08-17T14:40:00-04:00,2027-01-15,151,940.0,call,0.20911976046328845,79.10728454589844,530.37,fixed_strike,78.01055908203125,81.30073547363281,80.72853088378906,76.15089416503906,80.63316345214844,-4.57763671875,0.4291534423828125,,,,83.73260498046875,74.10049438476562,-9.632110595703125,29.971197625439604,48.03936145659165,,QuantData term-structure
2026-08-17T14:40:00-04:00,2027-01-15,151,960.0,call,0.20794527718263728,79.58412170410156,530.37,fixed_strike,78.01055908203125,81.30073547363281,80.72853088378906,76.15089416503906,80.63316345214844,-4.57763671875,0.4291534423828125,,,,83.73260498046875,74.10049438476562,-9.632110595703125,29.971197625439604,48.03936145659165,,QuantData term-structure
2026-08-17T14:40:00-04:00,2027-01-15,151,970.0,call,0.20310884695559195,79.87022399902344,530.37,fixed_strike,78.01055908203125,81.30073547363281,80.72853088378906,76.15089416503906,80.63316345214844,-4.57763671875,0.4291534423828125,,,,83.73260498046875,74.10049438476562,-9.632110595703125,29.971197625439604,48.03936145659165,,QuantData term-structure
2026-08-17T14:40:00-04:00,2027-01-15,151,1000.0,call,0.1914072637993917,79.96559143066406,530.37,fixed_strike,78.01055908203125,81.30073547363281,80.72853088378906,76.15089416503906,80.63316345214844,-4.57763671875,0.4291534423828125,,,,83.73260498046875,74.10049438476562,-9.632110595703125,29.971197625439604,48.03936145659165,,QuantData term-structure
2026-08-17T14:40:00-04:00,2027-01-15,151,1040.0,call,0.16353429132373598,79.77485656738281,530.37,fixed_strike,78.01055908203125,81.30073547363281,80.72853088378906,76.15089416503906,80.63316345214844,-4.57763671875,0.4291534423828125,,,,83.73260498046875,74.10049438476562,-9.632110595703125,29.971197625439604,48.03936145659165,,QuantData term-structure
2026-08-17T14:40:00-04:00,2027-01-15,151,1100.0,call,0.13298856289504335,80.34706115722656,530.37,fixed_strike,78.01055908203125,81.30073547363281,80.72853088378906,76.15089416503906,80.63316345214844,-4.57763671875,0.4291534423828125,,,,83.73260498046875,74.10049438476562,-9.632110595703125,29.971197625439604,48.03936145659165,,QuantData term-structure
2026-08-17T14:40:00-04:00,2027-01-15,151,1120.0,call,0.12586962799367252,80.63316345214844,530.37,fixed_strike,78.01055908203125,81.30073547363281,80.72853088378906,76.15089416503906,80.63316345214844,-4.57763671875,0.4291534423828125,,,,83.73260498046875,74.10049438476562,-9.632110595703125,29.971197625439604,48.03936145659165,,QuantData term-structure
2026-08-17T14:40:00-04:00,2027-01-15,151,1140.0,call,0.11966215977588368,80.63316345214844,530.37,fixed_strike,78.01055908203125,81.30073547363281,80.72853088378906,76.15089416503906,80.63316345214844,-4.57763671875,0.4291534423828125,,,,83.73260498046875,74.10049438476562,-9.632110595703125,29.971197625439604,48.03936145659165,,QuantData term-structure
2026-08-17T14:40:00-04:00,2027-01-15,151,1160.0,call,0.1262558687956355,80.82389831542969,530.37,fixed_strike,78.01055908203125,81.30073547363281,80.72853088378906,76.15089416503906,80.63316345214844,-4.57763671875,0.4291534423828125,,,,83.73260498046875,74.10049438476562,-9.632110595703125,29.971197625439604,48.03936145659165,,QuantData term-structure
2026-08-17T14:40:00-04:00,2027-03-19,214,145.0,put,-0.009469068223363112,85.87837219238281,530.37,fixed_strike,80.82389831542969,81.01463317871094,79.58412170410156,80.72853088378906,80.34706115722656,1.1444091796875,-0.667572021484375,,,,83.73260498046875,74.10049438476562,-9.632110595703125,29.971197625439604,50.85270068999009,,QuantData term-structure
2026-08-17T14:40:00-04:00,2027-03-19,214,220.0,put,-0.03806190603757437,82.25440979003906,530.37,fixed_strike,80.82389831542969,81.01463317871094,79.58412170410156,80.72853088378906,80.34706115722656,1.1444091796875,-0.667572021484375,,,,83.73260498046875,74.10049438476562,-9.632110595703125,29.971197625439604,50.85270068999009,,QuantData term-structure
2026-08-17T14:40:00-04:00,2027-03-19,214,250.0,put,-0.0570156768336626,81.01463317871094,530.37,fixed_strike,80.82389831542969,81.01463317871094,79.58412170410156,80.72853088378906,80.34706115722656,1.1444091796875,-0.667572021484375,,,,83.73260498046875,74.10049438476562,-9.632110595703125,29.971197625439604,50.85270068999009,,QuantData term-structure
2026-08-17T14:40:00-04:00,2027-03-19,214,350.0,put,-0.14830803101031098,79.39338684082031,530.37,fixed_strike,80.82389831542969,81.01463317871094,79.58412170410156,80.72853088378906,80.34706115722656,1.1444091796875,-0.667572021484375,,,,83.73260498046875,74.10049438476562,-9.632110595703125,29.971197625439604,50.85270068999009,,QuantData term-structure
2026-08-17T14:40:00-04:00,2027-03-19,214,360.0,put,-0.15494732834854386,83.20808410644531,530.37,fixed_strike,80.82389831542969,81.01463317871094,79.58412170410156,80.72853088378906,80.34706115722656,1.1444091796875,-0.667572021484375,,,,83.73260498046875,74.10049438476562,-9.632110595703125,29.971197625439604,50.85270068999009,,QuantData term-structure
2026-08-17T14:40:00-04:00,2027-03-19,214,390.0,put,-0.18864825937607532,81.96830749511719,530.37,fixed_strike,80.82389831542969,81.01463317871094,79.58412170410156,80.72853088378906,80.34706115722656,1.1444091796875,-0.667572021484375,,,,83.73260498046875,74.10049438476562,-9.632110595703125,29.971197625439604,50.85270068999009,,QuantData term-structure
2026-08-17T14:40:00-04:00,2027-03-19,214,410.0,call,0.7864438263401534,79.20265197753906,530.37,fixed_strike,80.82389831542969,81.01463317871094,79.58412170410156,80.72853088378906,80.34706115722656,1.1444091796875,-0.667572021484375,,,,83.73260498046875,74.10049438476562,-9.632110595703125,29.971197625439604,50.85270068999009,,QuantData term-structure
2026-08-17T14:40:00-04:00,2027-03-19,214,420.0,call,0.7761509018863226,78.43971252441406,530.37,fixed_strike,80.82389831542969,81.01463317871094,79.58412170410156,80.72853088378906,80.34706115722656,1.1444091796875,-0.667572021484375,,,,83.73260498046875,74.10049438476562,-9.632110595703125,29.971197625439604,50.85270068999009,,QuantData term-structure
2026-08-17T14:40:00-04:00,2027-03-19,214,420.0,put,-0.21786079897859567,82.06367492675781,530.37,fixed_strike,80.82389831542969,81.01463317871094,79.58412170410156,80.72853088378906,80.34706115722656,1.1444091796875,-0.667572021484375,,,,83.73260498046875,74.10049438476562,-9.632110595703125,29.971197625439604,50.85270068999009,,QuantData term-structure
2026-08-17T14:40:00-04:00,2027-03-19,214,430.0,call,0.7627201640975813,79.29801940917969,530.37,fixed_strike,80.82389831542969,81.01463317871094,79.58412170410156,80.72853088378906,80.34706115722656,1.1444091796875,-0.667572021484375,,,,83.73260498046875,74.10049438476562,-9.632110595703125,29.971197625439604,50.85270068999009,,QuantData term-structure
2026-08-17T14:40:00-04:00,2027-03-19,214,430.0,put,-0.23397704705043293,79.77485656738281,530.37,fixed_strike,80.82389831542969,81.01463317871094,79.58412170410156,80.72853088378906,80.34706115722656,1.1444091796875,-0.667572021484375,,,,83.73260498046875,74.10049438476562,-9.632110595703125,29.971197625439604,50.85270068999009,,QuantData term-structure
2026-08-17T14:40:00-04:00,2027-03-19,214,440.0,call,0.7592918997305129,79.58412170410156,530.37,fixed_strike,80.82389831542969,81.01463317871094,79.58412170410156,80.72853088378906,80.34706115722656,1.1444091796875,-0.667572021484375,,,,83.73260498046875,74.10049438476562,-9.632110595703125,29.971197625439604,50.85270068999009,,QuantData term-structure
2026-08-17T14:40:00-04:00,2027-03-19,214,450.0,call,0.749988325112702,79.67948913574219,530.37,fixed_strike,80.82389831542969,81.01463317871094,79.58412170410156,80.72853088378906,80.34706115722656,1.1444091796875,-0.667572021484375,,,,83.73260498046875,74.10049438476562,-9.632110595703125,29.971197625439604,50.85270068999009,,QuantData term-structure
2026-08-17T14:40:00-04:00,2027-03-19,214,450.0,put,-0.26587964488934746,79.58412170410156,530.37,fixed_strike,80.82389831542969,81.01463317871094,79.58412170410156,80.72853088378906,80.34706115722656,1.1444091796875,-0.667572021484375,,,,83.73260498046875,74.10049438476562,-9.632110595703125,29.971197625439604,50.85270068999009,,QuantData term-structure
2026-08-17T14:40:00-04:00,2027-03-19,214,460.0,call,0.7337371546093553,79.39338684082031,530.37,fixed_strike,80.82389831542969,81.01463317871094,79.58412170410156,80.72853088378906,80.34706115722656,1.1444091796875,-0.667572021484375,,,,83.73260498046875,74.10049438476562,-9.632110595703125,29.971197625439604,50.85270068999009,,QuantData term-structure
2026-08-17T14:40:00-04:00,2027-03-19,214,460.0,put,-0.27735647786722395,78.72581481933594,530.37,fixed_strike,80.82389831542969,81.01463317871094,79.58412170410156,80.72853088378906,80.34706115722656,1.1444091796875,-0.667572021484375,,,,83.73260498046875,74.10049438476562,-9.632110595703125,29.971197625439604,50.85270068999009,,QuantData term-structure
2026-08-17T14:40:00-04:00,2027-03-19,214,470.0,call,0.7099949388283795,77.48603820800781,530.37,fixed_strike,80.82389831542969,81.01463317871094,79.58412170410156,80.72853088378906,80.34706115722656,1.1444091796875,-0.667572021484375,,,,83.73260498046875,74.10049438476562,-9.632110595703125,29.971197625439604,50.85270068999009,,QuantData term-structure
2026-08-17T14:40:00-04:00,2027-03-19,214,470.0,put,-0.28890197168268894,79.39338684082031,530.37,fixed_strike,80.82389831542969,81.01463317871094,79.58412170410156,80.72853088378906,80.34706115722656,1.1444091796875,-0.667572021484375,,,,83.73260498046875,74.10049438476562,-9.632110595703125,29.971197625439604,50.85270068999009,,QuantData term-structure
2026-08-17T14:40:00-04:00,2027-03-19,214,480.0,put,-0.30055703539249484,78.15361022949219,530.37,fixed_strike,80.82389831542969,81.01463317871094,79.58412170410156,80.72853088378906,80.34706115722656,1.1444091796875,-0.667572021484375,,,,83.73260498046875,74.10049438476562,-9.632110595703125,29.971197625439604,50.85270068999009,,QuantData term-structure
2026-08-17T14:40:00-04:00,2027-03-19,214,490.0,put,-0.3096256827893034,79.87022399902344,530.37,fixed_strike,80.82389831542969,81.01463317871094,79.58412170410156,80.72853088378906,80.34706115722656,1.1444091796875,-0.667572021484375,,,,83.73260498046875,74.10049438476562,-9.632110595703125,29.971197625439604,50.85270068999009,,QuantData term-structure
2026-08-17T14:40:00-04:00,2027-03-19,214,500.0,call,0.6868472344314668,80.72853088378906,530.37,fixed_strike,80.82389831542969,81.01463317871094,79.58412170410156,80.72853088378906,80.34706115722656,1.1444091796875,-0.667572021484375,,,,83.73260498046875,74.10049438476562,-9.632110595703125,29.971197625439604,50.85270068999009,,QuantData term-structure
2026-08-17T14:40:00-04:00,2027-03-19,214,500.0,put,-0.32488912912671347,79.48875427246094,530.37,fixed_strike,80.82389831542969,81.01463317871094,79.58412170410156,80.72853088378906,80.34706115722656,1.1444091796875,-0.667572021484375,,,,83.73260498046875,74.10049438476562,-9.632110595703125,29.971197625439604,50.85270068999009,,QuantData term-structure
2026-08-17T14:40:00-04:00,2027-03-19,214,510.0,call,0.6629762855587769,78.15361022949219,530.37,fixed_strike,80.82389831542969,81.01463317871094,79.58412170410156,80.72853088378906,80.34706115722656,1.1444091796875,-0.667572021484375,,,,83.73260498046875,74.10049438476562,-9.632110595703125,29.971197625439604,50.85270068999009,,QuantData term-structure
2026-08-17T14:40:00-04:00,2027-03-19,214,510.0,put,-0.33880734105694865,80.91926574707031,530.37,fixed_strike,80.82389831542969,81.01463317871094,79.58412170410156,80.72853088378906,80.34706115722656,1.1444091796875,-0.667572021484375,,,,83.73260498046875,74.10049438476562,-9.632110595703125,29.971197625439604,50.85270068999009,,QuantData term-structure
2026-08-17T14:40:00-04:00,2027-03-19,214,520.0,call,0.6671591689502584,78.72581481933594,530.37,fixed_strike,80.82389831542969,81.01463317871094,79.58412170410156,80.72853088378906,80.34706115722656,1.1444091796875,-0.667572021484375,,,,83.73260498046875,74.10049438476562,-9.632110595703125,29.971197625439604,50.85270068999009,,QuantData term-structure
2026-08-17T14:40:00-04:00,2027-03-19,214,520.0,put,-0.3598757718867528,80.34706115722656,530.37,fixed_strike,80.82389831542969,81.01463317871094,79.58412170410156,80.72853088378906,80.34706115722656,1.1444091796875,-0.667572021484375,,,,83.73260498046875,74.10049438476562,-9.632110595703125,29.971197625439604,50.85270068999009,,QuantData term-structure
2026-08-17T14:40:00-04:00,2027-03-19,214,530.0,put,-0.36130650343919135,80.82389831542969,530.37,fixed_strike,80.82389831542969,81.01463317871094,79.58412170410156,80.72853088378906,80.34706115722656,1.1444091796875,-0.667572021484375,,,,83.73260498046875,74.10049438476562,-9.632110595703125,29.971197625439604,50.85270068999009,,QuantData term-structure
2026-08-17T14:40:00-04:00,2027-03-19,214,540.0,call,0.6387617453565864,79.29801940917969,530.37,fixed_strike,80.82389831542969,81.01463317871094,79.58412170410156,80.72853088378906,80.34706115722656,1.1444091796875,-0.667572021484375,,,,83.73260498046875,74.10049438476562,-9.632110595703125,29.971197625439604,50.85270068999009,,QuantData term-structure
2026-08-17T14:40:00-04:00,2027-03-19,214,540.0,put,-0.35458477969298274,80.91926574707031,530.37,fixed_strike,80.82389831542969,81.01463317871094,79.58412170410156,80.72853088378906,80.34706115722656,1.1444091796875,-0.667572021484375,,,,83.73260498046875,74.10049438476562,-9.632110595703125,29.971197625439604,50.85270068999009,,QuantData term-structure
2026-08-17T14:40:00-04:00,2027-03-19,214,550.0,call,0.614532281935024,77.96287536621094,530.37,fixed_strike,80.82389831542969,81.01463317871094,79.58412170410156,80.72853088378906,80.34706115722656,1.1444091796875,-0.667572021484375,,,,83.73260498046875,74.10049438476562,-9.632110595703125,29.971197625439604,50.85270068999009,,QuantData term-structure
2026-08-17T14:40:00-04:00,2027-03-19,214,560.0,call,0.6039043986654165,77.96287536621094,530.37,fixed_strike,80.82389831542969,81.01463317871094,79.58412170410156,80.72853088378906,80.34706115722656,1.1444091796875,-0.667572021484375,,,,83.73260498046875,74.10049438476562,-9.632110595703125,29.971197625439604,50.85270068999009,,QuantData term-structure
2026-08-17T14:40:00-04:00,2027-03-19,214,600.0,call,0.5519116063417833,77.86750793457031,530.37,fixed_strike,80.82389831542969,81.01463317871094,79.58412170410156,80.72853088378906,80.34706115722656,1.1444091796875,-0.667572021484375,,,,83.73260498046875,74.10049438476562,-9.632110595703125,29.971197625439604,50.85270068999009,,QuantData term-structure
2026-08-17T14:40:00-04:00,2027-03-19,214,610.0,call,0.5442758401901368,78.05824279785156,530.37,fixed_strike,80.82389831542969,81.01463317871094,79.58412170410156,80.72853088378906,80.34706115722656,1.1444091796875,-0.667572021484375,,,,83.73260498046875,74.10049438476562,-9.632110595703125,29.971197625439604,50.85270068999009,,QuantData term-structure
2026-08-17T14:40:00-04:00,2027-03-19,214,640.0,put,-0.4560623713271177,82.54051208496094,530.37,fixed_strike,80.82389831542969,81.01463317871094,79.58412170410156,80.72853088378906,80.34706115722656,1.1444091796875,-0.667572021484375,,,,83.73260498046875,74.10049438476562,-9.632110595703125,29.971197625439604,50.85270068999009,,QuantData term-structure
2026-08-17T14:40:00-04:00,2027-03-19,214,650.0,call,0.5273926118470622,79.87022399902344,530.37,fixed_strike,80.82389831542969,81.01463317871094,79.58412170410156,80.72853088378906,80.34706115722656,1.1444091796875,-0.667572021484375,,,,83.73260498046875,74.10049438476562,-9.632110595703125,29.971197625439604,50.85270068999009,,QuantData term-structure
2026-08-17T14:40:00-04:00,2027-03-19,214,660.0,call,0.5015664259294319,78.91654968261719,530.37,fixed_strike,80.82389831542969,81.01463317871094,79.58412170410156,80.72853088378906,80.34706115722656,1.1444091796875,-0.667572021484375,,,,83.73260498046875,74.10049438476562,-9.632110595703125,29.971197625439604,50.85270068999009,,QuantData term-structure
2026-08-17T14:40:00-04:00,2027-03-19,214,670.0,call,0.49350416317285406,79.10728454589844,530.37,fixed_strike,80.82389831542969,81.01463317871094,79.58412170410156,80.72853088378906,80.34706115722656,1.1444091796875,-0.667572021484375,,,,83.73260498046875,74.10049438476562,-9.632110595703125,29.971197625439604,50.85270068999009,,QuantData term-structure
2026-08-17T14:40:00-04:00,2027-03-19,214,680.0,call,0.4853642052034819,79.67948913574219,530.37,fixed_strike,80.82389831542969,81.01463317871094,79.58412170410156,80.72853088378906,80.34706115722656,1.1444091796875,-0.667572021484375,,,,83.73260498046875,74.10049438476562,-9.632110595703125,29.971197625439604,50.85270068999009,,QuantData term-structure
2026-08-17T14:40:00-04:00,2027-03-19,214,680.0,put,-0.4920544038445089,83.01734924316406,530.37,fixed_strike,80.82389831542969,81.01463317871094,79.58412170410156,80.72853088378906,80.34706115722656,1.1444091796875,-0.667572021484375,,,,83.73260498046875,74.10049438476562,-9.632110595703125,29.971197625439604,50.85270068999009,,QuantData term-structure
2026-08-17T14:40:00-04:00,2027-03-19,214,690.0,call,0.4748276500805159,78.82118225097656,530.37,fixed_strike,80.82389831542969,81.01463317871094,79.58412170410156,80.72853088378906,80.34706115722656,1.1444091796875,-0.667572021484375,,,,83.73260498046875,74.10049438476562,-9.632110595703125,29.971197625439604,50.85270068999009,,QuantData term-structure
2026-08-17T14:40:00-04:00,2027-03-19,214,700.0,call,0.4819162602963565,80.63316345214844,530.37,fixed_strike,80.82389831542969,81.01463317871094,79.58412170410156,80.72853088378906,80.34706115722656,1.1444091796875,-0.667572021484375,,,,83.73260498046875,74.10049438476562,-9.632110595703125,29.971197625439604,50.85270068999009,,QuantData term-structure
2026-08-17T14:40:00-04:00,2027-03-19,214,710.0,call,0.467245841511433,79.96559143066406,530.37,fixed_strike,80.82389831542969,81.01463317871094,79.58412170410156,80.72853088378906,80.34706115722656,1.1444091796875,-0.667572021484375,,,,83.73260498046875,74.10049438476562,-9.632110595703125,29.971197625439604,50.85270068999009,,QuantData term-structure
2026-08-17T14:40:00-04:00,2027-03-19,214,730.0,call,0.4251413340444017,78.63044738769531,530.37,fixed_strike,80.82389831542969,81.01463317871094,79.58412170410156,80.72853088378906,80.34706115722656,1.1444091796875,-0.667572021484375,,,,83.73260498046875,74.10049438476562,-9.632110595703125,29.971197625439604,50.85270068999009,,QuantData term-structure
2026-08-17T14:40:00-04:00,2027-03-19,214,740.0,call,0.415857981747262,78.72581481933594,530.37,fixed_strike,80.82389831542969,81.01463317871094,79.58412170410156,80.72853088378906,80.34706115722656,1.1444091796875,-0.667572021484375,,,,83.73260498046875,74.10049438476562,-9.632110595703125,29.971197625439604,50.85270068999009,,QuantData term-structure
2026-08-17T14:40:00-04:00,2027-03-19,214,750.0,call,0.4192783303082776,79.29801940917969,530.37,fixed_strike,80.82389831542969,81.01463317871094,79.58412170410156,80.72853088378906,80.34706115722656,1.1444091796875,-0.667572021484375,,,,83.73260498046875,74.10049438476562,-9.632110595703125,29.971197625439604,50.85270068999009,,QuantData term-structure
2026-08-17T14:40:00-04:00,2027-03-19,214,760.0,call,0.4290193548129074,80.34706115722656,530.37,fixed_strike,80.82389831542969,81.01463317871094,79.58412170410156,80.72853088378906,80.34706115722656,1.1444091796875,-0.667572021484375,,,,83.73260498046875,74.10049438476562,-9.632110595703125,29.971197625439604,50.85270068999009,,QuantData term-structure
2026-08-17T14:40:00-04:00,2027-03-19,214,770.0,call,0.396454775623868,79.01191711425781,530.37,fixed_strike,80.82389831542969,81.01463317871094,79.58412170410156,80.72853088378906,80.34706115722656,1.1444091796875,-0.667572021484375,,,,83.73260498046875,74.10049438476562,-9.632110595703125,29.971197625439604,50.85270068999009,,QuantData term-structure
2026-08-17T14:40:00-04:00,2027-03-19,214,780.0,call,0.3882658032213221,79.01191711425781,530.37,fixed_strike,80.82389831542969,81.01463317871094,79.58412170410156,80.72853088378906,80.34706115722656,1.1444091796875,-0.667572021484375,,,,83.73260498046875,74.10049438476562,-9.632110595703125,29.971197625439604,50.85270068999009,,QuantData term-structure
2026-08-17T14:40:00-04:00,2027-03-19,214,800.0,call,0.37319374501190483,79.20265197753906,530.37,fixed_strike,80.82389831542969,81.01463317871094,79.58412170410156,80.72853088378906,80.34706115722656,1.1444091796875,-0.667572021484375,,,,83.73260498046875,74.10049438476562,-9.632110595703125,29.971197625439604,50.85270068999009,,QuantData term-structure
2026-08-17T14:40:00-04:00,2027-03-19,214,860.0,call,0.34219134891254066,80.15632629394531,530.37,fixed_strike,80.82389831542969,81.01463317871094,79.58412170410156,80.72853088378906,80.34706115722656,1.1444091796875,-0.667572021484375,,,,83.73260498046875,74.10049438476562,-9.632110595703125,29.971197625439604,50.85270068999009,,QuantData term-structure
2026-08-17T14:40:00-04:00,2027-03-19,214,900.0,call,0.3109328520839836,79.87022399902344,530.37,fixed_strike,80.82389831542969,81.01463317871094,79.58412170410156,80.72853088378906,80.34706115722656,1.1444091796875,-0.667572021484375,,,,83.73260498046875,74.10049438476562,-9.632110595703125,29.971197625439604,50.85270068999009,,QuantData term-structure
2026-08-17T14:40:00-04:00,2027-03-19,214,920.0,call,0.2978428479073162,79.87022399902344,530.37,fixed_strike,80.82389831542969,81.01463317871094,79.58412170410156,80.72853088378906,80.34706115722656,1.1444091796875,-0.667572021484375,,,,83.73260498046875,74.10049438476562,-9.632110595703125,29.971197625439604,50.85270068999009,,QuantData term-structure
2026-08-17T14:40:00-04:00,2027-03-19,214,930.0,call,0.29166081276767686,79.87022399902344,530.37,fixed_strike,80.82389831542969,81.01463317871094,79.58412170410156,80.72853088378906,80.34706115722656,1.1444091796875,-0.667572021484375,,,,83.73260498046875,74.10049438476562,-9.632110595703125,29.971197625439604,50.85270068999009,,QuantData term-structure
2026-08-17T14:40:00-04:00,2027-03-19,214,940.0,call,0.29590617569275957,80.53779602050781,530.37,fixed_strike,80.82389831542969,81.01463317871094,79.58412170410156,80.72853088378906,80.34706115722656,1.1444091796875,-0.667572021484375,,,,83.73260498046875,74.10049438476562,-9.632110595703125,29.971197625439604,50.85270068999009,,QuantData term-structure
2026-08-17T14:40:00-04:00,2027-03-19,214,960.0,call,0.2732160250002746,79.58412170410156,530.37,fixed_strike,80.82389831542969,81.01463317871094,79.58412170410156,80.72853088378906,80.34706115722656,1.1444091796875,-0.667572021484375,,,,83.73260498046875,74.10049438476562,-9.632110595703125,29.971197625439604,50.85270068999009,,QuantData term-structure
2026-08-17T14:40:00-04:00,2027-03-19,214,1000.0,call,0.2640333483437637,80.82389831542969,530.37,fixed_strike,80.82389831542969,81.01463317871094,79.58412170410156,80.72853088378906,80.34706115722656,1.1444091796875,-0.667572021484375,,,,83.73260498046875,74.10049438476562,-9.632110595703125,29.971197625439604,50.85270068999009,,QuantData term-structure
2026-08-17T14:40:00-04:00,2027-03-19,214,1040.0,call,0.24635269073500482,80.72853088378906,530.37,fixed_strike,80.82389831542969,81.01463317871094,79.58412170410156,80.72853088378906,80.34706115722656,1.1444091796875,-0.667572021484375,,,,83.73260498046875,74.10049438476562,-9.632110595703125,29.971197625439604,50.85270068999009,,QuantData term-structure
2026-08-17T14:40:00-04:00,2027-03-19,214,1060.0,call,0.23516267438702398,82.34977722167969,530.37,fixed_strike,80.82389831542969,81.01463317871094,79.58412170410156,80.72853088378906,80.34706115722656,1.1444091796875,-0.667572021484375,,,,83.73260498046875,74.10049438476562,-9.632110595703125,29.971197625439604,50.85270068999009,,QuantData term-structure
2026-08-17T14:40:00-04:00,2027-03-19,214,1080.0,call,0.22315654003873708,80.91926574707031,530.37,fixed_strike,80.82389831542969,81.01463317871094,79.58412170410156,80.72853088378906,80.34706115722656,1.1444091796875,-0.667572021484375,,,,83.73260498046875,74.10049438476562,-9.632110595703125,29.971197625439604,50.85270068999009,,QuantData term-structure
2026-08-17T14:40:00-04:00,2027-03-19,214,1100.0,call,0.2005973233841788,79.77485656738281,530.37,fixed_strike,80.82389831542969,81.01463317871094,79.58412170410156,80.72853088378906,80.34706115722656,1.1444091796875,-0.667572021484375,,,,83.73260498046875,74.10049438476562,-9.632110595703125,29.971197625439604,50.85270068999009,,QuantData term-structure
2026-08-17T14:40:00-04:00,2027-03-19,214,1160.0,call,0.18443849378026317,80.34706115722656,530.37,fixed_strike,80.82389831542969,81.01463317871094,79.58412170410156,80.72853088378906,80.34706115722656,1.1444091796875,-0.667572021484375,,,,83.73260498046875,74.10049438476562,-9.632110595703125,29.971197625439604,50.85270068999009,,QuantData term-structure
2026-08-17T14:40:00-04:00,2027-06-17,304,240.0,put,-0.06811094822094466,81.68220520019531,530.37,fixed_strike,81.01463317871094,82.15904235839844,82.63587951660156,80.15632629394531,80.15632629394531,-2.47955322265625,0.3814697265625,,,,83.73260498046875,74.10049438476562,-9.632110595703125,29.971197625439604,51.04343555327134,,QuantData term-structure
2026-08-17T14:40:00-04:00,2027-06-17,304,250.0,put,-0.0725863198980567,82.34977722167969,530.37,fixed_strike,81.01463317871094,82.15904235839844,82.63587951660156,80.15632629394531,80.15632629394531,-2.47955322265625,0.3814697265625,,,,83.73260498046875,74.10049438476562,-9.632110595703125,29.971197625439604,51.04343555327134,,QuantData term-structure
2026-08-17T14:40:00-04:00,2027-06-17,304,270.0,call,0.91220127303991,79.48875427246094,530.37,fixed_strike,81.01463317871094,82.15904235839844,82.63587951660156,80.15632629394531,80.15632629394531,-2.47955322265625,0.3814697265625,,,,83.73260498046875,74.10049438476562,-9.632110595703125,29.971197625439604,51.04343555327134,,QuantData term-structure
2026-08-17T14:40:00-04:00,2027-06-17,304,280.0,call,0.9045419376955849,80.91926574707031,530.37,fixed_strike,81.01463317871094,82.15904235839844,82.63587951660156,80.15632629394531,80.15632629394531,-2.47955322265625,0.3814697265625,,,,83.73260498046875,74.10049438476562,-9.632110595703125,29.971197625439604,51.04343555327134,,QuantData term-structure
2026-08-17T14:40:00-04:00,2027-06-17,304,300.0,put,-0.10888096233633232,82.15904235839844,530.37,fixed_strike,81.01463317871094,82.15904235839844,82.63587951660156,80.15632629394531,80.15632629394531,-2.47955322265625,0.3814697265625,,,,83.73260498046875,74.10049438476562,-9.632110595703125,29.971197625439604,51.04343555327134,,QuantData term-structure
2026-08-17T14:40:00-04:00,2027-06-17,304,320.0,put,-0.13298378529134125,80.15632629394531,530.37,fixed_strike,81.01463317871094,82.15904235839844,82.63587951660156,80.15632629394531,80.15632629394531,-2.47955322265625,0.3814697265625,,,,83.73260498046875,74.10049438476562,-9.632110595703125,29.971197625439604,51.04343555327134,,QuantData term-structure
2026-08-17T14:40:00-04:00,2027-06-17,304,330.0,put,-0.13847400880585753,82.34977722167969,530.37,fixed_strike,81.01463317871094,82.15904235839844,82.63587951660156,80.15632629394531,80.15632629394531,-2.47955322265625,0.3814697265625,,,,83.73260498046875,74.10049438476562,-9.632110595703125,29.971197625439604,51.04343555327134,,QuantData term-structure
2026-08-17T14:40:00-04:00,2027-06-17,304,340.0,put,-0.1467253985718467,82.15904235839844,530.37,fixed_strike,81.01463317871094,82.15904235839844,82.63587951660156,80.15632629394531,80.15632629394531,-2.47955322265625,0.3814697265625,,,,83.73260498046875,74.10049438476562,-9.632110595703125,29.971197625439604,51.04343555327134,,QuantData term-structure
2026-08-17T14:40:00-04:00,2027-06-17,304,350.0,put,-0.16244012201321856,80.91926574707031,530.37,fixed_strike,81.01463317871094,82.15904235839844,82.63587951660156,80.15632629394531,80.15632629394531,-2.47955322265625,0.3814697265625,,,,83.73260498046875,74.10049438476562,-9.632110595703125,29.971197625439604,51.04343555327134,,QuantData term-structure
2026-08-17T14:40:00-04:00,2027-06-17,304,380.0,put,-0.17961466701909484,81.87294006347656,530.37,fixed_strike,81.01463317871094,82.15904235839844,82.63587951660156,80.15632629394531,80.15632629394531,-2.47955322265625,0.3814697265625,,,,83.73260498046875,74.10049438476562,-9.632110595703125,29.971197625439604,51.04343555327134,,QuantData term-structure
2026-08-17T14:40:00-04:00,2027-06-17,304,390.0,call,0.8064758277683277,80.82389831542969,530.37,fixed_strike,81.01463317871094,82.15904235839844,82.63587951660156,80.15632629394531,80.15632629394531,-2.47955322265625,0.3814697265625,,,,83.73260498046875,74.10049438476562,-9.632110595703125,29.971197625439604,51.04343555327134,,QuantData term-structure
2026-08-17T14:40:00-04:00,2027-06-17,304,400.0,call,0.800961528500449,79.96559143066406,530.37,fixed_strike,81.01463317871094,82.15904235839844,82.63587951660156,80.15632629394531,80.15632629394531,-2.47955322265625,0.3814697265625,,,,83.73260498046875,74.10049438476562,-9.632110595703125,29.971197625439604,51.04343555327134,,QuantData term-structure
2026-08-17T14:40:00-04:00,2027-06-17,304,400.0,put,-0.19946612454698975,82.15904235839844,530.37,fixed_strike,81.01463317871094,82.15904235839844,82.63587951660156,80.15632629394531,80.15632629394531,-2.47955322265625,0.3814697265625,,,,83.73260498046875,74.10049438476562,-9.632110595703125,29.971197625439604,51.04343555327134,,QuantData term-structure
2026-08-17T14:40:00-04:00,2027-06-17,304,420.0,call,0.7803960459237318,79.20265197753906,530.37,fixed_strike,81.01463317871094,82.15904235839844,82.63587951660156,80.15632629394531,80.15632629394531,-2.47955322265625,0.3814697265625,,,,83.73260498046875,74.10049438476562,-9.632110595703125,29.971197625439604,51.04343555327134,,QuantData term-structure
2026-08-17T14:40:00-04:00,2027-06-17,304,420.0,put,-0.21828739612309123,83.49418640136719,530.37,fixed_strike,81.01463317871094,82.15904235839844,82.63587951660156,80.15632629394531,80.15632629394531,-2.47955322265625,0.3814697265625,,,,83.73260498046875,74.10049438476562,-9.632110595703125,29.971197625439604,51.04343555327134,,QuantData term-structure
2026-08-17T14:40:00-04:00,2027-06-17,304,430.0,put,-0.22955665136383246,83.01734924316406,530.37,fixed_strike,81.01463317871094,82.15904235839844,82.63587951660156,80.15632629394531,80.15632629394531,-2.47955322265625,0.3814697265625,,,,83.73260498046875,74.10049438476562,-9.632110595703125,29.971197625439604,51.04343555327134,,QuantData term-structure
2026-08-17T14:40:00-04:00,2027-06-17,304,450.0,call,0.7456750918497201,78.53507995605469,530.37,fixed_strike,81.01463317871094,82.15904235839844,82.63587951660156,80.15632629394531,80.15632629394531,-2.47955322265625,0.3814697265625,,,,83.73260498046875,74.10049438476562,-9.632110595703125,29.971197625439604,51.04343555327134,,QuantData term-structure
2026-08-17T14:40:00-04:00,2027-06-17,304,450.0,put,-0.24687520955004827,82.63587951660156,530.37,fixed_strike,81.01463317871094,82.15904235839844,82.63587951660156,80.15632629394531,80.15632629394531,-2.47955322265625,0.3814697265625,,,,83.73260498046875,74.10049438476562,-9.632110595703125,29.971197625439604,51.04343555327134,,QuantData term-structure
2026-08-17T14:40:00-04:00,2027-06-17,304,460.0,call,0.7443413916952172,80.25169372558594,530.37,fixed_strike,81.01463317871094,82.15904235839844,82.63587951660156,80.15632629394531,80.15632629394531,-2.47955322265625,0.3814697265625,,,,83.73260498046875,74.10049438476562,-9.632110595703125,29.971197625439604,51.04343555327134,,QuantData term-structure
2026-08-17T14:40:00-04:00,2027-06-17,304,460.0,put,-0.2576275356135989,83.01734924316406,530.37,fixed_strike,81.01463317871094,82.15904235839844,82.63587951660156,80.15632629394531,80.15632629394531,-2.47955322265625,0.3814697265625,,,,83.73260498046875,74.10049438476562,-9.632110595703125,29.971197625439604,51.04343555327134,,QuantData term-structure
2026-08-17T14:40:00-04:00,2027-06-17,304,470.0,call,0.7302422616633968,78.24897766113281,530.37,fixed_strike,81.01463317871094,82.15904235839844,82.63587951660156,80.15632629394531,80.15632629394531,-2.47955322265625,0.3814697265625,,,,83.73260498046875,74.10049438476562,-9.632110595703125,29.971197625439604,51.04343555327134,,QuantData term-structure
2026-08-17T14:40:00-04:00,2027-06-17,304,470.0,put,-0.2663376122825196,82.73124694824219,530.37,fixed_strike,81.01463317871094,82.15904235839844,82.63587951660156,80.15632629394531,80.15632629394531,-2.47955322265625,0.3814697265625,,,,83.73260498046875,74.10049438476562,-9.632110595703125,29.971197625439604,51.04343555327134,,QuantData term-structure
2026-08-17T14:40:00-04:00,2027-06-17,304,480.0,call,0.7126867631533101,78.53507995605469,530.37,fixed_strike,81.01463317871094,82.15904235839844,82.63587951660156,80.15632629394531,80.15632629394531,-2.47955322265625,0.3814697265625,,,,83.73260498046875,74.10049438476562,-9.632110595703125,29.971197625439604,51.04343555327134,,QuantData term-structure
2026-08-17T14:40:00-04:00,2027-06-17,304,480.0,put,-0.2862220540645325,82.34977722167969,530.37,fixed_strike,81.01463317871094,82.15904235839844,82.63587951660156,80.15632629394531,80.15632629394531,-2.47955322265625,0.3814697265625,,,,83.73260498046875,74.10049438476562,-9.632110595703125,29.971197625439604,51.04343555327134,,QuantData term-structure
2026-08-17T14:40:00-04:00,2027-06-17,304,490.0,call,0.7144660118682274,80.91926574707031,530.37,fixed_strike,81.01463317871094,82.15904235839844,82.63587951660156,80.15632629394531,80.15632629394531,-2.47955322265625,0.3814697265625,,,,83.73260498046875,74.10049438476562,-9.632110595703125,29.971197625439604,51.04343555327134,,QuantData term-structure
2026-08-17T14:40:00-04:00,2027-06-17,304,500.0,call,0.7024678485261306,80.34706115722656,530.37,fixed_strike,81.01463317871094,82.15904235839844,82.63587951660156,80.15632629394531,80.15632629394531,-2.47955322265625,0.3814697265625,,,,83.73260498046875,74.10049438476562,-9.632110595703125,29.971197625439604,51.04343555327134,,QuantData term-structure
2026-08-17T14:40:00-04:00,2027-06-17,304,510.0,call,0.6965904176799538,80.34706115722656,530.37,fixed_strike,81.01463317871094,82.15904235839844,82.63587951660156,80.15632629394531,80.15632629394531,-2.47955322265625,0.3814697265625,,,,83.73260498046875,74.10049438476562,-9.632110595703125,29.971197625439604,51.04343555327134,,QuantData term-structure
2026-08-17T14:40:00-04:00,2027-06-17,304,520.0,put,-0.32613142192191014,81.01463317871094,530.37,fixed_strike,81.01463317871094,82.15904235839844,82.63587951660156,80.15632629394531,80.15632629394531,-2.47955322265625,0.3814697265625,,,,83.73260498046875,74.10049438476562,-9.632110595703125,29.971197625439604,51.04343555327134,,QuantData term-structure
2026-08-17T14:40:00-04:00,2027-06-17,304,530.0,put,-0.3354740660477895,81.01463317871094,530.37,fixed_strike,81.01463317871094,82.15904235839844,82.63587951660156,80.15632629394531,80.15632629394531,-2.47955322265625,0.3814697265625,,,,83.73260498046875,74.10049438476562,-9.632110595703125,29.971197625439604,51.04343555327134,,QuantData term-structure
2026-08-17T14:40:00-04:00,2027-06-17,304,540.0,call,0.6490620602468222,78.82118225097656,530.37,fixed_strike,81.01463317871094,82.15904235839844,82.63587951660156,80.15632629394531,80.15632629394531,-2.47955322265625,0.3814697265625,,,,83.73260498046875,74.10049438476562,-9.632110595703125,29.971197625439604,51.04343555327134,,QuantData term-structure
2026-08-17T14:40:00-04:00,2027-06-17,304,540.0,put,-0.34409678861851734,81.39610290527344,530.37,fixed_strike,81.01463317871094,82.15904235839844,82.63587951660156,80.15632629394531,80.15632629394531,-2.47955322265625,0.3814697265625,,,,83.73260498046875,74.10049438476562,-9.632110595703125,29.971197625439604,51.04343555327134,,QuantData term-structure
2026-08-17T14:40:00-04:00,2027-06-17,304,550.0,call,0.6415568422300058,79.10728454589844,530.37,fixed_strike,81.01463317871094,82.15904235839844,82.63587951660156,80.15632629394531,80.15632629394531,-2.47955322265625,0.3814697265625,,,,83.73260498046875,74.10049438476562,-9.632110595703125,29.971197625439604,51.04343555327134,,QuantData term-structure
2026-08-17T14:40:00-04:00,2027-06-17,304,550.0,put,-0.3524473785556369,81.58683776855469,530.37,fixed_strike,81.01463317871094,82.15904235839844,82.63587951660156,80.15632629394531,80.15632629394531,-2.47955322265625,0.3814697265625,,,,83.73260498046875,74.10049438476562,-9.632110595703125,29.971197625439604,51.04343555327134,,QuantData term-structure
2026-08-17T14:40:00-04:00,2027-06-17,304,560.0,call,0.6531711565527503,81.20536804199219,530.37,fixed_strike,81.01463317871094,82.15904235839844,82.63587951660156,80.15632629394531,80.15632629394531,-2.47955322265625,0.3814697265625,,,,83.73260498046875,74.10049438476562,-9.632110595703125,29.971197625439604,51.04343555327134,,QuantData term-structure
2026-08-17T14:40:00-04:00,2027-06-17,304,560.0,put,-0.3605667334342231,82.06367492675781,530.37,fixed_strike,81.01463317871094,82.15904235839844,82.63587951660156,80.15632629394531,80.15632629394531,-2.47955322265625,0.3814697265625,,,,83.73260498046875,74.10049438476562,-9.632110595703125,29.971197625439604,51.04343555327134,,QuantData term-structure
2026-08-17T14:40:00-04:00,2027-06-17,304,600.0,call,0.6092154848360094,79.67948913574219,530.37,fixed_strike,81.01463317871094,82.15904235839844,82.63587951660156,80.15632629394531,80.15632629394531,-2.47955322265625,0.3814697265625,,,,83.73260498046875,74.10049438476562,-9.632110595703125,29.971197625439604,51.04343555327134,,QuantData term-structure
2026-08-17T14:40:00-04:00,2027-06-17,304,620.0,call,0.5827611522669844,79.96559143066406,530.37,fixed_strike,81.01463317871094,82.15904235839844,82.63587951660156,80.15632629394531,80.15632629394531,-2.47955322265625,0.3814697265625,,,,83.73260498046875,74.10049438476562,-9.632110595703125,29.971197625439604,51.04343555327134,,QuantData term-structure
2026-08-17T14:40:00-04:00,2027-06-17,304,630.0,call,0.5821313913030537,79.39338684082031,530.37,fixed_strike,81.01463317871094,82.15904235839844,82.63587951660156,80.15632629394531,80.15632629394531,-2.47955322265625,0.3814697265625,,,,83.73260498046875,74.10049438476562,-9.632110595703125,29.971197625439604,51.04343555327134,,QuantData term-structure
2026-08-17T14:40:00-04:00,2027-06-17,304,680.0,call,0.5369234753942931,79.10728454589844,530.37,fixed_strike,81.01463317871094,82.15904235839844,82.63587951660156,80.15632629394531,80.15632629394531,-2.47955322265625,0.3814697265625,,,,83.73260498046875,74.10049438476562,-9.632110595703125,29.971197625439604,51.04343555327134,,QuantData term-structure
2026-08-17T14:40:00-04:00,2027-06-17,304,690.0,call,0.5299753760815997,79.20265197753906,530.37,fixed_strike,81.01463317871094,82.15904235839844,82.63587951660156,80.15632629394531,80.15632629394531,-2.47955322265625,0.3814697265625,,,,83.73260498046875,74.10049438476562,-9.632110595703125,29.971197625439604,51.04343555327134,,QuantData term-structure
2026-08-17T14:40:00-04:00,2027-06-17,304,700.0,call,0.5277984711918859,79.58412170410156,530.37,fixed_strike,81.01463317871094,82.15904235839844,82.63587951660156,80.15632629394531,80.15632629394531,-2.47955322265625,0.3814697265625,,,,83.73260498046875,74.10049438476562,-9.632110595703125,29.971197625439604,51.04343555327134,,QuantData term-structure
2026-08-17T14:40:00-04:00,2027-06-17,304,750.0,call,0.4935715849891796,79.77485656738281,530.37,fixed_strike,81.01463317871094,82.15904235839844,82.63587951660156,80.15632629394531,80.15632629394531,-2.47955322265625,0.3814697265625,,,,83.73260498046875,74.10049438476562,-9.632110595703125,29.971197625439604,51.04343555327134,,QuantData term-structure
2026-08-17T14:40:00-04:00,2027-06-17,304,830.0,call,0.41968774308859913,78.82118225097656,530.37,fixed_strike,81.01463317871094,82.15904235839844,82.63587951660156,80.15632629394531,80.15632629394531,-2.47955322265625,0.3814697265625,,,,83.73260498046875,74.10049438476562,-9.632110595703125,29.971197625439604,51.04343555327134,,QuantData term-structure
2026-08-17T14:40:00-04:00,2027-06-17,304,900.0,call,0.38657329340327823,79.77485656738281,530.37,fixed_strike,81.01463317871094,82.15904235839844,82.63587951660156,80.15632629394531,80.15632629394531,-2.47955322265625,0.3814697265625,,,,83.73260498046875,74.10049438476562,-9.632110595703125,29.971197625439604,51.04343555327134,,QuantData term-structure
2026-08-17T14:40:00-04:00,2027-06-17,304,920.0,call,0.3824306779055526,80.34706115722656,530.37,fixed_strike,81.01463317871094,82.15904235839844,82.63587951660156,80.15632629394531,80.15632629394531,-2.47955322265625,0.3814697265625,,,,83.73260498046875,74.10049438476562,-9.632110595703125,29.971197625439604,51.04343555327134,,QuantData term-structure
2026-08-17T14:40:00-04:00,2027-06-17,304,1020.0,call,0.31338342235523453,79.20265197753906,530.37,fixed_strike,81.01463317871094,82.15904235839844,82.63587951660156,80.15632629394531,80.15632629394531,-2.47955322265625,0.3814697265625,,,,83.73260498046875,74.10049438476562,-9.632110595703125,29.971197625439604,51.04343555327134,,QuantData term-structure
2026-08-17T14:40:00-04:00,2027-06-17,304,1040.0,call,0.3131201525978307,79.29801940917969,530.37,fixed_strike,81.01463317871094,82.15904235839844,82.63587951660156,80.15632629394531,80.15632629394531,-2.47955322265625,0.3814697265625,,,,83.73260498046875,74.10049438476562,-9.632110595703125,29.971197625439604,51.04343555327134,,QuantData term-structure
2026-08-17T14:40:00-04:00,2027-06-17,304,1060.0,call,0.31110559264028625,81.30073547363281,530.37,fixed_strike,81.01463317871094,82.15904235839844,82.63587951660156,80.15632629394531,80.15632629394531,-2.47955322265625,0.3814697265625,,,,83.73260498046875,74.10049438476562,-9.632110595703125,29.971197625439604,51.04343555327134,,QuantData term-structure
2026-08-17T14:40:00-04:00,2027-06-17,304,1160.0,call,0.2635285557726303,80.15632629394531,530.37,fixed_strike,81.01463317871094,82.15904235839844,82.63587951660156,80.15632629394531,80.15632629394531,-2.47955322265625,0.3814697265625,,,,83.73260498046875,74.10049438476562,-9.632110595703125,29.971197625439604,51.04343555327134,,QuantData term-structure
2026-08-17T14:40:00-04:00,2028-01-21,522,55.0,put,-0.0033022708171500936,89.02549743652344,530.37,fixed_strike,80.34706115722656,81.77757263183594,83.97102355957031,79.48875427246094,79.48875427246094,-4.482269287109375,1.3828277587890625,,,,83.73260498046875,74.10049438476562,-9.632110595703125,29.971197625439604,50.37586353178696,,QuantData term-structure
2026-08-17T14:40:00-04:00,2028-01-21,522,60.0,put,-0.004036316386830738,89.50233459472656,530.37,fixed_strike,80.34706115722656,81.77757263183594,83.97102355957031,79.48875427246094,79.48875427246094,-4.482269287109375,1.3828277587890625,,,,83.73260498046875,74.10049438476562,-9.632110595703125,29.971197625439604,50.37586353178696,,QuantData term-structure
2026-08-17T14:40:00-04:00,2028-01-21,522,65.0,put,-0.004608914044309863,87.88108825683594,530.37,fixed_strike,80.34706115722656,81.77757263183594,83.97102355957031,79.48875427246094,79.48875427246094,-4.482269287109375,1.3828277587890625,,,,83.73260498046875,74.10049438476562,-9.632110595703125,29.971197625439604,50.37586353178696,,QuantData term-structure
2026-08-17T14:40:00-04:00,2028-01-21,522,75.0,put,-0.005528392512215127,83.68492126464844,530.37,fixed_strike,80.34706115722656,81.77757263183594,83.97102355957031,79.48875427246094,79.48875427246094,-4.482269287109375,1.3828277587890625,,,,83.73260498046875,74.10049438476562,-9.632110595703125,29.971197625439604,50.37586353178696,,QuantData term-structure
2026-08-17T14:40:00-04:00,2028-01-21,522,80.0,put,-0.007735272767637837,86.92741394042969,530.37,fixed_strike,80.34706115722656,81.77757263183594,83.97102355957031,79.48875427246094,79.48875427246094,-4.482269287109375,1.3828277587890625,,,,83.73260498046875,74.10049438476562,-9.632110595703125,29.971197625439604,50.37586353178696,,QuantData term-structure
2026-08-17T14:40:00-04:00,2028-01-21,522,85.0,put,-0.008341244262780987,85.97373962402344,530.37,fixed_strike,80.34706115722656,81.77757263183594,83.97102355957031,79.48875427246094,79.48875427246094,-4.482269287109375,1.3828277587890625,,,,83.73260498046875,74.10049438476562,-9.632110595703125,29.971197625439604,50.37586353178696,,QuantData term-structure
2026-08-17T14:40:00-04:00,2028-01-21,522,92.5,put,-0.010529029293108345,86.16447448730469,530.37,fixed_strike,80.34706115722656,81.77757263183594,83.97102355957031,79.48875427246094,79.48875427246094,-4.482269287109375,1.3828277587890625,,,,83.73260498046875,74.10049438476562,-9.632110595703125,29.971197625439604,50.37586353178696,,QuantData term-structure
2026-08-17T14:40:00-04:00,2028-01-21,522,97.5,put,-0.012702301405372604,86.64131164550781,530.37,fixed_strike,80.34706115722656,81.77757263183594,83.97102355957031,79.48875427246094,79.48875427246094,-4.482269287109375,1.3828277587890625,,,,83.73260498046875,74.10049438476562,-9.632110595703125,29.971197625439604,50.37586353178696,,QuantData term-structure
2026-08-17T14:40:00-04:00,2028-01-21,522,110.0,call,0.9847315139904896,81.39610290527344,530.37,fixed_strike,80.34706115722656,81.77757263183594,83.97102355957031,79.48875427246094,79.48875427246094,-4.482269287109375,1.3828277587890625,,,,83.73260498046875,74.10049438476562,-9.632110595703125,29.971197625439604,50.37586353178696,,QuantData term-structure
2026-08-17T14:40:00-04:00,2028-01-21,522,115.0,call,0.9891775566110028,72.24082946777344,530.37,fixed_strike,80.34706115722656,81.77757263183594,83.97102355957031,79.48875427246094,79.48875427246094,-4.482269287109375,1.3828277587890625,,,,83.73260498046875,74.10049438476562,-9.632110595703125,29.971197625439604,50.37586353178696,,QuantData term-structure
2026-08-17T14:40:00-04:00,2028-01-21,522,115.0,put,-0.01850699531828601,86.16447448730469,530.37,fixed_strike,80.34706115722656,81.77757263183594,83.97102355957031,79.48875427246094,79.48875427246094,-4.482269287109375,1.3828277587890625,,,,83.73260498046875,74.10049438476562,-9.632110595703125,29.971197625439604,50.37586353178696,,QuantData term-structure
2026-08-17T14:40:00-04:00,2028-01-21,522,120.0,call,0.9822876585776845,79.20265197753906,530.37,fixed_strike,80.34706115722656,81.77757263183594,83.97102355957031,79.48875427246094,79.48875427246094,-4.482269287109375,1.3828277587890625,,,,83.73260498046875,74.10049438476562,-9.632110595703125,29.971197625439604,50.37586353178696,,QuantData term-structure
2026-08-17T14:40:00-04:00,2028-01-21,522,120.0,put,-0.020185803040107714,85.59226989746094,530.37,fixed_strike,80.34706115722656,81.77757263183594,83.97102355957031,79.48875427246094,79.48875427246094,-4.482269287109375,1.3828277587890625,,,,83.73260498046875,74.10049438476562,-9.632110595703125,29.971197625439604,50.37586353178696,,QuantData term-structure
2026-08-17T14:40:00-04:00,2028-01-21,522,150.0,put,-0.0340841379261279,85.97373962402344,530.37,fixed_strike,80.34706115722656,81.77757263183594,83.97102355957031,79.48875427246094,79.48875427246094,-4.482269287109375,1.3828277587890625,,,,83.73260498046875,74.10049438476562,-9.632110595703125,29.971197625439604,50.37586353178696,,QuantData term-structure
2026-08-17T14:40:00-04:00,2028-01-21,522,200.0,put,-0.06018054700663128,82.54051208496094,530.37,fixed_strike,80.34706115722656,81.77757263183594,83.97102355957031,79.48875427246094,79.48875427246094,-4.482269287109375,1.3828277587890625,,,,83.73260498046875,74.10049438476562,-9.632110595703125,29.971197625439604,50.37586353178696,,QuantData term-structure
2026-08-17T14:40:00-04:00,2028-01-21,522,210.0,call,0.9363062787595735,80.44242858886719,530.37,fixed_strike,80.34706115722656,81.77757263183594,83.97102355957031,79.48875427246094,79.48875427246094,-4.482269287109375,1.3828277587890625,,,,83.73260498046875,74.10049438476562,-9.632110595703125,29.971197625439604,50.37586353178696,,QuantData term-structure
2026-08-17T14:40:00-04:00,2028-01-21,522,210.0,put,-0.06454873279681966,83.39881896972656,530.37,fixed_strike,80.34706115722656,81.77757263183594,83.97102355957031,79.48875427246094,79.48875427246094,-4.482269287109375,1.3828277587890625,,,,83.73260498046875,74.10049438476562,-9.632110595703125,29.971197625439604,50.37586353178696,,QuantData term-structure
2026-08-17T14:40:00-04:00,2028-01-21,522,220.0,call,0.935155456327912,77.77214050292969,530.37,fixed_strike,80.34706115722656,81.77757263183594,83.97102355957031,79.48875427246094,79.48875427246094,-4.482269287109375,1.3828277587890625,,,,83.73260498046875,74.10049438476562,-9.632110595703125,29.971197625439604,50.37586353178696,,QuantData term-structure
2026-08-17T14:40:00-04:00,2028-01-21,522,220.0,put,-0.07240954784168757,82.34977722167969,530.37,fixed_strike,80.34706115722656,81.77757263183594,83.97102355957031,79.48875427246094,79.48875427246094,-4.482269287109375,1.3828277587890625,,,,83.73260498046875,74.10049438476562,-9.632110595703125,29.971197625439604,50.37586353178696,,QuantData term-structure
2026-08-17T14:40:00-04:00,2028-01-21,522,230.0,put,-0.07620688896646383,82.25440979003906,530.37,fixed_strike,80.34706115722656,81.77757263183594,83.97102355957031,79.48875427246094,79.48875427246094,-4.482269287109375,1.3828277587890625,,,,83.73260498046875,74.10049438476562,-9.632110595703125,29.971197625439604,50.37586353178696,,QuantData term-structure
2026-08-17T14:40:00-04:00,2028-01-21,522,250.0,put,-0.09009388193097706,82.44514465332031,530.37,fixed_strike,80.34706115722656,81.77757263183594,83.97102355957031,79.48875427246094,79.48875427246094,-4.482269287109375,1.3828277587890625,,,,83.73260498046875,74.10049438476562,-9.632110595703125,29.971197625439604,50.37586353178696,,QuantData term-structure
2026-08-17T14:40:00-04:00,2028-01-21,522,270.0,put,-0.10581524892428745,81.77757263183594,530.37,fixed_strike,80.34706115722656,81.77757263183594,83.97102355957031,79.48875427246094,79.48875427246094,-4.482269287109375,1.3828277587890625,,,,83.73260498046875,74.10049438476562,-9.632110595703125,29.971197625439604,50.37586353178696,,QuantData term-structure
2026-08-17T14:40:00-04:00,2028-01-21,522,280.0,put,-0.11344289802255675,81.77757263183594,530.37,fixed_strike,80.34706115722656,81.77757263183594,83.97102355957031,79.48875427246094,79.48875427246094,-4.482269287109375,1.3828277587890625,,,,83.73260498046875,74.10049438476562,-9.632110595703125,29.971197625439604,50.37586353178696,,QuantData term-structure
2026-08-17T14:40:00-04:00,2028-01-21,522,320.0,put,-0.13596599466381482,82.92198181152344,530.37,fixed_strike,80.34706115722656,81.77757263183594,83.97102355957031,79.48875427246094,79.48875427246094,-4.482269287109375,1.3828277587890625,,,,83.73260498046875,74.10049438476562,-9.632110595703125,29.971197625439604,50.37586353178696,,QuantData term-structure
2026-08-17T14:40:00-04:00,2028-01-21,522,340.0,put,-0.14938929341670765,83.01734924316406,530.37,fixed_strike,80.34706115722656,81.77757263183594,83.97102355957031,79.48875427246094,79.48875427246094,-4.482269287109375,1.3828277587890625,,,,83.73260498046875,74.10049438476562,-9.632110595703125,29.971197625439604,50.37586353178696,,QuantData term-structure
2026-08-17T14:40:00-04:00,2028-01-21,522,350.0,put,-0.1557841138646267,82.63587951660156,530.37,fixed_strike,80.34706115722656,81.77757263183594,83.97102355957031,79.48875427246094,79.48875427246094,-4.482269287109375,1.3828277587890625,,,,83.73260498046875,74.10049438476562,-9.632110595703125,29.971197625439604,50.37586353178696,,QuantData term-structure
2026-08-17T14:40:00-04:00,2028-01-21,522,370.0,call,0.8319806915431469,80.44242858886719,530.37,fixed_strike,80.34706115722656,81.77757263183594,83.97102355957031,79.48875427246094,79.48875427246094,-4.482269287109375,1.3828277587890625,,,,83.73260498046875,74.10049438476562,-9.632110595703125,29.971197625439604,50.37586353178696,,QuantData term-structure
2026-08-17T14:40:00-04:00,2028-01-21,522,370.0,put,-0.16911990630699247,83.49418640136719,530.37,fixed_strike,80.34706115722656,81.77757263183594,83.97102355957031,79.48875427246094,79.48875427246094,-4.482269287109375,1.3828277587890625,,,,83.73260498046875,74.10049438476562,-9.632110595703125,29.971197625439604,50.37586353178696,,QuantData term-structure
2026-08-17T14:40:00-04:00,2028-01-21,522,380.0,call,0.8196249420132058,80.63316345214844,530.37,fixed_strike,80.34706115722656,81.77757263183594,83.97102355957031,79.48875427246094,79.48875427246094,-4.482269287109375,1.3828277587890625,,,,83.73260498046875,74.10049438476562,-9.632110595703125,29.971197625439604,50.37586353178696,,QuantData term-structure
2026-08-17T14:40:00-04:00,2028-01-21,522,390.0,call,0.8171978319869075,80.53779602050781,530.37,fixed_strike,80.34706115722656,81.77757263183594,83.97102355957031,79.48875427246094,79.48875427246094,-4.482269287109375,1.3828277587890625,,,,83.73260498046875,74.10049438476562,-9.632110595703125,29.971197625439604,50.37586353178696,,QuantData term-structure
2026-08-17T14:40:00-04:00,2028-01-21,522,400.0,call,0.81067730042927,81.11000061035156,530.37,fixed_strike,80.34706115722656,81.77757263183594,83.97102355957031,79.48875427246094,79.48875427246094,-4.482269287109375,1.3828277587890625,,,,83.73260498046875,74.10049438476562,-9.632110595703125,29.971197625439604,50.37586353178696,,QuantData term-structure
2026-08-17T14:40:00-04:00,2028-01-21,522,400.0,put,-0.19437350407836074,82.34977722167969,530.37,fixed_strike,80.34706115722656,81.77757263183594,83.97102355957031,79.48875427246094,79.48875427246094,-4.482269287109375,1.3828277587890625,,,,83.73260498046875,74.10049438476562,-9.632110595703125,29.971197625439604,50.37586353178696,,QuantData term-structure
2026-08-17T14:40:00-04:00,2028-01-21,522,420.0,call,0.7945260028358004,80.82389831542969,530.37,fixed_strike,80.34706115722656,81.77757263183594,83.97102355957031,79.48875427246094,79.48875427246094,-4.482269287109375,1.3828277587890625,,,,83.73260498046875,74.10049438476562,-9.632110595703125,29.971197625439604,50.37586353178696,,QuantData term-structure
2026-08-17T14:40:00-04:00,2028-01-21,522,430.0,put,-0.20993204217252565,83.30345153808594,530.37,fixed_strike,80.34706115722656,81.77757263183594,83.97102355957031,79.48875427246094,79.48875427246094,-4.482269287109375,1.3828277587890625,,,,83.73260498046875,74.10049438476562,-9.632110595703125,29.971197625439604,50.37586353178696,,QuantData term-structure
2026-08-17T14:40:00-04:00,2028-01-21,522,440.0,call,0.7768935684408045,81.30073547363281,530.37,fixed_strike,80.34706115722656,81.77757263183594,83.97102355957031,79.48875427246094,79.48875427246094,-4.482269287109375,1.3828277587890625,,,,83.73260498046875,74.10049438476562,-9.632110595703125,29.971197625439604,50.37586353178696,,QuantData term-structure
2026-08-17T14:40:00-04:00,2028-01-21,522,450.0,call,0.7737117359180239,80.82389831542969,530.37,fixed_strike,80.34706115722656,81.77757263183594,83.97102355957031,79.48875427246094,79.48875427246094,-4.482269287109375,1.3828277587890625,,,,83.73260498046875,74.10049438476562,-9.632110595703125,29.971197625439604,50.37586353178696,,QuantData term-structure
2026-08-17T14:40:00-04:00,2028-01-21,522,460.0,call,0.762351591096705,79.87022399902344,530.37,fixed_strike,80.34706115722656,81.77757263183594,83.97102355957031,79.48875427246094,79.48875427246094,-4.482269287109375,1.3828277587890625,,,,83.73260498046875,74.10049438476562,-9.632110595703125,29.971197625439604,50.37586353178696,,QuantData term-structure
2026-08-17T14:40:00-04:00,2028-01-21,522,470.0,call,0.7610494594819792,80.34706115722656,530.37,fixed_strike,80.34706115722656,81.77757263183594,83.97102355957031,79.48875427246094,79.48875427246094,-4.482269287109375,1.3828277587890625,,,,83.73260498046875,74.10049438476562,-9.632110595703125,29.971197625439604,50.37586353178696,,QuantData term-structure
2026-08-17T14:40:00-04:00,2028-01-21,522,480.0,call,0.7523928626706753,80.25169372558594,530.37,fixed_strike,80.34706115722656,81.77757263183594,83.97102355957031,79.48875427246094,79.48875427246094,-4.482269287109375,1.3828277587890625,,,,83.73260498046875,74.10049438476562,-9.632110595703125,29.971197625439604,50.37586353178696,,QuantData term-structure
2026-08-17T14:40:00-04:00,2028-01-21,522,500.0,call,0.7329805475241782,79.87022399902344,530.37,fixed_strike,80.34706115722656,81.77757263183594,83.97102355957031,79.48875427246094,79.48875427246094,-4.482269287109375,1.3828277587890625,,,,83.73260498046875,74.10049438476562,-9.632110595703125,29.971197625439604,50.37586353178696,,QuantData term-structure
2026-08-17T14:40:00-04:00,2028-01-21,522,500.0,put,-0.2553975131548542,83.97102355957031,530.37,fixed_strike,80.34706115722656,81.77757263183594,83.97102355957031,79.48875427246094,79.48875427246094,-4.482269287109375,1.3828277587890625,,,,83.73260498046875,74.10049438476562,-9.632110595703125,29.971197625439604,50.37586353178696,,QuantData term-structure
2026-08-17T14:40:00-04:00,2028-01-21,522,510.0,call,0.7279584600954938,79.96559143066406,530.37,fixed_strike,80.34706115722656,81.77757263183594,83.97102355957031,79.48875427246094,79.48875427246094,-4.482269287109375,1.3828277587890625,,,,83.73260498046875,74.10049438476562,-9.632110595703125,29.971197625439604,50.37586353178696,,QuantData term-structure
2026-08-17T14:40:00-04:00,2028-01-21,522,510.0,put,-0.2707700547132308,82.82661437988281,530.37,fixed_strike,80.34706115722656,81.77757263183594,83.97102355957031,79.48875427246094,79.48875427246094,-4.482269287109375,1.3828277587890625,,,,83.73260498046875,74.10049438476562,-9.632110595703125,29.971197625439604,50.37586353178696,,QuantData term-structure
2026-08-17T14:40:00-04:00,2028-01-21,522,520.0,put,-0.27372855648668326,83.20808410644531,530.37,fixed_strike,80.34706115722656,81.77757263183594,83.97102355957031,79.48875427246094,79.48875427246094,-4.482269287109375,1.3828277587890625,,,,83.73260498046875,74.10049438476562,-9.632110595703125,29.971197625439604,50.37586353178696,,QuantData term-structure
2026-08-17T14:40:00-04:00,2028-01-21,522,530.0,call,0.7160553590969916,80.34706115722656,530.37,fixed_strike,80.34706115722656,81.77757263183594,83.97102355957031,79.48875427246094,79.48875427246094,-4.482269287109375,1.3828277587890625,,,,83.73260498046875,74.10049438476562,-9.632110595703125,29.971197625439604,50.37586353178696,,QuantData term-structure
2026-08-17T14:40:00-04:00,2028-01-21,522,550.0,call,0.7017132106988628,80.06095886230469,530.37,fixed_strike,80.34706115722656,81.77757263183594,83.97102355957031,79.48875427246094,79.48875427246094,-4.482269287109375,1.3828277587890625,,,,83.73260498046875,74.10049438476562,-9.632110595703125,29.971197625439604,50.37586353178696,,QuantData term-structure
2026-08-17T14:40:00-04:00,2028-01-21,522,550.0,put,-0.29757086616870054,83.20808410644531,530.37,fixed_strike,80.34706115722656,81.77757263183594,83.97102355957031,79.48875427246094,79.48875427246094,-4.482269287109375,1.3828277587890625,,,,83.73260498046875,74.10049438476562,-9.632110595703125,29.971197625439604,50.37586353178696,,QuantData term-structure
2026-08-17T14:40:00-04:00,2028-01-21,522,590.0,call,0.6766583879998677,81.01463317871094,530.37,fixed_strike,80.34706115722656,81.77757263183594,83.97102355957031,79.48875427246094,79.48875427246094,-4.482269287109375,1.3828277587890625,,,,83.73260498046875,74.10049438476562,-9.632110595703125,29.971197625439604,50.37586353178696,,QuantData term-structure
2026-08-17T14:40:00-04:00,2028-01-21,522,600.0,call,0.6734409888012971,80.53779602050781,530.37,fixed_strike,80.34706115722656,81.77757263183594,83.97102355957031,79.48875427246094,79.48875427246094,-4.482269287109375,1.3828277587890625,,,,83.73260498046875,74.10049438476562,-9.632110595703125,29.971197625439604,50.37586353178696,,QuantData term-structure
2026-08-17T14:40:00-04:00,2028-01-21,522,610.0,call,0.6665421522311916,79.39338684082031,530.37,fixed_strike,80.34706115722656,81.77757263183594,83.97102355957031,79.48875427246094,79.48875427246094,-4.482269287109375,1.3828277587890625,,,,83.73260498046875,74.10049438476562,-9.632110595703125,29.971197625439604,50.37586353178696,,QuantData term-structure
2026-08-17T14:40:00-04:00,2028-01-21,522,620.0,call,0.6574017636730455,80.63316345214844,530.37,fixed_strike,80.34706115722656,81.77757263183594,83.97102355957031,79.48875427246094,79.48875427246094,-4.482269287109375,1.3828277587890625,,,,83.73260498046875,74.10049438476562,-9.632110595703125,29.971197625439604,50.37586353178696,,QuantData term-structure
2026-08-17T14:40:00-04:00,2028-01-21,522,630.0,call,0.6517848144375243,80.72853088378906,530.37,fixed_strike,80.34706115722656,81.77757263183594,83.97102355957031,79.48875427246094,79.48875427246094,-4.482269287109375,1.3828277587890625,,,,83.73260498046875,74.10049438476562,-9.632110595703125,29.971197625439604,50.37586353178696,,QuantData term-structure
2026-08-17T14:40:00-04:00,2028-01-21,522,890.0,call,0.5081142605687369,79.67948913574219,530.37,fixed_strike,80.34706115722656,81.77757263183594,83.97102355957031,79.48875427246094,79.48875427246094,-4.482269287109375,1.3828277587890625,,,,83.73260498046875,74.10049438476562,-9.632110595703125,29.971197625439604,50.37586353178696,,QuantData term-structure
2026-08-17T14:40:00-04:00,2028-01-21,522,900.0,call,0.5119495092321256,80.15632629394531,530.37,fixed_strike,80.34706115722656,81.77757263183594,83.97102355957031,79.48875427246094,79.48875427246094,-4.482269287109375,1.3828277587890625,,,,83.73260498046875,74.10049438476562,-9.632110595703125,29.971197625439604,50.37586353178696,,QuantData term-structure
2026-08-17T14:40:00-04:00,2028-01-21,522,950.0,call,0.4827024519651653,79.96559143066406,530.37,fixed_strike,80.34706115722656,81.77757263183594,83.97102355957031,79.48875427246094,79.48875427246094,-4.482269287109375,1.3828277587890625,,,,83.73260498046875,74.10049438476562,-9.632110595703125,29.971197625439604,50.37586353178696,,QuantData term-structure
2026-08-17T14:40:00-04:00,2028-01-21,522,1000.0,call,0.46123068849337584,79.67948913574219,530.37,fixed_strike,80.34706115722656,81.77757263183594,83.97102355957031,79.48875427246094,79.48875427246094,-4.482269287109375,1.3828277587890625,,,,83.73260498046875,74.10049438476562,-9.632110595703125,29.971197625439604,50.37586353178696,,QuantData term-structure
2026-08-17T14:40:00-04:00,2028-01-21,522,1100.0,call,0.4239120145223447,79.96559143066406,530.37,fixed_strike,80.34706115722656,81.77757263183594,83.97102355957031,79.48875427246094,79.48875427246094,-4.482269287109375,1.3828277587890625,,,,83.73260498046875,74.10049438476562,-9.632110595703125,29.971197625439604,50.37586353178696,,QuantData term-structure
2026-08-17T14:40:00-04:00,2028-01-21,522,1140.0,call,0.39984470645676407,79.58412170410156,530.37,fixed_strike,80.34706115722656,81.77757263183594,83.97102355957031,79.48875427246094,79.48875427246094,-4.482269287109375,1.3828277587890625,,,,83.73260498046875,74.10049438476562,-9.632110595703125,29.971197625439604,50.37586353178696,,QuantData term-structure
2026-08-17T14:40:00-04:00,2028-01-21,522,1160.0,call,0.3936669357472072,79.48875427246094,530.37,fixed_strike,80.34706115722656,81.77757263183594,83.97102355957031,79.48875427246094,79.48875427246094,-4.482269287109375,1.3828277587890625,,,,83.73260498046875,74.10049438476562,-9.632110595703125,29.971197625439604,50.37586353178696,,QuantData term-structure
2026-08-17T14:40:00-04:00,2028-06-16,669,125.0,call,0.9750627095648857,78.82118225097656,530.37,fixed_strike,83.25576782226562,82.34977722167969,85.49690246582031,78.82118225097656,78.82118225097656,-6.67572021484375,-1.0967254638671875,,,,83.73260498046875,74.10049438476562,-9.632110595703125,29.971197625439604,53.284570196826024,,QuantData term-structure
2026-08-17T14:40:00-04:00,2028-06-16,669,300.0,put,-0.1241636500861536,82.34977722167969,530.37,fixed_strike,83.25576782226562,82.34977722167969,85.49690246582031,78.82118225097656,78.82118225097656,-6.67572021484375,-1.0967254638671875,,,,83.73260498046875,74.10049438476562,-9.632110595703125,29.971197625439604,53.284570196826024,,QuantData term-structure
2026-08-17T14:40:00-04:00,2028-06-16,669,310.0,put,-0.12576887114796415,83.39881896972656,530.37,fixed_strike,83.25576782226562,82.34977722167969,85.49690246582031,78.82118225097656,78.82118225097656,-6.67572021484375,-1.0967254638671875,,,,83.73260498046875,74.10049438476562,-9.632110595703125,29.971197625439604,53.284570196826024,,QuantData term-structure
2026-08-17T14:40:00-04:00,2028-06-16,669,360.0,put,-0.15664281721597673,83.68492126464844,530.37,fixed_strike,83.25576782226562,82.34977722167969,85.49690246582031,78.82118225097656,78.82118225097656,-6.67572021484375,-1.0967254638671875,,,,83.73260498046875,74.10049438476562,-9.632110595703125,29.971197625439604,53.284570196826024,,QuantData term-structure
2026-08-17T14:40:00-04:00,2028-06-16,669,380.0,put,-0.16580670785187018,83.97102355957031,530.37,fixed_strike,83.25576782226562,82.34977722167969,85.49690246582031,78.82118225097656,78.82118225097656,-6.67572021484375,-1.0967254638671875,,,,83.73260498046875,74.10049438476562,-9.632110595703125,29.971197625439604,53.284570196826024,,QuantData term-structure
2026-08-17T14:40:00-04:00,2028-06-16,669,450.0,put,-0.21022156041743395,84.06639099121094,530.37,fixed_strike,83.25576782226562,82.34977722167969,85.49690246582031,78.82118225097656,78.82118225097656,-6.67572021484375,-1.0967254638671875,,,,83.73260498046875,74.10049438476562,-9.632110595703125,29.971197625439604,53.284570196826024,,QuantData term-structure
2026-08-17T14:40:00-04:00,2028-06-16,669,460.0,put,-0.2111409219806481,85.87837219238281,530.37,fixed_strike,83.25576782226562,82.34977722167969,85.49690246582031,78.82118225097656,78.82118225097656,-6.67572021484375,-1.0967254638671875,,,,83.73260498046875,74.10049438476562,-9.632110595703125,29.971197625439604,53.284570196826024,,QuantData term-structure
2026-08-17T14:40:00-04:00,2028-06-16,669,490.0,put,-0.2278805589375244,84.63859558105469,530.37,fixed_strike,83.25576782226562,82.34977722167969,85.49690246582031,78.82118225097656,78.82118225097656,-6.67572021484375,-1.0967254638671875,,,,83.73260498046875,74.10049438476562,-9.632110595703125,29.971197625439604,53.284570196826024,,QuantData term-structure
2026-08-17T14:40:00-04:00,2028-06-16,669,540.0,call,0.7376652420525971,81.01463317871094,530.37,fixed_strike,83.25576782226562,82.34977722167969,85.49690246582031,78.82118225097656,78.82118225097656,-6.67572021484375,-1.0967254638671875,,,,83.73260498046875,74.10049438476562,-9.632110595703125,29.971197625439604,53.284570196826024,,QuantData term-structure
2026-08-17T14:40:00-04:00,2028-06-16,669,540.0,put,-0.25656295944382135,85.49690246582031,530.37,fixed_strike,83.25576782226562,82.34977722167969,85.49690246582031,78.82118225097656,78.82118225097656,-6.67572021484375,-1.0967254638671875,,,,83.73260498046875,74.10049438476562,-9.632110595703125,29.971197625439604,53.284570196826024,,QuantData term-structure
2026-08-17T14:40:00-04:00,2028-06-16,669,550.0,put,-0.25859357468808275,85.11543273925781,530.37,fixed_strike,83.25576782226562,82.34977722167969,85.49690246582031,78.82118225097656,78.82118225097656,-6.67572021484375,-1.0967254638671875,,,,83.73260498046875,74.10049438476562,-9.632110595703125,29.971197625439604,53.284570196826024,,QuantData term-structure
2026-08-17T14:40:00-04:00,2028-06-16,669,1140.0,call,0.46625321312031276,79.10728454589844,530.37,fixed_strike,83.25576782226562,82.34977722167969,85.49690246582031,78.82118225097656,78.82118225097656,-6.67572021484375,-1.0967254638671875,,,,83.73260498046875,74.10049438476562,-9.632110595703125,29.971197625439604,53.284570196826024,,QuantData term-structure
2026-08-17T14:40:00-04:00,2028-06-16,669,1160.0,call,0.45412825826183245,78.82118225097656,530.37,fixed_strike,83.25576782226562,82.34977722167969,85.49690246582031,78.82118225097656,78.82118225097656,-6.67572021484375,-1.0967254638671875,,,,83.73260498046875,74.10049438476562,-9.632110595703125,29.971197625439604,53.284570196826024,,QuantData term-structure
2026-08-17T14:40:00-04:00,2028-12-15,851,125.0,call,0.9732185164629732,78.15361022949219,530.37,fixed_strike,89.59770202636719,83.78028869628906,87.69035339355469,80.06095886230469,80.06095886230469,-7.62939453125,-5.7220458984375,,,,83.73260498046875,74.10049438476562,-9.632110595703125,29.971197625439604,59.62650440092759,,QuantData term-structure
2026-08-17T14:40:00-04:00,2028-12-15,851,125.0,put,-0.030507456826284137,82.54051208496094,530.37,fixed_strike,89.59770202636719,83.78028869628906,87.69035339355469,80.06095886230469,80.06095886230469,-7.62939453125,-5.7220458984375,,,,83.73260498046875,74.10049438476562,-9.632110595703125,29.971197625439604,59.62650440092759,,QuantData term-structure
2026-08-17T14:40:00-04:00,2028-12-15,851,130.0,call,0.9714606081482945,75.86479187011719,530.37,fixed_strike,89.59770202636719,83.78028869628906,87.69035339355469,80.06095886230469,80.06095886230469,-7.62939453125,-5.7220458984375,,,,83.73260498046875,74.10049438476562,-9.632110595703125,29.971197625439604,59.62650440092759,,QuantData term-structure
2026-08-17T14:40:00-04:00,2028-12-15,851,140.0,put,-0.037902348729551,85.40153503417969,530.37,fixed_strike,89.59770202636719,83.78028869628906,87.69035339355469,80.06095886230469,80.06095886230469,-7.62939453125,-5.7220458984375,,,,83.73260498046875,74.10049438476562,-9.632110595703125,29.971197625439604,59.62650440092759,,QuantData term-structure
2026-08-17T14:40:00-04:00,2028-12-15,851,150.0,put,-0.042460910670871155,85.11543273925781,530.37,fixed_strike,89.59770202636719,83.78028869628906,87.69035339355469,80.06095886230469,80.06095886230469,-7.62939453125,-5.7220458984375,,,,83.73260498046875,74.10049438476562,-9.632110595703125,29.971197625439604,59.62650440092759,,QuantData term-structure
2026-08-17T14:40:00-04:00,2028-12-15,851,170.0,put,-0.05234442817700746,83.11271667480469,530.37,fixed_strike,89.59770202636719,83.78028869628906,87.69035339355469,80.06095886230469,80.06095886230469,-7.62939453125,-5.7220458984375,,,,83.73260498046875,74.10049438476562,-9.632110595703125,29.971197625439604,59.62650440092759,,QuantData term-structure
2026-08-17T14:40:00-04:00,2028-12-15,851,200.0,put,-0.06493982181406838,83.97102355957031,530.37,fixed_strike,89.59770202636719,83.78028869628906,87.69035339355469,80.06095886230469,80.06095886230469,-7.62939453125,-5.7220458984375,,,,83.73260498046875,74.10049438476562,-9.632110595703125,29.971197625439604,59.62650440092759,,QuantData term-structure
2026-08-17T14:40:00-04:00,2028-12-15,851,210.0,put,-0.07027639620324538,83.68492126464844,530.37,fixed_strike,89.59770202636719,83.78028869628906,87.69035339355469,80.06095886230469,80.06095886230469,-7.62939453125,-5.7220458984375,,,,83.73260498046875,74.10049438476562,-9.632110595703125,29.971197625439604,59.62650440092759,,QuantData term-structure
2026-08-17T14:40:00-04:00,2028-12-15,851,240.0,put,-0.08835125776783181,84.06639099121094,530.37,fixed_strike,89.59770202636719,83.78028869628906,87.69035339355469,80.06095886230469,80.06095886230469,-7.62939453125,-5.7220458984375,,,,83.73260498046875,74.10049438476562,-9.632110595703125,29.971197625439604,59.62650440092759,,QuantData term-structure
2026-08-17T14:40:00-04:00,2028-12-15,851,250.0,put,-0.09202368601644578,83.30345153808594,530.37,fixed_strike,89.59770202636719,83.78028869628906,87.69035339355469,80.06095886230469,80.06095886230469,-7.62939453125,-5.7220458984375,,,,83.73260498046875,74.10049438476562,-9.632110595703125,29.971197625439604,59.62650440092759,,QuantData term-structure
2026-08-17T14:40:00-04:00,2028-12-15,851,260.0,put,-0.09780320201042247,83.78028869628906,530.37,fixed_strike,89.59770202636719,83.78028869628906,87.69035339355469,80.06095886230469,80.06095886230469,-7.62939453125,-5.7220458984375,,,,83.73260498046875,74.10049438476562,-9.632110595703125,29.971197625439604,59.62650440092759,,QuantData term-structure
2026-08-17T14:40:00-04:00,2028-12-15,851,280.0,put,-0.10449311479228968,83.87565612792969,530.37,fixed_strike,89.59770202636719,83.78028869628906,87.69035339355469,80.06095886230469,80.06095886230469,-7.62939453125,-5.7220458984375,,,,83.73260498046875,74.10049438476562,-9.632110595703125,29.971197625439604,59.62650440092759,,QuantData term-structure
2026-08-17T14:40:00-04:00,2028-12-15,851,300.0,put,-0.11655894246426463,84.82933044433594,530.37,fixed_strike,89.59770202636719,83.78028869628906,87.69035339355469,80.06095886230469,80.06095886230469,-7.62939453125,-5.7220458984375,,,,83.73260498046875,74.10049438476562,-9.632110595703125,29.971197625439604,59.62650440092759,,QuantData term-structure
2026-08-17T14:40:00-04:00,2028-12-15,851,350.0,put,-0.1407782457741968,84.73396301269531,530.37,fixed_strike,89.59770202636719,83.78028869628906,87.69035339355469,80.06095886230469,80.06095886230469,-7.62939453125,-5.7220458984375,,,,83.73260498046875,74.10049438476562,-9.632110595703125,29.971197625439604,59.62650440092759,,QuantData term-structure
2026-08-17T14:40:00-04:00,2028-12-15,851,370.0,put,-0.14999099332877242,85.59226989746094,530.37,fixed_strike,89.59770202636719,83.78028869628906,87.69035339355469,80.06095886230469,80.06095886230469,-7.62939453125,-5.7220458984375,,,,83.73260498046875,74.10049438476562,-9.632110595703125,29.971197625439604,59.62650440092759,,QuantData term-structure
2026-08-17T14:40:00-04:00,2028-12-15,851,390.0,put,-0.16029260333944056,84.92469787597656,530.37,fixed_strike,89.59770202636719,83.78028869628906,87.69035339355469,80.06095886230469,80.06095886230469,-7.62939453125,-5.7220458984375,,,,83.73260498046875,74.10049438476562,-9.632110595703125,29.971197625439604,59.62650440092759,,QuantData term-structure
2026-08-17T14:40:00-04:00,2028-12-15,851,400.0,call,0.8304436518450209,81.11000061035156,530.37,fixed_strike,89.59770202636719,83.78028869628906,87.69035339355469,80.06095886230469,80.06095886230469,-7.62939453125,-5.7220458984375,,,,83.73260498046875,74.10049438476562,-9.632110595703125,29.971197625439604,59.62650440092759,,QuantData term-structure
2026-08-17T14:40:00-04:00,2028-12-15,851,400.0,put,-0.16357357539779904,84.82933044433594,530.37,fixed_strike,89.59770202636719,83.78028869628906,87.69035339355469,80.06095886230469,80.06095886230469,-7.62939453125,-5.7220458984375,,,,83.73260498046875,74.10049438476562,-9.632110595703125,29.971197625439604,59.62650440092759,,QuantData term-structure
2026-08-17T14:40:00-04:00,2028-12-15,851,410.0,put,-0.17152911613362715,86.06910705566406,530.37,fixed_strike,89.59770202636719,83.78028869628906,87.69035339355469,80.06095886230469,80.06095886230469,-7.62939453125,-5.7220458984375,,,,83.73260498046875,74.10049438476562,-9.632110595703125,29.971197625439604,59.62650440092759,,QuantData term-structure
2026-08-17T14:40:00-04:00,2028-12-15,851,440.0,put,-0.18940796267854393,82.44514465332031,530.37,fixed_strike,89.59770202636719,83.78028869628906,87.69035339355469,80.06095886230469,80.06095886230469,-7.62939453125,-5.7220458984375,,,,83.73260498046875,74.10049438476562,-9.632110595703125,29.971197625439604,59.62650440092759,,QuantData term-structure
2026-08-17T14:40:00-04:00,2028-12-15,851,450.0,call,0.8012368204656499,81.01463317871094,530.37,fixed_strike,89.59770202636719,83.78028869628906,87.69035339355469,80.06095886230469,80.06095886230469,-7.62939453125,-5.7220458984375,,,,83.73260498046875,74.10049438476562,-9.632110595703125,29.971197625439604,59.62650440092759,,QuantData term-structure
2026-08-17T14:40:00-04:00,2028-12-15,851,450.0,put,-0.19195587585452417,85.59226989746094,530.37,fixed_strike,89.59770202636719,83.78028869628906,87.69035339355469,80.06095886230469,80.06095886230469,-7.62939453125,-5.7220458984375,,,,83.73260498046875,74.10049438476562,-9.632110595703125,29.971197625439604,59.62650440092759,,QuantData term-structure
2026-08-17T14:40:00-04:00,2028-12-15,851,470.0,call,0.7941462309656024,81.49147033691406,530.37,fixed_strike,89.59770202636719,83.78028869628906,87.69035339355469,80.06095886230469,80.06095886230469,-7.62939453125,-5.7220458984375,,,,83.73260498046875,74.10049438476562,-9.632110595703125,29.971197625439604,59.62650440092759,,QuantData term-structure
2026-08-17T14:40:00-04:00,2028-12-15,851,490.0,put,-0.2089926748840899,85.87837219238281,530.37,fixed_strike,89.59770202636719,83.78028869628906,87.69035339355469,80.06095886230469,80.06095886230469,-7.62939453125,-5.7220458984375,,,,83.73260498046875,74.10049438476562,-9.632110595703125,29.971197625439604,59.62650440092759,,QuantData term-structure
2026-08-17T14:40:00-04:00,2028-12-15,851,500.0,call,0.7763999949628062,80.63316345214844,530.37,fixed_strike,89.59770202636719,83.78028869628906,87.69035339355469,80.06095886230469,80.06095886230469,-7.62939453125,-5.7220458984375,,,,83.73260498046875,74.10049438476562,-9.632110595703125,29.971197625439604,59.62650440092759,,QuantData term-structure
2026-08-17T14:40:00-04:00,2028-12-15,851,510.0,put,-0.22018093049682702,85.49690246582031,530.37,fixed_strike,89.59770202636719,83.78028869628906,87.69035339355469,80.06095886230469,80.06095886230469,-7.62939453125,-5.7220458984375,,,,83.73260498046875,74.10049438476562,-9.632110595703125,29.971197625439604,59.62650440092759,,QuantData term-structure
2026-08-17T14:40:00-04:00,2028-12-15,851,520.0,put,-0.22455754949331153,85.78300476074219,530.37,fixed_strike,89.59770202636719,83.78028869628906,87.69035339355469,80.06095886230469,80.06095886230469,-7.62939453125,-5.7220458984375,,,,83.73260498046875,74.10049438476562,-9.632110595703125,29.971197625439604,59.62650440092759,,QuantData term-structure
2026-08-17T14:40:00-04:00,2028-12-15,851,540.0,put,-0.2222868423135813,89.59770202636719,530.37,fixed_strike,89.59770202636719,83.78028869628906,87.69035339355469,80.06095886230469,80.06095886230469,-7.62939453125,-5.7220458984375,,,,83.73260498046875,74.10049438476562,-9.632110595703125,29.971197625439604,59.62650440092759,,QuantData term-structure
2026-08-17T14:40:00-04:00,2028-12-15,851,550.0,call,0.7474881979708627,77.96287536621094,530.37,fixed_strike,89.59770202636719,83.78028869628906,87.69035339355469,80.06095886230469,80.06095886230469,-7.62939453125,-5.7220458984375,,,,83.73260498046875,74.10049438476562,-9.632110595703125,29.971197625439604,59.62650440092759,,QuantData term-structure
2026-08-17T14:40:00-04:00,2028-12-15,851,550.0,put,-0.23328181154476857,86.92741394042969,530.37,fixed_strike,89.59770202636719,83.78028869628906,87.69035339355469,80.06095886230469,80.06095886230469,-7.62939453125,-5.7220458984375,,,,83.73260498046875,74.10049438476562,-9.632110595703125,29.971197625439604,59.62650440092759,,QuantData term-structure
2026-08-17T14:40:00-04:00,2028-12-15,851,560.0,call,0.7503981861518767,81.39610290527344,530.37,fixed_strike,89.59770202636719,83.78028869628906,87.69035339355469,80.06095886230469,80.06095886230469,-7.62939453125,-5.7220458984375,,,,83.73260498046875,74.10049438476562,-9.632110595703125,29.971197625439604,59.62650440092759,,QuantData term-structure
2026-08-17T14:40:00-04:00,2028-12-15,851,580.0,call,0.7407563997434256,81.39610290527344,530.37,fixed_strike,89.59770202636719,83.78028869628906,87.69035339355469,80.06095886230469,80.06095886230469,-7.62939453125,-5.7220458984375,,,,83.73260498046875,74.10049438476562,-9.632110595703125,29.971197625439604,59.62650440092759,,QuantData term-structure
2026-08-17T14:40:00-04:00,2028-12-15,851,580.0,put,-0.23872503229157227,87.69035339355469,530.37,fixed_strike,89.59770202636719,83.78028869628906,87.69035339355469,80.06095886230469,80.06095886230469,-7.62939453125,-5.7220458984375,,,,83.73260498046875,74.10049438476562,-9.632110595703125,29.971197625439604,59.62650440092759,,QuantData term-structure
2026-08-17T14:40:00-04:00,2028-12-15,851,590.0,call,0.7427916344415695,81.30073547363281,530.37,fixed_strike,89.59770202636719,83.78028869628906,87.69035339355469,80.06095886230469,80.06095886230469,-7.62939453125,-5.7220458984375,,,,83.73260498046875,74.10049438476562,-9.632110595703125,29.971197625439604,59.62650440092759,,QuantData term-structure
2026-08-17T14:40:00-04:00,2028-12-15,851,600.0,call,0.7350714995851291,80.91926574707031,530.37,fixed_strike,89.59770202636719,83.78028869628906,87.69035339355469,80.06095886230469,80.06095886230469,-7.62939453125,-5.7220458984375,,,,83.73260498046875,74.10049438476562,-9.632110595703125,29.971197625439604,59.62650440092759,,QuantData term-structure
2026-08-17T14:40:00-04:00,2028-12-15,851,610.0,call,0.728384589266563,81.11000061035156,530.37,fixed_strike,89.59770202636719,83.78028869628906,87.69035339355469,80.06095886230469,80.06095886230469,-7.62939453125,-5.7220458984375,,,,83.73260498046875,74.10049438476562,-9.632110595703125,29.971197625439604,59.62650440092759,,QuantData term-structure
2026-08-17T14:40:00-04:00,2028-12-15,851,700.0,put,-0.2840418541971925,88.16719055175781,530.37,fixed_strike,89.59770202636719,83.78028869628906,87.69035339355469,80.06095886230469,80.06095886230469,-7.62939453125,-5.7220458984375,,,,83.73260498046875,74.10049438476562,-9.632110595703125,29.971197625439604,59.62650440092759,,QuantData term-structure
2026-08-17T14:40:00-04:00,2028-12-15,851,720.0,call,0.6826242222904899,79.87022399902344,530.37,fixed_strike,89.59770202636719,83.78028869628906,87.69035339355469,80.06095886230469,80.06095886230469,-7.62939453125,-5.7220458984375,,,,83.73260498046875,74.10049438476562,-9.632110595703125,29.971197625439604,59.62650440092759,,QuantData term-structure
2026-08-17T14:40:00-04:00,2028-12-15,851,740.0,put,-0.2964295911178798,89.59770202636719,530.37,fixed_strike,89.59770202636719,83.78028869628906,87.69035339355469,80.06095886230469,80.06095886230469,-7.62939453125,-5.7220458984375,,,,83.73260498046875,74.10049438476562,-9.632110595703125,29.971197625439604,59.62650440092759,,QuantData term-structure
2026-08-17T14:40:00-04:00,2028-12-15,851,820.0,call,0.6422840183591831,80.91926574707031,530.37,fixed_strike,89.59770202636719,83.78028869628906,87.69035339355469,80.06095886230469,80.06095886230469,-7.62939453125,-5.7220458984375,,,,83.73260498046875,74.10049438476562,-9.632110595703125,29.971197625439604,59.62650440092759,,QuantData term-structure
2026-08-17T14:40:00-04:00,2028-12-15,851,830.0,call,0.6378392762421881,80.82389831542969,530.37,fixed_strike,89.59770202636719,83.78028869628906,87.69035339355469,80.06095886230469,80.06095886230469,-7.62939453125,-5.7220458984375,,,,83.73260498046875,74.10049438476562,-9.632110595703125,29.971197625439604,59.62650440092759,,QuantData term-structure
2026-08-17T14:40:00-04:00,2028-12-15,851,870.0,put,-0.3298819807880061,90.45600891113281,530.37,fixed_strike,89.59770202636719,83.78028869628906,87.69035339355469,80.06095886230469,80.06095886230469,-7.62939453125,-5.7220458984375,,,,83.73260498046875,74.10049438476562,-9.632110595703125,29.971197625439604,59.62650440092759,,QuantData term-structure
2026-08-17T14:40:00-04:00,2028-12-15,851,900.0,call,0.6179957644653284,80.63316345214844,530.37,fixed_strike,89.59770202636719,83.78028869628906,87.69035339355469,80.06095886230469,80.06095886230469,-7.62939453125,-5.7220458984375,,,,83.73260498046875,74.10049438476562,-9.632110595703125,29.971197625439604,59.62650440092759,,QuantData term-structure
2026-08-17T14:40:00-04:00,2028-12-15,851,1000.0,call,0.5811531622817845,79.96559143066406,530.37,fixed_strike,89.59770202636719,83.78028869628906,87.69035339355469,80.06095886230469,80.06095886230469,-7.62939453125,-5.7220458984375,,,,83.73260498046875,74.10049438476562,-9.632110595703125,29.971197625439604,59.62650440092759,,QuantData term-structure
2026-08-17T14:40:00-04:00,2028-12-15,851,1160.0,call,0.5299222920720028,80.06095886230469,530.37,fixed_strike,89.59770202636719,83.78028869628906,87.69035339355469,80.06095886230469,80.06095886230469,-7.62939453125,-5.7220458984375,,,,83.73260498046875,74.10049438476562,-9.632110595703125,29.971197625439604,59.62650440092759,,QuantData term-structure
