timestamp,expiration,dte,strike,call_put,delta,iv,underlying_price,coordinate_type,atm_iv,10_delta_put_iv,25_delta_put_iv,25_delta_call_iv,10_delta_call_iv,rr25,bf25,call_skew,put_skew,wing_skew,front_iv,back_iv,term_slope,realized_vol,iv_minus_rv,stickiness,source
2026-08-19T16:00:00-04:00,2026-08-21,2,100.0,call,1.0,0.0476837158203125,215.75,fixed_strike,106.4300537109375,101.32789611816406,104.76112365722656,120.97358703613281,115.15617370605469,16.21246337890625,6.4373016357421875,,,,106.4300537109375,92.50640869140625,-13.92364501953125,72.46688575356245,33.96316795737505,,QuantData term-structure
2026-08-19T16:00:00-04:00,2026-08-21,2,100.0,put,-0.0006816457155799194,319.81468200683594,215.75,fixed_strike,106.4300537109375,101.32789611816406,104.76112365722656,120.97358703613281,115.15617370605469,16.21246337890625,6.4373016357421875,,,,106.4300537109375,92.50640869140625,-13.92364501953125,72.46688575356245,33.96316795737505,,QuantData term-structure
2026-08-19T16:00:00-04:00,2026-08-21,2,105.0,put,-0.0007340356268248161,290.3461456298828,215.75,fixed_strike,106.4300537109375,101.32789611816406,104.76112365722656,120.97358703613281,115.15617370605469,16.21246337890625,6.4373016357421875,,,,106.4300537109375,92.50640869140625,-13.92364501953125,72.46688575356245,33.96316795737505,,QuantData term-structure
2026-08-19T16:00:00-04:00,2026-08-21,2,120.0,call,0.9820330576421532,388.6699676513672,215.75,fixed_strike,106.4300537109375,101.32789611816406,104.76112365722656,120.97358703613281,115.15617370605469,16.21246337890625,6.4373016357421875,,,,106.4300537109375,92.50640869140625,-13.92364501953125,72.46688575356245,33.96316795737505,,QuantData term-structure
2026-08-19T16:00:00-04:00,2026-08-21,2,120.0,put,-0.002216171068419598,262.97569274902344,215.75,fixed_strike,106.4300537109375,101.32789611816406,104.76112365722656,120.97358703613281,115.15617370605469,16.21246337890625,6.4373016357421875,,,,106.4300537109375,92.50640869140625,-13.92364501953125,72.46688575356245,33.96316795737505,,QuantData term-structure
2026-08-19T16:00:00-04:00,2026-08-21,2,125.0,put,-0.006208898658037661,280.52330017089844,215.75,fixed_strike,106.4300537109375,101.32789611816406,104.76112365722656,120.97358703613281,115.15617370605469,16.21246337890625,6.4373016357421875,,,,106.4300537109375,92.50640869140625,-13.92364501953125,72.46688575356245,33.96316795737505,,QuantData term-structure
2026-08-19T16:00:00-04:00,2026-08-21,2,145.0,put,-0.0032250704687035426,183.5346221923828,215.75,fixed_strike,106.4300537109375,101.32789611816406,104.76112365722656,120.97358703613281,115.15617370605469,16.21246337890625,6.4373016357421875,,,,106.4300537109375,92.50640869140625,-13.92364501953125,72.46688575356245,33.96316795737505,,QuantData term-structure
2026-08-19T16:00:00-04:00,2026-08-21,2,150.0,put,-0.0013934484998295196,153.7799835205078,215.75,fixed_strike,106.4300537109375,101.32789611816406,104.76112365722656,120.97358703613281,115.15617370605469,16.21246337890625,6.4373016357421875,,,,106.4300537109375,92.50640869140625,-13.92364501953125,72.46688575356245,33.96316795737505,,QuantData term-structure
2026-08-19T16:00:00-04:00,2026-08-21,2,152.5,call,0.9892659094646675,189.6381378173828,215.75,fixed_strike,106.4300537109375,101.32789611816406,104.76112365722656,120.97358703613281,115.15617370605469,16.21246337890625,6.4373016357421875,,,,106.4300537109375,92.50640869140625,-13.92364501953125,72.46688575356245,33.96316795737505,,QuantData term-structure
2026-08-19T16:00:00-04:00,2026-08-21,2,152.5,put,-0.00361731812792661,155.6873321533203,215.75,fixed_strike,106.4300537109375,101.32789611816406,104.76112365722656,120.97358703613281,115.15617370605469,16.21246337890625,6.4373016357421875,,,,106.4300537109375,92.50640869140625,-13.92364501953125,72.46688575356245,33.96316795737505,,QuantData term-structure
2026-08-19T16:00:00-04:00,2026-08-21,2,155.0,put,-0.003789590420336615,157.02247619628906,215.75,fixed_strike,106.4300537109375,101.32789611816406,104.76112365722656,120.97358703613281,115.15617370605469,16.21246337890625,6.4373016357421875,,,,106.4300537109375,92.50640869140625,-13.92364501953125,72.46688575356245,33.96316795737505,,QuantData term-structure
2026-08-19T16:00:00-04:00,2026-08-21,2,157.5,put,-0.0059771932470928995,157.2132110595703,215.75,fixed_strike,106.4300537109375,101.32789611816406,104.76112365722656,120.97358703613281,115.15617370605469,16.21246337890625,6.4373016357421875,,,,106.4300537109375,92.50640869140625,-13.92364501953125,72.46688575356245,33.96316795737505,,QuantData term-structure
2026-08-19T16:00:00-04:00,2026-08-21,2,160.0,call,0.9326038099105842,246.3817596435547,215.75,fixed_strike,106.4300537109375,101.32789611816406,104.76112365722656,120.97358703613281,115.15617370605469,16.21246337890625,6.4373016357421875,,,,106.4300537109375,92.50640869140625,-13.92364501953125,72.46688575356245,33.96316795737505,,QuantData term-structure
2026-08-19T16:00:00-04:00,2026-08-21,2,160.0,put,-0.0016890297856713647,122.97630310058594,215.75,fixed_strike,106.4300537109375,101.32789611816406,104.76112365722656,120.97358703613281,115.15617370605469,16.21246337890625,6.4373016357421875,,,,106.4300537109375,92.50640869140625,-13.92364501953125,72.46688575356245,33.96316795737505,,QuantData term-structure
2026-08-19T16:00:00-04:00,2026-08-21,2,162.5,call,0.9279899346380402,237.2264862060547,215.75,fixed_strike,106.4300537109375,101.32789611816406,104.76112365722656,120.97358703613281,115.15617370605469,16.21246337890625,6.4373016357421875,,,,106.4300537109375,92.50640869140625,-13.92364501953125,72.46688575356245,33.96316795737505,,QuantData term-structure
2026-08-19T16:00:00-04:00,2026-08-21,2,165.0,call,0.9388146180320639,208.52088928222656,215.75,fixed_strike,106.4300537109375,101.32789611816406,104.76112365722656,120.97358703613281,115.15617370605469,16.21246337890625,6.4373016357421875,,,,106.4300537109375,92.50640869140625,-13.92364501953125,72.46688575356245,33.96316795737505,,QuantData term-structure
2026-08-19T16:00:00-04:00,2026-08-21,2,165.0,put,-0.0053698176755318395,141.1914825439453,215.75,fixed_strike,106.4300537109375,101.32789611816406,104.76112365722656,120.97358703613281,115.15617370605469,16.21246337890625,6.4373016357421875,,,,106.4300537109375,92.50640869140625,-13.92364501953125,72.46688575356245,33.96316795737505,,QuantData term-structure
2026-08-19T16:00:00-04:00,2026-08-21,2,167.5,call,0.9337169929098144,200.3192901611328,215.75,fixed_strike,106.4300537109375,101.32789611816406,104.76112365722656,120.97358703613281,115.15617370605469,16.21246337890625,6.4373016357421875,,,,106.4300537109375,92.50640869140625,-13.92364501953125,72.46688575356245,33.96316795737505,,QuantData term-structure
2026-08-19T16:00:00-04:00,2026-08-21,2,167.5,put,-0.014836241944555998,114.96543884277344,215.75,fixed_strike,106.4300537109375,101.32789611816406,104.76112365722656,120.97358703613281,115.15617370605469,16.21246337890625,6.4373016357421875,,,,106.4300537109375,92.50640869140625,-13.92364501953125,72.46688575356245,33.96316795737505,,QuantData term-structure
2026-08-19T16:00:00-04:00,2026-08-21,2,170.0,call,1.0,0.0476837158203125,215.75,fixed_strike,106.4300537109375,101.32789611816406,104.76112365722656,120.97358703613281,115.15617370605469,16.21246337890625,6.4373016357421875,,,,106.4300537109375,92.50640869140625,-13.92364501953125,72.46688575356245,33.96316795737505,,QuantData term-structure
2026-08-19T16:00:00-04:00,2026-08-21,2,170.0,put,-0.007717232157159187,120.49674987792969,215.75,fixed_strike,106.4300537109375,101.32789611816406,104.76112365722656,120.97358703613281,115.15617370605469,16.21246337890625,6.4373016357421875,,,,106.4300537109375,92.50640869140625,-13.92364501953125,72.46688575356245,33.96316795737505,,QuantData term-structure
2026-08-19T16:00:00-04:00,2026-08-21,2,172.5,put,-0.008499469194258187,107.43141174316406,215.75,fixed_strike,106.4300537109375,101.32789611816406,104.76112365722656,120.97358703613281,115.15617370605469,16.21246337890625,6.4373016357421875,,,,106.4300537109375,92.50640869140625,-13.92364501953125,72.46688575356245,33.96316795737505,,QuantData term-structure
2026-08-19T16:00:00-04:00,2026-08-21,2,175.0,call,0.9556218819987421,131.2732696533203,215.75,fixed_strike,106.4300537109375,101.32789611816406,104.76112365722656,120.97358703613281,115.15617370605469,16.21246337890625,6.4373016357421875,,,,106.4300537109375,92.50640869140625,-13.92364501953125,72.46688575356245,33.96316795737505,,QuantData term-structure
2026-08-19T16:00:00-04:00,2026-08-21,2,175.0,put,-0.010943487251800714,113.82102966308594,215.75,fixed_strike,106.4300537109375,101.32789611816406,104.76112365722656,120.97358703613281,115.15617370605469,16.21246337890625,6.4373016357421875,,,,106.4300537109375,92.50640869140625,-13.92364501953125,72.46688575356245,33.96316795737505,,QuantData term-structure
2026-08-19T16:00:00-04:00,2026-08-21,2,177.5,put,-0.015754789178974146,109.33876037597656,215.75,fixed_strike,106.4300537109375,101.32789611816406,104.76112365722656,120.97358703613281,115.15617370605469,16.21246337890625,6.4373016357421875,,,,106.4300537109375,92.50640869140625,-13.92364501953125,72.46688575356245,33.96316795737505,,QuantData term-structure
2026-08-19T16:00:00-04:00,2026-08-21,2,180.0,call,1.0,0.0476837158203125,215.75,fixed_strike,106.4300537109375,101.32789611816406,104.76112365722656,120.97358703613281,115.15617370605469,16.21246337890625,6.4373016357421875,,,,106.4300537109375,92.50640869140625,-13.92364501953125,72.46688575356245,33.96316795737505,,QuantData term-structure
2026-08-19T16:00:00-04:00,2026-08-21,2,180.0,put,-0.009021343634250901,100.75569152832031,215.75,fixed_strike,106.4300537109375,101.32789611816406,104.76112365722656,120.97358703613281,115.15617370605469,16.21246337890625,6.4373016357421875,,,,106.4300537109375,92.50640869140625,-13.92364501953125,72.46688575356245,33.96316795737505,,QuantData term-structure
2026-08-19T16:00:00-04:00,2026-08-21,2,182.5,put,-0.036128133689715326,105.81016540527344,215.75,fixed_strike,106.4300537109375,101.32789611816406,104.76112365722656,120.97358703613281,115.15617370605469,16.21246337890625,6.4373016357421875,,,,106.4300537109375,92.50640869140625,-13.92364501953125,72.46688575356245,33.96316795737505,,QuantData term-structure
2026-08-19T16:00:00-04:00,2026-08-21,2,185.0,call,0.9500130434618836,103.71208190917969,215.75,fixed_strike,106.4300537109375,101.32789611816406,104.76112365722656,120.97358703613281,115.15617370605469,16.21246337890625,6.4373016357421875,,,,106.4300537109375,92.50640869140625,-13.92364501953125,72.46688575356245,33.96316795737505,,QuantData term-structure
2026-08-19T16:00:00-04:00,2026-08-21,2,185.0,put,-0.024112988556996773,106.19163513183594,215.75,fixed_strike,106.4300537109375,101.32789611816406,104.76112365722656,120.97358703613281,115.15617370605469,16.21246337890625,6.4373016357421875,,,,106.4300537109375,92.50640869140625,-13.92364501953125,72.46688575356245,33.96316795737505,,QuantData term-structure
2026-08-19T16:00:00-04:00,2026-08-21,2,187.5,put,-0.04680458364980339,101.32789611816406,215.75,fixed_strike,106.4300537109375,101.32789611816406,104.76112365722656,120.97358703613281,115.15617370605469,16.21246337890625,6.4373016357421875,,,,106.4300537109375,92.50640869140625,-13.92364501953125,72.46688575356245,33.96316795737505,,QuantData term-structure
2026-08-19T16:00:00-04:00,2026-08-21,2,190.0,call,0.9147972817784709,105.90553283691406,215.75,fixed_strike,106.4300537109375,101.32789611816406,104.76112365722656,120.97358703613281,115.15617370605469,16.21246337890625,6.4373016357421875,,,,106.4300537109375,92.50640869140625,-13.92364501953125,72.46688575356245,33.96316795737505,,QuantData term-structure
2026-08-19T16:00:00-04:00,2026-08-21,2,190.0,put,-0.05521120357360837,103.33061218261719,215.75,fixed_strike,106.4300537109375,101.32789611816406,104.76112365722656,120.97358703613281,115.15617370605469,16.21246337890625,6.4373016357421875,,,,106.4300537109375,92.50640869140625,-13.92364501953125,72.46688575356245,33.96316795737505,,QuantData term-structure
2026-08-19T16:00:00-04:00,2026-08-21,2,192.5,call,0.8843706394873285,96.65489196777344,215.75,fixed_strike,106.4300537109375,101.32789611816406,104.76112365722656,120.97358703613281,115.15617370605469,16.21246337890625,6.4373016357421875,,,,106.4300537109375,92.50640869140625,-13.92364501953125,72.46688575356245,33.96316795737505,,QuantData term-structure
2026-08-19T16:00:00-04:00,2026-08-21,2,192.5,put,-0.07413144076659456,108.67118835449219,215.75,fixed_strike,106.4300537109375,101.32789611816406,104.76112365722656,120.97358703613281,115.15617370605469,16.21246337890625,6.4373016357421875,,,,106.4300537109375,92.50640869140625,-13.92364501953125,72.46688575356245,33.96316795737505,,QuantData term-structure
2026-08-19T16:00:00-04:00,2026-08-21,2,195.0,call,0.8276830792862957,105.81016540527344,215.75,fixed_strike,106.4300537109375,101.32789611816406,104.76112365722656,120.97358703613281,115.15617370605469,16.21246337890625,6.4373016357421875,,,,106.4300537109375,92.50640869140625,-13.92364501953125,72.46688575356245,33.96316795737505,,QuantData term-structure
2026-08-19T16:00:00-04:00,2026-08-21,2,195.0,put,-0.08433563287703333,101.32789611816406,215.75,fixed_strike,106.4300537109375,101.32789611816406,104.76112365722656,120.97358703613281,115.15617370605469,16.21246337890625,6.4373016357421875,,,,106.4300537109375,92.50640869140625,-13.92364501953125,72.46688575356245,33.96316795737505,,QuantData term-structure
2026-08-19T16:00:00-04:00,2026-08-21,2,197.5,call,0.7019874165689901,116.39595031738281,215.75,fixed_strike,106.4300537109375,101.32789611816406,104.76112365722656,120.97358703613281,115.15617370605469,16.21246337890625,6.4373016357421875,,,,106.4300537109375,92.50640869140625,-13.92364501953125,72.46688575356245,33.96316795737505,,QuantData term-structure
2026-08-19T16:00:00-04:00,2026-08-21,2,197.5,put,-0.12189071047952621,104.47502136230469,215.75,fixed_strike,106.4300537109375,101.32789611816406,104.76112365722656,120.97358703613281,115.15617370605469,16.21246337890625,6.4373016357421875,,,,106.4300537109375,92.50640869140625,-13.92364501953125,72.46688575356245,33.96316795737505,,QuantData term-structure
2026-08-19T16:00:00-04:00,2026-08-21,2,200.0,call,0.9697444577998632,49.63874816894531,215.75,fixed_strike,106.4300537109375,101.32789611816406,104.76112365722656,120.97358703613281,115.15617370605469,16.21246337890625,6.4373016357421875,,,,106.4300537109375,92.50640869140625,-13.92364501953125,72.46688575356245,33.96316795737505,,QuantData term-structure
2026-08-19T16:00:00-04:00,2026-08-21,2,200.0,put,-0.16576992309189775,109.05265808105469,215.75,fixed_strike,106.4300537109375,101.32789611816406,104.76112365722656,120.97358703613281,115.15617370605469,16.21246337890625,6.4373016357421875,,,,106.4300537109375,92.50640869140625,-13.92364501953125,72.46688575356245,33.96316795737505,,QuantData term-structure
2026-08-19T16:00:00-04:00,2026-08-21,2,202.5,call,0.6575544056787007,112.19978332519531,215.75,fixed_strike,106.4300537109375,101.32789611816406,104.76112365722656,120.97358703613281,115.15617370605469,16.21246337890625,6.4373016357421875,,,,106.4300537109375,92.50640869140625,-13.92364501953125,72.46688575356245,33.96316795737505,,QuantData term-structure
2026-08-19T16:00:00-04:00,2026-08-21,2,202.5,put,-0.19141972275671093,101.80473327636719,215.75,fixed_strike,106.4300537109375,101.32789611816406,104.76112365722656,120.97358703613281,115.15617370605469,16.21246337890625,6.4373016357421875,,,,106.4300537109375,92.50640869140625,-13.92364501953125,72.46688575356245,33.96316795737505,,QuantData term-structure
2026-08-19T16:00:00-04:00,2026-08-21,2,205.0,call,0.6265370692798723,106.00090026855469,215.75,fixed_strike,106.4300537109375,101.32789611816406,104.76112365722656,120.97358703613281,115.15617370605469,16.21246337890625,6.4373016357421875,,,,106.4300537109375,92.50640869140625,-13.92364501953125,72.46688575356245,33.96316795737505,,QuantData term-structure
2026-08-19T16:00:00-04:00,2026-08-21,2,205.0,put,-0.2628401705688283,104.76112365722656,215.75,fixed_strike,106.4300537109375,101.32789611816406,104.76112365722656,120.97358703613281,115.15617370605469,16.21246337890625,6.4373016357421875,,,,106.4300537109375,92.50640869140625,-13.92364501953125,72.46688575356245,33.96316795737505,,QuantData term-structure
2026-08-19T16:00:00-04:00,2026-08-21,2,207.5,call,0.6305044337609522,107.52677917480469,215.75,fixed_strike,106.4300537109375,101.32789611816406,104.76112365722656,120.97358703613281,115.15617370605469,16.21246337890625,6.4373016357421875,,,,106.4300537109375,92.50640869140625,-13.92364501953125,72.46688575356245,33.96316795737505,,QuantData term-structure
2026-08-19T16:00:00-04:00,2026-08-21,2,207.5,put,-0.3048427111926837,107.04994201660156,215.75,fixed_strike,106.4300537109375,101.32789611816406,104.76112365722656,120.97358703613281,115.15617370605469,16.21246337890625,6.4373016357421875,,,,106.4300537109375,92.50640869140625,-13.92364501953125,72.46688575356245,33.96316795737505,,QuantData term-structure
2026-08-19T16:00:00-04:00,2026-08-21,2,210.0,call,0.6471738865383931,108.67118835449219,215.75,fixed_strike,106.4300537109375,101.32789611816406,104.76112365722656,120.97358703613281,115.15617370605469,16.21246337890625,6.4373016357421875,,,,106.4300537109375,92.50640869140625,-13.92364501953125,72.46688575356245,33.96316795737505,,QuantData term-structure
2026-08-19T16:00:00-04:00,2026-08-21,2,210.0,put,-0.35619951182648746,110.48316955566406,215.75,fixed_strike,106.4300537109375,101.32789611816406,104.76112365722656,120.97358703613281,115.15617370605469,16.21246337890625,6.4373016357421875,,,,106.4300537109375,92.50640869140625,-13.92364501953125,72.46688575356245,33.96316795737505,,QuantData term-structure
2026-08-19T16:00:00-04:00,2026-08-21,2,212.5,call,0.5957575149462004,101.80473327636719,215.75,fixed_strike,106.4300537109375,101.32789611816406,104.76112365722656,120.97358703613281,115.15617370605469,16.21246337890625,6.4373016357421875,,,,106.4300537109375,92.50640869140625,-13.92364501953125,72.46688575356245,33.96316795737505,,QuantData term-structure
2026-08-19T16:00:00-04:00,2026-08-21,2,212.5,put,-0.5372514293562638,106.76383972167969,215.75,fixed_strike,106.4300537109375,101.32789611816406,104.76112365722656,120.97358703613281,115.15617370605469,16.21246337890625,6.4373016357421875,,,,106.4300537109375,92.50640869140625,-13.92364501953125,72.46688575356245,33.96316795737505,,QuantData term-structure
2026-08-19T16:00:00-04:00,2026-08-21,2,215.0,call,0.5335034898423101,108.38508605957031,215.75,fixed_strike,106.4300537109375,101.32789611816406,104.76112365722656,120.97358703613281,115.15617370605469,16.21246337890625,6.4373016357421875,,,,106.4300537109375,92.50640869140625,-13.92364501953125,72.46688575356245,33.96316795737505,,QuantData term-structure
2026-08-19T16:00:00-04:00,2026-08-21,2,215.0,put,-0.5175181781733198,104.47502136230469,215.75,fixed_strike,106.4300537109375,101.32789611816406,104.76112365722656,120.97358703613281,115.15617370605469,16.21246337890625,6.4373016357421875,,,,106.4300537109375,92.50640869140625,-13.92364501953125,72.46688575356245,33.96316795737505,,QuantData term-structure
2026-08-19T16:00:00-04:00,2026-08-21,2,217.5,call,0.4773383822563212,111.53221130371094,215.75,fixed_strike,106.4300537109375,101.32789611816406,104.76112365722656,120.97358703613281,115.15617370605469,16.21246337890625,6.4373016357421875,,,,106.4300537109375,92.50640869140625,-13.92364501953125,72.46688575356245,33.96316795737505,,QuantData term-structure
2026-08-19T16:00:00-04:00,2026-08-21,2,217.5,put,-0.6397580053017813,113.05809020996094,215.75,fixed_strike,106.4300537109375,101.32789611816406,104.76112365722656,120.97358703613281,115.15617370605469,16.21246337890625,6.4373016357421875,,,,106.4300537109375,92.50640869140625,-13.92364501953125,72.46688575356245,33.96316795737505,,QuantData term-structure
2026-08-19T16:00:00-04:00,2026-08-21,2,220.0,call,0.4269583342617947,113.05809020996094,215.75,fixed_strike,106.4300537109375,101.32789611816406,104.76112365722656,120.97358703613281,115.15617370605469,16.21246337890625,6.4373016357421875,,,,106.4300537109375,92.50640869140625,-13.92364501953125,72.46688575356245,33.96316795737505,,QuantData term-structure
2026-08-19T16:00:00-04:00,2026-08-21,2,220.0,put,-0.5764317687295761,117.06352233886719,215.75,fixed_strike,106.4300537109375,101.32789611816406,104.76112365722656,120.97358703613281,115.15617370605469,16.21246337890625,6.4373016357421875,,,,106.4300537109375,92.50640869140625,-13.92364501953125,72.46688575356245,33.96316795737505,,QuantData term-structure
2026-08-19T16:00:00-04:00,2026-08-21,2,222.5,call,0.3724377735450055,110.96000671386719,215.75,fixed_strike,106.4300537109375,101.32789611816406,104.76112365722656,120.97358703613281,115.15617370605469,16.21246337890625,6.4373016357421875,,,,106.4300537109375,92.50640869140625,-13.92364501953125,72.46688575356245,33.96316795737505,,QuantData term-structure
2026-08-19T16:00:00-04:00,2026-08-21,2,222.5,put,-0.6624091361032485,127.84004211425781,215.75,fixed_strike,106.4300537109375,101.32789611816406,104.76112365722656,120.97358703613281,115.15617370605469,16.21246337890625,6.4373016357421875,,,,106.4300537109375,92.50640869140625,-13.92364501953125,72.46688575356245,33.96316795737505,,QuantData term-structure
2026-08-19T16:00:00-04:00,2026-08-21,2,225.0,call,0.3200031771435998,112.10441589355469,215.75,fixed_strike,106.4300537109375,101.32789611816406,104.76112365722656,120.97358703613281,115.15617370605469,16.21246337890625,6.4373016357421875,,,,106.4300537109375,92.50640869140625,-13.92364501953125,72.46688575356245,33.96316795737505,,QuantData term-structure
2026-08-19T16:00:00-04:00,2026-08-21,2,225.0,put,-0.6829743152069597,122.88093566894531,215.75,fixed_strike,106.4300537109375,101.32789611816406,104.76112365722656,120.97358703613281,115.15617370605469,16.21246337890625,6.4373016357421875,,,,106.4300537109375,92.50640869140625,-13.92364501953125,72.46688575356245,33.96316795737505,,QuantData term-structure
2026-08-19T16:00:00-04:00,2026-08-21,2,227.5,call,0.22593078295446067,115.34690856933594,215.75,fixed_strike,106.4300537109375,101.32789611816406,104.76112365722656,120.97358703613281,115.15617370605469,16.21246337890625,6.4373016357421875,,,,106.4300537109375,92.50640869140625,-13.92364501953125,72.46688575356245,33.96316795737505,,QuantData term-structure
2026-08-19T16:00:00-04:00,2026-08-21,2,227.5,put,-0.8125597526238082,111.91368103027344,215.75,fixed_strike,106.4300537109375,101.32789611816406,104.76112365722656,120.97358703613281,115.15617370605469,16.21246337890625,6.4373016357421875,,,,106.4300537109375,92.50640869140625,-13.92364501953125,72.46688575356245,33.96316795737505,,QuantData term-structure
2026-08-19T16:00:00-04:00,2026-08-21,2,230.0,call,0.25453381045106777,120.97358703613281,215.75,fixed_strike,106.4300537109375,101.32789611816406,104.76112365722656,120.97358703613281,115.15617370605469,16.21246337890625,6.4373016357421875,,,,106.4300537109375,92.50640869140625,-13.92364501953125,72.46688575356245,33.96316795737505,,QuantData term-structure
2026-08-19T16:00:00-04:00,2026-08-21,2,230.0,put,-0.7848323160317385,127.17247009277344,215.75,fixed_strike,106.4300537109375,101.32789611816406,104.76112365722656,120.97358703613281,115.15617370605469,16.21246337890625,6.4373016357421875,,,,106.4300537109375,92.50640869140625,-13.92364501953125,72.46688575356245,33.96316795737505,,QuantData term-structure
2026-08-19T16:00:00-04:00,2026-08-21,2,232.5,call,0.1710939744999977,121.45042419433594,215.75,fixed_strike,106.4300537109375,101.32789611816406,104.76112365722656,120.97358703613281,115.15617370605469,16.21246337890625,6.4373016357421875,,,,106.4300537109375,92.50640869140625,-13.92364501953125,72.46688575356245,33.96316795737505,,QuantData term-structure
2026-08-19T16:00:00-04:00,2026-08-21,2,232.5,put,-0.8467751753269854,129.3659210205078,215.75,fixed_strike,106.4300537109375,101.32789611816406,104.76112365722656,120.97358703613281,115.15617370605469,16.21246337890625,6.4373016357421875,,,,106.4300537109375,92.50640869140625,-13.92364501953125,72.46688575356245,33.96316795737505,,QuantData term-structure
2026-08-19T16:00:00-04:00,2026-08-21,2,235.0,call,0.1901182682674068,123.64387512207031,215.75,fixed_strike,106.4300537109375,101.32789611816406,104.76112365722656,120.97358703613281,115.15617370605469,16.21246337890625,6.4373016357421875,,,,106.4300537109375,92.50640869140625,-13.92364501953125,72.46688575356245,33.96316795737505,,QuantData term-structure
2026-08-19T16:00:00-04:00,2026-08-21,2,235.0,put,-0.8500141492154971,122.11799621582031,215.75,fixed_strike,106.4300537109375,101.32789611816406,104.76112365722656,120.97358703613281,115.15617370605469,16.21246337890625,6.4373016357421875,,,,106.4300537109375,92.50640869140625,-13.92364501953125,72.46688575356245,33.96316795737505,,QuantData term-structure
2026-08-19T16:00:00-04:00,2026-08-21,2,237.5,call,0.15606521681376634,122.69020080566406,215.75,fixed_strike,106.4300537109375,101.32789611816406,104.76112365722656,120.97358703613281,115.15617370605469,16.21246337890625,6.4373016357421875,,,,106.4300537109375,92.50640869140625,-13.92364501953125,72.46688575356245,33.96316795737505,,QuantData term-structure
2026-08-19T16:00:00-04:00,2026-08-21,2,237.5,put,-0.8308773618469734,147.77183532714844,215.75,fixed_strike,106.4300537109375,101.32789611816406,104.76112365722656,120.97358703613281,115.15617370605469,16.21246337890625,6.4373016357421875,,,,106.4300537109375,92.50640869140625,-13.92364501953125,72.46688575356245,33.96316795737505,,QuantData term-structure
2026-08-19T16:00:00-04:00,2026-08-21,2,240.0,call,0.13735045813522567,125.07438659667969,215.75,fixed_strike,106.4300537109375,101.32789611816406,104.76112365722656,120.97358703613281,115.15617370605469,16.21246337890625,6.4373016357421875,,,,106.4300537109375,92.50640869140625,-13.92364501953125,72.46688575356245,33.96316795737505,,QuantData term-structure
2026-08-19T16:00:00-04:00,2026-08-21,2,240.0,put,-0.8418612543197356,153.58924865722656,215.75,fixed_strike,106.4300537109375,101.32789611816406,104.76112365722656,120.97358703613281,115.15617370605469,16.21246337890625,6.4373016357421875,,,,106.4300537109375,92.50640869140625,-13.92364501953125,72.46688575356245,33.96316795737505,,QuantData term-structure
2026-08-19T16:00:00-04:00,2026-08-21,2,242.5,call,0.09201557516885672,115.15617370605469,215.75,fixed_strike,106.4300537109375,101.32789611816406,104.76112365722656,120.97358703613281,115.15617370605469,16.21246337890625,6.4373016357421875,,,,106.4300537109375,92.50640869140625,-13.92364501953125,72.46688575356245,33.96316795737505,,QuantData term-structure
2026-08-19T16:00:00-04:00,2026-08-21,2,242.5,put,-0.7908019000660444,209.3791961669922,215.75,fixed_strike,106.4300537109375,101.32789611816406,104.76112365722656,120.97358703613281,115.15617370605469,16.21246337890625,6.4373016357421875,,,,106.4300537109375,92.50640869140625,-13.92364501953125,72.46688575356245,33.96316795737505,,QuantData term-structure
2026-08-19T16:00:00-04:00,2026-08-21,2,245.0,call,0.05818960172565557,105.33332824707031,215.75,fixed_strike,106.4300537109375,101.32789611816406,104.76112365722656,120.97358703613281,115.15617370605469,16.21246337890625,6.4373016357421875,,,,106.4300537109375,92.50640869140625,-13.92364501953125,72.46688575356245,33.96316795737505,,QuantData term-structure
2026-08-19T16:00:00-04:00,2026-08-21,2,245.0,put,-0.8612902471223327,162.1723175048828,215.75,fixed_strike,106.4300537109375,101.32789611816406,104.76112365722656,120.97358703613281,115.15617370605469,16.21246337890625,6.4373016357421875,,,,106.4300537109375,92.50640869140625,-13.92364501953125,72.46688575356245,33.96316795737505,,QuantData term-structure
2026-08-19T16:00:00-04:00,2026-08-21,2,247.5,call,0.06698292262135852,133.4667205810547,215.75,fixed_strike,106.4300537109375,101.32789611816406,104.76112365722656,120.97358703613281,115.15617370605469,16.21246337890625,6.4373016357421875,,,,106.4300537109375,92.50640869140625,-13.92364501953125,72.46688575356245,33.96316795737505,,QuantData term-structure
2026-08-19T16:00:00-04:00,2026-08-21,2,250.0,call,0.0721580206745745,130.5103302001953,215.75,fixed_strike,106.4300537109375,101.32789611816406,104.76112365722656,120.97358703613281,115.15617370605469,16.21246337890625,6.4373016357421875,,,,106.4300537109375,92.50640869140625,-13.92364501953125,72.46688575356245,33.96316795737505,,QuantData term-structure
2026-08-19T16:00:00-04:00,2026-08-21,2,250.0,put,-0.8873747787037438,169.51560974121094,215.75,fixed_strike,106.4300537109375,101.32789611816406,104.76112365722656,120.97358703613281,115.15617370605469,16.21246337890625,6.4373016357421875,,,,106.4300537109375,92.50640869140625,-13.92364501953125,72.46688575356245,33.96316795737505,,QuantData term-structure
2026-08-19T16:00:00-04:00,2026-08-21,2,252.5,call,0.04272694466326049,131.46400451660156,215.75,fixed_strike,106.4300537109375,101.32789611816406,104.76112365722656,120.97358703613281,115.15617370605469,16.21246337890625,6.4373016357421875,,,,106.4300537109375,92.50640869140625,-13.92364501953125,72.46688575356245,33.96316795737505,,QuantData term-structure
2026-08-19T16:00:00-04:00,2026-08-21,2,252.5,put,-0.9990401698840552,76.91383361816406,215.75,fixed_strike,106.4300537109375,101.32789611816406,104.76112365722656,120.97358703613281,115.15617370605469,16.21246337890625,6.4373016357421875,,,,106.4300537109375,92.50640869140625,-13.92364501953125,72.46688575356245,33.96316795737505,,QuantData term-structure
2026-08-19T16:00:00-04:00,2026-08-21,2,255.0,call,0.04855138161801442,130.5103302001953,215.75,fixed_strike,106.4300537109375,101.32789611816406,104.76112365722656,120.97358703613281,115.15617370605469,16.21246337890625,6.4373016357421875,,,,106.4300537109375,92.50640869140625,-13.92364501953125,72.46688575356245,33.96316795737505,,QuantData term-structure
2026-08-19T16:00:00-04:00,2026-08-21,2,255.0,put,-1.0,0.0476837158203125,215.75,fixed_strike,106.4300537109375,101.32789611816406,104.76112365722656,120.97358703613281,115.15617370605469,16.21246337890625,6.4373016357421875,,,,106.4300537109375,92.50640869140625,-13.92364501953125,72.46688575356245,33.96316795737505,,QuantData term-structure
2026-08-19T16:00:00-04:00,2026-08-21,2,257.5,call,0.03450643523421735,141.1914825439453,215.75,fixed_strike,106.4300537109375,101.32789611816406,104.76112365722656,120.97358703613281,115.15617370605469,16.21246337890625,6.4373016357421875,,,,106.4300537109375,92.50640869140625,-13.92364501953125,72.46688575356245,33.96316795737505,,QuantData term-structure
2026-08-19T16:00:00-04:00,2026-08-21,2,260.0,call,0.04211625476686326,143.19419860839844,215.75,fixed_strike,106.4300537109375,101.32789611816406,104.76112365722656,120.97358703613281,115.15617370605469,16.21246337890625,6.4373016357421875,,,,106.4300537109375,92.50640869140625,-13.92364501953125,72.46688575356245,33.96316795737505,,QuantData term-structure
2026-08-19T16:00:00-04:00,2026-08-21,2,260.0,put,-0.8878805461574515,203.94325256347656,215.75,fixed_strike,106.4300537109375,101.32789611816406,104.76112365722656,120.97358703613281,115.15617370605469,16.21246337890625,6.4373016357421875,,,,106.4300537109375,92.50640869140625,-13.92364501953125,72.46688575356245,33.96316795737505,,QuantData term-structure
2026-08-19T16:00:00-04:00,2026-08-21,2,262.5,call,0.03816162220170358,143.4803009033203,215.75,fixed_strike,106.4300537109375,101.32789611816406,104.76112365722656,120.97358703613281,115.15617370605469,16.21246337890625,6.4373016357421875,,,,106.4300537109375,92.50640869140625,-13.92364501953125,72.46688575356245,33.96316795737505,,QuantData term-structure
2026-08-19T16:00:00-04:00,2026-08-21,2,265.0,call,0.02838370939797618,149.01161193847656,215.75,fixed_strike,106.4300537109375,101.32789611816406,104.76112365722656,120.97358703613281,115.15617370605469,16.21246337890625,6.4373016357421875,,,,106.4300537109375,92.50640869140625,-13.92364501953125,72.46688575356245,33.96316795737505,,QuantData term-structure
2026-08-19T16:00:00-04:00,2026-08-21,2,265.0,put,-0.9574841328750014,166.2731170654297,215.75,fixed_strike,106.4300537109375,101.32789611816406,104.76112365722656,120.97358703613281,115.15617370605469,16.21246337890625,6.4373016357421875,,,,106.4300537109375,92.50640869140625,-13.92364501953125,72.46688575356245,33.96316795737505,,QuantData term-structure
2026-08-19T16:00:00-04:00,2026-08-21,2,267.5,call,0.02086581772960747,151.96800231933594,215.75,fixed_strike,106.4300537109375,101.32789611816406,104.76112365722656,120.97358703613281,115.15617370605469,16.21246337890625,6.4373016357421875,,,,106.4300537109375,92.50640869140625,-13.92364501953125,72.46688575356245,33.96316795737505,,QuantData term-structure
2026-08-19T16:00:00-04:00,2026-08-21,2,270.0,call,0.017739178885164044,153.3985137939453,215.75,fixed_strike,106.4300537109375,101.32789611816406,104.76112365722656,120.97358703613281,115.15617370605469,16.21246337890625,6.4373016357421875,,,,106.4300537109375,92.50640869140625,-13.92364501953125,72.46688575356245,33.96316795737505,,QuantData term-structure
2026-08-19T16:00:00-04:00,2026-08-21,2,270.0,put,-0.8953649617273698,250.6732940673828,215.75,fixed_strike,106.4300537109375,101.32789611816406,104.76112365722656,120.97358703613281,115.15617370605469,16.21246337890625,6.4373016357421875,,,,106.4300537109375,92.50640869140625,-13.92364501953125,72.46688575356245,33.96316795737505,,QuantData term-structure
2026-08-19T16:00:00-04:00,2026-08-21,2,272.5,call,0.022553159215682444,156.7363739013672,215.75,fixed_strike,106.4300537109375,101.32789611816406,104.76112365722656,120.97358703613281,115.15617370605469,16.21246337890625,6.4373016357421875,,,,106.4300537109375,92.50640869140625,-13.92364501953125,72.46688575356245,33.96316795737505,,QuantData term-structure
2026-08-19T16:00:00-04:00,2026-08-21,2,275.0,call,0.01764384358793918,164.93797302246094,215.75,fixed_strike,106.4300537109375,101.32789611816406,104.76112365722656,120.97358703613281,115.15617370605469,16.21246337890625,6.4373016357421875,,,,106.4300537109375,92.50640869140625,-13.92364501953125,72.46688575356245,33.96316795737505,,QuantData term-structure
2026-08-19T16:00:00-04:00,2026-08-21,2,277.5,call,0.016437329954670492,165.1287078857422,215.75,fixed_strike,106.4300537109375,101.32789611816406,104.76112365722656,120.97358703613281,115.15617370605469,16.21246337890625,6.4373016357421875,,,,106.4300537109375,92.50640869140625,-13.92364501953125,72.46688575356245,33.96316795737505,,QuantData term-structure
2026-08-19T16:00:00-04:00,2026-08-21,2,280.0,call,0.016560370149648233,165.03334045410156,215.75,fixed_strike,106.4300537109375,101.32789611816406,104.76112365722656,120.97358703613281,115.15617370605469,16.21246337890625,6.4373016357421875,,,,106.4300537109375,92.50640869140625,-13.92364501953125,72.46688575356245,33.96316795737505,,QuantData term-structure
2026-08-19T16:00:00-04:00,2026-08-21,2,282.5,call,0.007573889054814664,154.1614532470703,215.75,fixed_strike,106.4300537109375,101.32789611816406,104.76112365722656,120.97358703613281,115.15617370605469,16.21246337890625,6.4373016357421875,,,,106.4300537109375,92.50640869140625,-13.92364501953125,72.46688575356245,33.96316795737505,,QuantData term-structure
2026-08-19T16:00:00-04:00,2026-08-21,2,285.0,call,0.015616687204252357,176.1913299560547,215.75,fixed_strike,106.4300537109375,101.32789611816406,104.76112365722656,120.97358703613281,115.15617370605469,16.21246337890625,6.4373016357421875,,,,106.4300537109375,92.50640869140625,-13.92364501953125,72.46688575356245,33.96316795737505,,QuantData term-structure
2026-08-19T16:00:00-04:00,2026-08-21,2,290.0,call,0.013167014236987106,186.1095428466797,215.75,fixed_strike,106.4300537109375,101.32789611816406,104.76112365722656,120.97358703613281,115.15617370605469,16.21246337890625,6.4373016357421875,,,,106.4300537109375,92.50640869140625,-13.92364501953125,72.46688575356245,33.96316795737505,,QuantData term-structure
2026-08-19T16:00:00-04:00,2026-08-21,2,290.0,put,-1.0,0.0476837158203125,215.75,fixed_strike,106.4300537109375,101.32789611816406,104.76112365722656,120.97358703613281,115.15617370605469,16.21246337890625,6.4373016357421875,,,,106.4300537109375,92.50640869140625,-13.92364501953125,72.46688575356245,33.96316795737505,,QuantData term-structure
2026-08-19T16:00:00-04:00,2026-08-21,2,295.0,call,0.014395564399788601,194.9787139892578,215.75,fixed_strike,106.4300537109375,101.32789611816406,104.76112365722656,120.97358703613281,115.15617370605469,16.21246337890625,6.4373016357421875,,,,106.4300537109375,92.50640869140625,-13.92364501953125,72.46688575356245,33.96316795737505,,QuantData term-structure
2026-08-19T16:00:00-04:00,2026-08-21,2,295.0,put,-0.9869152790724566,193.64356994628906,215.75,fixed_strike,106.4300537109375,101.32789611816406,104.76112365722656,120.97358703613281,115.15617370605469,16.21246337890625,6.4373016357421875,,,,106.4300537109375,92.50640869140625,-13.92364501953125,72.46688575356245,33.96316795737505,,QuantData term-structure
2026-08-19T16:00:00-04:00,2026-08-21,2,300.0,call,0.010275642012198988,185.3466033935547,215.75,fixed_strike,106.4300537109375,101.32789611816406,104.76112365722656,120.97358703613281,115.15617370605469,16.21246337890625,6.4373016357421875,,,,106.4300537109375,92.50640869140625,-13.92364501953125,72.46688575356245,33.96316795737505,,QuantData term-structure
2026-08-19T16:00:00-04:00,2026-08-21,2,305.0,call,0.009924163059933492,192.78526306152344,215.75,fixed_strike,106.4300537109375,101.32789611816406,104.76112365722656,120.97358703613281,115.15617370605469,16.21246337890625,6.4373016357421875,,,,106.4300537109375,92.50640869140625,-13.92364501953125,72.46688575356245,33.96316795737505,,QuantData term-structure
2026-08-19T16:00:00-04:00,2026-08-21,2,310.0,call,0.009356997228251895,202.41737365722656,215.75,fixed_strike,106.4300537109375,101.32789611816406,104.76112365722656,120.97358703613281,115.15617370605469,16.21246337890625,6.4373016357421875,,,,106.4300537109375,92.50640869140625,-13.92364501953125,72.46688575356245,33.96316795737505,,QuantData term-structure
2026-08-19T16:00:00-04:00,2026-08-21,2,315.0,call,0.012510358055893558,226.06849670410156,215.75,fixed_strike,106.4300537109375,101.32789611816406,104.76112365722656,120.97358703613281,115.15617370605469,16.21246337890625,6.4373016357421875,,,,106.4300537109375,92.50640869140625,-13.92364501953125,72.46688575356245,33.96316795737505,,QuantData term-structure
2026-08-19T16:00:00-04:00,2026-08-21,2,320.0,call,0.0058340318885373365,211.0004425048828,215.75,fixed_strike,106.4300537109375,101.32789611816406,104.76112365722656,120.97358703613281,115.15617370605469,16.21246337890625,6.4373016357421875,,,,106.4300537109375,92.50640869140625,-13.92364501953125,72.46688575356245,33.96316795737505,,QuantData term-structure
2026-08-19T16:00:00-04:00,2026-08-21,2,325.0,call,0.006382665992223615,223.77967834472656,215.75,fixed_strike,106.4300537109375,101.32789611816406,104.76112365722656,120.97358703613281,115.15617370605469,16.21246337890625,6.4373016357421875,,,,106.4300537109375,92.50640869140625,-13.92364501953125,72.46688575356245,33.96316795737505,,QuantData term-structure
2026-08-19T16:00:00-04:00,2026-08-21,2,330.0,call,0.008319944397936556,239.70603942871094,215.75,fixed_strike,106.4300537109375,101.32789611816406,104.76112365722656,120.97358703613281,115.15617370605469,16.21246337890625,6.4373016357421875,,,,106.4300537109375,92.50640869140625,-13.92364501953125,72.46688575356245,33.96316795737505,,QuantData term-structure
2026-08-19T16:00:00-04:00,2026-08-21,2,335.0,call,0.022349124871142344,278.61595153808594,215.75,fixed_strike,106.4300537109375,101.32789611816406,104.76112365722656,120.97358703613281,115.15617370605469,16.21246337890625,6.4373016357421875,,,,106.4300537109375,92.50640869140625,-13.92364501953125,72.46688575356245,33.96316795737505,,QuantData term-structure
2026-08-19T16:00:00-04:00,2026-08-21,2,340.0,call,0.005950696200460551,243.4253692626953,215.75,fixed_strike,106.4300537109375,101.32789611816406,104.76112365722656,120.97358703613281,115.15617370605469,16.21246337890625,6.4373016357421875,,,,106.4300537109375,92.50640869140625,-13.92364501953125,72.46688575356245,33.96316795737505,,QuantData term-structure
2026-08-19T16:00:00-04:00,2026-08-21,2,345.0,call,0.004423693861219249,238.56163024902344,215.75,fixed_strike,106.4300537109375,101.32789611816406,104.76112365722656,120.97358703613281,115.15617370605469,16.21246337890625,6.4373016357421875,,,,106.4300537109375,92.50640869140625,-13.92364501953125,72.46688575356245,33.96316795737505,,QuantData term-structure
2026-08-19T16:00:00-04:00,2026-08-21,2,350.0,call,0.0043214729236451385,245.42808532714844,215.75,fixed_strike,106.4300537109375,101.32789611816406,104.76112365722656,120.97358703613281,115.15617370605469,16.21246337890625,6.4373016357421875,,,,106.4300537109375,92.50640869140625,-13.92364501953125,72.46688575356245,33.96316795737505,,QuantData term-structure
2026-08-19T16:00:00-04:00,2026-08-21,2,355.0,call,0.004207454543921907,253.43894958496094,215.75,fixed_strike,106.4300537109375,101.32789611816406,104.76112365722656,120.97358703613281,115.15617370605469,16.21246337890625,6.4373016357421875,,,,106.4300537109375,92.50640869140625,-13.92364501953125,72.46688575356245,33.96316795737505,,QuantData term-structure
2026-08-19T16:00:00-04:00,2026-08-21,2,360.0,call,0.004120829060310315,258.77952575683594,215.75,fixed_strike,106.4300537109375,101.32789611816406,104.76112365722656,120.97358703613281,115.15617370605469,16.21246337890625,6.4373016357421875,,,,106.4300537109375,92.50640869140625,-13.92364501953125,72.46688575356245,33.96316795737505,,QuantData term-structure
2026-08-19T16:00:00-04:00,2026-08-21,2,365.0,call,0.004038692901750728,258.5887908935547,215.75,fixed_strike,106.4300537109375,101.32789611816406,104.76112365722656,120.97358703613281,115.15617370605469,16.21246337890625,6.4373016357421875,,,,106.4300537109375,92.50640869140625,-13.92364501953125,72.46688575356245,33.96316795737505,,QuantData term-structure
2026-08-19T16:00:00-04:00,2026-08-21,2,370.0,call,0.003986464468683234,260.9729766845703,215.75,fixed_strike,106.4300537109375,101.32789611816406,104.76112365722656,120.97358703613281,115.15617370605469,16.21246337890625,6.4373016357421875,,,,106.4300537109375,92.50640869140625,-13.92364501953125,72.46688575356245,33.96316795737505,,QuantData term-structure
2026-08-19T16:00:00-04:00,2026-08-21,2,375.0,call,0.003883253523983166,270.4143524169922,215.75,fixed_strike,106.4300537109375,101.32789611816406,104.76112365722656,120.97358703613281,115.15617370605469,16.21246337890625,6.4373016357421875,,,,106.4300537109375,92.50640869140625,-13.92364501953125,72.46688575356245,33.96316795737505,,QuantData term-structure
2026-08-19T16:00:00-04:00,2026-08-21,2,380.0,call,0.003842178077380849,281.5723419189453,215.75,fixed_strike,106.4300537109375,101.32789611816406,104.76112365722656,120.97358703613281,115.15617370605469,16.21246337890625,6.4373016357421875,,,,106.4300537109375,92.50640869140625,-13.92364501953125,72.46688575356245,33.96316795737505,,QuantData term-structure
2026-08-19T16:00:00-04:00,2026-08-21,2,385.0,call,0.0037709329912622483,276.1363983154297,215.75,fixed_strike,106.4300537109375,101.32789611816406,104.76112365722656,120.97358703613281,115.15617370605469,16.21246337890625,6.4373016357421875,,,,106.4300537109375,92.50640869140625,-13.92364501953125,72.46688575356245,33.96316795737505,,QuantData term-structure
2026-08-19T16:00:00-04:00,2026-08-21,2,390.0,call,0.00371312165736867,292.2534942626953,215.75,fixed_strike,106.4300537109375,101.32789611816406,104.76112365722656,120.97358703613281,115.15617370605469,16.21246337890625,6.4373016357421875,,,,106.4300537109375,92.50640869140625,-13.92364501953125,72.46688575356245,33.96316795737505,,QuantData term-structure
2026-08-19T16:00:00-04:00,2026-08-21,2,390.0,put,-0.9931017427776847,310.8501434326172,215.75,fixed_strike,106.4300537109375,101.32789611816406,104.76112365722656,120.97358703613281,115.15617370605469,16.21246337890625,6.4373016357421875,,,,106.4300537109375,92.50640869140625,-13.92364501953125,72.46688575356245,33.96316795737505,,QuantData term-structure
2026-08-19T16:00:00-04:00,2026-08-21,2,395.0,call,0.003646450768950378,297.4987030029297,215.75,fixed_strike,106.4300537109375,101.32789611816406,104.76112365722656,120.97358703613281,115.15617370605469,16.21246337890625,6.4373016357421875,,,,106.4300537109375,92.50640869140625,-13.92364501953125,72.46688575356245,33.96316795737505,,QuantData term-structure
2026-08-19T16:00:00-04:00,2026-08-28,9,105.0,put,-0.0028072881616527457,164.7472381591797,215.75,fixed_strike,96.13037109375,91.21894836425781,91.02821350097656,104.28428649902344,115.72837829589844,13.256072998046875,1.52587890625,,,,106.4300537109375,92.50640869140625,-13.92364501953125,72.46688575356245,23.66348534018755,,QuantData term-structure
2026-08-19T16:00:00-04:00,2026-08-28,9,120.0,put,-0.0034136261016601615,136.2323760986328,215.75,fixed_strike,96.13037109375,91.21894836425781,91.02821350097656,104.28428649902344,115.72837829589844,13.256072998046875,1.52587890625,,,,106.4300537109375,92.50640869140625,-13.92364501953125,72.46688575356245,23.66348534018755,,QuantData term-structure
2026-08-19T16:00:00-04:00,2026-08-28,9,135.0,put,-0.010923884364255617,116.49131774902344,215.75,fixed_strike,96.13037109375,91.21894836425781,91.02821350097656,104.28428649902344,115.72837829589844,13.256072998046875,1.52587890625,,,,106.4300537109375,92.50640869140625,-13.92364501953125,72.46688575356245,23.66348534018755,,QuantData term-structure
2026-08-19T16:00:00-04:00,2026-08-28,9,145.0,put,-0.009736103785737837,103.80744934082031,215.75,fixed_strike,96.13037109375,91.21894836425781,91.02821350097656,104.28428649902344,115.72837829589844,13.256072998046875,1.52587890625,,,,106.4300537109375,92.50640869140625,-13.92364501953125,72.46688575356245,23.66348534018755,,QuantData term-structure
2026-08-19T16:00:00-04:00,2026-08-28,9,150.0,put,-0.010318263804562959,96.65489196777344,215.75,fixed_strike,96.13037109375,91.21894836425781,91.02821350097656,104.28428649902344,115.72837829589844,13.256072998046875,1.52587890625,,,,106.4300537109375,92.50640869140625,-13.92364501953125,72.46688575356245,23.66348534018755,,QuantData term-structure
2026-08-19T16:00:00-04:00,2026-08-28,9,155.0,put,-0.017955262743804223,96.46415710449219,215.75,fixed_strike,96.13037109375,91.21894836425781,91.02821350097656,104.28428649902344,115.72837829589844,13.256072998046875,1.52587890625,,,,106.4300537109375,92.50640869140625,-13.92364501953125,72.46688575356245,23.66348534018755,,QuantData term-structure
2026-08-19T16:00:00-04:00,2026-08-28,9,160.0,put,-0.025877340221349986,90.83747863769531,215.75,fixed_strike,96.13037109375,91.21894836425781,91.02821350097656,104.28428649902344,115.72837829589844,13.256072998046875,1.52587890625,,,,106.4300537109375,92.50640869140625,-13.92364501953125,72.46688575356245,23.66348534018755,,QuantData term-structure
2026-08-19T16:00:00-04:00,2026-08-28,9,162.5,put,-0.03583560043044563,94.07997131347656,215.75,fixed_strike,96.13037109375,91.21894836425781,91.02821350097656,104.28428649902344,115.72837829589844,13.256072998046875,1.52587890625,,,,106.4300537109375,92.50640869140625,-13.92364501953125,72.46688575356245,23.66348534018755,,QuantData term-structure
2026-08-19T16:00:00-04:00,2026-08-28,9,165.0,call,0.9721779049618652,83.11271667480469,215.75,fixed_strike,96.13037109375,91.21894836425781,91.02821350097656,104.28428649902344,115.72837829589844,13.256072998046875,1.52587890625,,,,106.4300537109375,92.50640869140625,-13.92364501953125,72.46688575356245,23.66348534018755,,QuantData term-structure
2026-08-19T16:00:00-04:00,2026-08-28,9,165.0,put,-0.03780052284411986,89.31159973144531,215.75,fixed_strike,96.13037109375,91.21894836425781,91.02821350097656,104.28428649902344,115.72837829589844,13.256072998046875,1.52587890625,,,,106.4300537109375,92.50640869140625,-13.92364501953125,72.46688575356245,23.66348534018755,,QuantData term-structure
2026-08-19T16:00:00-04:00,2026-08-28,9,170.0,put,-0.0440626414099039,91.50505065917969,215.75,fixed_strike,96.13037109375,91.21894836425781,91.02821350097656,104.28428649902344,115.72837829589844,13.256072998046875,1.52587890625,,,,106.4300537109375,92.50640869140625,-13.92364501953125,72.46688575356245,23.66348534018755,,QuantData term-structure
2026-08-19T16:00:00-04:00,2026-08-28,9,172.5,put,-0.08809415407303872,90.45600891113281,215.75,fixed_strike,96.13037109375,91.21894836425781,91.02821350097656,104.28428649902344,115.72837829589844,13.256072998046875,1.52587890625,,,,106.4300537109375,92.50640869140625,-13.92364501953125,72.46688575356245,23.66348534018755,,QuantData term-structure
2026-08-19T16:00:00-04:00,2026-08-28,9,175.0,call,0.8822871600504811,89.69306945800781,215.75,fixed_strike,96.13037109375,91.21894836425781,91.02821350097656,104.28428649902344,115.72837829589844,13.256072998046875,1.52587890625,,,,106.4300537109375,92.50640869140625,-13.92364501953125,72.46688575356245,23.66348534018755,,QuantData term-structure
2026-08-19T16:00:00-04:00,2026-08-28,9,175.0,put,-0.07121319657732333,88.45329284667969,215.75,fixed_strike,96.13037109375,91.21894836425781,91.02821350097656,104.28428649902344,115.72837829589844,13.256072998046875,1.52587890625,,,,106.4300537109375,92.50640869140625,-13.92364501953125,72.46688575356245,23.66348534018755,,QuantData term-structure
2026-08-19T16:00:00-04:00,2026-08-28,9,177.5,call,0.8951644572824335,90.26527404785156,215.75,fixed_strike,96.13037109375,91.21894836425781,91.02821350097656,104.28428649902344,115.72837829589844,13.256072998046875,1.52587890625,,,,106.4300537109375,92.50640869140625,-13.92364501953125,72.46688575356245,23.66348534018755,,QuantData term-structure
2026-08-19T16:00:00-04:00,2026-08-28,9,177.5,put,-0.08511985586622911,86.92741394042969,215.75,fixed_strike,96.13037109375,91.21894836425781,91.02821350097656,104.28428649902344,115.72837829589844,13.256072998046875,1.52587890625,,,,106.4300537109375,92.50640869140625,-13.92364501953125,72.46688575356245,23.66348534018755,,QuantData term-structure
2026-08-19T16:00:00-04:00,2026-08-28,9,180.0,call,0.8878349188869663,88.64402770996094,215.75,fixed_strike,96.13037109375,91.21894836425781,91.02821350097656,104.28428649902344,115.72837829589844,13.256072998046875,1.52587890625,,,,106.4300537109375,92.50640869140625,-13.92364501953125,72.46688575356245,23.66348534018755,,QuantData term-structure
2026-08-19T16:00:00-04:00,2026-08-28,9,180.0,put,-0.09171436978403136,91.21894836425781,215.75,fixed_strike,96.13037109375,91.21894836425781,91.02821350097656,104.28428649902344,115.72837829589844,13.256072998046875,1.52587890625,,,,106.4300537109375,92.50640869140625,-13.92364501953125,72.46688575356245,23.66348534018755,,QuantData term-structure
2026-08-19T16:00:00-04:00,2026-08-28,9,182.5,put,-0.1485734116627367,88.26255798339844,215.75,fixed_strike,96.13037109375,91.21894836425781,91.02821350097656,104.28428649902344,115.72837829589844,13.256072998046875,1.52587890625,,,,106.4300537109375,92.50640869140625,-13.92364501953125,72.46688575356245,23.66348534018755,,QuantData term-structure
2026-08-19T16:00:00-04:00,2026-08-28,9,185.0,put,-0.1296200066345346,90.07453918457031,215.75,fixed_strike,96.13037109375,91.21894836425781,91.02821350097656,104.28428649902344,115.72837829589844,13.256072998046875,1.52587890625,,,,106.4300537109375,92.50640869140625,-13.92364501953125,72.46688575356245,23.66348534018755,,QuantData term-structure
2026-08-19T16:00:00-04:00,2026-08-28,9,187.5,put,-0.18816693591229672,90.64674377441406,215.75,fixed_strike,96.13037109375,91.21894836425781,91.02821350097656,104.28428649902344,115.72837829589844,13.256072998046875,1.52587890625,,,,106.4300537109375,92.50640869140625,-13.92364501953125,72.46688575356245,23.66348534018755,,QuantData term-structure
2026-08-19T16:00:00-04:00,2026-08-28,9,190.0,call,0.7872157404969996,91.79115295410156,215.75,fixed_strike,96.13037109375,91.21894836425781,91.02821350097656,104.28428649902344,115.72837829589844,13.256072998046875,1.52587890625,,,,106.4300537109375,92.50640869140625,-13.92364501953125,72.46688575356245,23.66348534018755,,QuantData term-structure
2026-08-19T16:00:00-04:00,2026-08-28,9,190.0,put,-0.16991648949926308,91.21894836425781,215.75,fixed_strike,96.13037109375,91.21894836425781,91.02821350097656,104.28428649902344,115.72837829589844,13.256072998046875,1.52587890625,,,,106.4300537109375,92.50640869140625,-13.92364501953125,72.46688575356245,23.66348534018755,,QuantData term-structure
2026-08-19T16:00:00-04:00,2026-08-28,9,192.5,put,-0.23769402864754569,91.02821350097656,215.75,fixed_strike,96.13037109375,91.21894836425781,91.02821350097656,104.28428649902344,115.72837829589844,13.256072998046875,1.52587890625,,,,106.4300537109375,92.50640869140625,-13.92364501953125,72.46688575356245,23.66348534018755,,QuantData term-structure
2026-08-19T16:00:00-04:00,2026-08-28,9,195.0,call,0.8007544716461005,77.39067077636719,215.75,fixed_strike,96.13037109375,91.21894836425781,91.02821350097656,104.28428649902344,115.72837829589844,13.256072998046875,1.52587890625,,,,106.4300537109375,92.50640869140625,-13.92364501953125,72.46688575356245,23.66348534018755,,QuantData term-structure
2026-08-19T16:00:00-04:00,2026-08-28,9,195.0,put,-0.22892916499536403,93.03092956542969,215.75,fixed_strike,96.13037109375,91.21894836425781,91.02821350097656,104.28428649902344,115.72837829589844,13.256072998046875,1.52587890625,,,,106.4300537109375,92.50640869140625,-13.92364501953125,72.46688575356245,23.66348534018755,,QuantData term-structure
2026-08-19T16:00:00-04:00,2026-08-28,9,197.5,put,-0.34046559135752597,97.70393371582031,215.75,fixed_strike,96.13037109375,91.21894836425781,91.02821350097656,104.28428649902344,115.72837829589844,13.256072998046875,1.52587890625,,,,106.4300537109375,92.50640869140625,-13.92364501953125,72.46688575356245,23.66348534018755,,QuantData term-structure
2026-08-19T16:00:00-04:00,2026-08-28,9,200.0,call,0.649861191185892,91.50505065917969,215.75,fixed_strike,96.13037109375,91.21894836425781,91.02821350097656,104.28428649902344,115.72837829589844,13.256072998046875,1.52587890625,,,,106.4300537109375,92.50640869140625,-13.92364501953125,72.46688575356245,23.66348534018755,,QuantData term-structure
2026-08-19T16:00:00-04:00,2026-08-28,9,200.0,put,-0.31792297783869683,93.50776672363281,215.75,fixed_strike,96.13037109375,91.21894836425781,91.02821350097656,104.28428649902344,115.72837829589844,13.256072998046875,1.52587890625,,,,106.4300537109375,92.50640869140625,-13.92364501953125,72.46688575356245,23.66348534018755,,QuantData term-structure
2026-08-19T16:00:00-04:00,2026-08-28,9,202.5,call,0.6582344573479519,94.65217590332031,215.75,fixed_strike,96.13037109375,91.21894836425781,91.02821350097656,104.28428649902344,115.72837829589844,13.256072998046875,1.52587890625,,,,106.4300537109375,92.50640869140625,-13.92364501953125,72.46688575356245,23.66348534018755,,QuantData term-structure
2026-08-19T16:00:00-04:00,2026-08-28,9,202.5,put,-0.34756305172906876,92.26799011230469,215.75,fixed_strike,96.13037109375,91.21894836425781,91.02821350097656,104.28428649902344,115.72837829589844,13.256072998046875,1.52587890625,,,,106.4300537109375,92.50640869140625,-13.92364501953125,72.46688575356245,23.66348534018755,,QuantData term-structure
2026-08-19T16:00:00-04:00,2026-08-28,9,205.0,call,0.5885659320212124,94.93827819824219,215.75,fixed_strike,96.13037109375,91.21894836425781,91.02821350097656,104.28428649902344,115.72837829589844,13.256072998046875,1.52587890625,,,,106.4300537109375,92.50640869140625,-13.92364501953125,72.46688575356245,23.66348534018755,,QuantData term-structure
2026-08-19T16:00:00-04:00,2026-08-28,9,205.0,put,-0.39122405005030564,90.83747863769531,215.75,fixed_strike,96.13037109375,91.21894836425781,91.02821350097656,104.28428649902344,115.72837829589844,13.256072998046875,1.52587890625,,,,106.4300537109375,92.50640869140625,-13.92364501953125,72.46688575356245,23.66348534018755,,QuantData term-structure
2026-08-19T16:00:00-04:00,2026-08-28,9,207.5,call,0.549441689775374,100.37422180175781,215.75,fixed_strike,96.13037109375,91.21894836425781,91.02821350097656,104.28428649902344,115.72837829589844,13.256072998046875,1.52587890625,,,,106.4300537109375,92.50640869140625,-13.92364501953125,72.46688575356245,23.66348534018755,,QuantData term-structure
2026-08-19T16:00:00-04:00,2026-08-28,9,207.5,put,-0.3712956355736735,95.12901306152344,215.75,fixed_strike,96.13037109375,91.21894836425781,91.02821350097656,104.28428649902344,115.72837829589844,13.256072998046875,1.52587890625,,,,106.4300537109375,92.50640869140625,-13.92364501953125,72.46688575356245,23.66348534018755,,QuantData term-structure
2026-08-19T16:00:00-04:00,2026-08-28,9,210.0,call,0.571653114575901,95.41511535644531,215.75,fixed_strike,96.13037109375,91.21894836425781,91.02821350097656,104.28428649902344,115.72837829589844,13.256072998046875,1.52587890625,,,,106.4300537109375,92.50640869140625,-13.92364501953125,72.46688575356245,23.66348534018755,,QuantData term-structure
2026-08-19T16:00:00-04:00,2026-08-28,9,210.0,put,-0.411030461717067,102.09083557128906,215.75,fixed_strike,96.13037109375,91.21894836425781,91.02821350097656,104.28428649902344,115.72837829589844,13.256072998046875,1.52587890625,,,,106.4300537109375,92.50640869140625,-13.92364501953125,72.46688575356245,23.66348534018755,,QuantData term-structure
2026-08-19T16:00:00-04:00,2026-08-28,9,212.5,call,0.5715869723634549,98.56224060058594,215.75,fixed_strike,96.13037109375,91.21894836425781,91.02821350097656,104.28428649902344,115.72837829589844,13.256072998046875,1.52587890625,,,,106.4300537109375,92.50640869140625,-13.92364501953125,72.46688575356245,23.66348534018755,,QuantData term-structure
2026-08-19T16:00:00-04:00,2026-08-28,9,212.5,put,-0.4940396677799316,97.41783142089844,215.75,fixed_strike,96.13037109375,91.21894836425781,91.02821350097656,104.28428649902344,115.72837829589844,13.256072998046875,1.52587890625,,,,106.4300537109375,92.50640869140625,-13.92364501953125,72.46688575356245,23.66348534018755,,QuantData term-structure
2026-08-19T16:00:00-04:00,2026-08-28,9,215.0,call,0.540382563531048,98.46687316894531,215.75,fixed_strike,96.13037109375,91.21894836425781,91.02821350097656,104.28428649902344,115.72837829589844,13.256072998046875,1.52587890625,,,,106.4300537109375,92.50640869140625,-13.92364501953125,72.46688575356245,23.66348534018755,,QuantData term-structure
2026-08-19T16:00:00-04:00,2026-08-28,9,215.0,put,-0.5223540543719442,93.79386901855469,215.75,fixed_strike,96.13037109375,91.21894836425781,91.02821350097656,104.28428649902344,115.72837829589844,13.256072998046875,1.52587890625,,,,106.4300537109375,92.50640869140625,-13.92364501953125,72.46688575356245,23.66348534018755,,QuantData term-structure
2026-08-19T16:00:00-04:00,2026-08-28,9,217.5,call,0.4818992493380339,99.03907775878906,215.75,fixed_strike,96.13037109375,91.21894836425781,91.02821350097656,104.28428649902344,115.72837829589844,13.256072998046875,1.52587890625,,,,106.4300537109375,92.50640869140625,-13.92364501953125,72.46688575356245,23.66348534018755,,QuantData term-structure
2026-08-19T16:00:00-04:00,2026-08-28,9,217.5,put,-0.5413191743220331,103.13987731933594,215.75,fixed_strike,96.13037109375,91.21894836425781,91.02821350097656,104.28428649902344,115.72837829589844,13.256072998046875,1.52587890625,,,,106.4300537109375,92.50640869140625,-13.92364501953125,72.46688575356245,23.66348534018755,,QuantData term-structure
2026-08-19T16:00:00-04:00,2026-08-28,9,220.0,call,0.48362624896020084,98.08540344238281,215.75,fixed_strike,96.13037109375,91.21894836425781,91.02821350097656,104.28428649902344,115.72837829589844,13.256072998046875,1.52587890625,,,,106.4300537109375,92.50640869140625,-13.92364501953125,72.46688575356245,23.66348534018755,,QuantData term-structure
2026-08-19T16:00:00-04:00,2026-08-28,9,220.0,put,-0.5167887722520255,102.37693786621094,215.75,fixed_strike,96.13037109375,91.21894836425781,91.02821350097656,104.28428649902344,115.72837829589844,13.256072998046875,1.52587890625,,,,106.4300537109375,92.50640869140625,-13.92364501953125,72.46688575356245,23.66348534018755,,QuantData term-structure
2026-08-19T16:00:00-04:00,2026-08-28,9,222.5,call,0.3799819782308893,97.99003601074219,215.75,fixed_strike,96.13037109375,91.21894836425781,91.02821350097656,104.28428649902344,115.72837829589844,13.256072998046875,1.52587890625,,,,106.4300537109375,92.50640869140625,-13.92364501953125,72.46688575356245,23.66348534018755,,QuantData term-structure
2026-08-19T16:00:00-04:00,2026-08-28,9,222.5,put,-0.6079618720138733,100.56495666503906,215.75,fixed_strike,96.13037109375,91.21894836425781,91.02821350097656,104.28428649902344,115.72837829589844,13.256072998046875,1.52587890625,,,,106.4300537109375,92.50640869140625,-13.92364501953125,72.46688575356245,23.66348534018755,,QuantData term-structure
2026-08-19T16:00:00-04:00,2026-08-28,9,225.0,call,0.4283581458815779,100.18348693847656,215.75,fixed_strike,96.13037109375,91.21894836425781,91.02821350097656,104.28428649902344,115.72837829589844,13.256072998046875,1.52587890625,,,,106.4300537109375,92.50640869140625,-13.92364501953125,72.46688575356245,23.66348534018755,,QuantData term-structure
2026-08-19T16:00:00-04:00,2026-08-28,9,225.0,put,-0.6292545101390037,110.96000671386719,215.75,fixed_strike,96.13037109375,91.21894836425781,91.02821350097656,104.28428649902344,115.72837829589844,13.256072998046875,1.52587890625,,,,106.4300537109375,92.50640869140625,-13.92364501953125,72.46688575356245,23.66348534018755,,QuantData term-structure
2026-08-19T16:00:00-04:00,2026-08-28,9,227.5,call,0.34004505715662214,99.13444519042969,215.75,fixed_strike,96.13037109375,91.21894836425781,91.02821350097656,104.28428649902344,115.72837829589844,13.256072998046875,1.52587890625,,,,106.4300537109375,92.50640869140625,-13.92364501953125,72.46688575356245,23.66348534018755,,QuantData term-structure
2026-08-19T16:00:00-04:00,2026-08-28,9,227.5,put,-0.6677138715264824,97.22709655761719,215.75,fixed_strike,96.13037109375,91.21894836425781,91.02821350097656,104.28428649902344,115.72837829589844,13.256072998046875,1.52587890625,,,,106.4300537109375,92.50640869140625,-13.92364501953125,72.46688575356245,23.66348534018755,,QuantData term-structure
2026-08-19T16:00:00-04:00,2026-08-28,9,230.0,call,0.37537047684409175,101.32789611816406,215.75,fixed_strike,96.13037109375,91.21894836425781,91.02821350097656,104.28428649902344,115.72837829589844,13.256072998046875,1.52587890625,,,,106.4300537109375,92.50640869140625,-13.92364501953125,72.46688575356245,23.66348534018755,,QuantData term-structure
2026-08-19T16:00:00-04:00,2026-08-28,9,230.0,put,-0.65296722658699,105.04722595214844,215.75,fixed_strike,96.13037109375,91.21894836425781,91.02821350097656,104.28428649902344,115.72837829589844,13.256072998046875,1.52587890625,,,,106.4300537109375,92.50640869140625,-13.92364501953125,72.46688575356245,23.66348534018755,,QuantData term-structure
2026-08-19T16:00:00-04:00,2026-08-28,9,232.5,call,0.2934055004189685,102.37693786621094,215.75,fixed_strike,96.13037109375,91.21894836425781,91.02821350097656,104.28428649902344,115.72837829589844,13.256072998046875,1.52587890625,,,,106.4300537109375,92.50640869140625,-13.92364501953125,72.46688575356245,23.66348534018755,,QuantData term-structure
2026-08-19T16:00:00-04:00,2026-08-28,9,232.5,put,-0.7072768063031574,101.51863098144531,215.75,fixed_strike,96.13037109375,91.21894836425781,91.02821350097656,104.28428649902344,115.72837829589844,13.256072998046875,1.52587890625,,,,106.4300537109375,92.50640869140625,-13.92364501953125,72.46688575356245,23.66348534018755,,QuantData term-structure
2026-08-19T16:00:00-04:00,2026-08-28,9,235.0,call,0.3151734750270321,102.75840759277344,215.75,fixed_strike,96.13037109375,91.21894836425781,91.02821350097656,104.28428649902344,115.72837829589844,13.256072998046875,1.52587890625,,,,106.4300537109375,92.50640869140625,-13.92364501953125,72.46688575356245,23.66348534018755,,QuantData term-structure
2026-08-19T16:00:00-04:00,2026-08-28,9,235.0,put,-0.7277360891367417,102.28157043457031,215.75,fixed_strike,96.13037109375,91.21894836425781,91.02821350097656,104.28428649902344,115.72837829589844,13.256072998046875,1.52587890625,,,,106.4300537109375,92.50640869140625,-13.92364501953125,72.46688575356245,23.66348534018755,,QuantData term-structure
2026-08-19T16:00:00-04:00,2026-08-28,9,237.5,call,0.24943341361743304,104.28428649902344,215.75,fixed_strike,96.13037109375,91.21894836425781,91.02821350097656,104.28428649902344,115.72837829589844,13.256072998046875,1.52587890625,,,,106.4300537109375,92.50640869140625,-13.92364501953125,72.46688575356245,23.66348534018755,,QuantData term-structure
2026-08-19T16:00:00-04:00,2026-08-28,9,237.5,put,-0.7357675083945654,104.57038879394531,215.75,fixed_strike,96.13037109375,91.21894836425781,91.02821350097656,104.28428649902344,115.72837829589844,13.256072998046875,1.52587890625,,,,106.4300537109375,92.50640869140625,-13.92364501953125,72.46688575356245,23.66348534018755,,QuantData term-structure
2026-08-19T16:00:00-04:00,2026-08-28,9,240.0,call,0.28090959486546296,102.75840759277344,215.75,fixed_strike,96.13037109375,91.21894836425781,91.02821350097656,104.28428649902344,115.72837829589844,13.256072998046875,1.52587890625,,,,106.4300537109375,92.50640869140625,-13.92364501953125,72.46688575356245,23.66348534018755,,QuantData term-structure
2026-08-19T16:00:00-04:00,2026-08-28,9,240.0,put,-0.7307324450325186,110.29243469238281,215.75,fixed_strike,96.13037109375,91.21894836425781,91.02821350097656,104.28428649902344,115.72837829589844,13.256072998046875,1.52587890625,,,,106.4300537109375,92.50640869140625,-13.92364501953125,72.46688575356245,23.66348534018755,,QuantData term-structure
2026-08-19T16:00:00-04:00,2026-08-28,9,245.0,call,0.2458140750892419,105.14259338378906,215.75,fixed_strike,96.13037109375,91.21894836425781,91.02821350097656,104.28428649902344,115.72837829589844,13.256072998046875,1.52587890625,,,,106.4300537109375,92.50640869140625,-13.92364501953125,72.46688575356245,23.66348534018755,,QuantData term-structure
2026-08-19T16:00:00-04:00,2026-08-28,9,245.0,put,-0.7745461238788836,109.33876037597656,215.75,fixed_strike,96.13037109375,91.21894836425781,91.02821350097656,104.28428649902344,115.72837829589844,13.256072998046875,1.52587890625,,,,106.4300537109375,92.50640869140625,-13.92364501953125,72.46688575356245,23.66348534018755,,QuantData term-structure
2026-08-19T16:00:00-04:00,2026-08-28,9,247.5,call,0.2018315271985877,106.09626770019531,215.75,fixed_strike,96.13037109375,91.21894836425781,91.02821350097656,104.28428649902344,115.72837829589844,13.256072998046875,1.52587890625,,,,106.4300537109375,92.50640869140625,-13.92364501953125,72.46688575356245,23.66348534018755,,QuantData term-structure
2026-08-19T16:00:00-04:00,2026-08-28,9,250.0,call,0.21362478843345606,105.81016540527344,215.75,fixed_strike,96.13037109375,91.21894836425781,91.02821350097656,104.28428649902344,115.72837829589844,13.256072998046875,1.52587890625,,,,106.4300537109375,92.50640869140625,-13.92364501953125,72.46688575356245,23.66348534018755,,QuantData term-structure
2026-08-19T16:00:00-04:00,2026-08-28,9,250.0,put,-0.8133553645404767,112.00904846191406,215.75,fixed_strike,96.13037109375,91.21894836425781,91.02821350097656,104.28428649902344,115.72837829589844,13.256072998046875,1.52587890625,,,,106.4300537109375,92.50640869140625,-13.92364501953125,72.46688575356245,23.66348534018755,,QuantData term-structure
2026-08-19T16:00:00-04:00,2026-08-28,9,252.5,call,0.16974111255383145,107.04994201660156,215.75,fixed_strike,96.13037109375,91.21894836425781,91.02821350097656,104.28428649902344,115.72837829589844,13.256072998046875,1.52587890625,,,,106.4300537109375,92.50640869140625,-13.92364501953125,72.46688575356245,23.66348534018755,,QuantData term-structure
2026-08-19T16:00:00-04:00,2026-08-28,9,255.0,call,0.15187521408292054,109.24339294433594,215.75,fixed_strike,96.13037109375,91.21894836425781,91.02821350097656,104.28428649902344,115.72837829589844,13.256072998046875,1.52587890625,,,,106.4300537109375,92.50640869140625,-13.92364501953125,72.46688575356245,23.66348534018755,,QuantData term-structure
2026-08-19T16:00:00-04:00,2026-08-28,9,260.0,call,0.14698158656491622,109.72023010253906,215.75,fixed_strike,96.13037109375,91.21894836425781,91.02821350097656,104.28428649902344,115.72837829589844,13.256072998046875,1.52587890625,,,,106.4300537109375,92.50640869140625,-13.92364501953125,72.46688575356245,23.66348534018755,,QuantData term-structure
2026-08-19T16:00:00-04:00,2026-08-28,9,262.5,call,0.14393825468142335,110.10169982910156,215.75,fixed_strike,96.13037109375,91.21894836425781,91.02821350097656,104.28428649902344,115.72837829589844,13.256072998046875,1.52587890625,,,,106.4300537109375,92.50640869140625,-13.92364501953125,72.46688575356245,23.66348534018755,,QuantData term-structure
2026-08-19T16:00:00-04:00,2026-08-28,9,265.0,call,0.1181941543219529,111.43684387207031,215.75,fixed_strike,96.13037109375,91.21894836425781,91.02821350097656,104.28428649902344,115.72837829589844,13.256072998046875,1.52587890625,,,,106.4300537109375,92.50640869140625,-13.92364501953125,72.46688575356245,23.66348534018755,,QuantData term-structure
2026-08-19T16:00:00-04:00,2026-08-28,9,267.5,call,0.10992741600272932,115.63301086425781,215.75,fixed_strike,96.13037109375,91.21894836425781,91.02821350097656,104.28428649902344,115.72837829589844,13.256072998046875,1.52587890625,,,,106.4300537109375,92.50640869140625,-13.92364501953125,72.46688575356245,23.66348534018755,,QuantData term-structure
2026-08-19T16:00:00-04:00,2026-08-28,9,270.0,call,0.12168266853204385,113.82102966308594,215.75,fixed_strike,96.13037109375,91.21894836425781,91.02821350097656,104.28428649902344,115.72837829589844,13.256072998046875,1.52587890625,,,,106.4300537109375,92.50640869140625,-13.92364501953125,72.46688575356245,23.66348534018755,,QuantData term-structure
2026-08-19T16:00:00-04:00,2026-08-28,9,270.0,put,-0.8505476590631695,145.0061798095703,215.75,fixed_strike,96.13037109375,91.21894836425781,91.02821350097656,104.28428649902344,115.72837829589844,13.256072998046875,1.52587890625,,,,106.4300537109375,92.50640869140625,-13.92364501953125,72.46688575356245,23.66348534018755,,QuantData term-structure
2026-08-19T16:00:00-04:00,2026-08-28,9,272.5,call,0.10997219988514972,124.78828430175781,215.75,fixed_strike,96.13037109375,91.21894836425781,91.02821350097656,104.28428649902344,115.72837829589844,13.256072998046875,1.52587890625,,,,106.4300537109375,92.50640869140625,-13.92364501953125,72.46688575356245,23.66348534018755,,QuantData term-structure
2026-08-19T16:00:00-04:00,2026-08-28,9,275.0,call,0.1082075029205396,115.72837829589844,215.75,fixed_strike,96.13037109375,91.21894836425781,91.02821350097656,104.28428649902344,115.72837829589844,13.256072998046875,1.52587890625,,,,106.4300537109375,92.50640869140625,-13.92364501953125,72.46688575356245,23.66348534018755,,QuantData term-structure
2026-08-19T16:00:00-04:00,2026-08-28,9,280.0,call,0.0752155738714172,120.30601501464844,215.75,fixed_strike,96.13037109375,91.21894836425781,91.02821350097656,104.28428649902344,115.72837829589844,13.256072998046875,1.52587890625,,,,106.4300537109375,92.50640869140625,-13.92364501953125,72.46688575356245,23.66348534018755,,QuantData term-structure
2026-08-19T16:00:00-04:00,2026-08-28,9,285.0,call,0.06333703597201557,116.58668518066406,215.75,fixed_strike,96.13037109375,91.21894836425781,91.02821350097656,104.28428649902344,115.72837829589844,13.256072998046875,1.52587890625,,,,106.4300537109375,92.50640869140625,-13.92364501953125,72.46688575356245,23.66348534018755,,QuantData term-structure
2026-08-19T16:00:00-04:00,2026-08-28,9,290.0,call,0.05624401839472748,119.63844299316406,215.75,fixed_strike,96.13037109375,91.21894836425781,91.02821350097656,104.28428649902344,115.72837829589844,13.256072998046875,1.52587890625,,,,106.4300537109375,92.50640869140625,-13.92364501953125,72.46688575356245,23.66348534018755,,QuantData term-structure
2026-08-19T16:00:00-04:00,2026-08-28,9,295.0,call,0.05382418187565369,122.78556823730469,215.75,fixed_strike,96.13037109375,91.21894836425781,91.02821350097656,104.28428649902344,115.72837829589844,13.256072998046875,1.52587890625,,,,106.4300537109375,92.50640869140625,-13.92364501953125,72.46688575356245,23.66348534018755,,QuantData term-structure
2026-08-19T16:00:00-04:00,2026-08-28,9,300.0,call,0.05725560259387941,124.40681457519531,215.75,fixed_strike,96.13037109375,91.21894836425781,91.02821350097656,104.28428649902344,115.72837829589844,13.256072998046875,1.52587890625,,,,106.4300537109375,92.50640869140625,-13.92364501953125,72.46688575356245,23.66348534018755,,QuantData term-structure
2026-08-19T16:00:00-04:00,2026-08-28,9,305.0,call,0.0436298827665586,128.6029815673828,215.75,fixed_strike,96.13037109375,91.21894836425781,91.02821350097656,104.28428649902344,115.72837829589844,13.256072998046875,1.52587890625,,,,106.4300537109375,92.50640869140625,-13.92364501953125,72.46688575356245,23.66348534018755,,QuantData term-structure
2026-08-19T16:00:00-04:00,2026-08-28,9,310.0,call,0.035084517581709475,127.45857238769531,215.75,fixed_strike,96.13037109375,91.21894836425781,91.02821350097656,104.28428649902344,115.72837829589844,13.256072998046875,1.52587890625,,,,106.4300537109375,92.50640869140625,-13.92364501953125,72.46688575356245,23.66348534018755,,QuantData term-structure
2026-08-19T16:00:00-04:00,2026-08-28,9,320.0,call,0.02624899538361099,129.3659210205078,215.75,fixed_strike,96.13037109375,91.21894836425781,91.02821350097656,104.28428649902344,115.72837829589844,13.256072998046875,1.52587890625,,,,106.4300537109375,92.50640869140625,-13.92364501953125,72.46688575356245,23.66348534018755,,QuantData term-structure
2026-08-19T16:00:00-04:00,2026-08-28,9,330.0,call,0.02369493705090231,133.75282287597656,215.75,fixed_strike,96.13037109375,91.21894836425781,91.02821350097656,104.28428649902344,115.72837829589844,13.256072998046875,1.52587890625,,,,106.4300537109375,92.50640869140625,-13.92364501953125,72.46688575356245,23.66348534018755,,QuantData term-structure
2026-08-19T16:00:00-04:00,2026-08-28,9,340.0,call,0.03479318405951392,153.97071838378906,215.75,fixed_strike,96.13037109375,91.21894836425781,91.02821350097656,104.28428649902344,115.72837829589844,13.256072998046875,1.52587890625,,,,106.4300537109375,92.50640869140625,-13.92364501953125,72.46688575356245,23.66348534018755,,QuantData term-structure
2026-08-19T16:00:00-04:00,2026-08-28,9,350.0,call,0.014465458526788223,137.7582550048828,215.75,fixed_strike,96.13037109375,91.21894836425781,91.02821350097656,104.28428649902344,115.72837829589844,13.256072998046875,1.52587890625,,,,106.4300537109375,92.50640869140625,-13.92364501953125,72.46688575356245,23.66348534018755,,QuantData term-structure
2026-08-19T16:00:00-04:00,2026-08-28,9,360.0,call,0.011237383327330428,142.04978942871094,215.75,fixed_strike,96.13037109375,91.21894836425781,91.02821350097656,104.28428649902344,115.72837829589844,13.256072998046875,1.52587890625,,,,106.4300537109375,92.50640869140625,-13.92364501953125,72.46688575356245,23.66348534018755,,QuantData term-structure
2026-08-19T16:00:00-04:00,2026-08-28,9,385.0,call,0.0037832461554704374,137.3767852783203,215.75,fixed_strike,96.13037109375,91.21894836425781,91.02821350097656,104.28428649902344,115.72837829589844,13.256072998046875,1.52587890625,,,,106.4300537109375,92.50640869140625,-13.92364501953125,72.46688575356245,23.66348534018755,,QuantData term-structure
2026-08-19T16:00:00-04:00,2026-08-28,9,390.0,call,0.003704902570255151,139.76097106933594,215.75,fixed_strike,96.13037109375,91.21894836425781,91.02821350097656,104.28428649902344,115.72837829589844,13.256072998046875,1.52587890625,,,,106.4300537109375,92.50640869140625,-13.92364501953125,72.46688575356245,23.66348534018755,,QuantData term-structure
2026-08-19T16:00:00-04:00,2026-08-28,9,395.0,call,0.0036720991940404567,141.38221740722656,215.75,fixed_strike,96.13037109375,91.21894836425781,91.02821350097656,104.28428649902344,115.72837829589844,13.256072998046875,1.52587890625,,,,106.4300537109375,92.50640869140625,-13.92364501953125,72.46688575356245,23.66348534018755,,QuantData term-structure
2026-08-19T16:00:00-04:00,2026-09-04,16,135.0,put,-0.015049666567016885,99.32518005371094,215.75,fixed_strike,98.70529174804688,87.78572082519531,89.88380432128906,106.28700256347656,113.91639709472656,16.4031982421875,-0.6198883056640625,,,,106.4300537109375,92.50640869140625,-13.92364501953125,72.46688575356245,26.238405994484424,,QuantData term-structure
2026-08-19T16:00:00-04:00,2026-09-04,16,140.0,put,-0.015662462874547107,94.84291076660156,215.75,fixed_strike,98.70529174804688,87.78572082519531,89.88380432128906,106.28700256347656,113.91639709472656,16.4031982421875,-0.6198883056640625,,,,106.4300537109375,92.50640869140625,-13.92364501953125,72.46688575356245,26.238405994484424,,QuantData term-structure
2026-08-19T16:00:00-04:00,2026-09-04,16,145.0,put,-0.017072600049334814,89.69306945800781,215.75,fixed_strike,98.70529174804688,87.78572082519531,89.88380432128906,106.28700256347656,113.91639709472656,16.4031982421875,-0.6198883056640625,,,,106.4300537109375,92.50640869140625,-13.92364501953125,72.46688575356245,26.238405994484424,,QuantData term-structure
2026-08-19T16:00:00-04:00,2026-09-04,16,150.0,put,-0.030433193989567946,89.69306945800781,215.75,fixed_strike,98.70529174804688,87.78572082519531,89.88380432128906,106.28700256347656,113.91639709472656,16.4031982421875,-0.6198883056640625,,,,106.4300537109375,92.50640869140625,-13.92364501953125,72.46688575356245,26.238405994484424,,QuantData term-structure
2026-08-19T16:00:00-04:00,2026-09-04,16,155.0,put,-0.04148689788102115,87.88108825683594,215.75,fixed_strike,98.70529174804688,87.78572082519531,89.88380432128906,106.28700256347656,113.91639709472656,16.4031982421875,-0.6198883056640625,,,,106.4300537109375,92.50640869140625,-13.92364501953125,72.46688575356245,26.238405994484424,,QuantData term-structure
2026-08-19T16:00:00-04:00,2026-09-04,16,157.5,put,-0.04965551360447534,90.64674377441406,215.75,fixed_strike,98.70529174804688,87.78572082519531,89.88380432128906,106.28700256347656,113.91639709472656,16.4031982421875,-0.6198883056640625,,,,106.4300537109375,92.50640869140625,-13.92364501953125,72.46688575356245,26.238405994484424,,QuantData term-structure
2026-08-19T16:00:00-04:00,2026-09-04,16,160.0,put,-0.05602061124815377,87.88108825683594,215.75,fixed_strike,98.70529174804688,87.78572082519531,89.88380432128906,106.28700256347656,113.91639709472656,16.4031982421875,-0.6198883056640625,,,,106.4300537109375,92.50640869140625,-13.92364501953125,72.46688575356245,26.238405994484424,,QuantData term-structure
2026-08-19T16:00:00-04:00,2026-09-04,16,165.0,put,-0.07089490813625127,86.64131164550781,215.75,fixed_strike,98.70529174804688,87.78572082519531,89.88380432128906,106.28700256347656,113.91639709472656,16.4031982421875,-0.6198883056640625,,,,106.4300537109375,92.50640869140625,-13.92364501953125,72.46688575356245,26.238405994484424,,QuantData term-structure
2026-08-19T16:00:00-04:00,2026-09-04,16,170.0,put,-0.0820798660330721,88.16719055175781,215.75,fixed_strike,98.70529174804688,87.78572082519531,89.88380432128906,106.28700256347656,113.91639709472656,16.4031982421875,-0.6198883056640625,,,,106.4300537109375,92.50640869140625,-13.92364501953125,72.46688575356245,26.238405994484424,,QuantData term-structure
2026-08-19T16:00:00-04:00,2026-09-04,16,172.5,put,-0.10794387244662262,87.78572082519531,215.75,fixed_strike,98.70529174804688,87.78572082519531,89.88380432128906,106.28700256347656,113.91639709472656,16.4031982421875,-0.6198883056640625,,,,106.4300537109375,92.50640869140625,-13.92364501953125,72.46688575356245,26.238405994484424,,QuantData term-structure
2026-08-19T16:00:00-04:00,2026-09-04,16,175.0,put,-0.1273695647139378,89.31159973144531,215.75,fixed_strike,98.70529174804688,87.78572082519531,89.88380432128906,106.28700256347656,113.91639709472656,16.4031982421875,-0.6198883056640625,,,,106.4300537109375,92.50640869140625,-13.92364501953125,72.46688575356245,26.238405994484424,,QuantData term-structure
2026-08-19T16:00:00-04:00,2026-09-04,16,180.0,put,-0.17597157907819544,92.45872497558594,215.75,fixed_strike,98.70529174804688,87.78572082519531,89.88380432128906,106.28700256347656,113.91639709472656,16.4031982421875,-0.6198883056640625,,,,106.4300537109375,92.50640869140625,-13.92364501953125,72.46688575356245,26.238405994484424,,QuantData term-structure
2026-08-19T16:00:00-04:00,2026-09-04,16,185.0,put,-0.18225646302133036,91.88652038574219,215.75,fixed_strike,98.70529174804688,87.78572082519531,89.88380432128906,106.28700256347656,113.91639709472656,16.4031982421875,-0.6198883056640625,,,,106.4300537109375,92.50640869140625,-13.92364501953125,72.46688575356245,26.238405994484424,,QuantData term-structure
2026-08-19T16:00:00-04:00,2026-09-04,16,187.5,put,-0.24189181958398642,92.17262268066406,215.75,fixed_strike,98.70529174804688,87.78572082519531,89.88380432128906,106.28700256347656,113.91639709472656,16.4031982421875,-0.6198883056640625,,,,106.4300537109375,92.50640869140625,-13.92364501953125,72.46688575356245,26.238405994484424,,QuantData term-structure
2026-08-19T16:00:00-04:00,2026-09-04,16,190.0,put,-0.2419874051752171,89.88380432128906,215.75,fixed_strike,98.70529174804688,87.78572082519531,89.88380432128906,106.28700256347656,113.91639709472656,16.4031982421875,-0.6198883056640625,,,,106.4300537109375,92.50640869140625,-13.92364501953125,72.46688575356245,26.238405994484424,,QuantData term-structure
2026-08-19T16:00:00-04:00,2026-09-04,16,192.5,put,-0.2893414876752819,90.36064147949219,215.75,fixed_strike,98.70529174804688,87.78572082519531,89.88380432128906,106.28700256347656,113.91639709472656,16.4031982421875,-0.6198883056640625,,,,106.4300537109375,92.50640869140625,-13.92364501953125,72.46688575356245,26.238405994484424,,QuantData term-structure
2026-08-19T16:00:00-04:00,2026-09-04,16,195.0,call,0.6843503852333792,96.55952453613281,215.75,fixed_strike,98.70529174804688,87.78572082519531,89.88380432128906,106.28700256347656,113.91639709472656,16.4031982421875,-0.6198883056640625,,,,106.4300537109375,92.50640869140625,-13.92364501953125,72.46688575356245,26.238405994484424,,QuantData term-structure
2026-08-19T16:00:00-04:00,2026-09-04,16,195.0,put,-0.3017269093111319,92.84019470214844,215.75,fixed_strike,98.70529174804688,87.78572082519531,89.88380432128906,106.28700256347656,113.91639709472656,16.4031982421875,-0.6198883056640625,,,,106.4300537109375,92.50640869140625,-13.92364501953125,72.46688575356245,26.238405994484424,,QuantData term-structure
2026-08-19T16:00:00-04:00,2026-09-04,16,197.5,put,-0.3342512600131392,94.17533874511719,215.75,fixed_strike,98.70529174804688,87.78572082519531,89.88380432128906,106.28700256347656,113.91639709472656,16.4031982421875,-0.6198883056640625,,,,106.4300537109375,92.50640869140625,-13.92364501953125,72.46688575356245,26.238405994484424,,QuantData term-structure
2026-08-19T16:00:00-04:00,2026-09-04,16,200.0,call,0.6411883852421646,95.98731994628906,215.75,fixed_strike,98.70529174804688,87.78572082519531,89.88380432128906,106.28700256347656,113.91639709472656,16.4031982421875,-0.6198883056640625,,,,106.4300537109375,92.50640869140625,-13.92364501953125,72.46688575356245,26.238405994484424,,QuantData term-structure
2026-08-19T16:00:00-04:00,2026-09-04,16,200.0,put,-0.36188684035445406,94.07997131347656,215.75,fixed_strike,98.70529174804688,87.78572082519531,89.88380432128906,106.28700256347656,113.91639709472656,16.4031982421875,-0.6198883056640625,,,,106.4300537109375,92.50640869140625,-13.92364501953125,72.46688575356245,26.238405994484424,,QuantData term-structure
2026-08-19T16:00:00-04:00,2026-09-04,16,202.5,put,-0.37770243578086954,92.36335754394531,215.75,fixed_strike,98.70529174804688,87.78572082519531,89.88380432128906,106.28700256347656,113.91639709472656,16.4031982421875,-0.6198883056640625,,,,106.4300537109375,92.50640869140625,-13.92364501953125,72.46688575356245,26.238405994484424,,QuantData term-structure
2026-08-19T16:00:00-04:00,2026-09-04,16,205.0,call,0.6410381596045795,97.79930114746094,215.75,fixed_strike,98.70529174804688,87.78572082519531,89.88380432128906,106.28700256347656,113.91639709472656,16.4031982421875,-0.6198883056640625,,,,106.4300537109375,92.50640869140625,-13.92364501953125,72.46688575356245,26.238405994484424,,QuantData term-structure
2026-08-19T16:00:00-04:00,2026-09-04,16,205.0,put,-0.3895487785872971,98.46687316894531,215.75,fixed_strike,98.70529174804688,87.78572082519531,89.88380432128906,106.28700256347656,113.91639709472656,16.4031982421875,-0.6198883056640625,,,,106.4300537109375,92.50640869140625,-13.92364501953125,72.46688575356245,26.238405994484424,,QuantData term-structure
2026-08-19T16:00:00-04:00,2026-09-04,16,207.5,call,0.5697612981995275,94.55680847167969,215.75,fixed_strike,98.70529174804688,87.78572082519531,89.88380432128906,106.28700256347656,113.91639709472656,16.4031982421875,-0.6198883056640625,,,,106.4300537109375,92.50640869140625,-13.92364501953125,72.46688575356245,26.238405994484424,,QuantData term-structure
2026-08-19T16:00:00-04:00,2026-09-04,16,207.5,put,-0.47232050686528504,99.61128234863281,215.75,fixed_strike,98.70529174804688,87.78572082519531,89.88380432128906,106.28700256347656,113.91639709472656,16.4031982421875,-0.6198883056640625,,,,106.4300537109375,92.50640869140625,-13.92364501953125,72.46688575356245,26.238405994484424,,QuantData term-structure
2026-08-19T16:00:00-04:00,2026-09-04,16,210.0,call,0.5836564138648221,94.65217590332031,215.75,fixed_strike,98.70529174804688,87.78572082519531,89.88380432128906,106.28700256347656,113.91639709472656,16.4031982421875,-0.6198883056640625,,,,106.4300537109375,92.50640869140625,-13.92364501953125,72.46688575356245,26.238405994484424,,QuantData term-structure
2026-08-19T16:00:00-04:00,2026-09-04,16,210.0,put,-0.43733027144772885,96.94099426269531,215.75,fixed_strike,98.70529174804688,87.78572082519531,89.88380432128906,106.28700256347656,113.91639709472656,16.4031982421875,-0.6198883056640625,,,,106.4300537109375,92.50640869140625,-13.92364501953125,72.46688575356245,26.238405994484424,,QuantData term-structure
2026-08-19T16:00:00-04:00,2026-09-04,16,212.5,call,0.5460190841740771,95.31974792480469,215.75,fixed_strike,98.70529174804688,87.78572082519531,89.88380432128906,106.28700256347656,113.91639709472656,16.4031982421875,-0.6198883056640625,,,,106.4300537109375,92.50640869140625,-13.92364501953125,72.46688575356245,26.238405994484424,,QuantData term-structure
2026-08-19T16:00:00-04:00,2026-09-04,16,215.0,call,0.5011343746431391,95.79658508300781,215.75,fixed_strike,98.70529174804688,87.78572082519531,89.88380432128906,106.28700256347656,113.91639709472656,16.4031982421875,-0.6198883056640625,,,,106.4300537109375,92.50640869140625,-13.92364501953125,72.46688575356245,26.238405994484424,,QuantData term-structure
2026-08-19T16:00:00-04:00,2026-09-04,16,215.0,put,-0.5052479107129575,101.61399841308594,215.75,fixed_strike,98.70529174804688,87.78572082519531,89.88380432128906,106.28700256347656,113.91639709472656,16.4031982421875,-0.6198883056640625,,,,106.4300537109375,92.50640869140625,-13.92364501953125,72.46688575356245,26.238405994484424,,QuantData term-structure
2026-08-19T16:00:00-04:00,2026-09-04,16,217.5,call,0.47376301447350794,91.02821350097656,215.75,fixed_strike,98.70529174804688,87.78572082519531,89.88380432128906,106.28700256347656,113.91639709472656,16.4031982421875,-0.6198883056640625,,,,106.4300537109375,92.50640869140625,-13.92364501953125,72.46688575356245,26.238405994484424,,QuantData term-structure
2026-08-19T16:00:00-04:00,2026-09-04,16,217.5,put,-0.5695162066474905,106.38236999511719,215.75,fixed_strike,98.70529174804688,87.78572082519531,89.88380432128906,106.28700256347656,113.91639709472656,16.4031982421875,-0.6198883056640625,,,,106.4300537109375,92.50640869140625,-13.92364501953125,72.46688575356245,26.238405994484424,,QuantData term-structure
2026-08-19T16:00:00-04:00,2026-09-04,16,220.0,call,0.5039915795965577,96.84562683105469,215.75,fixed_strike,98.70529174804688,87.78572082519531,89.88380432128906,106.28700256347656,113.91639709472656,16.4031982421875,-0.6198883056640625,,,,106.4300537109375,92.50640869140625,-13.92364501953125,72.46688575356245,26.238405994484424,,QuantData term-structure
2026-08-19T16:00:00-04:00,2026-09-04,16,220.0,put,-0.544489832800503,97.70393371582031,215.75,fixed_strike,98.70529174804688,87.78572082519531,89.88380432128906,106.28700256347656,113.91639709472656,16.4031982421875,-0.6198883056640625,,,,106.4300537109375,92.50640869140625,-13.92364501953125,72.46688575356245,26.238405994484424,,QuantData term-structure
2026-08-19T16:00:00-04:00,2026-09-04,16,222.5,call,0.43984018588095447,99.99275207519531,215.75,fixed_strike,98.70529174804688,87.78572082519531,89.88380432128906,106.28700256347656,113.91639709472656,16.4031982421875,-0.6198883056640625,,,,106.4300537109375,92.50640869140625,-13.92364501953125,72.46688575356245,26.238405994484424,,QuantData term-structure
2026-08-19T16:00:00-04:00,2026-09-04,16,225.0,call,0.42071771466714203,101.13716125488281,215.75,fixed_strike,98.70529174804688,87.78572082519531,89.88380432128906,106.28700256347656,113.91639709472656,16.4031982421875,-0.6198883056640625,,,,106.4300537109375,92.50640869140625,-13.92364501953125,72.46688575356245,26.238405994484424,,QuantData term-structure
2026-08-19T16:00:00-04:00,2026-09-04,16,225.0,put,-0.5897141524230077,101.32789611816406,215.75,fixed_strike,98.70529174804688,87.78572082519531,89.88380432128906,106.28700256347656,113.91639709472656,16.4031982421875,-0.6198883056640625,,,,106.4300537109375,92.50640869140625,-13.92364501953125,72.46688575356245,26.238405994484424,,QuantData term-structure
2026-08-19T16:00:00-04:00,2026-09-04,16,227.5,call,0.3967832428141971,93.50776672363281,215.75,fixed_strike,98.70529174804688,87.78572082519531,89.88380432128906,106.28700256347656,113.91639709472656,16.4031982421875,-0.6198883056640625,,,,106.4300537109375,92.50640869140625,-13.92364501953125,72.46688575356245,26.238405994484424,,QuantData term-structure
2026-08-19T16:00:00-04:00,2026-09-04,16,230.0,call,0.4254364407956654,100.56495666503906,215.75,fixed_strike,98.70529174804688,87.78572082519531,89.88380432128906,106.28700256347656,113.91639709472656,16.4031982421875,-0.6198883056640625,,,,106.4300537109375,92.50640869140625,-13.92364501953125,72.46688575356245,26.238405994484424,,QuantData term-structure
2026-08-19T16:00:00-04:00,2026-09-04,16,230.0,put,-0.615232696915888,101.99546813964844,215.75,fixed_strike,98.70529174804688,87.78572082519531,89.88380432128906,106.28700256347656,113.91639709472656,16.4031982421875,-0.6198883056640625,,,,106.4300537109375,92.50640869140625,-13.92364501953125,72.46688575356245,26.238405994484424,,QuantData term-structure
2026-08-19T16:00:00-04:00,2026-09-04,16,232.5,call,0.36938070623629654,102.94914245605469,215.75,fixed_strike,98.70529174804688,87.78572082519531,89.88380432128906,106.28700256347656,113.91639709472656,16.4031982421875,-0.6198883056640625,,,,106.4300537109375,92.50640869140625,-13.92364501953125,72.46688575356245,26.238405994484424,,QuantData term-structure
2026-08-19T16:00:00-04:00,2026-09-04,16,235.0,call,0.34507496717619157,93.69850158691406,215.75,fixed_strike,98.70529174804688,87.78572082519531,89.88380432128906,106.28700256347656,113.91639709472656,16.4031982421875,-0.6198883056640625,,,,106.4300537109375,92.50640869140625,-13.92364501953125,72.46688575356245,26.238405994484424,,QuantData term-structure
2026-08-19T16:00:00-04:00,2026-09-04,16,237.5,call,0.3277350585535286,102.56767272949219,215.75,fixed_strike,98.70529174804688,87.78572082519531,89.88380432128906,106.28700256347656,113.91639709472656,16.4031982421875,-0.6198883056640625,,,,106.4300537109375,92.50640869140625,-13.92364501953125,72.46688575356245,26.238405994484424,,QuantData term-structure
2026-08-19T16:00:00-04:00,2026-09-04,16,240.0,call,0.32004637453002766,100.85105895996094,215.75,fixed_strike,98.70529174804688,87.78572082519531,89.88380432128906,106.28700256347656,113.91639709472656,16.4031982421875,-0.6198883056640625,,,,106.4300537109375,92.50640869140625,-13.92364501953125,72.46688575356245,26.238405994484424,,QuantData term-structure
2026-08-19T16:00:00-04:00,2026-09-04,16,240.0,put,-0.6995313920778494,110.29243469238281,215.75,fixed_strike,98.70529174804688,87.78572082519531,89.88380432128906,106.28700256347656,113.91639709472656,16.4031982421875,-0.6198883056640625,,,,106.4300537109375,92.50640869140625,-13.92364501953125,72.46688575356245,26.238405994484424,,QuantData term-structure
2026-08-19T16:00:00-04:00,2026-09-04,16,242.5,call,0.2888852742192075,101.23252868652344,215.75,fixed_strike,98.70529174804688,87.78572082519531,89.88380432128906,106.28700256347656,113.91639709472656,16.4031982421875,-0.6198883056640625,,,,106.4300537109375,92.50640869140625,-13.92364501953125,72.46688575356245,26.238405994484424,,QuantData term-structure
2026-08-19T16:00:00-04:00,2026-09-04,16,245.0,call,0.29600950857081526,96.84562683105469,215.75,fixed_strike,98.70529174804688,87.78572082519531,89.88380432128906,106.28700256347656,113.91639709472656,16.4031982421875,-0.6198883056640625,,,,106.4300537109375,92.50640869140625,-13.92364501953125,72.46688575356245,26.238405994484424,,QuantData term-structure
2026-08-19T16:00:00-04:00,2026-09-04,16,250.0,call,0.2580286253871318,102.85377502441406,215.75,fixed_strike,98.70529174804688,87.78572082519531,89.88380432128906,106.28700256347656,113.91639709472656,16.4031982421875,-0.6198883056640625,,,,106.4300537109375,92.50640869140625,-13.92364501953125,72.46688575356245,26.238405994484424,,QuantData term-structure
2026-08-19T16:00:00-04:00,2026-09-04,16,252.5,call,0.2129999598720474,108.09898376464844,215.75,fixed_strike,98.70529174804688,87.78572082519531,89.88380432128906,106.28700256347656,113.91639709472656,16.4031982421875,-0.6198883056640625,,,,106.4300537109375,92.50640869140625,-13.92364501953125,72.46688575356245,26.238405994484424,,QuantData term-structure
2026-08-19T16:00:00-04:00,2026-09-04,16,255.0,call,0.23733149956027494,98.75297546386719,215.75,fixed_strike,98.70529174804688,87.78572082519531,89.88380432128906,106.28700256347656,113.91639709472656,16.4031982421875,-0.6198883056640625,,,,106.4300537109375,92.50640869140625,-13.92364501953125,72.46688575356245,26.238405994484424,,QuantData term-structure
2026-08-19T16:00:00-04:00,2026-09-04,16,257.5,call,0.24429037916794072,106.28700256347656,215.75,fixed_strike,98.70529174804688,87.78572082519531,89.88380432128906,106.28700256347656,113.91639709472656,16.4031982421875,-0.6198883056640625,,,,106.4300537109375,92.50640869140625,-13.92364501953125,72.46688575356245,26.238405994484424,,QuantData term-structure
2026-08-19T16:00:00-04:00,2026-09-04,16,260.0,call,0.20062757019467065,104.57038879394531,215.75,fixed_strike,98.70529174804688,87.78572082519531,89.88380432128906,106.28700256347656,113.91639709472656,16.4031982421875,-0.6198883056640625,,,,106.4300537109375,92.50640869140625,-13.92364501953125,72.46688575356245,26.238405994484424,,QuantData term-structure
2026-08-19T16:00:00-04:00,2026-09-04,16,262.5,call,0.1822235927275152,108.19435119628906,215.75,fixed_strike,98.70529174804688,87.78572082519531,89.88380432128906,106.28700256347656,113.91639709472656,16.4031982421875,-0.6198883056640625,,,,106.4300537109375,92.50640869140625,-13.92364501953125,72.46688575356245,26.238405994484424,,QuantData term-structure
2026-08-19T16:00:00-04:00,2026-09-04,16,265.0,call,0.19018990767175575,106.66847229003906,215.75,fixed_strike,98.70529174804688,87.78572082519531,89.88380432128906,106.28700256347656,113.91639709472656,16.4031982421875,-0.6198883056640625,,,,106.4300537109375,92.50640869140625,-13.92364501953125,72.46688575356245,26.238405994484424,,QuantData term-structure
2026-08-19T16:00:00-04:00,2026-09-04,16,270.0,call,0.1518713441302474,114.10713195800781,215.75,fixed_strike,98.70529174804688,87.78572082519531,89.88380432128906,106.28700256347656,113.91639709472656,16.4031982421875,-0.6198883056640625,,,,106.4300537109375,92.50640869140625,-13.92364501953125,72.46688575356245,26.238405994484424,,QuantData term-structure
2026-08-19T16:00:00-04:00,2026-09-04,16,275.0,call,0.14604590334529854,107.81288146972656,215.75,fixed_strike,98.70529174804688,87.78572082519531,89.88380432128906,106.28700256347656,113.91639709472656,16.4031982421875,-0.6198883056640625,,,,106.4300537109375,92.50640869140625,-13.92364501953125,72.46688575356245,26.238405994484424,,QuantData term-structure
2026-08-19T16:00:00-04:00,2026-09-04,16,282.5,call,0.14804099797867148,114.58396911621094,215.75,fixed_strike,98.70529174804688,87.78572082519531,89.88380432128906,106.28700256347656,113.91639709472656,16.4031982421875,-0.6198883056640625,,,,106.4300537109375,92.50640869140625,-13.92364501953125,72.46688575356245,26.238405994484424,,QuantData term-structure
2026-08-19T16:00:00-04:00,2026-09-04,16,285.0,call,0.12728151167680313,111.72294616699219,215.75,fixed_strike,98.70529174804688,87.78572082519531,89.88380432128906,106.28700256347656,113.91639709472656,16.4031982421875,-0.6198883056640625,,,,106.4300537109375,92.50640869140625,-13.92364501953125,72.46688575356245,26.238405994484424,,QuantData term-structure
2026-08-19T16:00:00-04:00,2026-09-04,16,290.0,call,0.11914339904066396,114.29786682128906,215.75,fixed_strike,98.70529174804688,87.78572082519531,89.88380432128906,106.28700256347656,113.91639709472656,16.4031982421875,-0.6198883056640625,,,,106.4300537109375,92.50640869140625,-13.92364501953125,72.46688575356245,26.238405994484424,,QuantData term-structure
2026-08-19T16:00:00-04:00,2026-09-04,16,295.0,call,0.09975278508732771,113.91639709472656,215.75,fixed_strike,98.70529174804688,87.78572082519531,89.88380432128906,106.28700256347656,113.91639709472656,16.4031982421875,-0.6198883056640625,,,,106.4300537109375,92.50640869140625,-13.92364501953125,72.46688575356245,26.238405994484424,,QuantData term-structure
2026-08-19T16:00:00-04:00,2026-09-04,16,300.0,call,0.10139882460811855,114.39323425292969,215.75,fixed_strike,98.70529174804688,87.78572082519531,89.88380432128906,106.28700256347656,113.91639709472656,16.4031982421875,-0.6198883056640625,,,,106.4300537109375,92.50640869140625,-13.92364501953125,72.46688575356245,26.238405994484424,,QuantData term-structure
2026-08-19T16:00:00-04:00,2026-09-04,16,310.0,call,0.07544078776801488,117.92182922363281,215.75,fixed_strike,98.70529174804688,87.78572082519531,89.88380432128906,106.28700256347656,113.91639709472656,16.4031982421875,-0.6198883056640625,,,,106.4300537109375,92.50640869140625,-13.92364501953125,72.46688575356245,26.238405994484424,,QuantData term-structure
2026-08-19T16:00:00-04:00,2026-09-04,16,330.0,call,0.053708105938711614,122.88093566894531,215.75,fixed_strike,98.70529174804688,87.78572082519531,89.88380432128906,106.28700256347656,113.91639709472656,16.4031982421875,-0.6198883056640625,,,,106.4300537109375,92.50640869140625,-13.92364501953125,72.46688575356245,26.238405994484424,,QuantData term-structure
2026-08-19T16:00:00-04:00,2026-09-04,16,335.0,call,0.06825418090681534,130.31959533691406,215.75,fixed_strike,98.70529174804688,87.78572082519531,89.88380432128906,106.28700256347656,113.91639709472656,16.4031982421875,-0.6198883056640625,,,,106.4300537109375,92.50640869140625,-13.92364501953125,72.46688575356245,26.238405994484424,,QuantData term-structure
2026-08-19T16:00:00-04:00,2026-09-04,16,340.0,call,0.05123288508958607,126.88636779785156,215.75,fixed_strike,98.70529174804688,87.78572082519531,89.88380432128906,106.28700256347656,113.91639709472656,16.4031982421875,-0.6198883056640625,,,,106.4300537109375,92.50640869140625,-13.92364501953125,72.46688575356245,26.238405994484424,,QuantData term-structure
2026-08-19T16:00:00-04:00,2026-09-04,16,350.0,call,0.03713136673206652,126.12342834472656,215.75,fixed_strike,98.70529174804688,87.78572082519531,89.88380432128906,106.28700256347656,113.91639709472656,16.4031982421875,-0.6198883056640625,,,,106.4300537109375,92.50640869140625,-13.92364501953125,72.46688575356245,26.238405994484424,,QuantData term-structure
2026-08-19T16:00:00-04:00,2026-09-04,16,395.0,call,0.019968323764654086,131.36863708496094,215.75,fixed_strike,98.70529174804688,87.78572082519531,89.88380432128906,106.28700256347656,113.91639709472656,16.4031982421875,-0.6198883056640625,,,,106.4300537109375,92.50640869140625,-13.92364501953125,72.46688575356245,26.238405994484424,,QuantData term-structure
2026-08-19T16:00:00-04:00,2026-09-11,23,125.0,put,-0.021214246907549927,107.52677917480469,215.75,fixed_strike,91.64810180664062,84.63859558105469,92.26799011230469,101.32789611816406,119.25697326660156,9.059906005859375,5.14984130859375,,,,106.4300537109375,92.50640869140625,-13.92364501953125,72.46688575356245,19.181216053078174,,QuantData term-structure
2026-08-19T16:00:00-04:00,2026-09-11,23,130.0,put,-0.02649055992096902,104.28428649902344,215.75,fixed_strike,91.64810180664062,84.63859558105469,92.26799011230469,101.32789611816406,119.25697326660156,9.059906005859375,5.14984130859375,,,,106.4300537109375,92.50640869140625,-13.92364501953125,72.46688575356245,19.181216053078174,,QuantData term-structure
2026-08-19T16:00:00-04:00,2026-09-11,23,140.0,put,-0.031351106021283805,87.30888366699219,215.75,fixed_strike,91.64810180664062,84.63859558105469,92.26799011230469,101.32789611816406,119.25697326660156,9.059906005859375,5.14984130859375,,,,106.4300537109375,92.50640869140625,-13.92364501953125,72.46688575356245,19.181216053078174,,QuantData term-structure
2026-08-19T16:00:00-04:00,2026-09-11,23,150.0,put,-0.044817944229355255,85.30616760253906,215.75,fixed_strike,91.64810180664062,84.63859558105469,92.26799011230469,101.32789611816406,119.25697326660156,9.059906005859375,5.14984130859375,,,,106.4300537109375,92.50640869140625,-13.92364501953125,72.46688575356245,19.181216053078174,,QuantData term-structure
2026-08-19T16:00:00-04:00,2026-09-11,23,155.0,put,-0.06031761712248085,82.82661437988281,215.75,fixed_strike,91.64810180664062,84.63859558105469,92.26799011230469,101.32789611816406,119.25697326660156,9.059906005859375,5.14984130859375,,,,106.4300537109375,92.50640869140625,-13.92364501953125,72.46688575356245,19.181216053078174,,QuantData term-structure
2026-08-19T16:00:00-04:00,2026-09-11,23,157.5,put,-0.06900760769751346,84.35249328613281,215.75,fixed_strike,91.64810180664062,84.63859558105469,92.26799011230469,101.32789611816406,119.25697326660156,9.059906005859375,5.14984130859375,,,,106.4300537109375,92.50640869140625,-13.92364501953125,72.46688575356245,19.181216053078174,,QuantData term-structure
2026-08-19T16:00:00-04:00,2026-09-11,23,160.0,put,-0.08378457065811412,86.54594421386719,215.75,fixed_strike,91.64810180664062,84.63859558105469,92.26799011230469,101.32789611816406,119.25697326660156,9.059906005859375,5.14984130859375,,,,106.4300537109375,92.50640869140625,-13.92364501953125,72.46688575356245,19.181216053078174,,QuantData term-structure
2026-08-19T16:00:00-04:00,2026-09-11,23,162.5,put,-0.09576615551967288,84.63859558105469,215.75,fixed_strike,91.64810180664062,84.63859558105469,92.26799011230469,101.32789611816406,119.25697326660156,9.059906005859375,5.14984130859375,,,,106.4300537109375,92.50640869140625,-13.92364501953125,72.46688575356245,19.181216053078174,,QuantData term-structure
2026-08-19T16:00:00-04:00,2026-09-11,23,165.0,put,-0.10509299513992532,85.02006530761719,215.75,fixed_strike,91.64810180664062,84.63859558105469,92.26799011230469,101.32789611816406,119.25697326660156,9.059906005859375,5.14984130859375,,,,106.4300537109375,92.50640869140625,-13.92364501953125,72.46688575356245,19.181216053078174,,QuantData term-structure
2026-08-19T16:00:00-04:00,2026-09-11,23,167.5,put,-0.10940569069258532,82.82661437988281,215.75,fixed_strike,91.64810180664062,84.63859558105469,92.26799011230469,101.32789611816406,119.25697326660156,9.059906005859375,5.14984130859375,,,,106.4300537109375,92.50640869140625,-13.92364501953125,72.46688575356245,19.181216053078174,,QuantData term-structure
2026-08-19T16:00:00-04:00,2026-09-11,23,170.0,call,0.8649803052095046,85.87837219238281,215.75,fixed_strike,91.64810180664062,84.63859558105469,92.26799011230469,101.32789611816406,119.25697326660156,9.059906005859375,5.14984130859375,,,,106.4300537109375,92.50640869140625,-13.92364501953125,72.46688575356245,19.181216053078174,,QuantData term-structure
2026-08-19T16:00:00-04:00,2026-09-11,23,170.0,put,-0.1393640683138186,85.59226989746094,215.75,fixed_strike,91.64810180664062,84.63859558105469,92.26799011230469,101.32789611816406,119.25697326660156,9.059906005859375,5.14984130859375,,,,106.4300537109375,92.50640869140625,-13.92364501953125,72.46688575356245,19.181216053078174,,QuantData term-structure
2026-08-19T16:00:00-04:00,2026-09-11,23,175.0,put,-0.17334167516576537,86.45057678222656,215.75,fixed_strike,91.64810180664062,84.63859558105469,92.26799011230469,101.32789611816406,119.25697326660156,9.059906005859375,5.14984130859375,,,,106.4300537109375,92.50640869140625,-13.92364501953125,72.46688575356245,19.181216053078174,,QuantData term-structure
2026-08-19T16:00:00-04:00,2026-09-11,23,180.0,put,-0.1741023524431392,88.64402770996094,215.75,fixed_strike,91.64810180664062,84.63859558105469,92.26799011230469,101.32789611816406,119.25697326660156,9.059906005859375,5.14984130859375,,,,106.4300537109375,92.50640869140625,-13.92364501953125,72.46688575356245,19.181216053078174,,QuantData term-structure
2026-08-19T16:00:00-04:00,2026-09-11,23,182.5,put,-0.2686282554788548,92.26799011230469,215.75,fixed_strike,91.64810180664062,84.63859558105469,92.26799011230469,101.32789611816406,119.25697326660156,9.059906005859375,5.14984130859375,,,,106.4300537109375,92.50640869140625,-13.92364501953125,72.46688575356245,19.181216053078174,,QuantData term-structure
2026-08-19T16:00:00-04:00,2026-09-11,23,185.0,put,-0.2719110355373442,91.31431579589844,215.75,fixed_strike,91.64810180664062,84.63859558105469,92.26799011230469,101.32789611816406,119.25697326660156,9.059906005859375,5.14984130859375,,,,106.4300537109375,92.50640869140625,-13.92364501953125,72.46688575356245,19.181216053078174,,QuantData term-structure
2026-08-19T16:00:00-04:00,2026-09-11,23,187.5,put,-0.3074284051679411,91.40968322753906,215.75,fixed_strike,91.64810180664062,84.63859558105469,92.26799011230469,101.32789611816406,119.25697326660156,9.059906005859375,5.14984130859375,,,,106.4300537109375,92.50640869140625,-13.92364501953125,72.46688575356245,19.181216053078174,,QuantData term-structure
2026-08-19T16:00:00-04:00,2026-09-11,23,190.0,call,0.737387249021848,87.59498596191406,215.75,fixed_strike,91.64810180664062,84.63859558105469,92.26799011230469,101.32789611816406,119.25697326660156,9.059906005859375,5.14984130859375,,,,106.4300537109375,92.50640869140625,-13.92364501953125,72.46688575356245,19.181216053078174,,QuantData term-structure
2026-08-19T16:00:00-04:00,2026-09-11,23,190.0,put,-0.2866382886023555,89.12086486816406,215.75,fixed_strike,91.64810180664062,84.63859558105469,92.26799011230469,101.32789611816406,119.25697326660156,9.059906005859375,5.14984130859375,,,,106.4300537109375,92.50640869140625,-13.92364501953125,72.46688575356245,19.181216053078174,,QuantData term-structure
2026-08-19T16:00:00-04:00,2026-09-11,23,192.5,put,-0.3203625245642469,90.07453918457031,215.75,fixed_strike,91.64810180664062,84.63859558105469,92.26799011230469,101.32789611816406,119.25697326660156,9.059906005859375,5.14984130859375,,,,106.4300537109375,92.50640869140625,-13.92364501953125,72.46688575356245,19.181216053078174,,QuantData term-structure
2026-08-19T16:00:00-04:00,2026-09-11,23,195.0,put,-0.3334353704981071,90.93284606933594,215.75,fixed_strike,91.64810180664062,84.63859558105469,92.26799011230469,101.32789611816406,119.25697326660156,9.059906005859375,5.14984130859375,,,,106.4300537109375,92.50640869140625,-13.92364501953125,72.46688575356245,19.181216053078174,,QuantData term-structure
2026-08-19T16:00:00-04:00,2026-09-11,23,200.0,call,0.6161379709405359,90.83747863769531,215.75,fixed_strike,91.64810180664062,84.63859558105469,92.26799011230469,101.32789611816406,119.25697326660156,9.059906005859375,5.14984130859375,,,,106.4300537109375,92.50640869140625,-13.92364501953125,72.46688575356245,19.181216053078174,,QuantData term-structure
2026-08-19T16:00:00-04:00,2026-09-11,23,200.0,put,-0.32586467395631713,93.22166442871094,215.75,fixed_strike,91.64810180664062,84.63859558105469,92.26799011230469,101.32789611816406,119.25697326660156,9.059906005859375,5.14984130859375,,,,106.4300537109375,92.50640869140625,-13.92364501953125,72.46688575356245,19.181216053078174,,QuantData term-structure
2026-08-19T16:00:00-04:00,2026-09-11,23,202.5,put,-0.4023550579070846,93.98460388183594,215.75,fixed_strike,91.64810180664062,84.63859558105469,92.26799011230469,101.32789611816406,119.25697326660156,9.059906005859375,5.14984130859375,,,,106.4300537109375,92.50640869140625,-13.92364501953125,72.46688575356245,19.181216053078174,,QuantData term-structure
2026-08-19T16:00:00-04:00,2026-09-11,23,205.0,call,0.540324656818322,94.93827819824219,215.75,fixed_strike,91.64810180664062,84.63859558105469,92.26799011230469,101.32789611816406,119.25697326660156,9.059906005859375,5.14984130859375,,,,106.4300537109375,92.50640869140625,-13.92364501953125,72.46688575356245,19.181216053078174,,QuantData term-structure
2026-08-19T16:00:00-04:00,2026-09-11,23,205.0,put,-0.412414323600721,91.40968322753906,215.75,fixed_strike,91.64810180664062,84.63859558105469,92.26799011230469,101.32789611816406,119.25697326660156,9.059906005859375,5.14984130859375,,,,106.4300537109375,92.50640869140625,-13.92364501953125,72.46688575356245,19.181216053078174,,QuantData term-structure
2026-08-19T16:00:00-04:00,2026-09-11,23,207.5,call,0.6163925808188322,93.03092956542969,215.75,fixed_strike,91.64810180664062,84.63859558105469,92.26799011230469,101.32789611816406,119.25697326660156,9.059906005859375,5.14984130859375,,,,106.4300537109375,92.50640869140625,-13.92364501953125,72.46688575356245,19.181216053078174,,QuantData term-structure
2026-08-19T16:00:00-04:00,2026-09-11,23,210.0,call,0.5946357436353835,91.88652038574219,215.75,fixed_strike,91.64810180664062,84.63859558105469,92.26799011230469,101.32789611816406,119.25697326660156,9.059906005859375,5.14984130859375,,,,106.4300537109375,92.50640869140625,-13.92364501953125,72.46688575356245,19.181216053078174,,QuantData term-structure
2026-08-19T16:00:00-04:00,2026-09-11,23,210.0,put,-0.44641518681301867,92.36335754394531,215.75,fixed_strike,91.64810180664062,84.63859558105469,92.26799011230469,101.32789611816406,119.25697326660156,9.059906005859375,5.14984130859375,,,,106.4300537109375,92.50640869140625,-13.92364501953125,72.46688575356245,19.181216053078174,,QuantData term-structure
2026-08-19T16:00:00-04:00,2026-09-11,23,212.5,call,0.5528023706169248,91.69578552246094,215.75,fixed_strike,91.64810180664062,84.63859558105469,92.26799011230469,101.32789611816406,119.25697326660156,9.059906005859375,5.14984130859375,,,,106.4300537109375,92.50640869140625,-13.92364501953125,72.46688575356245,19.181216053078174,,QuantData term-structure
2026-08-19T16:00:00-04:00,2026-09-11,23,215.0,call,0.5234805226684756,92.26799011230469,215.75,fixed_strike,91.64810180664062,84.63859558105469,92.26799011230469,101.32789611816406,119.25697326660156,9.059906005859375,5.14984130859375,,,,106.4300537109375,92.50640869140625,-13.92364501953125,72.46688575356245,19.181216053078174,,QuantData term-structure
2026-08-19T16:00:00-04:00,2026-09-11,23,215.0,put,-0.4567184952098869,91.02821350097656,215.75,fixed_strike,91.64810180664062,84.63859558105469,92.26799011230469,101.32789611816406,119.25697326660156,9.059906005859375,5.14984130859375,,,,106.4300537109375,92.50640869140625,-13.92364501953125,72.46688575356245,19.181216053078174,,QuantData term-structure
2026-08-19T16:00:00-04:00,2026-09-11,23,217.5,call,0.5388361528518073,94.65217590332031,215.75,fixed_strike,91.64810180664062,84.63859558105469,92.26799011230469,101.32789611816406,119.25697326660156,9.059906005859375,5.14984130859375,,,,106.4300537109375,92.50640869140625,-13.92364501953125,72.46688575356245,19.181216053078174,,QuantData term-structure
2026-08-19T16:00:00-04:00,2026-09-11,23,217.5,put,-0.501958035860337,95.51048278808594,215.75,fixed_strike,91.64810180664062,84.63859558105469,92.26799011230469,101.32789611816406,119.25697326660156,9.059906005859375,5.14984130859375,,,,106.4300537109375,92.50640869140625,-13.92364501953125,72.46688575356245,19.181216053078174,,QuantData term-structure
2026-08-19T16:00:00-04:00,2026-09-11,23,220.0,call,0.49488561789953894,95.89195251464844,215.75,fixed_strike,91.64810180664062,84.63859558105469,92.26799011230469,101.32789611816406,119.25697326660156,9.059906005859375,5.14984130859375,,,,106.4300537109375,92.50640869140625,-13.92364501953125,72.46688575356245,19.181216053078174,,QuantData term-structure
2026-08-19T16:00:00-04:00,2026-09-11,23,220.0,put,-0.5308285794913885,96.27342224121094,215.75,fixed_strike,91.64810180664062,84.63859558105469,92.26799011230469,101.32789611816406,119.25697326660156,9.059906005859375,5.14984130859375,,,,106.4300537109375,92.50640869140625,-13.92364501953125,72.46688575356245,19.181216053078174,,QuantData term-structure
2026-08-19T16:00:00-04:00,2026-09-11,23,222.5,call,0.46555905621242255,96.75025939941406,215.75,fixed_strike,91.64810180664062,84.63859558105469,92.26799011230469,101.32789611816406,119.25697326660156,9.059906005859375,5.14984130859375,,,,106.4300537109375,92.50640869140625,-13.92364501953125,72.46688575356245,19.181216053078174,,QuantData term-structure
2026-08-19T16:00:00-04:00,2026-09-11,23,225.0,call,0.4310442229279061,95.79658508300781,215.75,fixed_strike,91.64810180664062,84.63859558105469,92.26799011230469,101.32789611816406,119.25697326660156,9.059906005859375,5.14984130859375,,,,106.4300537109375,92.50640869140625,-13.92364501953125,72.46688575356245,19.181216053078174,,QuantData term-structure
2026-08-19T16:00:00-04:00,2026-09-11,23,225.0,put,-0.5649933720700047,97.41783142089844,215.75,fixed_strike,91.64810180664062,84.63859558105469,92.26799011230469,101.32789611816406,119.25697326660156,9.059906005859375,5.14984130859375,,,,106.4300537109375,92.50640869140625,-13.92364501953125,72.46688575356245,19.181216053078174,,QuantData term-structure
2026-08-19T16:00:00-04:00,2026-09-11,23,227.5,call,0.43088088260997015,97.51319885253906,215.75,fixed_strike,91.64810180664062,84.63859558105469,92.26799011230469,101.32789611816406,119.25697326660156,9.059906005859375,5.14984130859375,,,,106.4300537109375,92.50640869140625,-13.92364501953125,72.46688575356245,19.181216053078174,,QuantData term-structure
2026-08-19T16:00:00-04:00,2026-09-11,23,230.0,call,0.4100293344456688,95.31974792480469,215.75,fixed_strike,91.64810180664062,84.63859558105469,92.26799011230469,101.32789611816406,119.25697326660156,9.059906005859375,5.14984130859375,,,,106.4300537109375,92.50640869140625,-13.92364501953125,72.46688575356245,19.181216053078174,,QuantData term-structure
2026-08-19T16:00:00-04:00,2026-09-11,23,230.0,put,-0.62117411329751,99.99275207519531,215.75,fixed_strike,91.64810180664062,84.63859558105469,92.26799011230469,101.32789611816406,119.25697326660156,9.059906005859375,5.14984130859375,,,,106.4300537109375,92.50640869140625,-13.92364501953125,72.46688575356245,19.181216053078174,,QuantData term-structure
2026-08-19T16:00:00-04:00,2026-09-11,23,232.5,put,-0.6221553719646842,90.64674377441406,215.75,fixed_strike,91.64810180664062,84.63859558105469,92.26799011230469,101.32789611816406,119.25697326660156,9.059906005859375,5.14984130859375,,,,106.4300537109375,92.50640869140625,-13.92364501953125,72.46688575356245,19.181216053078174,,QuantData term-structure
2026-08-19T16:00:00-04:00,2026-09-11,23,240.0,call,0.34942447386952297,98.75297546386719,215.75,fixed_strike,91.64810180664062,84.63859558105469,92.26799011230469,101.32789611816406,119.25697326660156,9.059906005859375,5.14984130859375,,,,106.4300537109375,92.50640869140625,-13.92364501953125,72.46688575356245,19.181216053078174,,QuantData term-structure
2026-08-19T16:00:00-04:00,2026-09-11,23,240.0,put,-0.6662962163440991,104.47502136230469,215.75,fixed_strike,91.64810180664062,84.63859558105469,92.26799011230469,101.32789611816406,119.25697326660156,9.059906005859375,5.14984130859375,,,,106.4300537109375,92.50640869140625,-13.92364501953125,72.46688575356245,19.181216053078174,,QuantData term-structure
2026-08-19T16:00:00-04:00,2026-09-11,23,242.5,call,0.3609933755402139,96.17805480957031,215.75,fixed_strike,91.64810180664062,84.63859558105469,92.26799011230469,101.32789611816406,119.25697326660156,9.059906005859375,5.14984130859375,,,,106.4300537109375,92.50640869140625,-13.92364501953125,72.46688575356245,19.181216053078174,,QuantData term-structure
2026-08-19T16:00:00-04:00,2026-09-11,23,245.0,call,0.3282454200514915,103.04450988769531,215.75,fixed_strike,91.64810180664062,84.63859558105469,92.26799011230469,101.32789611816406,119.25697326660156,9.059906005859375,5.14984130859375,,,,106.4300537109375,92.50640869140625,-13.92364501953125,72.46688575356245,19.181216053078174,,QuantData term-structure
2026-08-19T16:00:00-04:00,2026-09-11,23,245.0,put,-0.6652996339715037,101.70936584472656,215.75,fixed_strike,91.64810180664062,84.63859558105469,92.26799011230469,101.32789611816406,119.25697326660156,9.059906005859375,5.14984130859375,,,,106.4300537109375,92.50640869140625,-13.92364501953125,72.46688575356245,19.181216053078174,,QuantData term-structure
2026-08-19T16:00:00-04:00,2026-09-11,23,250.0,call,0.29720318578712424,101.23252868652344,215.75,fixed_strike,91.64810180664062,84.63859558105469,92.26799011230469,101.32789611816406,119.25697326660156,9.059906005859375,5.14984130859375,,,,106.4300537109375,92.50640869140625,-13.92364501953125,72.46688575356245,19.181216053078174,,QuantData term-structure
2026-08-19T16:00:00-04:00,2026-09-11,23,252.5,call,0.28029723733927886,109.52949523925781,215.75,fixed_strike,91.64810180664062,84.63859558105469,92.26799011230469,101.32789611816406,119.25697326660156,9.059906005859375,5.14984130859375,,,,106.4300537109375,92.50640869140625,-13.92364501953125,72.46688575356245,19.181216053078174,,QuantData term-structure
2026-08-19T16:00:00-04:00,2026-09-11,23,255.0,call,0.27391528280474575,99.61128234863281,215.75,fixed_strike,91.64810180664062,84.63859558105469,92.26799011230469,101.32789611816406,119.25697326660156,9.059906005859375,5.14984130859375,,,,106.4300537109375,92.50640869140625,-13.92364501953125,72.46688575356245,19.181216053078174,,QuantData term-structure
2026-08-19T16:00:00-04:00,2026-09-11,23,260.0,call,0.2590460303479434,101.51863098144531,215.75,fixed_strike,91.64810180664062,84.63859558105469,92.26799011230469,101.32789611816406,119.25697326660156,9.059906005859375,5.14984130859375,,,,106.4300537109375,92.50640869140625,-13.92364501953125,72.46688575356245,19.181216053078174,,QuantData term-structure
2026-08-19T16:00:00-04:00,2026-09-11,23,260.0,put,-0.7637903686941016,107.90824890136719,215.75,fixed_strike,91.64810180664062,84.63859558105469,92.26799011230469,101.32789611816406,119.25697326660156,9.059906005859375,5.14984130859375,,,,106.4300537109375,92.50640869140625,-13.92364501953125,72.46688575356245,19.181216053078174,,QuantData term-structure
2026-08-19T16:00:00-04:00,2026-09-11,23,262.5,call,0.22933743261968387,99.61128234863281,215.75,fixed_strike,91.64810180664062,84.63859558105469,92.26799011230469,101.32789611816406,119.25697326660156,9.059906005859375,5.14984130859375,,,,106.4300537109375,92.50640869140625,-13.92364501953125,72.46688575356245,19.181216053078174,,QuantData term-structure
2026-08-19T16:00:00-04:00,2026-09-11,23,265.0,call,0.2500375499330575,101.32789611816406,215.75,fixed_strike,91.64810180664062,84.63859558105469,92.26799011230469,101.32789611816406,119.25697326660156,9.059906005859375,5.14984130859375,,,,106.4300537109375,92.50640869140625,-13.92364501953125,72.46688575356245,19.181216053078174,,QuantData term-structure
2026-08-19T16:00:00-04:00,2026-09-11,23,270.0,call,0.19977696687037155,100.46958923339844,215.75,fixed_strike,91.64810180664062,84.63859558105469,92.26799011230469,101.32789611816406,119.25697326660156,9.059906005859375,5.14984130859375,,,,106.4300537109375,92.50640869140625,-13.92364501953125,72.46688575356245,19.181216053078174,,QuantData term-structure
2026-08-19T16:00:00-04:00,2026-09-11,23,275.0,call,0.18341622640403765,103.90281677246094,215.75,fixed_strike,91.64810180664062,84.63859558105469,92.26799011230469,101.32789611816406,119.25697326660156,9.059906005859375,5.14984130859375,,,,106.4300537109375,92.50640869140625,-13.92364501953125,72.46688575356245,19.181216053078174,,QuantData term-structure
2026-08-19T16:00:00-04:00,2026-09-11,23,280.0,call,0.1647137795165144,114.20249938964844,215.75,fixed_strike,91.64810180664062,84.63859558105469,92.26799011230469,101.32789611816406,119.25697326660156,9.059906005859375,5.14984130859375,,,,106.4300537109375,92.50640869140625,-13.92364501953125,72.46688575356245,19.181216053078174,,QuantData term-structure
2026-08-19T16:00:00-04:00,2026-09-11,23,285.0,call,0.1685666210427595,104.18891906738281,215.75,fixed_strike,91.64810180664062,84.63859558105469,92.26799011230469,101.32789611816406,119.25697326660156,9.059906005859375,5.14984130859375,,,,106.4300537109375,92.50640869140625,-13.92364501953125,72.46688575356245,19.181216053078174,,QuantData term-structure
2026-08-19T16:00:00-04:00,2026-09-11,23,300.0,call,0.1259477564052644,107.62214660644531,215.75,fixed_strike,91.64810180664062,84.63859558105469,92.26799011230469,101.32789611816406,119.25697326660156,9.059906005859375,5.14984130859375,,,,106.4300537109375,92.50640869140625,-13.92364501953125,72.46688575356245,19.181216053078174,,QuantData term-structure
2026-08-19T16:00:00-04:00,2026-09-11,23,325.0,call,0.08591375056527872,119.25697326660156,215.75,fixed_strike,91.64810180664062,84.63859558105469,92.26799011230469,101.32789611816406,119.25697326660156,9.059906005859375,5.14984130859375,,,,106.4300537109375,92.50640869140625,-13.92364501953125,72.46688575356245,19.181216053078174,,QuantData term-structure
2026-08-19T16:00:00-04:00,2026-09-11,23,330.0,call,0.08159817504567307,109.52949523925781,215.75,fixed_strike,91.64810180664062,84.63859558105469,92.26799011230469,101.32789611816406,119.25697326660156,9.059906005859375,5.14984130859375,,,,106.4300537109375,92.50640869140625,-13.92364501953125,72.46688575356245,19.181216053078174,,QuantData term-structure
2026-08-19T16:00:00-04:00,2026-09-11,23,360.0,call,0.04648026227584923,112.58125305175781,215.75,fixed_strike,91.64810180664062,84.63859558105469,92.26799011230469,101.32789611816406,119.25697326660156,9.059906005859375,5.14984130859375,,,,106.4300537109375,92.50640869140625,-13.92364501953125,72.46688575356245,19.181216053078174,,QuantData term-structure
2026-08-19T16:00:00-04:00,2026-09-11,23,390.0,call,0.040688996326722876,126.98173522949219,215.75,fixed_strike,91.64810180664062,84.63859558105469,92.26799011230469,101.32789611816406,119.25697326660156,9.059906005859375,5.14984130859375,,,,106.4300537109375,92.50640869140625,-13.92364501953125,72.46688575356245,19.181216053078174,,QuantData term-structure
2026-08-19T16:00:00-04:00,2026-09-18,30,90.0,put,-0.013225480689777655,148.4394073486328,215.75,fixed_strike,92.50640869140625,85.59226989746094,89.59770202636719,104.47502136230469,111.81831359863281,14.8773193359375,4.5299530029296875,,,,106.4300537109375,92.50640869140625,-13.92364501953125,72.46688575356245,20.0395229378438,,QuantData term-structure
2026-08-19T16:00:00-04:00,2026-09-18,30,95.0,put,-0.00429505889307534,112.19978332519531,215.75,fixed_strike,92.50640869140625,85.59226989746094,89.59770202636719,104.47502136230469,111.81831359863281,14.8773193359375,4.5299530029296875,,,,106.4300537109375,92.50640869140625,-13.92364501953125,72.46688575356245,20.0395229378438,,QuantData term-structure
2026-08-19T16:00:00-04:00,2026-09-18,30,105.0,put,-0.010331863077611013,114.10713195800781,215.75,fixed_strike,92.50640869140625,85.59226989746094,89.59770202636719,104.47502136230469,111.81831359863281,14.8773193359375,4.5299530029296875,,,,106.4300537109375,92.50640869140625,-13.92364501953125,72.46688575356245,20.0395229378438,,QuantData term-structure
2026-08-19T16:00:00-04:00,2026-09-18,30,120.0,put,-0.022245477947743626,104.66575622558594,215.75,fixed_strike,92.50640869140625,85.59226989746094,89.59770202636719,104.47502136230469,111.81831359863281,14.8773193359375,4.5299530029296875,,,,106.4300537109375,92.50640869140625,-13.92364501953125,72.46688575356245,20.0395229378438,,QuantData term-structure
2026-08-19T16:00:00-04:00,2026-09-18,30,125.0,put,-0.013360647366945057,83.39881896972656,215.75,fixed_strike,92.50640869140625,85.59226989746094,89.59770202636719,104.47502136230469,111.81831359863281,14.8773193359375,4.5299530029296875,,,,106.4300537109375,92.50640869140625,-13.92364501953125,72.46688575356245,20.0395229378438,,QuantData term-structure
2026-08-19T16:00:00-04:00,2026-09-18,30,130.0,put,-0.017740707426788425,87.02278137207031,215.75,fixed_strike,92.50640869140625,85.59226989746094,89.59770202636719,104.47502136230469,111.81831359863281,14.8773193359375,4.5299530029296875,,,,106.4300537109375,92.50640869140625,-13.92364501953125,72.46688575356245,20.0395229378438,,QuantData term-structure
2026-08-19T16:00:00-04:00,2026-09-18,30,135.0,put,-0.02482151687759774,86.54594421386719,215.75,fixed_strike,92.50640869140625,85.59226989746094,89.59770202636719,104.47502136230469,111.81831359863281,14.8773193359375,4.5299530029296875,,,,106.4300537109375,92.50640869140625,-13.92364501953125,72.46688575356245,20.0395229378438,,QuantData term-structure
2026-08-19T16:00:00-04:00,2026-09-18,30,140.0,call,0.9716698433018536,81.20536804199219,215.75,fixed_strike,92.50640869140625,85.59226989746094,89.59770202636719,104.47502136230469,111.81831359863281,14.8773193359375,4.5299530029296875,,,,106.4300537109375,92.50640869140625,-13.92364501953125,72.46688575356245,20.0395229378438,,QuantData term-structure
2026-08-19T16:00:00-04:00,2026-09-18,30,140.0,put,-0.03764722409562756,86.54594421386719,215.75,fixed_strike,92.50640869140625,85.59226989746094,89.59770202636719,104.47502136230469,111.81831359863281,14.8773193359375,4.5299530029296875,,,,106.4300537109375,92.50640869140625,-13.92364501953125,72.46688575356245,20.0395229378438,,QuantData term-structure
2026-08-19T16:00:00-04:00,2026-09-18,30,145.0,put,-0.044105957759227044,85.02006530761719,215.75,fixed_strike,92.50640869140625,85.59226989746094,89.59770202636719,104.47502136230469,111.81831359863281,14.8773193359375,4.5299530029296875,,,,106.4300537109375,92.50640869140625,-13.92364501953125,72.46688575356245,20.0395229378438,,QuantData term-structure
2026-08-19T16:00:00-04:00,2026-09-18,30,150.0,put,-0.06128919818362061,85.78300476074219,215.75,fixed_strike,92.50640869140625,85.59226989746094,89.59770202636719,104.47502136230469,111.81831359863281,14.8773193359375,4.5299530029296875,,,,106.4300537109375,92.50640869140625,-13.92364501953125,72.46688575356245,20.0395229378438,,QuantData term-structure
2026-08-19T16:00:00-04:00,2026-09-18,30,155.0,put,-0.08104855472418554,86.06910705566406,215.75,fixed_strike,92.50640869140625,85.59226989746094,89.59770202636719,104.47502136230469,111.81831359863281,14.8773193359375,4.5299530029296875,,,,106.4300537109375,92.50640869140625,-13.92364501953125,72.46688575356245,20.0395229378438,,QuantData term-structure
2026-08-19T16:00:00-04:00,2026-09-18,30,160.0,call,0.8865725733917167,85.02006530761719,215.75,fixed_strike,92.50640869140625,85.59226989746094,89.59770202636719,104.47502136230469,111.81831359863281,14.8773193359375,4.5299530029296875,,,,106.4300537109375,92.50640869140625,-13.92364501953125,72.46688575356245,20.0395229378438,,QuantData term-structure
2026-08-19T16:00:00-04:00,2026-09-18,30,160.0,put,-0.09358145991996947,85.59226989746094,215.75,fixed_strike,92.50640869140625,85.59226989746094,89.59770202636719,104.47502136230469,111.81831359863281,14.8773193359375,4.5299530029296875,,,,106.4300537109375,92.50640869140625,-13.92364501953125,72.46688575356245,20.0395229378438,,QuantData term-structure
2026-08-19T16:00:00-04:00,2026-09-18,30,165.0,call,0.858707297412876,88.45329284667969,215.75,fixed_strike,92.50640869140625,85.59226989746094,89.59770202636719,104.47502136230469,111.81831359863281,14.8773193359375,4.5299530029296875,,,,106.4300537109375,92.50640869140625,-13.92364501953125,72.46688575356245,20.0395229378438,,QuantData term-structure
2026-08-19T16:00:00-04:00,2026-09-18,30,165.0,put,-0.13104839569761595,86.16447448730469,215.75,fixed_strike,92.50640869140625,85.59226989746094,89.59770202636719,104.47502136230469,111.81831359863281,14.8773193359375,4.5299530029296875,,,,106.4300537109375,92.50640869140625,-13.92364501953125,72.46688575356245,20.0395229378438,,QuantData term-structure
2026-08-19T16:00:00-04:00,2026-09-18,30,170.0,call,0.838746813852633,84.73396301269531,215.75,fixed_strike,92.50640869140625,85.59226989746094,89.59770202636719,104.47502136230469,111.81831359863281,14.8773193359375,4.5299530029296875,,,,106.4300537109375,92.50640869140625,-13.92364501953125,72.46688575356245,20.0395229378438,,QuantData term-structure
2026-08-19T16:00:00-04:00,2026-09-18,30,170.0,put,-0.1531504900809319,87.02278137207031,215.75,fixed_strike,92.50640869140625,85.59226989746094,89.59770202636719,104.47502136230469,111.81831359863281,14.8773193359375,4.5299530029296875,,,,106.4300537109375,92.50640869140625,-13.92364501953125,72.46688575356245,20.0395229378438,,QuantData term-structure
2026-08-19T16:00:00-04:00,2026-09-18,30,175.0,put,-0.18564972403564367,87.88108825683594,215.75,fixed_strike,92.50640869140625,85.59226989746094,89.59770202636719,104.47502136230469,111.81831359863281,14.8773193359375,4.5299530029296875,,,,106.4300537109375,92.50640869140625,-13.92364501953125,72.46688575356245,20.0395229378438,,QuantData term-structure
2026-08-19T16:00:00-04:00,2026-09-18,30,180.0,call,0.7781768291560731,87.97645568847656,215.75,fixed_strike,92.50640869140625,85.59226989746094,89.59770202636719,104.47502136230469,111.81831359863281,14.8773193359375,4.5299530029296875,,,,106.4300537109375,92.50640869140625,-13.92364501953125,72.46688575356245,20.0395229378438,,QuantData term-structure
2026-08-19T16:00:00-04:00,2026-09-18,30,180.0,put,-0.1979646517008669,89.59770202636719,215.75,fixed_strike,92.50640869140625,85.59226989746094,89.59770202636719,104.47502136230469,111.81831359863281,14.8773193359375,4.5299530029296875,,,,106.4300537109375,92.50640869140625,-13.92364501953125,72.46688575356245,20.0395229378438,,QuantData term-structure
2026-08-19T16:00:00-04:00,2026-09-18,30,185.0,call,0.7313938839597525,88.54866027832031,215.75,fixed_strike,92.50640869140625,85.59226989746094,89.59770202636719,104.47502136230469,111.81831359863281,14.8773193359375,4.5299530029296875,,,,106.4300537109375,92.50640869140625,-13.92364501953125,72.46688575356245,20.0395229378438,,QuantData term-structure
2026-08-19T16:00:00-04:00,2026-09-18,30,185.0,put,-0.24305653161078739,89.59770202636719,215.75,fixed_strike,92.50640869140625,85.59226989746094,89.59770202636719,104.47502136230469,111.81831359863281,14.8773193359375,4.5299530029296875,,,,106.4300537109375,92.50640869140625,-13.92364501953125,72.46688575356245,20.0395229378438,,QuantData term-structure
2026-08-19T16:00:00-04:00,2026-09-18,30,190.0,call,0.68257042743141,89.40696716308594,215.75,fixed_strike,92.50640869140625,85.59226989746094,89.59770202636719,104.47502136230469,111.81831359863281,14.8773193359375,4.5299530029296875,,,,106.4300537109375,92.50640869140625,-13.92364501953125,72.46688575356245,20.0395229378438,,QuantData term-structure
2026-08-19T16:00:00-04:00,2026-09-18,30,190.0,put,-0.2644354754188465,91.79115295410156,215.75,fixed_strike,92.50640869140625,85.59226989746094,89.59770202636719,104.47502136230469,111.81831359863281,14.8773193359375,4.5299530029296875,,,,106.4300537109375,92.50640869140625,-13.92364501953125,72.46688575356245,20.0395229378438,,QuantData term-structure
2026-08-19T16:00:00-04:00,2026-09-18,30,195.0,call,0.671551382851368,83.01734924316406,215.75,fixed_strike,92.50640869140625,85.59226989746094,89.59770202636719,104.47502136230469,111.81831359863281,14.8773193359375,4.5299530029296875,,,,106.4300537109375,92.50640869140625,-13.92364501953125,72.46688575356245,20.0395229378438,,QuantData term-structure
2026-08-19T16:00:00-04:00,2026-09-18,30,195.0,put,-0.31648418166429276,90.55137634277344,215.75,fixed_strike,92.50640869140625,85.59226989746094,89.59770202636719,104.47502136230469,111.81831359863281,14.8773193359375,4.5299530029296875,,,,106.4300537109375,92.50640869140625,-13.92364501953125,72.46688575356245,20.0395229378438,,QuantData term-structure
2026-08-19T16:00:00-04:00,2026-09-18,30,200.0,call,0.6586854862680068,91.69578552246094,215.75,fixed_strike,92.50640869140625,85.59226989746094,89.59770202636719,104.47502136230469,111.81831359863281,14.8773193359375,4.5299530029296875,,,,106.4300537109375,92.50640869140625,-13.92364501953125,72.46688575356245,20.0395229378438,,QuantData term-structure
2026-08-19T16:00:00-04:00,2026-09-18,30,200.0,put,-0.3332137797165716,92.93556213378906,215.75,fixed_strike,92.50640869140625,85.59226989746094,89.59770202636719,104.47502136230469,111.81831359863281,14.8773193359375,4.5299530029296875,,,,106.4300537109375,92.50640869140625,-13.92364501953125,72.46688575356245,20.0395229378438,,QuantData term-structure
2026-08-19T16:00:00-04:00,2026-09-18,30,210.0,call,0.5959607187515479,94.07997131347656,215.75,fixed_strike,92.50640869140625,85.59226989746094,89.59770202636719,104.47502136230469,111.81831359863281,14.8773193359375,4.5299530029296875,,,,106.4300537109375,92.50640869140625,-13.92364501953125,72.46688575356245,20.0395229378438,,QuantData term-structure
2026-08-19T16:00:00-04:00,2026-09-18,30,210.0,put,-0.4015215717348968,93.22166442871094,215.75,fixed_strike,92.50640869140625,85.59226989746094,89.59770202636719,104.47502136230469,111.81831359863281,14.8773193359375,4.5299530029296875,,,,106.4300537109375,92.50640869140625,-13.92364501953125,72.46688575356245,20.0395229378438,,QuantData term-structure
2026-08-19T16:00:00-04:00,2026-09-18,30,220.0,call,0.5316945757285487,94.65217590332031,215.75,fixed_strike,92.50640869140625,85.59226989746094,89.59770202636719,104.47502136230469,111.81831359863281,14.8773193359375,4.5299530029296875,,,,106.4300537109375,92.50640869140625,-13.92364501953125,72.46688575356245,20.0395229378438,,QuantData term-structure
2026-08-19T16:00:00-04:00,2026-09-18,30,220.0,put,-0.4937053121163894,90.36064147949219,215.75,fixed_strike,92.50640869140625,85.59226989746094,89.59770202636719,104.47502136230469,111.81831359863281,14.8773193359375,4.5299530029296875,,,,106.4300537109375,92.50640869140625,-13.92364501953125,72.46688575356245,20.0395229378438,,QuantData term-structure
2026-08-19T16:00:00-04:00,2026-09-18,30,230.0,call,0.46958696718013515,96.84562683105469,215.75,fixed_strike,92.50640869140625,85.59226989746094,89.59770202636719,104.47502136230469,111.81831359863281,14.8773193359375,4.5299530029296875,,,,106.4300537109375,92.50640869140625,-13.92364501953125,72.46688575356245,20.0395229378438,,QuantData term-structure
2026-08-19T16:00:00-04:00,2026-09-18,30,230.0,put,-0.5738851247478687,93.31703186035156,215.75,fixed_strike,92.50640869140625,85.59226989746094,89.59770202636719,104.47502136230469,111.81831359863281,14.8773193359375,4.5299530029296875,,,,106.4300537109375,92.50640869140625,-13.92364501953125,72.46688575356245,20.0395229378438,,QuantData term-structure
2026-08-19T16:00:00-04:00,2026-09-18,30,240.0,call,0.41684175314900673,100.75569152832031,215.75,fixed_strike,92.50640869140625,85.59226989746094,89.59770202636719,104.47502136230469,111.81831359863281,14.8773193359375,4.5299530029296875,,,,106.4300537109375,92.50640869140625,-13.92364501953125,72.46688575356245,20.0395229378438,,QuantData term-structure
2026-08-19T16:00:00-04:00,2026-09-18,30,240.0,put,-0.6092307302109158,99.89738464355469,215.75,fixed_strike,92.50640869140625,85.59226989746094,89.59770202636719,104.47502136230469,111.81831359863281,14.8773193359375,4.5299530029296875,,,,106.4300537109375,92.50640869140625,-13.92364501953125,72.46688575356245,20.0395229378438,,QuantData term-structure
2026-08-19T16:00:00-04:00,2026-09-18,30,250.0,call,0.3613743282627345,100.27885437011719,215.75,fixed_strike,92.50640869140625,85.59226989746094,89.59770202636719,104.47502136230469,111.81831359863281,14.8773193359375,4.5299530029296875,,,,106.4300537109375,92.50640869140625,-13.92364501953125,72.46688575356245,20.0395229378438,,QuantData term-structure
2026-08-19T16:00:00-04:00,2026-09-18,30,250.0,put,-0.6663669900480147,98.37150573730469,215.75,fixed_strike,92.50640869140625,85.59226989746094,89.59770202636719,104.47502136230469,111.81831359863281,14.8773193359375,4.5299530029296875,,,,106.4300537109375,92.50640869140625,-13.92364501953125,72.46688575356245,20.0395229378438,,QuantData term-structure
2026-08-19T16:00:00-04:00,2026-09-18,30,260.0,call,0.31597026100424896,101.80473327636719,215.75,fixed_strike,92.50640869140625,85.59226989746094,89.59770202636719,104.47502136230469,111.81831359863281,14.8773193359375,4.5299530029296875,,,,106.4300537109375,92.50640869140625,-13.92364501953125,72.46688575356245,20.0395229378438,,QuantData term-structure
2026-08-19T16:00:00-04:00,2026-09-18,30,260.0,put,-0.6828809874561194,107.14530944824219,215.75,fixed_strike,92.50640869140625,85.59226989746094,89.59770202636719,104.47502136230469,111.81831359863281,14.8773193359375,4.5299530029296875,,,,106.4300537109375,92.50640869140625,-13.92364501953125,72.46688575356245,20.0395229378438,,QuantData term-structure
2026-08-19T16:00:00-04:00,2026-09-18,30,270.0,call,0.2746111745082477,103.13987731933594,215.75,fixed_strike,92.50640869140625,85.59226989746094,89.59770202636719,104.47502136230469,111.81831359863281,14.8773193359375,4.5299530029296875,,,,106.4300537109375,92.50640869140625,-13.92364501953125,72.46688575356245,20.0395229378438,,QuantData term-structure
2026-08-19T16:00:00-04:00,2026-09-18,30,280.0,call,0.23992329022606368,104.47502136230469,215.75,fixed_strike,92.50640869140625,85.59226989746094,89.59770202636719,104.47502136230469,111.81831359863281,14.8773193359375,4.5299530029296875,,,,106.4300537109375,92.50640869140625,-13.92364501953125,72.46688575356245,20.0395229378438,,QuantData term-structure
2026-08-19T16:00:00-04:00,2026-09-18,30,290.0,call,0.18650911323425085,103.99818420410156,215.75,fixed_strike,92.50640869140625,85.59226989746094,89.59770202636719,104.47502136230469,111.81831359863281,14.8773193359375,4.5299530029296875,,,,106.4300537109375,92.50640869140625,-13.92364501953125,72.46688575356245,20.0395229378438,,QuantData term-structure
2026-08-19T16:00:00-04:00,2026-09-18,30,300.0,call,0.18282517488633204,107.24067687988281,215.75,fixed_strike,92.50640869140625,85.59226989746094,89.59770202636719,104.47502136230469,111.81831359863281,14.8773193359375,4.5299530029296875,,,,106.4300537109375,92.50640869140625,-13.92364501953125,72.46688575356245,20.0395229378438,,QuantData term-structure
2026-08-19T16:00:00-04:00,2026-09-18,30,310.0,call,0.14529775586284666,107.43141174316406,215.75,fixed_strike,92.50640869140625,85.59226989746094,89.59770202636719,104.47502136230469,111.81831359863281,14.8773193359375,4.5299530029296875,,,,106.4300537109375,92.50640869140625,-13.92364501953125,72.46688575356245,20.0395229378438,,QuantData term-structure
2026-08-19T16:00:00-04:00,2026-09-18,30,320.0,call,0.1382304405109827,109.43412780761719,215.75,fixed_strike,92.50640869140625,85.59226989746094,89.59770202636719,104.47502136230469,111.81831359863281,14.8773193359375,4.5299530029296875,,,,106.4300537109375,92.50640869140625,-13.92364501953125,72.46688575356245,20.0395229378438,,QuantData term-structure
2026-08-19T16:00:00-04:00,2026-09-18,30,330.0,call,0.11619177593127217,108.86192321777344,215.75,fixed_strike,92.50640869140625,85.59226989746094,89.59770202636719,104.47502136230469,111.81831359863281,14.8773193359375,4.5299530029296875,,,,106.4300537109375,92.50640869140625,-13.92364501953125,72.46688575356245,20.0395229378438,,QuantData term-structure
2026-08-19T16:00:00-04:00,2026-09-18,30,340.0,call,0.09873684371618802,111.81831359863281,215.75,fixed_strike,92.50640869140625,85.59226989746094,89.59770202636719,104.47502136230469,111.81831359863281,14.8773193359375,4.5299530029296875,,,,106.4300537109375,92.50640869140625,-13.92364501953125,72.46688575356245,20.0395229378438,,QuantData term-structure
2026-08-19T16:00:00-04:00,2026-09-18,30,350.0,call,0.09537466643891612,114.01176452636719,215.75,fixed_strike,92.50640869140625,85.59226989746094,89.59770202636719,104.47502136230469,111.81831359863281,14.8773193359375,4.5299530029296875,,,,106.4300537109375,92.50640869140625,-13.92364501953125,72.46688575356245,20.0395229378438,,QuantData term-structure
2026-08-19T16:00:00-04:00,2026-09-18,30,360.0,call,0.07342227875501611,116.01448059082031,215.75,fixed_strike,92.50640869140625,85.59226989746094,89.59770202636719,104.47502136230469,111.81831359863281,14.8773193359375,4.5299530029296875,,,,106.4300537109375,92.50640869140625,-13.92364501953125,72.46688575356245,20.0395229378438,,QuantData term-structure
2026-08-19T16:00:00-04:00,2026-09-18,30,380.0,call,0.053675484632969395,114.20249938964844,215.75,fixed_strike,92.50640869140625,85.59226989746094,89.59770202636719,104.47502136230469,111.81831359863281,14.8773193359375,4.5299530029296875,,,,106.4300537109375,92.50640869140625,-13.92364501953125,72.46688575356245,20.0395229378438,,QuantData term-structure
2026-08-19T16:00:00-04:00,2026-09-18,30,390.0,call,0.05518399260657475,118.87550354003906,215.75,fixed_strike,92.50640869140625,85.59226989746094,89.59770202636719,104.47502136230469,111.81831359863281,14.8773193359375,4.5299530029296875,,,,106.4300537109375,92.50640869140625,-13.92364501953125,72.46688575356245,20.0395229378438,,QuantData term-structure
2026-08-19T16:00:00-04:00,2026-09-25,37,115.0,put,-0.015862338006739016,95.41511535644531,215.75,fixed_strike,94.9859619140625,87.11814880371094,90.74211120605469,108.86192321777344,113.53492736816406,18.11981201171875,4.8160552978515625,,,,106.4300537109375,92.50640869140625,-13.92364501953125,72.46688575356245,22.51907616050005,,QuantData term-structure
2026-08-19T16:00:00-04:00,2026-09-25,37,140.0,put,-0.061065914777228,88.73939514160156,215.75,fixed_strike,94.9859619140625,87.11814880371094,90.74211120605469,108.86192321777344,113.53492736816406,18.11981201171875,4.8160552978515625,,,,106.4300537109375,92.50640869140625,-13.92364501953125,72.46688575356245,22.51907616050005,,QuantData term-structure
2026-08-19T16:00:00-04:00,2026-09-25,37,145.0,put,-0.06534069151875888,84.63859558105469,215.75,fixed_strike,94.9859619140625,87.11814880371094,90.74211120605469,108.86192321777344,113.53492736816406,18.11981201171875,4.8160552978515625,,,,106.4300537109375,92.50640869140625,-13.92364501953125,72.46688575356245,22.51907616050005,,QuantData term-structure
2026-08-19T16:00:00-04:00,2026-09-25,37,150.0,put,-0.07819282789284754,84.44786071777344,215.75,fixed_strike,94.9859619140625,87.11814880371094,90.74211120605469,108.86192321777344,113.53492736816406,18.11981201171875,4.8160552978515625,,,,106.4300537109375,92.50640869140625,-13.92364501953125,72.46688575356245,22.51907616050005,,QuantData term-structure
2026-08-19T16:00:00-04:00,2026-09-25,37,155.0,put,-0.10451306021986567,87.11814880371094,215.75,fixed_strike,94.9859619140625,87.11814880371094,90.74211120605469,108.86192321777344,113.53492736816406,18.11981201171875,4.8160552978515625,,,,106.4300537109375,92.50640869140625,-13.92364501953125,72.46688575356245,22.51907616050005,,QuantData term-structure
2026-08-19T16:00:00-04:00,2026-09-25,37,160.0,put,-0.12916865599314697,88.93013000488281,215.75,fixed_strike,94.9859619140625,87.11814880371094,90.74211120605469,108.86192321777344,113.53492736816406,18.11981201171875,4.8160552978515625,,,,106.4300537109375,92.50640869140625,-13.92364501953125,72.46688575356245,22.51907616050005,,QuantData term-structure
2026-08-19T16:00:00-04:00,2026-09-25,37,165.0,put,-0.14362989684061483,86.64131164550781,215.75,fixed_strike,94.9859619140625,87.11814880371094,90.74211120605469,108.86192321777344,113.53492736816406,18.11981201171875,4.8160552978515625,,,,106.4300537109375,92.50640869140625,-13.92364501953125,72.46688575356245,22.51907616050005,,QuantData term-structure
2026-08-19T16:00:00-04:00,2026-09-25,37,170.0,put,-0.16824257126542896,83.30345153808594,215.75,fixed_strike,94.9859619140625,87.11814880371094,90.74211120605469,108.86192321777344,113.53492736816406,18.11981201171875,4.8160552978515625,,,,106.4300537109375,92.50640869140625,-13.92364501953125,72.46688575356245,22.51907616050005,,QuantData term-structure
2026-08-19T16:00:00-04:00,2026-09-25,37,175.0,put,-0.20371325638832105,87.59498596191406,215.75,fixed_strike,94.9859619140625,87.11814880371094,90.74211120605469,108.86192321777344,113.53492736816406,18.11981201171875,4.8160552978515625,,,,106.4300537109375,92.50640869140625,-13.92364501953125,72.46688575356245,22.51907616050005,,QuantData term-structure
2026-08-19T16:00:00-04:00,2026-09-25,37,180.0,put,-0.24819957695995648,90.74211120605469,215.75,fixed_strike,94.9859619140625,87.11814880371094,90.74211120605469,108.86192321777344,113.53492736816406,18.11981201171875,4.8160552978515625,,,,106.4300537109375,92.50640869140625,-13.92364501953125,72.46688575356245,22.51907616050005,,QuantData term-structure
2026-08-19T16:00:00-04:00,2026-09-25,37,185.0,put,-0.269295975368651,92.74482727050781,215.75,fixed_strike,94.9859619140625,87.11814880371094,90.74211120605469,108.86192321777344,113.53492736816406,18.11981201171875,4.8160552978515625,,,,106.4300537109375,92.50640869140625,-13.92364501953125,72.46688575356245,22.51907616050005,,QuantData term-structure
2026-08-19T16:00:00-04:00,2026-09-25,37,190.0,call,0.6893022509504734,92.84019470214844,215.75,fixed_strike,94.9859619140625,87.11814880371094,90.74211120605469,108.86192321777344,113.53492736816406,18.11981201171875,4.8160552978515625,,,,106.4300537109375,92.50640869140625,-13.92364501953125,72.46688575356245,22.51907616050005,,QuantData term-structure
2026-08-19T16:00:00-04:00,2026-09-25,37,190.0,put,-0.3100083000052006,92.26799011230469,215.75,fixed_strike,94.9859619140625,87.11814880371094,90.74211120605469,108.86192321777344,113.53492736816406,18.11981201171875,4.8160552978515625,,,,106.4300537109375,92.50640869140625,-13.92364501953125,72.46688575356245,22.51907616050005,,QuantData term-structure
2026-08-19T16:00:00-04:00,2026-09-25,37,195.0,put,-0.37594459288455884,94.74754333496094,215.75,fixed_strike,94.9859619140625,87.11814880371094,90.74211120605469,108.86192321777344,113.53492736816406,18.11981201171875,4.8160552978515625,,,,106.4300537109375,92.50640869140625,-13.92364501953125,72.46688575356245,22.51907616050005,,QuantData term-structure
2026-08-19T16:00:00-04:00,2026-09-25,37,200.0,call,0.6625770577177315,91.12358093261719,215.75,fixed_strike,94.9859619140625,87.11814880371094,90.74211120605469,108.86192321777344,113.53492736816406,18.11981201171875,4.8160552978515625,,,,106.4300537109375,92.50640869140625,-13.92364501953125,72.46688575356245,22.51907616050005,,QuantData term-structure
2026-08-19T16:00:00-04:00,2026-09-25,37,200.0,put,-0.3686307103996726,93.22166442871094,215.75,fixed_strike,94.9859619140625,87.11814880371094,90.74211120605469,108.86192321777344,113.53492736816406,18.11981201171875,4.8160552978515625,,,,106.4300537109375,92.50640869140625,-13.92364501953125,72.46688575356245,22.51907616050005,,QuantData term-structure
2026-08-19T16:00:00-04:00,2026-09-25,37,207.5,call,0.5743540781826703,96.65489196777344,215.75,fixed_strike,94.9859619140625,87.11814880371094,90.74211120605469,108.86192321777344,113.53492736816406,18.11981201171875,4.8160552978515625,,,,106.4300537109375,92.50640869140625,-13.92364501953125,72.46688575356245,22.51907616050005,,QuantData term-structure
2026-08-19T16:00:00-04:00,2026-09-25,37,210.0,call,0.5954298653570325,93.03092956542969,215.75,fixed_strike,94.9859619140625,87.11814880371094,90.74211120605469,108.86192321777344,113.53492736816406,18.11981201171875,4.8160552978515625,,,,106.4300537109375,92.50640869140625,-13.92364501953125,72.46688575356245,22.51907616050005,,QuantData term-structure
2026-08-19T16:00:00-04:00,2026-09-25,37,210.0,put,-0.43101320948121563,93.22166442871094,215.75,fixed_strike,94.9859619140625,87.11814880371094,90.74211120605469,108.86192321777344,113.53492736816406,18.11981201171875,4.8160552978515625,,,,106.4300537109375,92.50640869140625,-13.92364501953125,72.46688575356245,22.51907616050005,,QuantData term-structure
2026-08-19T16:00:00-04:00,2026-09-25,37,212.5,call,0.5575253953084514,93.79386901855469,215.75,fixed_strike,94.9859619140625,87.11814880371094,90.74211120605469,108.86192321777344,113.53492736816406,18.11981201171875,4.8160552978515625,,,,106.4300537109375,92.50640869140625,-13.92364501953125,72.46688575356245,22.51907616050005,,QuantData term-structure
2026-08-19T16:00:00-04:00,2026-09-25,37,215.0,call,0.5617175112668351,94.84291076660156,215.75,fixed_strike,94.9859619140625,87.11814880371094,90.74211120605469,108.86192321777344,113.53492736816406,18.11981201171875,4.8160552978515625,,,,106.4300537109375,92.50640869140625,-13.92364501953125,72.46688575356245,22.51907616050005,,QuantData term-structure
2026-08-19T16:00:00-04:00,2026-09-25,37,215.0,put,-0.5080114114160078,95.12901306152344,215.75,fixed_strike,94.9859619140625,87.11814880371094,90.74211120605469,108.86192321777344,113.53492736816406,18.11981201171875,4.8160552978515625,,,,106.4300537109375,92.50640869140625,-13.92364501953125,72.46688575356245,22.51907616050005,,QuantData term-structure
2026-08-19T16:00:00-04:00,2026-09-25,37,217.5,call,0.5302116121353253,93.03092956542969,215.75,fixed_strike,94.9859619140625,87.11814880371094,90.74211120605469,108.86192321777344,113.53492736816406,18.11981201171875,4.8160552978515625,,,,106.4300537109375,92.50640869140625,-13.92364501953125,72.46688575356245,22.51907616050005,,QuantData term-structure
2026-08-19T16:00:00-04:00,2026-09-25,37,220.0,call,0.5062096990282428,95.03364562988281,215.75,fixed_strike,94.9859619140625,87.11814880371094,90.74211120605469,108.86192321777344,113.53492736816406,18.11981201171875,4.8160552978515625,,,,106.4300537109375,92.50640869140625,-13.92364501953125,72.46688575356245,22.51907616050005,,QuantData term-structure
2026-08-19T16:00:00-04:00,2026-09-25,37,220.0,put,-0.4987747719492095,101.51863098144531,215.75,fixed_strike,94.9859619140625,87.11814880371094,90.74211120605469,108.86192321777344,113.53492736816406,18.11981201171875,4.8160552978515625,,,,106.4300537109375,92.50640869140625,-13.92364501953125,72.46688575356245,22.51907616050005,,QuantData term-structure
2026-08-19T16:00:00-04:00,2026-09-25,37,222.5,call,0.483151530987196,97.60856628417969,215.75,fixed_strike,94.9859619140625,87.11814880371094,90.74211120605469,108.86192321777344,113.53492736816406,18.11981201171875,4.8160552978515625,,,,106.4300537109375,92.50640869140625,-13.92364501953125,72.46688575356245,22.51907616050005,,QuantData term-structure
2026-08-19T16:00:00-04:00,2026-09-25,37,222.5,put,-0.5032871446032127,96.36878967285156,215.75,fixed_strike,94.9859619140625,87.11814880371094,90.74211120605469,108.86192321777344,113.53492736816406,18.11981201171875,4.8160552978515625,,,,106.4300537109375,92.50640869140625,-13.92364501953125,72.46688575356245,22.51907616050005,,QuantData term-structure
2026-08-19T16:00:00-04:00,2026-09-25,37,227.5,call,0.47470972635597697,94.36607360839844,215.75,fixed_strike,94.9859619140625,87.11814880371094,90.74211120605469,108.86192321777344,113.53492736816406,18.11981201171875,4.8160552978515625,,,,106.4300537109375,92.50640869140625,-13.92364501953125,72.46688575356245,22.51907616050005,,QuantData term-structure
2026-08-19T16:00:00-04:00,2026-09-25,37,230.0,call,0.4384406805458656,90.45600891113281,215.75,fixed_strike,94.9859619140625,87.11814880371094,90.74211120605469,108.86192321777344,113.53492736816406,18.11981201171875,4.8160552978515625,,,,106.4300537109375,92.50640869140625,-13.92364501953125,72.46688575356245,22.51907616050005,,QuantData term-structure
2026-08-19T16:00:00-04:00,2026-09-25,37,230.0,put,-0.5017544038761761,96.75025939941406,215.75,fixed_strike,94.9859619140625,87.11814880371094,90.74211120605469,108.86192321777344,113.53492736816406,18.11981201171875,4.8160552978515625,,,,106.4300537109375,92.50640869140625,-13.92364501953125,72.46688575356245,22.51907616050005,,QuantData term-structure
2026-08-19T16:00:00-04:00,2026-09-25,37,232.5,call,0.4284131722194928,84.35249328613281,215.75,fixed_strike,94.9859619140625,87.11814880371094,90.74211120605469,108.86192321777344,113.53492736816406,18.11981201171875,4.8160552978515625,,,,106.4300537109375,92.50640869140625,-13.92364501953125,72.46688575356245,22.51907616050005,,QuantData term-structure
2026-08-19T16:00:00-04:00,2026-09-25,37,235.0,call,0.4281190679606473,96.17805480957031,215.75,fixed_strike,94.9859619140625,87.11814880371094,90.74211120605469,108.86192321777344,113.53492736816406,18.11981201171875,4.8160552978515625,,,,106.4300537109375,92.50640869140625,-13.92364501953125,72.46688575356245,22.51907616050005,,QuantData term-structure
2026-08-19T16:00:00-04:00,2026-09-25,37,237.5,put,-0.5697617479305266,100.56495666503906,215.75,fixed_strike,94.9859619140625,87.11814880371094,90.74211120605469,108.86192321777344,113.53492736816406,18.11981201171875,4.8160552978515625,,,,106.4300537109375,92.50640869140625,-13.92364501953125,72.46688575356245,22.51907616050005,,QuantData term-structure
2026-08-19T16:00:00-04:00,2026-09-25,37,240.0,call,0.39152838136141954,97.41783142089844,215.75,fixed_strike,94.9859619140625,87.11814880371094,90.74211120605469,108.86192321777344,113.53492736816406,18.11981201171875,4.8160552978515625,,,,106.4300537109375,92.50640869140625,-13.92364501953125,72.46688575356245,22.51907616050005,,QuantData term-structure
2026-08-19T16:00:00-04:00,2026-09-25,37,240.0,put,-0.5812578303519299,101.04179382324219,215.75,fixed_strike,94.9859619140625,87.11814880371094,90.74211120605469,108.86192321777344,113.53492736816406,18.11981201171875,4.8160552978515625,,,,106.4300537109375,92.50640869140625,-13.92364501953125,72.46688575356245,22.51907616050005,,QuantData term-structure
2026-08-19T16:00:00-04:00,2026-09-25,37,245.0,call,0.38433373297611956,96.36878967285156,215.75,fixed_strike,94.9859619140625,87.11814880371094,90.74211120605469,108.86192321777344,113.53492736816406,18.11981201171875,4.8160552978515625,,,,106.4300537109375,92.50640869140625,-13.92364501953125,72.46688575356245,22.51907616050005,,QuantData term-structure
2026-08-19T16:00:00-04:00,2026-09-25,37,247.5,call,0.3885760097764156,97.79930114746094,215.75,fixed_strike,94.9859619140625,87.11814880371094,90.74211120605469,108.86192321777344,113.53492736816406,18.11981201171875,4.8160552978515625,,,,106.4300537109375,92.50640869140625,-13.92364501953125,72.46688575356245,22.51907616050005,,QuantData term-structure
2026-08-19T16:00:00-04:00,2026-09-25,37,250.0,call,0.354017613288414,99.22981262207031,215.75,fixed_strike,94.9859619140625,87.11814880371094,90.74211120605469,108.86192321777344,113.53492736816406,18.11981201171875,4.8160552978515625,,,,106.4300537109375,92.50640869140625,-13.92364501953125,72.46688575356245,22.51907616050005,,QuantData term-structure
2026-08-19T16:00:00-04:00,2026-09-25,37,255.0,call,0.3385722942930349,96.94099426269531,215.75,fixed_strike,94.9859619140625,87.11814880371094,90.74211120605469,108.86192321777344,113.53492736816406,18.11981201171875,4.8160552978515625,,,,106.4300537109375,92.50640869140625,-13.92364501953125,72.46688575356245,22.51907616050005,,QuantData term-structure
2026-08-19T16:00:00-04:00,2026-09-25,37,260.0,call,0.29271244699722837,94.07997131347656,215.75,fixed_strike,94.9859619140625,87.11814880371094,90.74211120605469,108.86192321777344,113.53492736816406,18.11981201171875,4.8160552978515625,,,,106.4300537109375,92.50640869140625,-13.92364501953125,72.46688575356245,22.51907616050005,,QuantData term-structure
2026-08-19T16:00:00-04:00,2026-09-25,37,270.0,call,0.27251444568291056,100.46958923339844,215.75,fixed_strike,94.9859619140625,87.11814880371094,90.74211120605469,108.86192321777344,113.53492736816406,18.11981201171875,4.8160552978515625,,,,106.4300537109375,92.50640869140625,-13.92364501953125,72.46688575356245,22.51907616050005,,QuantData term-structure
2026-08-19T16:00:00-04:00,2026-09-25,37,270.0,put,-0.7249751924423935,100.75569152832031,215.75,fixed_strike,94.9859619140625,87.11814880371094,90.74211120605469,108.86192321777344,113.53492736816406,18.11981201171875,4.8160552978515625,,,,106.4300537109375,92.50640869140625,-13.92364501953125,72.46688575356245,22.51907616050005,,QuantData term-structure
2026-08-19T16:00:00-04:00,2026-09-25,37,272.5,call,0.2571013703476527,101.99546813964844,215.75,fixed_strike,94.9859619140625,87.11814880371094,90.74211120605469,108.86192321777344,113.53492736816406,18.11981201171875,4.8160552978515625,,,,106.4300537109375,92.50640869140625,-13.92364501953125,72.46688575356245,22.51907616050005,,QuantData term-structure
2026-08-19T16:00:00-04:00,2026-09-25,37,275.0,call,0.2672993543646725,100.18348693847656,215.75,fixed_strike,94.9859619140625,87.11814880371094,90.74211120605469,108.86192321777344,113.53492736816406,18.11981201171875,4.8160552978515625,,,,106.4300537109375,92.50640869140625,-13.92364501953125,72.46688575356245,22.51907616050005,,QuantData term-structure
2026-08-19T16:00:00-04:00,2026-09-25,37,280.0,call,0.22899212841772854,96.27342224121094,215.75,fixed_strike,94.9859619140625,87.11814880371094,90.74211120605469,108.86192321777344,113.53492736816406,18.11981201171875,4.8160552978515625,,,,106.4300537109375,92.50640869140625,-13.92364501953125,72.46688575356245,22.51907616050005,,QuantData term-structure
2026-08-19T16:00:00-04:00,2026-09-25,37,290.0,call,0.2487339820728351,108.86192321777344,215.75,fixed_strike,94.9859619140625,87.11814880371094,90.74211120605469,108.86192321777344,113.53492736816406,18.11981201171875,4.8160552978515625,,,,106.4300537109375,92.50640869140625,-13.92364501953125,72.46688575356245,22.51907616050005,,QuantData term-structure
2026-08-19T16:00:00-04:00,2026-09-25,37,300.0,call,0.20149691080174903,107.43141174316406,215.75,fixed_strike,94.9859619140625,87.11814880371094,90.74211120605469,108.86192321777344,113.53492736816406,18.11981201171875,4.8160552978515625,,,,106.4300537109375,92.50640869140625,-13.92364501953125,72.46688575356245,22.51907616050005,,QuantData term-structure
2026-08-19T16:00:00-04:00,2026-09-25,37,305.0,call,0.19624544717583348,104.76112365722656,215.75,fixed_strike,94.9859619140625,87.11814880371094,90.74211120605469,108.86192321777344,113.53492736816406,18.11981201171875,4.8160552978515625,,,,106.4300537109375,92.50640869140625,-13.92364501953125,72.46688575356245,22.51907616050005,,QuantData term-structure
2026-08-19T16:00:00-04:00,2026-09-25,37,350.0,call,0.1173442082879394,112.96272277832031,215.75,fixed_strike,94.9859619140625,87.11814880371094,90.74211120605469,108.86192321777344,113.53492736816406,18.11981201171875,4.8160552978515625,,,,106.4300537109375,92.50640869140625,-13.92364501953125,72.46688575356245,22.51907616050005,,QuantData term-structure
2026-08-19T16:00:00-04:00,2026-09-25,37,365.0,call,0.09361692617403206,113.15345764160156,215.75,fixed_strike,94.9859619140625,87.11814880371094,90.74211120605469,108.86192321777344,113.53492736816406,18.11981201171875,4.8160552978515625,,,,106.4300537109375,92.50640869140625,-13.92364501953125,72.46688575356245,22.51907616050005,,QuantData term-structure
2026-08-19T16:00:00-04:00,2026-09-25,37,370.0,call,0.0974435555114257,113.53492736816406,215.75,fixed_strike,94.9859619140625,87.11814880371094,90.74211120605469,108.86192321777344,113.53492736816406,18.11981201171875,4.8160552978515625,,,,106.4300537109375,92.50640869140625,-13.92364501953125,72.46688575356245,22.51907616050005,,QuantData term-structure
2026-08-19T16:00:00-04:00,2026-09-25,37,385.0,call,0.08094528724884048,114.10713195800781,215.75,fixed_strike,94.9859619140625,87.11814880371094,90.74211120605469,108.86192321777344,113.53492736816406,18.11981201171875,4.8160552978515625,,,,106.4300537109375,92.50640869140625,-13.92364501953125,72.46688575356245,22.51907616050005,,QuantData term-structure
2026-08-19T16:00:00-04:00,2026-09-25,37,395.0,call,0.06210867687240762,114.39323425292969,215.75,fixed_strike,94.9859619140625,87.11814880371094,90.74211120605469,108.86192321777344,113.53492736816406,18.11981201171875,4.8160552978515625,,,,106.4300537109375,92.50640869140625,-13.92364501953125,72.46688575356245,22.51907616050005,,QuantData term-structure
2026-08-19T16:00:00-04:00,2026-10-02,44,110.0,call,0.9933929364883877,79.96559143066406,215.75,fixed_strike,93.26934814453125,87.11814880371094,91.02821350097656,102.18620300292969,108.95729064941406,11.157989501953125,3.337860107421875,,,,106.4300537109375,92.50640869140625,-13.92364501953125,72.46688575356245,20.8024623909688,,QuantData term-structure
2026-08-19T16:00:00-04:00,2026-10-02,44,110.0,put,-0.010390400119893688,87.11814880371094,215.75,fixed_strike,93.26934814453125,87.11814880371094,91.02821350097656,102.18620300292969,108.95729064941406,11.157989501953125,3.337860107421875,,,,106.4300537109375,92.50640869140625,-13.92364501953125,72.46688575356245,20.8024623909688,,QuantData term-structure
2026-08-19T16:00:00-04:00,2026-10-02,44,115.0,put,-0.02005117297995736,94.07997131347656,215.75,fixed_strike,93.26934814453125,87.11814880371094,91.02821350097656,102.18620300292969,108.95729064941406,11.157989501953125,3.337860107421875,,,,106.4300537109375,92.50640869140625,-13.92364501953125,72.46688575356245,20.8024623909688,,QuantData term-structure
2026-08-19T16:00:00-04:00,2026-10-02,44,130.0,put,-0.032083864732813334,84.54322814941406,215.75,fixed_strike,93.26934814453125,87.11814880371094,91.02821350097656,102.18620300292969,108.95729064941406,11.157989501953125,3.337860107421875,,,,106.4300537109375,92.50640869140625,-13.92364501953125,72.46688575356245,20.8024623909688,,QuantData term-structure
2026-08-19T16:00:00-04:00,2026-10-02,44,135.0,put,-0.05132147092155154,87.30888366699219,215.75,fixed_strike,93.26934814453125,87.11814880371094,91.02821350097656,102.18620300292969,108.95729064941406,11.157989501953125,3.337860107421875,,,,106.4300537109375,92.50640869140625,-13.92364501953125,72.46688575356245,20.8024623909688,,QuantData term-structure
2026-08-19T16:00:00-04:00,2026-10-02,44,140.0,put,-0.06796734649365427,89.88380432128906,215.75,fixed_strike,93.26934814453125,87.11814880371094,91.02821350097656,102.18620300292969,108.95729064941406,11.157989501953125,3.337860107421875,,,,106.4300537109375,92.50640869140625,-13.92364501953125,72.46688575356245,20.8024623909688,,QuantData term-structure
2026-08-19T16:00:00-04:00,2026-10-02,44,145.0,put,-0.08183107584182797,87.30888366699219,215.75,fixed_strike,93.26934814453125,87.11814880371094,91.02821350097656,102.18620300292969,108.95729064941406,11.157989501953125,3.337860107421875,,,,106.4300537109375,92.50640869140625,-13.92364501953125,72.46688575356245,20.8024623909688,,QuantData term-structure
2026-08-19T16:00:00-04:00,2026-10-02,44,150.0,put,-0.10231464404514073,87.11814880371094,215.75,fixed_strike,93.26934814453125,87.11814880371094,91.02821350097656,102.18620300292969,108.95729064941406,11.157989501953125,3.337860107421875,,,,106.4300537109375,92.50640869140625,-13.92364501953125,72.46688575356245,20.8024623909688,,QuantData term-structure
2026-08-19T16:00:00-04:00,2026-10-02,44,160.0,put,-0.13819752668699986,88.26255798339844,215.75,fixed_strike,93.26934814453125,87.11814880371094,91.02821350097656,102.18620300292969,108.95729064941406,11.157989501953125,3.337860107421875,,,,106.4300537109375,92.50640869140625,-13.92364501953125,72.46688575356245,20.8024623909688,,QuantData term-structure
2026-08-19T16:00:00-04:00,2026-10-02,44,165.0,put,-0.17040919919417047,90.93284606933594,215.75,fixed_strike,93.26934814453125,87.11814880371094,91.02821350097656,102.18620300292969,108.95729064941406,11.157989501953125,3.337860107421875,,,,106.4300537109375,92.50640869140625,-13.92364501953125,72.46688575356245,20.8024623909688,,QuantData term-structure
2026-08-19T16:00:00-04:00,2026-10-02,44,170.0,put,-0.17552386452698848,90.74211120605469,215.75,fixed_strike,93.26934814453125,87.11814880371094,91.02821350097656,102.18620300292969,108.95729064941406,11.157989501953125,3.337860107421875,,,,106.4300537109375,92.50640869140625,-13.92364501953125,72.46688575356245,20.8024623909688,,QuantData term-structure
2026-08-19T16:00:00-04:00,2026-10-02,44,175.0,put,-0.22299011207598274,91.02821350097656,215.75,fixed_strike,93.26934814453125,87.11814880371094,91.02821350097656,102.18620300292969,108.95729064941406,11.157989501953125,3.337860107421875,,,,106.4300537109375,92.50640869140625,-13.92364501953125,72.46688575356245,20.8024623909688,,QuantData term-structure
2026-08-19T16:00:00-04:00,2026-10-02,44,180.0,put,-0.25235660542561694,91.02821350097656,215.75,fixed_strike,93.26934814453125,87.11814880371094,91.02821350097656,102.18620300292969,108.95729064941406,11.157989501953125,3.337860107421875,,,,106.4300537109375,92.50640869140625,-13.92364501953125,72.46688575356245,20.8024623909688,,QuantData term-structure
2026-08-19T16:00:00-04:00,2026-10-02,44,185.0,put,-0.28237086363024766,92.55409240722656,215.75,fixed_strike,93.26934814453125,87.11814880371094,91.02821350097656,102.18620300292969,108.95729064941406,11.157989501953125,3.337860107421875,,,,106.4300537109375,92.50640869140625,-13.92364501953125,72.46688575356245,20.8024623909688,,QuantData term-structure
2026-08-19T16:00:00-04:00,2026-10-02,44,190.0,put,-0.30318501207817755,91.40968322753906,215.75,fixed_strike,93.26934814453125,87.11814880371094,91.02821350097656,102.18620300292969,108.95729064941406,11.157989501953125,3.337860107421875,,,,106.4300537109375,92.50640869140625,-13.92364501953125,72.46688575356245,20.8024623909688,,QuantData term-structure
2026-08-19T16:00:00-04:00,2026-10-02,44,195.0,put,-0.34385206797462364,94.17533874511719,215.75,fixed_strike,93.26934814453125,87.11814880371094,91.02821350097656,102.18620300292969,108.95729064941406,11.157989501953125,3.337860107421875,,,,106.4300537109375,92.50640869140625,-13.92364501953125,72.46688575356245,20.8024623909688,,QuantData term-structure
2026-08-19T16:00:00-04:00,2026-10-02,44,200.0,call,0.6051199018779924,91.02821350097656,215.75,fixed_strike,93.26934814453125,87.11814880371094,91.02821350097656,102.18620300292969,108.95729064941406,11.157989501953125,3.337860107421875,,,,106.4300537109375,92.50640869140625,-13.92364501953125,72.46688575356245,20.8024623909688,,QuantData term-structure
2026-08-19T16:00:00-04:00,2026-10-02,44,200.0,put,-0.36421177135660765,92.55409240722656,215.75,fixed_strike,93.26934814453125,87.11814880371094,91.02821350097656,102.18620300292969,108.95729064941406,11.157989501953125,3.337860107421875,,,,106.4300537109375,92.50640869140625,-13.92364501953125,72.46688575356245,20.8024623909688,,QuantData term-structure
2026-08-19T16:00:00-04:00,2026-10-02,44,205.0,call,0.6112476053090785,89.50233459472656,215.75,fixed_strike,93.26934814453125,87.11814880371094,91.02821350097656,102.18620300292969,108.95729064941406,11.157989501953125,3.337860107421875,,,,106.4300537109375,92.50640869140625,-13.92364501953125,72.46688575356245,20.8024623909688,,QuantData term-structure
2026-08-19T16:00:00-04:00,2026-10-02,44,205.0,put,-0.39963795989927825,94.93827819824219,215.75,fixed_strike,93.26934814453125,87.11814880371094,91.02821350097656,102.18620300292969,108.95729064941406,11.157989501953125,3.337860107421875,,,,106.4300537109375,92.50640869140625,-13.92364501953125,72.46688575356245,20.8024623909688,,QuantData term-structure
2026-08-19T16:00:00-04:00,2026-10-02,44,207.5,call,0.573641763341658,93.31703186035156,215.75,fixed_strike,93.26934814453125,87.11814880371094,91.02821350097656,102.18620300292969,108.95729064941406,11.157989501953125,3.337860107421875,,,,106.4300537109375,92.50640869140625,-13.92364501953125,72.46688575356245,20.8024623909688,,QuantData term-structure
2026-08-19T16:00:00-04:00,2026-10-02,44,207.5,put,-0.4327298125444856,99.22981262207031,215.75,fixed_strike,93.26934814453125,87.11814880371094,91.02821350097656,102.18620300292969,108.95729064941406,11.157989501953125,3.337860107421875,,,,106.4300537109375,92.50640869140625,-13.92364501953125,72.46688575356245,20.8024623909688,,QuantData term-structure
2026-08-19T16:00:00-04:00,2026-10-02,44,210.0,call,0.6012178203944634,92.64945983886719,215.75,fixed_strike,93.26934814453125,87.11814880371094,91.02821350097656,102.18620300292969,108.95729064941406,11.157989501953125,3.337860107421875,,,,106.4300537109375,92.50640869140625,-13.92364501953125,72.46688575356245,20.8024623909688,,QuantData term-structure
2026-08-19T16:00:00-04:00,2026-10-02,44,210.0,put,-0.42263623488129803,93.88923645019531,215.75,fixed_strike,93.26934814453125,87.11814880371094,91.02821350097656,102.18620300292969,108.95729064941406,11.157989501953125,3.337860107421875,,,,106.4300537109375,92.50640869140625,-13.92364501953125,72.46688575356245,20.8024623909688,,QuantData term-structure
2026-08-19T16:00:00-04:00,2026-10-02,44,222.5,call,0.5342986314117579,94.27070617675781,215.75,fixed_strike,93.26934814453125,87.11814880371094,91.02821350097656,102.18620300292969,108.95729064941406,11.157989501953125,3.337860107421875,,,,106.4300537109375,92.50640869140625,-13.92364501953125,72.46688575356245,20.8024623909688,,QuantData term-structure
2026-08-19T16:00:00-04:00,2026-10-02,44,225.0,call,0.49499511425693776,96.08268737792969,215.75,fixed_strike,93.26934814453125,87.11814880371094,91.02821350097656,102.18620300292969,108.95729064941406,11.157989501953125,3.337860107421875,,,,106.4300537109375,92.50640869140625,-13.92364501953125,72.46688575356245,20.8024623909688,,QuantData term-structure
2026-08-19T16:00:00-04:00,2026-10-02,44,230.0,call,0.4704464590501507,93.12629699707031,215.75,fixed_strike,93.26934814453125,87.11814880371094,91.02821350097656,102.18620300292969,108.95729064941406,11.157989501953125,3.337860107421875,,,,106.4300537109375,92.50640869140625,-13.92364501953125,72.46688575356245,20.8024623909688,,QuantData term-structure
2026-08-19T16:00:00-04:00,2026-10-02,44,235.0,call,0.4150447403186057,98.46687316894531,215.75,fixed_strike,93.26934814453125,87.11814880371094,91.02821350097656,102.18620300292969,108.95729064941406,11.157989501953125,3.337860107421875,,,,106.4300537109375,92.50640869140625,-13.92364501953125,72.46688575356245,20.8024623909688,,QuantData term-structure
2026-08-19T16:00:00-04:00,2026-10-02,44,237.5,call,0.4313844318093891,99.70664978027344,215.75,fixed_strike,93.26934814453125,87.11814880371094,91.02821350097656,102.18620300292969,108.95729064941406,11.157989501953125,3.337860107421875,,,,106.4300537109375,92.50640869140625,-13.92364501953125,72.46688575356245,20.8024623909688,,QuantData term-structure
2026-08-19T16:00:00-04:00,2026-10-02,44,240.0,call,0.4122263561999904,97.03636169433594,215.75,fixed_strike,93.26934814453125,87.11814880371094,91.02821350097656,102.18620300292969,108.95729064941406,11.157989501953125,3.337860107421875,,,,106.4300537109375,92.50640869140625,-13.92364501953125,72.46688575356245,20.8024623909688,,QuantData term-structure
2026-08-19T16:00:00-04:00,2026-10-02,44,245.0,call,0.4045668942669909,95.70121765136719,215.75,fixed_strike,93.26934814453125,87.11814880371094,91.02821350097656,102.18620300292969,108.95729064941406,11.157989501953125,3.337860107421875,,,,106.4300537109375,92.50640869140625,-13.92364501953125,72.46688575356245,20.8024623909688,,QuantData term-structure
2026-08-19T16:00:00-04:00,2026-10-02,44,250.0,call,0.41502512050483376,105.81016540527344,215.75,fixed_strike,93.26934814453125,87.11814880371094,91.02821350097656,102.18620300292969,108.95729064941406,11.157989501953125,3.337860107421875,,,,106.4300537109375,92.50640869140625,-13.92364501953125,72.46688575356245,20.8024623909688,,QuantData term-structure
2026-08-19T16:00:00-04:00,2026-10-02,44,252.5,call,0.3604890196420023,99.03907775878906,215.75,fixed_strike,93.26934814453125,87.11814880371094,91.02821350097656,102.18620300292969,108.95729064941406,11.157989501953125,3.337860107421875,,,,106.4300537109375,92.50640869140625,-13.92364501953125,72.46688575356245,20.8024623909688,,QuantData term-structure
2026-08-19T16:00:00-04:00,2026-10-02,44,255.0,call,0.36446516466937806,96.94099426269531,215.75,fixed_strike,93.26934814453125,87.11814880371094,91.02821350097656,102.18620300292969,108.95729064941406,11.157989501953125,3.337860107421875,,,,106.4300537109375,92.50640869140625,-13.92364501953125,72.46688575356245,20.8024623909688,,QuantData term-structure
2026-08-19T16:00:00-04:00,2026-10-02,44,257.5,call,0.3339216237084181,99.13444519042969,215.75,fixed_strike,93.26934814453125,87.11814880371094,91.02821350097656,102.18620300292969,108.95729064941406,11.157989501953125,3.337860107421875,,,,106.4300537109375,92.50640869140625,-13.92364501953125,72.46688575356245,20.8024623909688,,QuantData term-structure
2026-08-19T16:00:00-04:00,2026-10-02,44,260.0,call,0.3317336145310177,97.60856628417969,215.75,fixed_strike,93.26934814453125,87.11814880371094,91.02821350097656,102.18620300292969,108.95729064941406,11.157989501953125,3.337860107421875,,,,106.4300537109375,92.50640869140625,-13.92364501953125,72.46688575356245,20.8024623909688,,QuantData term-structure
2026-08-19T16:00:00-04:00,2026-10-02,44,265.0,call,0.308334452522228,97.60856628417969,215.75,fixed_strike,93.26934814453125,87.11814880371094,91.02821350097656,102.18620300292969,108.95729064941406,11.157989501953125,3.337860107421875,,,,106.4300537109375,92.50640869140625,-13.92364501953125,72.46688575356245,20.8024623909688,,QuantData term-structure
2026-08-19T16:00:00-04:00,2026-10-02,44,300.0,call,0.21421895642621458,102.18620300292969,215.75,fixed_strike,93.26934814453125,87.11814880371094,91.02821350097656,102.18620300292969,108.95729064941406,11.157989501953125,3.337860107421875,,,,106.4300537109375,92.50640869140625,-13.92364501953125,72.46688575356245,20.8024623909688,,QuantData term-structure
2026-08-19T16:00:00-04:00,2026-10-02,44,325.0,call,0.16648778992975877,110.38780212402344,215.75,fixed_strike,93.26934814453125,87.11814880371094,91.02821350097656,102.18620300292969,108.95729064941406,11.157989501953125,3.337860107421875,,,,106.4300537109375,92.50640869140625,-13.92364501953125,72.46688575356245,20.8024623909688,,QuantData term-structure
2026-08-19T16:00:00-04:00,2026-10-02,44,335.0,call,0.14518864415404598,104.95185852050781,215.75,fixed_strike,93.26934814453125,87.11814880371094,91.02821350097656,102.18620300292969,108.95729064941406,11.157989501953125,3.337860107421875,,,,106.4300537109375,92.50640869140625,-13.92364501953125,72.46688575356245,20.8024623909688,,QuantData term-structure
2026-08-19T16:00:00-04:00,2026-10-02,44,340.0,call,0.14217412542000196,108.09898376464844,215.75,fixed_strike,93.26934814453125,87.11814880371094,91.02821350097656,102.18620300292969,108.95729064941406,11.157989501953125,3.337860107421875,,,,106.4300537109375,92.50640869140625,-13.92364501953125,72.46688575356245,20.8024623909688,,QuantData term-structure
2026-08-19T16:00:00-04:00,2026-10-02,44,355.0,call,0.11916196548290608,108.95729064941406,215.75,fixed_strike,93.26934814453125,87.11814880371094,91.02821350097656,102.18620300292969,108.95729064941406,11.157989501953125,3.337860107421875,,,,106.4300537109375,92.50640869140625,-13.92364501953125,72.46688575356245,20.8024623909688,,QuantData term-structure
2026-08-19T16:00:00-04:00,2026-10-16,58,90.0,put,-0.006088324249316956,92.17262268066406,215.75,fixed_strike,97.08404541015625,87.78572082519531,90.36064147949219,99.80201721191406,119.44770812988281,9.441375732421875,-2.002716064453125,,,,106.4300537109375,92.50640869140625,-13.92364501953125,72.46688575356245,24.6171596565938,,QuantData term-structure
2026-08-19T16:00:00-04:00,2026-10-16,58,95.0,put,-0.00851471516318548,92.55409240722656,215.75,fixed_strike,97.08404541015625,87.78572082519531,90.36064147949219,99.80201721191406,119.44770812988281,9.441375732421875,-2.002716064453125,,,,106.4300537109375,92.50640869140625,-13.92364501953125,72.46688575356245,24.6171596565938,,QuantData term-structure
2026-08-19T16:00:00-04:00,2026-10-16,58,100.0,put,-0.010007065448158475,87.49961853027344,215.75,fixed_strike,97.08404541015625,87.78572082519531,90.36064147949219,99.80201721191406,119.44770812988281,9.441375732421875,-2.002716064453125,,,,106.4300537109375,92.50640869140625,-13.92364501953125,72.46688575356245,24.6171596565938,,QuantData term-structure
2026-08-19T16:00:00-04:00,2026-10-16,58,105.0,put,-0.01987561179260398,93.50776672363281,215.75,fixed_strike,97.08404541015625,87.78572082519531,90.36064147949219,99.80201721191406,119.44770812988281,9.441375732421875,-2.002716064453125,,,,106.4300537109375,92.50640869140625,-13.92364501953125,72.46688575356245,24.6171596565938,,QuantData term-structure
2026-08-19T16:00:00-04:00,2026-10-16,58,110.0,put,-0.02222246284925188,89.88380432128906,215.75,fixed_strike,97.08404541015625,87.78572082519531,90.36064147949219,99.80201721191406,119.44770812988281,9.441375732421875,-2.002716064453125,,,,106.4300537109375,92.50640869140625,-13.92364501953125,72.46688575356245,24.6171596565938,,QuantData term-structure
2026-08-19T16:00:00-04:00,2026-10-16,58,115.0,put,-0.028511844709716235,84.16175842285156,215.75,fixed_strike,97.08404541015625,87.78572082519531,90.36064147949219,99.80201721191406,119.44770812988281,9.441375732421875,-2.002716064453125,,,,106.4300537109375,92.50640869140625,-13.92364501953125,72.46688575356245,24.6171596565938,,QuantData term-structure
2026-08-19T16:00:00-04:00,2026-10-16,58,120.0,put,-0.03686210005285704,88.45329284667969,215.75,fixed_strike,97.08404541015625,87.78572082519531,90.36064147949219,99.80201721191406,119.44770812988281,9.441375732421875,-2.002716064453125,,,,106.4300537109375,92.50640869140625,-13.92364501953125,72.46688575356245,24.6171596565938,,QuantData term-structure
2026-08-19T16:00:00-04:00,2026-10-16,58,125.0,put,-0.04602207736648983,87.11814880371094,215.75,fixed_strike,97.08404541015625,87.78572082519531,90.36064147949219,99.80201721191406,119.44770812988281,9.441375732421875,-2.002716064453125,,,,106.4300537109375,92.50640869140625,-13.92364501953125,72.46688575356245,24.6171596565938,,QuantData term-structure
2026-08-19T16:00:00-04:00,2026-10-16,58,130.0,put,-0.05516819665895034,87.49961853027344,215.75,fixed_strike,97.08404541015625,87.78572082519531,90.36064147949219,99.80201721191406,119.44770812988281,9.441375732421875,-2.002716064453125,,,,106.4300537109375,92.50640869140625,-13.92364501953125,72.46688575356245,24.6171596565938,,QuantData term-structure
2026-08-19T16:00:00-04:00,2026-10-16,58,135.0,put,-0.07091946784753,88.16719055175781,215.75,fixed_strike,97.08404541015625,87.78572082519531,90.36064147949219,99.80201721191406,119.44770812988281,9.441375732421875,-2.002716064453125,,,,106.4300537109375,92.50640869140625,-13.92364501953125,72.46688575356245,24.6171596565938,,QuantData term-structure
2026-08-19T16:00:00-04:00,2026-10-16,58,140.0,put,-0.0865184017703321,87.78572082519531,215.75,fixed_strike,97.08404541015625,87.78572082519531,90.36064147949219,99.80201721191406,119.44770812988281,9.441375732421875,-2.002716064453125,,,,106.4300537109375,92.50640869140625,-13.92364501953125,72.46688575356245,24.6171596565938,,QuantData term-structure
2026-08-19T16:00:00-04:00,2026-10-16,58,145.0,call,0.9187411008207788,79.87022399902344,215.75,fixed_strike,97.08404541015625,87.78572082519531,90.36064147949219,99.80201721191406,119.44770812988281,9.441375732421875,-2.002716064453125,,,,106.4300537109375,92.50640869140625,-13.92364501953125,72.46688575356245,24.6171596565938,,QuantData term-structure
2026-08-19T16:00:00-04:00,2026-10-16,58,145.0,put,-0.11696929176799231,88.45329284667969,215.75,fixed_strike,97.08404541015625,87.78572082519531,90.36064147949219,99.80201721191406,119.44770812988281,9.441375732421875,-2.002716064453125,,,,106.4300537109375,92.50640869140625,-13.92364501953125,72.46688575356245,24.6171596565938,,QuantData term-structure
2026-08-19T16:00:00-04:00,2026-10-16,58,150.0,call,0.8931935329695972,81.49147033691406,215.75,fixed_strike,97.08404541015625,87.78572082519531,90.36064147949219,99.80201721191406,119.44770812988281,9.441375732421875,-2.002716064453125,,,,106.4300537109375,92.50640869140625,-13.92364501953125,72.46688575356245,24.6171596565938,,QuantData term-structure
2026-08-19T16:00:00-04:00,2026-10-16,58,150.0,put,-0.12530873989105717,88.26255798339844,215.75,fixed_strike,97.08404541015625,87.78572082519531,90.36064147949219,99.80201721191406,119.44770812988281,9.441375732421875,-2.002716064453125,,,,106.4300537109375,92.50640869140625,-13.92364501953125,72.46688575356245,24.6171596565938,,QuantData term-structure
2026-08-19T16:00:00-04:00,2026-10-16,58,155.0,put,-0.16007063172243674,87.97645568847656,215.75,fixed_strike,97.08404541015625,87.78572082519531,90.36064147949219,99.80201721191406,119.44770812988281,9.441375732421875,-2.002716064453125,,,,106.4300537109375,92.50640869140625,-13.92364501953125,72.46688575356245,24.6171596565938,,QuantData term-structure
2026-08-19T16:00:00-04:00,2026-10-16,58,160.0,put,-0.16211277632796345,89.97917175292969,215.75,fixed_strike,97.08404541015625,87.78572082519531,90.36064147949219,99.80201721191406,119.44770812988281,9.441375732421875,-2.002716064453125,,,,106.4300537109375,92.50640869140625,-13.92364501953125,72.46688575356245,24.6171596565938,,QuantData term-structure
2026-08-19T16:00:00-04:00,2026-10-16,58,165.0,put,-0.18296678755238766,89.50233459472656,215.75,fixed_strike,97.08404541015625,87.78572082519531,90.36064147949219,99.80201721191406,119.44770812988281,9.441375732421875,-2.002716064453125,,,,106.4300537109375,92.50640869140625,-13.92364501953125,72.46688575356245,24.6171596565938,,QuantData term-structure
2026-08-19T16:00:00-04:00,2026-10-16,58,170.0,call,0.7809172879010264,88.54866027832031,215.75,fixed_strike,97.08404541015625,87.78572082519531,90.36064147949219,99.80201721191406,119.44770812988281,9.441375732421875,-2.002716064453125,,,,106.4300537109375,92.50640869140625,-13.92364501953125,72.46688575356245,24.6171596565938,,QuantData term-structure
2026-08-19T16:00:00-04:00,2026-10-16,58,170.0,put,-0.2139367510603279,90.26527404785156,215.75,fixed_strike,97.08404541015625,87.78572082519531,90.36064147949219,99.80201721191406,119.44770812988281,9.441375732421875,-2.002716064453125,,,,106.4300537109375,92.50640869140625,-13.92364501953125,72.46688575356245,24.6171596565938,,QuantData term-structure
2026-08-19T16:00:00-04:00,2026-10-16,58,175.0,put,-0.24410047372561933,90.36064147949219,215.75,fixed_strike,97.08404541015625,87.78572082519531,90.36064147949219,99.80201721191406,119.44770812988281,9.441375732421875,-2.002716064453125,,,,106.4300537109375,92.50640869140625,-13.92364501953125,72.46688575356245,24.6171596565938,,QuantData term-structure
2026-08-19T16:00:00-04:00,2026-10-16,58,180.0,put,-0.2627076616061443,89.40696716308594,215.75,fixed_strike,97.08404541015625,87.78572082519531,90.36064147949219,99.80201721191406,119.44770812988281,9.441375732421875,-2.002716064453125,,,,106.4300537109375,92.50640869140625,-13.92364501953125,72.46688575356245,24.6171596565938,,QuantData term-structure
2026-08-19T16:00:00-04:00,2026-10-16,58,185.0,put,-0.3151251620071078,94.93827819824219,215.75,fixed_strike,97.08404541015625,87.78572082519531,90.36064147949219,99.80201721191406,119.44770812988281,9.441375732421875,-2.002716064453125,,,,106.4300537109375,92.50640869140625,-13.92364501953125,72.46688575356245,24.6171596565938,,QuantData term-structure
2026-08-19T16:00:00-04:00,2026-10-16,58,190.0,put,-0.31625733253002963,95.12901306152344,215.75,fixed_strike,97.08404541015625,87.78572082519531,90.36064147949219,99.80201721191406,119.44770812988281,9.441375732421875,-2.002716064453125,,,,106.4300537109375,92.50640869140625,-13.92364501953125,72.46688575356245,24.6171596565938,,QuantData term-structure
2026-08-19T16:00:00-04:00,2026-10-16,58,195.0,put,-0.3169635035671569,92.36335754394531,215.75,fixed_strike,97.08404541015625,87.78572082519531,90.36064147949219,99.80201721191406,119.44770812988281,9.441375732421875,-2.002716064453125,,,,106.4300537109375,92.50640869140625,-13.92364501953125,72.46688575356245,24.6171596565938,,QuantData term-structure
2026-08-19T16:00:00-04:00,2026-10-16,58,200.0,call,0.6353585128650605,91.12358093261719,215.75,fixed_strike,97.08404541015625,87.78572082519531,90.36064147949219,99.80201721191406,119.44770812988281,9.441375732421875,-2.002716064453125,,,,106.4300537109375,92.50640869140625,-13.92364501953125,72.46688575356245,24.6171596565938,,QuantData term-structure
2026-08-19T16:00:00-04:00,2026-10-16,58,200.0,put,-0.3662866436877036,91.88652038574219,215.75,fixed_strike,97.08404541015625,87.78572082519531,90.36064147949219,99.80201721191406,119.44770812988281,9.441375732421875,-2.002716064453125,,,,106.4300537109375,92.50640869140625,-13.92364501953125,72.46688575356245,24.6171596565938,,QuantData term-structure
2026-08-19T16:00:00-04:00,2026-10-16,58,210.0,call,0.609926953403583,92.84019470214844,215.75,fixed_strike,97.08404541015625,87.78572082519531,90.36064147949219,99.80201721191406,119.44770812988281,9.441375732421875,-2.002716064453125,,,,106.4300537109375,92.50640869140625,-13.92364501953125,72.46688575356245,24.6171596565938,,QuantData term-structure
2026-08-19T16:00:00-04:00,2026-10-16,58,210.0,put,-0.4152436288359349,99.13444519042969,215.75,fixed_strike,97.08404541015625,87.78572082519531,90.36064147949219,99.80201721191406,119.44770812988281,9.441375732421875,-2.002716064453125,,,,106.4300537109375,92.50640869140625,-13.92364501953125,72.46688575356245,24.6171596565938,,QuantData term-structure
2026-08-19T16:00:00-04:00,2026-10-16,58,220.0,call,0.5618961238409181,94.07997131347656,215.75,fixed_strike,97.08404541015625,87.78572082519531,90.36064147949219,99.80201721191406,119.44770812988281,9.441375732421875,-2.002716064453125,,,,106.4300537109375,92.50640869140625,-13.92364501953125,72.46688575356245,24.6171596565938,,QuantData term-structure
2026-08-19T16:00:00-04:00,2026-10-16,58,220.0,put,-0.48011380486087596,100.08811950683594,215.75,fixed_strike,97.08404541015625,87.78572082519531,90.36064147949219,99.80201721191406,119.44770812988281,9.441375732421875,-2.002716064453125,,,,106.4300537109375,92.50640869140625,-13.92364501953125,72.46688575356245,24.6171596565938,,QuantData term-structure
2026-08-19T16:00:00-04:00,2026-10-16,58,230.0,call,0.49278649893531623,93.50776672363281,215.75,fixed_strike,97.08404541015625,87.78572082519531,90.36064147949219,99.80201721191406,119.44770812988281,9.441375732421875,-2.002716064453125,,,,106.4300537109375,92.50640869140625,-13.92364501953125,72.46688575356245,24.6171596565938,,QuantData term-structure
2026-08-19T16:00:00-04:00,2026-10-16,58,230.0,put,-0.5369221682299685,95.03364562988281,215.75,fixed_strike,97.08404541015625,87.78572082519531,90.36064147949219,99.80201721191406,119.44770812988281,9.441375732421875,-2.002716064453125,,,,106.4300537109375,92.50640869140625,-13.92364501953125,72.46688575356245,24.6171596565938,,QuantData term-structure
2026-08-19T16:00:00-04:00,2026-10-16,58,240.0,call,0.44434575168109464,96.36878967285156,215.75,fixed_strike,97.08404541015625,87.78572082519531,90.36064147949219,99.80201721191406,119.44770812988281,9.441375732421875,-2.002716064453125,,,,106.4300537109375,92.50640869140625,-13.92364501953125,72.46688575356245,24.6171596565938,,QuantData term-structure
2026-08-19T16:00:00-04:00,2026-10-16,58,240.0,put,-0.5699433112574024,98.46687316894531,215.75,fixed_strike,97.08404541015625,87.78572082519531,90.36064147949219,99.80201721191406,119.44770812988281,9.441375732421875,-2.002716064453125,,,,106.4300537109375,92.50640869140625,-13.92364501953125,72.46688575356245,24.6171596565938,,QuantData term-structure
2026-08-19T16:00:00-04:00,2026-10-16,58,250.0,call,0.4274433631858375,96.17805480957031,215.75,fixed_strike,97.08404541015625,87.78572082519531,90.36064147949219,99.80201721191406,119.44770812988281,9.441375732421875,-2.002716064453125,,,,106.4300537109375,92.50640869140625,-13.92364501953125,72.46688575356245,24.6171596565938,,QuantData term-structure
2026-08-19T16:00:00-04:00,2026-10-16,58,250.0,put,-0.5565439907629275,102.37693786621094,215.75,fixed_strike,97.08404541015625,87.78572082519531,90.36064147949219,99.80201721191406,119.44770812988281,9.441375732421875,-2.002716064453125,,,,106.4300537109375,92.50640869140625,-13.92364501953125,72.46688575356245,24.6171596565938,,QuantData term-structure
2026-08-19T16:00:00-04:00,2026-10-16,58,260.0,call,0.37385564218479894,95.89195251464844,215.75,fixed_strike,97.08404541015625,87.78572082519531,90.36064147949219,99.80201721191406,119.44770812988281,9.441375732421875,-2.002716064453125,,,,106.4300537109375,92.50640869140625,-13.92364501953125,72.46688575356245,24.6171596565938,,QuantData term-structure
2026-08-19T16:00:00-04:00,2026-10-16,58,260.0,put,-0.5914015834314131,103.42597961425781,215.75,fixed_strike,97.08404541015625,87.78572082519531,90.36064147949219,99.80201721191406,119.44770812988281,9.441375732421875,-2.002716064453125,,,,106.4300537109375,92.50640869140625,-13.92364501953125,72.46688575356245,24.6171596565938,,QuantData term-structure
2026-08-19T16:00:00-04:00,2026-10-16,58,270.0,call,0.35327100307790127,97.89466857910156,215.75,fixed_strike,97.08404541015625,87.78572082519531,90.36064147949219,99.80201721191406,119.44770812988281,9.441375732421875,-2.002716064453125,,,,106.4300537109375,92.50640869140625,-13.92364501953125,72.46688575356245,24.6171596565938,,QuantData term-structure
2026-08-19T16:00:00-04:00,2026-10-16,58,280.0,call,0.3150263910301292,98.46687316894531,215.75,fixed_strike,97.08404541015625,87.78572082519531,90.36064147949219,99.80201721191406,119.44770812988281,9.441375732421875,-2.002716064453125,,,,106.4300537109375,92.50640869140625,-13.92364501953125,72.46688575356245,24.6171596565938,,QuantData term-structure
2026-08-19T16:00:00-04:00,2026-10-16,58,280.0,put,-0.6912015381301525,103.23524475097656,215.75,fixed_strike,97.08404541015625,87.78572082519531,90.36064147949219,99.80201721191406,119.44770812988281,9.441375732421875,-2.002716064453125,,,,106.4300537109375,92.50640869140625,-13.92364501953125,72.46688575356245,24.6171596565938,,QuantData term-structure
2026-08-19T16:00:00-04:00,2026-10-16,58,290.0,call,0.2825682901702385,99.03907775878906,215.75,fixed_strike,97.08404541015625,87.78572082519531,90.36064147949219,99.80201721191406,119.44770812988281,9.441375732421875,-2.002716064453125,,,,106.4300537109375,92.50640869140625,-13.92364501953125,72.46688575356245,24.6171596565938,,QuantData term-structure
2026-08-19T16:00:00-04:00,2026-10-16,58,300.0,call,0.2597995624987731,99.80201721191406,215.75,fixed_strike,97.08404541015625,87.78572082519531,90.36064147949219,99.80201721191406,119.44770812988281,9.441375732421875,-2.002716064453125,,,,106.4300537109375,92.50640869140625,-13.92364501953125,72.46688575356245,24.6171596565938,,QuantData term-structure
2026-08-19T16:00:00-04:00,2026-10-16,58,310.0,call,0.2133219054791829,103.90281677246094,215.75,fixed_strike,97.08404541015625,87.78572082519531,90.36064147949219,99.80201721191406,119.44770812988281,9.441375732421875,-2.002716064453125,,,,106.4300537109375,92.50640869140625,-13.92364501953125,72.46688575356245,24.6171596565938,,QuantData term-structure
2026-08-19T16:00:00-04:00,2026-10-16,58,320.0,call,0.21546111567995474,104.57038879394531,215.75,fixed_strike,97.08404541015625,87.78572082519531,90.36064147949219,99.80201721191406,119.44770812988281,9.441375732421875,-2.002716064453125,,,,106.4300537109375,92.50640869140625,-13.92364501953125,72.46688575356245,24.6171596565938,,QuantData term-structure
2026-08-19T16:00:00-04:00,2026-10-16,58,330.0,call,0.19498046351795134,104.85649108886719,215.75,fixed_strike,97.08404541015625,87.78572082519531,90.36064147949219,99.80201721191406,119.44770812988281,9.441375732421875,-2.002716064453125,,,,106.4300537109375,92.50640869140625,-13.92364501953125,72.46688575356245,24.6171596565938,,QuantData term-structure
2026-08-19T16:00:00-04:00,2026-10-16,58,350.0,call,0.16176245705450187,104.66575622558594,215.75,fixed_strike,97.08404541015625,87.78572082519531,90.36064147949219,99.80201721191406,119.44770812988281,9.441375732421875,-2.002716064453125,,,,106.4300537109375,92.50640869140625,-13.92364501953125,72.46688575356245,24.6171596565938,,QuantData term-structure
2026-08-19T16:00:00-04:00,2026-10-16,58,360.0,call,0.1597711846669485,113.53492736816406,215.75,fixed_strike,97.08404541015625,87.78572082519531,90.36064147949219,99.80201721191406,119.44770812988281,9.441375732421875,-2.002716064453125,,,,106.4300537109375,92.50640869140625,-13.92364501953125,72.46688575356245,24.6171596565938,,QuantData term-structure
2026-08-19T16:00:00-04:00,2026-10-16,58,370.0,call,0.15197702091699483,108.57582092285156,215.75,fixed_strike,97.08404541015625,87.78572082519531,90.36064147949219,99.80201721191406,119.44770812988281,9.441375732421875,-2.002716064453125,,,,106.4300537109375,92.50640869140625,-13.92364501953125,72.46688575356245,24.6171596565938,,QuantData term-structure
2026-08-19T16:00:00-04:00,2026-10-16,58,380.0,call,0.12988133136486452,112.58125305175781,215.75,fixed_strike,97.08404541015625,87.78572082519531,90.36064147949219,99.80201721191406,119.44770812988281,9.441375732421875,-2.002716064453125,,,,106.4300537109375,92.50640869140625,-13.92364501953125,72.46688575356245,24.6171596565938,,QuantData term-structure
2026-08-19T16:00:00-04:00,2026-10-16,58,400.0,call,0.11408658852628983,109.43412780761719,215.75,fixed_strike,97.08404541015625,87.78572082519531,90.36064147949219,99.80201721191406,119.44770812988281,9.441375732421875,-2.002716064453125,,,,106.4300537109375,92.50640869140625,-13.92364501953125,72.46688575356245,24.6171596565938,,QuantData term-structure
2026-08-19T16:00:00-04:00,2026-10-16,58,450.0,call,0.08854812058330525,119.44770812988281,215.75,fixed_strike,97.08404541015625,87.78572082519531,90.36064147949219,99.80201721191406,119.44770812988281,9.441375732421875,-2.002716064453125,,,,106.4300537109375,92.50640869140625,-13.92364501953125,72.46688575356245,24.6171596565938,,QuantData term-structure
2026-08-19T16:00:00-04:00,2026-10-16,58,460.0,call,0.07965536773730414,117.34962463378906,215.75,fixed_strike,97.08404541015625,87.78572082519531,90.36064147949219,99.80201721191406,119.44770812988281,9.441375732421875,-2.002716064453125,,,,106.4300537109375,92.50640869140625,-13.92364501953125,72.46688575356245,24.6171596565938,,QuantData term-structure
2026-08-19T16:00:00-04:00,2026-10-16,58,490.0,call,0.06408851816401523,122.11799621582031,215.75,fixed_strike,97.08404541015625,87.78572082519531,90.36064147949219,99.80201721191406,119.44770812988281,9.441375732421875,-2.002716064453125,,,,106.4300537109375,92.50640869140625,-13.92364501953125,72.46688575356245,24.6171596565938,,QuantData term-structure
2026-08-19T16:00:00-04:00,2026-10-16,58,500.0,call,0.06418423805108325,118.87550354003906,215.75,fixed_strike,97.08404541015625,87.78572082519531,90.36064147949219,99.80201721191406,119.44770812988281,9.441375732421875,-2.002716064453125,,,,106.4300537109375,92.50640869140625,-13.92364501953125,72.46688575356245,24.6171596565938,,QuantData term-structure
2026-08-19T16:00:00-04:00,2026-11-20,93,90.0,put,-0.01886517016184358,92.45872497558594,215.75,fixed_strike,97.08404541015625,92.17262268066406,94.07997131347656,104.47502136230469,106.00090026855469,10.395050048828125,2.193450927734375,,,,106.4300537109375,92.50640869140625,-13.92364501953125,72.46688575356245,24.6171596565938,,QuantData term-structure
2026-08-19T16:00:00-04:00,2026-11-20,93,100.0,put,-0.02806638017061036,88.93013000488281,215.75,fixed_strike,97.08404541015625,92.17262268066406,94.07997131347656,104.47502136230469,106.00090026855469,10.395050048828125,2.193450927734375,,,,106.4300537109375,92.50640869140625,-13.92364501953125,72.46688575356245,24.6171596565938,,QuantData term-structure
2026-08-19T16:00:00-04:00,2026-11-20,93,110.0,put,-0.05460062913728536,90.16990661621094,215.75,fixed_strike,97.08404541015625,92.17262268066406,94.07997131347656,104.47502136230469,106.00090026855469,10.395050048828125,2.193450927734375,,,,106.4300537109375,92.50640869140625,-13.92364501953125,72.46688575356245,24.6171596565938,,QuantData term-structure
2026-08-19T16:00:00-04:00,2026-11-20,93,120.0,put,-0.07051145001880887,91.79115295410156,215.75,fixed_strike,97.08404541015625,92.17262268066406,94.07997131347656,104.47502136230469,106.00090026855469,10.395050048828125,2.193450927734375,,,,106.4300537109375,92.50640869140625,-13.92364501953125,72.46688575356245,24.6171596565938,,QuantData term-structure
2026-08-19T16:00:00-04:00,2026-11-20,93,125.0,put,-0.08435078266416451,90.45600891113281,215.75,fixed_strike,97.08404541015625,92.17262268066406,94.07997131347656,104.47502136230469,106.00090026855469,10.395050048828125,2.193450927734375,,,,106.4300537109375,92.50640869140625,-13.92364501953125,72.46688575356245,24.6171596565938,,QuantData term-structure
2026-08-19T16:00:00-04:00,2026-11-20,93,130.0,put,-0.09678197801481625,92.17262268066406,215.75,fixed_strike,97.08404541015625,92.17262268066406,94.07997131347656,104.47502136230469,106.00090026855469,10.395050048828125,2.193450927734375,,,,106.4300537109375,92.50640869140625,-13.92364501953125,72.46688575356245,24.6171596565938,,QuantData term-structure
2026-08-19T16:00:00-04:00,2026-11-20,93,135.0,put,-0.1108851683046681,92.74482727050781,215.75,fixed_strike,97.08404541015625,92.17262268066406,94.07997131347656,104.47502136230469,106.00090026855469,10.395050048828125,2.193450927734375,,,,106.4300537109375,92.50640869140625,-13.92364501953125,72.46688575356245,24.6171596565938,,QuantData term-structure
2026-08-19T16:00:00-04:00,2026-11-20,93,140.0,put,-0.13102278932620315,93.50776672363281,215.75,fixed_strike,97.08404541015625,92.17262268066406,94.07997131347656,104.47502136230469,106.00090026855469,10.395050048828125,2.193450927734375,,,,106.4300537109375,92.50640869140625,-13.92364501953125,72.46688575356245,24.6171596565938,,QuantData term-structure
2026-08-19T16:00:00-04:00,2026-11-20,93,145.0,call,0.8691303178058285,87.59498596191406,215.75,fixed_strike,97.08404541015625,92.17262268066406,94.07997131347656,104.47502136230469,106.00090026855469,10.395050048828125,2.193450927734375,,,,106.4300537109375,92.50640869140625,-13.92364501953125,72.46688575356245,24.6171596565938,,QuantData term-structure
2026-08-19T16:00:00-04:00,2026-11-20,93,145.0,put,-0.14557134366098262,92.36335754394531,215.75,fixed_strike,97.08404541015625,92.17262268066406,94.07997131347656,104.47502136230469,106.00090026855469,10.395050048828125,2.193450927734375,,,,106.4300537109375,92.50640869140625,-13.92364501953125,72.46688575356245,24.6171596565938,,QuantData term-structure
2026-08-19T16:00:00-04:00,2026-11-20,93,150.0,put,-0.16011851936376825,93.31703186035156,215.75,fixed_strike,97.08404541015625,92.17262268066406,94.07997131347656,104.47502136230469,106.00090026855469,10.395050048828125,2.193450927734375,,,,106.4300537109375,92.50640869140625,-13.92364501953125,72.46688575356245,24.6171596565938,,QuantData term-structure
2026-08-19T16:00:00-04:00,2026-11-20,93,155.0,put,-0.17649080178745313,93.88923645019531,215.75,fixed_strike,97.08404541015625,92.17262268066406,94.07997131347656,104.47502136230469,106.00090026855469,10.395050048828125,2.193450927734375,,,,106.4300537109375,92.50640869140625,-13.92364501953125,72.46688575356245,24.6171596565938,,QuantData term-structure
2026-08-19T16:00:00-04:00,2026-11-20,93,160.0,call,0.8096032462164613,92.07725524902344,215.75,fixed_strike,97.08404541015625,92.17262268066406,94.07997131347656,104.47502136230469,106.00090026855469,10.395050048828125,2.193450927734375,,,,106.4300537109375,92.50640869140625,-13.92364501953125,72.46688575356245,24.6171596565938,,QuantData term-structure
2026-08-19T16:00:00-04:00,2026-11-20,93,160.0,put,-0.20212864973335926,92.93556213378906,215.75,fixed_strike,97.08404541015625,92.17262268066406,94.07997131347656,104.47502136230469,106.00090026855469,10.395050048828125,2.193450927734375,,,,106.4300537109375,92.50640869140625,-13.92364501953125,72.46688575356245,24.6171596565938,,QuantData term-structure
2026-08-19T16:00:00-04:00,2026-11-20,93,165.0,put,-0.21746122035555815,93.98460388183594,215.75,fixed_strike,97.08404541015625,92.17262268066406,94.07997131347656,104.47502136230469,106.00090026855469,10.395050048828125,2.193450927734375,,,,106.4300537109375,92.50640869140625,-13.92364501953125,72.46688575356245,24.6171596565938,,QuantData term-structure
2026-08-19T16:00:00-04:00,2026-11-20,93,170.0,call,0.7464356716126719,92.07725524902344,215.75,fixed_strike,97.08404541015625,92.17262268066406,94.07997131347656,104.47502136230469,106.00090026855469,10.395050048828125,2.193450927734375,,,,106.4300537109375,92.50640869140625,-13.92364501953125,72.46688575356245,24.6171596565938,,QuantData term-structure
2026-08-19T16:00:00-04:00,2026-11-20,93,170.0,put,-0.23926220719343627,93.98460388183594,215.75,fixed_strike,97.08404541015625,92.17262268066406,94.07997131347656,104.47502136230469,106.00090026855469,10.395050048828125,2.193450927734375,,,,106.4300537109375,92.50640869140625,-13.92364501953125,72.46688575356245,24.6171596565938,,QuantData term-structure
2026-08-19T16:00:00-04:00,2026-11-20,93,175.0,call,0.7371114346398331,92.84019470214844,215.75,fixed_strike,97.08404541015625,92.17262268066406,94.07997131347656,104.47502136230469,106.00090026855469,10.395050048828125,2.193450927734375,,,,106.4300537109375,92.50640869140625,-13.92364501953125,72.46688575356245,24.6171596565938,,QuantData term-structure
2026-08-19T16:00:00-04:00,2026-11-20,93,175.0,put,-0.25825498808384106,94.07997131347656,215.75,fixed_strike,97.08404541015625,92.17262268066406,94.07997131347656,104.47502136230469,106.00090026855469,10.395050048828125,2.193450927734375,,,,106.4300537109375,92.50640869140625,-13.92364501953125,72.46688575356245,24.6171596565938,,QuantData term-structure
2026-08-19T16:00:00-04:00,2026-11-20,93,180.0,put,-0.27958960219268725,95.31974792480469,215.75,fixed_strike,97.08404541015625,92.17262268066406,94.07997131347656,104.47502136230469,106.00090026855469,10.395050048828125,2.193450927734375,,,,106.4300537109375,92.50640869140625,-13.92364501953125,72.46688575356245,24.6171596565938,,QuantData term-structure
2026-08-19T16:00:00-04:00,2026-11-20,93,185.0,call,0.6938613550089803,93.22166442871094,215.75,fixed_strike,97.08404541015625,92.17262268066406,94.07997131347656,104.47502136230469,106.00090026855469,10.395050048828125,2.193450927734375,,,,106.4300537109375,92.50640869140625,-13.92364501953125,72.46688575356245,24.6171596565938,,QuantData term-structure
2026-08-19T16:00:00-04:00,2026-11-20,93,185.0,put,-0.2971252000305625,95.89195251464844,215.75,fixed_strike,97.08404541015625,92.17262268066406,94.07997131347656,104.47502136230469,106.00090026855469,10.395050048828125,2.193450927734375,,,,106.4300537109375,92.50640869140625,-13.92364501953125,72.46688575356245,24.6171596565938,,QuantData term-structure
2026-08-19T16:00:00-04:00,2026-11-20,93,190.0,call,0.6851251931549072,93.69850158691406,215.75,fixed_strike,97.08404541015625,92.17262268066406,94.07997131347656,104.47502136230469,106.00090026855469,10.395050048828125,2.193450927734375,,,,106.4300537109375,92.50640869140625,-13.92364501953125,72.46688575356245,24.6171596565938,,QuantData term-structure
2026-08-19T16:00:00-04:00,2026-11-20,93,190.0,put,-0.2998429282951299,94.65217590332031,215.75,fixed_strike,97.08404541015625,92.17262268066406,94.07997131347656,104.47502136230469,106.00090026855469,10.395050048828125,2.193450927734375,,,,106.4300537109375,92.50640869140625,-13.92364501953125,72.46688575356245,24.6171596565938,,QuantData term-structure
2026-08-19T16:00:00-04:00,2026-11-20,93,195.0,put,-0.33829839084960756,89.69306945800781,215.75,fixed_strike,97.08404541015625,92.17262268066406,94.07997131347656,104.47502136230469,106.00090026855469,10.395050048828125,2.193450927734375,,,,106.4300537109375,92.50640869140625,-13.92364501953125,72.46688575356245,24.6171596565938,,QuantData term-structure
2026-08-19T16:00:00-04:00,2026-11-20,93,200.0,call,0.6651592784623485,98.37150573730469,215.75,fixed_strike,97.08404541015625,92.17262268066406,94.07997131347656,104.47502136230469,106.00090026855469,10.395050048828125,2.193450927734375,,,,106.4300537109375,92.50640869140625,-13.92364501953125,72.46688575356245,24.6171596565938,,QuantData term-structure
2026-08-19T16:00:00-04:00,2026-11-20,93,200.0,put,-0.33505944914763097,97.13172912597656,215.75,fixed_strike,97.08404541015625,92.17262268066406,94.07997131347656,104.47502136230469,106.00090026855469,10.395050048828125,2.193450927734375,,,,106.4300537109375,92.50640869140625,-13.92364501953125,72.46688575356245,24.6171596565938,,QuantData term-structure
2026-08-19T16:00:00-04:00,2026-11-20,93,210.0,call,0.6222489015115908,95.98731994628906,215.75,fixed_strike,97.08404541015625,92.17262268066406,94.07997131347656,104.47502136230469,106.00090026855469,10.395050048828125,2.193450927734375,,,,106.4300537109375,92.50640869140625,-13.92364501953125,72.46688575356245,24.6171596565938,,QuantData term-structure
2026-08-19T16:00:00-04:00,2026-11-20,93,210.0,put,-0.379965981390205,99.51591491699219,215.75,fixed_strike,97.08404541015625,92.17262268066406,94.07997131347656,104.47502136230469,106.00090026855469,10.395050048828125,2.193450927734375,,,,106.4300537109375,92.50640869140625,-13.92364501953125,72.46688575356245,24.6171596565938,,QuantData term-structure
2026-08-19T16:00:00-04:00,2026-11-20,93,220.0,call,0.571473113597373,96.17805480957031,215.75,fixed_strike,97.08404541015625,92.17262268066406,94.07997131347656,104.47502136230469,106.00090026855469,10.395050048828125,2.193450927734375,,,,106.4300537109375,92.50640869140625,-13.92364501953125,72.46688575356245,24.6171596565938,,QuantData term-structure
2026-08-19T16:00:00-04:00,2026-11-20,93,220.0,put,-0.4282193597548217,97.99003601074219,215.75,fixed_strike,97.08404541015625,92.17262268066406,94.07997131347656,104.47502136230469,106.00090026855469,10.395050048828125,2.193450927734375,,,,106.4300537109375,92.50640869140625,-13.92364501953125,72.46688575356245,24.6171596565938,,QuantData term-structure
2026-08-19T16:00:00-04:00,2026-11-20,93,230.0,call,0.5400122215278729,96.46415710449219,215.75,fixed_strike,97.08404541015625,92.17262268066406,94.07997131347656,104.47502136230469,106.00090026855469,10.395050048828125,2.193450927734375,,,,106.4300537109375,92.50640869140625,-13.92364501953125,72.46688575356245,24.6171596565938,,QuantData term-structure
2026-08-19T16:00:00-04:00,2026-11-20,93,230.0,put,-0.49281655142979497,99.03907775878906,215.75,fixed_strike,97.08404541015625,92.17262268066406,94.07997131347656,104.47502136230469,106.00090026855469,10.395050048828125,2.193450927734375,,,,106.4300537109375,92.50640869140625,-13.92364501953125,72.46688575356245,24.6171596565938,,QuantData term-structure
2026-08-19T16:00:00-04:00,2026-11-20,93,240.0,call,0.4955592317247375,93.60313415527344,215.75,fixed_strike,97.08404541015625,92.17262268066406,94.07997131347656,104.47502136230469,106.00090026855469,10.395050048828125,2.193450927734375,,,,106.4300537109375,92.50640869140625,-13.92364501953125,72.46688575356245,24.6171596565938,,QuantData term-structure
2026-08-19T16:00:00-04:00,2026-11-20,93,250.0,call,0.4570020888476116,92.55409240722656,215.75,fixed_strike,97.08404541015625,92.17262268066406,94.07997131347656,104.47502136230469,106.00090026855469,10.395050048828125,2.193450927734375,,,,106.4300537109375,92.50640869140625,-13.92364501953125,72.46688575356245,24.6171596565938,,QuantData term-structure
2026-08-19T16:00:00-04:00,2026-11-20,93,250.0,put,-0.5242250451065484,101.51863098144531,215.75,fixed_strike,97.08404541015625,92.17262268066406,94.07997131347656,104.47502136230469,106.00090026855469,10.395050048828125,2.193450927734375,,,,106.4300537109375,92.50640869140625,-13.92364501953125,72.46688575356245,24.6171596565938,,QuantData term-structure
2026-08-19T16:00:00-04:00,2026-11-20,93,260.0,call,0.4276365877848868,94.17533874511719,215.75,fixed_strike,97.08404541015625,92.17262268066406,94.07997131347656,104.47502136230469,106.00090026855469,10.395050048828125,2.193450927734375,,,,106.4300537109375,92.50640869140625,-13.92364501953125,72.46688575356245,24.6171596565938,,QuantData term-structure
2026-08-19T16:00:00-04:00,2026-11-20,93,260.0,put,-0.5541642039862338,101.32789611816406,215.75,fixed_strike,97.08404541015625,92.17262268066406,94.07997131347656,104.47502136230469,106.00090026855469,10.395050048828125,2.193450927734375,,,,106.4300537109375,92.50640869140625,-13.92364501953125,72.46688575356245,24.6171596565938,,QuantData term-structure
2026-08-19T16:00:00-04:00,2026-11-20,93,270.0,call,0.42453719373432053,99.22981262207031,215.75,fixed_strike,97.08404541015625,92.17262268066406,94.07997131347656,104.47502136230469,106.00090026855469,10.395050048828125,2.193450927734375,,,,106.4300537109375,92.50640869140625,-13.92364501953125,72.46688575356245,24.6171596565938,,QuantData term-structure
2026-08-19T16:00:00-04:00,2026-11-20,93,280.0,call,0.4005646878091065,102.85377502441406,215.75,fixed_strike,97.08404541015625,92.17262268066406,94.07997131347656,104.47502136230469,106.00090026855469,10.395050048828125,2.193450927734375,,,,106.4300537109375,92.50640869140625,-13.92364501953125,72.46688575356245,24.6171596565938,,QuantData term-structure
2026-08-19T16:00:00-04:00,2026-11-20,93,290.0,call,0.3684276810239098,99.99275207519531,215.75,fixed_strike,97.08404541015625,92.17262268066406,94.07997131347656,104.47502136230469,106.00090026855469,10.395050048828125,2.193450927734375,,,,106.4300537109375,92.50640869140625,-13.92364501953125,72.46688575356245,24.6171596565938,,QuantData term-structure
2026-08-19T16:00:00-04:00,2026-11-20,93,300.0,call,0.35125923492954625,100.75569152832031,215.75,fixed_strike,97.08404541015625,92.17262268066406,94.07997131347656,104.47502136230469,106.00090026855469,10.395050048828125,2.193450927734375,,,,106.4300537109375,92.50640869140625,-13.92364501953125,72.46688575356245,24.6171596565938,,QuantData term-structure
2026-08-19T16:00:00-04:00,2026-11-20,93,300.0,put,-0.6452736240245379,110.48316955566406,215.75,fixed_strike,97.08404541015625,92.17262268066406,94.07997131347656,104.47502136230469,106.00090026855469,10.395050048828125,2.193450927734375,,,,106.4300537109375,92.50640869140625,-13.92364501953125,72.46688575356245,24.6171596565938,,QuantData term-structure
2026-08-19T16:00:00-04:00,2026-11-20,93,310.0,call,0.3387455599054497,100.46958923339844,215.75,fixed_strike,97.08404541015625,92.17262268066406,94.07997131347656,104.47502136230469,106.00090026855469,10.395050048828125,2.193450927734375,,,,106.4300537109375,92.50640869140625,-13.92364501953125,72.46688575356245,24.6171596565938,,QuantData term-structure
2026-08-19T16:00:00-04:00,2026-11-20,93,320.0,call,0.3084675329710881,102.47230529785156,215.75,fixed_strike,97.08404541015625,92.17262268066406,94.07997131347656,104.47502136230469,106.00090026855469,10.395050048828125,2.193450927734375,,,,106.4300537109375,92.50640869140625,-13.92364501953125,72.46688575356245,24.6171596565938,,QuantData term-structure
2026-08-19T16:00:00-04:00,2026-11-20,93,330.0,call,0.28279596003612273,103.42597961425781,215.75,fixed_strike,97.08404541015625,92.17262268066406,94.07997131347656,104.47502136230469,106.00090026855469,10.395050048828125,2.193450927734375,,,,106.4300537109375,92.50640869140625,-13.92364501953125,72.46688575356245,24.6171596565938,,QuantData term-structure
2026-08-19T16:00:00-04:00,2026-11-20,93,350.0,call,0.24608060583229702,104.47502136230469,215.75,fixed_strike,97.08404541015625,92.17262268066406,94.07997131347656,104.47502136230469,106.00090026855469,10.395050048828125,2.193450927734375,,,,106.4300537109375,92.50640869140625,-13.92364501953125,72.46688575356245,24.6171596565938,,QuantData term-structure
2026-08-19T16:00:00-04:00,2026-11-20,93,360.0,call,0.23956560425254297,104.28428649902344,215.75,fixed_strike,97.08404541015625,92.17262268066406,94.07997131347656,104.47502136230469,106.00090026855469,10.395050048828125,2.193450927734375,,,,106.4300537109375,92.50640869140625,-13.92364501953125,72.46688575356245,24.6171596565938,,QuantData term-structure
2026-08-19T16:00:00-04:00,2026-11-20,93,370.0,call,0.23187912832543683,106.09626770019531,215.75,fixed_strike,97.08404541015625,92.17262268066406,94.07997131347656,104.47502136230469,106.00090026855469,10.395050048828125,2.193450927734375,,,,106.4300537109375,92.50640869140625,-13.92364501953125,72.46688575356245,24.6171596565938,,QuantData term-structure
2026-08-19T16:00:00-04:00,2026-11-20,93,380.0,put,-0.7504636679572806,120.97358703613281,215.75,fixed_strike,97.08404541015625,92.17262268066406,94.07997131347656,104.47502136230469,106.00090026855469,10.395050048828125,2.193450927734375,,,,106.4300537109375,92.50640869140625,-13.92364501953125,72.46688575356245,24.6171596565938,,QuantData term-structure
2026-08-19T16:00:00-04:00,2026-11-20,93,390.0,call,0.19461985414169114,106.00090026855469,215.75,fixed_strike,97.08404541015625,92.17262268066406,94.07997131347656,104.47502136230469,106.00090026855469,10.395050048828125,2.193450927734375,,,,106.4300537109375,92.50640869140625,-13.92364501953125,72.46688575356245,24.6171596565938,,QuantData term-structure
2026-08-19T16:00:00-04:00,2027-01-15,149,90.0,put,-0.036280653181917165,91.12358093261719,215.75,fixed_strike,94.93827819824219,90.16990661621094,92.07725524902344,100.66032409667969,104.28428649902344,8.58306884765625,1.430511474609375,,,,106.4300537109375,92.50640869140625,-13.92364501953125,72.46688575356245,22.471392444679736,,QuantData term-structure
2026-08-19T16:00:00-04:00,2027-01-15,149,100.0,put,-0.05301068971375711,89.40696716308594,215.75,fixed_strike,94.93827819824219,90.16990661621094,92.07725524902344,100.66032409667969,104.28428649902344,8.58306884765625,1.430511474609375,,,,106.4300537109375,92.50640869140625,-13.92364501953125,72.46688575356245,22.471392444679736,,QuantData term-structure
2026-08-19T16:00:00-04:00,2027-01-15,149,110.0,put,-0.07449599472417573,90.74211120605469,215.75,fixed_strike,94.93827819824219,90.16990661621094,92.07725524902344,100.66032409667969,104.28428649902344,8.58306884765625,1.430511474609375,,,,106.4300537109375,92.50640869140625,-13.92364501953125,72.46688575356245,22.471392444679736,,QuantData term-structure
2026-08-19T16:00:00-04:00,2027-01-15,149,120.0,put,-0.0971397736801331,90.16990661621094,215.75,fixed_strike,94.93827819824219,90.16990661621094,92.07725524902344,100.66032409667969,104.28428649902344,8.58306884765625,1.430511474609375,,,,106.4300537109375,92.50640869140625,-13.92364501953125,72.46688575356245,22.471392444679736,,QuantData term-structure
2026-08-19T16:00:00-04:00,2027-01-15,149,125.0,call,0.8871178111507761,87.78572082519531,215.75,fixed_strike,94.93827819824219,90.16990661621094,92.07725524902344,100.66032409667969,104.28428649902344,8.58306884765625,1.430511474609375,,,,106.4300537109375,92.50640869140625,-13.92364501953125,72.46688575356245,22.471392444679736,,QuantData term-structure
2026-08-19T16:00:00-04:00,2027-01-15,149,130.0,call,0.8711499885696152,88.54866027832031,215.75,fixed_strike,94.93827819824219,90.16990661621094,92.07725524902344,100.66032409667969,104.28428649902344,8.58306884765625,1.430511474609375,,,,106.4300537109375,92.50640869140625,-13.92364501953125,72.46688575356245,22.471392444679736,,QuantData term-structure
2026-08-19T16:00:00-04:00,2027-01-15,149,130.0,put,-0.12635932476948503,90.64674377441406,215.75,fixed_strike,94.93827819824219,90.16990661621094,92.07725524902344,100.66032409667969,104.28428649902344,8.58306884765625,1.430511474609375,,,,106.4300537109375,92.50640869140625,-13.92364501953125,72.46688575356245,22.471392444679736,,QuantData term-structure
2026-08-19T16:00:00-04:00,2027-01-15,149,140.0,put,-0.15156443385161195,93.50776672363281,215.75,fixed_strike,94.93827819824219,90.16990661621094,92.07725524902344,100.66032409667969,104.28428649902344,8.58306884765625,1.430511474609375,,,,106.4300537109375,92.50640869140625,-13.92364501953125,72.46688575356245,22.471392444679736,,QuantData term-structure
2026-08-19T16:00:00-04:00,2027-01-15,149,145.0,put,-0.16498562100455977,91.60041809082031,215.75,fixed_strike,94.93827819824219,90.16990661621094,92.07725524902344,100.66032409667969,104.28428649902344,8.58306884765625,1.430511474609375,,,,106.4300537109375,92.50640869140625,-13.92364501953125,72.46688575356245,22.471392444679736,,QuantData term-structure
2026-08-19T16:00:00-04:00,2027-01-15,149,150.0,call,0.8276655451826769,86.45057678222656,215.75,fixed_strike,94.93827819824219,90.16990661621094,92.07725524902344,100.66032409667969,104.28428649902344,8.58306884765625,1.430511474609375,,,,106.4300537109375,92.50640869140625,-13.92364501953125,72.46688575356245,22.471392444679736,,QuantData term-structure
2026-08-19T16:00:00-04:00,2027-01-15,149,150.0,put,-0.18216956435220133,91.02821350097656,215.75,fixed_strike,94.93827819824219,90.16990661621094,92.07725524902344,100.66032409667969,104.28428649902344,8.58306884765625,1.430511474609375,,,,106.4300537109375,92.50640869140625,-13.92364501953125,72.46688575356245,22.471392444679736,,QuantData term-structure
2026-08-19T16:00:00-04:00,2027-01-15,149,155.0,call,0.80146473371144,90.36064147949219,215.75,fixed_strike,94.93827819824219,90.16990661621094,92.07725524902344,100.66032409667969,104.28428649902344,8.58306884765625,1.430511474609375,,,,106.4300537109375,92.50640869140625,-13.92364501953125,72.46688575356245,22.471392444679736,,QuantData term-structure
2026-08-19T16:00:00-04:00,2027-01-15,149,155.0,put,-0.19851612807009872,91.40968322753906,215.75,fixed_strike,94.93827819824219,90.16990661621094,92.07725524902344,100.66032409667969,104.28428649902344,8.58306884765625,1.430511474609375,,,,106.4300537109375,92.50640869140625,-13.92364501953125,72.46688575356245,22.471392444679736,,QuantData term-structure
2026-08-19T16:00:00-04:00,2027-01-15,149,160.0,put,-0.21242332773226813,91.50505065917969,215.75,fixed_strike,94.93827819824219,90.16990661621094,92.07725524902344,100.66032409667969,104.28428649902344,8.58306884765625,1.430511474609375,,,,106.4300537109375,92.50640869140625,-13.92364501953125,72.46688575356245,22.471392444679736,,QuantData term-structure
2026-08-19T16:00:00-04:00,2027-01-15,149,165.0,call,0.7569865977451147,89.59770202636719,215.75,fixed_strike,94.93827819824219,90.16990661621094,92.07725524902344,100.66032409667969,104.28428649902344,8.58306884765625,1.430511474609375,,,,106.4300537109375,92.50640869140625,-13.92364501953125,72.46688575356245,22.471392444679736,,QuantData term-structure
2026-08-19T16:00:00-04:00,2027-01-15,149,165.0,put,-0.22786371226434288,92.74482727050781,215.75,fixed_strike,94.93827819824219,90.16990661621094,92.07725524902344,100.66032409667969,104.28428649902344,8.58306884765625,1.430511474609375,,,,106.4300537109375,92.50640869140625,-13.92364501953125,72.46688575356245,22.471392444679736,,QuantData term-structure
2026-08-19T16:00:00-04:00,2027-01-15,149,170.0,call,0.7560987671613996,91.02821350097656,215.75,fixed_strike,94.93827819824219,90.16990661621094,92.07725524902344,100.66032409667969,104.28428649902344,8.58306884765625,1.430511474609375,,,,106.4300537109375,92.50640869140625,-13.92364501953125,72.46688575356245,22.471392444679736,,QuantData term-structure
2026-08-19T16:00:00-04:00,2027-01-15,149,170.0,put,-0.2406748531723208,93.12629699707031,215.75,fixed_strike,94.93827819824219,90.16990661621094,92.07725524902344,100.66032409667969,104.28428649902344,8.58306884765625,1.430511474609375,,,,106.4300537109375,92.50640869140625,-13.92364501953125,72.46688575356245,22.471392444679736,,QuantData term-structure
2026-08-19T16:00:00-04:00,2027-01-15,149,175.0,call,0.7401327219261571,91.40968322753906,215.75,fixed_strike,94.93827819824219,90.16990661621094,92.07725524902344,100.66032409667969,104.28428649902344,8.58306884765625,1.430511474609375,,,,106.4300537109375,92.50640869140625,-13.92364501953125,72.46688575356245,22.471392444679736,,QuantData term-structure
2026-08-19T16:00:00-04:00,2027-01-15,149,175.0,put,-0.25768873700716777,92.07725524902344,215.75,fixed_strike,94.93827819824219,90.16990661621094,92.07725524902344,100.66032409667969,104.28428649902344,8.58306884765625,1.430511474609375,,,,106.4300537109375,92.50640869140625,-13.92364501953125,72.46688575356245,22.471392444679736,,QuantData term-structure
2026-08-19T16:00:00-04:00,2027-01-15,149,180.0,call,0.7191888375746611,91.60041809082031,215.75,fixed_strike,94.93827819824219,90.16990661621094,92.07725524902344,100.66032409667969,104.28428649902344,8.58306884765625,1.430511474609375,,,,106.4300537109375,92.50640869140625,-13.92364501953125,72.46688575356245,22.471392444679736,,QuantData term-structure
2026-08-19T16:00:00-04:00,2027-01-15,149,180.0,put,-0.2769919974014855,90.83747863769531,215.75,fixed_strike,94.93827819824219,90.16990661621094,92.07725524902344,100.66032409667969,104.28428649902344,8.58306884765625,1.430511474609375,,,,106.4300537109375,92.50640869140625,-13.92364501953125,72.46688575356245,22.471392444679736,,QuantData term-structure
2026-08-19T16:00:00-04:00,2027-01-15,149,185.0,call,0.7127774735411392,91.98188781738281,215.75,fixed_strike,94.93827819824219,90.16990661621094,92.07725524902344,100.66032409667969,104.28428649902344,8.58306884765625,1.430511474609375,,,,106.4300537109375,92.50640869140625,-13.92364501953125,72.46688575356245,22.471392444679736,,QuantData term-structure
2026-08-19T16:00:00-04:00,2027-01-15,149,185.0,put,-0.29272371294189614,93.69850158691406,215.75,fixed_strike,94.93827819824219,90.16990661621094,92.07725524902344,100.66032409667969,104.28428649902344,8.58306884765625,1.430511474609375,,,,106.4300537109375,92.50640869140625,-13.92364501953125,72.46688575356245,22.471392444679736,,QuantData term-structure
2026-08-19T16:00:00-04:00,2027-01-15,149,190.0,call,0.6909959177699989,91.88652038574219,215.75,fixed_strike,94.93827819824219,90.16990661621094,92.07725524902344,100.66032409667969,104.28428649902344,8.58306884765625,1.430511474609375,,,,106.4300537109375,92.50640869140625,-13.92364501953125,72.46688575356245,22.471392444679736,,QuantData term-structure
2026-08-19T16:00:00-04:00,2027-01-15,149,190.0,put,-0.3068651215932061,93.79386901855469,215.75,fixed_strike,94.93827819824219,90.16990661621094,92.07725524902344,100.66032409667969,104.28428649902344,8.58306884765625,1.430511474609375,,,,106.4300537109375,92.50640869140625,-13.92364501953125,72.46688575356245,22.471392444679736,,QuantData term-structure
2026-08-19T16:00:00-04:00,2027-01-15,149,195.0,call,0.6753949357881435,93.60313415527344,215.75,fixed_strike,94.93827819824219,90.16990661621094,92.07725524902344,100.66032409667969,104.28428649902344,8.58306884765625,1.430511474609375,,,,106.4300537109375,92.50640869140625,-13.92364501953125,72.46688575356245,22.471392444679736,,QuantData term-structure
2026-08-19T16:00:00-04:00,2027-01-15,149,200.0,call,0.666231574090289,89.78843688964844,215.75,fixed_strike,94.93827819824219,90.16990661621094,92.07725524902344,100.66032409667969,104.28428649902344,8.58306884765625,1.430511474609375,,,,106.4300537109375,92.50640869140625,-13.92364501953125,72.46688575356245,22.471392444679736,,QuantData term-structure
2026-08-19T16:00:00-04:00,2027-01-15,149,200.0,put,-0.33334902053853344,93.98460388183594,215.75,fixed_strike,94.93827819824219,90.16990661621094,92.07725524902344,100.66032409667969,104.28428649902344,8.58306884765625,1.430511474609375,,,,106.4300537109375,92.50640869140625,-13.92364501953125,72.46688575356245,22.471392444679736,,QuantData term-structure
2026-08-19T16:00:00-04:00,2027-01-15,149,210.0,call,0.6254000849176117,92.26799011230469,215.75,fixed_strike,94.93827819824219,90.16990661621094,92.07725524902344,100.66032409667969,104.28428649902344,8.58306884765625,1.430511474609375,,,,106.4300537109375,92.50640869140625,-13.92364501953125,72.46688575356245,22.471392444679736,,QuantData term-structure
2026-08-19T16:00:00-04:00,2027-01-15,149,210.0,put,-0.36861047456267626,96.36878967285156,215.75,fixed_strike,94.93827819824219,90.16990661621094,92.07725524902344,100.66032409667969,104.28428649902344,8.58306884765625,1.430511474609375,,,,106.4300537109375,92.50640869140625,-13.92364501953125,72.46688575356245,22.471392444679736,,QuantData term-structure
2026-08-19T16:00:00-04:00,2027-01-15,149,220.0,call,0.6023971120511407,93.88923645019531,215.75,fixed_strike,94.93827819824219,90.16990661621094,92.07725524902344,100.66032409667969,104.28428649902344,8.58306884765625,1.430511474609375,,,,106.4300537109375,92.50640869140625,-13.92364501953125,72.46688575356245,22.471392444679736,,QuantData term-structure
2026-08-19T16:00:00-04:00,2027-01-15,149,220.0,put,-0.38405073659601807,95.98731994628906,215.75,fixed_strike,94.93827819824219,90.16990661621094,92.07725524902344,100.66032409667969,104.28428649902344,8.58306884765625,1.430511474609375,,,,106.4300537109375,92.50640869140625,-13.92364501953125,72.46688575356245,22.471392444679736,,QuantData term-structure
2026-08-19T16:00:00-04:00,2027-01-15,149,230.0,call,0.5755564559420692,94.84291076660156,215.75,fixed_strike,94.93827819824219,90.16990661621094,92.07725524902344,100.66032409667969,104.28428649902344,8.58306884765625,1.430511474609375,,,,106.4300537109375,92.50640869140625,-13.92364501953125,72.46688575356245,22.471392444679736,,QuantData term-structure
2026-08-19T16:00:00-04:00,2027-01-15,149,240.0,call,0.5564437857819569,94.07997131347656,215.75,fixed_strike,94.93827819824219,90.16990661621094,92.07725524902344,100.66032409667969,104.28428649902344,8.58306884765625,1.430511474609375,,,,106.4300537109375,92.50640869140625,-13.92364501953125,72.46688575356245,22.471392444679736,,QuantData term-structure
2026-08-19T16:00:00-04:00,2027-01-15,149,240.0,put,-0.43310162891907,97.60856628417969,215.75,fixed_strike,94.93827819824219,90.16990661621094,92.07725524902344,100.66032409667969,104.28428649902344,8.58306884765625,1.430511474609375,,,,106.4300537109375,92.50640869140625,-13.92364501953125,72.46688575356245,22.471392444679736,,QuantData term-structure
2026-08-19T16:00:00-04:00,2027-01-15,149,250.0,call,0.5353285898082805,95.22438049316406,215.75,fixed_strike,94.93827819824219,90.16990661621094,92.07725524902344,100.66032409667969,104.28428649902344,8.58306884765625,1.430511474609375,,,,106.4300537109375,92.50640869140625,-13.92364501953125,72.46688575356245,22.471392444679736,,QuantData term-structure
2026-08-19T16:00:00-04:00,2027-01-15,149,250.0,put,-0.4762416825729857,97.99003601074219,215.75,fixed_strike,94.93827819824219,90.16990661621094,92.07725524902344,100.66032409667969,104.28428649902344,8.58306884765625,1.430511474609375,,,,106.4300537109375,92.50640869140625,-13.92364501953125,72.46688575356245,22.471392444679736,,QuantData term-structure
2026-08-19T16:00:00-04:00,2027-01-15,149,260.0,call,0.4979013649800339,95.79658508300781,215.75,fixed_strike,94.93827819824219,90.16990661621094,92.07725524902344,100.66032409667969,104.28428649902344,8.58306884765625,1.430511474609375,,,,106.4300537109375,92.50640869140625,-13.92364501953125,72.46688575356245,22.471392444679736,,QuantData term-structure
2026-08-19T16:00:00-04:00,2027-01-15,149,270.0,call,0.46912130548389674,95.70121765136719,215.75,fixed_strike,94.93827819824219,90.16990661621094,92.07725524902344,100.66032409667969,104.28428649902344,8.58306884765625,1.430511474609375,,,,106.4300537109375,92.50640869140625,-13.92364501953125,72.46688575356245,22.471392444679736,,QuantData term-structure
2026-08-19T16:00:00-04:00,2027-01-15,149,280.0,call,0.43951209935590424,95.41511535644531,215.75,fixed_strike,94.93827819824219,90.16990661621094,92.07725524902344,100.66032409667969,104.28428649902344,8.58306884765625,1.430511474609375,,,,106.4300537109375,92.50640869140625,-13.92364501953125,72.46688575356245,22.471392444679736,,QuantData term-structure
2026-08-19T16:00:00-04:00,2027-01-15,149,290.0,call,0.4317321546839081,95.41511535644531,215.75,fixed_strike,94.93827819824219,90.16990661621094,92.07725524902344,100.66032409667969,104.28428649902344,8.58306884765625,1.430511474609375,,,,106.4300537109375,92.50640869140625,-13.92364501953125,72.46688575356245,22.471392444679736,,QuantData term-structure
2026-08-19T16:00:00-04:00,2027-01-15,149,300.0,call,0.4204685912307822,95.60585021972656,215.75,fixed_strike,94.93827819824219,90.16990661621094,92.07725524902344,100.66032409667969,104.28428649902344,8.58306884765625,1.430511474609375,,,,106.4300537109375,92.50640869140625,-13.92364501953125,72.46688575356245,22.471392444679736,,QuantData term-structure
2026-08-19T16:00:00-04:00,2027-01-15,149,300.0,put,-0.5770275331144981,100.85105895996094,215.75,fixed_strike,94.93827819824219,90.16990661621094,92.07725524902344,100.66032409667969,104.28428649902344,8.58306884765625,1.430511474609375,,,,106.4300537109375,92.50640869140625,-13.92364501953125,72.46688575356245,22.471392444679736,,QuantData term-structure
2026-08-19T16:00:00-04:00,2027-01-15,149,310.0,call,0.391777368028916,97.60856628417969,215.75,fixed_strike,94.93827819824219,90.16990661621094,92.07725524902344,100.66032409667969,104.28428649902344,8.58306884765625,1.430511474609375,,,,106.4300537109375,92.50640869140625,-13.92364501953125,72.46688575356245,22.471392444679736,,QuantData term-structure
2026-08-19T16:00:00-04:00,2027-01-15,149,320.0,call,0.38593015437868744,98.94371032714844,215.75,fixed_strike,94.93827819824219,90.16990661621094,92.07725524902344,100.66032409667969,104.28428649902344,8.58306884765625,1.430511474609375,,,,106.4300537109375,92.50640869140625,-13.92364501953125,72.46688575356245,22.471392444679736,,QuantData term-structure
2026-08-19T16:00:00-04:00,2027-01-15,149,330.0,call,0.35761414841156336,98.84834289550781,215.75,fixed_strike,94.93827819824219,90.16990661621094,92.07725524902344,100.66032409667969,104.28428649902344,8.58306884765625,1.430511474609375,,,,106.4300537109375,92.50640869140625,-13.92364501953125,72.46688575356245,22.471392444679736,,QuantData term-structure
2026-08-19T16:00:00-04:00,2027-01-15,149,350.0,call,0.3281866449343809,99.42054748535156,215.75,fixed_strike,94.93827819824219,90.16990661621094,92.07725524902344,100.66032409667969,104.28428649902344,8.58306884765625,1.430511474609375,,,,106.4300537109375,92.50640869140625,-13.92364501953125,72.46688575356245,22.471392444679736,,QuantData term-structure
2026-08-19T16:00:00-04:00,2027-01-15,149,370.0,call,0.29679963307845875,99.80201721191406,215.75,fixed_strike,94.93827819824219,90.16990661621094,92.07725524902344,100.66032409667969,104.28428649902344,8.58306884765625,1.430511474609375,,,,106.4300537109375,92.50640869140625,-13.92364501953125,72.46688575356245,22.471392444679736,,QuantData term-structure
2026-08-19T16:00:00-04:00,2027-01-15,149,390.0,call,0.27426104746408,100.94642639160156,215.75,fixed_strike,94.93827819824219,90.16990661621094,92.07725524902344,100.66032409667969,104.28428649902344,8.58306884765625,1.430511474609375,,,,106.4300537109375,92.50640869140625,-13.92364501953125,72.46688575356245,22.471392444679736,,QuantData term-structure
2026-08-19T16:00:00-04:00,2027-01-15,149,400.0,call,0.26631578571302983,101.04179382324219,215.75,fixed_strike,94.93827819824219,90.16990661621094,92.07725524902344,100.66032409667969,104.28428649902344,8.58306884765625,1.430511474609375,,,,106.4300537109375,92.50640869140625,-13.92364501953125,72.46688575356245,22.471392444679736,,QuantData term-structure
2026-08-19T16:00:00-04:00,2027-01-15,149,410.0,call,0.2515373995611634,100.66032409667969,215.75,fixed_strike,94.93827819824219,90.16990661621094,92.07725524902344,100.66032409667969,104.28428649902344,8.58306884765625,1.430511474609375,,,,106.4300537109375,92.50640869140625,-13.92364501953125,72.46688575356245,22.471392444679736,,QuantData term-structure
2026-08-19T16:00:00-04:00,2027-01-15,149,420.0,call,0.23829002176669717,103.90281677246094,215.75,fixed_strike,94.93827819824219,90.16990661621094,92.07725524902344,100.66032409667969,104.28428649902344,8.58306884765625,1.430511474609375,,,,106.4300537109375,92.50640869140625,-13.92364501953125,72.46688575356245,22.471392444679736,,QuantData term-structure
2026-08-19T16:00:00-04:00,2027-01-15,149,430.0,call,0.2279331327655314,103.99818420410156,215.75,fixed_strike,94.93827819824219,90.16990661621094,92.07725524902344,100.66032409667969,104.28428649902344,8.58306884765625,1.430511474609375,,,,106.4300537109375,92.50640869140625,-13.92364501953125,72.46688575356245,22.471392444679736,,QuantData term-structure
2026-08-19T16:00:00-04:00,2027-01-15,149,440.0,call,0.2182627976987348,104.37965393066406,215.75,fixed_strike,94.93827819824219,90.16990661621094,92.07725524902344,100.66032409667969,104.28428649902344,8.58306884765625,1.430511474609375,,,,106.4300537109375,92.50640869140625,-13.92364501953125,72.46688575356245,22.471392444679736,,QuantData term-structure
2026-08-19T16:00:00-04:00,2027-01-15,149,450.0,call,0.2210223514360672,104.37965393066406,215.75,fixed_strike,94.93827819824219,90.16990661621094,92.07725524902344,100.66032409667969,104.28428649902344,8.58306884765625,1.430511474609375,,,,106.4300537109375,92.50640869140625,-13.92364501953125,72.46688575356245,22.471392444679736,,QuantData term-structure
2026-08-19T16:00:00-04:00,2027-01-15,149,480.0,call,0.19174201704266253,103.52134704589844,215.75,fixed_strike,94.93827819824219,90.16990661621094,92.07725524902344,100.66032409667969,104.28428649902344,8.58306884765625,1.430511474609375,,,,106.4300537109375,92.50640869140625,-13.92364501953125,72.46688575356245,22.471392444679736,,QuantData term-structure
2026-08-19T16:00:00-04:00,2027-01-15,149,490.0,call,0.18686760753827525,104.28428649902344,215.75,fixed_strike,94.93827819824219,90.16990661621094,92.07725524902344,100.66032409667969,104.28428649902344,8.58306884765625,1.430511474609375,,,,106.4300537109375,92.50640869140625,-13.92364501953125,72.46688575356245,22.471392444679736,,QuantData term-structure
2026-08-19T16:00:00-04:00,2027-01-15,149,500.0,call,0.19071272197933498,107.33604431152344,215.75,fixed_strike,94.93827819824219,90.16990661621094,92.07725524902344,100.66032409667969,104.28428649902344,8.58306884765625,1.430511474609375,,,,106.4300537109375,92.50640869140625,-13.92364501953125,72.46688575356245,22.471392444679736,,QuantData term-structure
2026-08-19T16:00:00-04:00,2027-03-19,212,90.0,put,-0.05266531629370197,90.16990661621094,215.75,fixed_strike,95.03364562988281,91.40968322753906,94.65217590332031,103.04450988769531,102.75840759277344,8.392333984375,3.814697265625,,,,106.4300537109375,92.50640869140625,-13.92364501953125,72.46688575356245,22.56675987632036,,QuantData term-structure
2026-08-19T16:00:00-04:00,2027-03-19,212,120.0,put,-0.11607935305895972,91.40968322753906,215.75,fixed_strike,95.03364562988281,91.40968322753906,94.65217590332031,103.04450988769531,102.75840759277344,8.392333984375,3.814697265625,,,,106.4300537109375,92.50640869140625,-13.92364501953125,72.46688575356245,22.56675987632036,,QuantData term-structure
2026-08-19T16:00:00-04:00,2027-03-19,212,125.0,put,-0.13148156242677383,92.45872497558594,215.75,fixed_strike,95.03364562988281,91.40968322753906,94.65217590332031,103.04450988769531,102.75840759277344,8.392333984375,3.814697265625,,,,106.4300537109375,92.50640869140625,-13.92364501953125,72.46688575356245,22.56675987632036,,QuantData term-structure
2026-08-19T16:00:00-04:00,2027-03-19,212,130.0,put,-0.15160089087912215,90.83747863769531,215.75,fixed_strike,95.03364562988281,91.40968322753906,94.65217590332031,103.04450988769531,102.75840759277344,8.392333984375,3.814697265625,,,,106.4300537109375,92.50640869140625,-13.92364501953125,72.46688575356245,22.56675987632036,,QuantData term-structure
2026-08-19T16:00:00-04:00,2027-03-19,212,140.0,put,-0.17287888612248836,89.69306945800781,215.75,fixed_strike,95.03364562988281,91.40968322753906,94.65217590332031,103.04450988769531,102.75840759277344,8.392333984375,3.814697265625,,,,106.4300537109375,92.50640869140625,-13.92364501953125,72.46688575356245,22.56675987632036,,QuantData term-structure
2026-08-19T16:00:00-04:00,2027-03-19,212,145.0,put,-0.17857934352802446,91.88652038574219,215.75,fixed_strike,95.03364562988281,91.40968322753906,94.65217590332031,103.04450988769531,102.75840759277344,8.392333984375,3.814697265625,,,,106.4300537109375,92.50640869140625,-13.92364501953125,72.46688575356245,22.56675987632036,,QuantData term-structure
2026-08-19T16:00:00-04:00,2027-03-19,212,150.0,call,0.7941857234496219,88.45329284667969,215.75,fixed_strike,95.03364562988281,91.40968322753906,94.65217590332031,103.04450988769531,102.75840759277344,8.392333984375,3.814697265625,,,,106.4300537109375,92.50640869140625,-13.92364501953125,72.46688575356245,22.56675987632036,,QuantData term-structure
2026-08-19T16:00:00-04:00,2027-03-19,212,160.0,put,-0.2300095438892621,93.41239929199219,215.75,fixed_strike,95.03364562988281,91.40968322753906,94.65217590332031,103.04450988769531,102.75840759277344,8.392333984375,3.814697265625,,,,106.4300537109375,92.50640869140625,-13.92364501953125,72.46688575356245,22.56675987632036,,QuantData term-structure
2026-08-19T16:00:00-04:00,2027-03-19,212,170.0,put,-0.24317204419609212,94.65217590332031,215.75,fixed_strike,95.03364562988281,91.40968322753906,94.65217590332031,103.04450988769531,102.75840759277344,8.392333984375,3.814697265625,,,,106.4300537109375,92.50640869140625,-13.92364501953125,72.46688575356245,22.56675987632036,,QuantData term-structure
2026-08-19T16:00:00-04:00,2027-03-19,212,175.0,put,-0.26151889633036973,94.17533874511719,215.75,fixed_strike,95.03364562988281,91.40968322753906,94.65217590332031,103.04450988769531,102.75840759277344,8.392333984375,3.814697265625,,,,106.4300537109375,92.50640869140625,-13.92364501953125,72.46688575356245,22.56675987632036,,QuantData term-structure
2026-08-19T16:00:00-04:00,2027-03-19,212,180.0,put,-0.27381002426048356,94.55680847167969,215.75,fixed_strike,95.03364562988281,91.40968322753906,94.65217590332031,103.04450988769531,102.75840759277344,8.392333984375,3.814697265625,,,,106.4300537109375,92.50640869140625,-13.92364501953125,72.46688575356245,22.56675987632036,,QuantData term-structure
2026-08-19T16:00:00-04:00,2027-03-19,212,185.0,put,-0.282120965624573,94.65217590332031,215.75,fixed_strike,95.03364562988281,91.40968322753906,94.65217590332031,103.04450988769531,102.75840759277344,8.392333984375,3.814697265625,,,,106.4300537109375,92.50640869140625,-13.92364501953125,72.46688575356245,22.56675987632036,,QuantData term-structure
2026-08-19T16:00:00-04:00,2027-03-19,212,190.0,call,0.7045211863766535,90.93284606933594,215.75,fixed_strike,95.03364562988281,91.40968322753906,94.65217590332031,103.04450988769531,102.75840759277344,8.392333984375,3.814697265625,,,,106.4300537109375,92.50640869140625,-13.92364501953125,72.46688575356245,22.56675987632036,,QuantData term-structure
2026-08-19T16:00:00-04:00,2027-03-19,212,190.0,put,-0.30615894823317524,93.98460388183594,215.75,fixed_strike,95.03364562988281,91.40968322753906,94.65217590332031,103.04450988769531,102.75840759277344,8.392333984375,3.814697265625,,,,106.4300537109375,92.50640869140625,-13.92364501953125,72.46688575356245,22.56675987632036,,QuantData term-structure
2026-08-19T16:00:00-04:00,2027-03-19,212,195.0,call,0.6878703189325142,93.22166442871094,215.75,fixed_strike,95.03364562988281,91.40968322753906,94.65217590332031,103.04450988769531,102.75840759277344,8.392333984375,3.814697265625,,,,106.4300537109375,92.50640869140625,-13.92364501953125,72.46688575356245,22.56675987632036,,QuantData term-structure
2026-08-19T16:00:00-04:00,2027-03-19,212,200.0,call,0.6699077491174019,91.69578552246094,215.75,fixed_strike,95.03364562988281,91.40968322753906,94.65217590332031,103.04450988769531,102.75840759277344,8.392333984375,3.814697265625,,,,106.4300537109375,92.50640869140625,-13.92364501953125,72.46688575356245,22.56675987632036,,QuantData term-structure
2026-08-19T16:00:00-04:00,2027-03-19,212,200.0,put,-0.32275197803410133,95.22438049316406,215.75,fixed_strike,95.03364562988281,91.40968322753906,94.65217590332031,103.04450988769531,102.75840759277344,8.392333984375,3.814697265625,,,,106.4300537109375,92.50640869140625,-13.92364501953125,72.46688575356245,22.56675987632036,,QuantData term-structure
2026-08-19T16:00:00-04:00,2027-03-19,212,210.0,call,0.6580017455364655,92.17262268066406,215.75,fixed_strike,95.03364562988281,91.40968322753906,94.65217590332031,103.04450988769531,102.75840759277344,8.392333984375,3.814697265625,,,,106.4300537109375,92.50640869140625,-13.92364501953125,72.46688575356245,22.56675987632036,,QuantData term-structure
2026-08-19T16:00:00-04:00,2027-03-19,212,220.0,call,0.6323952492285572,95.03364562988281,215.75,fixed_strike,95.03364562988281,91.40968322753906,94.65217590332031,103.04450988769531,102.75840759277344,8.392333984375,3.814697265625,,,,106.4300537109375,92.50640869140625,-13.92364501953125,72.46688575356245,22.56675987632036,,QuantData term-structure
2026-08-19T16:00:00-04:00,2027-03-19,212,230.0,call,0.6289664264437627,99.51591491699219,215.75,fixed_strike,95.03364562988281,91.40968322753906,94.65217590332031,103.04450988769531,102.75840759277344,8.392333984375,3.814697265625,,,,106.4300537109375,92.50640869140625,-13.92364501953125,72.46688575356245,22.56675987632036,,QuantData term-structure
2026-08-19T16:00:00-04:00,2027-03-19,212,230.0,put,-0.37942726598487897,97.99003601074219,215.75,fixed_strike,95.03364562988281,91.40968322753906,94.65217590332031,103.04450988769531,102.75840759277344,8.392333984375,3.814697265625,,,,106.4300537109375,92.50640869140625,-13.92364501953125,72.46688575356245,22.56675987632036,,QuantData term-structure
2026-08-19T16:00:00-04:00,2027-03-19,212,250.0,call,0.567977160615426,94.46144104003906,215.75,fixed_strike,95.03364562988281,91.40968322753906,94.65217590332031,103.04450988769531,102.75840759277344,8.392333984375,3.814697265625,,,,106.4300537109375,92.50640869140625,-13.92364501953125,72.46688575356245,22.56675987632036,,QuantData term-structure
2026-08-19T16:00:00-04:00,2027-03-19,212,260.0,call,0.5457615144574035,96.36878967285156,215.75,fixed_strike,95.03364562988281,91.40968322753906,94.65217590332031,103.04450988769531,102.75840759277344,8.392333984375,3.814697265625,,,,106.4300537109375,92.50640869140625,-13.92364501953125,72.46688575356245,22.56675987632036,,QuantData term-structure
2026-08-19T16:00:00-04:00,2027-03-19,212,270.0,call,0.5235833912901191,95.22438049316406,215.75,fixed_strike,95.03364562988281,91.40968322753906,94.65217590332031,103.04450988769531,102.75840759277344,8.392333984375,3.814697265625,,,,106.4300537109375,92.50640869140625,-13.92364501953125,72.46688575356245,22.56675987632036,,QuantData term-structure
2026-08-19T16:00:00-04:00,2027-03-19,212,280.0,call,0.5097832343430986,98.75297546386719,215.75,fixed_strike,95.03364562988281,91.40968322753906,94.65217590332031,103.04450988769531,102.75840759277344,8.392333984375,3.814697265625,,,,106.4300537109375,92.50640869140625,-13.92364501953125,72.46688575356245,22.56675987632036,,QuantData term-structure
2026-08-19T16:00:00-04:00,2027-03-19,212,300.0,call,0.4731132129802224,96.17805480957031,215.75,fixed_strike,95.03364562988281,91.40968322753906,94.65217590332031,103.04450988769531,102.75840759277344,8.392333984375,3.814697265625,,,,106.4300537109375,92.50640869140625,-13.92364501953125,72.46688575356245,22.56675987632036,,QuantData term-structure
2026-08-19T16:00:00-04:00,2027-03-19,212,310.0,call,0.4328798186142753,97.03636169433594,215.75,fixed_strike,95.03364562988281,91.40968322753906,94.65217590332031,103.04450988769531,102.75840759277344,8.392333984375,3.814697265625,,,,106.4300537109375,92.50640869140625,-13.92364501953125,72.46688575356245,22.56675987632036,,QuantData term-structure
2026-08-19T16:00:00-04:00,2027-03-19,212,330.0,call,0.4219731741321169,97.51319885253906,215.75,fixed_strike,95.03364562988281,91.40968322753906,94.65217590332031,103.04450988769531,102.75840759277344,8.392333984375,3.814697265625,,,,106.4300537109375,92.50640869140625,-13.92364501953125,72.46688575356245,22.56675987632036,,QuantData term-structure
2026-08-19T16:00:00-04:00,2027-03-19,212,350.0,call,0.3957889896858,97.51319885253906,215.75,fixed_strike,95.03364562988281,91.40968322753906,94.65217590332031,103.04450988769531,102.75840759277344,8.392333984375,3.814697265625,,,,106.4300537109375,92.50640869140625,-13.92364501953125,72.46688575356245,22.56675987632036,,QuantData term-structure
2026-08-19T16:00:00-04:00,2027-03-19,212,380.0,call,0.347312243580045,98.75297546386719,215.75,fixed_strike,95.03364562988281,91.40968322753906,94.65217590332031,103.04450988769531,102.75840759277344,8.392333984375,3.814697265625,,,,106.4300537109375,92.50640869140625,-13.92364501953125,72.46688575356245,22.56675987632036,,QuantData term-structure
2026-08-19T16:00:00-04:00,2027-03-19,212,400.0,call,0.3348534404946605,101.80473327636719,215.75,fixed_strike,95.03364562988281,91.40968322753906,94.65217590332031,103.04450988769531,102.75840759277344,8.392333984375,3.814697265625,,,,106.4300537109375,92.50640869140625,-13.92364501953125,72.46688575356245,22.56675987632036,,QuantData term-structure
2026-08-19T16:00:00-04:00,2027-03-19,212,410.0,call,0.3232929959362355,99.99275207519531,215.75,fixed_strike,95.03364562988281,91.40968322753906,94.65217590332031,103.04450988769531,102.75840759277344,8.392333984375,3.814697265625,,,,106.4300537109375,92.50640869140625,-13.92364501953125,72.46688575356245,22.56675987632036,,QuantData term-structure
2026-08-19T16:00:00-04:00,2027-03-19,212,440.0,call,0.29562442924297677,102.75840759277344,215.75,fixed_strike,95.03364562988281,91.40968322753906,94.65217590332031,103.04450988769531,102.75840759277344,8.392333984375,3.814697265625,,,,106.4300537109375,92.50640869140625,-13.92364501953125,72.46688575356245,22.56675987632036,,QuantData term-structure
2026-08-19T16:00:00-04:00,2027-03-19,212,450.0,call,0.28556190596785275,101.42326354980469,215.75,fixed_strike,95.03364562988281,91.40968322753906,94.65217590332031,103.04450988769531,102.75840759277344,8.392333984375,3.814697265625,,,,106.4300537109375,92.50640869140625,-13.92364501953125,72.46688575356245,22.56675987632036,,QuantData term-structure
2026-08-19T16:00:00-04:00,2027-03-19,212,470.0,call,0.25745090348214755,102.56767272949219,215.75,fixed_strike,95.03364562988281,91.40968322753906,94.65217590332031,103.04450988769531,102.75840759277344,8.392333984375,3.814697265625,,,,106.4300537109375,92.50640869140625,-13.92364501953125,72.46688575356245,22.56675987632036,,QuantData term-structure
2026-08-19T16:00:00-04:00,2027-03-19,212,480.0,call,0.25021252587542064,103.04450988769531,215.75,fixed_strike,95.03364562988281,91.40968322753906,94.65217590332031,103.04450988769531,102.75840759277344,8.392333984375,3.814697265625,,,,106.4300537109375,92.50640869140625,-13.92364501953125,72.46688575356245,22.56675987632036,,QuantData term-structure
2026-08-19T16:00:00-04:00,2027-03-19,212,490.0,call,0.2545139190853087,102.47230529785156,215.75,fixed_strike,95.03364562988281,91.40968322753906,94.65217590332031,103.04450988769531,102.75840759277344,8.392333984375,3.814697265625,,,,106.4300537109375,92.50640869140625,-13.92364501953125,72.46688575356245,22.56675987632036,,QuantData term-structure
2026-08-19T16:00:00-04:00,2027-03-19,212,500.0,call,0.24856672181302736,102.75840759277344,215.75,fixed_strike,95.03364562988281,91.40968322753906,94.65217590332031,103.04450988769531,102.75840759277344,8.392333984375,3.814697265625,,,,106.4300537109375,92.50640869140625,-13.92364501953125,72.46688575356245,22.56675987632036,,QuantData term-structure
2026-08-19T16:00:00-04:00,2027-06-17,302,90.0,put,-0.06752594475879847,91.88652038574219,215.75,fixed_strike,93.79386901855469,90.16990661621094,94.65217590332031,101.90010070800781,101.90010070800781,7.2479248046875,4.482269287109375,,,,106.4300537109375,92.50640869140625,-13.92364501953125,72.46688575356245,21.326983264992236,,QuantData term-structure
2026-08-19T16:00:00-04:00,2027-06-17,302,110.0,put,-0.10542206476590393,90.16990661621094,215.75,fixed_strike,93.79386901855469,90.16990661621094,94.65217590332031,101.90010070800781,101.90010070800781,7.2479248046875,4.482269287109375,,,,106.4300537109375,92.50640869140625,-13.92364501953125,72.46688575356245,21.326983264992236,,QuantData term-structure
2026-08-19T16:00:00-04:00,2027-06-17,302,115.0,put,-0.11892576067560412,91.98188781738281,215.75,fixed_strike,93.79386901855469,90.16990661621094,94.65217590332031,101.90010070800781,101.90010070800781,7.2479248046875,4.482269287109375,,,,106.4300537109375,92.50640869140625,-13.92364501953125,72.46688575356245,21.326983264992236,,QuantData term-structure
2026-08-19T16:00:00-04:00,2027-06-17,302,125.0,put,-0.13651950344176345,93.41239929199219,215.75,fixed_strike,93.79386901855469,90.16990661621094,94.65217590332031,101.90010070800781,101.90010070800781,7.2479248046875,4.482269287109375,,,,106.4300537109375,92.50640869140625,-13.92364501953125,72.46688575356245,21.326983264992236,,QuantData term-structure
2026-08-19T16:00:00-04:00,2027-06-17,302,130.0,call,0.853198488207275,89.88380432128906,215.75,fixed_strike,93.79386901855469,90.16990661621094,94.65217590332031,101.90010070800781,101.90010070800781,7.2479248046875,4.482269287109375,,,,106.4300537109375,92.50640869140625,-13.92364501953125,72.46688575356245,21.326983264992236,,QuantData term-structure
2026-08-19T16:00:00-04:00,2027-06-17,302,130.0,put,-0.14697278684499265,93.50776672363281,215.75,fixed_strike,93.79386901855469,90.16990661621094,94.65217590332031,101.90010070800781,101.90010070800781,7.2479248046875,4.482269287109375,,,,106.4300537109375,92.50640869140625,-13.92364501953125,72.46688575356245,21.326983264992236,,QuantData term-structure
2026-08-19T16:00:00-04:00,2027-06-17,302,150.0,put,-0.19157922328223764,91.69578552246094,215.75,fixed_strike,93.79386901855469,90.16990661621094,94.65217590332031,101.90010070800781,101.90010070800781,7.2479248046875,4.482269287109375,,,,106.4300537109375,92.50640869140625,-13.92364501953125,72.46688575356245,21.326983264992236,,QuantData term-structure
2026-08-19T16:00:00-04:00,2027-06-17,302,160.0,put,-0.21146966197579625,93.88923645019531,215.75,fixed_strike,93.79386901855469,90.16990661621094,94.65217590332031,101.90010070800781,101.90010070800781,7.2479248046875,4.482269287109375,,,,106.4300537109375,92.50640869140625,-13.92364501953125,72.46688575356245,21.326983264992236,,QuantData term-structure
2026-08-19T16:00:00-04:00,2027-06-17,302,170.0,put,-0.2345389083139764,92.93556213378906,215.75,fixed_strike,93.79386901855469,90.16990661621094,94.65217590332031,101.90010070800781,101.90010070800781,7.2479248046875,4.482269287109375,,,,106.4300537109375,92.50640869140625,-13.92364501953125,72.46688575356245,21.326983264992236,,QuantData term-structure
2026-08-19T16:00:00-04:00,2027-06-17,302,175.0,put,-0.24120971429392157,94.27070617675781,215.75,fixed_strike,93.79386901855469,90.16990661621094,94.65217590332031,101.90010070800781,101.90010070800781,7.2479248046875,4.482269287109375,,,,106.4300537109375,92.50640869140625,-13.92364501953125,72.46688575356245,21.326983264992236,,QuantData term-structure
2026-08-19T16:00:00-04:00,2027-06-17,302,180.0,call,0.7433601670301921,92.36335754394531,215.75,fixed_strike,93.79386901855469,90.16990661621094,94.65217590332031,101.90010070800781,101.90010070800781,7.2479248046875,4.482269287109375,,,,106.4300537109375,92.50640869140625,-13.92364501953125,72.46688575356245,21.326983264992236,,QuantData term-structure
2026-08-19T16:00:00-04:00,2027-06-17,302,180.0,put,-0.2510737329623007,94.65217590332031,215.75,fixed_strike,93.79386901855469,90.16990661621094,94.65217590332031,101.90010070800781,101.90010070800781,7.2479248046875,4.482269287109375,,,,106.4300537109375,92.50640869140625,-13.92364501953125,72.46688575356245,21.326983264992236,,QuantData term-structure
2026-08-19T16:00:00-04:00,2027-06-17,302,195.0,call,0.7124164606097201,93.31703186035156,215.75,fixed_strike,93.79386901855469,90.16990661621094,94.65217590332031,101.90010070800781,101.90010070800781,7.2479248046875,4.482269287109375,,,,106.4300537109375,92.50640869140625,-13.92364501953125,72.46688575356245,21.326983264992236,,QuantData term-structure
2026-08-19T16:00:00-04:00,2027-06-17,302,200.0,call,0.701996349886804,90.64674377441406,215.75,fixed_strike,93.79386901855469,90.16990661621094,94.65217590332031,101.90010070800781,101.90010070800781,7.2479248046875,4.482269287109375,,,,106.4300537109375,92.50640869140625,-13.92364501953125,72.46688575356245,21.326983264992236,,QuantData term-structure
2026-08-19T16:00:00-04:00,2027-06-17,302,200.0,put,-0.2977141814965729,96.84562683105469,215.75,fixed_strike,93.79386901855469,90.16990661621094,94.65217590332031,101.90010070800781,101.90010070800781,7.2479248046875,4.482269287109375,,,,106.4300537109375,92.50640869140625,-13.92364501953125,72.46688575356245,21.326983264992236,,QuantData term-structure
2026-08-19T16:00:00-04:00,2027-06-17,302,210.0,call,0.6850963551495483,92.93556213378906,215.75,fixed_strike,93.79386901855469,90.16990661621094,94.65217590332031,101.90010070800781,101.90010070800781,7.2479248046875,4.482269287109375,,,,106.4300537109375,92.50640869140625,-13.92364501953125,72.46688575356245,21.326983264992236,,QuantData term-structure
2026-08-19T16:00:00-04:00,2027-06-17,302,210.0,put,-0.3131960082172354,96.36878967285156,215.75,fixed_strike,93.79386901855469,90.16990661621094,94.65217590332031,101.90010070800781,101.90010070800781,7.2479248046875,4.482269287109375,,,,106.4300537109375,92.50640869140625,-13.92364501953125,72.46688575356245,21.326983264992236,,QuantData term-structure
2026-08-19T16:00:00-04:00,2027-06-17,302,220.0,call,0.6708448581869871,91.69578552246094,215.75,fixed_strike,93.79386901855469,90.16990661621094,94.65217590332031,101.90010070800781,101.90010070800781,7.2479248046875,4.482269287109375,,,,106.4300537109375,92.50640869140625,-13.92364501953125,72.46688575356245,21.326983264992236,,QuantData term-structure
2026-08-19T16:00:00-04:00,2027-06-17,302,220.0,put,-0.34215483605014635,95.89195251464844,215.75,fixed_strike,93.79386901855469,90.16990661621094,94.65217590332031,101.90010070800781,101.90010070800781,7.2479248046875,4.482269287109375,,,,106.4300537109375,92.50640869140625,-13.92364501953125,72.46688575356245,21.326983264992236,,QuantData term-structure
2026-08-19T16:00:00-04:00,2027-06-17,302,230.0,call,0.6451860021626855,94.55680847167969,215.75,fixed_strike,93.79386901855469,90.16990661621094,94.65217590332031,101.90010070800781,101.90010070800781,7.2479248046875,4.482269287109375,,,,106.4300537109375,92.50640869140625,-13.92364501953125,72.46688575356245,21.326983264992236,,QuantData term-structure
2026-08-19T16:00:00-04:00,2027-06-17,302,240.0,call,0.6265546863980912,93.22166442871094,215.75,fixed_strike,93.79386901855469,90.16990661621094,94.65217590332031,101.90010070800781,101.90010070800781,7.2479248046875,4.482269287109375,,,,106.4300537109375,92.50640869140625,-13.92364501953125,72.46688575356245,21.326983264992236,,QuantData term-structure
2026-08-19T16:00:00-04:00,2027-06-17,302,240.0,put,-0.36786916093404964,97.41783142089844,215.75,fixed_strike,93.79386901855469,90.16990661621094,94.65217590332031,101.90010070800781,101.90010070800781,7.2479248046875,4.482269287109375,,,,106.4300537109375,92.50640869140625,-13.92364501953125,72.46688575356245,21.326983264992236,,QuantData term-structure
2026-08-19T16:00:00-04:00,2027-06-17,302,250.0,call,0.6055150514138066,97.13172912597656,215.75,fixed_strike,93.79386901855469,90.16990661621094,94.65217590332031,101.90010070800781,101.90010070800781,7.2479248046875,4.482269287109375,,,,106.4300537109375,92.50640869140625,-13.92364501953125,72.46688575356245,21.326983264992236,,QuantData term-structure
2026-08-19T16:00:00-04:00,2027-06-17,302,260.0,call,0.5937612812031673,93.98460388183594,215.75,fixed_strike,93.79386901855469,90.16990661621094,94.65217590332031,101.90010070800781,101.90010070800781,7.2479248046875,4.482269287109375,,,,106.4300537109375,92.50640869140625,-13.92364501953125,72.46688575356245,21.326983264992236,,QuantData term-structure
2026-08-19T16:00:00-04:00,2027-06-17,302,270.0,call,0.5726562085779534,93.98460388183594,215.75,fixed_strike,93.79386901855469,90.16990661621094,94.65217590332031,101.90010070800781,101.90010070800781,7.2479248046875,4.482269287109375,,,,106.4300537109375,92.50640869140625,-13.92364501953125,72.46688575356245,21.326983264992236,,QuantData term-structure
2026-08-19T16:00:00-04:00,2027-06-17,302,280.0,call,0.5598447179113724,95.03364562988281,215.75,fixed_strike,93.79386901855469,90.16990661621094,94.65217590332031,101.90010070800781,101.90010070800781,7.2479248046875,4.482269287109375,,,,106.4300537109375,92.50640869140625,-13.92364501953125,72.46688575356245,21.326983264992236,,QuantData term-structure
2026-08-19T16:00:00-04:00,2027-06-17,302,290.0,call,0.5425942498360288,94.27070617675781,215.75,fixed_strike,93.79386901855469,90.16990661621094,94.65217590332031,101.90010070800781,101.90010070800781,7.2479248046875,4.482269287109375,,,,106.4300537109375,92.50640869140625,-13.92364501953125,72.46688575356245,21.326983264992236,,QuantData term-structure
2026-08-19T16:00:00-04:00,2027-06-17,302,300.0,call,0.5294311249181551,95.41511535644531,215.75,fixed_strike,93.79386901855469,90.16990661621094,94.65217590332031,101.90010070800781,101.90010070800781,7.2479248046875,4.482269287109375,,,,106.4300537109375,92.50640869140625,-13.92364501953125,72.46688575356245,21.326983264992236,,QuantData term-structure
2026-08-19T16:00:00-04:00,2027-06-17,302,320.0,call,0.5141969039251919,99.70664978027344,215.75,fixed_strike,93.79386901855469,90.16990661621094,94.65217590332031,101.90010070800781,101.90010070800781,7.2479248046875,4.482269287109375,,,,106.4300537109375,92.50640869140625,-13.92364501953125,72.46688575356245,21.326983264992236,,QuantData term-structure
2026-08-19T16:00:00-04:00,2027-06-17,302,430.0,call,0.38418529838390086,100.08811950683594,215.75,fixed_strike,93.79386901855469,90.16990661621094,94.65217590332031,101.90010070800781,101.90010070800781,7.2479248046875,4.482269287109375,,,,106.4300537109375,92.50640869140625,-13.92364501953125,72.46688575356245,21.326983264992236,,QuantData term-structure
2026-08-19T16:00:00-04:00,2027-06-17,302,440.0,call,0.372340350772837,99.22981262207031,215.75,fixed_strike,93.79386901855469,90.16990661621094,94.65217590332031,101.90010070800781,101.90010070800781,7.2479248046875,4.482269287109375,,,,106.4300537109375,92.50640869140625,-13.92364501953125,72.46688575356245,21.326983264992236,,QuantData term-structure
2026-08-19T16:00:00-04:00,2027-06-17,302,450.0,call,0.3684073558477867,101.04179382324219,215.75,fixed_strike,93.79386901855469,90.16990661621094,94.65217590332031,101.90010070800781,101.90010070800781,7.2479248046875,4.482269287109375,,,,106.4300537109375,92.50640869140625,-13.92364501953125,72.46688575356245,21.326983264992236,,QuantData term-structure
2026-08-19T16:00:00-04:00,2027-06-17,302,470.0,call,0.3514576355414038,99.61128234863281,215.75,fixed_strike,93.79386901855469,90.16990661621094,94.65217590332031,101.90010070800781,101.90010070800781,7.2479248046875,4.482269287109375,,,,106.4300537109375,92.50640869140625,-13.92364501953125,72.46688575356245,21.326983264992236,,QuantData term-structure
2026-08-19T16:00:00-04:00,2027-06-17,302,480.0,call,0.33997142815934545,100.18348693847656,215.75,fixed_strike,93.79386901855469,90.16990661621094,94.65217590332031,101.90010070800781,101.90010070800781,7.2479248046875,4.482269287109375,,,,106.4300537109375,92.50640869140625,-13.92364501953125,72.46688575356245,21.326983264992236,,QuantData term-structure
2026-08-19T16:00:00-04:00,2027-06-17,302,490.0,call,0.3390213316181646,101.80473327636719,215.75,fixed_strike,93.79386901855469,90.16990661621094,94.65217590332031,101.90010070800781,101.90010070800781,7.2479248046875,4.482269287109375,,,,106.4300537109375,92.50640869140625,-13.92364501953125,72.46688575356245,21.326983264992236,,QuantData term-structure
2026-08-19T16:00:00-04:00,2027-06-17,302,500.0,call,0.33284001387154394,101.90010070800781,215.75,fixed_strike,93.79386901855469,90.16990661621094,94.65217590332031,101.90010070800781,101.90010070800781,7.2479248046875,4.482269287109375,,,,106.4300537109375,92.50640869140625,-13.92364501953125,72.46688575356245,21.326983264992236,,QuantData term-structure
2026-08-19T16:00:00-04:00,2028-01-21,520,90.0,put,-0.08172413685103908,92.64945983886719,215.75,fixed_strike,96.84562683105469,92.64945983886719,95.51048278808594,96.08268737792969,96.08268737792969,0.57220458984375,-1.049041748046875,,,,106.4300537109375,92.50640869140625,-13.92364501953125,72.46688575356245,24.378741077492236,,QuantData term-structure
2026-08-19T16:00:00-04:00,2028-01-21,520,100.0,call,0.9026545927366455,90.74211120605469,215.75,fixed_strike,96.84562683105469,92.64945983886719,95.51048278808594,96.08268737792969,96.08268737792969,0.57220458984375,-1.049041748046875,,,,106.4300537109375,92.50640869140625,-13.92364501953125,72.46688575356245,24.378741077492236,,QuantData term-structure
2026-08-19T16:00:00-04:00,2028-01-21,520,110.0,call,0.8858317232008286,92.17262268066406,215.75,fixed_strike,96.84562683105469,92.64945983886719,95.51048278808594,96.08268737792969,96.08268737792969,0.57220458984375,-1.049041748046875,,,,106.4300537109375,92.50640869140625,-13.92364501953125,72.46688575356245,24.378741077492236,,QuantData term-structure
2026-08-19T16:00:00-04:00,2028-01-21,520,140.0,put,-0.16145181507799428,94.17533874511719,215.75,fixed_strike,96.84562683105469,92.64945983886719,95.51048278808594,96.08268737792969,96.08268737792969,0.57220458984375,-1.049041748046875,,,,106.4300537109375,92.50640869140625,-13.92364501953125,72.46688575356245,24.378741077492236,,QuantData term-structure
2026-08-19T16:00:00-04:00,2028-01-21,520,145.0,call,0.8298824006402963,89.21623229980469,215.75,fixed_strike,96.84562683105469,92.64945983886719,95.51048278808594,96.08268737792969,96.08268737792969,0.57220458984375,-1.049041748046875,,,,106.4300537109375,92.50640869140625,-13.92364501953125,72.46688575356245,24.378741077492236,,QuantData term-structure
2026-08-19T16:00:00-04:00,2028-01-21,520,150.0,call,0.8216967576165477,89.21623229980469,215.75,fixed_strike,96.84562683105469,92.64945983886719,95.51048278808594,96.08268737792969,96.08268737792969,0.57220458984375,-1.049041748046875,,,,106.4300537109375,92.50640869140625,-13.92364501953125,72.46688575356245,24.378741077492236,,QuantData term-structure
2026-08-19T16:00:00-04:00,2028-01-21,520,150.0,put,-0.17567963154322358,93.41239929199219,215.75,fixed_strike,96.84562683105469,92.64945983886719,95.51048278808594,96.08268737792969,96.08268737792969,0.57220458984375,-1.049041748046875,,,,106.4300537109375,92.50640869140625,-13.92364501953125,72.46688575356245,24.378741077492236,,QuantData term-structure
2026-08-19T16:00:00-04:00,2028-01-21,520,160.0,call,0.797621720127262,90.07453918457031,215.75,fixed_strike,96.84562683105469,92.64945983886719,95.51048278808594,96.08268737792969,96.08268737792969,0.57220458984375,-1.049041748046875,,,,106.4300537109375,92.50640869140625,-13.92364501953125,72.46688575356245,24.378741077492236,,QuantData term-structure
2026-08-19T16:00:00-04:00,2028-01-21,520,160.0,put,-0.19046679507094072,94.93827819824219,215.75,fixed_strike,96.84562683105469,92.64945983886719,95.51048278808594,96.08268737792969,96.08268737792969,0.57220458984375,-1.049041748046875,,,,106.4300537109375,92.50640869140625,-13.92364501953125,72.46688575356245,24.378741077492236,,QuantData term-structure
2026-08-19T16:00:00-04:00,2028-01-21,520,170.0,call,0.7903915016311761,93.69850158691406,215.75,fixed_strike,96.84562683105469,92.64945983886719,95.51048278808594,96.08268737792969,96.08268737792969,0.57220458984375,-1.049041748046875,,,,106.4300537109375,92.50640869140625,-13.92364501953125,72.46688575356245,24.378741077492236,,QuantData term-structure
2026-08-19T16:00:00-04:00,2028-01-21,520,175.0,call,0.7733915791809316,85.97373962402344,215.75,fixed_strike,96.84562683105469,92.64945983886719,95.51048278808594,96.08268737792969,96.08268737792969,0.57220458984375,-1.049041748046875,,,,106.4300537109375,92.50640869140625,-13.92364501953125,72.46688575356245,24.378741077492236,,QuantData term-structure
2026-08-19T16:00:00-04:00,2028-01-21,520,175.0,put,-0.2153133439579219,95.51048278808594,215.75,fixed_strike,96.84562683105469,92.64945983886719,95.51048278808594,96.08268737792969,96.08268737792969,0.57220458984375,-1.049041748046875,,,,106.4300537109375,92.50640869140625,-13.92364501953125,72.46688575356245,24.378741077492236,,QuantData term-structure
2026-08-19T16:00:00-04:00,2028-01-21,520,180.0,call,0.7723316110566052,91.12358093261719,215.75,fixed_strike,96.84562683105469,92.64945983886719,95.51048278808594,96.08268737792969,96.08268737792969,0.57220458984375,-1.049041748046875,,,,106.4300537109375,92.50640869140625,-13.92364501953125,72.46688575356245,24.378741077492236,,QuantData term-structure
2026-08-19T16:00:00-04:00,2028-01-21,520,195.0,call,0.754760183602709,92.64945983886719,215.75,fixed_strike,96.84562683105469,92.64945983886719,95.51048278808594,96.08268737792969,96.08268737792969,0.57220458984375,-1.049041748046875,,,,106.4300537109375,92.50640869140625,-13.92364501953125,72.46688575356245,24.378741077492236,,QuantData term-structure
2026-08-19T16:00:00-04:00,2028-01-21,520,195.0,put,-0.24291852867858188,94.65217590332031,215.75,fixed_strike,96.84562683105469,92.64945983886719,95.51048278808594,96.08268737792969,96.08268737792969,0.57220458984375,-1.049041748046875,,,,106.4300537109375,92.50640869140625,-13.92364501953125,72.46688575356245,24.378741077492236,,QuantData term-structure
2026-08-19T16:00:00-04:00,2028-01-21,520,200.0,call,0.7446657485109582,91.50505065917969,215.75,fixed_strike,96.84562683105469,92.64945983886719,95.51048278808594,96.08268737792969,96.08268737792969,0.57220458984375,-1.049041748046875,,,,106.4300537109375,92.50640869140625,-13.92364501953125,72.46688575356245,24.378741077492236,,QuantData term-structure
2026-08-19T16:00:00-04:00,2028-01-21,520,200.0,put,-0.24758729725398043,95.51048278808594,215.75,fixed_strike,96.84562683105469,92.64945983886719,95.51048278808594,96.08268737792969,96.08268737792969,0.57220458984375,-1.049041748046875,,,,106.4300537109375,92.50640869140625,-13.92364501953125,72.46688575356245,24.378741077492236,,QuantData term-structure
2026-08-19T16:00:00-04:00,2028-01-21,520,210.0,call,0.7300728060931827,91.60041809082031,215.75,fixed_strike,96.84562683105469,92.64945983886719,95.51048278808594,96.08268737792969,96.08268737792969,0.57220458984375,-1.049041748046875,,,,106.4300537109375,92.50640869140625,-13.92364501953125,72.46688575356245,24.378741077492236,,QuantData term-structure
2026-08-19T16:00:00-04:00,2028-01-21,520,220.0,put,-0.2743024088415442,96.84562683105469,215.75,fixed_strike,96.84562683105469,92.64945983886719,95.51048278808594,96.08268737792969,96.08268737792969,0.57220458984375,-1.049041748046875,,,,106.4300537109375,92.50640869140625,-13.92364501953125,72.46688575356245,24.378741077492236,,QuantData term-structure
2026-08-19T16:00:00-04:00,2028-01-21,520,230.0,call,0.7044253951556695,92.17262268066406,215.75,fixed_strike,96.84562683105469,92.64945983886719,95.51048278808594,96.08268737792969,96.08268737792969,0.57220458984375,-1.049041748046875,,,,106.4300537109375,92.50640869140625,-13.92364501953125,72.46688575356245,24.378741077492236,,QuantData term-structure
2026-08-19T16:00:00-04:00,2028-01-21,520,230.0,put,-0.28646850270804547,97.22709655761719,215.75,fixed_strike,96.84562683105469,92.64945983886719,95.51048278808594,96.08268737792969,96.08268737792969,0.57220458984375,-1.049041748046875,,,,106.4300537109375,92.50640869140625,-13.92364501953125,72.46688575356245,24.378741077492236,,QuantData term-structure
2026-08-19T16:00:00-04:00,2028-01-21,520,240.0,put,-0.2911358173543283,99.42054748535156,215.75,fixed_strike,96.84562683105469,92.64945983886719,95.51048278808594,96.08268737792969,96.08268737792969,0.57220458984375,-1.049041748046875,,,,106.4300537109375,92.50640869140625,-13.92364501953125,72.46688575356245,24.378741077492236,,QuantData term-structure
2026-08-19T16:00:00-04:00,2028-01-21,520,250.0,call,0.6793696196567072,93.69850158691406,215.75,fixed_strike,96.84562683105469,92.64945983886719,95.51048278808594,96.08268737792969,96.08268737792969,0.57220458984375,-1.049041748046875,,,,106.4300537109375,92.50640869140625,-13.92364501953125,72.46688575356245,24.378741077492236,,QuantData term-structure
2026-08-19T16:00:00-04:00,2028-01-21,520,250.0,put,-0.3171954939605134,98.18077087402344,215.75,fixed_strike,96.84562683105469,92.64945983886719,95.51048278808594,96.08268737792969,96.08268737792969,0.57220458984375,-1.049041748046875,,,,106.4300537109375,92.50640869140625,-13.92364501953125,72.46688575356245,24.378741077492236,,QuantData term-structure
2026-08-19T16:00:00-04:00,2028-01-21,520,260.0,call,0.6709106773998443,93.60313415527344,215.75,fixed_strike,96.84562683105469,92.64945983886719,95.51048278808594,96.08268737792969,96.08268737792969,0.57220458984375,-1.049041748046875,,,,106.4300537109375,92.50640869140625,-13.92364501953125,72.46688575356245,24.378741077492236,,QuantData term-structure
2026-08-19T16:00:00-04:00,2028-01-21,520,270.0,call,0.6555263087438199,94.55680847167969,215.75,fixed_strike,96.84562683105469,92.64945983886719,95.51048278808594,96.08268737792969,96.08268737792969,0.57220458984375,-1.049041748046875,,,,106.4300537109375,92.50640869140625,-13.92364501953125,72.46688575356245,24.378741077492236,,QuantData term-structure
2026-08-19T16:00:00-04:00,2028-01-21,520,280.0,call,0.6423231111414676,93.79386901855469,215.75,fixed_strike,96.84562683105469,92.64945983886719,95.51048278808594,96.08268737792969,96.08268737792969,0.57220458984375,-1.049041748046875,,,,106.4300537109375,92.50640869140625,-13.92364501953125,72.46688575356245,24.378741077492236,,QuantData term-structure
2026-08-19T16:00:00-04:00,2028-01-21,520,300.0,call,0.627626416142307,93.60313415527344,215.75,fixed_strike,96.84562683105469,92.64945983886719,95.51048278808594,96.08268737792969,96.08268737792969,0.57220458984375,-1.049041748046875,,,,106.4300537109375,92.50640869140625,-13.92364501953125,72.46688575356245,24.378741077492236,,QuantData term-structure
2026-08-19T16:00:00-04:00,2028-01-21,520,330.0,call,0.5949757909744626,94.27070617675781,215.75,fixed_strike,96.84562683105469,92.64945983886719,95.51048278808594,96.08268737792969,96.08268737792969,0.57220458984375,-1.049041748046875,,,,106.4300537109375,92.50640869140625,-13.92364501953125,72.46688575356245,24.378741077492236,,QuantData term-structure
2026-08-19T16:00:00-04:00,2028-01-21,520,340.0,put,-0.38514928519645414,103.33061218261719,215.75,fixed_strike,96.84562683105469,92.64945983886719,95.51048278808594,96.08268737792969,96.08268737792969,0.57220458984375,-1.049041748046875,,,,106.4300537109375,92.50640869140625,-13.92364501953125,72.46688575356245,24.378741077492236,,QuantData term-structure
2026-08-19T16:00:00-04:00,2028-01-21,520,350.0,call,0.5687991770118991,94.27070617675781,215.75,fixed_strike,96.84562683105469,92.64945983886719,95.51048278808594,96.08268737792969,96.08268737792969,0.57220458984375,-1.049041748046875,,,,106.4300537109375,92.50640869140625,-13.92364501953125,72.46688575356245,24.378741077492236,,QuantData term-structure
2026-08-19T16:00:00-04:00,2028-01-21,520,360.0,call,0.5578580502175567,94.46144104003906,215.75,fixed_strike,96.84562683105469,92.64945983886719,95.51048278808594,96.08268737792969,96.08268737792969,0.57220458984375,-1.049041748046875,,,,106.4300537109375,92.50640869140625,-13.92364501953125,72.46688575356245,24.378741077492236,,QuantData term-structure
2026-08-19T16:00:00-04:00,2028-01-21,520,400.0,call,0.5140333604363883,94.55680847167969,215.75,fixed_strike,96.84562683105469,92.64945983886719,95.51048278808594,96.08268737792969,96.08268737792969,0.57220458984375,-1.049041748046875,,,,106.4300537109375,92.50640869140625,-13.92364501953125,72.46688575356245,24.378741077492236,,QuantData term-structure
2026-08-19T16:00:00-04:00,2028-01-21,520,480.0,call,0.4653242470408558,96.27342224121094,215.75,fixed_strike,96.84562683105469,92.64945983886719,95.51048278808594,96.08268737792969,96.08268737792969,0.57220458984375,-1.049041748046875,,,,106.4300537109375,92.50640869140625,-13.92364501953125,72.46688575356245,24.378741077492236,,QuantData term-structure
2026-08-19T16:00:00-04:00,2028-01-21,520,490.0,call,0.46078444111742184,96.65489196777344,215.75,fixed_strike,96.84562683105469,92.64945983886719,95.51048278808594,96.08268737792969,96.08268737792969,0.57220458984375,-1.049041748046875,,,,106.4300537109375,92.50640869140625,-13.92364501953125,72.46688575356245,24.378741077492236,,QuantData term-structure
2026-08-19T16:00:00-04:00,2028-01-21,520,500.0,call,0.4607776692600214,96.08268737792969,215.75,fixed_strike,96.84562683105469,92.64945983886719,95.51048278808594,96.08268737792969,96.08268737792969,0.57220458984375,-1.049041748046875,,,,106.4300537109375,92.50640869140625,-13.92364501953125,72.46688575356245,24.378741077492236,,QuantData term-structure
2026-08-19T16:00:00-04:00,2028-06-16,667,120.0,call,0.8751324286380877,90.45600891113281,215.75,fixed_strike,92.26799011230469,95.89195251464844,98.27613830566406,94.65217590332031,94.65217590332031,-3.62396240234375,4.1961669921875,,,,106.4300537109375,92.50640869140625,-13.92364501953125,72.46688575356245,19.801104358742236,,QuantData term-structure
2026-08-19T16:00:00-04:00,2028-06-16,667,150.0,put,-0.1634616673987742,95.89195251464844,215.75,fixed_strike,92.26799011230469,95.89195251464844,98.27613830566406,94.65217590332031,94.65217590332031,-3.62396240234375,4.1961669921875,,,,106.4300537109375,92.50640869140625,-13.92364501953125,72.46688575356245,19.801104358742236,,QuantData term-structure
2026-08-19T16:00:00-04:00,2028-06-16,667,170.0,put,-0.1902414342148943,95.70121765136719,215.75,fixed_strike,92.26799011230469,95.89195251464844,98.27613830566406,94.65217590332031,94.65217590332031,-3.62396240234375,4.1961669921875,,,,106.4300537109375,92.50640869140625,-13.92364501953125,72.46688575356245,19.801104358742236,,QuantData term-structure
2026-08-19T16:00:00-04:00,2028-06-16,667,180.0,put,-0.19928305725775852,96.84562683105469,215.75,fixed_strike,92.26799011230469,95.89195251464844,98.27613830566406,94.65217590332031,94.65217590332031,-3.62396240234375,4.1961669921875,,,,106.4300537109375,92.50640869140625,-13.92364501953125,72.46688575356245,19.801104358742236,,QuantData term-structure
2026-08-19T16:00:00-04:00,2028-06-16,667,200.0,call,0.770431913329272,91.98188781738281,215.75,fixed_strike,92.26799011230469,95.89195251464844,98.27613830566406,94.65217590332031,94.65217590332031,-3.62396240234375,4.1961669921875,,,,106.4300537109375,92.50640869140625,-13.92364501953125,72.46688575356245,19.801104358742236,,QuantData term-structure
2026-08-19T16:00:00-04:00,2028-06-16,667,210.0,put,-0.23303676822713026,97.13172912597656,215.75,fixed_strike,92.26799011230469,95.89195251464844,98.27613830566406,94.65217590332031,94.65217590332031,-3.62396240234375,4.1961669921875,,,,106.4300537109375,92.50640869140625,-13.92364501953125,72.46688575356245,19.801104358742236,,QuantData term-structure
2026-08-19T16:00:00-04:00,2028-06-16,667,220.0,call,0.7448562846173538,92.26799011230469,215.75,fixed_strike,92.26799011230469,95.89195251464844,98.27613830566406,94.65217590332031,94.65217590332031,-3.62396240234375,4.1961669921875,,,,106.4300537109375,92.50640869140625,-13.92364501953125,72.46688575356245,19.801104358742236,,QuantData term-structure
2026-08-19T16:00:00-04:00,2028-06-16,667,230.0,put,-0.2527364712717727,98.27613830566406,215.75,fixed_strike,92.26799011230469,95.89195251464844,98.27613830566406,94.65217590332031,94.65217590332031,-3.62396240234375,4.1961669921875,,,,106.4300537109375,92.50640869140625,-13.92364501953125,72.46688575356245,19.801104358742236,,QuantData term-structure
2026-08-19T16:00:00-04:00,2028-06-16,667,250.0,call,0.7114969581111741,91.98188781738281,215.75,fixed_strike,92.26799011230469,95.89195251464844,98.27613830566406,94.65217590332031,94.65217590332031,-3.62396240234375,4.1961669921875,,,,106.4300537109375,92.50640869140625,-13.92364501953125,72.46688575356245,19.801104358742236,,QuantData term-structure
2026-08-19T16:00:00-04:00,2028-06-16,667,260.0,call,0.7017645182656578,92.36335754394531,215.75,fixed_strike,92.26799011230469,95.89195251464844,98.27613830566406,94.65217590332031,94.65217590332031,-3.62396240234375,4.1961669921875,,,,106.4300537109375,92.50640869140625,-13.92364501953125,72.46688575356245,19.801104358742236,,QuantData term-structure
2026-08-19T16:00:00-04:00,2028-06-16,667,300.0,call,0.6616582982656359,92.74482727050781,215.75,fixed_strike,92.26799011230469,95.89195251464844,98.27613830566406,94.65217590332031,94.65217590332031,-3.62396240234375,4.1961669921875,,,,106.4300537109375,92.50640869140625,-13.92364501953125,72.46688575356245,19.801104358742236,,QuantData term-structure
2026-08-19T16:00:00-04:00,2028-06-16,667,350.0,call,0.6175737485713213,93.41239929199219,215.75,fixed_strike,92.26799011230469,95.89195251464844,98.27613830566406,94.65217590332031,94.65217590332031,-3.62396240234375,4.1961669921875,,,,106.4300537109375,92.50640869140625,-13.92364501953125,72.46688575356245,19.801104358742236,,QuantData term-structure
2026-08-19T16:00:00-04:00,2028-06-16,667,400.0,call,0.5719574479879307,93.69850158691406,215.75,fixed_strike,92.26799011230469,95.89195251464844,98.27613830566406,94.65217590332031,94.65217590332031,-3.62396240234375,4.1961669921875,,,,106.4300537109375,92.50640869140625,-13.92364501953125,72.46688575356245,19.801104358742236,,QuantData term-structure
2026-08-19T16:00:00-04:00,2028-06-16,667,420.0,call,0.5665497532607516,94.07997131347656,215.75,fixed_strike,92.26799011230469,95.89195251464844,98.27613830566406,94.65217590332031,94.65217590332031,-3.62396240234375,4.1961669921875,,,,106.4300537109375,92.50640869140625,-13.92364501953125,72.46688575356245,19.801104358742236,,QuantData term-structure
2026-08-19T16:00:00-04:00,2028-06-16,667,440.0,call,0.5538321272027587,94.46144104003906,215.75,fixed_strike,92.26799011230469,95.89195251464844,98.27613830566406,94.65217590332031,94.65217590332031,-3.62396240234375,4.1961669921875,,,,106.4300537109375,92.50640869140625,-13.92364501953125,72.46688575356245,19.801104358742236,,QuantData term-structure
2026-08-19T16:00:00-04:00,2028-06-16,667,450.0,call,0.5443885020471255,94.07997131347656,215.75,fixed_strike,92.26799011230469,95.89195251464844,98.27613830566406,94.65217590332031,94.65217590332031,-3.62396240234375,4.1961669921875,,,,106.4300537109375,92.50640869140625,-13.92364501953125,72.46688575356245,19.801104358742236,,QuantData term-structure
2026-08-19T16:00:00-04:00,2028-06-16,667,500.0,call,0.5149038509094213,94.65217590332031,215.75,fixed_strike,92.26799011230469,95.89195251464844,98.27613830566406,94.65217590332031,94.65217590332031,-3.62396240234375,4.1961669921875,,,,106.4300537109375,92.50640869140625,-13.92364501953125,72.46688575356245,19.801104358742236,,QuantData term-structure
2026-08-19T16:00:00-04:00,2028-12-15,849,90.0,put,-0.08289063839049665,93.31703186035156,215.75,fixed_strike,94.50912475585938,92.36335754394531,98.56224060058594,92.74482727050781,92.74482727050781,-5.817413330078125,1.1444091796875,,,,106.4300537109375,92.50640869140625,-13.92364501953125,72.46688575356245,22.042239002296924,,QuantData term-structure
2026-08-19T16:00:00-04:00,2028-12-15,849,95.0,put,-0.08935393439694117,92.36335754394531,215.75,fixed_strike,94.50912475585938,92.36335754394531,98.56224060058594,92.74482727050781,92.74482727050781,-5.817413330078125,1.1444091796875,,,,106.4300537109375,92.50640869140625,-13.92364501953125,72.46688575356245,22.042239002296924,,QuantData term-structure
2026-08-19T16:00:00-04:00,2028-12-15,849,100.0,call,0.9053253918619757,91.98188781738281,215.75,fixed_strike,94.50912475585938,92.36335754394531,98.56224060058594,92.74482727050781,92.74482727050781,-5.817413330078125,1.1444091796875,,,,106.4300537109375,92.50640869140625,-13.92364501953125,72.46688575356245,22.042239002296924,,QuantData term-structure
2026-08-19T16:00:00-04:00,2028-12-15,849,120.0,put,-0.11992760437932293,94.46144104003906,215.75,fixed_strike,94.50912475585938,92.36335754394531,98.56224060058594,92.74482727050781,92.74482727050781,-5.817413330078125,1.1444091796875,,,,106.4300537109375,92.50640869140625,-13.92364501953125,72.46688575356245,22.042239002296924,,QuantData term-structure
2026-08-19T16:00:00-04:00,2028-12-15,849,130.0,put,-0.1278940780393762,95.31974792480469,215.75,fixed_strike,94.50912475585938,92.36335754394531,98.56224060058594,92.74482727050781,92.74482727050781,-5.817413330078125,1.1444091796875,,,,106.4300537109375,92.50640869140625,-13.92364501953125,72.46688575356245,22.042239002296924,,QuantData term-structure
2026-08-19T16:00:00-04:00,2028-12-15,849,135.0,put,-0.13340643231456595,95.31974792480469,215.75,fixed_strike,94.50912475585938,92.36335754394531,98.56224060058594,92.74482727050781,92.74482727050781,-5.817413330078125,1.1444091796875,,,,106.4300537109375,92.50640869140625,-13.92364501953125,72.46688575356245,22.042239002296924,,QuantData term-structure
2026-08-19T16:00:00-04:00,2028-12-15,849,140.0,put,-0.13926636444574836,95.70121765136719,215.75,fixed_strike,94.50912475585938,92.36335754394531,98.56224060058594,92.74482727050781,92.74482727050781,-5.817413330078125,1.1444091796875,,,,106.4300537109375,92.50640869140625,-13.92364501953125,72.46688575356245,22.042239002296924,,QuantData term-structure
2026-08-19T16:00:00-04:00,2028-12-15,849,150.0,call,0.8465667996100071,90.55137634277344,215.75,fixed_strike,94.50912475585938,92.36335754394531,98.56224060058594,92.74482727050781,92.74482727050781,-5.817413330078125,1.1444091796875,,,,106.4300537109375,92.50640869140625,-13.92364501953125,72.46688575356245,22.042239002296924,,QuantData term-structure
2026-08-19T16:00:00-04:00,2028-12-15,849,150.0,put,-0.15211630116308084,94.55680847167969,215.75,fixed_strike,94.50912475585938,92.36335754394531,98.56224060058594,92.74482727050781,92.74482727050781,-5.817413330078125,1.1444091796875,,,,106.4300537109375,92.50640869140625,-13.92364501953125,72.46688575356245,22.042239002296924,,QuantData term-structure
2026-08-19T16:00:00-04:00,2028-12-15,849,160.0,put,-0.16490953697157684,94.36607360839844,215.75,fixed_strike,94.50912475585938,92.36335754394531,98.56224060058594,92.74482727050781,92.74482727050781,-5.817413330078125,1.1444091796875,,,,106.4300537109375,92.50640869140625,-13.92364501953125,72.46688575356245,22.042239002296924,,QuantData term-structure
2026-08-19T16:00:00-04:00,2028-12-15,849,170.0,put,-0.17157371835397744,95.89195251464844,215.75,fixed_strike,94.50912475585938,92.36335754394531,98.56224060058594,92.74482727050781,92.74482727050781,-5.817413330078125,1.1444091796875,,,,106.4300537109375,92.50640869140625,-13.92364501953125,72.46688575356245,22.042239002296924,,QuantData term-structure
2026-08-19T16:00:00-04:00,2028-12-15,849,175.0,put,-0.1716846171374119,95.98731994628906,215.75,fixed_strike,94.50912475585938,92.36335754394531,98.56224060058594,92.74482727050781,92.74482727050781,-5.817413330078125,1.1444091796875,,,,106.4300537109375,92.50640869140625,-13.92364501953125,72.46688575356245,22.042239002296924,,QuantData term-structure
2026-08-19T16:00:00-04:00,2028-12-15,849,180.0,call,0.8125868400256124,90.64674377441406,215.75,fixed_strike,94.50912475585938,92.36335754394531,98.56224060058594,92.74482727050781,92.74482727050781,-5.817413330078125,1.1444091796875,,,,106.4300537109375,92.50640869140625,-13.92364501953125,72.46688575356245,22.042239002296924,,QuantData term-structure
2026-08-19T16:00:00-04:00,2028-12-15,849,180.0,put,-0.18221023313621537,94.93827819824219,215.75,fixed_strike,94.50912475585938,92.36335754394531,98.56224060058594,92.74482727050781,92.74482727050781,-5.817413330078125,1.1444091796875,,,,106.4300537109375,92.50640869140625,-13.92364501953125,72.46688575356245,22.042239002296924,,QuantData term-structure
2026-08-19T16:00:00-04:00,2028-12-15,849,185.0,put,-0.1870134328316984,96.17805480957031,215.75,fixed_strike,94.50912475585938,92.36335754394531,98.56224060058594,92.74482727050781,92.74482727050781,-5.817413330078125,1.1444091796875,,,,106.4300537109375,92.50640869140625,-13.92364501953125,72.46688575356245,22.042239002296924,,QuantData term-structure
2026-08-19T16:00:00-04:00,2028-12-15,849,190.0,call,0.7995415634314329,91.60041809082031,215.75,fixed_strike,94.50912475585938,92.36335754394531,98.56224060058594,92.74482727050781,92.74482727050781,-5.817413330078125,1.1444091796875,,,,106.4300537109375,92.50640869140625,-13.92364501953125,72.46688575356245,22.042239002296924,,QuantData term-structure
2026-08-19T16:00:00-04:00,2028-12-15,849,190.0,put,-0.1916121451580391,96.36878967285156,215.75,fixed_strike,94.50912475585938,92.36335754394531,98.56224060058594,92.74482727050781,92.74482727050781,-5.817413330078125,1.1444091796875,,,,106.4300537109375,92.50640869140625,-13.92364501953125,72.46688575356245,22.042239002296924,,QuantData term-structure
2026-08-19T16:00:00-04:00,2028-12-15,849,195.0,call,0.7973063976394477,90.55137634277344,215.75,fixed_strike,94.50912475585938,92.36335754394531,98.56224060058594,92.74482727050781,92.74482727050781,-5.817413330078125,1.1444091796875,,,,106.4300537109375,92.50640869140625,-13.92364501953125,72.46688575356245,22.042239002296924,,QuantData term-structure
2026-08-19T16:00:00-04:00,2028-12-15,849,195.0,put,-0.19094986439127243,97.32246398925781,215.75,fixed_strike,94.50912475585938,92.36335754394531,98.56224060058594,92.74482727050781,92.74482727050781,-5.817413330078125,1.1444091796875,,,,106.4300537109375,92.50640869140625,-13.92364501953125,72.46688575356245,22.042239002296924,,QuantData term-structure
2026-08-19T16:00:00-04:00,2028-12-15,849,200.0,call,0.795119505256578,91.60041809082031,215.75,fixed_strike,94.50912475585938,92.36335754394531,98.56224060058594,92.74482727050781,92.74482727050781,-5.817413330078125,1.1444091796875,,,,106.4300537109375,92.50640869140625,-13.92364501953125,72.46688575356245,22.042239002296924,,QuantData term-structure
2026-08-19T16:00:00-04:00,2028-12-15,849,210.0,call,0.7885530696955588,94.07997131347656,215.75,fixed_strike,94.50912475585938,92.36335754394531,98.56224060058594,92.74482727050781,92.74482727050781,-5.817413330078125,1.1444091796875,,,,106.4300537109375,92.50640869140625,-13.92364501953125,72.46688575356245,22.042239002296924,,QuantData term-structure
2026-08-19T16:00:00-04:00,2028-12-15,849,210.0,put,-0.20396184518115135,97.32246398925781,215.75,fixed_strike,94.50912475585938,92.36335754394531,98.56224060058594,92.74482727050781,92.74482727050781,-5.817413330078125,1.1444091796875,,,,106.4300537109375,92.50640869140625,-13.92364501953125,72.46688575356245,22.042239002296924,,QuantData term-structure
2026-08-19T16:00:00-04:00,2028-12-15,849,220.0,call,0.7727705388328878,91.60041809082031,215.75,fixed_strike,94.50912475585938,92.36335754394531,98.56224060058594,92.74482727050781,92.74482727050781,-5.817413330078125,1.1444091796875,,,,106.4300537109375,92.50640869140625,-13.92364501953125,72.46688575356245,22.042239002296924,,QuantData term-structure
2026-08-19T16:00:00-04:00,2028-12-15,849,220.0,put,-0.22172290018416202,97.41783142089844,215.75,fixed_strike,94.50912475585938,92.36335754394531,98.56224060058594,92.74482727050781,92.74482727050781,-5.817413330078125,1.1444091796875,,,,106.4300537109375,92.50640869140625,-13.92364501953125,72.46688575356245,22.042239002296924,,QuantData term-structure
2026-08-19T16:00:00-04:00,2028-12-15,849,230.0,call,0.7697168311508318,93.50776672363281,215.75,fixed_strike,94.50912475585938,92.36335754394531,98.56224060058594,92.74482727050781,92.74482727050781,-5.817413330078125,1.1444091796875,,,,106.4300537109375,92.50640869140625,-13.92364501953125,72.46688575356245,22.042239002296924,,QuantData term-structure
2026-08-19T16:00:00-04:00,2028-12-15,849,240.0,call,0.7517457953294746,90.93284606933594,215.75,fixed_strike,94.50912475585938,92.36335754394531,98.56224060058594,92.74482727050781,92.74482727050781,-5.817413330078125,1.1444091796875,,,,106.4300537109375,92.50640869140625,-13.92364501953125,72.46688575356245,22.042239002296924,,QuantData term-structure
2026-08-19T16:00:00-04:00,2028-12-15,849,250.0,call,0.7424074067878275,89.78843688964844,215.75,fixed_strike,94.50912475585938,92.36335754394531,98.56224060058594,92.74482727050781,92.74482727050781,-5.817413330078125,1.1444091796875,,,,106.4300537109375,92.50640869140625,-13.92364501953125,72.46688575356245,22.042239002296924,,QuantData term-structure
2026-08-19T16:00:00-04:00,2028-12-15,849,250.0,put,-0.23892832252442825,98.56224060058594,215.75,fixed_strike,94.50912475585938,92.36335754394531,98.56224060058594,92.74482727050781,92.74482727050781,-5.817413330078125,1.1444091796875,,,,106.4300537109375,92.50640869140625,-13.92364501953125,72.46688575356245,22.042239002296924,,QuantData term-structure
2026-08-19T16:00:00-04:00,2028-12-15,849,280.0,call,0.7167265144309432,91.12358093261719,215.75,fixed_strike,94.50912475585938,92.36335754394531,98.56224060058594,92.74482727050781,92.74482727050781,-5.817413330078125,1.1444091796875,,,,106.4300537109375,92.50640869140625,-13.92364501953125,72.46688575356245,22.042239002296924,,QuantData term-structure
2026-08-19T16:00:00-04:00,2028-12-15,849,290.0,call,0.7081137657911352,91.12358093261719,215.75,fixed_strike,94.50912475585938,92.36335754394531,98.56224060058594,92.74482727050781,92.74482727050781,-5.817413330078125,1.1444091796875,,,,106.4300537109375,92.50640869140625,-13.92364501953125,72.46688575356245,22.042239002296924,,QuantData term-structure
2026-08-19T16:00:00-04:00,2028-12-15,849,290.0,put,-0.26195227140516786,102.47230529785156,215.75,fixed_strike,94.50912475585938,92.36335754394531,98.56224060058594,92.74482727050781,92.74482727050781,-5.817413330078125,1.1444091796875,,,,106.4300537109375,92.50640869140625,-13.92364501953125,72.46688575356245,22.042239002296924,,QuantData term-structure
2026-08-19T16:00:00-04:00,2028-12-15,849,300.0,call,0.7008756867252285,91.31431579589844,215.75,fixed_strike,94.50912475585938,92.36335754394531,98.56224060058594,92.74482727050781,92.74482727050781,-5.817413330078125,1.1444091796875,,,,106.4300537109375,92.50640869140625,-13.92364501953125,72.46688575356245,22.042239002296924,,QuantData term-structure
2026-08-19T16:00:00-04:00,2028-12-15,849,300.0,put,-0.2688283594163041,101.90010070800781,215.75,fixed_strike,94.50912475585938,92.36335754394531,98.56224060058594,92.74482727050781,92.74482727050781,-5.817413330078125,1.1444091796875,,,,106.4300537109375,92.50640869140625,-13.92364501953125,72.46688575356245,22.042239002296924,,QuantData term-structure
2026-08-19T16:00:00-04:00,2028-12-15,849,310.0,call,0.682544065894244,90.26527404785156,215.75,fixed_strike,94.50912475585938,92.36335754394531,98.56224060058594,92.74482727050781,92.74482727050781,-5.817413330078125,1.1444091796875,,,,106.4300537109375,92.50640869140625,-13.92364501953125,72.46688575356245,22.042239002296924,,QuantData term-structure
2026-08-19T16:00:00-04:00,2028-12-15,849,340.0,call,0.6713358217786635,91.40968322753906,215.75,fixed_strike,94.50912475585938,92.36335754394531,98.56224060058594,92.74482727050781,92.74482727050781,-5.817413330078125,1.1444091796875,,,,106.4300537109375,92.50640869140625,-13.92364501953125,72.46688575356245,22.042239002296924,,QuantData term-structure
2026-08-19T16:00:00-04:00,2028-12-15,849,350.0,call,0.657547404681784,90.93284606933594,215.75,fixed_strike,94.50912475585938,92.36335754394531,98.56224060058594,92.74482727050781,92.74482727050781,-5.817413330078125,1.1444091796875,,,,106.4300537109375,92.50640869140625,-13.92364501953125,72.46688575356245,22.042239002296924,,QuantData term-structure
2026-08-19T16:00:00-04:00,2028-12-15,849,360.0,call,0.6529417522187206,90.55137634277344,215.75,fixed_strike,94.50912475585938,92.36335754394531,98.56224060058594,92.74482727050781,92.74482727050781,-5.817413330078125,1.1444091796875,,,,106.4300537109375,92.50640869140625,-13.92364501953125,72.46688575356245,22.042239002296924,,QuantData term-structure
2026-08-19T16:00:00-04:00,2028-12-15,849,400.0,call,0.6228245559452283,92.17262268066406,215.75,fixed_strike,94.50912475585938,92.36335754394531,98.56224060058594,92.74482727050781,92.74482727050781,-5.817413330078125,1.1444091796875,,,,106.4300537109375,92.50640869140625,-13.92364501953125,72.46688575356245,22.042239002296924,,QuantData term-structure
2026-08-19T16:00:00-04:00,2028-12-15,849,430.0,call,0.6070313336048564,91.12358093261719,215.75,fixed_strike,94.50912475585938,92.36335754394531,98.56224060058594,92.74482727050781,92.74482727050781,-5.817413330078125,1.1444091796875,,,,106.4300537109375,92.50640869140625,-13.92364501953125,72.46688575356245,22.042239002296924,,QuantData term-structure
2026-08-19T16:00:00-04:00,2028-12-15,849,460.0,call,0.5920655603289006,92.74482727050781,215.75,fixed_strike,94.50912475585938,92.36335754394531,98.56224060058594,92.74482727050781,92.74482727050781,-5.817413330078125,1.1444091796875,,,,106.4300537109375,92.50640869140625,-13.92364501953125,72.46688575356245,22.042239002296924,,QuantData term-structure
2026-08-19T16:00:00-04:00,2028-12-15,849,480.0,call,0.5823829736756462,92.45872497558594,215.75,fixed_strike,94.50912475585938,92.36335754394531,98.56224060058594,92.74482727050781,92.74482727050781,-5.817413330078125,1.1444091796875,,,,106.4300537109375,92.50640869140625,-13.92364501953125,72.46688575356245,22.042239002296924,,QuantData term-structure
2026-08-19T16:00:00-04:00,2028-12-15,849,490.0,call,0.5731331074951886,92.74482727050781,215.75,fixed_strike,94.50912475585938,92.36335754394531,98.56224060058594,92.74482727050781,92.74482727050781,-5.817413330078125,1.1444091796875,,,,106.4300537109375,92.50640869140625,-13.92364501953125,72.46688575356245,22.042239002296924,,QuantData term-structure
2026-08-19T16:00:00-04:00,2028-12-15,849,500.0,call,0.5828795724874016,94.27070617675781,215.75,fixed_strike,94.50912475585938,92.36335754394531,98.56224060058594,92.74482727050781,92.74482727050781,-5.817413330078125,1.1444091796875,,,,106.4300537109375,92.50640869140625,-13.92364501953125,72.46688575356245,22.042239002296924,,QuantData term-structure
