timestamp,expiration,dte,strike,call_put,delta,iv,underlying_price,coordinate_type,atm_iv,10_delta_put_iv,25_delta_put_iv,25_delta_call_iv,10_delta_call_iv,rr25,bf25,call_skew,put_skew,wing_skew,front_iv,back_iv,term_slope,realized_vol,iv_minus_rv,stickiness,source
2026-08-17T16:00:00-04:00,2026-08-17,0,300.0,call,1.0,0.0476837158203125,480.62,fixed_strike,13.017654418945312,26.941299438476562,12.731552124023438,19.693374633789062,19.693374633789062,6.961822509765625,3.1948089599609375,,,,13.017654418945312,26.464462280273438,13.446807861328125,14.155503687263183,-1.1378492683178703,,QuantData term-structure
2026-08-17T16:00:00-04:00,2026-08-17,0,305.0,call,1.0,0.0476837158203125,480.62,fixed_strike,13.017654418945312,26.941299438476562,12.731552124023438,19.693374633789062,19.693374633789062,6.961822509765625,3.1948089599609375,,,,13.017654418945312,26.464462280273438,13.446807861328125,14.155503687263183,-1.1378492683178703,,QuantData term-structure
2026-08-17T16:00:00-04:00,2026-08-17,0,310.0,call,1.0,0.0476837158203125,480.62,fixed_strike,13.017654418945312,26.941299438476562,12.731552124023438,19.693374633789062,19.693374633789062,6.961822509765625,3.1948089599609375,,,,13.017654418945312,26.464462280273438,13.446807861328125,14.155503687263183,-1.1378492683178703,,QuantData term-structure
2026-08-17T16:00:00-04:00,2026-08-17,0,315.0,call,0.9992164313375416,717.1154022216797,480.62,fixed_strike,13.017654418945312,26.941299438476562,12.731552124023438,19.693374633789062,19.693374633789062,6.961822509765625,3.1948089599609375,,,,13.017654418945312,26.464462280273438,13.446807861328125,14.155503687263183,-1.1378492683178703,,QuantData term-structure
2026-08-17T16:00:00-04:00,2026-08-17,0,315.0,put,-0.0005637096764597128,505.3997039794922,480.62,fixed_strike,13.017654418945312,26.941299438476562,12.731552124023438,19.693374633789062,19.693374633789062,6.961822509765625,3.1948089599609375,,,,13.017654418945312,26.464462280273438,13.446807861328125,14.155503687263183,-1.1378492683178703,,QuantData term-structure
2026-08-17T16:00:00-04:00,2026-08-17,0,320.0,call,0.9922833979301877,829.9350738525391,480.62,fixed_strike,13.017654418945312,26.941299438476562,12.731552124023438,19.693374633789062,19.693374633789062,6.961822509765625,3.1948089599609375,,,,13.017654418945312,26.464462280273438,13.446807861328125,14.155503687263183,-1.1378492683178703,,QuantData term-structure
2026-08-17T16:00:00-04:00,2026-08-17,0,320.0,put,-0.00226643483332769,561.6664886474609,480.62,fixed_strike,13.017654418945312,26.941299438476562,12.731552124023438,19.693374633789062,19.693374633789062,6.961822509765625,3.1948089599609375,,,,13.017654418945312,26.464462280273438,13.446807861328125,14.155503687263183,-1.1378492683178703,,QuantData term-structure
2026-08-17T16:00:00-04:00,2026-08-17,0,325.0,call,0.9871645643798264,903.2726287841797,480.62,fixed_strike,13.017654418945312,26.941299438476562,12.731552124023438,19.693374633789062,19.693374633789062,6.961822509765625,3.1948089599609375,,,,13.017654418945312,26.464462280273438,13.446807861328125,14.155503687263183,-1.1378492683178703,,QuantData term-structure
2026-08-17T16:00:00-04:00,2026-08-17,0,325.0,put,-0.0005901795039129335,445.8904266357422,480.62,fixed_strike,13.017654418945312,26.941299438476562,12.731552124023438,19.693374633789062,19.693374633789062,6.961822509765625,3.1948089599609375,,,,13.017654418945312,26.464462280273438,13.446807861328125,14.155503687263183,-1.1378492683178703,,QuantData term-structure
2026-08-17T16:00:00-04:00,2026-08-17,0,330.0,call,0.9843703726541454,900.1255035400391,480.62,fixed_strike,13.017654418945312,26.941299438476562,12.731552124023438,19.693374633789062,19.693374633789062,6.961822509765625,3.1948089599609375,,,,13.017654418945312,26.464462280273438,13.446807861328125,14.155503687263183,-1.1378492683178703,,QuantData term-structure
2026-08-17T16:00:00-04:00,2026-08-17,0,330.0,put,-0.0006378954000048169,555.1815032958984,480.62,fixed_strike,13.017654418945312,26.941299438476562,12.731552124023438,19.693374633789062,19.693374633789062,6.961822509765625,3.1948089599609375,,,,13.017654418945312,26.464462280273438,13.446807861328125,14.155503687263183,-1.1378492683178703,,QuantData term-structure
2026-08-17T16:00:00-04:00,2026-08-17,0,335.0,call,0.9785288539319275,901.7467498779297,480.62,fixed_strike,13.017654418945312,26.941299438476562,12.731552124023438,19.693374633789062,19.693374633789062,6.961822509765625,3.1948089599609375,,,,13.017654418945312,26.464462280273438,13.446807861328125,14.155503687263183,-1.1378492683178703,,QuantData term-structure
2026-08-17T16:00:00-04:00,2026-08-17,0,335.0,put,-0.0011912520445105873,700.3307342529297,480.62,fixed_strike,13.017654418945312,26.941299438476562,12.731552124023438,19.693374633789062,19.693374633789062,6.961822509765625,3.1948089599609375,,,,13.017654418945312,26.464462280273438,13.446807861328125,14.155503687263183,-1.1378492683178703,,QuantData term-structure
2026-08-17T16:00:00-04:00,2026-08-17,0,340.0,call,0.9967283635661399,684.5951080322266,480.62,fixed_strike,13.017654418945312,26.941299438476562,12.731552124023438,19.693374633789062,19.693374633789062,6.961822509765625,3.1948089599609375,,,,13.017654418945312,26.464462280273438,13.446807861328125,14.155503687263183,-1.1378492683178703,,QuantData term-structure
2026-08-17T16:00:00-04:00,2026-08-17,0,340.0,put,-0.003091610954470479,747.7283477783203,480.62,fixed_strike,13.017654418945312,26.941299438476562,12.731552124023438,19.693374633789062,19.693374633789062,6.961822509765625,3.1948089599609375,,,,13.017654418945312,26.464462280273438,13.446807861328125,14.155503687263183,-1.1378492683178703,,QuantData term-structure
2026-08-17T16:00:00-04:00,2026-08-17,0,345.0,call,0.9961836776804153,668.0965423583984,480.62,fixed_strike,13.017654418945312,26.941299438476562,12.731552124023438,19.693374633789062,19.693374633789062,6.961822509765625,3.1948089599609375,,,,13.017654418945312,26.464462280273438,13.446807861328125,14.155503687263183,-1.1378492683178703,,QuantData term-structure
2026-08-17T16:00:00-04:00,2026-08-17,0,345.0,put,-0.0007166449024477927,553.1787872314453,480.62,fixed_strike,13.017654418945312,26.941299438476562,12.731552124023438,19.693374633789062,19.693374633789062,6.961822509765625,3.1948089599609375,,,,13.017654418945312,26.464462280273438,13.446807861328125,14.155503687263183,-1.1378492683178703,,QuantData term-structure
2026-08-17T16:00:00-04:00,2026-08-17,0,350.0,call,0.9783179981568368,777.0061492919922,480.62,fixed_strike,13.017654418945312,26.941299438476562,12.731552124023438,19.693374633789062,19.693374633789062,6.961822509765625,3.1948089599609375,,,,13.017654418945312,26.464462280273438,13.446807861328125,14.155503687263183,-1.1378492683178703,,QuantData term-structure
2026-08-17T16:00:00-04:00,2026-08-17,0,350.0,put,-0.0007408218613014866,653.9821624755859,480.62,fixed_strike,13.017654418945312,26.941299438476562,12.731552124023438,19.693374633789062,19.693374633789062,6.961822509765625,3.1948089599609375,,,,13.017654418945312,26.464462280273438,13.446807861328125,14.155503687263183,-1.1378492683178703,,QuantData term-structure
2026-08-17T16:00:00-04:00,2026-08-17,0,355.0,call,1.0,0.0476837158203125,480.62,fixed_strike,13.017654418945312,26.941299438476562,12.731552124023438,19.693374633789062,19.693374633789062,6.961822509765625,3.1948089599609375,,,,13.017654418945312,26.464462280273438,13.446807861328125,14.155503687263183,-1.1378492683178703,,QuantData term-structure
2026-08-17T16:00:00-04:00,2026-08-17,0,355.0,put,-0.0013919285381772722,664.5679473876953,480.62,fixed_strike,13.017654418945312,26.941299438476562,12.731552124023438,19.693374633789062,19.693374633789062,6.961822509765625,3.1948089599609375,,,,13.017654418945312,26.464462280273438,13.446807861328125,14.155503687263183,-1.1378492683178703,,QuantData term-structure
2026-08-17T16:00:00-04:00,2026-08-17,0,360.0,call,1.0,0.0476837158203125,480.62,fixed_strike,13.017654418945312,26.941299438476562,12.731552124023438,19.693374633789062,19.693374633789062,6.961822509765625,3.1948089599609375,,,,13.017654418945312,26.464462280273438,13.446807861328125,14.155503687263183,-1.1378492683178703,,QuantData term-structure
2026-08-17T16:00:00-04:00,2026-08-17,0,360.0,put,-0.002595705069737524,919.2943572998047,480.62,fixed_strike,13.017654418945312,26.941299438476562,12.731552124023438,19.693374633789062,19.693374633789062,6.961822509765625,3.1948089599609375,,,,13.017654418945312,26.464462280273438,13.446807861328125,14.155503687263183,-1.1378492683178703,,QuantData term-structure
2026-08-17T16:00:00-04:00,2026-08-17,0,365.0,call,0.9806068052514538,695.5623626708984,480.62,fixed_strike,13.017654418945312,26.941299438476562,12.731552124023438,19.693374633789062,19.693374633789062,6.961822509765625,3.1948089599609375,,,,13.017654418945312,26.464462280273438,13.446807861328125,14.155503687263183,-1.1378492683178703,,QuantData term-structure
2026-08-17T16:00:00-04:00,2026-08-17,0,365.0,put,-0.004773120284619954,945.5204010009766,480.62,fixed_strike,13.017654418945312,26.941299438476562,12.731552124023438,19.693374633789062,19.693374633789062,6.961822509765625,3.1948089599609375,,,,13.017654418945312,26.464462280273438,13.446807861328125,14.155503687263183,-1.1378492683178703,,QuantData term-structure
2026-08-17T16:00:00-04:00,2026-08-17,0,370.0,call,0.9782817620712241,675.9166717529297,480.62,fixed_strike,13.017654418945312,26.941299438476562,12.731552124023438,19.693374633789062,19.693374633789062,6.961822509765625,3.1948089599609375,,,,13.017654418945312,26.464462280273438,13.446807861328125,14.155503687263183,-1.1378492683178703,,QuantData term-structure
2026-08-17T16:00:00-04:00,2026-08-17,0,375.0,call,1.0,0.0476837158203125,480.62,fixed_strike,13.017654418945312,26.941299438476562,12.731552124023438,19.693374633789062,19.693374633789062,6.961822509765625,3.1948089599609375,,,,13.017654418945312,26.464462280273438,13.446807861328125,14.155503687263183,-1.1378492683178703,,QuantData term-structure
2026-08-17T16:00:00-04:00,2026-08-17,0,380.0,call,1.0,0.0476837158203125,480.62,fixed_strike,13.017654418945312,26.941299438476562,12.731552124023438,19.693374633789062,19.693374633789062,6.961822509765625,3.1948089599609375,,,,13.017654418945312,26.464462280273438,13.446807861328125,14.155503687263183,-1.1378492683178703,,QuantData term-structure
2026-08-17T16:00:00-04:00,2026-08-17,0,380.0,put,-0.0009766113675169059,397.9206085205078,480.62,fixed_strike,13.017654418945312,26.941299438476562,12.731552124023438,19.693374633789062,19.693374633789062,6.961822509765625,3.1948089599609375,,,,13.017654418945312,26.464462280273438,13.446807861328125,14.155503687263183,-1.1378492683178703,,QuantData term-structure
2026-08-17T16:00:00-04:00,2026-08-17,0,385.0,call,0.987676382871548,484.0373992919922,480.62,fixed_strike,13.017654418945312,26.941299438476562,12.731552124023438,19.693374633789062,19.693374633789062,6.961822509765625,3.1948089599609375,,,,13.017654418945312,26.464462280273438,13.446807861328125,14.155503687263183,-1.1378492683178703,,QuantData term-structure
2026-08-17T16:00:00-04:00,2026-08-17,0,390.0,call,0.9932637470627436,416.5172576904297,480.62,fixed_strike,13.017654418945312,26.941299438476562,12.731552124023438,19.693374633789062,19.693374633789062,6.961822509765625,3.1948089599609375,,,,13.017654418945312,26.464462280273438,13.446807861328125,14.155503687263183,-1.1378492683178703,,QuantData term-structure
2026-08-17T16:00:00-04:00,2026-08-17,0,390.0,put,-0.0009745498540162841,256.7768096923828,480.62,fixed_strike,13.017654418945312,26.941299438476562,12.731552124023438,19.693374633789062,19.693374633789062,6.961822509765625,3.1948089599609375,,,,13.017654418945312,26.464462280273438,13.446807861328125,14.155503687263183,-1.1378492683178703,,QuantData term-structure
2026-08-17T16:00:00-04:00,2026-08-17,0,395.0,call,0.9857450693934142,478.21998596191406,480.62,fixed_strike,13.017654418945312,26.941299438476562,12.731552124023438,19.693374633789062,19.693374633789062,6.961822509765625,3.1948089599609375,,,,13.017654418945312,26.464462280273438,13.446807861328125,14.155503687263183,-1.1378492683178703,,QuantData term-structure
2026-08-17T16:00:00-04:00,2026-08-17,0,400.0,call,0.9855864683644425,658.1783294677734,480.62,fixed_strike,13.017654418945312,26.941299438476562,12.731552124023438,19.693374633789062,19.693374633789062,6.961822509765625,3.1948089599609375,,,,13.017654418945312,26.464462280273438,13.446807861328125,14.155503687263183,-1.1378492683178703,,QuantData term-structure
2026-08-17T16:00:00-04:00,2026-08-17,0,405.0,call,0.9876193144711058,370.26405334472656,480.62,fixed_strike,13.017654418945312,26.941299438476562,12.731552124023438,19.693374633789062,19.693374633789062,6.961822509765625,3.1948089599609375,,,,13.017654418945312,26.464462280273438,13.446807861328125,14.155503687263183,-1.1378492683178703,,QuantData term-structure
2026-08-17T16:00:00-04:00,2026-08-17,0,410.0,call,1.0,0.0476837158203125,480.62,fixed_strike,13.017654418945312,26.941299438476562,12.731552124023438,19.693374633789062,19.693374633789062,6.961822509765625,3.1948089599609375,,,,13.017654418945312,26.464462280273438,13.446807861328125,14.155503687263183,-1.1378492683178703,,QuantData term-structure
2026-08-17T16:00:00-04:00,2026-08-17,0,410.0,put,-0.0033975495220926522,404.4055938720703,480.62,fixed_strike,13.017654418945312,26.941299438476562,12.731552124023438,19.693374633789062,19.693374633789062,6.961822509765625,3.1948089599609375,,,,13.017654418945312,26.464462280273438,13.446807861328125,14.155503687263183,-1.1378492683178703,,QuantData term-structure
2026-08-17T16:00:00-04:00,2026-08-17,0,415.0,call,0.9845023305207601,577.2113800048828,480.62,fixed_strike,13.017654418945312,26.941299438476562,12.731552124023438,19.693374633789062,19.693374633789062,6.961822509765625,3.1948089599609375,,,,13.017654418945312,26.464462280273438,13.446807861328125,14.155503687263183,-1.1378492683178703,,QuantData term-structure
2026-08-17T16:00:00-04:00,2026-08-17,0,420.0,call,0.9702621922719894,561.1896514892578,480.62,fixed_strike,13.017654418945312,26.941299438476562,12.731552124023438,19.693374633789062,19.693374633789062,6.961822509765625,3.1948089599609375,,,,13.017654418945312,26.464462280273438,13.446807861328125,14.155503687263183,-1.1378492683178703,,QuantData term-structure
2026-08-17T16:00:00-04:00,2026-08-17,0,420.0,put,-0.0015892130275750322,236.8450164794922,480.62,fixed_strike,13.017654418945312,26.941299438476562,12.731552124023438,19.693374633789062,19.693374633789062,6.961822509765625,3.1948089599609375,,,,13.017654418945312,26.464462280273438,13.446807861328125,14.155503687263183,-1.1378492683178703,,QuantData term-structure
2026-08-17T16:00:00-04:00,2026-08-17,0,425.0,call,0.9829440982346704,294.0654754638672,480.62,fixed_strike,13.017654418945312,26.941299438476562,12.731552124023438,19.693374633789062,19.693374633789062,6.961822509765625,3.1948089599609375,,,,13.017654418945312,26.464462280273438,13.446807861328125,14.155503687263183,-1.1378492683178703,,QuantData term-structure
2026-08-17T16:00:00-04:00,2026-08-17,0,425.0,put,-0.001739036257767658,211.95411682128906,480.62,fixed_strike,13.017654418945312,26.941299438476562,12.731552124023438,19.693374633789062,19.693374633789062,6.961822509765625,3.1948089599609375,,,,13.017654418945312,26.464462280273438,13.446807861328125,14.155503687263183,-1.1378492683178703,,QuantData term-structure
2026-08-17T16:00:00-04:00,2026-08-17,0,430.0,call,0.985117105278914,382.2803497314453,480.62,fixed_strike,13.017654418945312,26.941299438476562,12.731552124023438,19.693374633789062,19.693374633789062,6.961822509765625,3.1948089599609375,,,,13.017654418945312,26.464462280273438,13.446807861328125,14.155503687263183,-1.1378492683178703,,QuantData term-structure
2026-08-17T16:00:00-04:00,2026-08-17,0,435.0,call,0.997435880161243,194.8833465576172,480.62,fixed_strike,13.017654418945312,26.941299438476562,12.731552124023438,19.693374633789062,19.693374633789062,6.961822509765625,3.1948089599609375,,,,13.017654418945312,26.464462280273438,13.446807861328125,14.155503687263183,-1.1378492683178703,,QuantData term-structure
2026-08-17T16:00:00-04:00,2026-08-17,0,437.5,call,0.9727755761215879,377.2258758544922,480.62,fixed_strike,13.017654418945312,26.941299438476562,12.731552124023438,19.693374633789062,19.693374633789062,6.961822509765625,3.1948089599609375,,,,13.017654418945312,26.464462280273438,13.446807861328125,14.155503687263183,-1.1378492683178703,,QuantData term-structure
2026-08-17T16:00:00-04:00,2026-08-17,0,440.0,call,0.9756775273306445,344.61021423339844,480.62,fixed_strike,13.017654418945312,26.941299438476562,12.731552124023438,19.693374633789062,19.693374633789062,6.961822509765625,3.1948089599609375,,,,13.017654418945312,26.464462280273438,13.446807861328125,14.155503687263183,-1.1378492683178703,,QuantData term-structure
2026-08-17T16:00:00-04:00,2026-08-17,0,440.0,put,-0.0021100575151734996,127.64930725097656,480.62,fixed_strike,13.017654418945312,26.941299438476562,12.731552124023438,19.693374633789062,19.693374633789062,6.961822509765625,3.1948089599609375,,,,13.017654418945312,26.464462280273438,13.446807861328125,14.155503687263183,-1.1378492683178703,,QuantData term-structure
2026-08-17T16:00:00-04:00,2026-08-17,0,442.5,call,0.9843411709595631,277.18544006347656,480.62,fixed_strike,13.017654418945312,26.941299438476562,12.731552124023438,19.693374633789062,19.693374633789062,6.961822509765625,3.1948089599609375,,,,13.017654418945312,26.464462280273438,13.446807861328125,14.155503687263183,-1.1378492683178703,,QuantData term-structure
2026-08-17T16:00:00-04:00,2026-08-17,0,445.0,call,1.0,0.0476837158203125,480.62,fixed_strike,13.017654418945312,26.941299438476562,12.731552124023438,19.693374633789062,19.693374633789062,6.961822509765625,3.1948089599609375,,,,13.017654418945312,26.464462280273438,13.446807861328125,14.155503687263183,-1.1378492683178703,,QuantData term-structure
2026-08-17T16:00:00-04:00,2026-08-17,0,445.0,put,-0.003994489527822079,117.63572692871094,480.62,fixed_strike,13.017654418945312,26.941299438476562,12.731552124023438,19.693374633789062,19.693374633789062,6.961822509765625,3.1948089599609375,,,,13.017654418945312,26.464462280273438,13.446807861328125,14.155503687263183,-1.1378492683178703,,QuantData term-structure
2026-08-17T16:00:00-04:00,2026-08-17,0,447.5,call,1.0,0.0476837158203125,480.62,fixed_strike,13.017654418945312,26.941299438476562,12.731552124023438,19.693374633789062,19.693374633789062,6.961822509765625,3.1948089599609375,,,,13.017654418945312,26.464462280273438,13.446807861328125,14.155503687263183,-1.1378492683178703,,QuantData term-structure
2026-08-17T16:00:00-04:00,2026-08-17,0,447.5,put,-0.0027605772466053544,152.06336975097656,480.62,fixed_strike,13.017654418945312,26.941299438476562,12.731552124023438,19.693374633789062,19.693374633789062,6.961822509765625,3.1948089599609375,,,,13.017654418945312,26.464462280273438,13.446807861328125,14.155503687263183,-1.1378492683178703,,QuantData term-structure
2026-08-17T16:00:00-04:00,2026-08-17,0,450.0,call,1.0,0.0476837158203125,480.62,fixed_strike,13.017654418945312,26.941299438476562,12.731552124023438,19.693374633789062,19.693374633789062,6.961822509765625,3.1948089599609375,,,,13.017654418945312,26.464462280273438,13.446807861328125,14.155503687263183,-1.1378492683178703,,QuantData term-structure
2026-08-17T16:00:00-04:00,2026-08-17,0,450.0,put,-0.0025587487555361753,96.94099426269531,480.62,fixed_strike,13.017654418945312,26.941299438476562,12.731552124023438,19.693374633789062,19.693374633789062,6.961822509765625,3.1948089599609375,,,,13.017654418945312,26.464462280273438,13.446807861328125,14.155503687263183,-1.1378492683178703,,QuantData term-structure
2026-08-17T16:00:00-04:00,2026-08-17,0,452.5,call,1.0,0.0476837158203125,480.62,fixed_strike,13.017654418945312,26.941299438476562,12.731552124023438,19.693374633789062,19.693374633789062,6.961822509765625,3.1948089599609375,,,,13.017654418945312,26.464462280273438,13.446807861328125,14.155503687263183,-1.1378492683178703,,QuantData term-structure
2026-08-17T16:00:00-04:00,2026-08-17,0,452.5,put,-0.0031570536498802186,170.75538635253906,480.62,fixed_strike,13.017654418945312,26.941299438476562,12.731552124023438,19.693374633789062,19.693374633789062,6.961822509765625,3.1948089599609375,,,,13.017654418945312,26.464462280273438,13.446807861328125,14.155503687263183,-1.1378492683178703,,QuantData term-structure
2026-08-17T16:00:00-04:00,2026-08-17,0,455.0,call,0.992874113434944,172.4720001220703,480.62,fixed_strike,13.017654418945312,26.941299438476562,12.731552124023438,19.693374633789062,19.693374633789062,6.961822509765625,3.1948089599609375,,,,13.017654418945312,26.464462280273438,13.446807861328125,14.155503687263183,-1.1378492683178703,,QuantData term-structure
2026-08-17T16:00:00-04:00,2026-08-17,0,455.0,put,-0.0029192882712314634,83.97102355957031,480.62,fixed_strike,13.017654418945312,26.941299438476562,12.731552124023438,19.693374633789062,19.693374633789062,6.961822509765625,3.1948089599609375,,,,13.017654418945312,26.464462280273438,13.446807861328125,14.155503687263183,-1.1378492683178703,,QuantData term-structure
2026-08-17T16:00:00-04:00,2026-08-17,0,457.5,call,1.0,0.0476837158203125,480.62,fixed_strike,13.017654418945312,26.941299438476562,12.731552124023438,19.693374633789062,19.693374633789062,6.961822509765625,3.1948089599609375,,,,13.017654418945312,26.464462280273438,13.446807861328125,14.155503687263183,-1.1378492683178703,,QuantData term-structure
2026-08-17T16:00:00-04:00,2026-08-17,0,457.5,put,-0.0038557810996925315,92.74482727050781,480.62,fixed_strike,13.017654418945312,26.941299438476562,12.731552124023438,19.693374633789062,19.693374633789062,6.961822509765625,3.1948089599609375,,,,13.017654418945312,26.464462280273438,13.446807861328125,14.155503687263183,-1.1378492683178703,,QuantData term-structure
2026-08-17T16:00:00-04:00,2026-08-17,0,460.0,call,1.0,0.0476837158203125,480.62,fixed_strike,13.017654418945312,26.941299438476562,12.731552124023438,19.693374633789062,19.693374633789062,6.961822509765625,3.1948089599609375,,,,13.017654418945312,26.464462280273438,13.446807861328125,14.155503687263183,-1.1378492683178703,,QuantData term-structure
2026-08-17T16:00:00-04:00,2026-08-17,0,460.0,put,-0.004230083065757707,82.15904235839844,480.62,fixed_strike,13.017654418945312,26.941299438476562,12.731552124023438,19.693374633789062,19.693374633789062,6.961822509765625,3.1948089599609375,,,,13.017654418945312,26.464462280273438,13.446807861328125,14.155503687263183,-1.1378492683178703,,QuantData term-structure
2026-08-17T16:00:00-04:00,2026-08-17,0,462.5,call,0.8957197901760059,236.0820770263672,480.62,fixed_strike,13.017654418945312,26.941299438476562,12.731552124023438,19.693374633789062,19.693374633789062,6.961822509765625,3.1948089599609375,,,,13.017654418945312,26.464462280273438,13.446807861328125,14.155503687263183,-1.1378492683178703,,QuantData term-structure
2026-08-17T16:00:00-04:00,2026-08-17,0,462.5,put,-0.004328979392422789,113.72566223144531,480.62,fixed_strike,13.017654418945312,26.941299438476562,12.731552124023438,19.693374633789062,19.693374633789062,6.961822509765625,3.1948089599609375,,,,13.017654418945312,26.464462280273438,13.446807861328125,14.155503687263183,-1.1378492683178703,,QuantData term-structure
2026-08-17T16:00:00-04:00,2026-08-17,0,465.0,call,1.0,0.0476837158203125,480.62,fixed_strike,13.017654418945312,26.941299438476562,12.731552124023438,19.693374633789062,19.693374633789062,6.961822509765625,3.1948089599609375,,,,13.017654418945312,26.464462280273438,13.446807861328125,14.155503687263183,-1.1378492683178703,,QuantData term-structure
2026-08-17T16:00:00-04:00,2026-08-17,0,465.0,put,-0.005018695092840632,99.70664978027344,480.62,fixed_strike,13.017654418945312,26.941299438476562,12.731552124023438,19.693374633789062,19.693374633789062,6.961822509765625,3.1948089599609375,,,,13.017654418945312,26.464462280273438,13.446807861328125,14.155503687263183,-1.1378492683178703,,QuantData term-structure
2026-08-17T16:00:00-04:00,2026-08-17,0,467.5,call,0.8773862194396111,181.2458038330078,480.62,fixed_strike,13.017654418945312,26.941299438476562,12.731552124023438,19.693374633789062,19.693374633789062,6.961822509765625,3.1948089599609375,,,,13.017654418945312,26.464462280273438,13.446807861328125,14.155503687263183,-1.1378492683178703,,QuantData term-structure
2026-08-17T16:00:00-04:00,2026-08-17,0,467.5,put,-0.006544166305865685,50.97389221191406,480.62,fixed_strike,13.017654418945312,26.941299438476562,12.731552124023438,19.693374633789062,19.693374633789062,6.961822509765625,3.1948089599609375,,,,13.017654418945312,26.464462280273438,13.446807861328125,14.155503687263183,-1.1378492683178703,,QuantData term-structure
2026-08-17T16:00:00-04:00,2026-08-17,0,470.0,call,0.9614560413297237,93.88923645019531,480.62,fixed_strike,13.017654418945312,26.941299438476562,12.731552124023438,19.693374633789062,19.693374633789062,6.961822509765625,3.1948089599609375,,,,13.017654418945312,26.464462280273438,13.446807861328125,14.155503687263183,-1.1378492683178703,,QuantData term-structure
2026-08-17T16:00:00-04:00,2026-08-17,0,470.0,put,-0.007550979288689896,74.14817810058594,480.62,fixed_strike,13.017654418945312,26.941299438476562,12.731552124023438,19.693374633789062,19.693374633789062,6.961822509765625,3.1948089599609375,,,,13.017654418945312,26.464462280273438,13.446807861328125,14.155503687263183,-1.1378492683178703,,QuantData term-structure
2026-08-17T16:00:00-04:00,2026-08-17,0,472.5,call,1.0,0.0476837158203125,480.62,fixed_strike,13.017654418945312,26.941299438476562,12.731552124023438,19.693374633789062,19.693374633789062,6.961822509765625,3.1948089599609375,,,,13.017654418945312,26.464462280273438,13.446807861328125,14.155503687263183,-1.1378492683178703,,QuantData term-structure
2026-08-17T16:00:00-04:00,2026-08-17,0,472.5,put,-0.009628838561553726,56.60057067871094,480.62,fixed_strike,13.017654418945312,26.941299438476562,12.731552124023438,19.693374633789062,19.693374633789062,6.961822509765625,3.1948089599609375,,,,13.017654418945312,26.464462280273438,13.446807861328125,14.155503687263183,-1.1378492683178703,,QuantData term-structure
2026-08-17T16:00:00-04:00,2026-08-17,0,475.0,call,0.9075786424132836,73.38523864746094,480.62,fixed_strike,13.017654418945312,26.941299438476562,12.731552124023438,19.693374633789062,19.693374633789062,6.961822509765625,3.1948089599609375,,,,13.017654418945312,26.464462280273438,13.446807861328125,14.155503687263183,-1.1378492683178703,,QuantData term-structure
2026-08-17T16:00:00-04:00,2026-08-17,0,475.0,put,-0.01224642641671455,45.06111145019531,480.62,fixed_strike,13.017654418945312,26.941299438476562,12.731552124023438,19.693374633789062,19.693374633789062,6.961822509765625,3.1948089599609375,,,,13.017654418945312,26.464462280273438,13.446807861328125,14.155503687263183,-1.1378492683178703,,QuantData term-structure
2026-08-17T16:00:00-04:00,2026-08-17,0,477.5,call,0.92117946028541,29.897689819335938,480.62,fixed_strike,13.017654418945312,26.941299438476562,12.731552124023438,19.693374633789062,19.693374633789062,6.961822509765625,3.1948089599609375,,,,13.017654418945312,26.464462280273438,13.446807861328125,14.155503687263183,-1.1378492683178703,,QuantData term-structure
2026-08-17T16:00:00-04:00,2026-08-17,0,477.5,put,-0.019593033811635574,26.941299438476562,480.62,fixed_strike,13.017654418945312,26.941299438476562,12.731552124023438,19.693374633789062,19.693374633789062,6.961822509765625,3.1948089599609375,,,,13.017654418945312,26.464462280273438,13.446807861328125,14.155503687263183,-1.1378492683178703,,QuantData term-structure
2026-08-17T16:00:00-04:00,2026-08-17,0,480.0,call,0.8201688079330466,13.303756713867188,480.62,fixed_strike,13.017654418945312,26.941299438476562,12.731552124023438,19.693374633789062,19.693374633789062,6.961822509765625,3.1948089599609375,,,,13.017654418945312,26.464462280273438,13.446807861328125,14.155503687263183,-1.1378492683178703,,QuantData term-structure
2026-08-17T16:00:00-04:00,2026-08-17,0,480.0,put,-0.19376901015176057,12.731552124023438,480.62,fixed_strike,13.017654418945312,26.941299438476562,12.731552124023438,19.693374633789062,19.693374633789062,6.961822509765625,3.1948089599609375,,,,13.017654418945312,26.464462280273438,13.446807861328125,14.155503687263183,-1.1378492683178703,,QuantData term-structure
2026-08-17T16:00:00-04:00,2026-08-17,0,482.5,call,0.025659930027262457,19.693374633789062,480.62,fixed_strike,13.017654418945312,26.941299438476562,12.731552124023438,19.693374633789062,19.693374633789062,6.961822509765625,3.1948089599609375,,,,13.017654418945312,26.464462280273438,13.446807861328125,14.155503687263183,-1.1378492683178703,,QuantData term-structure
2026-08-17T16:00:00-04:00,2026-08-17,0,482.5,put,-0.9075878453734416,28.371810913085938,480.62,fixed_strike,13.017654418945312,26.941299438476562,12.731552124023438,19.693374633789062,19.693374633789062,6.961822509765625,3.1948089599609375,,,,13.017654418945312,26.464462280273438,13.446807861328125,14.155503687263183,-1.1378492683178703,,QuantData term-structure
2026-08-17T16:00:00-04:00,2026-08-17,0,485.0,call,0.013425581955333157,41.24641418457031,480.62,fixed_strike,13.017654418945312,26.941299438476562,12.731552124023438,19.693374633789062,19.693374633789062,6.961822509765625,3.1948089599609375,,,,13.017654418945312,26.464462280273438,13.446807861328125,14.155503687263183,-1.1378492683178703,,QuantData term-structure
2026-08-17T16:00:00-04:00,2026-08-17,0,485.0,put,-1.0,0.0476837158203125,480.62,fixed_strike,13.017654418945312,26.941299438476562,12.731552124023438,19.693374633789062,19.693374633789062,6.961822509765625,3.1948089599609375,,,,13.017654418945312,26.464462280273438,13.446807861328125,14.155503687263183,-1.1378492683178703,,QuantData term-structure
2026-08-17T16:00:00-04:00,2026-08-17,0,487.5,call,0.009194533436707134,60.31990051269531,480.62,fixed_strike,13.017654418945312,26.941299438476562,12.731552124023438,19.693374633789062,19.693374633789062,6.961822509765625,3.1948089599609375,,,,13.017654418945312,26.464462280273438,13.446807861328125,14.155503687263183,-1.1378492683178703,,QuantData term-structure
2026-08-17T16:00:00-04:00,2026-08-17,0,487.5,put,-1.0,0.0476837158203125,480.62,fixed_strike,13.017654418945312,26.941299438476562,12.731552124023438,19.693374633789062,19.693374633789062,6.961822509765625,3.1948089599609375,,,,13.017654418945312,26.464462280273438,13.446807861328125,14.155503687263183,-1.1378492683178703,,QuantData term-structure
2026-08-17T16:00:00-04:00,2026-08-17,0,490.0,call,0.007702328029694264,74.33891296386719,480.62,fixed_strike,13.017654418945312,26.941299438476562,12.731552124023438,19.693374633789062,19.693374633789062,6.961822509765625,3.1948089599609375,,,,13.017654418945312,26.464462280273438,13.446807861328125,14.155503687263183,-1.1378492683178703,,QuantData term-structure
2026-08-17T16:00:00-04:00,2026-08-17,0,490.0,put,-0.9615962254753674,102.75840759277344,480.62,fixed_strike,13.017654418945312,26.941299438476562,12.731552124023438,19.693374633789062,19.693374633789062,6.961822509765625,3.1948089599609375,,,,13.017654418945312,26.464462280273438,13.446807861328125,14.155503687263183,-1.1378492683178703,,QuantData term-structure
2026-08-17T16:00:00-04:00,2026-08-17,0,492.5,call,0.014812276870838017,96.46415710449219,480.62,fixed_strike,13.017654418945312,26.941299438476562,12.731552124023438,19.693374633789062,19.693374633789062,6.961822509765625,3.1948089599609375,,,,13.017654418945312,26.464462280273438,13.446807861328125,14.155503687263183,-1.1378492683178703,,QuantData term-structure
2026-08-17T16:00:00-04:00,2026-08-17,0,492.5,put,-0.9763328689579146,112.10441589355469,480.62,fixed_strike,13.017654418945312,26.941299438476562,12.731552124023438,19.693374633789062,19.693374633789062,6.961822509765625,3.1948089599609375,,,,13.017654418945312,26.464462280273438,13.446807861328125,14.155503687263183,-1.1378492683178703,,QuantData term-structure
2026-08-17T16:00:00-04:00,2026-08-17,0,495.0,call,0.0056110873307257895,96.65489196777344,480.62,fixed_strike,13.017654418945312,26.941299438476562,12.731552124023438,19.693374633789062,19.693374633789062,6.961822509765625,3.1948089599609375,,,,13.017654418945312,26.464462280273438,13.446807861328125,14.155503687263183,-1.1378492683178703,,QuantData term-structure
2026-08-17T16:00:00-04:00,2026-08-17,0,495.0,put,-0.9855907121862768,118.68476867675781,480.62,fixed_strike,13.017654418945312,26.941299438476562,12.731552124023438,19.693374633789062,19.693374633789062,6.961822509765625,3.1948089599609375,,,,13.017654418945312,26.464462280273438,13.446807861328125,14.155503687263183,-1.1378492683178703,,QuantData term-structure
2026-08-17T16:00:00-04:00,2026-08-17,0,497.5,call,0.004854097556768412,114.77470397949219,480.62,fixed_strike,13.017654418945312,26.941299438476562,12.731552124023438,19.693374633789062,19.693374633789062,6.961822509765625,3.1948089599609375,,,,13.017654418945312,26.464462280273438,13.446807861328125,14.155503687263183,-1.1378492683178703,,QuantData term-structure
2026-08-17T16:00:00-04:00,2026-08-17,0,497.5,put,-0.9418889540735742,201.94053649902344,480.62,fixed_strike,13.017654418945312,26.941299438476562,12.731552124023438,19.693374633789062,19.693374633789062,6.961822509765625,3.1948089599609375,,,,13.017654418945312,26.464462280273438,13.446807861328125,14.155503687263183,-1.1378492683178703,,QuantData term-structure
2026-08-17T16:00:00-04:00,2026-08-17,0,500.0,call,0.004306311435509481,123.73924255371094,480.62,fixed_strike,13.017654418945312,26.941299438476562,12.731552124023438,19.693374633789062,19.693374633789062,6.961822509765625,3.1948089599609375,,,,13.017654418945312,26.464462280273438,13.446807861328125,14.155503687263183,-1.1378492683178703,,QuantData term-structure
2026-08-17T16:00:00-04:00,2026-08-17,0,500.0,put,-0.9885450619151956,160.6464385986328,480.62,fixed_strike,13.017654418945312,26.941299438476562,12.731552124023438,19.693374633789062,19.693374633789062,6.961822509765625,3.1948089599609375,,,,13.017654418945312,26.464462280273438,13.446807861328125,14.155503687263183,-1.1378492683178703,,QuantData term-structure
2026-08-17T16:00:00-04:00,2026-08-17,0,502.5,call,0.003942411010749199,134.42039489746094,480.62,fixed_strike,13.017654418945312,26.941299438476562,12.731552124023438,19.693374633789062,19.693374633789062,6.961822509765625,3.1948089599609375,,,,13.017654418945312,26.464462280273438,13.446807861328125,14.155503687263183,-1.1378492683178703,,QuantData term-structure
2026-08-17T16:00:00-04:00,2026-08-17,0,502.5,put,-0.9446756084949937,237.03575134277344,480.62,fixed_strike,13.017654418945312,26.941299438476562,12.731552124023438,19.693374633789062,19.693374633789062,6.961822509765625,3.1948089599609375,,,,13.017654418945312,26.464462280273438,13.446807861328125,14.155503687263183,-1.1378492683178703,,QuantData term-structure
2026-08-17T16:00:00-04:00,2026-08-17,0,505.0,call,0.0037509689886496486,138.9026641845703,480.62,fixed_strike,13.017654418945312,26.941299438476562,12.731552124023438,19.693374633789062,19.693374633789062,6.961822509765625,3.1948089599609375,,,,13.017654418945312,26.464462280273438,13.446807861328125,14.155503687263183,-1.1378492683178703,,QuantData term-structure
2026-08-17T16:00:00-04:00,2026-08-17,0,505.0,put,-0.9316974084986491,282.52601623535156,480.62,fixed_strike,13.017654418945312,26.941299438476562,12.731552124023438,19.693374633789062,19.693374633789062,6.961822509765625,3.1948089599609375,,,,13.017654418945312,26.464462280273438,13.446807861328125,14.155503687263183,-1.1378492683178703,,QuantData term-structure
2026-08-17T16:00:00-04:00,2026-08-17,0,507.5,call,0.0033723495844930067,160.2649688720703,480.62,fixed_strike,13.017654418945312,26.941299438476562,12.731552124023438,19.693374633789062,19.693374633789062,6.961822509765625,3.1948089599609375,,,,13.017654418945312,26.464462280273438,13.446807861328125,14.155503687263183,-1.1378492683178703,,QuantData term-structure
2026-08-17T16:00:00-04:00,2026-08-17,0,507.5,put,-0.958452755579718,228.8341522216797,480.62,fixed_strike,13.017654418945312,26.941299438476562,12.731552124023438,19.693374633789062,19.693374633789062,6.961822509765625,3.1948089599609375,,,,13.017654418945312,26.464462280273438,13.446807861328125,14.155503687263183,-1.1378492683178703,,QuantData term-structure
2026-08-17T16:00:00-04:00,2026-08-17,0,510.0,call,0.0055783083611595265,194.69261169433594,480.62,fixed_strike,13.017654418945312,26.941299438476562,12.731552124023438,19.693374633789062,19.693374633789062,6.961822509765625,3.1948089599609375,,,,13.017654418945312,26.464462280273438,13.446807861328125,14.155503687263183,-1.1378492683178703,,QuantData term-structure
2026-08-17T16:00:00-04:00,2026-08-17,0,510.0,put,-0.9843140517474701,235.0330352783203,480.62,fixed_strike,13.017654418945312,26.941299438476562,12.731552124023438,19.693374633789062,19.693374633789062,6.961822509765625,3.1948089599609375,,,,13.017654418945312,26.464462280273438,13.446807861328125,14.155503687263183,-1.1378492683178703,,QuantData term-structure
2026-08-17T16:00:00-04:00,2026-08-17,0,512.5,call,0.0028668572052359016,125.07438659667969,480.62,fixed_strike,13.017654418945312,26.941299438476562,12.731552124023438,19.693374633789062,19.693374633789062,6.961822509765625,3.1948089599609375,,,,13.017654418945312,26.464462280273438,13.446807861328125,14.155503687263183,-1.1378492683178703,,QuantData term-structure
2026-08-17T16:00:00-04:00,2026-08-17,0,515.0,call,0.0028272530663046246,188.20762634277344,480.62,fixed_strike,13.017654418945312,26.941299438476562,12.731552124023438,19.693374633789062,19.693374633789062,6.961822509765625,3.1948089599609375,,,,13.017654418945312,26.464462280273438,13.446807861328125,14.155503687263183,-1.1378492683178703,,QuantData term-structure
2026-08-17T16:00:00-04:00,2026-08-17,0,515.0,put,-1.0,0.0476837158203125,480.62,fixed_strike,13.017654418945312,26.941299438476562,12.731552124023438,19.693374633789062,19.693374633789062,6.961822509765625,3.1948089599609375,,,,13.017654418945312,26.464462280273438,13.446807861328125,14.155503687263183,-1.1378492683178703,,QuantData term-structure
2026-08-17T16:00:00-04:00,2026-08-17,0,517.5,call,0.0025829000209722755,166.84532165527344,480.62,fixed_strike,13.017654418945312,26.941299438476562,12.731552124023438,19.693374633789062,19.693374633789062,6.961822509765625,3.1948089599609375,,,,13.017654418945312,26.464462280273438,13.446807861328125,14.155503687263183,-1.1378492683178703,,QuantData term-structure
2026-08-17T16:00:00-04:00,2026-08-17,0,520.0,call,0.0024726223178144534,174.6654510498047,480.62,fixed_strike,13.017654418945312,26.941299438476562,12.731552124023438,19.693374633789062,19.693374633789062,6.961822509765625,3.1948089599609375,,,,13.017654418945312,26.464462280273438,13.446807861328125,14.155503687263183,-1.1378492683178703,,QuantData term-structure
2026-08-17T16:00:00-04:00,2026-08-17,0,522.5,call,0.0023979806800746035,132.89451599121094,480.62,fixed_strike,13.017654418945312,26.941299438476562,12.731552124023438,19.693374633789062,19.693374633789062,6.961822509765625,3.1948089599609375,,,,13.017654418945312,26.464462280273438,13.446807861328125,14.155503687263183,-1.1378492683178703,,QuantData term-structure
2026-08-17T16:00:00-04:00,2026-08-17,0,522.5,put,-1.0,0.0476837158203125,480.62,fixed_strike,13.017654418945312,26.941299438476562,12.731552124023438,19.693374633789062,19.693374633789062,6.961822509765625,3.1948089599609375,,,,13.017654418945312,26.464462280273438,13.446807861328125,14.155503687263183,-1.1378492683178703,,QuantData term-structure
2026-08-17T16:00:00-04:00,2026-08-17,0,525.0,call,0.0022546799403369024,274.2290496826172,480.62,fixed_strike,13.017654418945312,26.941299438476562,12.731552124023438,19.693374633789062,19.693374633789062,6.961822509765625,3.1948089599609375,,,,13.017654418945312,26.464462280273438,13.446807861328125,14.155503687263183,-1.1378492683178703,,QuantData term-structure
2026-08-17T16:00:00-04:00,2026-08-17,0,525.0,put,-1.0,0.0476837158203125,480.62,fixed_strike,13.017654418945312,26.941299438476562,12.731552124023438,19.693374633789062,19.693374633789062,6.961822509765625,3.1948089599609375,,,,13.017654418945312,26.464462280273438,13.446807861328125,14.155503687263183,-1.1378492683178703,,QuantData term-structure
2026-08-17T16:00:00-04:00,2026-08-17,0,527.5,call,0.002169809730121521,260.8776092529297,480.62,fixed_strike,13.017654418945312,26.941299438476562,12.731552124023438,19.693374633789062,19.693374633789062,6.961822509765625,3.1948089599609375,,,,13.017654418945312,26.464462280273438,13.446807861328125,14.155503687263183,-1.1378492683178703,,QuantData term-structure
2026-08-17T16:00:00-04:00,2026-08-17,0,527.5,put,-0.9841031194315023,161.4093780517578,480.62,fixed_strike,13.017654418945312,26.941299438476562,12.731552124023438,19.693374633789062,19.693374633789062,6.961822509765625,3.1948089599609375,,,,13.017654418945312,26.464462280273438,13.446807861328125,14.155503687263183,-1.1378492683178703,,QuantData term-structure
2026-08-17T16:00:00-04:00,2026-08-17,0,530.0,call,0.002164847935263414,121.06895446777344,480.62,fixed_strike,13.017654418945312,26.941299438476562,12.731552124023438,19.693374633789062,19.693374633789062,6.961822509765625,3.1948089599609375,,,,13.017654418945312,26.464462280273438,13.446807861328125,14.155503687263183,-1.1378492683178703,,QuantData term-structure
2026-08-17T16:00:00-04:00,2026-08-17,0,530.0,put,-1.0,0.0476837158203125,480.62,fixed_strike,13.017654418945312,26.941299438476562,12.731552124023438,19.693374633789062,19.693374633789062,6.961822509765625,3.1948089599609375,,,,13.017654418945312,26.464462280273438,13.446807861328125,14.155503687263183,-1.1378492683178703,,QuantData term-structure
2026-08-17T16:00:00-04:00,2026-08-17,0,532.5,put,-1.0,0.0476837158203125,480.62,fixed_strike,13.017654418945312,26.941299438476562,12.731552124023438,19.693374633789062,19.693374633789062,6.961822509765625,3.1948089599609375,,,,13.017654418945312,26.464462280273438,13.446807861328125,14.155503687263183,-1.1378492683178703,,QuantData term-structure
2026-08-17T16:00:00-04:00,2026-08-17,0,535.0,call,0.0023001860110380547,104.95185852050781,480.62,fixed_strike,13.017654418945312,26.941299438476562,12.731552124023438,19.693374633789062,19.693374633789062,6.961822509765625,3.1948089599609375,,,,13.017654418945312,26.464462280273438,13.446807861328125,14.155503687263183,-1.1378492683178703,,QuantData term-structure
2026-08-17T16:00:00-04:00,2026-08-17,0,535.0,put,-0.9927929148164731,167.8943634033203,480.62,fixed_strike,13.017654418945312,26.941299438476562,12.731552124023438,19.693374633789062,19.693374633789062,6.961822509765625,3.1948089599609375,,,,13.017654418945312,26.464462280273438,13.446807861328125,14.155503687263183,-1.1378492683178703,,QuantData term-structure
2026-08-17T16:00:00-04:00,2026-08-17,0,537.5,call,0.004822704455252039,156.54563903808594,480.62,fixed_strike,13.017654418945312,26.941299438476562,12.731552124023438,19.693374633789062,19.693374633789062,6.961822509765625,3.1948089599609375,,,,13.017654418945312,26.464462280273438,13.446807861328125,14.155503687263183,-1.1378492683178703,,QuantData term-structure
2026-08-17T16:00:00-04:00,2026-08-17,0,537.5,put,-1.0,0.0476837158203125,480.62,fixed_strike,13.017654418945312,26.941299438476562,12.731552124023438,19.693374633789062,19.693374633789062,6.961822509765625,3.1948089599609375,,,,13.017654418945312,26.464462280273438,13.446807861328125,14.155503687263183,-1.1378492683178703,,QuantData term-structure
2026-08-17T16:00:00-04:00,2026-08-17,0,540.0,put,-1.0,0.0476837158203125,480.62,fixed_strike,13.017654418945312,26.941299438476562,12.731552124023438,19.693374633789062,19.693374633789062,6.961822509765625,3.1948089599609375,,,,13.017654418945312,26.464462280273438,13.446807861328125,14.155503687263183,-1.1378492683178703,,QuantData term-structure
2026-08-17T16:00:00-04:00,2026-08-17,0,542.5,call,0.00180709286403843,151.7772674560547,480.62,fixed_strike,13.017654418945312,26.941299438476562,12.731552124023438,19.693374633789062,19.693374633789062,6.961822509765625,3.1948089599609375,,,,13.017654418945312,26.464462280273438,13.446807861328125,14.155503687263183,-1.1378492683178703,,QuantData term-structure
2026-08-17T16:00:00-04:00,2026-08-17,0,542.5,put,-1.0,0.0476837158203125,480.62,fixed_strike,13.017654418945312,26.941299438476562,12.731552124023438,19.693374633789062,19.693374633789062,6.961822509765625,3.1948089599609375,,,,13.017654418945312,26.464462280273438,13.446807861328125,14.155503687263183,-1.1378492683178703,,QuantData term-structure
2026-08-17T16:00:00-04:00,2026-08-17,0,545.0,put,-0.9800039912159743,231.5998077392578,480.62,fixed_strike,13.017654418945312,26.941299438476562,12.731552124023438,19.693374633789062,19.693374633789062,6.961822509765625,3.1948089599609375,,,,13.017654418945312,26.464462280273438,13.446807861328125,14.155503687263183,-1.1378492683178703,,QuantData term-structure
2026-08-17T16:00:00-04:00,2026-08-17,0,547.5,put,-0.9870344398295422,222.25379943847656,480.62,fixed_strike,13.017654418945312,26.941299438476562,12.731552124023438,19.693374633789062,19.693374633789062,6.961822509765625,3.1948089599609375,,,,13.017654418945312,26.464462280273438,13.446807861328125,14.155503687263183,-1.1378492683178703,,QuantData term-structure
2026-08-17T16:00:00-04:00,2026-08-17,0,550.0,put,-0.9865803076067154,234.07936096191406,480.62,fixed_strike,13.017654418945312,26.941299438476562,12.731552124023438,19.693374633789062,19.693374633789062,6.961822509765625,3.1948089599609375,,,,13.017654418945312,26.464462280273438,13.446807861328125,14.155503687263183,-1.1378492683178703,,QuantData term-structure
2026-08-17T16:00:00-04:00,2026-08-17,0,552.5,call,0.001554821089749163,264.50157165527344,480.62,fixed_strike,13.017654418945312,26.941299438476562,12.731552124023438,19.693374633789062,19.693374633789062,6.961822509765625,3.1948089599609375,,,,13.017654418945312,26.464462280273438,13.446807861328125,14.155503687263183,-1.1378492683178703,,QuantData term-structure
2026-08-17T16:00:00-04:00,2026-08-17,0,552.5,put,-0.9941481711739407,213.47999572753906,480.62,fixed_strike,13.017654418945312,26.941299438476562,12.731552124023438,19.693374633789062,19.693374633789062,6.961822509765625,3.1948089599609375,,,,13.017654418945312,26.464462280273438,13.446807861328125,14.155503687263183,-1.1378492683178703,,QuantData term-structure
2026-08-17T16:00:00-04:00,2026-08-17,0,555.0,put,-0.9896523981286679,237.51258850097656,480.62,fixed_strike,13.017654418945312,26.941299438476562,12.731552124023438,19.693374633789062,19.693374633789062,6.961822509765625,3.1948089599609375,,,,13.017654418945312,26.464462280273438,13.446807861328125,14.155503687263183,-1.1378492683178703,,QuantData term-structure
2026-08-17T16:00:00-04:00,2026-08-17,0,557.5,put,-0.9976449430688125,201.7498016357422,480.62,fixed_strike,13.017654418945312,26.941299438476562,12.731552124023438,19.693374633789062,19.693374633789062,6.961822509765625,3.1948089599609375,,,,13.017654418945312,26.464462280273438,13.446807861328125,14.155503687263183,-1.1378492683178703,,QuantData term-structure
2026-08-17T16:00:00-04:00,2026-08-17,0,560.0,put,-1.0,0.0476837158203125,480.62,fixed_strike,13.017654418945312,26.941299438476562,12.731552124023438,19.693374633789062,19.693374633789062,6.961822509765625,3.1948089599609375,,,,13.017654418945312,26.464462280273438,13.446807861328125,14.155503687263183,-1.1378492683178703,,QuantData term-structure
2026-08-17T16:00:00-04:00,2026-08-19,2,305.0,put,-0.017147225702130845,291.96739196777344,480.62,fixed_strike,27.990341186523438,31.805038452148438,28.753280639648438,27.894973754882812,28.562545776367188,-0.858306884765625,0.3337860107421875,,,,13.017654418945312,26.464462280273438,13.446807861328125,14.155503687263183,13.834837499260255,,QuantData term-structure
2026-08-17T16:00:00-04:00,2026-08-19,2,310.0,put,-0.027791754845981013,314.85557556152344,480.62,fixed_strike,27.990341186523438,31.805038452148438,28.753280639648438,27.894973754882812,28.562545776367188,-0.858306884765625,0.3337860107421875,,,,13.017654418945312,26.464462280273438,13.446807861328125,14.155503687263183,13.834837499260255,,QuantData term-structure
2026-08-17T16:00:00-04:00,2026-08-19,2,340.0,put,-0.0022128064109023797,161.0279083251953,480.62,fixed_strike,27.990341186523438,31.805038452148438,28.753280639648438,27.894973754882812,28.562545776367188,-0.858306884765625,0.3337860107421875,,,,13.017654418945312,26.464462280273438,13.446807861328125,14.155503687263183,13.834837499260255,,QuantData term-structure
2026-08-17T16:00:00-04:00,2026-08-19,2,355.0,put,-0.0029685947262014303,145.6737518310547,480.62,fixed_strike,27.990341186523438,31.805038452148438,28.753280639648438,27.894973754882812,28.562545776367188,-0.858306884765625,0.3337860107421875,,,,13.017654418945312,26.464462280273438,13.446807861328125,14.155503687263183,13.834837499260255,,QuantData term-structure
2026-08-17T16:00:00-04:00,2026-08-19,2,360.0,call,1.0,0.0476837158203125,480.62,fixed_strike,27.990341186523438,31.805038452148438,28.753280639648438,27.894973754882812,28.562545776367188,-0.858306884765625,0.3337860107421875,,,,13.017654418945312,26.464462280273438,13.446807861328125,14.155503687263183,13.834837499260255,,QuantData term-structure
2026-08-17T16:00:00-04:00,2026-08-19,2,365.0,call,1.0,0.0476837158203125,480.62,fixed_strike,27.990341186523438,31.805038452148438,28.753280639648438,27.894973754882812,28.562545776367188,-0.858306884765625,0.3337860107421875,,,,13.017654418945312,26.464462280273438,13.446807861328125,14.155503687263183,13.834837499260255,,QuantData term-structure
2026-08-17T16:00:00-04:00,2026-08-19,2,380.0,put,-0.0024031882589977413,108.76655578613281,480.62,fixed_strike,27.990341186523438,31.805038452148438,28.753280639648438,27.894973754882812,28.562545776367188,-0.858306884765625,0.3337860107421875,,,,13.017654418945312,26.464462280273438,13.446807861328125,14.155503687263183,13.834837499260255,,QuantData term-structure
2026-08-17T16:00:00-04:00,2026-08-19,2,395.0,call,0.9802946030407904,128.6029815673828,480.62,fixed_strike,27.990341186523438,31.805038452148438,28.753280639648438,27.894973754882812,28.562545776367188,-0.858306884765625,0.3337860107421875,,,,13.017654418945312,26.464462280273438,13.446807861328125,14.155503687263183,13.834837499260255,,QuantData term-structure
2026-08-17T16:00:00-04:00,2026-08-19,2,415.0,call,1.0,0.0476837158203125,480.62,fixed_strike,27.990341186523438,31.805038452148438,28.753280639648438,27.894973754882812,28.562545776367188,-0.858306884765625,0.3337860107421875,,,,13.017654418945312,26.464462280273438,13.446807861328125,14.155503687263183,13.834837499260255,,QuantData term-structure
2026-08-17T16:00:00-04:00,2026-08-19,2,420.0,call,0.963892611052037,97.51319885253906,480.62,fixed_strike,27.990341186523438,31.805038452148438,28.753280639648438,27.894973754882812,28.562545776367188,-0.858306884765625,0.3337860107421875,,,,13.017654418945312,26.464462280273438,13.446807861328125,14.155503687263183,13.834837499260255,,QuantData term-structure
2026-08-17T16:00:00-04:00,2026-08-19,2,420.0,put,-0.006002042633346036,69.57054138183594,480.62,fixed_strike,27.990341186523438,31.805038452148438,28.753280639648438,27.894973754882812,28.562545776367188,-0.858306884765625,0.3337860107421875,,,,13.017654418945312,26.464462280273438,13.446807861328125,14.155503687263183,13.834837499260255,,QuantData term-structure
2026-08-17T16:00:00-04:00,2026-08-19,2,425.0,call,0.9938980004123436,64.22996520996094,480.62,fixed_strike,27.990341186523438,31.805038452148438,28.753280639648438,27.894973754882812,28.562545776367188,-0.858306884765625,0.3337860107421875,,,,13.017654418945312,26.464462280273438,13.446807861328125,14.155503687263183,13.834837499260255,,QuantData term-structure
2026-08-17T16:00:00-04:00,2026-08-19,2,425.0,put,-0.0030215828370008424,60.31990051269531,480.62,fixed_strike,27.990341186523438,31.805038452148438,28.753280639648438,27.894973754882812,28.562545776367188,-0.858306884765625,0.3337860107421875,,,,13.017654418945312,26.464462280273438,13.446807861328125,14.155503687263183,13.834837499260255,,QuantData term-structure
2026-08-17T16:00:00-04:00,2026-08-19,2,430.0,call,1.0,0.0476837158203125,480.62,fixed_strike,27.990341186523438,31.805038452148438,28.753280639648438,27.894973754882812,28.562545776367188,-0.858306884765625,0.3337860107421875,,,,13.017654418945312,26.464462280273438,13.446807861328125,14.155503687263183,13.834837499260255,,QuantData term-structure
2026-08-17T16:00:00-04:00,2026-08-19,2,430.0,put,-0.0018449589244356568,51.35536193847656,480.62,fixed_strike,27.990341186523438,31.805038452148438,28.753280639648438,27.894973754882812,28.562545776367188,-0.858306884765625,0.3337860107421875,,,,13.017654418945312,26.464462280273438,13.446807861328125,14.155503687263183,13.834837499260255,,QuantData term-structure
2026-08-17T16:00:00-04:00,2026-08-19,2,435.0,call,1.0,0.0476837158203125,480.62,fixed_strike,27.990341186523438,31.805038452148438,28.753280639648438,27.894973754882812,28.562545776367188,-0.858306884765625,0.3337860107421875,,,,13.017654418945312,26.464462280273438,13.446807861328125,14.155503687263183,13.834837499260255,,QuantData term-structure
2026-08-17T16:00:00-04:00,2026-08-19,2,435.0,put,-0.004972616353953328,51.83219909667969,480.62,fixed_strike,27.990341186523438,31.805038452148438,28.753280639648438,27.894973754882812,28.562545776367188,-0.858306884765625,0.3337860107421875,,,,13.017654418945312,26.464462280273438,13.446807861328125,14.155503687263183,13.834837499260255,,QuantData term-structure
2026-08-17T16:00:00-04:00,2026-08-19,2,437.5,put,-0.005206323482148181,50.02021789550781,480.62,fixed_strike,27.990341186523438,31.805038452148438,28.753280639648438,27.894973754882812,28.562545776367188,-0.858306884765625,0.3337860107421875,,,,13.017654418945312,26.464462280273438,13.446807861328125,14.155503687263183,13.834837499260255,,QuantData term-structure
2026-08-17T16:00:00-04:00,2026-08-19,2,440.0,call,0.9874521144674963,50.21095275878906,480.62,fixed_strike,27.990341186523438,31.805038452148438,28.753280639648438,27.894973754882812,28.562545776367188,-0.858306884765625,0.3337860107421875,,,,13.017654418945312,26.464462280273438,13.446807861328125,14.155503687263183,13.834837499260255,,QuantData term-structure
2026-08-17T16:00:00-04:00,2026-08-19,2,440.0,put,-0.005513801399817159,46.30088806152344,480.62,fixed_strike,27.990341186523438,31.805038452148438,28.753280639648438,27.894973754882812,28.562545776367188,-0.858306884765625,0.3337860107421875,,,,13.017654418945312,26.464462280273438,13.446807861328125,14.155503687263183,13.834837499260255,,QuantData term-structure
2026-08-17T16:00:00-04:00,2026-08-19,2,442.5,call,1.0,0.0476837158203125,480.62,fixed_strike,27.990341186523438,31.805038452148438,28.753280639648438,27.894973754882812,28.562545776367188,-0.858306884765625,0.3337860107421875,,,,13.017654418945312,26.464462280273438,13.446807861328125,14.155503687263183,13.834837499260255,,QuantData term-structure
2026-08-17T16:00:00-04:00,2026-08-19,2,442.5,put,-0.01281190122589301,49.63874816894531,480.62,fixed_strike,27.990341186523438,31.805038452148438,28.753280639648438,27.894973754882812,28.562545776367188,-0.858306884765625,0.3337860107421875,,,,13.017654418945312,26.464462280273438,13.446807861328125,14.155503687263183,13.834837499260255,,QuantData term-structure
2026-08-17T16:00:00-04:00,2026-08-19,2,445.0,call,1.0,0.0476837158203125,480.62,fixed_strike,27.990341186523438,31.805038452148438,28.753280639648438,27.894973754882812,28.562545776367188,-0.858306884765625,0.3337860107421875,,,,13.017654418945312,26.464462280273438,13.446807861328125,14.155503687263183,13.834837499260255,,QuantData term-structure
2026-08-17T16:00:00-04:00,2026-08-19,2,445.0,put,-0.01073950647859897,44.77500915527344,480.62,fixed_strike,27.990341186523438,31.805038452148438,28.753280639648438,27.894973754882812,28.562545776367188,-0.858306884765625,0.3337860107421875,,,,13.017654418945312,26.464462280273438,13.446807861328125,14.155503687263183,13.834837499260255,,QuantData term-structure
2026-08-17T16:00:00-04:00,2026-08-19,2,447.5,call,0.9840028205310446,41.34178161621094,480.62,fixed_strike,27.990341186523438,31.805038452148438,28.753280639648438,27.894973754882812,28.562545776367188,-0.858306884765625,0.3337860107421875,,,,13.017654418945312,26.464462280273438,13.446807861328125,14.155503687263183,13.834837499260255,,QuantData term-structure
2026-08-17T16:00:00-04:00,2026-08-19,2,447.5,put,-0.0158665264826012,43.72596740722656,480.62,fixed_strike,27.990341186523438,31.805038452148438,28.753280639648438,27.894973754882812,28.562545776367188,-0.858306884765625,0.3337860107421875,,,,13.017654418945312,26.464462280273438,13.446807861328125,14.155503687263183,13.834837499260255,,QuantData term-structure
2026-08-17T16:00:00-04:00,2026-08-19,2,450.0,call,0.9946345112485824,32.85408020019531,480.62,fixed_strike,27.990341186523438,31.805038452148438,28.753280639648438,27.894973754882812,28.562545776367188,-0.858306884765625,0.3337860107421875,,,,13.017654418945312,26.464462280273438,13.446807861328125,14.155503687263183,13.834837499260255,,QuantData term-structure
2026-08-17T16:00:00-04:00,2026-08-19,2,450.0,put,-0.018521838671385273,41.24641418457031,480.62,fixed_strike,27.990341186523438,31.805038452148438,28.753280639648438,27.894973754882812,28.562545776367188,-0.858306884765625,0.3337860107421875,,,,13.017654418945312,26.464462280273438,13.446807861328125,14.155503687263183,13.834837499260255,,QuantData term-structure
2026-08-17T16:00:00-04:00,2026-08-19,2,452.5,put,-0.021746324632746908,40.38810729980469,480.62,fixed_strike,27.990341186523438,31.805038452148438,28.753280639648438,27.894973754882812,28.562545776367188,-0.858306884765625,0.3337860107421875,,,,13.017654418945312,26.464462280273438,13.446807861328125,14.155503687263183,13.834837499260255,,QuantData term-structure
2026-08-17T16:00:00-04:00,2026-08-19,2,455.0,call,1.0,0.0476837158203125,480.62,fixed_strike,27.990341186523438,31.805038452148438,28.753280639648438,27.894973754882812,28.562545776367188,-0.858306884765625,0.3337860107421875,,,,13.017654418945312,26.464462280273438,13.446807861328125,14.155503687263183,13.834837499260255,,QuantData term-structure
2026-08-17T16:00:00-04:00,2026-08-19,2,455.0,put,-0.028039531850708132,38.76686096191406,480.62,fixed_strike,27.990341186523438,31.805038452148438,28.753280639648438,27.894973754882812,28.562545776367188,-0.858306884765625,0.3337860107421875,,,,13.017654418945312,26.464462280273438,13.446807861328125,14.155503687263183,13.834837499260255,,QuantData term-structure
2026-08-17T16:00:00-04:00,2026-08-19,2,457.5,call,0.9521248299639322,37.52708435058594,480.62,fixed_strike,27.990341186523438,31.805038452148438,28.753280639648438,27.894973754882812,28.562545776367188,-0.858306884765625,0.3337860107421875,,,,13.017654418945312,26.464462280273438,13.446807861328125,14.155503687263183,13.834837499260255,,QuantData term-structure
2026-08-17T16:00:00-04:00,2026-08-19,2,457.5,put,-0.038575516913974935,37.33634948730469,480.62,fixed_strike,27.990341186523438,31.805038452148438,28.753280639648438,27.894973754882812,28.562545776367188,-0.858306884765625,0.3337860107421875,,,,13.017654418945312,26.464462280273438,13.446807861328125,14.155503687263183,13.834837499260255,,QuantData term-structure
2026-08-17T16:00:00-04:00,2026-08-19,2,460.0,call,0.9629742319915928,32.75871276855469,480.62,fixed_strike,27.990341186523438,31.805038452148438,28.753280639648438,27.894973754882812,28.562545776367188,-0.858306884765625,0.3337860107421875,,,,13.017654418945312,26.464462280273438,13.446807861328125,14.155503687263183,13.834837499260255,,QuantData term-structure
2026-08-17T16:00:00-04:00,2026-08-19,2,460.0,put,-0.0479567030746047,35.61973571777344,480.62,fixed_strike,27.990341186523438,31.805038452148438,28.753280639648438,27.894973754882812,28.562545776367188,-0.858306884765625,0.3337860107421875,,,,13.017654418945312,26.464462280273438,13.446807861328125,14.155503687263183,13.834837499260255,,QuantData term-structure
2026-08-17T16:00:00-04:00,2026-08-19,2,462.5,call,0.9690658848045103,25.701522827148438,480.62,fixed_strike,27.990341186523438,31.805038452148438,28.753280639648438,27.894973754882812,28.562545776367188,-0.858306884765625,0.3337860107421875,,,,13.017654418945312,26.464462280273438,13.446807861328125,14.155503687263183,13.834837499260255,,QuantData term-structure
2026-08-17T16:00:00-04:00,2026-08-19,2,462.5,put,-0.06285193115395105,34.09385681152344,480.62,fixed_strike,27.990341186523438,31.805038452148438,28.753280639648438,27.894973754882812,28.562545776367188,-0.858306884765625,0.3337860107421875,,,,13.017654418945312,26.464462280273438,13.446807861328125,14.155503687263183,13.834837499260255,,QuantData term-structure
2026-08-17T16:00:00-04:00,2026-08-19,2,465.0,call,0.9071536737156348,33.52165222167969,480.62,fixed_strike,27.990341186523438,31.805038452148438,28.753280639648438,27.894973754882812,28.562545776367188,-0.858306884765625,0.3337860107421875,,,,13.017654418945312,26.464462280273438,13.446807861328125,14.155503687263183,13.834837499260255,,QuantData term-structure
2026-08-17T16:00:00-04:00,2026-08-19,2,465.0,put,-0.08348373815766613,32.47261047363281,480.62,fixed_strike,27.990341186523438,31.805038452148438,28.753280639648438,27.894973754882812,28.562545776367188,-0.858306884765625,0.3337860107421875,,,,13.017654418945312,26.464462280273438,13.446807861328125,14.155503687263183,13.834837499260255,,QuantData term-structure
2026-08-17T16:00:00-04:00,2026-08-19,2,467.5,call,0.8955061037146337,29.611587524414062,480.62,fixed_strike,27.990341186523438,31.805038452148438,28.753280639648438,27.894973754882812,28.562545776367188,-0.858306884765625,0.3337860107421875,,,,13.017654418945312,26.464462280273438,13.446807861328125,14.155503687263183,13.834837499260255,,QuantData term-structure
2026-08-17T16:00:00-04:00,2026-08-19,2,467.5,put,-0.11604697215781423,31.805038452148438,480.62,fixed_strike,27.990341186523438,31.805038452148438,28.753280639648438,27.894973754882812,28.562545776367188,-0.858306884765625,0.3337860107421875,,,,13.017654418945312,26.464462280273438,13.446807861328125,14.155503687263183,13.834837499260255,,QuantData term-structure
2026-08-17T16:00:00-04:00,2026-08-19,2,470.0,call,0.830680175338981,29.420852661132812,480.62,fixed_strike,27.990341186523438,31.805038452148438,28.753280639648438,27.894973754882812,28.562545776367188,-0.858306884765625,0.3337860107421875,,,,13.017654418945312,26.464462280273438,13.446807861328125,14.155503687263183,13.834837499260255,,QuantData term-structure
2026-08-17T16:00:00-04:00,2026-08-19,2,470.0,put,-0.15772764231599218,30.469894409179688,480.62,fixed_strike,27.990341186523438,31.805038452148438,28.753280639648438,27.894973754882812,28.562545776367188,-0.858306884765625,0.3337860107421875,,,,13.017654418945312,26.464462280273438,13.446807861328125,14.155503687263183,13.834837499260255,,QuantData term-structure
2026-08-17T16:00:00-04:00,2026-08-19,2,472.5,call,0.7816108546137718,29.706954956054688,480.62,fixed_strike,27.990341186523438,31.805038452148438,28.753280639648438,27.894973754882812,28.562545776367188,-0.858306884765625,0.3337860107421875,,,,13.017654418945312,26.464462280273438,13.446807861328125,14.155503687263183,13.834837499260255,,QuantData term-structure
2026-08-17T16:00:00-04:00,2026-08-19,2,472.5,put,-0.21443129225080887,29.420852661132812,480.62,fixed_strike,27.990341186523438,31.805038452148438,28.753280639648438,27.894973754882812,28.562545776367188,-0.858306884765625,0.3337860107421875,,,,13.017654418945312,26.464462280273438,13.446807861328125,14.155503687263183,13.834837499260255,,QuantData term-structure
2026-08-17T16:00:00-04:00,2026-08-19,2,475.0,call,0.7068170828811745,29.420852661132812,480.62,fixed_strike,27.990341186523438,31.805038452148438,28.753280639648438,27.894973754882812,28.562545776367188,-0.858306884765625,0.3337860107421875,,,,13.017654418945312,26.464462280273438,13.446807861328125,14.155503687263183,13.834837499260255,,QuantData term-structure
2026-08-17T16:00:00-04:00,2026-08-19,2,475.0,put,-0.2837955310675407,28.753280639648438,480.62,fixed_strike,27.990341186523438,31.805038452148438,28.753280639648438,27.894973754882812,28.562545776367188,-0.858306884765625,0.3337860107421875,,,,13.017654418945312,26.464462280273438,13.446807861328125,14.155503687263183,13.834837499260255,,QuantData term-structure
2026-08-17T16:00:00-04:00,2026-08-19,2,477.5,call,0.6348113682265654,27.799606323242188,480.62,fixed_strike,27.990341186523438,31.805038452148438,28.753280639648438,27.894973754882812,28.562545776367188,-0.858306884765625,0.3337860107421875,,,,13.017654418945312,26.464462280273438,13.446807861328125,14.155503687263183,13.834837499260255,,QuantData term-structure
2026-08-17T16:00:00-04:00,2026-08-19,2,477.5,put,-0.3733363312675374,29.325485229492188,480.62,fixed_strike,27.990341186523438,31.805038452148438,28.753280639648438,27.894973754882812,28.562545776367188,-0.858306884765625,0.3337860107421875,,,,13.017654418945312,26.464462280273438,13.446807861328125,14.155503687263183,13.834837499260255,,QuantData term-structure
2026-08-17T16:00:00-04:00,2026-08-19,2,480.0,call,0.5305440638429981,27.990341186523438,480.62,fixed_strike,27.990341186523438,31.805038452148438,28.753280639648438,27.894973754882812,28.562545776367188,-0.858306884765625,0.3337860107421875,,,,13.017654418945312,26.464462280273438,13.446807861328125,14.155503687263183,13.834837499260255,,QuantData term-structure
2026-08-17T16:00:00-04:00,2026-08-19,2,480.0,put,-0.4682680851961441,27.990341186523438,480.62,fixed_strike,27.990341186523438,31.805038452148438,28.753280639648438,27.894973754882812,28.562545776367188,-0.858306884765625,0.3337860107421875,,,,13.017654418945312,26.464462280273438,13.446807861328125,14.155503687263183,13.834837499260255,,QuantData term-structure
2026-08-17T16:00:00-04:00,2026-08-19,2,482.5,call,0.4317446368054798,27.894973754882812,480.62,fixed_strike,27.990341186523438,31.805038452148438,28.753280639648438,27.894973754882812,28.562545776367188,-0.858306884765625,0.3337860107421875,,,,13.017654418945312,26.464462280273438,13.446807861328125,14.155503687263183,13.834837499260255,,QuantData term-structure
2026-08-17T16:00:00-04:00,2026-08-19,2,482.5,put,-0.5654378018928572,27.322769165039062,480.62,fixed_strike,27.990341186523438,31.805038452148438,28.753280639648438,27.894973754882812,28.562545776367188,-0.858306884765625,0.3337860107421875,,,,13.017654418945312,26.464462280273438,13.446807861328125,14.155503687263183,13.834837499260255,,QuantData term-structure
2026-08-17T16:00:00-04:00,2026-08-19,2,485.0,call,0.33752674364195867,27.894973754882812,480.62,fixed_strike,27.990341186523438,31.805038452148438,28.753280639648438,27.894973754882812,28.562545776367188,-0.858306884765625,0.3337860107421875,,,,13.017654418945312,26.464462280273438,13.446807861328125,14.155503687263183,13.834837499260255,,QuantData term-structure
2026-08-17T16:00:00-04:00,2026-08-19,2,485.0,put,-0.6595327199134011,27.799606323242188,480.62,fixed_strike,27.990341186523438,31.805038452148438,28.753280639648438,27.894973754882812,28.562545776367188,-0.858306884765625,0.3337860107421875,,,,13.017654418945312,26.464462280273438,13.446807861328125,14.155503687263183,13.834837499260255,,QuantData term-structure
2026-08-17T16:00:00-04:00,2026-08-19,2,487.5,call,0.2529488503347298,27.894973754882812,480.62,fixed_strike,27.990341186523438,31.805038452148438,28.753280639648438,27.894973754882812,28.562545776367188,-0.858306884765625,0.3337860107421875,,,,13.017654418945312,26.464462280273438,13.446807861328125,14.155503687263183,13.834837499260255,,QuantData term-structure
2026-08-17T16:00:00-04:00,2026-08-19,2,487.5,put,-0.7719507031765418,27.894973754882812,480.62,fixed_strike,27.990341186523438,31.805038452148438,28.753280639648438,27.894973754882812,28.562545776367188,-0.858306884765625,0.3337860107421875,,,,13.017654418945312,26.464462280273438,13.446807861328125,14.155503687263183,13.834837499260255,,QuantData term-structure
2026-08-17T16:00:00-04:00,2026-08-19,2,490.0,call,0.18308045672809325,28.085708618164062,480.62,fixed_strike,27.990341186523438,31.805038452148438,28.753280639648438,27.894973754882812,28.562545776367188,-0.858306884765625,0.3337860107421875,,,,13.017654418945312,26.464462280273438,13.446807861328125,14.155503687263183,13.834837499260255,,QuantData term-structure
2026-08-17T16:00:00-04:00,2026-08-19,2,490.0,put,-0.8213370407153474,28.276443481445312,480.62,fixed_strike,27.990341186523438,31.805038452148438,28.753280639648438,27.894973754882812,28.562545776367188,-0.858306884765625,0.3337860107421875,,,,13.017654418945312,26.464462280273438,13.446807861328125,14.155503687263183,13.834837499260255,,QuantData term-structure
2026-08-17T16:00:00-04:00,2026-08-19,2,492.5,call,0.12599209524144916,28.181076049804688,480.62,fixed_strike,27.990341186523438,31.805038452148438,28.753280639648438,27.894973754882812,28.562545776367188,-0.858306884765625,0.3337860107421875,,,,13.017654418945312,26.464462280273438,13.446807861328125,14.155503687263183,13.834837499260255,,QuantData term-structure
2026-08-17T16:00:00-04:00,2026-08-19,2,492.5,put,-0.8851051719400791,28.944015502929688,480.62,fixed_strike,27.990341186523438,31.805038452148438,28.753280639648438,27.894973754882812,28.562545776367188,-0.858306884765625,0.3337860107421875,,,,13.017654418945312,26.464462280273438,13.446807861328125,14.155503687263183,13.834837499260255,,QuantData term-structure
2026-08-17T16:00:00-04:00,2026-08-19,2,495.0,call,0.08746439113006987,28.562545776367188,480.62,fixed_strike,27.990341186523438,31.805038452148438,28.753280639648438,27.894973754882812,28.562545776367188,-0.858306884765625,0.3337860107421875,,,,13.017654418945312,26.464462280273438,13.446807861328125,14.155503687263183,13.834837499260255,,QuantData term-structure
2026-08-17T16:00:00-04:00,2026-08-19,2,495.0,put,-0.8996575362277301,31.042098999023438,480.62,fixed_strike,27.990341186523438,31.805038452148438,28.753280639648438,27.894973754882812,28.562545776367188,-0.858306884765625,0.3337860107421875,,,,13.017654418945312,26.464462280273438,13.446807861328125,14.155503687263183,13.834837499260255,,QuantData term-structure
2026-08-17T16:00:00-04:00,2026-08-19,2,497.5,call,0.05047092634017686,29.420852661132812,480.62,fixed_strike,27.990341186523438,31.805038452148438,28.753280639648438,27.894973754882812,28.562545776367188,-0.858306884765625,0.3337860107421875,,,,13.017654418945312,26.464462280273438,13.446807861328125,14.155503687263183,13.834837499260255,,QuantData term-structure
2026-08-17T16:00:00-04:00,2026-08-19,2,497.5,put,-1.0,0.0476837158203125,480.62,fixed_strike,27.990341186523438,31.805038452148438,28.753280639648438,27.894973754882812,28.562545776367188,-0.858306884765625,0.3337860107421875,,,,13.017654418945312,26.464462280273438,13.446807861328125,14.155503687263183,13.834837499260255,,QuantData term-structure
2026-08-17T16:00:00-04:00,2026-08-19,2,500.0,call,0.04016990926206033,29.802322387695312,480.62,fixed_strike,27.990341186523438,31.805038452148438,28.753280639648438,27.894973754882812,28.562545776367188,-0.858306884765625,0.3337860107421875,,,,13.017654418945312,26.464462280273438,13.446807861328125,14.155503687263183,13.834837499260255,,QuantData term-structure
2026-08-17T16:00:00-04:00,2026-08-19,2,500.0,put,-0.9627594852806584,29.897689819335938,480.62,fixed_strike,27.990341186523438,31.805038452148438,28.753280639648438,27.894973754882812,28.562545776367188,-0.858306884765625,0.3337860107421875,,,,13.017654418945312,26.464462280273438,13.446807861328125,14.155503687263183,13.834837499260255,,QuantData term-structure
2026-08-17T16:00:00-04:00,2026-08-19,2,502.5,call,0.03032495821003351,31.328201293945312,480.62,fixed_strike,27.990341186523438,31.805038452148438,28.753280639648438,27.894973754882812,28.562545776367188,-0.858306884765625,0.3337860107421875,,,,13.017654418945312,26.464462280273438,13.446807861328125,14.155503687263183,13.834837499260255,,QuantData term-structure
2026-08-17T16:00:00-04:00,2026-08-19,2,502.5,put,-0.9399366090969244,36.09657287597656,480.62,fixed_strike,27.990341186523438,31.805038452148438,28.753280639648438,27.894973754882812,28.562545776367188,-0.858306884765625,0.3337860107421875,,,,13.017654418945312,26.464462280273438,13.446807861328125,14.155503687263183,13.834837499260255,,QuantData term-structure
2026-08-17T16:00:00-04:00,2026-08-19,2,505.0,call,0.020897427639265758,32.18650817871094,480.62,fixed_strike,27.990341186523438,31.805038452148438,28.753280639648438,27.894973754882812,28.562545776367188,-0.858306884765625,0.3337860107421875,,,,13.017654418945312,26.464462280273438,13.446807861328125,14.155503687263183,13.834837499260255,,QuantData term-structure
2026-08-17T16:00:00-04:00,2026-08-19,2,505.0,put,-0.9557879472575321,38.67149353027344,480.62,fixed_strike,27.990341186523438,31.805038452148438,28.753280639648438,27.894973754882812,28.562545776367188,-0.858306884765625,0.3337860107421875,,,,13.017654418945312,26.464462280273438,13.446807861328125,14.155503687263183,13.834837499260255,,QuantData term-structure
2026-08-17T16:00:00-04:00,2026-08-19,2,507.5,call,0.018583464146241582,33.04481506347656,480.62,fixed_strike,27.990341186523438,31.805038452148438,28.753280639648438,27.894973754882812,28.562545776367188,-0.858306884765625,0.3337860107421875,,,,13.017654418945312,26.464462280273438,13.446807861328125,14.155503687263183,13.834837499260255,,QuantData term-structure
2026-08-17T16:00:00-04:00,2026-08-19,2,507.5,put,-1.0,0.0476837158203125,480.62,fixed_strike,27.990341186523438,31.805038452148438,28.753280639648438,27.894973754882812,28.562545776367188,-0.858306884765625,0.3337860107421875,,,,13.017654418945312,26.464462280273438,13.446807861328125,14.155503687263183,13.834837499260255,,QuantData term-structure
2026-08-17T16:00:00-04:00,2026-08-19,2,510.0,call,0.01189221878949217,34.76142883300781,480.62,fixed_strike,27.990341186523438,31.805038452148438,28.753280639648438,27.894973754882812,28.562545776367188,-0.858306884765625,0.3337860107421875,,,,13.017654418945312,26.464462280273438,13.446807861328125,14.155503687263183,13.834837499260255,,QuantData term-structure
2026-08-17T16:00:00-04:00,2026-08-19,2,510.0,put,-0.9108275148426124,57.45887756347656,480.62,fixed_strike,27.990341186523438,31.805038452148438,28.753280639648438,27.894973754882812,28.562545776367188,-0.858306884765625,0.3337860107421875,,,,13.017654418945312,26.464462280273438,13.446807861328125,14.155503687263183,13.834837499260255,,QuantData term-structure
2026-08-17T16:00:00-04:00,2026-08-19,2,512.5,call,0.009159791130667276,36.85951232910156,480.62,fixed_strike,27.990341186523438,31.805038452148438,28.753280639648438,27.894973754882812,28.562545776367188,-0.858306884765625,0.3337860107421875,,,,13.017654418945312,26.464462280273438,13.446807861328125,14.155503687263183,13.834837499260255,,QuantData term-structure
2026-08-17T16:00:00-04:00,2026-08-19,2,512.5,put,-0.9159494241128718,60.79673767089844,480.62,fixed_strike,27.990341186523438,31.805038452148438,28.753280639648438,27.894973754882812,28.562545776367188,-0.858306884765625,0.3337860107421875,,,,13.017654418945312,26.464462280273438,13.446807861328125,14.155503687263183,13.834837499260255,,QuantData term-structure
2026-08-17T16:00:00-04:00,2026-08-19,2,515.0,call,0.00695278526955668,37.43171691894531,480.62,fixed_strike,27.990341186523438,31.805038452148438,28.753280639648438,27.894973754882812,28.562545776367188,-0.858306884765625,0.3337860107421875,,,,13.017654418945312,26.464462280273438,13.446807861328125,14.155503687263183,13.834837499260255,,QuantData term-structure
2026-08-17T16:00:00-04:00,2026-08-19,2,515.0,put,-1.0,0.0476837158203125,480.62,fixed_strike,27.990341186523438,31.805038452148438,28.753280639648438,27.894973754882812,28.562545776367188,-0.858306884765625,0.3337860107421875,,,,13.017654418945312,26.464462280273438,13.446807861328125,14.155503687263183,13.834837499260255,,QuantData term-structure
2026-08-17T16:00:00-04:00,2026-08-19,2,517.5,call,0.004553909339378617,38.09928894042969,480.62,fixed_strike,27.990341186523438,31.805038452148438,28.753280639648438,27.894973754882812,28.562545776367188,-0.858306884765625,0.3337860107421875,,,,13.017654418945312,26.464462280273438,13.446807861328125,14.155503687263183,13.834837499260255,,QuantData term-structure
2026-08-17T16:00:00-04:00,2026-08-19,2,520.0,call,0.002520541023718871,37.33634948730469,480.62,fixed_strike,27.990341186523438,31.805038452148438,28.753280639648438,27.894973754882812,28.562545776367188,-0.858306884765625,0.3337860107421875,,,,13.017654418945312,26.464462280273438,13.446807861328125,14.155503687263183,13.834837499260255,,QuantData term-structure
2026-08-17T16:00:00-04:00,2026-08-19,2,522.5,call,0.002333195235493242,40.38810729980469,480.62,fixed_strike,27.990341186523438,31.805038452148438,28.753280639648438,27.894973754882812,28.562545776367188,-0.858306884765625,0.3337860107421875,,,,13.017654418945312,26.464462280273438,13.446807861328125,14.155503687263183,13.834837499260255,,QuantData term-structure
2026-08-17T16:00:00-04:00,2026-08-19,2,525.0,call,0.0022655597271692965,41.34178161621094,480.62,fixed_strike,27.990341186523438,31.805038452148438,28.753280639648438,27.894973754882812,28.562545776367188,-0.858306884765625,0.3337860107421875,,,,13.017654418945312,26.464462280273438,13.446807861328125,14.155503687263183,13.834837499260255,,QuantData term-structure
2026-08-17T16:00:00-04:00,2026-08-19,2,527.5,call,0.018310118445049546,52.59513854980469,480.62,fixed_strike,27.990341186523438,31.805038452148438,28.753280639648438,27.894973754882812,28.562545776367188,-0.858306884765625,0.3337860107421875,,,,13.017654418945312,26.464462280273438,13.446807861328125,14.155503687263183,13.834837499260255,,QuantData term-structure
2026-08-17T16:00:00-04:00,2026-08-19,2,530.0,call,0.003804722893477712,45.72868347167969,480.62,fixed_strike,27.990341186523438,31.805038452148438,28.753280639648438,27.894973754882812,28.562545776367188,-0.858306884765625,0.3337860107421875,,,,13.017654418945312,26.464462280273438,13.446807861328125,14.155503687263183,13.834837499260255,,QuantData term-structure
2026-08-17T16:00:00-04:00,2026-08-19,2,535.0,call,0.006337305424062097,52.69050598144531,480.62,fixed_strike,27.990341186523438,31.805038452148438,28.753280639648438,27.894973754882812,28.562545776367188,-0.858306884765625,0.3337860107421875,,,,13.017654418945312,26.464462280273438,13.446807861328125,14.155503687263183,13.834837499260255,,QuantData term-structure
2026-08-17T16:00:00-04:00,2026-08-19,2,537.5,call,0.0068931985814799255,45.72868347167969,480.62,fixed_strike,27.990341186523438,31.805038452148438,28.753280639648438,27.894973754882812,28.562545776367188,-0.858306884765625,0.3337860107421875,,,,13.017654418945312,26.464462280273438,13.446807861328125,14.155503687263183,13.834837499260255,,QuantData term-structure
2026-08-17T16:00:00-04:00,2026-08-19,2,540.0,call,0.003194114602383157,57.17277526855469,480.62,fixed_strike,27.990341186523438,31.805038452148438,28.753280639648438,27.894973754882812,28.562545776367188,-0.858306884765625,0.3337860107421875,,,,13.017654418945312,26.464462280273438,13.446807861328125,14.155503687263183,13.834837499260255,,QuantData term-structure
2026-08-17T16:00:00-04:00,2026-08-19,2,545.0,call,0.006452529966434295,67.18635559082031,480.62,fixed_strike,27.990341186523438,31.805038452148438,28.753280639648438,27.894973754882812,28.562545776367188,-0.858306884765625,0.3337860107421875,,,,13.017654418945312,26.464462280273438,13.446807861328125,14.155503687263183,13.834837499260255,,QuantData term-structure
2026-08-17T16:00:00-04:00,2026-08-19,2,547.5,call,0.00758144581826007,65.08827209472656,480.62,fixed_strike,27.990341186523438,31.805038452148438,28.753280639648438,27.894973754882812,28.562545776367188,-0.858306884765625,0.3337860107421875,,,,13.017654418945312,26.464462280273438,13.446807861328125,14.155503687263183,13.834837499260255,,QuantData term-structure
2026-08-17T16:00:00-04:00,2026-08-19,2,550.0,call,0.002999754676839685,59.74769592285156,480.62,fixed_strike,27.990341186523438,31.805038452148438,28.753280639648438,27.894973754882812,28.562545776367188,-0.858306884765625,0.3337860107421875,,,,13.017654418945312,26.464462280273438,13.446807861328125,14.155503687263183,13.834837499260255,,QuantData term-structure
2026-08-17T16:00:00-04:00,2026-08-19,2,552.5,call,0.008755283101179779,77.39067077636719,480.62,fixed_strike,27.990341186523438,31.805038452148438,28.753280639648438,27.894973754882812,28.562545776367188,-0.858306884765625,0.3337860107421875,,,,13.017654418945312,26.464462280273438,13.446807861328125,14.155503687263183,13.834837499260255,,QuantData term-structure
2026-08-17T16:00:00-04:00,2026-08-19,2,555.0,call,0.00395019653598077,65.94657897949219,480.62,fixed_strike,27.990341186523438,31.805038452148438,28.753280639648438,27.894973754882812,28.562545776367188,-0.858306884765625,0.3337860107421875,,,,13.017654418945312,26.464462280273438,13.446807861328125,14.155503687263183,13.834837499260255,,QuantData term-structure
2026-08-17T16:00:00-04:00,2026-08-19,2,557.5,call,0.0038717466978418886,67.94929504394531,480.62,fixed_strike,27.990341186523438,31.805038452148438,28.753280639648438,27.894973754882812,28.562545776367188,-0.858306884765625,0.3337860107421875,,,,13.017654418945312,26.464462280273438,13.446807861328125,14.155503687263183,13.834837499260255,,QuantData term-structure
2026-08-17T16:00:00-04:00,2026-08-21,4,220.0,call,1.0,0.0476837158203125,480.62,fixed_strike,28.514862060546875,33.23554992675781,31.137466430664062,26.559829711914062,27.894973754882812,-4.57763671875,0.3337860107421875,,,,13.017654418945312,26.464462280273438,13.446807861328125,14.155503687263183,14.359358373283692,,QuantData term-structure
2026-08-17T16:00:00-04:00,2026-08-21,4,240.0,put,-0.0006552151399727103,211.95411682128906,480.62,fixed_strike,28.514862060546875,33.23554992675781,31.137466430664062,26.559829711914062,27.894973754882812,-4.57763671875,0.3337860107421875,,,,13.017654418945312,26.464462280273438,13.446807861328125,14.155503687263183,14.359358373283692,,QuantData term-structure
2026-08-17T16:00:00-04:00,2026-08-21,4,245.0,call,0.9960001574282356,250.76866149902344,480.62,fixed_strike,28.514862060546875,33.23554992675781,31.137466430664062,26.559829711914062,27.894973754882812,-4.57763671875,0.3337860107421875,,,,13.017654418945312,26.464462280273438,13.446807861328125,14.155503687263183,14.359358373283692,,QuantData term-structure
2026-08-17T16:00:00-04:00,2026-08-21,4,250.0,call,0.9955468489104194,246.4771270751953,480.62,fixed_strike,28.514862060546875,33.23554992675781,31.137466430664062,26.559829711914062,27.894973754882812,-4.57763671875,0.3337860107421875,,,,13.017654418945312,26.464462280273438,13.446807861328125,14.155503687263183,14.359358373283692,,QuantData term-structure
2026-08-17T16:00:00-04:00,2026-08-21,4,270.0,put,-0.0007686938238338229,175.1422882080078,480.62,fixed_strike,28.514862060546875,33.23554992675781,31.137466430664062,26.559829711914062,27.894973754882812,-4.57763671875,0.3337860107421875,,,,13.017654418945312,26.464462280273438,13.446807861328125,14.155503687263183,14.359358373283692,,QuantData term-structure
2026-08-17T16:00:00-04:00,2026-08-21,4,295.0,put,-0.000490776188635678,142.52662658691406,480.62,fixed_strike,28.514862060546875,33.23554992675781,31.137466430664062,26.559829711914062,27.894973754882812,-4.57763671875,0.3337860107421875,,,,13.017654418945312,26.464462280273438,13.446807861328125,14.155503687263183,14.359358373283692,,QuantData term-structure
2026-08-17T16:00:00-04:00,2026-08-21,4,300.0,call,1.0,0.0476837158203125,480.62,fixed_strike,28.514862060546875,33.23554992675781,31.137466430664062,26.559829711914062,27.894973754882812,-4.57763671875,0.3337860107421875,,,,13.017654418945312,26.464462280273438,13.446807861328125,14.155503687263183,14.359358373283692,,QuantData term-structure
2026-08-17T16:00:00-04:00,2026-08-21,4,300.0,put,-0.0005171631974391076,137.94898986816406,480.62,fixed_strike,28.514862060546875,33.23554992675781,31.137466430664062,26.559829711914062,27.894973754882812,-4.57763671875,0.3337860107421875,,,,13.017654418945312,26.464462280273438,13.446807861328125,14.155503687263183,14.359358373283692,,QuantData term-structure
2026-08-17T16:00:00-04:00,2026-08-21,4,310.0,put,-0.0005445162642468274,128.1261444091797,480.62,fixed_strike,28.514862060546875,33.23554992675781,31.137466430664062,26.559829711914062,27.894973754882812,-4.57763671875,0.3337860107421875,,,,13.017654418945312,26.464462280273438,13.446807861328125,14.155503687263183,14.359358373283692,,QuantData term-structure
2026-08-17T16:00:00-04:00,2026-08-21,4,315.0,call,0.9880293792765962,188.58909606933594,480.62,fixed_strike,28.514862060546875,33.23554992675781,31.137466430664062,26.559829711914062,27.894973754882812,-4.57763671875,0.3337860107421875,,,,13.017654418945312,26.464462280273438,13.446807861328125,14.155503687263183,14.359358373283692,,QuantData term-structure
2026-08-17T16:00:00-04:00,2026-08-21,4,315.0,put,-0.0005591370947986745,123.92997741699219,480.62,fixed_strike,28.514862060546875,33.23554992675781,31.137466430664062,26.559829711914062,27.894973754882812,-4.57763671875,0.3337860107421875,,,,13.017654418945312,26.464462280273438,13.446807861328125,14.155503687263183,14.359358373283692,,QuantData term-structure
2026-08-17T16:00:00-04:00,2026-08-21,4,320.0,call,1.0,0.0476837158203125,480.62,fixed_strike,28.514862060546875,33.23554992675781,31.137466430664062,26.559829711914062,27.894973754882812,-4.57763671875,0.3337860107421875,,,,13.017654418945312,26.464462280273438,13.446807861328125,14.155503687263183,14.359358373283692,,QuantData term-structure
2026-08-17T16:00:00-04:00,2026-08-21,4,320.0,put,-0.0005827720868872334,120.11528015136719,480.62,fixed_strike,28.514862060546875,33.23554992675781,31.137466430664062,26.559829711914062,27.894973754882812,-4.57763671875,0.3337860107421875,,,,13.017654418945312,26.464462280273438,13.446807861328125,14.155503687263183,14.359358373283692,,QuantData term-structure
2026-08-17T16:00:00-04:00,2026-08-21,4,325.0,put,-0.0006198510989308812,115.06080627441406,480.62,fixed_strike,28.514862060546875,33.23554992675781,31.137466430664062,26.559829711914062,27.894973754882812,-4.57763671875,0.3337860107421875,,,,13.017654418945312,26.464462280273438,13.446807861328125,14.155503687263183,14.359358373283692,,QuantData term-structure
2026-08-17T16:00:00-04:00,2026-08-21,4,330.0,call,0.9877762193322461,169.4202423095703,480.62,fixed_strike,28.514862060546875,33.23554992675781,31.137466430664062,26.559829711914062,27.894973754882812,-4.57763671875,0.3337860107421875,,,,13.017654418945312,26.464462280273438,13.446807861328125,14.155503687263183,14.359358373283692,,QuantData term-structure
2026-08-17T16:00:00-04:00,2026-08-21,4,330.0,put,-0.0006443032777294146,110.86463928222656,480.62,fixed_strike,28.514862060546875,33.23554992675781,31.137466430664062,26.559829711914062,27.894973754882812,-4.57763671875,0.3337860107421875,,,,13.017654418945312,26.464462280273438,13.446807861328125,14.155503687263183,14.359358373283692,,QuantData term-structure
2026-08-17T16:00:00-04:00,2026-08-21,4,335.0,call,0.9855638764405227,167.0360565185547,480.62,fixed_strike,28.514862060546875,33.23554992675781,31.137466430664062,26.559829711914062,27.894973754882812,-4.57763671875,0.3337860107421875,,,,13.017654418945312,26.464462280273438,13.446807861328125,14.155503687263183,14.359358373283692,,QuantData term-structure
2026-08-17T16:00:00-04:00,2026-08-21,4,335.0,put,-0.001199019383579829,113.91639709472656,480.62,fixed_strike,28.514862060546875,33.23554992675781,31.137466430664062,26.559829711914062,27.894973754882812,-4.57763671875,0.3337860107421875,,,,13.017654418945312,26.464462280273438,13.446807861328125,14.155503687263183,14.359358373283692,,QuantData term-structure
2026-08-17T16:00:00-04:00,2026-08-21,4,340.0,call,0.9992204587756311,105.81016540527344,480.62,fixed_strike,28.514862060546875,33.23554992675781,31.137466430664062,26.559829711914062,27.894973754882812,-4.57763671875,0.3337860107421875,,,,13.017654418945312,26.464462280273438,13.446807861328125,14.155503687263183,14.359358373283692,,QuantData term-structure
2026-08-17T16:00:00-04:00,2026-08-21,4,340.0,put,-0.0017417828557665421,114.87007141113281,480.62,fixed_strike,28.514862060546875,33.23554992675781,31.137466430664062,26.559829711914062,27.894973754882812,-4.57763671875,0.3337860107421875,,,,13.017654418945312,26.464462280273438,13.446807861328125,14.155503687263183,14.359358373283692,,QuantData term-structure
2026-08-17T16:00:00-04:00,2026-08-21,4,345.0,call,0.9890510945687603,145.86448669433594,480.62,fixed_strike,28.514862060546875,33.23554992675781,31.137466430664062,26.559829711914062,27.894973754882812,-4.57763671875,0.3337860107421875,,,,13.017654418945312,26.464462280273438,13.446807861328125,14.155503687263183,14.359358373283692,,QuantData term-structure
2026-08-17T16:00:00-04:00,2026-08-21,4,345.0,put,-0.0006791311893412881,100.46958923339844,480.62,fixed_strike,28.514862060546875,33.23554992675781,31.137466430664062,26.559829711914062,27.894973754882812,-4.57763671875,0.3337860107421875,,,,13.017654418945312,26.464462280273438,13.446807861328125,14.155503687263183,14.359358373283692,,QuantData term-structure
2026-08-17T16:00:00-04:00,2026-08-21,4,350.0,call,1.0,0.0476837158203125,480.62,fixed_strike,28.514862060546875,33.23554992675781,31.137466430664062,26.559829711914062,27.894973754882812,-4.57763671875,0.3337860107421875,,,,13.017654418945312,26.464462280273438,13.446807861328125,14.155503687263183,14.359358373283692,,QuantData term-structure
2026-08-17T16:00:00-04:00,2026-08-21,4,350.0,put,-0.001331135284113932,100.85105895996094,480.62,fixed_strike,28.514862060546875,33.23554992675781,31.137466430664062,26.559829711914062,27.894973754882812,-4.57763671875,0.3337860107421875,,,,13.017654418945312,26.464462280273438,13.446807861328125,14.155503687263183,14.359358373283692,,QuantData term-structure
2026-08-17T16:00:00-04:00,2026-08-21,4,355.0,put,-0.00076478734246585,90.93284606933594,480.62,fixed_strike,28.514862060546875,33.23554992675781,31.137466430664062,26.559829711914062,27.894973754882812,-4.57763671875,0.3337860107421875,,,,13.017654418945312,26.464462280273438,13.446807861328125,14.155503687263183,14.359358373283692,,QuantData term-structure
2026-08-17T16:00:00-04:00,2026-08-21,4,360.0,call,0.985278828331386,130.0334930419922,480.62,fixed_strike,28.514862060546875,33.23554992675781,31.137466430664062,26.559829711914062,27.894973754882812,-4.57763671875,0.3337860107421875,,,,13.017654418945312,26.464462280273438,13.446807861328125,14.155503687263183,14.359358373283692,,QuantData term-structure
2026-08-17T16:00:00-04:00,2026-08-21,4,360.0,put,-0.0007935206530939483,88.64402770996094,480.62,fixed_strike,28.514862060546875,33.23554992675781,31.137466430664062,26.559829711914062,27.894973754882812,-4.57763671875,0.3337860107421875,,,,13.017654418945312,26.464462280273438,13.446807861328125,14.155503687263183,14.359358373283692,,QuantData term-structure
2026-08-17T16:00:00-04:00,2026-08-21,4,362.5,call,0.9868281603121741,123.45314025878906,480.62,fixed_strike,28.514862060546875,33.23554992675781,31.137466430664062,26.559829711914062,27.894973754882812,-4.57763671875,0.3337860107421875,,,,13.017654418945312,26.464462280273438,13.446807861328125,14.155503687263183,14.359358373283692,,QuantData term-structure
2026-08-17T16:00:00-04:00,2026-08-21,4,362.5,put,-0.0020203028087401394,93.98460388183594,480.62,fixed_strike,28.514862060546875,33.23554992675781,31.137466430664062,26.559829711914062,27.894973754882812,-4.57763671875,0.3337860107421875,,,,13.017654418945312,26.464462280273438,13.446807861328125,14.155503687263183,14.359358373283692,,QuantData term-structure
2026-08-17T16:00:00-04:00,2026-08-21,4,365.0,put,-0.0008365690817260042,83.87565612792969,480.62,fixed_strike,28.514862060546875,33.23554992675781,31.137466430664062,26.559829711914062,27.894973754882812,-4.57763671875,0.3337860107421875,,,,13.017654418945312,26.464462280273438,13.446807861328125,14.155503687263183,14.359358373283692,,QuantData term-structure
2026-08-17T16:00:00-04:00,2026-08-21,4,367.5,put,-0.002189782447194406,88.93013000488281,480.62,fixed_strike,28.514862060546875,33.23554992675781,31.137466430664062,26.559829711914062,27.894973754882812,-4.57763671875,0.3337860107421875,,,,13.017654418945312,26.464462280273438,13.446807861328125,14.155503687263183,14.359358373283692,,QuantData term-structure
2026-08-17T16:00:00-04:00,2026-08-21,4,370.0,call,0.9880291145774788,112.29515075683594,480.62,fixed_strike,28.514862060546875,33.23554992675781,31.137466430664062,26.559829711914062,27.894973754882812,-4.57763671875,0.3337860107421875,,,,13.017654418945312,26.464462280273438,13.446807861328125,14.155503687263183,14.359358373283692,,QuantData term-structure
2026-08-17T16:00:00-04:00,2026-08-21,4,370.0,put,-0.002232629010883358,87.59498596191406,480.62,fixed_strike,28.514862060546875,33.23554992675781,31.137466430664062,26.559829711914062,27.894973754882812,-4.57763671875,0.3337860107421875,,,,13.017654418945312,26.464462280273438,13.446807861328125,14.155503687263183,14.359358373283692,,QuantData term-structure
2026-08-17T16:00:00-04:00,2026-08-21,4,372.5,put,-0.0009046590276507526,78.43971252441406,480.62,fixed_strike,28.514862060546875,33.23554992675781,31.137466430664062,26.559829711914062,27.894973754882812,-4.57763671875,0.3337860107421875,,,,13.017654418945312,26.464462280273438,13.446807861328125,14.155503687263183,14.359358373283692,,QuantData term-structure
2026-08-17T16:00:00-04:00,2026-08-21,4,375.0,call,1.0,0.0476837158203125,480.62,fixed_strike,28.514862060546875,33.23554992675781,31.137466430664062,26.559829711914062,27.894973754882812,-4.57763671875,0.3337860107421875,,,,13.017654418945312,26.464462280273438,13.446807861328125,14.155503687263183,14.359358373283692,,QuantData term-structure
2026-08-17T16:00:00-04:00,2026-08-21,4,375.0,put,-0.001648885294916637,81.30073547363281,480.62,fixed_strike,28.514862060546875,33.23554992675781,31.137466430664062,26.559829711914062,27.894973754882812,-4.57763671875,0.3337860107421875,,,,13.017654418945312,26.464462280273438,13.446807861328125,14.155503687263183,14.359358373283692,,QuantData term-structure
2026-08-17T16:00:00-04:00,2026-08-21,4,377.5,call,1.0,0.0476837158203125,480.62,fixed_strike,28.514862060546875,33.23554992675781,31.137466430664062,26.559829711914062,27.894973754882812,-4.57763671875,0.3337860107421875,,,,13.017654418945312,26.464462280273438,13.446807861328125,14.155503687263183,14.359358373283692,,QuantData term-structure
2026-08-17T16:00:00-04:00,2026-08-21,4,377.5,put,-0.0030512816252438422,83.20808410644531,480.62,fixed_strike,28.514862060546875,33.23554992675781,31.137466430664062,26.559829711914062,27.894973754882812,-4.57763671875,0.3337860107421875,,,,13.017654418945312,26.464462280273438,13.446807861328125,14.155503687263183,14.359358373283692,,QuantData term-structure
2026-08-17T16:00:00-04:00,2026-08-21,4,380.0,call,1.0,0.0476837158203125,480.62,fixed_strike,28.514862060546875,33.23554992675781,31.137466430664062,26.559829711914062,27.894973754882812,-4.57763671875,0.3337860107421875,,,,13.017654418945312,26.464462280273438,13.446807861328125,14.155503687263183,14.359358373283692,,QuantData term-structure
2026-08-17T16:00:00-04:00,2026-08-21,4,380.0,put,-0.0009695663972775332,72.90840148925781,480.62,fixed_strike,28.514862060546875,33.23554992675781,31.137466430664062,26.559829711914062,27.894973754882812,-4.57763671875,0.3337860107421875,,,,13.017654418945312,26.464462280273438,13.446807861328125,14.155503687263183,14.359358373283692,,QuantData term-structure
2026-08-17T16:00:00-04:00,2026-08-21,4,385.0,call,1.0,0.0476837158203125,480.62,fixed_strike,28.514862060546875,33.23554992675781,31.137466430664062,26.559829711914062,27.894973754882812,-4.57763671875,0.3337860107421875,,,,13.017654418945312,26.464462280273438,13.446807861328125,14.155503687263183,14.359358373283692,,QuantData term-structure
2026-08-17T16:00:00-04:00,2026-08-21,4,385.0,put,-0.0010116830491430054,69.47517395019531,480.62,fixed_strike,28.514862060546875,33.23554992675781,31.137466430664062,26.559829711914062,27.894973754882812,-4.57763671875,0.3337860107421875,,,,13.017654418945312,26.464462280273438,13.446807861328125,14.155503687263183,14.359358373283692,,QuantData term-structure
2026-08-17T16:00:00-04:00,2026-08-21,4,387.5,put,-0.008219675000813465,87.88108825683594,480.62,fixed_strike,28.514862060546875,33.23554992675781,31.137466430664062,26.559829711914062,27.894973754882812,-4.57763671875,0.3337860107421875,,,,13.017654418945312,26.464462280273438,13.446807861328125,14.155503687263183,14.359358373283692,,QuantData term-structure
2026-08-17T16:00:00-04:00,2026-08-21,4,390.0,call,1.0,0.0476837158203125,480.62,fixed_strike,28.514862060546875,33.23554992675781,31.137466430664062,26.559829711914062,27.894973754882812,-4.57763671875,0.3337860107421875,,,,13.017654418945312,26.464462280273438,13.446807861328125,14.155503687263183,14.359358373283692,,QuantData term-structure
2026-08-17T16:00:00-04:00,2026-08-21,4,390.0,put,-0.001914961097536799,68.99833679199219,480.62,fixed_strike,28.514862060546875,33.23554992675781,31.137466430664062,26.559829711914062,27.894973754882812,-4.57763671875,0.3337860107421875,,,,13.017654418945312,26.464462280273438,13.446807861328125,14.155503687263183,14.359358373283692,,QuantData term-structure
2026-08-17T16:00:00-04:00,2026-08-21,4,392.5,call,1.0,0.0476837158203125,480.62,fixed_strike,28.514862060546875,33.23554992675781,31.137466430664062,26.559829711914062,27.894973754882812,-4.57763671875,0.3337860107421875,,,,13.017654418945312,26.464462280273438,13.446807861328125,14.155503687263183,14.359358373283692,,QuantData term-structure
2026-08-17T16:00:00-04:00,2026-08-21,4,392.5,put,-0.0018997195289346702,67.28172302246094,480.62,fixed_strike,28.514862060546875,33.23554992675781,31.137466430664062,26.559829711914062,27.894973754882812,-4.57763671875,0.3337860107421875,,,,13.017654418945312,26.464462280273438,13.446807861328125,14.155503687263183,14.359358373283692,,QuantData term-structure
2026-08-17T16:00:00-04:00,2026-08-21,4,395.0,call,1.0,0.0476837158203125,480.62,fixed_strike,28.514862060546875,33.23554992675781,31.137466430664062,26.559829711914062,27.894973754882812,-4.57763671875,0.3337860107421875,,,,13.017654418945312,26.464462280273438,13.446807861328125,14.155503687263183,14.359358373283692,,QuantData term-structure
2026-08-17T16:00:00-04:00,2026-08-21,4,395.0,put,-0.0028476159772206204,67.94929504394531,480.62,fixed_strike,28.514862060546875,33.23554992675781,31.137466430664062,26.559829711914062,27.894973754882812,-4.57763671875,0.3337860107421875,,,,13.017654418945312,26.464462280273438,13.446807861328125,14.155503687263183,14.359358373283692,,QuantData term-structure
2026-08-17T16:00:00-04:00,2026-08-21,4,397.5,call,0.9855134963967703,90.36064147949219,480.62,fixed_strike,28.514862060546875,33.23554992675781,31.137466430664062,26.559829711914062,27.894973754882812,-4.57763671875,0.3337860107421875,,,,13.017654418945312,26.464462280273438,13.446807861328125,14.155503687263183,14.359358373283692,,QuantData term-structure
2026-08-17T16:00:00-04:00,2026-08-21,4,397.5,put,-0.004981243442575627,70.71495056152344,480.62,fixed_strike,28.514862060546875,33.23554992675781,31.137466430664062,26.559829711914062,27.894973754882812,-4.57763671875,0.3337860107421875,,,,13.017654418945312,26.464462280273438,13.446807861328125,14.155503687263183,14.359358373283692,,QuantData term-structure
2026-08-17T16:00:00-04:00,2026-08-21,4,400.0,call,0.9843829801058966,81.96830749511719,480.62,fixed_strike,28.514862060546875,33.23554992675781,31.137466430664062,26.559829711914062,27.894973754882812,-4.57763671875,0.3337860107421875,,,,13.017654418945312,26.464462280273438,13.446807861328125,14.155503687263183,14.359358373283692,,QuantData term-structure
2026-08-17T16:00:00-04:00,2026-08-21,4,400.0,put,-0.0021496405718441076,61.65504455566406,480.62,fixed_strike,28.514862060546875,33.23554992675781,31.137466430664062,26.559829711914062,27.894973754882812,-4.57763671875,0.3337860107421875,,,,13.017654418945312,26.464462280273438,13.446807861328125,14.155503687263183,14.359358373283692,,QuantData term-structure
2026-08-17T16:00:00-04:00,2026-08-21,4,402.5,call,1.0,0.0476837158203125,480.62,fixed_strike,28.514862060546875,33.23554992675781,31.137466430664062,26.559829711914062,27.894973754882812,-4.57763671875,0.3337860107421875,,,,13.017654418945312,26.464462280273438,13.446807861328125,14.155503687263183,14.359358373283692,,QuantData term-structure
2026-08-17T16:00:00-04:00,2026-08-21,4,402.5,put,-0.004528152768494391,66.23268127441406,480.62,fixed_strike,28.514862060546875,33.23554992675781,31.137466430664062,26.559829711914062,27.894973754882812,-4.57763671875,0.3337860107421875,,,,13.017654418945312,26.464462280273438,13.446807861328125,14.155503687263183,14.359358373283692,,QuantData term-structure
2026-08-17T16:00:00-04:00,2026-08-21,4,405.0,call,1.0,0.0476837158203125,480.62,fixed_strike,28.514862060546875,33.23554992675781,31.137466430664062,26.559829711914062,27.894973754882812,-4.57763671875,0.3337860107421875,,,,13.017654418945312,26.464462280273438,13.446807861328125,14.155503687263183,14.359358373283692,,QuantData term-structure
2026-08-17T16:00:00-04:00,2026-08-21,4,405.0,put,-0.0022817995308114236,57.84034729003906,480.62,fixed_strike,28.514862060546875,33.23554992675781,31.137466430664062,26.559829711914062,27.894973754882812,-4.57763671875,0.3337860107421875,,,,13.017654418945312,26.464462280273438,13.446807861328125,14.155503687263183,14.359358373283692,,QuantData term-structure
2026-08-17T16:00:00-04:00,2026-08-21,4,407.5,call,1.0,0.0476837158203125,480.62,fixed_strike,28.514862060546875,33.23554992675781,31.137466430664062,26.559829711914062,27.894973754882812,-4.57763671875,0.3337860107421875,,,,13.017654418945312,26.464462280273438,13.446807861328125,14.155503687263183,14.359358373283692,,QuantData term-structure
2026-08-17T16:00:00-04:00,2026-08-21,4,407.5,put,-0.0057917921896200285,62.79945373535156,480.62,fixed_strike,28.514862060546875,33.23554992675781,31.137466430664062,26.559829711914062,27.894973754882812,-4.57763671875,0.3337860107421875,,,,13.017654418945312,26.464462280273438,13.446807861328125,14.155503687263183,14.359358373283692,,QuantData term-structure
2026-08-17T16:00:00-04:00,2026-08-21,4,410.0,call,1.0,0.0476837158203125,480.62,fixed_strike,28.514862060546875,33.23554992675781,31.137466430664062,26.559829711914062,27.894973754882812,-4.57763671875,0.3337860107421875,,,,13.017654418945312,26.464462280273438,13.446807861328125,14.155503687263183,14.359358373283692,,QuantData term-structure
2026-08-17T16:00:00-04:00,2026-08-21,4,410.0,put,-0.004249862633225882,57.93571472167969,480.62,fixed_strike,28.514862060546875,33.23554992675781,31.137466430664062,26.559829711914062,27.894973754882812,-4.57763671875,0.3337860107421875,,,,13.017654418945312,26.464462280273438,13.446807861328125,14.155503687263183,14.359358373283692,,QuantData term-structure
2026-08-17T16:00:00-04:00,2026-08-21,4,412.5,call,0.9931741781520944,58.31718444824219,480.62,fixed_strike,28.514862060546875,33.23554992675781,31.137466430664062,26.559829711914062,27.894973754882812,-4.57763671875,0.3337860107421875,,,,13.017654418945312,26.464462280273438,13.446807861328125,14.155503687263183,14.359358373283692,,QuantData term-structure
2026-08-17T16:00:00-04:00,2026-08-21,4,412.5,put,-0.0025290077822999533,52.11830139160156,480.62,fixed_strike,28.514862060546875,33.23554992675781,31.137466430664062,26.559829711914062,27.894973754882812,-4.57763671875,0.3337860107421875,,,,13.017654418945312,26.464462280273438,13.446807861328125,14.155503687263183,14.359358373283692,,QuantData term-structure
2026-08-17T16:00:00-04:00,2026-08-21,4,415.0,call,1.0,0.0476837158203125,480.62,fixed_strike,28.514862060546875,33.23554992675781,31.137466430664062,26.559829711914062,27.894973754882812,-4.57763671875,0.3337860107421875,,,,13.017654418945312,26.464462280273438,13.446807861328125,14.155503687263183,14.359358373283692,,QuantData term-structure
2026-08-17T16:00:00-04:00,2026-08-21,4,415.0,put,-0.006294988199038498,56.79130554199219,480.62,fixed_strike,28.514862060546875,33.23554992675781,31.137466430664062,26.559829711914062,27.894973754882812,-4.57763671875,0.3337860107421875,,,,13.017654418945312,26.464462280273438,13.446807861328125,14.155503687263183,14.359358373283692,,QuantData term-structure
2026-08-17T16:00:00-04:00,2026-08-21,4,420.0,call,0.9867079899127212,57.84034729003906,480.62,fixed_strike,28.514862060546875,33.23554992675781,31.137466430664062,26.559829711914062,27.894973754882812,-4.57763671875,0.3337860107421875,,,,13.017654418945312,26.464462280273438,13.446807861328125,14.155503687263183,14.359358373283692,,QuantData term-structure
2026-08-17T16:00:00-04:00,2026-08-21,4,420.0,put,-0.0069216093407580975,52.11830139160156,480.62,fixed_strike,28.514862060546875,33.23554992675781,31.137466430664062,26.559829711914062,27.894973754882812,-4.57763671875,0.3337860107421875,,,,13.017654418945312,26.464462280273438,13.446807861328125,14.155503687263183,14.359358373283692,,QuantData term-structure
2026-08-17T16:00:00-04:00,2026-08-21,4,425.0,call,0.9762374182661869,59.46159362792969,480.62,fixed_strike,28.514862060546875,33.23554992675781,31.137466430664062,26.559829711914062,27.894973754882812,-4.57763671875,0.3337860107421875,,,,13.017654418945312,26.464462280273438,13.446807861328125,14.155503687263183,14.359358373283692,,QuantData term-structure
2026-08-17T16:00:00-04:00,2026-08-21,4,425.0,put,-0.007323047629134089,48.20823669433594,480.62,fixed_strike,28.514862060546875,33.23554992675781,31.137466430664062,26.559829711914062,27.894973754882812,-4.57763671875,0.3337860107421875,,,,13.017654418945312,26.464462280273438,13.446807861328125,14.155503687263183,14.359358373283692,,QuantData term-structure
2026-08-17T16:00:00-04:00,2026-08-21,4,430.0,call,0.9898066723312252,45.53794860839844,480.62,fixed_strike,28.514862060546875,33.23554992675781,31.137466430664062,26.559829711914062,27.894973754882812,-4.57763671875,0.3337860107421875,,,,13.017654418945312,26.464462280273438,13.446807861328125,14.155503687263183,14.359358373283692,,QuantData term-structure
2026-08-17T16:00:00-04:00,2026-08-21,4,430.0,put,-0.009859410072881051,46.11015319824219,480.62,fixed_strike,28.514862060546875,33.23554992675781,31.137466430664062,26.559829711914062,27.894973754882812,-4.57763671875,0.3337860107421875,,,,13.017654418945312,26.464462280273438,13.446807861328125,14.155503687263183,14.359358373283692,,QuantData term-structure
2026-08-17T16:00:00-04:00,2026-08-21,4,435.0,call,1.0,0.0476837158203125,480.62,fixed_strike,28.514862060546875,33.23554992675781,31.137466430664062,26.559829711914062,27.894973754882812,-4.57763671875,0.3337860107421875,,,,13.017654418945312,26.464462280273438,13.446807861328125,14.155503687263183,14.359358373283692,,QuantData term-structure
2026-08-17T16:00:00-04:00,2026-08-21,4,435.0,put,-0.014014191664048591,43.53523254394531,480.62,fixed_strike,28.514862060546875,33.23554992675781,31.137466430664062,26.559829711914062,27.894973754882812,-4.57763671875,0.3337860107421875,,,,13.017654418945312,26.464462280273438,13.446807861328125,14.155503687263183,14.359358373283692,,QuantData term-structure
2026-08-17T16:00:00-04:00,2026-08-21,4,440.0,call,0.9586726295441051,49.06654357910156,480.62,fixed_strike,28.514862060546875,33.23554992675781,31.137466430664062,26.559829711914062,27.894973754882812,-4.57763671875,0.3337860107421875,,,,13.017654418945312,26.464462280273438,13.446807861328125,14.155503687263183,14.359358373283692,,QuantData term-structure
2026-08-17T16:00:00-04:00,2026-08-21,4,440.0,put,-0.01946159912939875,40.96031188964844,480.62,fixed_strike,28.514862060546875,33.23554992675781,31.137466430664062,26.559829711914062,27.894973754882812,-4.57763671875,0.3337860107421875,,,,13.017654418945312,26.464462280273438,13.446807861328125,14.155503687263183,14.359358373283692,,QuantData term-structure
2026-08-17T16:00:00-04:00,2026-08-21,4,445.0,call,0.999056345301079,23.603439331054688,480.62,fixed_strike,28.514862060546875,33.23554992675781,31.137466430664062,26.559829711914062,27.894973754882812,-4.57763671875,0.3337860107421875,,,,13.017654418945312,26.464462280273438,13.446807861328125,14.155503687263183,14.359358373283692,,QuantData term-structure
2026-08-17T16:00:00-04:00,2026-08-21,4,445.0,put,-0.029903402095638302,38.48075866699219,480.62,fixed_strike,28.514862060546875,33.23554992675781,31.137466430664062,26.559829711914062,27.894973754882812,-4.57763671875,0.3337860107421875,,,,13.017654418945312,26.464462280273438,13.446807861328125,14.155503687263183,14.359358373283692,,QuantData term-structure
2026-08-17T16:00:00-04:00,2026-08-21,4,450.0,call,1.0,0.0476837158203125,480.62,fixed_strike,28.514862060546875,33.23554992675781,31.137466430664062,26.559829711914062,27.894973754882812,-4.57763671875,0.3337860107421875,,,,13.017654418945312,26.464462280273438,13.446807861328125,14.155503687263183,14.359358373283692,,QuantData term-structure
2026-08-17T16:00:00-04:00,2026-08-21,4,450.0,put,-0.039844947040441996,36.38267517089844,480.62,fixed_strike,28.514862060546875,33.23554992675781,31.137466430664062,26.559829711914062,27.894973754882812,-4.57763671875,0.3337860107421875,,,,13.017654418945312,26.464462280273438,13.446807861328125,14.155503687263183,14.359358373283692,,QuantData term-structure
2026-08-17T16:00:00-04:00,2026-08-21,4,455.0,call,0.9689669902314919,27.227401733398438,480.62,fixed_strike,28.514862060546875,33.23554992675781,31.137466430664062,26.559829711914062,27.894973754882812,-4.57763671875,0.3337860107421875,,,,13.017654418945312,26.464462280273438,13.446807861328125,14.155503687263183,14.359358373283692,,QuantData term-structure
2026-08-17T16:00:00-04:00,2026-08-21,4,455.0,put,-0.06234133272871162,34.66606140136719,480.62,fixed_strike,28.514862060546875,33.23554992675781,31.137466430664062,26.559829711914062,27.894973754882812,-4.57763671875,0.3337860107421875,,,,13.017654418945312,26.464462280273438,13.446807861328125,14.155503687263183,14.359358373283692,,QuantData term-structure
2026-08-17T16:00:00-04:00,2026-08-21,4,460.0,call,0.8916985710863656,34.28459167480469,480.62,fixed_strike,28.514862060546875,33.23554992675781,31.137466430664062,26.559829711914062,27.894973754882812,-4.57763671875,0.3337860107421875,,,,13.017654418945312,26.464462280273438,13.446807861328125,14.155503687263183,14.359358373283692,,QuantData term-structure
2026-08-17T16:00:00-04:00,2026-08-21,4,460.0,put,-0.09944067648999044,33.23554992675781,480.62,fixed_strike,28.514862060546875,33.23554992675781,31.137466430664062,26.559829711914062,27.894973754882812,-4.57763671875,0.3337860107421875,,,,13.017654418945312,26.464462280273438,13.446807861328125,14.155503687263183,14.359358373283692,,QuantData term-structure
2026-08-17T16:00:00-04:00,2026-08-21,4,465.0,call,0.8888889277967216,26.082992553710938,480.62,fixed_strike,28.514862060546875,33.23554992675781,31.137466430664062,26.559829711914062,27.894973754882812,-4.57763671875,0.3337860107421875,,,,13.017654418945312,26.464462280273438,13.446807861328125,14.155503687263183,14.359358373283692,,QuantData term-structure
2026-08-17T16:00:00-04:00,2026-08-21,4,465.0,put,-0.15590496130748904,32.09114074707031,480.62,fixed_strike,28.514862060546875,33.23554992675781,31.137466430664062,26.559829711914062,27.894973754882812,-4.57763671875,0.3337860107421875,,,,13.017654418945312,26.464462280273438,13.446807861328125,14.155503687263183,14.359358373283692,,QuantData term-structure
2026-08-17T16:00:00-04:00,2026-08-21,4,467.5,call,0.8127990883337461,27.894973754882812,480.62,fixed_strike,28.514862060546875,33.23554992675781,31.137466430664062,26.559829711914062,27.894973754882812,-4.57763671875,0.3337860107421875,,,,13.017654418945312,26.464462280273438,13.446807861328125,14.155503687263183,14.359358373283692,,QuantData term-structure
2026-08-17T16:00:00-04:00,2026-08-21,4,467.5,put,-0.1985323394013057,31.328201293945312,480.62,fixed_strike,28.514862060546875,33.23554992675781,31.137466430664062,26.559829711914062,27.894973754882812,-4.57763671875,0.3337860107421875,,,,13.017654418945312,26.464462280273438,13.446807861328125,14.155503687263183,14.359358373283692,,QuantData term-structure
2026-08-17T16:00:00-04:00,2026-08-21,4,470.0,call,0.787437632743833,27.608871459960938,480.62,fixed_strike,28.514862060546875,33.23554992675781,31.137466430664062,26.559829711914062,27.894973754882812,-4.57763671875,0.3337860107421875,,,,13.017654418945312,26.464462280273438,13.446807861328125,14.155503687263183,14.359358373283692,,QuantData term-structure
2026-08-17T16:00:00-04:00,2026-08-21,4,470.0,put,-0.23795400871334216,31.137466430664062,480.62,fixed_strike,28.514862060546875,33.23554992675781,31.137466430664062,26.559829711914062,27.894973754882812,-4.57763671875,0.3337860107421875,,,,13.017654418945312,26.464462280273438,13.446807861328125,14.155503687263183,14.359358373283692,,QuantData term-structure
2026-08-17T16:00:00-04:00,2026-08-21,4,472.5,call,0.7177436524391078,26.941299438476562,480.62,fixed_strike,28.514862060546875,33.23554992675781,31.137466430664062,26.559829711914062,27.894973754882812,-4.57763671875,0.3337860107421875,,,,13.017654418945312,26.464462280273438,13.446807861328125,14.155503687263183,14.359358373283692,,QuantData term-structure
2026-08-17T16:00:00-04:00,2026-08-21,4,472.5,put,-0.29138308954952985,31.423568725585938,480.62,fixed_strike,28.514862060546875,33.23554992675781,31.137466430664062,26.559829711914062,27.894973754882812,-4.57763671875,0.3337860107421875,,,,13.017654418945312,26.464462280273438,13.446807861328125,14.155503687263183,14.359358373283692,,QuantData term-structure
2026-08-17T16:00:00-04:00,2026-08-21,4,475.0,call,0.6785045535876992,25.701522827148438,480.62,fixed_strike,28.514862060546875,33.23554992675781,31.137466430664062,26.559829711914062,27.894973754882812,-4.57763671875,0.3337860107421875,,,,13.017654418945312,26.464462280273438,13.446807861328125,14.155503687263183,14.359358373283692,,QuantData term-structure
2026-08-17T16:00:00-04:00,2026-08-21,4,475.0,put,-0.34844282761233225,31.423568725585938,480.62,fixed_strike,28.514862060546875,33.23554992675781,31.137466430664062,26.559829711914062,27.894973754882812,-4.57763671875,0.3337860107421875,,,,13.017654418945312,26.464462280273438,13.446807861328125,14.155503687263183,14.359358373283692,,QuantData term-structure
2026-08-17T16:00:00-04:00,2026-08-21,4,477.5,call,0.6070444401926671,26.082992553710938,480.62,fixed_strike,28.514862060546875,33.23554992675781,31.137466430664062,26.559829711914062,27.894973754882812,-4.57763671875,0.3337860107421875,,,,13.017654418945312,26.464462280273438,13.446807861328125,14.155503687263183,14.359358373283692,,QuantData term-structure
2026-08-17T16:00:00-04:00,2026-08-21,4,477.5,put,-0.4078940150916126,30.946731567382812,480.62,fixed_strike,28.514862060546875,33.23554992675781,31.137466430664062,26.559829711914062,27.894973754882812,-4.57763671875,0.3337860107421875,,,,13.017654418945312,26.464462280273438,13.446807861328125,14.155503687263183,14.359358373283692,,QuantData term-structure
2026-08-17T16:00:00-04:00,2026-08-21,4,480.0,call,0.5318337922024898,26.178359985351562,480.62,fixed_strike,28.514862060546875,33.23554992675781,31.137466430664062,26.559829711914062,27.894973754882812,-4.57763671875,0.3337860107421875,,,,13.017654418945312,26.464462280273438,13.446807861328125,14.155503687263183,14.359358373283692,,QuantData term-structure
2026-08-17T16:00:00-04:00,2026-08-21,4,480.0,put,-0.4731582753947469,30.851364135742188,480.62,fixed_strike,28.514862060546875,33.23554992675781,31.137466430664062,26.559829711914062,27.894973754882812,-4.57763671875,0.3337860107421875,,,,13.017654418945312,26.464462280273438,13.446807861328125,14.155503687263183,14.359358373283692,,QuantData term-structure
2026-08-17T16:00:00-04:00,2026-08-21,4,482.5,call,0.45635870992936783,26.464462280273438,480.62,fixed_strike,28.514862060546875,33.23554992675781,31.137466430664062,26.559829711914062,27.894973754882812,-4.57763671875,0.3337860107421875,,,,13.017654418945312,26.464462280273438,13.446807861328125,14.155503687263183,14.359358373283692,,QuantData term-structure
2026-08-17T16:00:00-04:00,2026-08-21,4,482.5,put,-0.5349793649121092,30.755996704101562,480.62,fixed_strike,28.514862060546875,33.23554992675781,31.137466430664062,26.559829711914062,27.894973754882812,-4.57763671875,0.3337860107421875,,,,13.017654418945312,26.464462280273438,13.446807861328125,14.155503687263183,14.359358373283692,,QuantData term-structure
2026-08-17T16:00:00-04:00,2026-08-21,4,485.0,call,0.3858166546541014,26.655197143554688,480.62,fixed_strike,28.514862060546875,33.23554992675781,31.137466430664062,26.559829711914062,27.894973754882812,-4.57763671875,0.3337860107421875,,,,13.017654418945312,26.464462280273438,13.446807861328125,14.155503687263183,14.359358373283692,,QuantData term-structure
2026-08-17T16:00:00-04:00,2026-08-21,4,485.0,put,-0.5949358226221921,31.900405883789062,480.62,fixed_strike,28.514862060546875,33.23554992675781,31.137466430664062,26.559829711914062,27.894973754882812,-4.57763671875,0.3337860107421875,,,,13.017654418945312,26.464462280273438,13.446807861328125,14.155503687263183,14.359358373283692,,QuantData term-structure
2026-08-17T16:00:00-04:00,2026-08-21,4,487.5,call,0.31670401950284327,26.750564575195312,480.62,fixed_strike,28.514862060546875,33.23554992675781,31.137466430664062,26.559829711914062,27.894973754882812,-4.57763671875,0.3337860107421875,,,,13.017654418945312,26.464462280273438,13.446807861328125,14.155503687263183,14.359358373283692,,QuantData term-structure
2026-08-17T16:00:00-04:00,2026-08-21,4,487.5,put,-0.6574319753924525,31.900405883789062,480.62,fixed_strike,28.514862060546875,33.23554992675781,31.137466430664062,26.559829711914062,27.894973754882812,-4.57763671875,0.3337860107421875,,,,13.017654418945312,26.464462280273438,13.446807861328125,14.155503687263183,14.359358373283692,,QuantData term-structure
2026-08-17T16:00:00-04:00,2026-08-21,4,490.0,call,0.2557322653077586,26.559829711914062,480.62,fixed_strike,28.514862060546875,33.23554992675781,31.137466430664062,26.559829711914062,27.894973754882812,-4.57763671875,0.3337860107421875,,,,13.017654418945312,26.464462280273438,13.446807861328125,14.155503687263183,14.359358373283692,,QuantData term-structure
2026-08-17T16:00:00-04:00,2026-08-21,4,490.0,put,-0.702682427632584,32.56797790527344,480.62,fixed_strike,28.514862060546875,33.23554992675781,31.137466430664062,26.559829711914062,27.894973754882812,-4.57763671875,0.3337860107421875,,,,13.017654418945312,26.464462280273438,13.446807861328125,14.155503687263183,14.359358373283692,,QuantData term-structure
2026-08-17T16:00:00-04:00,2026-08-21,4,492.5,call,0.19438979602898016,26.082992553710938,480.62,fixed_strike,28.514862060546875,33.23554992675781,31.137466430664062,26.559829711914062,27.894973754882812,-4.57763671875,0.3337860107421875,,,,13.017654418945312,26.464462280273438,13.446807861328125,14.155503687263183,14.359358373283692,,QuantData term-structure
2026-08-17T16:00:00-04:00,2026-08-21,4,492.5,put,-0.7513354873101155,33.42628479003906,480.62,fixed_strike,28.514862060546875,33.23554992675781,31.137466430664062,26.559829711914062,27.894973754882812,-4.57763671875,0.3337860107421875,,,,13.017654418945312,26.464462280273438,13.446807861328125,14.155503687263183,14.359358373283692,,QuantData term-structure
2026-08-17T16:00:00-04:00,2026-08-21,4,495.0,call,0.15935604175832097,27.132034301757812,480.62,fixed_strike,28.514862060546875,33.23554992675781,31.137466430664062,26.559829711914062,27.894973754882812,-4.57763671875,0.3337860107421875,,,,13.017654418945312,26.464462280273438,13.446807861328125,14.155503687263183,14.359358373283692,,QuantData term-structure
2026-08-17T16:00:00-04:00,2026-08-21,4,495.0,put,-0.7834024252923648,34.28459167480469,480.62,fixed_strike,28.514862060546875,33.23554992675781,31.137466430664062,26.559829711914062,27.894973754882812,-4.57763671875,0.3337860107421875,,,,13.017654418945312,26.464462280273438,13.446807861328125,14.155503687263183,14.359358373283692,,QuantData term-structure
2026-08-17T16:00:00-04:00,2026-08-21,4,497.5,call,0.11840357125601064,27.608871459960938,480.62,fixed_strike,28.514862060546875,33.23554992675781,31.137466430664062,26.559829711914062,27.894973754882812,-4.57763671875,0.3337860107421875,,,,13.017654418945312,26.464462280273438,13.446807861328125,14.155503687263183,14.359358373283692,,QuantData term-structure
2026-08-17T16:00:00-04:00,2026-08-21,4,497.5,put,-0.8012029459209042,37.81318664550781,480.62,fixed_strike,28.514862060546875,33.23554992675781,31.137466430664062,26.559829711914062,27.894973754882812,-4.57763671875,0.3337860107421875,,,,13.017654418945312,26.464462280273438,13.446807861328125,14.155503687263183,14.359358373283692,,QuantData term-structure
2026-08-17T16:00:00-04:00,2026-08-21,4,500.0,call,0.0938751575667387,27.894973754882812,480.62,fixed_strike,28.514862060546875,33.23554992675781,31.137466430664062,26.559829711914062,27.894973754882812,-4.57763671875,0.3337860107421875,,,,13.017654418945312,26.464462280273438,13.446807861328125,14.155503687263183,14.359358373283692,,QuantData term-structure
2026-08-17T16:00:00-04:00,2026-08-21,4,500.0,put,-0.8381104389817553,37.33634948730469,480.62,fixed_strike,28.514862060546875,33.23554992675781,31.137466430664062,26.559829711914062,27.894973754882812,-4.57763671875,0.3337860107421875,,,,13.017654418945312,26.464462280273438,13.446807861328125,14.155503687263183,14.359358373283692,,QuantData term-structure
2026-08-17T16:00:00-04:00,2026-08-21,4,502.5,call,0.07037128197104248,28.181076049804688,480.62,fixed_strike,28.514862060546875,33.23554992675781,31.137466430664062,26.559829711914062,27.894973754882812,-4.57763671875,0.3337860107421875,,,,13.017654418945312,26.464462280273438,13.446807861328125,14.155503687263183,14.359358373283692,,QuantData term-structure
2026-08-17T16:00:00-04:00,2026-08-21,4,502.5,put,-0.8597531420642552,39.33906555175781,480.62,fixed_strike,28.514862060546875,33.23554992675781,31.137466430664062,26.559829711914062,27.894973754882812,-4.57763671875,0.3337860107421875,,,,13.017654418945312,26.464462280273438,13.446807861328125,14.155503687263183,14.359358373283692,,QuantData term-structure
2026-08-17T16:00:00-04:00,2026-08-21,4,505.0,call,0.053200850226505225,28.848648071289062,480.62,fixed_strike,28.514862060546875,33.23554992675781,31.137466430664062,26.559829711914062,27.894973754882812,-4.57763671875,0.3337860107421875,,,,13.017654418945312,26.464462280273438,13.446807861328125,14.155503687263183,14.359358373283692,,QuantData term-structure
2026-08-17T16:00:00-04:00,2026-08-21,4,505.0,put,-0.8731494346392087,41.24641418457031,480.62,fixed_strike,28.514862060546875,33.23554992675781,31.137466430664062,26.559829711914062,27.894973754882812,-4.57763671875,0.3337860107421875,,,,13.017654418945312,26.464462280273438,13.446807861328125,14.155503687263183,14.359358373283692,,QuantData term-structure
2026-08-17T16:00:00-04:00,2026-08-21,4,507.5,call,0.0395765470109417,29.230117797851562,480.62,fixed_strike,28.514862060546875,33.23554992675781,31.137466430664062,26.559829711914062,27.894973754882812,-4.57763671875,0.3337860107421875,,,,13.017654418945312,26.464462280273438,13.446807861328125,14.155503687263183,14.359358373283692,,QuantData term-structure
2026-08-17T16:00:00-04:00,2026-08-21,4,507.5,put,-0.8708405076406303,44.87037658691406,480.62,fixed_strike,28.514862060546875,33.23554992675781,31.137466430664062,26.559829711914062,27.894973754882812,-4.57763671875,0.3337860107421875,,,,13.017654418945312,26.464462280273438,13.446807861328125,14.155503687263183,14.359358373283692,,QuantData term-structure
2026-08-17T16:00:00-04:00,2026-08-21,4,510.0,call,0.03392691366762405,30.374526977539062,480.62,fixed_strike,28.514862060546875,33.23554992675781,31.137466430664062,26.559829711914062,27.894973754882812,-4.57763671875,0.3337860107421875,,,,13.017654418945312,26.464462280273438,13.446807861328125,14.155503687263183,14.359358373283692,,QuantData term-structure
2026-08-17T16:00:00-04:00,2026-08-21,4,510.0,put,-0.8900489952815345,44.10743713378906,480.62,fixed_strike,28.514862060546875,33.23554992675781,31.137466430664062,26.559829711914062,27.894973754882812,-4.57763671875,0.3337860107421875,,,,13.017654418945312,26.464462280273438,13.446807861328125,14.155503687263183,14.359358373283692,,QuantData term-structure
2026-08-17T16:00:00-04:00,2026-08-21,4,512.5,call,0.022913830786684273,30.946731567382812,480.62,fixed_strike,28.514862060546875,33.23554992675781,31.137466430664062,26.559829711914062,27.894973754882812,-4.57763671875,0.3337860107421875,,,,13.017654418945312,26.464462280273438,13.446807861328125,14.155503687263183,14.359358373283692,,QuantData term-structure
2026-08-17T16:00:00-04:00,2026-08-21,4,512.5,put,-0.8641817208066771,51.64146423339844,480.62,fixed_strike,28.514862060546875,33.23554992675781,31.137466430664062,26.559829711914062,27.894973754882812,-4.57763671875,0.3337860107421875,,,,13.017654418945312,26.464462280273438,13.446807861328125,14.155503687263183,14.359358373283692,,QuantData term-structure
2026-08-17T16:00:00-04:00,2026-08-21,4,515.0,call,0.019462267560519206,31.328201293945312,480.62,fixed_strike,28.514862060546875,33.23554992675781,31.137466430664062,26.559829711914062,27.894973754882812,-4.57763671875,0.3337860107421875,,,,13.017654418945312,26.464462280273438,13.446807861328125,14.155503687263183,14.359358373283692,,QuantData term-structure
2026-08-17T16:00:00-04:00,2026-08-21,4,515.0,put,-0.9489072520139513,35.23826599121094,480.62,fixed_strike,28.514862060546875,33.23554992675781,31.137466430664062,26.559829711914062,27.894973754882812,-4.57763671875,0.3337860107421875,,,,13.017654418945312,26.464462280273438,13.446807861328125,14.155503687263183,14.359358373283692,,QuantData term-structure
2026-08-17T16:00:00-04:00,2026-08-21,4,517.5,call,0.01558331236383806,32.66334533691406,480.62,fixed_strike,28.514862060546875,33.23554992675781,31.137466430664062,26.559829711914062,27.894973754882812,-4.57763671875,0.3337860107421875,,,,13.017654418945312,26.464462280273438,13.446807861328125,14.155503687263183,14.359358373283692,,QuantData term-structure
2026-08-17T16:00:00-04:00,2026-08-21,4,520.0,call,0.012119779035613327,32.75871276855469,480.62,fixed_strike,28.514862060546875,33.23554992675781,31.137466430664062,26.559829711914062,27.894973754882812,-4.57763671875,0.3337860107421875,,,,13.017654418945312,26.464462280273438,13.446807861328125,14.155503687263183,14.359358373283692,,QuantData term-structure
2026-08-17T16:00:00-04:00,2026-08-21,4,520.0,put,-0.9092012384139049,46.96846008300781,480.62,fixed_strike,28.514862060546875,33.23554992675781,31.137466430664062,26.559829711914062,27.894973754882812,-4.57763671875,0.3337860107421875,,,,13.017654418945312,26.464462280273438,13.446807861328125,14.155503687263183,14.359358373283692,,QuantData term-structure
2026-08-17T16:00:00-04:00,2026-08-21,4,522.5,call,0.010078959382687597,34.66606140136719,480.62,fixed_strike,28.514862060546875,33.23554992675781,31.137466430664062,26.559829711914062,27.894973754882812,-4.57763671875,0.3337860107421875,,,,13.017654418945312,26.464462280273438,13.446807861328125,14.155503687263183,14.359358373283692,,QuantData term-structure
2026-08-17T16:00:00-04:00,2026-08-21,4,525.0,call,0.010040474684006085,35.52436828613281,480.62,fixed_strike,28.514862060546875,33.23554992675781,31.137466430664062,26.559829711914062,27.894973754882812,-4.57763671875,0.3337860107421875,,,,13.017654418945312,26.464462280273438,13.446807861328125,14.155503687263183,14.359358373283692,,QuantData term-structure
2026-08-17T16:00:00-04:00,2026-08-21,4,525.0,put,-0.9144525664035887,54.97932434082031,480.62,fixed_strike,28.514862060546875,33.23554992675781,31.137466430664062,26.559829711914062,27.894973754882812,-4.57763671875,0.3337860107421875,,,,13.017654418945312,26.464462280273438,13.446807861328125,14.155503687263183,14.359358373283692,,QuantData term-structure
2026-08-17T16:00:00-04:00,2026-08-21,4,527.5,call,0.005471200727719874,34.76142883300781,480.62,fixed_strike,28.514862060546875,33.23554992675781,31.137466430664062,26.559829711914062,27.894973754882812,-4.57763671875,0.3337860107421875,,,,13.017654418945312,26.464462280273438,13.446807861328125,14.155503687263183,14.359358373283692,,QuantData term-structure
2026-08-17T16:00:00-04:00,2026-08-21,4,530.0,call,0.0064834980678661865,37.33634948730469,480.62,fixed_strike,28.514862060546875,33.23554992675781,31.137466430664062,26.559829711914062,27.894973754882812,-4.57763671875,0.3337860107421875,,,,13.017654418945312,26.464462280273438,13.446807861328125,14.155503687263183,14.359358373283692,,QuantData term-structure
2026-08-17T16:00:00-04:00,2026-08-21,4,530.0,put,-0.9421303263358449,52.11830139160156,480.62,fixed_strike,28.514862060546875,33.23554992675781,31.137466430664062,26.559829711914062,27.894973754882812,-4.57763671875,0.3337860107421875,,,,13.017654418945312,26.464462280273438,13.446807861328125,14.155503687263183,14.359358373283692,,QuantData term-structure
2026-08-17T16:00:00-04:00,2026-08-21,4,535.0,call,0.004880154303703841,39.14833068847656,480.62,fixed_strike,28.514862060546875,33.23554992675781,31.137466430664062,26.559829711914062,27.894973754882812,-4.57763671875,0.3337860107421875,,,,13.017654418945312,26.464462280273438,13.446807861328125,14.155503687263183,14.359358373283692,,QuantData term-structure
2026-08-17T16:00:00-04:00,2026-08-21,4,535.0,put,-0.9223004294199199,65.08827209472656,480.62,fixed_strike,28.514862060546875,33.23554992675781,31.137466430664062,26.559829711914062,27.894973754882812,-4.57763671875,0.3337860107421875,,,,13.017654418945312,26.464462280273438,13.446807861328125,14.155503687263183,14.359358373283692,,QuantData term-structure
2026-08-17T16:00:00-04:00,2026-08-21,4,540.0,call,0.001837055300742732,38.00392150878906,480.62,fixed_strike,28.514862060546875,33.23554992675781,31.137466430664062,26.559829711914062,27.894973754882812,-4.57763671875,0.3337860107421875,,,,13.017654418945312,26.464462280273438,13.446807861328125,14.155503687263183,14.359358373283692,,QuantData term-structure
2026-08-17T16:00:00-04:00,2026-08-21,4,545.0,call,0.00427930741071966,45.15647888183594,480.62,fixed_strike,28.514862060546875,33.23554992675781,31.137466430664062,26.559829711914062,27.894973754882812,-4.57763671875,0.3337860107421875,,,,13.017654418945312,26.464462280273438,13.446807861328125,14.155503687263183,14.359358373283692,,QuantData term-structure
2026-08-17T16:00:00-04:00,2026-08-21,4,545.0,put,-0.913722452655299,84.73396301269531,480.62,fixed_strike,28.514862060546875,33.23554992675781,31.137466430664062,26.559829711914062,27.894973754882812,-4.57763671875,0.3337860107421875,,,,13.017654418945312,26.464462280273438,13.446807861328125,14.155503687263183,14.359358373283692,,QuantData term-structure
2026-08-17T16:00:00-04:00,2026-08-21,4,550.0,call,0.0028528058213237195,46.11015319824219,480.62,fixed_strike,28.514862060546875,33.23554992675781,31.137466430664062,26.559829711914062,27.894973754882812,-4.57763671875,0.3337860107421875,,,,13.017654418945312,26.464462280273438,13.446807861328125,14.155503687263183,14.359358373283692,,QuantData term-structure
2026-08-17T16:00:00-04:00,2026-08-21,4,550.0,put,-0.941072877018504,80.63316345214844,480.62,fixed_strike,28.514862060546875,33.23554992675781,31.137466430664062,26.559829711914062,27.894973754882812,-4.57763671875,0.3337860107421875,,,,13.017654418945312,26.464462280273438,13.446807861328125,14.155503687263183,14.359358373283692,,QuantData term-structure
2026-08-17T16:00:00-04:00,2026-08-21,4,555.0,call,0.0015211643462509862,46.20552062988281,480.62,fixed_strike,28.514862060546875,33.23554992675781,31.137466430664062,26.559829711914062,27.894973754882812,-4.57763671875,0.3337860107421875,,,,13.017654418945312,26.464462280273438,13.446807861328125,14.155503687263183,14.359358373283692,,QuantData term-structure
2026-08-17T16:00:00-04:00,2026-08-21,4,560.0,call,0.0014401737623046505,48.20823669433594,480.62,fixed_strike,28.514862060546875,33.23554992675781,31.137466430664062,26.559829711914062,27.894973754882812,-4.57763671875,0.3337860107421875,,,,13.017654418945312,26.464462280273438,13.446807861328125,14.155503687263183,14.359358373283692,,QuantData term-structure
2026-08-17T16:00:00-04:00,2026-08-21,4,565.0,call,0.001459760902727287,47.15919494628906,480.62,fixed_strike,28.514862060546875,33.23554992675781,31.137466430664062,26.559829711914062,27.894973754882812,-4.57763671875,0.3337860107421875,,,,13.017654418945312,26.464462280273438,13.446807861328125,14.155503687263183,14.359358373283692,,QuantData term-structure
2026-08-17T16:00:00-04:00,2026-08-21,4,570.0,call,0.002383111123691764,55.83763122558594,480.62,fixed_strike,28.514862060546875,33.23554992675781,31.137466430664062,26.559829711914062,27.894973754882812,-4.57763671875,0.3337860107421875,,,,13.017654418945312,26.464462280273438,13.446807861328125,14.155503687263183,14.359358373283692,,QuantData term-structure
2026-08-17T16:00:00-04:00,2026-08-21,4,575.0,call,0.0013248778506057034,53.07197570800781,480.62,fixed_strike,28.514862060546875,33.23554992675781,31.137466430664062,26.559829711914062,27.894973754882812,-4.57763671875,0.3337860107421875,,,,13.017654418945312,26.464462280273438,13.446807861328125,14.155503687263183,14.359358373283692,,QuantData term-structure
2026-08-17T16:00:00-04:00,2026-08-21,4,580.0,call,0.0012174467373863747,58.69865417480469,480.62,fixed_strike,28.514862060546875,33.23554992675781,31.137466430664062,26.559829711914062,27.894973754882812,-4.57763671875,0.3337860107421875,,,,13.017654418945312,26.464462280273438,13.446807861328125,14.155503687263183,14.359358373283692,,QuantData term-structure
2026-08-17T16:00:00-04:00,2026-08-21,4,585.0,call,0.0012360293824593192,56.12373352050781,480.62,fixed_strike,28.514862060546875,33.23554992675781,31.137466430664062,26.559829711914062,27.894973754882812,-4.57763671875,0.3337860107421875,,,,13.017654418945312,26.464462280273438,13.446807861328125,14.155503687263183,14.359358373283692,,QuantData term-structure
2026-08-17T16:00:00-04:00,2026-08-21,4,590.0,call,0.0020707934983895697,67.18635559082031,480.62,fixed_strike,28.514862060546875,33.23554992675781,31.137466430664062,26.559829711914062,27.894973754882812,-4.57763671875,0.3337860107421875,,,,13.017654418945312,26.464462280273438,13.446807861328125,14.155503687263183,14.359358373283692,,QuantData term-structure
2026-08-17T16:00:00-04:00,2026-08-21,4,595.0,call,0.0011495209415691183,60.51063537597656,480.62,fixed_strike,28.514862060546875,33.23554992675781,31.137466430664062,26.559829711914062,27.894973754882812,-4.57763671875,0.3337860107421875,,,,13.017654418945312,26.464462280273438,13.446807861328125,14.155503687263183,14.359358373283692,,QuantData term-structure
2026-08-17T16:00:00-04:00,2026-08-21,4,600.0,call,0.0010712292996581687,67.75856018066406,480.62,fixed_strike,28.514862060546875,33.23554992675781,31.137466430664062,26.559829711914062,27.894973754882812,-4.57763671875,0.3337860107421875,,,,13.017654418945312,26.464462280273438,13.446807861328125,14.155503687263183,14.359358373283692,,QuantData term-structure
2026-08-17T16:00:00-04:00,2026-08-21,4,605.0,call,0.0026140327630513652,76.43699645996094,480.62,fixed_strike,28.514862060546875,33.23554992675781,31.137466430664062,26.559829711914062,27.894973754882812,-4.57763671875,0.3337860107421875,,,,13.017654418945312,26.464462280273438,13.446807861328125,14.155503687263183,14.359358373283692,,QuantData term-structure
2026-08-17T16:00:00-04:00,2026-08-21,4,615.0,call,0.0017830793543530394,75.67405700683594,480.62,fixed_strike,28.514862060546875,33.23554992675781,31.137466430664062,26.559829711914062,27.894973754882812,-4.57763671875,0.3337860107421875,,,,13.017654418945312,26.464462280273438,13.446807861328125,14.155503687263183,14.359358373283692,,QuantData term-structure
2026-08-17T16:00:00-04:00,2026-08-21,4,620.0,call,0.008326451633201892,92.55409240722656,480.62,fixed_strike,28.514862060546875,33.23554992675781,31.137466430664062,26.559829711914062,27.894973754882812,-4.57763671875,0.3337860107421875,,,,13.017654418945312,26.464462280273438,13.446807861328125,14.155503687263183,14.359358373283692,,QuantData term-structure
2026-08-17T16:00:00-04:00,2026-08-21,4,665.0,call,0.0025626476788155918,101.99546813964844,480.62,fixed_strike,28.514862060546875,33.23554992675781,31.137466430664062,26.559829711914062,27.894973754882812,-4.57763671875,0.3337860107421875,,,,13.017654418945312,26.464462280273438,13.446807861328125,14.155503687263183,14.359358373283692,,QuantData term-structure
2026-08-17T16:00:00-04:00,2026-08-24,7,355.0,call,1.0,0.0476837158203125,480.62,fixed_strike,24.175643920898438,27.608871459960938,24.747848510742188,23.317337036132812,24.747848510742188,-1.430511474609375,-0.1430511474609375,,,,13.017654418945312,26.464462280273438,13.446807861328125,14.155503687263183,10.020140233635255,,QuantData term-structure
2026-08-17T16:00:00-04:00,2026-08-24,7,360.0,call,1.0,0.0476837158203125,480.62,fixed_strike,24.175643920898438,27.608871459960938,24.747848510742188,23.317337036132812,24.747848510742188,-1.430511474609375,-0.1430511474609375,,,,13.017654418945312,26.464462280273438,13.446807861328125,14.155503687263183,10.020140233635255,,QuantData term-structure
2026-08-17T16:00:00-04:00,2026-08-24,7,395.0,put,-0.006954564505778587,57.55424499511719,480.62,fixed_strike,24.175643920898438,27.608871459960938,24.747848510742188,23.317337036132812,24.747848510742188,-1.430511474609375,-0.1430511474609375,,,,13.017654418945312,26.464462280273438,13.446807861328125,14.155503687263183,10.020140233635255,,QuantData term-structure
2026-08-17T16:00:00-04:00,2026-08-24,7,400.0,call,1.0,0.0476837158203125,480.62,fixed_strike,24.175643920898438,27.608871459960938,24.747848510742188,23.317337036132812,24.747848510742188,-1.430511474609375,-0.1430511474609375,,,,13.017654418945312,26.464462280273438,13.446807861328125,14.155503687263183,10.020140233635255,,QuantData term-structure
2026-08-17T16:00:00-04:00,2026-08-24,7,400.0,put,-0.00429661247927853,52.97660827636719,480.62,fixed_strike,24.175643920898438,27.608871459960938,24.747848510742188,23.317337036132812,24.747848510742188,-1.430511474609375,-0.1430511474609375,,,,13.017654418945312,26.464462280273438,13.446807861328125,14.155503687263183,10.020140233635255,,QuantData term-structure
2026-08-17T16:00:00-04:00,2026-08-24,7,405.0,put,-0.002270833236980286,43.43986511230469,480.62,fixed_strike,24.175643920898438,27.608871459960938,24.747848510742188,23.317337036132812,24.747848510742188,-1.430511474609375,-0.1430511474609375,,,,13.017654418945312,26.464462280273438,13.446807861328125,14.155503687263183,10.020140233635255,,QuantData term-structure
2026-08-17T16:00:00-04:00,2026-08-24,7,410.0,put,-0.006815716833335098,46.39625549316406,480.62,fixed_strike,24.175643920898438,27.608871459960938,24.747848510742188,23.317337036132812,24.747848510742188,-1.430511474609375,-0.1430511474609375,,,,13.017654418945312,26.464462280273438,13.446807861328125,14.155503687263183,10.020140233635255,,QuantData term-structure
2026-08-17T16:00:00-04:00,2026-08-24,7,415.0,put,-0.0062560702197593555,42.67692565917969,480.62,fixed_strike,24.175643920898438,27.608871459960938,24.747848510742188,23.317337036132812,24.747848510742188,-1.430511474609375,-0.1430511474609375,,,,13.017654418945312,26.464462280273438,13.446807861328125,14.155503687263183,10.020140233635255,,QuantData term-structure
2026-08-17T16:00:00-04:00,2026-08-24,7,420.0,put,-0.00678147404217069,39.62516784667969,480.62,fixed_strike,24.175643920898438,27.608871459960938,24.747848510742188,23.317337036132812,24.747848510742188,-1.430511474609375,-0.1430511474609375,,,,13.017654418945312,26.464462280273438,13.446807861328125,14.155503687263183,10.020140233635255,,QuantData term-structure
2026-08-17T16:00:00-04:00,2026-08-24,7,425.0,put,-0.009041962856880902,38.29002380371094,480.62,fixed_strike,24.175643920898438,27.608871459960938,24.747848510742188,23.317337036132812,24.747848510742188,-1.430511474609375,-0.1430511474609375,,,,13.017654418945312,26.464462280273438,13.446807861328125,14.155503687263183,10.020140233635255,,QuantData term-structure
2026-08-17T16:00:00-04:00,2026-08-24,7,430.0,call,0.9792749472876969,46.11015319824219,480.62,fixed_strike,24.175643920898438,27.608871459960938,24.747848510742188,23.317337036132812,24.747848510742188,-1.430511474609375,-0.1430511474609375,,,,13.017654418945312,26.464462280273438,13.446807861328125,14.155503687263183,10.020140233635255,,QuantData term-structure
2026-08-17T16:00:00-04:00,2026-08-24,7,430.0,put,-0.013921042761184662,36.47804260253906,480.62,fixed_strike,24.175643920898438,27.608871459960938,24.747848510742188,23.317337036132812,24.747848510742188,-1.430511474609375,-0.1430511474609375,,,,13.017654418945312,26.464462280273438,13.446807861328125,14.155503687263183,10.020140233635255,,QuantData term-structure
2026-08-17T16:00:00-04:00,2026-08-24,7,435.0,put,-0.019160570163031892,35.42900085449219,480.62,fixed_strike,24.175643920898438,27.608871459960938,24.747848510742188,23.317337036132812,24.747848510742188,-1.430511474609375,-0.1430511474609375,,,,13.017654418945312,26.464462280273438,13.446807861328125,14.155503687263183,10.020140233635255,,QuantData term-structure
2026-08-17T16:00:00-04:00,2026-08-24,7,440.0,call,1.0,0.0476837158203125,480.62,fixed_strike,24.175643920898438,27.608871459960938,24.747848510742188,23.317337036132812,24.747848510742188,-1.430511474609375,-0.1430511474609375,,,,13.017654418945312,26.464462280273438,13.446807861328125,14.155503687263183,10.020140233635255,,QuantData term-structure
2026-08-17T16:00:00-04:00,2026-08-24,7,440.0,put,-0.02679352318686336,33.61701965332031,480.62,fixed_strike,24.175643920898438,27.608871459960938,24.747848510742188,23.317337036132812,24.747848510742188,-1.430511474609375,-0.1430511474609375,,,,13.017654418945312,26.464462280273438,13.446807861328125,14.155503687263183,10.020140233635255,,QuantData term-structure
2026-08-17T16:00:00-04:00,2026-08-24,7,445.0,call,1.0,0.0476837158203125,480.62,fixed_strike,24.175643920898438,27.608871459960938,24.747848510742188,23.317337036132812,24.747848510742188,-1.430511474609375,-0.1430511474609375,,,,13.017654418945312,26.464462280273438,13.446807861328125,14.155503687263183,10.020140233635255,,QuantData term-structure
2026-08-17T16:00:00-04:00,2026-08-24,7,445.0,put,-0.03695171713477796,31.805038452148438,480.62,fixed_strike,24.175643920898438,27.608871459960938,24.747848510742188,23.317337036132812,24.747848510742188,-1.430511474609375,-0.1430511474609375,,,,13.017654418945312,26.464462280273438,13.446807861328125,14.155503687263183,10.020140233635255,,QuantData term-structure
2026-08-17T16:00:00-04:00,2026-08-24,7,447.5,put,-0.041295970899354974,29.706954956054688,480.62,fixed_strike,24.175643920898438,27.608871459960938,24.747848510742188,23.317337036132812,24.747848510742188,-1.430511474609375,-0.1430511474609375,,,,13.017654418945312,26.464462280273438,13.446807861328125,14.155503687263183,10.020140233635255,,QuantData term-structure
2026-08-17T16:00:00-04:00,2026-08-24,7,450.0,call,1.0,0.0476837158203125,480.62,fixed_strike,24.175643920898438,27.608871459960938,24.747848510742188,23.317337036132812,24.747848510742188,-1.430511474609375,-0.1430511474609375,,,,13.017654418945312,26.464462280273438,13.446807861328125,14.155503687263183,10.020140233635255,,QuantData term-structure
2026-08-17T16:00:00-04:00,2026-08-24,7,450.0,put,-0.05867485740159384,29.706954956054688,480.62,fixed_strike,24.175643920898438,27.608871459960938,24.747848510742188,23.317337036132812,24.747848510742188,-1.430511474609375,-0.1430511474609375,,,,13.017654418945312,26.464462280273438,13.446807861328125,14.155503687263183,10.020140233635255,,QuantData term-structure
2026-08-17T16:00:00-04:00,2026-08-24,7,452.5,call,0.9947989691110966,16.450881958007812,480.62,fixed_strike,24.175643920898438,27.608871459960938,24.747848510742188,23.317337036132812,24.747848510742188,-1.430511474609375,-0.1430511474609375,,,,13.017654418945312,26.464462280273438,13.446807861328125,14.155503687263183,10.020140233635255,,QuantData term-structure
2026-08-17T16:00:00-04:00,2026-08-24,7,452.5,put,-0.06502253500103639,29.516220092773438,480.62,fixed_strike,24.175643920898438,27.608871459960938,24.747848510742188,23.317337036132812,24.747848510742188,-1.430511474609375,-0.1430511474609375,,,,13.017654418945312,26.464462280273438,13.446807861328125,14.155503687263183,10.020140233635255,,QuantData term-structure
2026-08-17T16:00:00-04:00,2026-08-24,7,455.0,put,-0.0812259865820319,29.134750366210938,480.62,fixed_strike,24.175643920898438,27.608871459960938,24.747848510742188,23.317337036132812,24.747848510742188,-1.430511474609375,-0.1430511474609375,,,,13.017654418945312,26.464462280273438,13.446807861328125,14.155503687263183,10.020140233635255,,QuantData term-structure
2026-08-17T16:00:00-04:00,2026-08-24,7,457.5,call,1.0,0.0476837158203125,480.62,fixed_strike,24.175643920898438,27.608871459960938,24.747848510742188,23.317337036132812,24.747848510742188,-1.430511474609375,-0.1430511474609375,,,,13.017654418945312,26.464462280273438,13.446807861328125,14.155503687263183,10.020140233635255,,QuantData term-structure
2026-08-17T16:00:00-04:00,2026-08-24,7,457.5,put,-0.09475024048244357,27.608871459960938,480.62,fixed_strike,24.175643920898438,27.608871459960938,24.747848510742188,23.317337036132812,24.747848510742188,-1.430511474609375,-0.1430511474609375,,,,13.017654418945312,26.464462280273438,13.446807861328125,14.155503687263183,10.020140233635255,,QuantData term-structure
2026-08-17T16:00:00-04:00,2026-08-24,7,460.0,call,0.8804230563617914,26.178359985351562,480.62,fixed_strike,24.175643920898438,27.608871459960938,24.747848510742188,23.317337036132812,24.747848510742188,-1.430511474609375,-0.1430511474609375,,,,13.017654418945312,26.464462280273438,13.446807861328125,14.155503687263183,10.020140233635255,,QuantData term-structure
2026-08-17T16:00:00-04:00,2026-08-24,7,460.0,put,-0.12252782893706038,27.894973754882812,480.62,fixed_strike,24.175643920898438,27.608871459960938,24.747848510742188,23.317337036132812,24.747848510742188,-1.430511474609375,-0.1430511474609375,,,,13.017654418945312,26.464462280273438,13.446807861328125,14.155503687263183,10.020140233635255,,QuantData term-structure
2026-08-17T16:00:00-04:00,2026-08-24,7,462.5,call,0.9382741544716329,18.453598022460938,480.62,fixed_strike,24.175643920898438,27.608871459960938,24.747848510742188,23.317337036132812,24.747848510742188,-1.430511474609375,-0.1430511474609375,,,,13.017654418945312,26.464462280273438,13.446807861328125,14.155503687263183,10.020140233635255,,QuantData term-structure
2026-08-17T16:00:00-04:00,2026-08-24,7,462.5,put,-0.16153714883046877,27.418136596679688,480.62,fixed_strike,24.175643920898438,27.608871459960938,24.747848510742188,23.317337036132812,24.747848510742188,-1.430511474609375,-0.1430511474609375,,,,13.017654418945312,26.464462280273438,13.446807861328125,14.155503687263183,10.020140233635255,,QuantData term-structure
2026-08-17T16:00:00-04:00,2026-08-24,7,465.0,call,0.8191276367156377,25.987625122070312,480.62,fixed_strike,24.175643920898438,27.608871459960938,24.747848510742188,23.317337036132812,24.747848510742188,-1.430511474609375,-0.1430511474609375,,,,13.017654418945312,26.464462280273438,13.446807861328125,14.155503687263183,10.020140233635255,,QuantData term-structure
2026-08-17T16:00:00-04:00,2026-08-24,7,465.0,put,-0.18195086466477434,27.036666870117188,480.62,fixed_strike,24.175643920898438,27.608871459960938,24.747848510742188,23.317337036132812,24.747848510742188,-1.430511474609375,-0.1430511474609375,,,,13.017654418945312,26.464462280273438,13.446807861328125,14.155503687263183,10.020140233635255,,QuantData term-structure
2026-08-17T16:00:00-04:00,2026-08-24,7,467.5,call,0.7878228556130936,22.554397583007812,480.62,fixed_strike,24.175643920898438,27.608871459960938,24.747848510742188,23.317337036132812,24.747848510742188,-1.430511474609375,-0.1430511474609375,,,,13.017654418945312,26.464462280273438,13.446807861328125,14.155503687263183,10.020140233635255,,QuantData term-structure
2026-08-17T16:00:00-04:00,2026-08-24,7,467.5,put,-0.22229728514225278,27.132034301757812,480.62,fixed_strike,24.175643920898438,27.608871459960938,24.747848510742188,23.317337036132812,24.747848510742188,-1.430511474609375,-0.1430511474609375,,,,13.017654418945312,26.464462280273438,13.446807861328125,14.155503687263183,10.020140233635255,,QuantData term-structure
2026-08-17T16:00:00-04:00,2026-08-24,7,470.0,call,0.748753159817086,23.889541625976562,480.62,fixed_strike,24.175643920898438,27.608871459960938,24.747848510742188,23.317337036132812,24.747848510742188,-1.430511474609375,-0.1430511474609375,,,,13.017654418945312,26.464462280273438,13.446807861328125,14.155503687263183,10.020140233635255,,QuantData term-structure
2026-08-17T16:00:00-04:00,2026-08-24,7,470.0,put,-0.2507130080845327,24.747848510742188,480.62,fixed_strike,24.175643920898438,27.608871459960938,24.747848510742188,23.317337036132812,24.747848510742188,-1.430511474609375,-0.1430511474609375,,,,13.017654418945312,26.464462280273438,13.446807861328125,14.155503687263183,10.020140233635255,,QuantData term-structure
2026-08-17T16:00:00-04:00,2026-08-24,7,472.5,call,0.7095127681859414,23.031234741210938,480.62,fixed_strike,24.175643920898438,27.608871459960938,24.747848510742188,23.317337036132812,24.747848510742188,-1.430511474609375,-0.1430511474609375,,,,13.017654418945312,26.464462280273438,13.446807861328125,14.155503687263183,10.020140233635255,,QuantData term-structure
2026-08-17T16:00:00-04:00,2026-08-24,7,472.5,put,-0.34142775015794047,26.369094848632812,480.62,fixed_strike,24.175643920898438,27.608871459960938,24.747848510742188,23.317337036132812,24.747848510742188,-1.430511474609375,-0.1430511474609375,,,,13.017654418945312,26.464462280273438,13.446807861328125,14.155503687263183,10.020140233635255,,QuantData term-structure
2026-08-17T16:00:00-04:00,2026-08-24,7,475.0,call,0.6459780036762554,22.649765014648438,480.62,fixed_strike,24.175643920898438,27.608871459960938,24.747848510742188,23.317337036132812,24.747848510742188,-1.430511474609375,-0.1430511474609375,,,,13.017654418945312,26.464462280273438,13.446807861328125,14.155503687263183,10.020140233635255,,QuantData term-structure
2026-08-17T16:00:00-04:00,2026-08-24,7,475.0,put,-0.36387303359247447,26.464462280273438,480.62,fixed_strike,24.175643920898438,27.608871459960938,24.747848510742188,23.317337036132812,24.747848510742188,-1.430511474609375,-0.1430511474609375,,,,13.017654418945312,26.464462280273438,13.446807861328125,14.155503687263183,10.020140233635255,,QuantData term-structure
2026-08-17T16:00:00-04:00,2026-08-24,7,477.5,call,0.6049652420975783,22.363662719726562,480.62,fixed_strike,24.175643920898438,27.608871459960938,24.747848510742188,23.317337036132812,24.747848510742188,-1.430511474609375,-0.1430511474609375,,,,13.017654418945312,26.464462280273438,13.446807861328125,14.155503687263183,10.020140233635255,,QuantData term-structure
2026-08-17T16:00:00-04:00,2026-08-24,7,477.5,put,-0.4356773091829185,26.464462280273438,480.62,fixed_strike,24.175643920898438,27.608871459960938,24.747848510742188,23.317337036132812,24.747848510742188,-1.430511474609375,-0.1430511474609375,,,,13.017654418945312,26.464462280273438,13.446807861328125,14.155503687263183,10.020140233635255,,QuantData term-structure
2026-08-17T16:00:00-04:00,2026-08-24,7,480.0,call,0.5339093618777274,22.745132446289062,480.62,fixed_strike,24.175643920898438,27.608871459960938,24.747848510742188,23.317337036132812,24.747848510742188,-1.430511474609375,-0.1430511474609375,,,,13.017654418945312,26.464462280273438,13.446807861328125,14.155503687263183,10.020140233635255,,QuantData term-structure
2026-08-17T16:00:00-04:00,2026-08-24,7,480.0,put,-0.49024943140154753,25.606155395507812,480.62,fixed_strike,24.175643920898438,27.608871459960938,24.747848510742188,23.317337036132812,24.747848510742188,-1.430511474609375,-0.1430511474609375,,,,13.017654418945312,26.464462280273438,13.446807861328125,14.155503687263183,10.020140233635255,,QuantData term-structure
2026-08-17T16:00:00-04:00,2026-08-24,7,482.5,call,0.46982925265082953,22.840499877929688,480.62,fixed_strike,24.175643920898438,27.608871459960938,24.747848510742188,23.317337036132812,24.747848510742188,-1.430511474609375,-0.1430511474609375,,,,13.017654418945312,26.464462280273438,13.446807861328125,14.155503687263183,10.020140233635255,,QuantData term-structure
2026-08-17T16:00:00-04:00,2026-08-24,7,482.5,put,-0.5487326665697441,25.510787963867188,480.62,fixed_strike,24.175643920898438,27.608871459960938,24.747848510742188,23.317337036132812,24.747848510742188,-1.430511474609375,-0.1430511474609375,,,,13.017654418945312,26.464462280273438,13.446807861328125,14.155503687263183,10.020140233635255,,QuantData term-structure
2026-08-17T16:00:00-04:00,2026-08-24,7,485.0,call,0.38911753631479123,23.412704467773438,480.62,fixed_strike,24.175643920898438,27.608871459960938,24.747848510742188,23.317337036132812,24.747848510742188,-1.430511474609375,-0.1430511474609375,,,,13.017654418945312,26.464462280273438,13.446807861328125,14.155503687263183,10.020140233635255,,QuantData term-structure
2026-08-17T16:00:00-04:00,2026-08-24,7,485.0,put,-0.5974869085318448,27.132034301757812,480.62,fixed_strike,24.175643920898438,27.608871459960938,24.747848510742188,23.317337036132812,24.747848510742188,-1.430511474609375,-0.1430511474609375,,,,13.017654418945312,26.464462280273438,13.446807861328125,14.155503687263183,10.020140233635255,,QuantData term-structure
2026-08-17T16:00:00-04:00,2026-08-24,7,487.5,call,0.36587668183088323,22.745132446289062,480.62,fixed_strike,24.175643920898438,27.608871459960938,24.747848510742188,23.317337036132812,24.747848510742188,-1.430511474609375,-0.1430511474609375,,,,13.017654418945312,26.464462280273438,13.446807861328125,14.155503687263183,10.020140233635255,,QuantData term-structure
2026-08-17T16:00:00-04:00,2026-08-24,7,487.5,put,-0.6231777602439339,26.845932006835938,480.62,fixed_strike,24.175643920898438,27.608871459960938,24.747848510742188,23.317337036132812,24.747848510742188,-1.430511474609375,-0.1430511474609375,,,,13.017654418945312,26.464462280273438,13.446807861328125,14.155503687263183,10.020140233635255,,QuantData term-structure
2026-08-17T16:00:00-04:00,2026-08-24,7,490.0,call,0.28943176462290743,23.221969604492188,480.62,fixed_strike,24.175643920898438,27.608871459960938,24.747848510742188,23.317337036132812,24.747848510742188,-1.430511474609375,-0.1430511474609375,,,,13.017654418945312,26.464462280273438,13.446807861328125,14.155503687263183,10.020140233635255,,QuantData term-structure
2026-08-17T16:00:00-04:00,2026-08-24,7,490.0,put,-0.6802722450118216,28.085708618164062,480.62,fixed_strike,24.175643920898438,27.608871459960938,24.747848510742188,23.317337036132812,24.747848510742188,-1.430511474609375,-0.1430511474609375,,,,13.017654418945312,26.464462280273438,13.446807861328125,14.155503687263183,10.020140233635255,,QuantData term-structure
2026-08-17T16:00:00-04:00,2026-08-24,7,492.5,call,0.2178944055587913,23.317337036132812,480.62,fixed_strike,24.175643920898438,27.608871459960938,24.747848510742188,23.317337036132812,24.747848510742188,-1.430511474609375,-0.1430511474609375,,,,13.017654418945312,26.464462280273438,13.446807861328125,14.155503687263183,10.020140233635255,,QuantData term-structure
2026-08-17T16:00:00-04:00,2026-08-24,7,492.5,put,-0.7384377760190564,29.230117797851562,480.62,fixed_strike,24.175643920898438,27.608871459960938,24.747848510742188,23.317337036132812,24.747848510742188,-1.430511474609375,-0.1430511474609375,,,,13.017654418945312,26.464462280273438,13.446807861328125,14.155503687263183,10.020140233635255,,QuantData term-structure
2026-08-17T16:00:00-04:00,2026-08-24,7,495.0,call,0.1789917438613875,23.508071899414062,480.62,fixed_strike,24.175643920898438,27.608871459960938,24.747848510742188,23.317337036132812,24.747848510742188,-1.430511474609375,-0.1430511474609375,,,,13.017654418945312,26.464462280273438,13.446807861328125,14.155503687263183,10.020140233635255,,QuantData term-structure
2026-08-17T16:00:00-04:00,2026-08-24,7,495.0,put,-0.7568564774900339,29.325485229492188,480.62,fixed_strike,24.175643920898438,27.608871459960938,24.747848510742188,23.317337036132812,24.747848510742188,-1.430511474609375,-0.1430511474609375,,,,13.017654418945312,26.464462280273438,13.446807861328125,14.155503687263183,10.020140233635255,,QuantData term-structure
2026-08-17T16:00:00-04:00,2026-08-24,7,497.5,call,0.1680585180920538,23.317337036132812,480.62,fixed_strike,24.175643920898438,27.608871459960938,24.747848510742188,23.317337036132812,24.747848510742188,-1.430511474609375,-0.1430511474609375,,,,13.017654418945312,26.464462280273438,13.446807861328125,14.155503687263183,10.020140233635255,,QuantData term-structure
2026-08-17T16:00:00-04:00,2026-08-24,7,497.5,put,-0.7973442139862795,30.279159545898438,480.62,fixed_strike,24.175643920898438,27.608871459960938,24.747848510742188,23.317337036132812,24.747848510742188,-1.430511474609375,-0.1430511474609375,,,,13.017654418945312,26.464462280273438,13.446807861328125,14.155503687263183,10.020140233635255,,QuantData term-structure
2026-08-17T16:00:00-04:00,2026-08-24,7,500.0,call,0.12436978423318845,23.698806762695312,480.62,fixed_strike,24.175643920898438,27.608871459960938,24.747848510742188,23.317337036132812,24.747848510742188,-1.430511474609375,-0.1430511474609375,,,,13.017654418945312,26.464462280273438,13.446807861328125,14.155503687263183,10.020140233635255,,QuantData term-structure
2026-08-17T16:00:00-04:00,2026-08-24,7,500.0,put,-0.8218405317020205,31.042098999023438,480.62,fixed_strike,24.175643920898438,27.608871459960938,24.747848510742188,23.317337036132812,24.747848510742188,-1.430511474609375,-0.1430511474609375,,,,13.017654418945312,26.464462280273438,13.446807861328125,14.155503687263183,10.020140233635255,,QuantData term-structure
2026-08-17T16:00:00-04:00,2026-08-24,7,502.5,call,0.10622730277034892,24.747848510742188,480.62,fixed_strike,24.175643920898438,27.608871459960938,24.747848510742188,23.317337036132812,24.747848510742188,-1.430511474609375,-0.1430511474609375,,,,13.017654418945312,26.464462280273438,13.446807861328125,14.155503687263183,10.020140233635255,,QuantData term-structure
2026-08-17T16:00:00-04:00,2026-08-24,7,502.5,put,-0.760835734488959,28.657913208007812,480.62,fixed_strike,24.175643920898438,27.608871459960938,24.747848510742188,23.317337036132812,24.747848510742188,-1.430511474609375,-0.1430511474609375,,,,13.017654418945312,26.464462280273438,13.446807861328125,14.155503687263183,10.020140233635255,,QuantData term-structure
2026-08-17T16:00:00-04:00,2026-08-24,7,505.0,call,0.07308591396698494,23.794174194335938,480.62,fixed_strike,24.175643920898438,27.608871459960938,24.747848510742188,23.317337036132812,24.747848510742188,-1.430511474609375,-0.1430511474609375,,,,13.017654418945312,26.464462280273438,13.446807861328125,14.155503687263183,10.020140233635255,,QuantData term-structure
2026-08-17T16:00:00-04:00,2026-08-24,7,505.0,put,-0.861450878682736,29.134750366210938,480.62,fixed_strike,24.175643920898438,27.608871459960938,24.747848510742188,23.317337036132812,24.747848510742188,-1.430511474609375,-0.1430511474609375,,,,13.017654418945312,26.464462280273438,13.446807861328125,14.155503687263183,10.020140233635255,,QuantData term-structure
2026-08-17T16:00:00-04:00,2026-08-24,7,507.5,call,0.059814944236187384,24.557113647460938,480.62,fixed_strike,24.175643920898438,27.608871459960938,24.747848510742188,23.317337036132812,24.747848510742188,-1.430511474609375,-0.1430511474609375,,,,13.017654418945312,26.464462280273438,13.446807861328125,14.155503687263183,10.020140233635255,,QuantData term-structure
2026-08-17T16:00:00-04:00,2026-08-24,7,510.0,call,0.047780908465329675,24.843215942382812,480.62,fixed_strike,24.175643920898438,27.608871459960938,24.747848510742188,23.317337036132812,24.747848510742188,-1.430511474609375,-0.1430511474609375,,,,13.017654418945312,26.464462280273438,13.446807861328125,14.155503687263183,10.020140233635255,,QuantData term-structure
2026-08-17T16:00:00-04:00,2026-08-24,7,510.0,put,-0.8646601742048652,35.04753112792969,480.62,fixed_strike,24.175643920898438,27.608871459960938,24.747848510742188,23.317337036132812,24.747848510742188,-1.430511474609375,-0.1430511474609375,,,,13.017654418945312,26.464462280273438,13.446807861328125,14.155503687263183,10.020140233635255,,QuantData term-structure
2026-08-17T16:00:00-04:00,2026-08-24,7,512.5,call,0.033497963352877504,25.415420532226562,480.62,fixed_strike,24.175643920898438,27.608871459960938,24.747848510742188,23.317337036132812,24.747848510742188,-1.430511474609375,-0.1430511474609375,,,,13.017654418945312,26.464462280273438,13.446807861328125,14.155503687263183,10.020140233635255,,QuantData term-structure
2026-08-17T16:00:00-04:00,2026-08-24,7,512.5,put,-0.8429372639123819,37.81318664550781,480.62,fixed_strike,24.175643920898438,27.608871459960938,24.747848510742188,23.317337036132812,24.747848510742188,-1.430511474609375,-0.1430511474609375,,,,13.017654418945312,26.464462280273438,13.446807861328125,14.155503687263183,10.020140233635255,,QuantData term-structure
2026-08-17T16:00:00-04:00,2026-08-24,7,515.0,call,0.027987074212952993,26.273727416992188,480.62,fixed_strike,24.175643920898438,27.608871459960938,24.747848510742188,23.317337036132812,24.747848510742188,-1.430511474609375,-0.1430511474609375,,,,13.017654418945312,26.464462280273438,13.446807861328125,14.155503687263183,10.020140233635255,,QuantData term-structure
2026-08-17T16:00:00-04:00,2026-08-24,7,515.0,put,-0.8666257746398062,37.52708435058594,480.62,fixed_strike,24.175643920898438,27.608871459960938,24.747848510742188,23.317337036132812,24.747848510742188,-1.430511474609375,-0.1430511474609375,,,,13.017654418945312,26.464462280273438,13.446807861328125,14.155503687263183,10.020140233635255,,QuantData term-structure
2026-08-17T16:00:00-04:00,2026-08-24,7,517.5,call,0.027566088725812725,26.178359985351562,480.62,fixed_strike,24.175643920898438,27.608871459960938,24.747848510742188,23.317337036132812,24.747848510742188,-1.430511474609375,-0.1430511474609375,,,,13.017654418945312,26.464462280273438,13.446807861328125,14.155503687263183,10.020140233635255,,QuantData term-structure
2026-08-17T16:00:00-04:00,2026-08-24,7,517.5,put,-0.875593950594767,39.05296325683594,480.62,fixed_strike,24.175643920898438,27.608871459960938,24.747848510742188,23.317337036132812,24.747848510742188,-1.430511474609375,-0.1430511474609375,,,,13.017654418945312,26.464462280273438,13.446807861328125,14.155503687263183,10.020140233635255,,QuantData term-structure
2026-08-17T16:00:00-04:00,2026-08-24,7,520.0,call,0.019601777032574486,27.227401733398438,480.62,fixed_strike,24.175643920898438,27.608871459960938,24.747848510742188,23.317337036132812,24.747848510742188,-1.430511474609375,-0.1430511474609375,,,,13.017654418945312,26.464462280273438,13.446807861328125,14.155503687263183,10.020140233635255,,QuantData term-structure
2026-08-17T16:00:00-04:00,2026-08-24,7,522.5,call,0.019380583226404277,24.938583374023438,480.62,fixed_strike,24.175643920898438,27.608871459960938,24.747848510742188,23.317337036132812,24.747848510742188,-1.430511474609375,-0.1430511474609375,,,,13.017654418945312,26.464462280273438,13.446807861328125,14.155503687263183,10.020140233635255,,QuantData term-structure
2026-08-17T16:00:00-04:00,2026-08-24,7,525.0,call,0.013838327536079284,27.608871459960938,480.62,fixed_strike,24.175643920898438,27.608871459960938,24.747848510742188,23.317337036132812,24.747848510742188,-1.430511474609375,-0.1430511474609375,,,,13.017654418945312,26.464462280273438,13.446807861328125,14.155503687263183,10.020140233635255,,QuantData term-structure
2026-08-17T16:00:00-04:00,2026-08-24,7,527.5,call,0.015469903969932954,27.132034301757812,480.62,fixed_strike,24.175643920898438,27.608871459960938,24.747848510742188,23.317337036132812,24.747848510742188,-1.430511474609375,-0.1430511474609375,,,,13.017654418945312,26.464462280273438,13.446807861328125,14.155503687263183,10.020140233635255,,QuantData term-structure
2026-08-17T16:00:00-04:00,2026-08-24,7,530.0,call,0.007943896746965906,29.230117797851562,480.62,fixed_strike,24.175643920898438,27.608871459960938,24.747848510742188,23.317337036132812,24.747848510742188,-1.430511474609375,-0.1430511474609375,,,,13.017654418945312,26.464462280273438,13.446807861328125,14.155503687263183,10.020140233635255,,QuantData term-structure
2026-08-17T16:00:00-04:00,2026-08-24,7,532.5,call,0.013000754062920455,32.94944763183594,480.62,fixed_strike,24.175643920898438,27.608871459960938,24.747848510742188,23.317337036132812,24.747848510742188,-1.430511474609375,-0.1430511474609375,,,,13.017654418945312,26.464462280273438,13.446807861328125,14.155503687263183,10.020140233635255,,QuantData term-structure
2026-08-17T16:00:00-04:00,2026-08-24,7,535.0,call,0.004942971963342947,29.420852661132812,480.62,fixed_strike,24.175643920898438,27.608871459960938,24.747848510742188,23.317337036132812,24.747848510742188,-1.430511474609375,-0.1430511474609375,,,,13.017654418945312,26.464462280273438,13.446807861328125,14.155503687263183,10.020140233635255,,QuantData term-structure
2026-08-17T16:00:00-04:00,2026-08-24,7,540.0,call,0.007173881872622277,30.851364135742188,480.62,fixed_strike,24.175643920898438,27.608871459960938,24.747848510742188,23.317337036132812,24.747848510742188,-1.430511474609375,-0.1430511474609375,,,,13.017654418945312,26.464462280273438,13.446807861328125,14.155503687263183,10.020140233635255,,QuantData term-structure
2026-08-17T16:00:00-04:00,2026-08-24,7,545.0,call,0.005432157240771543,35.52436828613281,480.62,fixed_strike,24.175643920898438,27.608871459960938,24.747848510742188,23.317337036132812,24.747848510742188,-1.430511474609375,-0.1430511474609375,,,,13.017654418945312,26.464462280273438,13.446807861328125,14.155503687263183,10.020140233635255,,QuantData term-structure
2026-08-17T16:00:00-04:00,2026-08-24,7,547.5,call,0.0017712519784304492,29.039382934570312,480.62,fixed_strike,24.175643920898438,27.608871459960938,24.747848510742188,23.317337036132812,24.747848510742188,-1.430511474609375,-0.1430511474609375,,,,13.017654418945312,26.464462280273438,13.446807861328125,14.155503687263183,10.020140233635255,,QuantData term-structure
2026-08-17T16:00:00-04:00,2026-08-24,7,550.0,call,0.004140056510744561,34.09385681152344,480.62,fixed_strike,24.175643920898438,27.608871459960938,24.747848510742188,23.317337036132812,24.747848510742188,-1.430511474609375,-0.1430511474609375,,,,13.017654418945312,26.464462280273438,13.446807861328125,14.155503687263183,10.020140233635255,,QuantData term-structure
2026-08-17T16:00:00-04:00,2026-08-24,7,552.5,call,0.006251536636966215,37.62245178222656,480.62,fixed_strike,24.175643920898438,27.608871459960938,24.747848510742188,23.317337036132812,24.747848510742188,-1.430511474609375,-0.1430511474609375,,,,13.017654418945312,26.464462280273438,13.446807861328125,14.155503687263183,10.020140233635255,,QuantData term-structure
2026-08-17T16:00:00-04:00,2026-08-26,9,380.0,put,-0.0009595798512597913,49.25727844238281,480.62,fixed_strike,26.082992553710938,30.660629272460938,28.085708618164062,24.843215942382812,26.464462280273438,-3.24249267578125,0.3814697265625,,,,13.017654418945312,26.464462280273438,13.446807861328125,14.155503687263183,11.927488866447755,,QuantData term-structure
2026-08-17T16:00:00-04:00,2026-08-26,9,385.0,call,1.0,0.0476837158203125,480.62,fixed_strike,26.082992553710938,30.660629272460938,28.085708618164062,24.843215942382812,26.464462280273438,-3.24249267578125,0.3814697265625,,,,13.017654418945312,26.464462280273438,13.446807861328125,14.155503687263183,11.927488866447755,,QuantData term-structure
2026-08-17T16:00:00-04:00,2026-08-26,9,385.0,put,-0.0032322403629072433,52.02293395996094,480.62,fixed_strike,26.082992553710938,30.660629272460938,28.085708618164062,24.843215942382812,26.464462280273438,-3.24249267578125,0.3814697265625,,,,13.017654418945312,26.464462280273438,13.446807861328125,14.155503687263183,11.927488866447755,,QuantData term-structure
2026-08-17T16:00:00-04:00,2026-08-26,9,395.0,call,1.0,0.0476837158203125,480.62,fixed_strike,26.082992553710938,30.660629272460938,28.085708618164062,24.843215942382812,26.464462280273438,-3.24249267578125,0.3814697265625,,,,13.017654418945312,26.464462280273438,13.446807861328125,14.155503687263183,11.927488866447755,,QuantData term-structure
2026-08-17T16:00:00-04:00,2026-08-26,9,395.0,put,-0.00358905683211348,46.30088806152344,480.62,fixed_strike,26.082992553710938,30.660629272460938,28.085708618164062,24.843215942382812,26.464462280273438,-3.24249267578125,0.3814697265625,,,,13.017654418945312,26.464462280273438,13.446807861328125,14.155503687263183,11.927488866447755,,QuantData term-structure
2026-08-17T16:00:00-04:00,2026-08-26,9,400.0,put,-0.004518925081120253,45.15647888183594,480.62,fixed_strike,26.082992553710938,30.660629272460938,28.085708618164062,24.843215942382812,26.464462280273438,-3.24249267578125,0.3814697265625,,,,13.017654418945312,26.464462280273438,13.446807861328125,14.155503687263183,11.927488866447755,,QuantData term-structure
2026-08-17T16:00:00-04:00,2026-08-26,9,405.0,put,-0.005376366228140222,44.58427429199219,480.62,fixed_strike,26.082992553710938,30.660629272460938,28.085708618164062,24.843215942382812,26.464462280273438,-3.24249267578125,0.3814697265625,,,,13.017654418945312,26.464462280273438,13.446807861328125,14.155503687263183,11.927488866447755,,QuantData term-structure
2026-08-17T16:00:00-04:00,2026-08-26,9,410.0,put,-0.013554646983493342,47.63603210449219,480.62,fixed_strike,26.082992553710938,30.660629272460938,28.085708618164062,24.843215942382812,26.464462280273438,-3.24249267578125,0.3814697265625,,,,13.017654418945312,26.464462280273438,13.446807861328125,14.155503687263183,11.927488866447755,,QuantData term-structure
2026-08-17T16:00:00-04:00,2026-08-26,9,415.0,put,-0.015267136938640907,44.87037658691406,480.62,fixed_strike,26.082992553710938,30.660629272460938,28.085708618164062,24.843215942382812,26.464462280273438,-3.24249267578125,0.3814697265625,,,,13.017654418945312,26.464462280273438,13.446807861328125,14.155503687263183,11.927488866447755,,QuantData term-structure
2026-08-17T16:00:00-04:00,2026-08-26,9,420.0,put,-0.009906886544330851,38.19465637207031,480.62,fixed_strike,26.082992553710938,30.660629272460938,28.085708618164062,24.843215942382812,26.464462280273438,-3.24249267578125,0.3814697265625,,,,13.017654418945312,26.464462280273438,13.446807861328125,14.155503687263183,11.927488866447755,,QuantData term-structure
2026-08-17T16:00:00-04:00,2026-08-26,9,425.0,put,-0.019674222668568813,38.19465637207031,480.62,fixed_strike,26.082992553710938,30.660629272460938,28.085708618164062,24.843215942382812,26.464462280273438,-3.24249267578125,0.3814697265625,,,,13.017654418945312,26.464462280273438,13.446807861328125,14.155503687263183,11.927488866447755,,QuantData term-structure
2026-08-17T16:00:00-04:00,2026-08-26,9,430.0,put,-0.022943132658656138,36.28730773925781,480.62,fixed_strike,26.082992553710938,30.660629272460938,28.085708618164062,24.843215942382812,26.464462280273438,-3.24249267578125,0.3814697265625,,,,13.017654418945312,26.464462280273438,13.446807861328125,14.155503687263183,11.927488866447755,,QuantData term-structure
2026-08-17T16:00:00-04:00,2026-08-26,9,435.0,call,0.9897281670652631,27.227401733398438,480.62,fixed_strike,26.082992553710938,30.660629272460938,28.085708618164062,24.843215942382812,26.464462280273438,-3.24249267578125,0.3814697265625,,,,13.017654418945312,26.464462280273438,13.446807861328125,14.155503687263183,11.927488866447755,,QuantData term-structure
2026-08-17T16:00:00-04:00,2026-08-26,9,435.0,put,-0.030940129446569587,33.90312194824219,480.62,fixed_strike,26.082992553710938,30.660629272460938,28.085708618164062,24.843215942382812,26.464462280273438,-3.24249267578125,0.3814697265625,,,,13.017654418945312,26.464462280273438,13.446807861328125,14.155503687263183,11.927488866447755,,QuantData term-structure
2026-08-17T16:00:00-04:00,2026-08-26,9,440.0,call,0.9755623502631781,28.276443481445312,480.62,fixed_strike,26.082992553710938,30.660629272460938,28.085708618164062,24.843215942382812,26.464462280273438,-3.24249267578125,0.3814697265625,,,,13.017654418945312,26.464462280273438,13.446807861328125,14.155503687263183,11.927488866447755,,QuantData term-structure
2026-08-17T16:00:00-04:00,2026-08-26,9,440.0,put,-0.041838314191847525,33.14018249511719,480.62,fixed_strike,26.082992553710938,30.660629272460938,28.085708618164062,24.843215942382812,26.464462280273438,-3.24249267578125,0.3814697265625,,,,13.017654418945312,26.464462280273438,13.446807861328125,14.155503687263183,11.927488866447755,,QuantData term-structure
2026-08-17T16:00:00-04:00,2026-08-26,9,445.0,call,0.9460058924550618,30.088424682617188,480.62,fixed_strike,26.082992553710938,30.660629272460938,28.085708618164062,24.843215942382812,26.464462280273438,-3.24249267578125,0.3814697265625,,,,13.017654418945312,26.464462280273438,13.446807861328125,14.155503687263183,11.927488866447755,,QuantData term-structure
2026-08-17T16:00:00-04:00,2026-08-26,9,445.0,put,-0.059440459441537474,32.09114074707031,480.62,fixed_strike,26.082992553710938,30.660629272460938,28.085708618164062,24.843215942382812,26.464462280273438,-3.24249267578125,0.3814697265625,,,,13.017654418945312,26.464462280273438,13.446807861328125,14.155503687263183,11.927488866447755,,QuantData term-structure
2026-08-17T16:00:00-04:00,2026-08-26,9,450.0,call,0.920265300611089,29.230117797851562,480.62,fixed_strike,26.082992553710938,30.660629272460938,28.085708618164062,24.843215942382812,26.464462280273438,-3.24249267578125,0.3814697265625,,,,13.017654418945312,26.464462280273438,13.446807861328125,14.155503687263183,11.927488866447755,,QuantData term-structure
2026-08-17T16:00:00-04:00,2026-08-26,9,450.0,put,-0.08218246516400451,30.660629272460938,480.62,fixed_strike,26.082992553710938,30.660629272460938,28.085708618164062,24.843215942382812,26.464462280273438,-3.24249267578125,0.3814697265625,,,,13.017654418945312,26.464462280273438,13.446807861328125,14.155503687263183,11.927488866447755,,QuantData term-structure
2026-08-17T16:00:00-04:00,2026-08-26,9,455.0,put,-0.12159123452251402,29.516220092773438,480.62,fixed_strike,26.082992553710938,30.660629272460938,28.085708618164062,24.843215942382812,26.464462280273438,-3.24249267578125,0.3814697265625,,,,13.017654418945312,26.464462280273438,13.446807861328125,14.155503687263183,11.927488866447755,,QuantData term-structure
2026-08-17T16:00:00-04:00,2026-08-26,9,460.0,call,0.8784250620190965,23.317337036132812,480.62,fixed_strike,26.082992553710938,30.660629272460938,28.085708618164062,24.843215942382812,26.464462280273438,-3.24249267578125,0.3814697265625,,,,13.017654418945312,26.464462280273438,13.446807861328125,14.155503687263183,11.927488866447755,,QuantData term-structure
2026-08-17T16:00:00-04:00,2026-08-26,9,460.0,put,-0.15947349847779985,28.848648071289062,480.62,fixed_strike,26.082992553710938,30.660629272460938,28.085708618164062,24.843215942382812,26.464462280273438,-3.24249267578125,0.3814697265625,,,,13.017654418945312,26.464462280273438,13.446807861328125,14.155503687263183,11.927488866447755,,QuantData term-structure
2026-08-17T16:00:00-04:00,2026-08-26,9,465.0,put,-0.21762619008069106,28.181076049804688,480.62,fixed_strike,26.082992553710938,30.660629272460938,28.085708618164062,24.843215942382812,26.464462280273438,-3.24249267578125,0.3814697265625,,,,13.017654418945312,26.464462280273438,13.446807861328125,14.155503687263183,11.927488866447755,,QuantData term-structure
2026-08-17T16:00:00-04:00,2026-08-26,9,467.5,put,-0.2645947562361542,28.085708618164062,480.62,fixed_strike,26.082992553710938,30.660629272460938,28.085708618164062,24.843215942382812,26.464462280273438,-3.24249267578125,0.3814697265625,,,,13.017654418945312,26.464462280273438,13.446807861328125,14.155503687263183,11.927488866447755,,QuantData term-structure
2026-08-17T16:00:00-04:00,2026-08-26,9,470.0,call,0.7190598279190202,23.221969604492188,480.62,fixed_strike,26.082992553710938,30.660629272460938,28.085708618164062,24.843215942382812,26.464462280273438,-3.24249267578125,0.3814697265625,,,,13.017654418945312,26.464462280273438,13.446807861328125,14.155503687263183,11.927488866447755,,QuantData term-structure
2026-08-17T16:00:00-04:00,2026-08-26,9,470.0,put,-0.28589759281062643,29.516220092773438,480.62,fixed_strike,26.082992553710938,30.660629272460938,28.085708618164062,24.843215942382812,26.464462280273438,-3.24249267578125,0.3814697265625,,,,13.017654418945312,26.464462280273438,13.446807861328125,14.155503687263183,11.927488866447755,,QuantData term-structure
2026-08-17T16:00:00-04:00,2026-08-26,9,472.5,call,0.762516747428531,23.317337036132812,480.62,fixed_strike,26.082992553710938,30.660629272460938,28.085708618164062,24.843215942382812,26.464462280273438,-3.24249267578125,0.3814697265625,,,,13.017654418945312,26.464462280273438,13.446807861328125,14.155503687263183,11.927488866447755,,QuantData term-structure
2026-08-17T16:00:00-04:00,2026-08-26,9,472.5,put,-0.3490711220022739,30.469894409179688,480.62,fixed_strike,26.082992553710938,30.660629272460938,28.085708618164062,24.843215942382812,26.464462280273438,-3.24249267578125,0.3814697265625,,,,13.017654418945312,26.464462280273438,13.446807861328125,14.155503687263183,11.927488866447755,,QuantData term-structure
2026-08-17T16:00:00-04:00,2026-08-26,9,475.0,call,0.6344066071937375,24.080276489257812,480.62,fixed_strike,26.082992553710938,30.660629272460938,28.085708618164062,24.843215942382812,26.464462280273438,-3.24249267578125,0.3814697265625,,,,13.017654418945312,26.464462280273438,13.446807861328125,14.155503687263183,11.927488866447755,,QuantData term-structure
2026-08-17T16:00:00-04:00,2026-08-26,9,475.0,put,-0.38778975140661426,29.516220092773438,480.62,fixed_strike,26.082992553710938,30.660629272460938,28.085708618164062,24.843215942382812,26.464462280273438,-3.24249267578125,0.3814697265625,,,,13.017654418945312,26.464462280273438,13.446807861328125,14.155503687263183,11.927488866447755,,QuantData term-structure
2026-08-17T16:00:00-04:00,2026-08-26,9,477.5,call,0.5708898560928306,24.747848510742188,480.62,fixed_strike,26.082992553710938,30.660629272460938,28.085708618164062,24.843215942382812,26.464462280273438,-3.24249267578125,0.3814697265625,,,,13.017654418945312,26.464462280273438,13.446807861328125,14.155503687263183,11.927488866447755,,QuantData term-structure
2026-08-17T16:00:00-04:00,2026-08-26,9,477.5,put,-0.4226209617784466,26.369094848632812,480.62,fixed_strike,26.082992553710938,30.660629272460938,28.085708618164062,24.843215942382812,26.464462280273438,-3.24249267578125,0.3814697265625,,,,13.017654418945312,26.464462280273438,13.446807861328125,14.155503687263183,11.927488866447755,,QuantData term-structure
2026-08-17T16:00:00-04:00,2026-08-26,9,480.0,call,0.5354700857803097,24.271011352539062,480.62,fixed_strike,26.082992553710938,30.660629272460938,28.085708618164062,24.843215942382812,26.464462280273438,-3.24249267578125,0.3814697265625,,,,13.017654418945312,26.464462280273438,13.446807861328125,14.155503687263183,11.927488866447755,,QuantData term-structure
2026-08-17T16:00:00-04:00,2026-08-26,9,480.0,put,-0.47396268144125686,27.894973754882812,480.62,fixed_strike,26.082992553710938,30.660629272460938,28.085708618164062,24.843215942382812,26.464462280273438,-3.24249267578125,0.3814697265625,,,,13.017654418945312,26.464462280273438,13.446807861328125,14.155503687263183,11.927488866447755,,QuantData term-structure
2026-08-17T16:00:00-04:00,2026-08-26,9,482.5,call,0.49688888298280914,24.652481079101562,480.62,fixed_strike,26.082992553710938,30.660629272460938,28.085708618164062,24.843215942382812,26.464462280273438,-3.24249267578125,0.3814697265625,,,,13.017654418945312,26.464462280273438,13.446807861328125,14.155503687263183,11.927488866447755,,QuantData term-structure
2026-08-17T16:00:00-04:00,2026-08-26,9,482.5,put,-0.5248770518019159,28.181076049804688,480.62,fixed_strike,26.082992553710938,30.660629272460938,28.085708618164062,24.843215942382812,26.464462280273438,-3.24249267578125,0.3814697265625,,,,13.017654418945312,26.464462280273438,13.446807861328125,14.155503687263183,11.927488866447755,,QuantData term-structure
2026-08-17T16:00:00-04:00,2026-08-26,9,485.0,call,0.4261612404971875,25.701522827148438,480.62,fixed_strike,26.082992553710938,30.660629272460938,28.085708618164062,24.843215942382812,26.464462280273438,-3.24249267578125,0.3814697265625,,,,13.017654418945312,26.464462280273438,13.446807861328125,14.155503687263183,11.927488866447755,,QuantData term-structure
2026-08-17T16:00:00-04:00,2026-08-26,9,485.0,put,-0.5832897767762049,29.039382934570312,480.62,fixed_strike,26.082992553710938,30.660629272460938,28.085708618164062,24.843215942382812,26.464462280273438,-3.24249267578125,0.3814697265625,,,,13.017654418945312,26.464462280273438,13.446807861328125,14.155503687263183,11.927488866447755,,QuantData term-structure
2026-08-17T16:00:00-04:00,2026-08-26,9,487.5,call,0.3741725953435962,24.461746215820312,480.62,fixed_strike,26.082992553710938,30.660629272460938,28.085708618164062,24.843215942382812,26.464462280273438,-3.24249267578125,0.3814697265625,,,,13.017654418945312,26.464462280273438,13.446807861328125,14.155503687263183,11.927488866447755,,QuantData term-structure
2026-08-17T16:00:00-04:00,2026-08-26,9,487.5,put,-0.5303762994022614,27.132034301757812,480.62,fixed_strike,26.082992553710938,30.660629272460938,28.085708618164062,24.843215942382812,26.464462280273438,-3.24249267578125,0.3814697265625,,,,13.017654418945312,26.464462280273438,13.446807861328125,14.155503687263183,11.927488866447755,,QuantData term-structure
2026-08-17T16:00:00-04:00,2026-08-26,9,490.0,call,0.3254149098772434,25.415420532226562,480.62,fixed_strike,26.082992553710938,30.660629272460938,28.085708618164062,24.843215942382812,26.464462280273438,-3.24249267578125,0.3814697265625,,,,13.017654418945312,26.464462280273438,13.446807861328125,14.155503687263183,11.927488866447755,,QuantData term-structure
2026-08-17T16:00:00-04:00,2026-08-26,9,490.0,put,-0.6459079972520262,28.753280639648438,480.62,fixed_strike,26.082992553710938,30.660629272460938,28.085708618164062,24.843215942382812,26.464462280273438,-3.24249267578125,0.3814697265625,,,,13.017654418945312,26.464462280273438,13.446807861328125,14.155503687263183,11.927488866447755,,QuantData term-structure
2026-08-17T16:00:00-04:00,2026-08-26,9,492.5,call,0.26844236083822826,24.843215942382812,480.62,fixed_strike,26.082992553710938,30.660629272460938,28.085708618164062,24.843215942382812,26.464462280273438,-3.24249267578125,0.3814697265625,,,,13.017654418945312,26.464462280273438,13.446807861328125,14.155503687263183,11.927488866447755,,QuantData term-structure
2026-08-17T16:00:00-04:00,2026-08-26,9,492.5,put,-0.6335626599541373,27.322769165039062,480.62,fixed_strike,26.082992553710938,30.660629272460938,28.085708618164062,24.843215942382812,26.464462280273438,-3.24249267578125,0.3814697265625,,,,13.017654418945312,26.464462280273438,13.446807861328125,14.155503687263183,11.927488866447755,,QuantData term-structure
2026-08-17T16:00:00-04:00,2026-08-26,9,495.0,call,0.2232899962205233,22.172927856445312,480.62,fixed_strike,26.082992553710938,30.660629272460938,28.085708618164062,24.843215942382812,26.464462280273438,-3.24249267578125,0.3814697265625,,,,13.017654418945312,26.464462280273438,13.446807861328125,14.155503687263183,11.927488866447755,,QuantData term-structure
2026-08-17T16:00:00-04:00,2026-08-26,9,495.0,put,-0.7269205545260753,30.660629272460938,480.62,fixed_strike,26.082992553710938,30.660629272460938,28.085708618164062,24.843215942382812,26.464462280273438,-3.24249267578125,0.3814697265625,,,,13.017654418945312,26.464462280273438,13.446807861328125,14.155503687263183,11.927488866447755,,QuantData term-structure
2026-08-17T16:00:00-04:00,2026-08-26,9,497.5,call,0.19366095785149434,25.224685668945312,480.62,fixed_strike,26.082992553710938,30.660629272460938,28.085708618164062,24.843215942382812,26.464462280273438,-3.24249267578125,0.3814697265625,,,,13.017654418945312,26.464462280273438,13.446807861328125,14.155503687263183,11.927488866447755,,QuantData term-structure
2026-08-17T16:00:00-04:00,2026-08-26,9,497.5,put,-0.7528073537790685,31.042098999023438,480.62,fixed_strike,26.082992553710938,30.660629272460938,28.085708618164062,24.843215942382812,26.464462280273438,-3.24249267578125,0.3814697265625,,,,13.017654418945312,26.464462280273438,13.446807861328125,14.155503687263183,11.927488866447755,,QuantData term-structure
2026-08-17T16:00:00-04:00,2026-08-26,9,500.0,call,0.17477833796058656,25.510787963867188,480.62,fixed_strike,26.082992553710938,30.660629272460938,28.085708618164062,24.843215942382812,26.464462280273438,-3.24249267578125,0.3814697265625,,,,13.017654418945312,26.464462280273438,13.446807861328125,14.155503687263183,11.927488866447755,,QuantData term-structure
2026-08-17T16:00:00-04:00,2026-08-26,9,500.0,put,-0.7618926250269951,32.94944763183594,480.62,fixed_strike,26.082992553710938,30.660629272460938,28.085708618164062,24.843215942382812,26.464462280273438,-3.24249267578125,0.3814697265625,,,,13.017654418945312,26.464462280273438,13.446807861328125,14.155503687263183,11.927488866447755,,QuantData term-structure
2026-08-17T16:00:00-04:00,2026-08-26,9,502.5,call,0.14204630603604435,25.510787963867188,480.62,fixed_strike,26.082992553710938,30.660629272460938,28.085708618164062,24.843215942382812,26.464462280273438,-3.24249267578125,0.3814697265625,,,,13.017654418945312,26.464462280273438,13.446807861328125,14.155503687263183,11.927488866447755,,QuantData term-structure
2026-08-17T16:00:00-04:00,2026-08-26,9,505.0,call,0.11606732802800945,25.415420532226562,480.62,fixed_strike,26.082992553710938,30.660629272460938,28.085708618164062,24.843215942382812,26.464462280273438,-3.24249267578125,0.3814697265625,,,,13.017654418945312,26.464462280273438,13.446807861328125,14.155503687263183,11.927488866447755,,QuantData term-structure
2026-08-17T16:00:00-04:00,2026-08-26,9,505.0,put,-0.8165290668501388,34.37995910644531,480.62,fixed_strike,26.082992553710938,30.660629272460938,28.085708618164062,24.843215942382812,26.464462280273438,-3.24249267578125,0.3814697265625,,,,13.017654418945312,26.464462280273438,13.446807861328125,14.155503687263183,11.927488866447755,,QuantData term-structure
2026-08-17T16:00:00-04:00,2026-08-26,9,507.5,call,0.09780286367284202,26.464462280273438,480.62,fixed_strike,26.082992553710938,30.660629272460938,28.085708618164062,24.843215942382812,26.464462280273438,-3.24249267578125,0.3814697265625,,,,13.017654418945312,26.464462280273438,13.446807861328125,14.155503687263183,11.927488866447755,,QuantData term-structure
2026-08-17T16:00:00-04:00,2026-08-26,9,510.0,call,0.07543439478124037,25.701522827148438,480.62,fixed_strike,26.082992553710938,30.660629272460938,28.085708618164062,24.843215942382812,26.464462280273438,-3.24249267578125,0.3814697265625,,,,13.017654418945312,26.464462280273438,13.446807861328125,14.155503687263183,11.927488866447755,,QuantData term-structure
2026-08-17T16:00:00-04:00,2026-08-26,9,510.0,put,-0.8460745607817398,30.660629272460938,480.62,fixed_strike,26.082992553710938,30.660629272460938,28.085708618164062,24.843215942382812,26.464462280273438,-3.24249267578125,0.3814697265625,,,,13.017654418945312,26.464462280273438,13.446807861328125,14.155503687263183,11.927488866447755,,QuantData term-structure
2026-08-17T16:00:00-04:00,2026-08-26,9,512.5,call,0.06339744507573197,26.178359985351562,480.62,fixed_strike,26.082992553710938,30.660629272460938,28.085708618164062,24.843215942382812,26.464462280273438,-3.24249267578125,0.3814697265625,,,,13.017654418945312,26.464462280273438,13.446807861328125,14.155503687263183,11.927488866447755,,QuantData term-structure
2026-08-17T16:00:00-04:00,2026-08-26,9,512.5,put,-0.8610374340378664,31.518936157226562,480.62,fixed_strike,26.082992553710938,30.660629272460938,28.085708618164062,24.843215942382812,26.464462280273438,-3.24249267578125,0.3814697265625,,,,13.017654418945312,26.464462280273438,13.446807861328125,14.155503687263183,11.927488866447755,,QuantData term-structure
2026-08-17T16:00:00-04:00,2026-08-26,9,515.0,call,0.06777612387098503,24.652481079101562,480.62,fixed_strike,26.082992553710938,30.660629272460938,28.085708618164062,24.843215942382812,26.464462280273438,-3.24249267578125,0.3814697265625,,,,13.017654418945312,26.464462280273438,13.446807861328125,14.155503687263183,11.927488866447755,,QuantData term-structure
2026-08-17T16:00:00-04:00,2026-08-26,9,515.0,put,-0.8874140985724168,36.19194030761719,480.62,fixed_strike,26.082992553710938,30.660629272460938,28.085708618164062,24.843215942382812,26.464462280273438,-3.24249267578125,0.3814697265625,,,,13.017654418945312,26.464462280273438,13.446807861328125,14.155503687263183,11.927488866447755,,QuantData term-structure
2026-08-17T16:00:00-04:00,2026-08-26,9,517.5,call,0.042133016267690004,26.845932006835938,480.62,fixed_strike,26.082992553710938,30.660629272460938,28.085708618164062,24.843215942382812,26.464462280273438,-3.24249267578125,0.3814697265625,,,,13.017654418945312,26.464462280273438,13.446807861328125,14.155503687263183,11.927488866447755,,QuantData term-structure
2026-08-17T16:00:00-04:00,2026-08-26,9,517.5,put,-0.8621967043432738,35.81047058105469,480.62,fixed_strike,26.082992553710938,30.660629272460938,28.085708618164062,24.843215942382812,26.464462280273438,-3.24249267578125,0.3814697265625,,,,13.017654418945312,26.464462280273438,13.446807861328125,14.155503687263183,11.927488866447755,,QuantData term-structure
2026-08-17T16:00:00-04:00,2026-08-26,9,520.0,call,0.03615798949177634,27.513504028320312,480.62,fixed_strike,26.082992553710938,30.660629272460938,28.085708618164062,24.843215942382812,26.464462280273438,-3.24249267578125,0.3814697265625,,,,13.017654418945312,26.464462280273438,13.446807861328125,14.155503687263183,11.927488866447755,,QuantData term-structure
2026-08-17T16:00:00-04:00,2026-08-26,9,520.0,put,-0.8749629492317058,37.33634948730469,480.62,fixed_strike,26.082992553710938,30.660629272460938,28.085708618164062,24.843215942382812,26.464462280273438,-3.24249267578125,0.3814697265625,,,,13.017654418945312,26.464462280273438,13.446807861328125,14.155503687263183,11.927488866447755,,QuantData term-structure
2026-08-17T16:00:00-04:00,2026-08-26,9,522.5,call,0.028542509395034214,27.990341186523438,480.62,fixed_strike,26.082992553710938,30.660629272460938,28.085708618164062,24.843215942382812,26.464462280273438,-3.24249267578125,0.3814697265625,,,,13.017654418945312,26.464462280273438,13.446807861328125,14.155503687263183,11.927488866447755,,QuantData term-structure
2026-08-17T16:00:00-04:00,2026-08-26,9,522.5,put,-0.8667024627271769,40.29273986816406,480.62,fixed_strike,26.082992553710938,30.660629272460938,28.085708618164062,24.843215942382812,26.464462280273438,-3.24249267578125,0.3814697265625,,,,13.017654418945312,26.464462280273438,13.446807861328125,14.155503687263183,11.927488866447755,,QuantData term-structure
2026-08-17T16:00:00-04:00,2026-08-26,9,525.0,call,0.025817097206385666,27.513504028320312,480.62,fixed_strike,26.082992553710938,30.660629272460938,28.085708618164062,24.843215942382812,26.464462280273438,-3.24249267578125,0.3814697265625,,,,13.017654418945312,26.464462280273438,13.446807861328125,14.155503687263183,11.927488866447755,,QuantData term-structure
2026-08-17T16:00:00-04:00,2026-08-26,9,525.0,put,-0.873972030435918,41.62788391113281,480.62,fixed_strike,26.082992553710938,30.660629272460938,28.085708618164062,24.843215942382812,26.464462280273438,-3.24249267578125,0.3814697265625,,,,13.017654418945312,26.464462280273438,13.446807861328125,14.155503687263183,11.927488866447755,,QuantData term-structure
2026-08-17T16:00:00-04:00,2026-08-26,9,527.5,call,0.02147026282835322,28.848648071289062,480.62,fixed_strike,26.082992553710938,30.660629272460938,28.085708618164062,24.843215942382812,26.464462280273438,-3.24249267578125,0.3814697265625,,,,13.017654418945312,26.464462280273438,13.446807861328125,14.155503687263183,11.927488866447755,,QuantData term-structure
2026-08-17T16:00:00-04:00,2026-08-26,9,530.0,call,0.010474053740318305,26.750564575195312,480.62,fixed_strike,26.082992553710938,30.660629272460938,28.085708618164062,24.843215942382812,26.464462280273438,-3.24249267578125,0.3814697265625,,,,13.017654418945312,26.464462280273438,13.446807861328125,14.155503687263183,11.927488866447755,,QuantData term-structure
2026-08-17T16:00:00-04:00,2026-08-26,9,532.5,call,0.01311030166118826,25.987625122070312,480.62,fixed_strike,26.082992553710938,30.660629272460938,28.085708618164062,24.843215942382812,26.464462280273438,-3.24249267578125,0.3814697265625,,,,13.017654418945312,26.464462280273438,13.446807861328125,14.155503687263183,11.927488866447755,,QuantData term-structure
2026-08-17T16:00:00-04:00,2026-08-26,9,535.0,call,0.007281969990810338,27.799606323242188,480.62,fixed_strike,26.082992553710938,30.660629272460938,28.085708618164062,24.843215942382812,26.464462280273438,-3.24249267578125,0.3814697265625,,,,13.017654418945312,26.464462280273438,13.446807861328125,14.155503687263183,11.927488866447755,,QuantData term-structure
2026-08-17T16:00:00-04:00,2026-08-26,9,537.5,call,0.02305382890395182,31.614303588867188,480.62,fixed_strike,26.082992553710938,30.660629272460938,28.085708618164062,24.843215942382812,26.464462280273438,-3.24249267578125,0.3814697265625,,,,13.017654418945312,26.464462280273438,13.446807861328125,14.155503687263183,11.927488866447755,,QuantData term-structure
2026-08-17T16:00:00-04:00,2026-08-26,9,542.5,call,0.008261999678747387,29.230117797851562,480.62,fixed_strike,26.082992553710938,30.660629272460938,28.085708618164062,24.843215942382812,26.464462280273438,-3.24249267578125,0.3814697265625,,,,13.017654418945312,26.464462280273438,13.446807861328125,14.155503687263183,11.927488866447755,,QuantData term-structure
2026-08-17T16:00:00-04:00,2026-08-26,9,545.0,call,0.007046770332075321,29.230117797851562,480.62,fixed_strike,26.082992553710938,30.660629272460938,28.085708618164062,24.843215942382812,26.464462280273438,-3.24249267578125,0.3814697265625,,,,13.017654418945312,26.464462280273438,13.446807861328125,14.155503687263183,11.927488866447755,,QuantData term-structure
2026-08-17T16:00:00-04:00,2026-08-26,9,550.0,call,0.005477934647414316,30.565261840820312,480.62,fixed_strike,26.082992553710938,30.660629272460938,28.085708618164062,24.843215942382812,26.464462280273438,-3.24249267578125,0.3814697265625,,,,13.017654418945312,26.464462280273438,13.446807861328125,14.155503687263183,11.927488866447755,,QuantData term-structure
2026-08-17T16:00:00-04:00,2026-08-26,9,555.0,call,0.004033513272620269,31.423568725585938,480.62,fixed_strike,26.082992553710938,30.660629272460938,28.085708618164062,24.843215942382812,26.464462280273438,-3.24249267578125,0.3814697265625,,,,13.017654418945312,26.464462280273438,13.446807861328125,14.155503687263183,11.927488866447755,,QuantData term-structure
2026-08-17T16:00:00-04:00,2026-08-28,11,270.0,put,-0.00042365599772700474,101.99546813964844,480.62,fixed_strike,27.513504028320312,31.328201293945312,29.897689819335938,26.273727416992188,27.227401733398438,-3.62396240234375,0.57220458984375,,,,13.017654418945312,26.464462280273438,13.446807861328125,14.155503687263183,13.35800034105713,,QuantData term-structure
2026-08-17T16:00:00-04:00,2026-08-28,11,280.0,put,-0.0004254987354113489,98.56224060058594,480.62,fixed_strike,27.513504028320312,31.328201293945312,29.897689819335938,26.273727416992188,27.227401733398438,-3.62396240234375,0.57220458984375,,,,13.017654418945312,26.464462280273438,13.446807861328125,14.155503687263183,13.35800034105713,,QuantData term-structure
2026-08-17T16:00:00-04:00,2026-08-28,11,290.0,put,-0.00045923866011010763,93.12629699707031,480.62,fixed_strike,27.513504028320312,31.328201293945312,29.897689819335938,26.273727416992188,27.227401733398438,-3.62396240234375,0.57220458984375,,,,13.017654418945312,26.464462280273438,13.446807861328125,14.155503687263183,13.35800034105713,,QuantData term-structure
2026-08-17T16:00:00-04:00,2026-08-28,11,300.0,put,-0.004866318005922585,109.33876037597656,480.62,fixed_strike,27.513504028320312,31.328201293945312,29.897689819335938,26.273727416992188,27.227401733398438,-3.62396240234375,0.57220458984375,,,,13.017654418945312,26.464462280273438,13.446807861328125,14.155503687263183,13.35800034105713,,QuantData term-structure
2026-08-17T16:00:00-04:00,2026-08-28,11,305.0,put,-0.005809107610676897,108.19435119628906,480.62,fixed_strike,27.513504028320312,31.328201293945312,29.897689819335938,26.273727416992188,27.227401733398438,-3.62396240234375,0.57220458984375,,,,13.017654418945312,26.464462280273438,13.446807861328125,14.155503687263183,13.35800034105713,,QuantData term-structure
2026-08-17T16:00:00-04:00,2026-08-28,11,310.0,put,-0.0005364941026789965,79.77485656738281,480.62,fixed_strike,27.513504028320312,31.328201293945312,29.897689819335938,26.273727416992188,27.227401733398438,-3.62396240234375,0.57220458984375,,,,13.017654418945312,26.464462280273438,13.446807861328125,14.155503687263183,13.35800034105713,,QuantData term-structure
2026-08-17T16:00:00-04:00,2026-08-28,11,320.0,put,-0.0025891995137491517,87.59498596191406,480.62,fixed_strike,27.513504028320312,31.328201293945312,29.897689819335938,26.273727416992188,27.227401733398438,-3.62396240234375,0.57220458984375,,,,13.017654418945312,26.464462280273438,13.446807861328125,14.155503687263183,13.35800034105713,,QuantData term-structure
2026-08-17T16:00:00-04:00,2026-08-28,11,330.0,put,-0.0005857139684649857,70.90568542480469,480.62,fixed_strike,27.513504028320312,31.328201293945312,29.897689819335938,26.273727416992188,27.227401733398438,-3.62396240234375,0.57220458984375,,,,13.017654418945312,26.464462280273438,13.446807861328125,14.155503687263183,13.35800034105713,,QuantData term-structure
2026-08-17T16:00:00-04:00,2026-08-28,11,335.0,put,-0.001602244328481065,73.19450378417969,480.62,fixed_strike,27.513504028320312,31.328201293945312,29.897689819335938,26.273727416992188,27.227401733398438,-3.62396240234375,0.57220458984375,,,,13.017654418945312,26.464462280273438,13.446807861328125,14.155503687263183,13.35800034105713,,QuantData term-structure
2026-08-17T16:00:00-04:00,2026-08-28,11,340.0,put,-0.005847491143037999,83.30345153808594,480.62,fixed_strike,27.513504028320312,31.328201293945312,29.897689819335938,26.273727416992188,27.227401733398438,-3.62396240234375,0.57220458984375,,,,13.017654418945312,26.464462280273438,13.446807861328125,14.155503687263183,13.35800034105713,,QuantData term-structure
2026-08-17T16:00:00-04:00,2026-08-28,11,345.0,put,-0.0012861230874861742,64.13459777832031,480.62,fixed_strike,27.513504028320312,31.328201293945312,29.897689819335938,26.273727416992188,27.227401733398438,-3.62396240234375,0.57220458984375,,,,13.017654418945312,26.464462280273438,13.446807861328125,14.155503687263183,13.35800034105713,,QuantData term-structure
2026-08-17T16:00:00-04:00,2026-08-28,11,350.0,put,-0.0013231844072327972,61.55967712402344,480.62,fixed_strike,27.513504028320312,31.328201293945312,29.897689819335938,26.273727416992188,27.227401733398438,-3.62396240234375,0.57220458984375,,,,13.017654418945312,26.464462280273438,13.446807861328125,14.155503687263183,13.35800034105713,,QuantData term-structure
2026-08-17T16:00:00-04:00,2026-08-28,11,355.0,call,0.9950688282919526,69.28443908691406,480.62,fixed_strike,27.513504028320312,31.328201293945312,29.897689819335938,26.273727416992188,27.227401733398438,-3.62396240234375,0.57220458984375,,,,13.017654418945312,26.464462280273438,13.446807861328125,14.155503687263183,13.35800034105713,,QuantData term-structure
2026-08-17T16:00:00-04:00,2026-08-28,11,360.0,call,1.0,0.0476837158203125,480.62,fixed_strike,27.513504028320312,31.328201293945312,29.897689819335938,26.273727416992188,27.227401733398438,-3.62396240234375,0.57220458984375,,,,13.017654418945312,26.464462280273438,13.446807861328125,14.155503687263183,13.35800034105713,,QuantData term-structure
2026-08-17T16:00:00-04:00,2026-08-28,11,360.0,put,-0.005808474379597802,67.66319274902344,480.62,fixed_strike,27.513504028320312,31.328201293945312,29.897689819335938,26.273727416992188,27.227401733398438,-3.62396240234375,0.57220458984375,,,,13.017654418945312,26.464462280273438,13.446807861328125,14.155503687263183,13.35800034105713,,QuantData term-structure
2026-08-17T16:00:00-04:00,2026-08-28,11,365.0,call,1.0,0.0476837158203125,480.62,fixed_strike,27.513504028320312,31.328201293945312,29.897689819335938,26.273727416992188,27.227401733398438,-3.62396240234375,0.57220458984375,,,,13.017654418945312,26.464462280273438,13.446807861328125,14.155503687263183,13.35800034105713,,QuantData term-structure
2026-08-17T16:00:00-04:00,2026-08-28,11,365.0,put,-0.0015174977017118536,54.40711975097656,480.62,fixed_strike,27.513504028320312,31.328201293945312,29.897689819335938,26.273727416992188,27.227401733398438,-3.62396240234375,0.57220458984375,,,,13.017654418945312,26.464462280273438,13.446807861328125,14.155503687263183,13.35800034105713,,QuantData term-structure
2026-08-17T16:00:00-04:00,2026-08-28,11,370.0,call,1.0,0.0476837158203125,480.62,fixed_strike,27.513504028320312,31.328201293945312,29.897689819335938,26.273727416992188,27.227401733398438,-3.62396240234375,0.57220458984375,,,,13.017654418945312,26.464462280273438,13.446807861328125,14.155503687263183,13.35800034105713,,QuantData term-structure
2026-08-17T16:00:00-04:00,2026-08-28,11,370.0,put,-0.0028013439364092327,54.88395690917969,480.62,fixed_strike,27.513504028320312,31.328201293945312,29.897689819335938,26.273727416992188,27.227401733398438,-3.62396240234375,0.57220458984375,,,,13.017654418945312,26.464462280273438,13.446807861328125,14.155503687263183,13.35800034105713,,QuantData term-structure
2026-08-17T16:00:00-04:00,2026-08-28,11,375.0,call,1.0,0.0476837158203125,480.62,fixed_strike,27.513504028320312,31.328201293945312,29.897689819335938,26.273727416992188,27.227401733398438,-3.62396240234375,0.57220458984375,,,,13.017654418945312,26.464462280273438,13.446807861328125,14.155503687263183,13.35800034105713,,QuantData term-structure
2026-08-17T16:00:00-04:00,2026-08-28,11,375.0,put,-0.002233640592221613,52.49977111816406,480.62,fixed_strike,27.513504028320312,31.328201293945312,29.897689819335938,26.273727416992188,27.227401733398438,-3.62396240234375,0.57220458984375,,,,13.017654418945312,26.464462280273438,13.446807861328125,14.155503687263183,13.35800034105713,,QuantData term-structure
2026-08-17T16:00:00-04:00,2026-08-28,11,380.0,call,1.0,0.0476837158203125,480.62,fixed_strike,27.513504028320312,31.328201293945312,29.897689819335938,26.273727416992188,27.227401733398438,-3.62396240234375,0.57220458984375,,,,13.017654418945312,26.464462280273438,13.446807861328125,14.155503687263183,13.35800034105713,,QuantData term-structure
2026-08-17T16:00:00-04:00,2026-08-28,11,380.0,put,-0.003585963960229111,52.02293395996094,480.62,fixed_strike,27.513504028320312,31.328201293945312,29.897689819335938,26.273727416992188,27.227401733398438,-3.62396240234375,0.57220458984375,,,,13.017654418945312,26.464462280273438,13.446807861328125,14.155503687263183,13.35800034105713,,QuantData term-structure
2026-08-17T16:00:00-04:00,2026-08-28,11,385.0,put,-0.004208560081607801,51.45072937011719,480.62,fixed_strike,27.513504028320312,31.328201293945312,29.897689819335938,26.273727416992188,27.227401733398438,-3.62396240234375,0.57220458984375,,,,13.017654418945312,26.464462280273438,13.446807861328125,14.155503687263183,13.35800034105713,,QuantData term-structure
2026-08-17T16:00:00-04:00,2026-08-28,11,390.0,call,1.0,0.0476837158203125,480.62,fixed_strike,27.513504028320312,31.328201293945312,29.897689819335938,26.273727416992188,27.227401733398438,-3.62396240234375,0.57220458984375,,,,13.017654418945312,26.464462280273438,13.446807861328125,14.155503687263183,13.35800034105713,,QuantData term-structure
2026-08-17T16:00:00-04:00,2026-08-28,11,390.0,put,-0.005322375855571725,47.82676696777344,480.62,fixed_strike,27.513504028320312,31.328201293945312,29.897689819335938,26.273727416992188,27.227401733398438,-3.62396240234375,0.57220458984375,,,,13.017654418945312,26.464462280273438,13.446807861328125,14.155503687263183,13.35800034105713,,QuantData term-structure
2026-08-17T16:00:00-04:00,2026-08-28,11,395.0,call,0.9923015155590175,47.25456237792969,480.62,fixed_strike,27.513504028320312,31.328201293945312,29.897689819335938,26.273727416992188,27.227401733398438,-3.62396240234375,0.57220458984375,,,,13.017654418945312,26.464462280273438,13.446807861328125,14.155503687263183,13.35800034105713,,QuantData term-structure
2026-08-17T16:00:00-04:00,2026-08-28,11,395.0,put,-0.005095742535110462,48.97117614746094,480.62,fixed_strike,27.513504028320312,31.328201293945312,29.897689819335938,26.273727416992188,27.227401733398438,-3.62396240234375,0.57220458984375,,,,13.017654418945312,26.464462280273438,13.446807861328125,14.155503687263183,13.35800034105713,,QuantData term-structure
2026-08-17T16:00:00-04:00,2026-08-28,11,400.0,call,1.0,0.0476837158203125,480.62,fixed_strike,27.513504028320312,31.328201293945312,29.897689819335938,26.273727416992188,27.227401733398438,-3.62396240234375,0.57220458984375,,,,13.017654418945312,26.464462280273438,13.446807861328125,14.155503687263183,13.35800034105713,,QuantData term-structure
2026-08-17T16:00:00-04:00,2026-08-28,11,400.0,put,-0.008005603806957704,44.48890686035156,480.62,fixed_strike,27.513504028320312,31.328201293945312,29.897689819335938,26.273727416992188,27.227401733398438,-3.62396240234375,0.57220458984375,,,,13.017654418945312,26.464462280273438,13.446807861328125,14.155503687263183,13.35800034105713,,QuantData term-structure
2026-08-17T16:00:00-04:00,2026-08-28,11,405.0,call,1.0,0.0476837158203125,480.62,fixed_strike,27.513504028320312,31.328201293945312,29.897689819335938,26.273727416992188,27.227401733398438,-3.62396240234375,0.57220458984375,,,,13.017654418945312,26.464462280273438,13.446807861328125,14.155503687263183,13.35800034105713,,QuantData term-structure
2026-08-17T16:00:00-04:00,2026-08-28,11,405.0,put,-0.007814279721939831,43.63059997558594,480.62,fixed_strike,27.513504028320312,31.328201293945312,29.897689819335938,26.273727416992188,27.227401733398438,-3.62396240234375,0.57220458984375,,,,13.017654418945312,26.464462280273438,13.446807861328125,14.155503687263183,13.35800034105713,,QuantData term-structure
2026-08-17T16:00:00-04:00,2026-08-28,11,410.0,call,1.0,0.0476837158203125,480.62,fixed_strike,27.513504028320312,31.328201293945312,29.897689819335938,26.273727416992188,27.227401733398438,-3.62396240234375,0.57220458984375,,,,13.017654418945312,26.464462280273438,13.446807861328125,14.155503687263183,13.35800034105713,,QuantData term-structure
2026-08-17T16:00:00-04:00,2026-08-28,11,410.0,put,-0.013667899240937973,42.00935363769531,480.62,fixed_strike,27.513504028320312,31.328201293945312,29.897689819335938,26.273727416992188,27.227401733398438,-3.62396240234375,0.57220458984375,,,,13.017654418945312,26.464462280273438,13.446807861328125,14.155503687263183,13.35800034105713,,QuantData term-structure
2026-08-17T16:00:00-04:00,2026-08-28,11,415.0,call,1.0,0.0476837158203125,480.62,fixed_strike,27.513504028320312,31.328201293945312,29.897689819335938,26.273727416992188,27.227401733398438,-3.62396240234375,0.57220458984375,,,,13.017654418945312,26.464462280273438,13.446807861328125,14.155503687263183,13.35800034105713,,QuantData term-structure
2026-08-17T16:00:00-04:00,2026-08-28,11,415.0,put,-0.01515909319410866,39.72053527832031,480.62,fixed_strike,27.513504028320312,31.328201293945312,29.897689819335938,26.273727416992188,27.227401733398438,-3.62396240234375,0.57220458984375,,,,13.017654418945312,26.464462280273438,13.446807861328125,14.155503687263183,13.35800034105713,,QuantData term-structure
2026-08-17T16:00:00-04:00,2026-08-28,11,420.0,call,0.9838110771468886,37.14561462402344,480.62,fixed_strike,27.513504028320312,31.328201293945312,29.897689819335938,26.273727416992188,27.227401733398438,-3.62396240234375,0.57220458984375,,,,13.017654418945312,26.464462280273438,13.446807861328125,14.155503687263183,13.35800034105713,,QuantData term-structure
2026-08-17T16:00:00-04:00,2026-08-28,11,420.0,put,-0.021848202494146138,39.14833068847656,480.62,fixed_strike,27.513504028320312,31.328201293945312,29.897689819335938,26.273727416992188,27.227401733398438,-3.62396240234375,0.57220458984375,,,,13.017654418945312,26.464462280273438,13.446807861328125,14.155503687263183,13.35800034105713,,QuantData term-structure
2026-08-17T16:00:00-04:00,2026-08-28,11,425.0,call,1.0,0.0476837158203125,480.62,fixed_strike,27.513504028320312,31.328201293945312,29.897689819335938,26.273727416992188,27.227401733398438,-3.62396240234375,0.57220458984375,,,,13.017654418945312,26.464462280273438,13.446807861328125,14.155503687263183,13.35800034105713,,QuantData term-structure
2026-08-17T16:00:00-04:00,2026-08-28,11,425.0,put,-0.025828849416758382,37.24098205566406,480.62,fixed_strike,27.513504028320312,31.328201293945312,29.897689819335938,26.273727416992188,27.227401733398438,-3.62396240234375,0.57220458984375,,,,13.017654418945312,26.464462280273438,13.446807861328125,14.155503687263183,13.35800034105713,,QuantData term-structure
2026-08-17T16:00:00-04:00,2026-08-28,11,430.0,call,1.0,0.0476837158203125,480.62,fixed_strike,27.513504028320312,31.328201293945312,29.897689819335938,26.273727416992188,27.227401733398438,-3.62396240234375,0.57220458984375,,,,13.017654418945312,26.464462280273438,13.446807861328125,14.155503687263183,13.35800034105713,,QuantData term-structure
2026-08-17T16:00:00-04:00,2026-08-28,11,430.0,put,-0.03399799251732911,35.90583801269531,480.62,fixed_strike,27.513504028320312,31.328201293945312,29.897689819335938,26.273727416992188,27.227401733398438,-3.62396240234375,0.57220458984375,,,,13.017654418945312,26.464462280273438,13.446807861328125,14.155503687263183,13.35800034105713,,QuantData term-structure
2026-08-17T16:00:00-04:00,2026-08-28,11,435.0,call,1.0,0.0476837158203125,480.62,fixed_strike,27.513504028320312,31.328201293945312,29.897689819335938,26.273727416992188,27.227401733398438,-3.62396240234375,0.57220458984375,,,,13.017654418945312,26.464462280273438,13.446807861328125,14.155503687263183,13.35800034105713,,QuantData term-structure
2026-08-17T16:00:00-04:00,2026-08-28,11,435.0,put,-0.045048459638033056,35.04753112792969,480.62,fixed_strike,27.513504028320312,31.328201293945312,29.897689819335938,26.273727416992188,27.227401733398438,-3.62396240234375,0.57220458984375,,,,13.017654418945312,26.464462280273438,13.446807861328125,14.155503687263183,13.35800034105713,,QuantData term-structure
2026-08-17T16:00:00-04:00,2026-08-28,11,440.0,call,0.9690942476958639,27.132034301757812,480.62,fixed_strike,27.513504028320312,31.328201293945312,29.897689819335938,26.273727416992188,27.227401733398438,-3.62396240234375,0.57220458984375,,,,13.017654418945312,26.464462280273438,13.446807861328125,14.155503687263183,13.35800034105713,,QuantData term-structure
2026-08-17T16:00:00-04:00,2026-08-28,11,440.0,put,-0.054730690041423835,32.94944763183594,480.62,fixed_strike,27.513504028320312,31.328201293945312,29.897689819335938,26.273727416992188,27.227401733398438,-3.62396240234375,0.57220458984375,,,,13.017654418945312,26.464462280273438,13.446807861328125,14.155503687263183,13.35800034105713,,QuantData term-structure
2026-08-17T16:00:00-04:00,2026-08-28,11,445.0,call,0.9982837741036246,15.306472778320312,480.62,fixed_strike,27.513504028320312,31.328201293945312,29.897689819335938,26.273727416992188,27.227401733398438,-3.62396240234375,0.57220458984375,,,,13.017654418945312,26.464462280273438,13.446807861328125,14.155503687263183,13.35800034105713,,QuantData term-structure
2026-08-17T16:00:00-04:00,2026-08-28,11,445.0,put,-0.0795947146705056,32.47261047363281,480.62,fixed_strike,27.513504028320312,31.328201293945312,29.897689819335938,26.273727416992188,27.227401733398438,-3.62396240234375,0.57220458984375,,,,13.017654418945312,26.464462280273438,13.446807861328125,14.155503687263183,13.35800034105713,,QuantData term-structure
2026-08-17T16:00:00-04:00,2026-08-28,11,450.0,call,0.9426168542261515,24.080276489257812,480.62,fixed_strike,27.513504028320312,31.328201293945312,29.897689819335938,26.273727416992188,27.227401733398438,-3.62396240234375,0.57220458984375,,,,13.017654418945312,26.464462280273438,13.446807861328125,14.155503687263183,13.35800034105713,,QuantData term-structure
2026-08-17T16:00:00-04:00,2026-08-28,11,450.0,put,-0.10367052741074217,31.328201293945312,480.62,fixed_strike,27.513504028320312,31.328201293945312,29.897689819335938,26.273727416992188,27.227401733398438,-3.62396240234375,0.57220458984375,,,,13.017654418945312,26.464462280273438,13.446807861328125,14.155503687263183,13.35800034105713,,QuantData term-structure
2026-08-17T16:00:00-04:00,2026-08-28,11,455.0,call,0.9323842641769664,22.554397583007812,480.62,fixed_strike,27.513504028320312,31.328201293945312,29.897689819335938,26.273727416992188,27.227401733398438,-3.62396240234375,0.57220458984375,,,,13.017654418945312,26.464462280273438,13.446807861328125,14.155503687263183,13.35800034105713,,QuantData term-structure
2026-08-17T16:00:00-04:00,2026-08-28,11,455.0,put,-0.14586491130718487,30.374526977539062,480.62,fixed_strike,27.513504028320312,31.328201293945312,29.897689819335938,26.273727416992188,27.227401733398438,-3.62396240234375,0.57220458984375,,,,13.017654418945312,26.464462280273438,13.446807861328125,14.155503687263183,13.35800034105713,,QuantData term-structure
2026-08-17T16:00:00-04:00,2026-08-28,11,460.0,call,0.8449470883552109,25.320053100585938,480.62,fixed_strike,27.513504028320312,31.328201293945312,29.897689819335938,26.273727416992188,27.227401733398438,-3.62396240234375,0.57220458984375,,,,13.017654418945312,26.464462280273438,13.446807861328125,14.155503687263183,13.35800034105713,,QuantData term-structure
2026-08-17T16:00:00-04:00,2026-08-28,11,460.0,put,-0.18477979134876582,29.897689819335938,480.62,fixed_strike,27.513504028320312,31.328201293945312,29.897689819335938,26.273727416992188,27.227401733398438,-3.62396240234375,0.57220458984375,,,,13.017654418945312,26.464462280273438,13.446807861328125,14.155503687263183,13.35800034105713,,QuantData term-structure
2026-08-17T16:00:00-04:00,2026-08-28,11,465.0,call,0.7795082933729542,25.892257690429688,480.62,fixed_strike,27.513504028320312,31.328201293945312,29.897689819335938,26.273727416992188,27.227401733398438,-3.62396240234375,0.57220458984375,,,,13.017654418945312,26.464462280273438,13.446807861328125,14.155503687263183,13.35800034105713,,QuantData term-structure
2026-08-17T16:00:00-04:00,2026-08-28,11,465.0,put,-0.2453902806606617,29.897689819335938,480.62,fixed_strike,27.513504028320312,31.328201293945312,29.897689819335938,26.273727416992188,27.227401733398438,-3.62396240234375,0.57220458984375,,,,13.017654418945312,26.464462280273438,13.446807861328125,14.155503687263183,13.35800034105713,,QuantData term-structure
2026-08-17T16:00:00-04:00,2026-08-28,11,467.5,call,0.737993811663066,25.796890258789062,480.62,fixed_strike,27.513504028320312,31.328201293945312,29.897689819335938,26.273727416992188,27.227401733398438,-3.62396240234375,0.57220458984375,,,,13.017654418945312,26.464462280273438,13.446807861328125,14.155503687263183,13.35800034105713,,QuantData term-structure
2026-08-17T16:00:00-04:00,2026-08-28,11,467.5,put,-0.2734933575547064,29.134750366210938,480.62,fixed_strike,27.513504028320312,31.328201293945312,29.897689819335938,26.273727416992188,27.227401733398438,-3.62396240234375,0.57220458984375,,,,13.017654418945312,26.464462280273438,13.446807861328125,14.155503687263183,13.35800034105713,,QuantData term-structure
2026-08-17T16:00:00-04:00,2026-08-28,11,470.0,call,0.6968654536093598,25.796890258789062,480.62,fixed_strike,27.513504028320312,31.328201293945312,29.897689819335938,26.273727416992188,27.227401733398438,-3.62396240234375,0.57220458984375,,,,13.017654418945312,26.464462280273438,13.446807861328125,14.155503687263183,13.35800034105713,,QuantData term-structure
2026-08-17T16:00:00-04:00,2026-08-28,11,470.0,put,-0.31182853211480843,29.516220092773438,480.62,fixed_strike,27.513504028320312,31.328201293945312,29.897689819335938,26.273727416992188,27.227401733398438,-3.62396240234375,0.57220458984375,,,,13.017654418945312,26.464462280273438,13.446807861328125,14.155503687263183,13.35800034105713,,QuantData term-structure
2026-08-17T16:00:00-04:00,2026-08-28,11,472.5,call,0.6696754210697228,25.606155395507812,480.62,fixed_strike,27.513504028320312,31.328201293945312,29.897689819335938,26.273727416992188,27.227401733398438,-3.62396240234375,0.57220458984375,,,,13.017654418945312,26.464462280273438,13.446807861328125,14.155503687263183,13.35800034105713,,QuantData term-structure
2026-08-17T16:00:00-04:00,2026-08-28,11,472.5,put,-0.3327950686689891,29.516220092773438,480.62,fixed_strike,27.513504028320312,31.328201293945312,29.897689819335938,26.273727416992188,27.227401733398438,-3.62396240234375,0.57220458984375,,,,13.017654418945312,26.464462280273438,13.446807861328125,14.155503687263183,13.35800034105713,,QuantData term-structure
2026-08-17T16:00:00-04:00,2026-08-28,11,475.0,call,0.6177811428835287,25.796890258789062,480.62,fixed_strike,27.513504028320312,31.328201293945312,29.897689819335938,26.273727416992188,27.227401733398438,-3.62396240234375,0.57220458984375,,,,13.017654418945312,26.464462280273438,13.446807861328125,14.155503687263183,13.35800034105713,,QuantData term-structure
2026-08-17T16:00:00-04:00,2026-08-28,11,475.0,put,-0.39326885609001194,29.134750366210938,480.62,fixed_strike,27.513504028320312,31.328201293945312,29.897689819335938,26.273727416992188,27.227401733398438,-3.62396240234375,0.57220458984375,,,,13.017654418945312,26.464462280273438,13.446807861328125,14.155503687263183,13.35800034105713,,QuantData term-structure
2026-08-17T16:00:00-04:00,2026-08-28,11,477.5,call,0.5756553278067821,25.796890258789062,480.62,fixed_strike,27.513504028320312,31.328201293945312,29.897689819335938,26.273727416992188,27.227401733398438,-3.62396240234375,0.57220458984375,,,,13.017654418945312,26.464462280273438,13.446807861328125,14.155503687263183,13.35800034105713,,QuantData term-structure
2026-08-17T16:00:00-04:00,2026-08-28,11,477.5,put,-0.4336631489310668,29.039382934570312,480.62,fixed_strike,27.513504028320312,31.328201293945312,29.897689819335938,26.273727416992188,27.227401733398438,-3.62396240234375,0.57220458984375,,,,13.017654418945312,26.464462280273438,13.446807861328125,14.155503687263183,13.35800034105713,,QuantData term-structure
2026-08-17T16:00:00-04:00,2026-08-28,11,480.0,call,0.5319449802936977,26.178359985351562,480.62,fixed_strike,27.513504028320312,31.328201293945312,29.897689819335938,26.273727416992188,27.227401733398438,-3.62396240234375,0.57220458984375,,,,13.017654418945312,26.464462280273438,13.446807861328125,14.155503687263183,13.35800034105713,,QuantData term-structure
2026-08-17T16:00:00-04:00,2026-08-28,11,480.0,put,-0.4741827878660446,28.848648071289062,480.62,fixed_strike,27.513504028320312,31.328201293945312,29.897689819335938,26.273727416992188,27.227401733398438,-3.62396240234375,0.57220458984375,,,,13.017654418945312,26.464462280273438,13.446807861328125,14.155503687263183,13.35800034105713,,QuantData term-structure
2026-08-17T16:00:00-04:00,2026-08-28,11,482.5,call,0.48496013788535025,24.557113647460938,480.62,fixed_strike,27.513504028320312,31.328201293945312,29.897689819335938,26.273727416992188,27.227401733398438,-3.62396240234375,0.57220458984375,,,,13.017654418945312,26.464462280273438,13.446807861328125,14.155503687263183,13.35800034105713,,QuantData term-structure
2026-08-17T16:00:00-04:00,2026-08-28,11,482.5,put,-0.5136795531132227,29.039382934570312,480.62,fixed_strike,27.513504028320312,31.328201293945312,29.897689819335938,26.273727416992188,27.227401733398438,-3.62396240234375,0.57220458984375,,,,13.017654418945312,26.464462280273438,13.446807861328125,14.155503687263183,13.35800034105713,,QuantData term-structure
2026-08-17T16:00:00-04:00,2026-08-28,11,485.0,call,0.4424483149057032,25.892257690429688,480.62,fixed_strike,27.513504028320312,31.328201293945312,29.897689819335938,26.273727416992188,27.227401733398438,-3.62396240234375,0.57220458984375,,,,13.017654418945312,26.464462280273438,13.446807861328125,14.155503687263183,13.35800034105713,,QuantData term-structure
2026-08-17T16:00:00-04:00,2026-08-28,11,485.0,put,-0.5532705881006741,29.611587524414062,480.62,fixed_strike,27.513504028320312,31.328201293945312,29.897689819335938,26.273727416992188,27.227401733398438,-3.62396240234375,0.57220458984375,,,,13.017654418945312,26.464462280273438,13.446807861328125,14.155503687263183,13.35800034105713,,QuantData term-structure
2026-08-17T16:00:00-04:00,2026-08-28,11,487.5,call,0.39365898858385884,25.320053100585938,480.62,fixed_strike,27.513504028320312,31.328201293945312,29.897689819335938,26.273727416992188,27.227401733398438,-3.62396240234375,0.57220458984375,,,,13.017654418945312,26.464462280273438,13.446807861328125,14.155503687263183,13.35800034105713,,QuantData term-structure
2026-08-17T16:00:00-04:00,2026-08-28,11,487.5,put,-0.6115323675947912,29.516220092773438,480.62,fixed_strike,27.513504028320312,31.328201293945312,29.897689819335938,26.273727416992188,27.227401733398438,-3.62396240234375,0.57220458984375,,,,13.017654418945312,26.464462280273438,13.446807861328125,14.155503687263183,13.35800034105713,,QuantData term-structure
2026-08-17T16:00:00-04:00,2026-08-28,11,490.0,call,0.3545995480136094,25.796890258789062,480.62,fixed_strike,27.513504028320312,31.328201293945312,29.897689819335938,26.273727416992188,27.227401733398438,-3.62396240234375,0.57220458984375,,,,13.017654418945312,26.464462280273438,13.446807861328125,14.155503687263183,13.35800034105713,,QuantData term-structure
2026-08-17T16:00:00-04:00,2026-08-28,11,490.0,put,-0.6308512293423916,29.420852661132812,480.62,fixed_strike,27.513504028320312,31.328201293945312,29.897689819335938,26.273727416992188,27.227401733398438,-3.62396240234375,0.57220458984375,,,,13.017654418945312,26.464462280273438,13.446807861328125,14.155503687263183,13.35800034105713,,QuantData term-structure
2026-08-17T16:00:00-04:00,2026-08-28,11,492.5,call,0.31343200299182505,25.796890258789062,480.62,fixed_strike,27.513504028320312,31.328201293945312,29.897689819335938,26.273727416992188,27.227401733398438,-3.62396240234375,0.57220458984375,,,,13.017654418945312,26.464462280273438,13.446807861328125,14.155503687263183,13.35800034105713,,QuantData term-structure
2026-08-17T16:00:00-04:00,2026-08-28,11,492.5,put,-0.6762070353349358,29.706954956054688,480.62,fixed_strike,27.513504028320312,31.328201293945312,29.897689819335938,26.273727416992188,27.227401733398438,-3.62396240234375,0.57220458984375,,,,13.017654418945312,26.464462280273438,13.446807861328125,14.155503687263183,13.35800034105713,,QuantData term-structure
2026-08-17T16:00:00-04:00,2026-08-28,11,495.0,call,0.2759240984607544,25.987625122070312,480.62,fixed_strike,27.513504028320312,31.328201293945312,29.897689819335938,26.273727416992188,27.227401733398438,-3.62396240234375,0.57220458984375,,,,13.017654418945312,26.464462280273438,13.446807861328125,14.155503687263183,13.35800034105713,,QuantData term-structure
2026-08-17T16:00:00-04:00,2026-08-28,11,495.0,put,-0.6938285168230985,31.137466430664062,480.62,fixed_strike,27.513504028320312,31.328201293945312,29.897689819335938,26.273727416992188,27.227401733398438,-3.62396240234375,0.57220458984375,,,,13.017654418945312,26.464462280273438,13.446807861328125,14.155503687263183,13.35800034105713,,QuantData term-structure
2026-08-17T16:00:00-04:00,2026-08-28,11,497.5,call,0.23106484812764144,26.273727416992188,480.62,fixed_strike,27.513504028320312,31.328201293945312,29.897689819335938,26.273727416992188,27.227401733398438,-3.62396240234375,0.57220458984375,,,,13.017654418945312,26.464462280273438,13.446807861328125,14.155503687263183,13.35800034105713,,QuantData term-structure
2026-08-17T16:00:00-04:00,2026-08-28,11,497.5,put,-0.7056897685092219,31.805038452148438,480.62,fixed_strike,27.513504028320312,31.328201293945312,29.897689819335938,26.273727416992188,27.227401733398438,-3.62396240234375,0.57220458984375,,,,13.017654418945312,26.464462280273438,13.446807861328125,14.155503687263183,13.35800034105713,,QuantData term-structure
2026-08-17T16:00:00-04:00,2026-08-28,11,500.0,call,0.20799460221446708,26.178359985351562,480.62,fixed_strike,27.513504028320312,31.328201293945312,29.897689819335938,26.273727416992188,27.227401733398438,-3.62396240234375,0.57220458984375,,,,13.017654418945312,26.464462280273438,13.446807861328125,14.155503687263183,13.35800034105713,,QuantData term-structure
2026-08-17T16:00:00-04:00,2026-08-28,11,500.0,put,-0.760957787183947,30.183792114257812,480.62,fixed_strike,27.513504028320312,31.328201293945312,29.897689819335938,26.273727416992188,27.227401733398438,-3.62396240234375,0.57220458984375,,,,13.017654418945312,26.464462280273438,13.446807861328125,14.155503687263183,13.35800034105713,,QuantData term-structure
2026-08-17T16:00:00-04:00,2026-08-28,11,502.5,call,0.1659056715401741,26.273727416992188,480.62,fixed_strike,27.513504028320312,31.328201293945312,29.897689819335938,26.273727416992188,27.227401733398438,-3.62396240234375,0.57220458984375,,,,13.017654418945312,26.464462280273438,13.446807861328125,14.155503687263183,13.35800034105713,,QuantData term-structure
2026-08-17T16:00:00-04:00,2026-08-28,11,502.5,put,-0.7987509031046427,28.848648071289062,480.62,fixed_strike,27.513504028320312,31.328201293945312,29.897689819335938,26.273727416992188,27.227401733398438,-3.62396240234375,0.57220458984375,,,,13.017654418945312,26.464462280273438,13.446807861328125,14.155503687263183,13.35800034105713,,QuantData term-structure
2026-08-17T16:00:00-04:00,2026-08-28,11,505.0,call,0.15161311528207183,26.559829711914062,480.62,fixed_strike,27.513504028320312,31.328201293945312,29.897689819335938,26.273727416992188,27.227401733398438,-3.62396240234375,0.57220458984375,,,,13.017654418945312,26.464462280273438,13.446807861328125,14.155503687263183,13.35800034105713,,QuantData term-structure
2026-08-17T16:00:00-04:00,2026-08-28,11,505.0,put,-0.8098939099640965,32.47261047363281,480.62,fixed_strike,27.513504028320312,31.328201293945312,29.897689819335938,26.273727416992188,27.227401733398438,-3.62396240234375,0.57220458984375,,,,13.017654418945312,26.464462280273438,13.446807861328125,14.155503687263183,13.35800034105713,,QuantData term-structure
2026-08-17T16:00:00-04:00,2026-08-28,11,507.5,call,0.12279137410995045,26.750564575195312,480.62,fixed_strike,27.513504028320312,31.328201293945312,29.897689819335938,26.273727416992188,27.227401733398438,-3.62396240234375,0.57220458984375,,,,13.017654418945312,26.464462280273438,13.446807861328125,14.155503687263183,13.35800034105713,,QuantData term-structure
2026-08-17T16:00:00-04:00,2026-08-28,11,507.5,put,-0.8345056421879156,30.660629272460938,480.62,fixed_strike,27.513504028320312,31.328201293945312,29.897689819335938,26.273727416992188,27.227401733398438,-3.62396240234375,0.57220458984375,,,,13.017654418945312,26.464462280273438,13.446807861328125,14.155503687263183,13.35800034105713,,QuantData term-structure
2026-08-17T16:00:00-04:00,2026-08-28,11,510.0,call,0.11125078647941672,26.750564575195312,480.62,fixed_strike,27.513504028320312,31.328201293945312,29.897689819335938,26.273727416992188,27.227401733398438,-3.62396240234375,0.57220458984375,,,,13.017654418945312,26.464462280273438,13.446807861328125,14.155503687263183,13.35800034105713,,QuantData term-structure
2026-08-17T16:00:00-04:00,2026-08-28,11,510.0,put,-0.8177098474116153,34.09385681152344,480.62,fixed_strike,27.513504028320312,31.328201293945312,29.897689819335938,26.273727416992188,27.227401733398438,-3.62396240234375,0.57220458984375,,,,13.017654418945312,26.464462280273438,13.446807861328125,14.155503687263183,13.35800034105713,,QuantData term-structure
2026-08-17T16:00:00-04:00,2026-08-28,11,512.5,call,0.09371465482881253,27.227401733398438,480.62,fixed_strike,27.513504028320312,31.328201293945312,29.897689819335938,26.273727416992188,27.227401733398438,-3.62396240234375,0.57220458984375,,,,13.017654418945312,26.464462280273438,13.446807861328125,14.155503687263183,13.35800034105713,,QuantData term-structure
2026-08-17T16:00:00-04:00,2026-08-28,11,515.0,call,0.08367487625561176,27.418136596679688,480.62,fixed_strike,27.513504028320312,31.328201293945312,29.897689819335938,26.273727416992188,27.227401733398438,-3.62396240234375,0.57220458984375,,,,13.017654418945312,26.464462280273438,13.446807861328125,14.155503687263183,13.35800034105713,,QuantData term-structure
2026-08-17T16:00:00-04:00,2026-08-28,11,515.0,put,-0.8700177188006901,35.04753112792969,480.62,fixed_strike,27.513504028320312,31.328201293945312,29.897689819335938,26.273727416992188,27.227401733398438,-3.62396240234375,0.57220458984375,,,,13.017654418945312,26.464462280273438,13.446807861328125,14.155503687263183,13.35800034105713,,QuantData term-structure
2026-08-17T16:00:00-04:00,2026-08-28,11,517.5,call,0.07374739710293243,27.608871459960938,480.62,fixed_strike,27.513504028320312,31.328201293945312,29.897689819335938,26.273727416992188,27.227401733398438,-3.62396240234375,0.57220458984375,,,,13.017654418945312,26.464462280273438,13.446807861328125,14.155503687263183,13.35800034105713,,QuantData term-structure
2026-08-17T16:00:00-04:00,2026-08-28,11,517.5,put,-0.8727954436730381,36.85951232910156,480.62,fixed_strike,27.513504028320312,31.328201293945312,29.897689819335938,26.273727416992188,27.227401733398438,-3.62396240234375,0.57220458984375,,,,13.017654418945312,26.464462280273438,13.446807861328125,14.155503687263183,13.35800034105713,,QuantData term-structure
2026-08-17T16:00:00-04:00,2026-08-28,11,520.0,call,0.056433804255801356,27.799606323242188,480.62,fixed_strike,27.513504028320312,31.328201293945312,29.897689819335938,26.273727416992188,27.227401733398438,-3.62396240234375,0.57220458984375,,,,13.017654418945312,26.464462280273438,13.446807861328125,14.155503687263183,13.35800034105713,,QuantData term-structure
2026-08-17T16:00:00-04:00,2026-08-28,11,520.0,put,-0.8706897440122809,36.09657287597656,480.62,fixed_strike,27.513504028320312,31.328201293945312,29.897689819335938,26.273727416992188,27.227401733398438,-3.62396240234375,0.57220458984375,,,,13.017654418945312,26.464462280273438,13.446807861328125,14.155503687263183,13.35800034105713,,QuantData term-structure
2026-08-17T16:00:00-04:00,2026-08-28,11,522.5,call,0.045925023953458766,27.704238891601562,480.62,fixed_strike,27.513504028320312,31.328201293945312,29.897689819335938,26.273727416992188,27.227401733398438,-3.62396240234375,0.57220458984375,,,,13.017654418945312,26.464462280273438,13.446807861328125,14.155503687263183,13.35800034105713,,QuantData term-structure
2026-08-17T16:00:00-04:00,2026-08-28,11,522.5,put,-0.8557867619607,37.81318664550781,480.62,fixed_strike,27.513504028320312,31.328201293945312,29.897689819335938,26.273727416992188,27.227401733398438,-3.62396240234375,0.57220458984375,,,,13.017654418945312,26.464462280273438,13.446807861328125,14.155503687263183,13.35800034105713,,QuantData term-structure
2026-08-17T16:00:00-04:00,2026-08-28,11,525.0,call,0.036210877300278894,28.085708618164062,480.62,fixed_strike,27.513504028320312,31.328201293945312,29.897689819335938,26.273727416992188,27.227401733398438,-3.62396240234375,0.57220458984375,,,,13.017654418945312,26.464462280273438,13.446807861328125,14.155503687263183,13.35800034105713,,QuantData term-structure
2026-08-17T16:00:00-04:00,2026-08-28,11,525.0,put,-0.8670931528155661,34.57069396972656,480.62,fixed_strike,27.513504028320312,31.328201293945312,29.897689819335938,26.273727416992188,27.227401733398438,-3.62396240234375,0.57220458984375,,,,13.017654418945312,26.464462280273438,13.446807861328125,14.155503687263183,13.35800034105713,,QuantData term-structure
2026-08-17T16:00:00-04:00,2026-08-28,11,527.5,call,0.03431949431587899,28.753280639648438,480.62,fixed_strike,27.513504028320312,31.328201293945312,29.897689819335938,26.273727416992188,27.227401733398438,-3.62396240234375,0.57220458984375,,,,13.017654418945312,26.464462280273438,13.446807861328125,14.155503687263183,13.35800034105713,,QuantData term-structure
2026-08-17T16:00:00-04:00,2026-08-28,11,530.0,call,0.025619428498679375,28.753280639648438,480.62,fixed_strike,27.513504028320312,31.328201293945312,29.897689819335938,26.273727416992188,27.227401733398438,-3.62396240234375,0.57220458984375,,,,13.017654418945312,26.464462280273438,13.446807861328125,14.155503687263183,13.35800034105713,,QuantData term-structure
2026-08-17T16:00:00-04:00,2026-08-28,11,530.0,put,-0.9017498764106383,42.39082336425781,480.62,fixed_strike,27.513504028320312,31.328201293945312,29.897689819335938,26.273727416992188,27.227401733398438,-3.62396240234375,0.57220458984375,,,,13.017654418945312,26.464462280273438,13.446807861328125,14.155503687263183,13.35800034105713,,QuantData term-structure
2026-08-17T16:00:00-04:00,2026-08-28,11,535.0,call,0.01975518825853056,29.706954956054688,480.62,fixed_strike,27.513504028320312,31.328201293945312,29.897689819335938,26.273727416992188,27.227401733398438,-3.62396240234375,0.57220458984375,,,,13.017654418945312,26.464462280273438,13.446807861328125,14.155503687263183,13.35800034105713,,QuantData term-structure
2026-08-17T16:00:00-04:00,2026-08-28,11,535.0,put,-0.895205169766786,47.25456237792969,480.62,fixed_strike,27.513504028320312,31.328201293945312,29.897689819335938,26.273727416992188,27.227401733398438,-3.62396240234375,0.57220458984375,,,,13.017654418945312,26.464462280273438,13.446807861328125,14.155503687263183,13.35800034105713,,QuantData term-structure
2026-08-17T16:00:00-04:00,2026-08-28,11,540.0,call,0.013193288750210934,29.039382934570312,480.62,fixed_strike,27.513504028320312,31.328201293945312,29.897689819335938,26.273727416992188,27.227401733398438,-3.62396240234375,0.57220458984375,,,,13.017654418945312,26.464462280273438,13.446807861328125,14.155503687263183,13.35800034105713,,QuantData term-structure
2026-08-17T16:00:00-04:00,2026-08-28,11,540.0,put,-0.9005590914093575,50.02021789550781,480.62,fixed_strike,27.513504028320312,31.328201293945312,29.897689819335938,26.273727416992188,27.227401733398438,-3.62396240234375,0.57220458984375,,,,13.017654418945312,26.464462280273438,13.446807861328125,14.155503687263183,13.35800034105713,,QuantData term-structure
2026-08-17T16:00:00-04:00,2026-08-28,11,545.0,call,0.008648602667482077,30.183792114257812,480.62,fixed_strike,27.513504028320312,31.328201293945312,29.897689819335938,26.273727416992188,27.227401733398438,-3.62396240234375,0.57220458984375,,,,13.017654418945312,26.464462280273438,13.446807861328125,14.155503687263183,13.35800034105713,,QuantData term-structure
2026-08-17T16:00:00-04:00,2026-08-28,11,545.0,put,-0.9347779450736173,46.11015319824219,480.62,fixed_strike,27.513504028320312,31.328201293945312,29.897689819335938,26.273727416992188,27.227401733398438,-3.62396240234375,0.57220458984375,,,,13.017654418945312,26.464462280273438,13.446807861328125,14.155503687263183,13.35800034105713,,QuantData term-structure
2026-08-17T16:00:00-04:00,2026-08-28,11,550.0,call,0.009948780466594951,32.66334533691406,480.62,fixed_strike,27.513504028320312,31.328201293945312,29.897689819335938,26.273727416992188,27.227401733398438,-3.62396240234375,0.57220458984375,,,,13.017654418945312,26.464462280273438,13.446807861328125,14.155503687263183,13.35800034105713,,QuantData term-structure
2026-08-17T16:00:00-04:00,2026-08-28,11,555.0,call,0.0059425837545489385,32.28187561035156,480.62,fixed_strike,27.513504028320312,31.328201293945312,29.897689819335938,26.273727416992188,27.227401733398438,-3.62396240234375,0.57220458984375,,,,13.017654418945312,26.464462280273438,13.446807861328125,14.155503687263183,13.35800034105713,,QuantData term-structure
2026-08-17T16:00:00-04:00,2026-08-28,11,560.0,call,0.004622590478861236,33.52165222167969,480.62,fixed_strike,27.513504028320312,31.328201293945312,29.897689819335938,26.273727416992188,27.227401733398438,-3.62396240234375,0.57220458984375,,,,13.017654418945312,26.464462280273438,13.446807861328125,14.155503687263183,13.35800034105713,,QuantData term-structure
2026-08-17T16:00:00-04:00,2026-08-28,11,565.0,call,0.010077578687839482,39.52980041503906,480.62,fixed_strike,27.513504028320312,31.328201293945312,29.897689819335938,26.273727416992188,27.227401733398438,-3.62396240234375,0.57220458984375,,,,13.017654418945312,26.464462280273438,13.446807861328125,14.155503687263183,13.35800034105713,,QuantData term-structure
2026-08-17T16:00:00-04:00,2026-08-28,11,570.0,call,0.003277060285743723,35.81047058105469,480.62,fixed_strike,27.513504028320312,31.328201293945312,29.897689819335938,26.273727416992188,27.227401733398438,-3.62396240234375,0.57220458984375,,,,13.017654418945312,26.464462280273438,13.446807861328125,14.155503687263183,13.35800034105713,,QuantData term-structure
2026-08-17T16:00:00-04:00,2026-08-28,11,575.0,call,0.00888357646415525,40.00663757324219,480.62,fixed_strike,27.513504028320312,31.328201293945312,29.897689819335938,26.273727416992188,27.227401733398438,-3.62396240234375,0.57220458984375,,,,13.017654418945312,26.464462280273438,13.446807861328125,14.155503687263183,13.35800034105713,,QuantData term-structure
2026-08-17T16:00:00-04:00,2026-08-28,11,580.0,call,0.002216918705293352,37.14561462402344,480.62,fixed_strike,27.513504028320312,31.328201293945312,29.897689819335938,26.273727416992188,27.227401733398438,-3.62396240234375,0.57220458984375,,,,13.017654418945312,26.464462280273438,13.446807861328125,14.155503687263183,13.35800034105713,,QuantData term-structure
2026-08-17T16:00:00-04:00,2026-08-28,11,585.0,call,0.008382485881201865,43.72596740722656,480.62,fixed_strike,27.513504028320312,31.328201293945312,29.897689819335938,26.273727416992188,27.227401733398438,-3.62396240234375,0.57220458984375,,,,13.017654418945312,26.464462280273438,13.446807861328125,14.155503687263183,13.35800034105713,,QuantData term-structure
2026-08-17T16:00:00-04:00,2026-08-28,11,590.0,call,0.007792158509683085,47.44529724121094,480.62,fixed_strike,27.513504028320312,31.328201293945312,29.897689819335938,26.273727416992188,27.227401733398438,-3.62396240234375,0.57220458984375,,,,13.017654418945312,26.464462280273438,13.446807861328125,14.155503687263183,13.35800034105713,,QuantData term-structure
2026-08-17T16:00:00-04:00,2026-08-28,11,600.0,call,0.0011025543038655084,40.67420959472656,480.62,fixed_strike,27.513504028320312,31.328201293945312,29.897689819335938,26.273727416992188,27.227401733398438,-3.62396240234375,0.57220458984375,,,,13.017654418945312,26.464462280273438,13.446807861328125,14.155503687263183,13.35800034105713,,QuantData term-structure
2026-08-17T16:00:00-04:00,2026-08-28,11,660.0,call,0.0036895082937542277,64.70680236816406,480.62,fixed_strike,27.513504028320312,31.328201293945312,29.897689819335938,26.273727416992188,27.227401733398438,-3.62396240234375,0.57220458984375,,,,13.017654418945312,26.464462280273438,13.446807861328125,14.155503687263183,13.35800034105713,,QuantData term-structure
2026-08-17T16:00:00-04:00,2026-08-31,14,425.0,call,1.0,0.0476837158203125,480.62,fixed_strike,26.273727416992188,29.420852661132812,27.799606323242188,24.652481079101562,25.129318237304688,-3.147125244140625,-0.0476837158203125,,,,13.017654418945312,26.464462280273438,13.446807861328125,14.155503687263183,12.118223729729005,,QuantData term-structure
2026-08-17T16:00:00-04:00,2026-08-31,14,425.0,put,-0.03128735843992536,34.47532653808594,480.62,fixed_strike,26.273727416992188,29.420852661132812,27.799606323242188,24.652481079101562,25.129318237304688,-3.147125244140625,-0.0476837158203125,,,,13.017654418945312,26.464462280273438,13.446807861328125,14.155503687263183,12.118223729729005,,QuantData term-structure
2026-08-17T16:00:00-04:00,2026-08-31,14,430.0,call,1.0,0.0476837158203125,480.62,fixed_strike,26.273727416992188,29.420852661132812,27.799606323242188,24.652481079101562,25.129318237304688,-3.147125244140625,-0.0476837158203125,,,,13.017654418945312,26.464462280273438,13.446807861328125,14.155503687263183,12.118223729729005,,QuantData term-structure
2026-08-17T16:00:00-04:00,2026-08-31,14,430.0,put,-0.03450013172506402,32.47261047363281,480.62,fixed_strike,26.273727416992188,29.420852661132812,27.799606323242188,24.652481079101562,25.129318237304688,-3.147125244140625,-0.0476837158203125,,,,13.017654418945312,26.464462280273438,13.446807861328125,14.155503687263183,12.118223729729005,,QuantData term-structure
2026-08-17T16:00:00-04:00,2026-08-31,14,435.0,call,1.0,0.0476837158203125,480.62,fixed_strike,26.273727416992188,29.420852661132812,27.799606323242188,24.652481079101562,25.129318237304688,-3.147125244140625,-0.0476837158203125,,,,13.017654418945312,26.464462280273438,13.446807861328125,14.155503687263183,12.118223729729005,,QuantData term-structure
2026-08-17T16:00:00-04:00,2026-08-31,14,440.0,call,1.0,0.0476837158203125,480.62,fixed_strike,26.273727416992188,29.420852661132812,27.799606323242188,24.652481079101562,25.129318237304688,-3.147125244140625,-0.0476837158203125,,,,13.017654418945312,26.464462280273438,13.446807861328125,14.155503687263183,12.118223729729005,,QuantData term-structure
2026-08-17T16:00:00-04:00,2026-08-31,14,440.0,put,-0.06502865456610185,31.042098999023438,480.62,fixed_strike,26.273727416992188,29.420852661132812,27.799606323242188,24.652481079101562,25.129318237304688,-3.147125244140625,-0.0476837158203125,,,,13.017654418945312,26.464462280273438,13.446807861328125,14.155503687263183,12.118223729729005,,QuantData term-structure
2026-08-17T16:00:00-04:00,2026-08-31,14,445.0,call,1.0,0.0476837158203125,480.62,fixed_strike,26.273727416992188,29.420852661132812,27.799606323242188,24.652481079101562,25.129318237304688,-3.147125244140625,-0.0476837158203125,,,,13.017654418945312,26.464462280273438,13.446807861328125,14.155503687263183,12.118223729729005,,QuantData term-structure
2026-08-17T16:00:00-04:00,2026-08-31,14,445.0,put,-0.08529960955351423,29.420852661132812,480.62,fixed_strike,26.273727416992188,29.420852661132812,27.799606323242188,24.652481079101562,25.129318237304688,-3.147125244140625,-0.0476837158203125,,,,13.017654418945312,26.464462280273438,13.446807861328125,14.155503687263183,12.118223729729005,,QuantData term-structure
2026-08-17T16:00:00-04:00,2026-08-31,14,450.0,call,0.9393202771212767,21.886825561523438,480.62,fixed_strike,26.273727416992188,29.420852661132812,27.799606323242188,24.652481079101562,25.129318237304688,-3.147125244140625,-0.0476837158203125,,,,13.017654418945312,26.464462280273438,13.446807861328125,14.155503687263183,12.118223729729005,,QuantData term-structure
2026-08-17T16:00:00-04:00,2026-08-31,14,450.0,put,-0.12273755722347113,29.611587524414062,480.62,fixed_strike,26.273727416992188,29.420852661132812,27.799606323242188,24.652481079101562,25.129318237304688,-3.147125244140625,-0.0476837158203125,,,,13.017654418945312,26.464462280273438,13.446807861328125,14.155503687263183,12.118223729729005,,QuantData term-structure
2026-08-17T16:00:00-04:00,2026-08-31,14,455.0,put,-0.14992232806602407,28.371810913085938,480.62,fixed_strike,26.273727416992188,29.420852661132812,27.799606323242188,24.652481079101562,25.129318237304688,-3.147125244140625,-0.0476837158203125,,,,13.017654418945312,26.464462280273438,13.446807861328125,14.155503687263183,12.118223729729005,,QuantData term-structure
2026-08-17T16:00:00-04:00,2026-08-31,14,460.0,call,0.8016017379596259,26.369094848632812,480.62,fixed_strike,26.273727416992188,29.420852661132812,27.799606323242188,24.652481079101562,25.129318237304688,-3.147125244140625,-0.0476837158203125,,,,13.017654418945312,26.464462280273438,13.446807861328125,14.155503687263183,12.118223729729005,,QuantData term-structure
2026-08-17T16:00:00-04:00,2026-08-31,14,460.0,put,-0.20419894709698122,27.799606323242188,480.62,fixed_strike,26.273727416992188,29.420852661132812,27.799606323242188,24.652481079101562,25.129318237304688,-3.147125244140625,-0.0476837158203125,,,,13.017654418945312,26.464462280273438,13.446807861328125,14.155503687263183,12.118223729729005,,QuantData term-structure
2026-08-17T16:00:00-04:00,2026-08-31,14,465.0,call,0.7746862743070688,23.984909057617188,480.62,fixed_strike,26.273727416992188,29.420852661132812,27.799606323242188,24.652481079101562,25.129318237304688,-3.147125244140625,-0.0476837158203125,,,,13.017654418945312,26.464462280273438,13.446807861328125,14.155503687263183,12.118223729729005,,QuantData term-structure
2026-08-17T16:00:00-04:00,2026-08-31,14,465.0,put,-0.25538333154135306,27.799606323242188,480.62,fixed_strike,26.273727416992188,29.420852661132812,27.799606323242188,24.652481079101562,25.129318237304688,-3.147125244140625,-0.0476837158203125,,,,13.017654418945312,26.464462280273438,13.446807861328125,14.155503687263183,12.118223729729005,,QuantData term-structure
2026-08-17T16:00:00-04:00,2026-08-31,14,470.0,call,0.6767514713271603,24.175643920898438,480.62,fixed_strike,26.273727416992188,29.420852661132812,27.799606323242188,24.652481079101562,25.129318237304688,-3.147125244140625,-0.0476837158203125,,,,13.017654418945312,26.464462280273438,13.446807861328125,14.155503687263183,12.118223729729005,,QuantData term-structure
2026-08-17T16:00:00-04:00,2026-08-31,14,470.0,put,-0.3321522875058779,27.704238891601562,480.62,fixed_strike,26.273727416992188,29.420852661132812,27.799606323242188,24.652481079101562,25.129318237304688,-3.147125244140625,-0.0476837158203125,,,,13.017654418945312,26.464462280273438,13.446807861328125,14.155503687263183,12.118223729729005,,QuantData term-structure
2026-08-17T16:00:00-04:00,2026-08-31,14,475.0,call,0.614668146875314,24.843215942382812,480.62,fixed_strike,26.273727416992188,29.420852661132812,27.799606323242188,24.652481079101562,25.129318237304688,-3.147125244140625,-0.0476837158203125,,,,13.017654418945312,26.464462280273438,13.446807861328125,14.155503687263183,12.118223729729005,,QuantData term-structure
2026-08-17T16:00:00-04:00,2026-08-31,14,475.0,put,-0.39526319989679826,27.704238891601562,480.62,fixed_strike,26.273727416992188,29.420852661132812,27.799606323242188,24.652481079101562,25.129318237304688,-3.147125244140625,-0.0476837158203125,,,,13.017654418945312,26.464462280273438,13.446807861328125,14.155503687263183,12.118223729729005,,QuantData term-structure
2026-08-17T16:00:00-04:00,2026-08-31,14,480.0,call,0.546100210241491,24.938583374023438,480.62,fixed_strike,26.273727416992188,29.420852661132812,27.799606323242188,24.652481079101562,25.129318237304688,-3.147125244140625,-0.0476837158203125,,,,13.017654418945312,26.464462280273438,13.446807861328125,14.155503687263183,12.118223729729005,,QuantData term-structure
2026-08-17T16:00:00-04:00,2026-08-31,14,480.0,put,-0.4810216995831354,27.608871459960938,480.62,fixed_strike,26.273727416992188,29.420852661132812,27.799606323242188,24.652481079101562,25.129318237304688,-3.147125244140625,-0.0476837158203125,,,,13.017654418945312,26.464462280273438,13.446807861328125,14.155503687263183,12.118223729729005,,QuantData term-structure
2026-08-17T16:00:00-04:00,2026-08-31,14,485.0,call,0.44379988047456853,23.794174194335938,480.62,fixed_strike,26.273727416992188,29.420852661132812,27.799606323242188,24.652481079101562,25.129318237304688,-3.147125244140625,-0.0476837158203125,,,,13.017654418945312,26.464462280273438,13.446807861328125,14.155503687263183,12.118223729729005,,QuantData term-structure
2026-08-17T16:00:00-04:00,2026-08-31,14,485.0,put,-0.5407774110008828,28.371810913085938,480.62,fixed_strike,26.273727416992188,29.420852661132812,27.799606323242188,24.652481079101562,25.129318237304688,-3.147125244140625,-0.0476837158203125,,,,13.017654418945312,26.464462280273438,13.446807861328125,14.155503687263183,12.118223729729005,,QuantData term-structure
2026-08-17T16:00:00-04:00,2026-08-31,14,490.0,call,0.3532245019617345,24.652481079101562,480.62,fixed_strike,26.273727416992188,29.420852661132812,27.799606323242188,24.652481079101562,25.129318237304688,-3.147125244140625,-0.0476837158203125,,,,13.017654418945312,26.464462280273438,13.446807861328125,14.155503687263183,12.118223729729005,,QuantData term-structure
2026-08-17T16:00:00-04:00,2026-08-31,14,490.0,put,-0.5666571838901602,26.559829711914062,480.62,fixed_strike,26.273727416992188,29.420852661132812,27.799606323242188,24.652481079101562,25.129318237304688,-3.147125244140625,-0.0476837158203125,,,,13.017654418945312,26.464462280273438,13.446807861328125,14.155503687263183,12.118223729729005,,QuantData term-structure
2026-08-17T16:00:00-04:00,2026-08-31,14,495.0,call,0.2876043057075367,24.175643920898438,480.62,fixed_strike,26.273727416992188,29.420852661132812,27.799606323242188,24.652481079101562,25.129318237304688,-3.147125244140625,-0.0476837158203125,,,,13.017654418945312,26.464462280273438,13.446807861328125,14.155503687263183,12.118223729729005,,QuantData term-structure
2026-08-17T16:00:00-04:00,2026-08-31,14,495.0,put,-0.6807348107677624,28.371810913085938,480.62,fixed_strike,26.273727416992188,29.420852661132812,27.799606323242188,24.652481079101562,25.129318237304688,-3.147125244140625,-0.0476837158203125,,,,13.017654418945312,26.464462280273438,13.446807861328125,14.155503687263183,12.118223729729005,,QuantData term-structure
2026-08-17T16:00:00-04:00,2026-08-31,14,500.0,call,0.2254981104758007,24.652481079101562,480.62,fixed_strike,26.273727416992188,29.420852661132812,27.799606323242188,24.652481079101562,25.129318237304688,-3.147125244140625,-0.0476837158203125,,,,13.017654418945312,26.464462280273438,13.446807861328125,14.155503687263183,12.118223729729005,,QuantData term-structure
2026-08-17T16:00:00-04:00,2026-08-31,14,500.0,put,-0.7081296255674636,26.464462280273438,480.62,fixed_strike,26.273727416992188,29.420852661132812,27.799606323242188,24.652481079101562,25.129318237304688,-3.147125244140625,-0.0476837158203125,,,,13.017654418945312,26.464462280273438,13.446807861328125,14.155503687263183,12.118223729729005,,QuantData term-structure
2026-08-17T16:00:00-04:00,2026-08-31,14,505.0,call,0.17263327185319904,25.033950805664062,480.62,fixed_strike,26.273727416992188,29.420852661132812,27.799606323242188,24.652481079101562,25.129318237304688,-3.147125244140625,-0.0476837158203125,,,,13.017654418945312,26.464462280273438,13.446807861328125,14.155503687263183,12.118223729729005,,QuantData term-structure
2026-08-17T16:00:00-04:00,2026-08-31,14,505.0,put,-0.7725971037891857,28.467178344726562,480.62,fixed_strike,26.273727416992188,29.420852661132812,27.799606323242188,24.652481079101562,25.129318237304688,-3.147125244140625,-0.0476837158203125,,,,13.017654418945312,26.464462280273438,13.446807861328125,14.155503687263183,12.118223729729005,,QuantData term-structure
2026-08-17T16:00:00-04:00,2026-08-31,14,510.0,call,0.12625236370951692,25.224685668945312,480.62,fixed_strike,26.273727416992188,29.420852661132812,27.799606323242188,24.652481079101562,25.129318237304688,-3.147125244140625,-0.0476837158203125,,,,13.017654418945312,26.464462280273438,13.446807861328125,14.155503687263183,12.118223729729005,,QuantData term-structure
2026-08-17T16:00:00-04:00,2026-08-31,14,510.0,put,-0.828340825345889,31.614303588867188,480.62,fixed_strike,26.273727416992188,29.420852661132812,27.799606323242188,24.652481079101562,25.129318237304688,-3.147125244140625,-0.0476837158203125,,,,13.017654418945312,26.464462280273438,13.446807861328125,14.155503687263183,12.118223729729005,,QuantData term-structure
2026-08-17T16:00:00-04:00,2026-08-31,14,515.0,call,0.09229852986717851,25.129318237304688,480.62,fixed_strike,26.273727416992188,29.420852661132812,27.799606323242188,24.652481079101562,25.129318237304688,-3.147125244140625,-0.0476837158203125,,,,13.017654418945312,26.464462280273438,13.446807861328125,14.155503687263183,12.118223729729005,,QuantData term-structure
2026-08-17T16:00:00-04:00,2026-08-31,14,520.0,call,0.0688477179383486,26.559829711914062,480.62,fixed_strike,26.273727416992188,29.420852661132812,27.799606323242188,24.652481079101562,25.129318237304688,-3.147125244140625,-0.0476837158203125,,,,13.017654418945312,26.464462280273438,13.446807861328125,14.155503687263183,12.118223729729005,,QuantData term-structure
2026-08-17T16:00:00-04:00,2026-08-31,14,525.0,call,0.04531308065964246,25.796890258789062,480.62,fixed_strike,26.273727416992188,29.420852661132812,27.799606323242188,24.652481079101562,25.129318237304688,-3.147125244140625,-0.0476837158203125,,,,13.017654418945312,26.464462280273438,13.446807861328125,14.155503687263183,12.118223729729005,,QuantData term-structure
2026-08-17T16:00:00-04:00,2026-08-31,14,530.0,call,0.03238684098593814,26.273727416992188,480.62,fixed_strike,26.273727416992188,29.420852661132812,27.799606323242188,24.652481079101562,25.129318237304688,-3.147125244140625,-0.0476837158203125,,,,13.017654418945312,26.464462280273438,13.446807861328125,14.155503687263183,12.118223729729005,,QuantData term-structure
2026-08-17T16:00:00-04:00,2026-08-31,14,535.0,call,0.028006654049560667,25.033950805664062,480.62,fixed_strike,26.273727416992188,29.420852661132812,27.799606323242188,24.652481079101562,25.129318237304688,-3.147125244140625,-0.0476837158203125,,,,13.017654418945312,26.464462280273438,13.446807861328125,14.155503687263183,12.118223729729005,,QuantData term-structure
2026-08-17T16:00:00-04:00,2026-08-31,14,540.0,call,0.015038057844951394,26.750564575195312,480.62,fixed_strike,26.273727416992188,29.420852661132812,27.799606323242188,24.652481079101562,25.129318237304688,-3.147125244140625,-0.0476837158203125,,,,13.017654418945312,26.464462280273438,13.446807861328125,14.155503687263183,12.118223729729005,,QuantData term-structure
2026-08-17T16:00:00-04:00,2026-08-31,14,545.0,call,0.008411980683325179,26.273727416992188,480.62,fixed_strike,26.273727416992188,29.420852661132812,27.799606323242188,24.652481079101562,25.129318237304688,-3.147125244140625,-0.0476837158203125,,,,13.017654418945312,26.464462280273438,13.446807861328125,14.155503687263183,12.118223729729005,,QuantData term-structure
2026-08-17T16:00:00-04:00,2026-08-31,14,550.0,call,0.010060199198625972,28.848648071289062,480.62,fixed_strike,26.273727416992188,29.420852661132812,27.799606323242188,24.652481079101562,25.129318237304688,-3.147125244140625,-0.0476837158203125,,,,13.017654418945312,26.464462280273438,13.446807861328125,14.155503687263183,12.118223729729005,,QuantData term-structure
2026-08-17T16:00:00-04:00,2026-08-31,14,555.0,call,0.011563882368184519,29.802322387695312,480.62,fixed_strike,26.273727416992188,29.420852661132812,27.799606323242188,24.652481079101562,25.129318237304688,-3.147125244140625,-0.0476837158203125,,,,13.017654418945312,26.464462280273438,13.446807861328125,14.155503687263183,12.118223729729005,,QuantData term-structure
2026-08-17T16:00:00-04:00,2026-09-04,18,280.0,put,-0.003916101426537124,95.22438049316406,480.62,fixed_strike,26.941299438476562,31.042098999023438,28.848648071289062,25.510787963867188,26.082992553710938,-3.337860107421875,0.2384185791015625,,,,13.017654418945312,26.464462280273438,13.446807861328125,14.155503687263183,12.78579575121338,,QuantData term-structure
2026-08-17T16:00:00-04:00,2026-09-04,18,290.0,put,-0.000883844518484364,74.43428039550781,480.62,fixed_strike,26.941299438476562,31.042098999023438,28.848648071289062,25.510787963867188,26.082992553710938,-3.337860107421875,0.2384185791015625,,,,13.017654418945312,26.464462280273438,13.446807861328125,14.155503687263183,12.78579575121338,,QuantData term-structure
2026-08-17T16:00:00-04:00,2026-09-04,18,300.0,put,-0.00463225624831487,84.63859558105469,480.62,fixed_strike,26.941299438476562,31.042098999023438,28.848648071289062,25.510787963867188,26.082992553710938,-3.337860107421875,0.2384185791015625,,,,13.017654418945312,26.464462280273438,13.446807861328125,14.155503687263183,12.78579575121338,,QuantData term-structure
2026-08-17T16:00:00-04:00,2026-09-04,18,305.0,put,-0.0005266214474015707,64.32533264160156,480.62,fixed_strike,26.941299438476562,31.042098999023438,28.848648071289062,25.510787963867188,26.082992553710938,-3.337860107421875,0.2384185791015625,,,,13.017654418945312,26.464462280273438,13.446807861328125,14.155503687263183,12.78579575121338,,QuantData term-structure
2026-08-17T16:00:00-04:00,2026-09-04,18,320.0,call,1.0,0.0476837158203125,480.62,fixed_strike,26.941299438476562,31.042098999023438,28.848648071289062,25.510787963867188,26.082992553710938,-3.337860107421875,0.2384185791015625,,,,13.017654418945312,26.464462280273438,13.446807861328125,14.155503687263183,12.78579575121338,,QuantData term-structure
2026-08-17T16:00:00-04:00,2026-09-04,18,325.0,call,1.0,0.0476837158203125,480.62,fixed_strike,26.941299438476562,31.042098999023438,28.848648071289062,25.510787963867188,26.082992553710938,-3.337860107421875,0.2384185791015625,,,,13.017654418945312,26.464462280273438,13.446807861328125,14.155503687263183,12.78579575121338,,QuantData term-structure
2026-08-17T16:00:00-04:00,2026-09-04,18,340.0,put,-0.0026035468810855947,57.55424499511719,480.62,fixed_strike,26.941299438476562,31.042098999023438,28.848648071289062,25.510787963867188,26.082992553710938,-3.337860107421875,0.2384185791015625,,,,13.017654418945312,26.464462280273438,13.446807861328125,14.155503687263183,12.78579575121338,,QuantData term-structure
2026-08-17T16:00:00-04:00,2026-09-04,18,345.0,put,-0.006164586991041664,62.79945373535156,480.62,fixed_strike,26.941299438476562,31.042098999023438,28.848648071289062,25.510787963867188,26.082992553710938,-3.337860107421875,0.2384185791015625,,,,13.017654418945312,26.464462280273438,13.446807861328125,14.155503687263183,12.78579575121338,,QuantData term-structure
2026-08-17T16:00:00-04:00,2026-09-04,18,350.0,put,-0.006532619021331807,59.08012390136719,480.62,fixed_strike,26.941299438476562,31.042098999023438,28.848648071289062,25.510787963867188,26.082992553710938,-3.337860107421875,0.2384185791015625,,,,13.017654418945312,26.464462280273438,13.446807861328125,14.155503687263183,12.78579575121338,,QuantData term-structure
2026-08-17T16:00:00-04:00,2026-09-04,18,355.0,put,-0.006879883672011197,56.88667297363281,480.62,fixed_strike,26.941299438476562,31.042098999023438,28.848648071289062,25.510787963867188,26.082992553710938,-3.337860107421875,0.2384185791015625,,,,13.017654418945312,26.464462280273438,13.446807861328125,14.155503687263183,12.78579575121338,,QuantData term-structure
2026-08-17T16:00:00-04:00,2026-09-04,18,360.0,put,-0.007219130935542059,56.21910095214844,480.62,fixed_strike,26.941299438476562,31.042098999023438,28.848648071289062,25.510787963867188,26.082992553710938,-3.337860107421875,0.2384185791015625,,,,13.017654418945312,26.464462280273438,13.446807861328125,14.155503687263183,12.78579575121338,,QuantData term-structure
2026-08-17T16:00:00-04:00,2026-09-04,18,365.0,put,-0.0037890633561236714,47.34992980957031,480.62,fixed_strike,26.941299438476562,31.042098999023438,28.848648071289062,25.510787963867188,26.082992553710938,-3.337860107421875,0.2384185791015625,,,,13.017654418945312,26.464462280273438,13.446807861328125,14.155503687263183,12.78579575121338,,QuantData term-structure
2026-08-17T16:00:00-04:00,2026-09-04,18,370.0,put,-0.004348417816658286,46.30088806152344,480.62,fixed_strike,26.941299438476562,31.042098999023438,28.848648071289062,25.510787963867188,26.082992553710938,-3.337860107421875,0.2384185791015625,,,,13.017654418945312,26.464462280273438,13.446807861328125,14.155503687263183,12.78579575121338,,QuantData term-structure
2026-08-17T16:00:00-04:00,2026-09-04,18,375.0,put,-0.0058754916759591255,46.87309265136719,480.62,fixed_strike,26.941299438476562,31.042098999023438,28.848648071289062,25.510787963867188,26.082992553710938,-3.337860107421875,0.2384185791015625,,,,13.017654418945312,26.464462280273438,13.446807861328125,14.155503687263183,12.78579575121338,,QuantData term-structure
2026-08-17T16:00:00-04:00,2026-09-04,18,380.0,put,-0.008409956687276461,45.15647888183594,480.62,fixed_strike,26.941299438476562,31.042098999023438,28.848648071289062,25.510787963867188,26.082992553710938,-3.337860107421875,0.2384185791015625,,,,13.017654418945312,26.464462280273438,13.446807861328125,14.155503687263183,12.78579575121338,,QuantData term-structure
2026-08-17T16:00:00-04:00,2026-09-04,18,385.0,call,1.0,0.0476837158203125,480.62,fixed_strike,26.941299438476562,31.042098999023438,28.848648071289062,25.510787963867188,26.082992553710938,-3.337860107421875,0.2384185791015625,,,,13.017654418945312,26.464462280273438,13.446807861328125,14.155503687263183,12.78579575121338,,QuantData term-structure
2026-08-17T16:00:00-04:00,2026-09-04,18,385.0,put,-0.009328227529667485,43.53523254394531,480.62,fixed_strike,26.941299438476562,31.042098999023438,28.848648071289062,25.510787963867188,26.082992553710938,-3.337860107421875,0.2384185791015625,,,,13.017654418945312,26.464462280273438,13.446807861328125,14.155503687263183,12.78579575121338,,QuantData term-structure
2026-08-17T16:00:00-04:00,2026-09-04,18,390.0,call,0.9707624690999419,51.06925964355469,480.62,fixed_strike,26.941299438476562,31.042098999023438,28.848648071289062,25.510787963867188,26.082992553710938,-3.337860107421875,0.2384185791015625,,,,13.017654418945312,26.464462280273438,13.446807861328125,14.155503687263183,12.78579575121338,,QuantData term-structure
2026-08-17T16:00:00-04:00,2026-09-04,18,390.0,put,-0.009621800229537203,41.34178161621094,480.62,fixed_strike,26.941299438476562,31.042098999023438,28.848648071289062,25.510787963867188,26.082992553710938,-3.337860107421875,0.2384185791015625,,,,13.017654418945312,26.464462280273438,13.446807861328125,14.155503687263183,12.78579575121338,,QuantData term-structure
2026-08-17T16:00:00-04:00,2026-09-04,18,395.0,call,1.0,0.0476837158203125,480.62,fixed_strike,26.941299438476562,31.042098999023438,28.848648071289062,25.510787963867188,26.082992553710938,-3.337860107421875,0.2384185791015625,,,,13.017654418945312,26.464462280273438,13.446807861328125,14.155503687263183,12.78579575121338,,QuantData term-structure
2026-08-17T16:00:00-04:00,2026-09-04,18,395.0,put,-0.0103882441646462,38.95759582519531,480.62,fixed_strike,26.941299438476562,31.042098999023438,28.848648071289062,25.510787963867188,26.082992553710938,-3.337860107421875,0.2384185791015625,,,,13.017654418945312,26.464462280273438,13.446807861328125,14.155503687263183,12.78579575121338,,QuantData term-structure
2026-08-17T16:00:00-04:00,2026-09-04,18,400.0,call,1.0,0.0476837158203125,480.62,fixed_strike,26.941299438476562,31.042098999023438,28.848648071289062,25.510787963867188,26.082992553710938,-3.337860107421875,0.2384185791015625,,,,13.017654418945312,26.464462280273438,13.446807861328125,14.155503687263183,12.78579575121338,,QuantData term-structure
2026-08-17T16:00:00-04:00,2026-09-04,18,400.0,put,-0.013605190439135282,38.38539123535156,480.62,fixed_strike,26.941299438476562,31.042098999023438,28.848648071289062,25.510787963867188,26.082992553710938,-3.337860107421875,0.2384185791015625,,,,13.017654418945312,26.464462280273438,13.446807861328125,14.155503687263183,12.78579575121338,,QuantData term-structure
2026-08-17T16:00:00-04:00,2026-09-04,18,405.0,call,0.9997626707782258,23.126602172851562,480.62,fixed_strike,26.941299438476562,31.042098999023438,28.848648071289062,25.510787963867188,26.082992553710938,-3.337860107421875,0.2384185791015625,,,,13.017654418945312,26.464462280273438,13.446807861328125,14.155503687263183,12.78579575121338,,QuantData term-structure
2026-08-17T16:00:00-04:00,2026-09-04,18,405.0,put,-0.018654989940291283,37.81318664550781,480.62,fixed_strike,26.941299438476562,31.042098999023438,28.848648071289062,25.510787963867188,26.082992553710938,-3.337860107421875,0.2384185791015625,,,,13.017654418945312,26.464462280273438,13.446807861328125,14.155503687263183,12.78579575121338,,QuantData term-structure
2026-08-17T16:00:00-04:00,2026-09-04,18,410.0,call,0.9937150074713067,30.469894409179688,480.62,fixed_strike,26.941299438476562,31.042098999023438,28.848648071289062,25.510787963867188,26.082992553710938,-3.337860107421875,0.2384185791015625,,,,13.017654418945312,26.464462280273438,13.446807861328125,14.155503687263183,12.78579575121338,,QuantData term-structure
2026-08-17T16:00:00-04:00,2026-09-04,18,410.0,put,-0.02046749511230627,36.09657287597656,480.62,fixed_strike,26.941299438476562,31.042098999023438,28.848648071289062,25.510787963867188,26.082992553710938,-3.337860107421875,0.2384185791015625,,,,13.017654418945312,26.464462280273438,13.446807861328125,14.155503687263183,12.78579575121338,,QuantData term-structure
2026-08-17T16:00:00-04:00,2026-09-04,18,415.0,call,1.0,0.0476837158203125,480.62,fixed_strike,26.941299438476562,31.042098999023438,28.848648071289062,25.510787963867188,26.082992553710938,-3.337860107421875,0.2384185791015625,,,,13.017654418945312,26.464462280273438,13.446807861328125,14.155503687263183,12.78579575121338,,QuantData term-structure
2026-08-17T16:00:00-04:00,2026-09-04,18,415.0,put,-0.027499786284427202,35.04753112792969,480.62,fixed_strike,26.941299438476562,31.042098999023438,28.848648071289062,25.510787963867188,26.082992553710938,-3.337860107421875,0.2384185791015625,,,,13.017654418945312,26.464462280273438,13.446807861328125,14.155503687263183,12.78579575121338,,QuantData term-structure
2026-08-17T16:00:00-04:00,2026-09-04,18,420.0,call,1.0,0.0476837158203125,480.62,fixed_strike,26.941299438476562,31.042098999023438,28.848648071289062,25.510787963867188,26.082992553710938,-3.337860107421875,0.2384185791015625,,,,13.017654418945312,26.464462280273438,13.446807861328125,14.155503687263183,12.78579575121338,,QuantData term-structure
2026-08-17T16:00:00-04:00,2026-09-04,18,420.0,put,-0.03493386128102858,34.09385681152344,480.62,fixed_strike,26.941299438476562,31.042098999023438,28.848648071289062,25.510787963867188,26.082992553710938,-3.337860107421875,0.2384185791015625,,,,13.017654418945312,26.464462280273438,13.446807861328125,14.155503687263183,12.78579575121338,,QuantData term-structure
2026-08-17T16:00:00-04:00,2026-09-04,18,425.0,call,1.0,0.0476837158203125,480.62,fixed_strike,26.941299438476562,31.042098999023438,28.848648071289062,25.510787963867188,26.082992553710938,-3.337860107421875,0.2384185791015625,,,,13.017654418945312,26.464462280273438,13.446807861328125,14.155503687263183,12.78579575121338,,QuantData term-structure
2026-08-17T16:00:00-04:00,2026-09-04,18,425.0,put,-0.04391378582777283,33.42628479003906,480.62,fixed_strike,26.941299438476562,31.042098999023438,28.848648071289062,25.510787963867188,26.082992553710938,-3.337860107421875,0.2384185791015625,,,,13.017654418945312,26.464462280273438,13.446807861328125,14.155503687263183,12.78579575121338,,QuantData term-structure
2026-08-17T16:00:00-04:00,2026-09-04,18,430.0,call,0.9773701369300412,25.320053100585938,480.62,fixed_strike,26.941299438476562,31.042098999023438,28.848648071289062,25.510787963867188,26.082992553710938,-3.337860107421875,0.2384185791015625,,,,13.017654418945312,26.464462280273438,13.446807861328125,14.155503687263183,12.78579575121338,,QuantData term-structure
2026-08-17T16:00:00-04:00,2026-09-04,18,430.0,put,-0.05593971213166482,32.56797790527344,480.62,fixed_strike,26.941299438476562,31.042098999023438,28.848648071289062,25.510787963867188,26.082992553710938,-3.337860107421875,0.2384185791015625,,,,13.017654418945312,26.464462280273438,13.446807861328125,14.155503687263183,12.78579575121338,,QuantData term-structure
2026-08-17T16:00:00-04:00,2026-09-04,18,435.0,call,0.9541408251830152,26.941299438476562,480.62,fixed_strike,26.941299438476562,31.042098999023438,28.848648071289062,25.510787963867188,26.082992553710938,-3.337860107421875,0.2384185791015625,,,,13.017654418945312,26.464462280273438,13.446807861328125,14.155503687263183,12.78579575121338,,QuantData term-structure
2026-08-17T16:00:00-04:00,2026-09-04,18,435.0,put,-0.07056261570835848,31.709671020507812,480.62,fixed_strike,26.941299438476562,31.042098999023438,28.848648071289062,25.510787963867188,26.082992553710938,-3.337860107421875,0.2384185791015625,,,,13.017654418945312,26.464462280273438,13.446807861328125,14.155503687263183,12.78579575121338,,QuantData term-structure
2026-08-17T16:00:00-04:00,2026-09-04,18,440.0,call,0.9560604563990501,23.603439331054688,480.62,fixed_strike,26.941299438476562,31.042098999023438,28.848648071289062,25.510787963867188,26.082992553710938,-3.337860107421875,0.2384185791015625,,,,13.017654418945312,26.464462280273438,13.446807861328125,14.155503687263183,12.78579575121338,,QuantData term-structure
2026-08-17T16:00:00-04:00,2026-09-04,18,440.0,put,-0.08833567748760651,31.042098999023438,480.62,fixed_strike,26.941299438476562,31.042098999023438,28.848648071289062,25.510787963867188,26.082992553710938,-3.337860107421875,0.2384185791015625,,,,13.017654418945312,26.464462280273438,13.446807861328125,14.155503687263183,12.78579575121338,,QuantData term-structure
2026-08-17T16:00:00-04:00,2026-09-04,18,445.0,call,0.9075812133128228,26.273727416992188,480.62,fixed_strike,26.941299438476562,31.042098999023438,28.848648071289062,25.510787963867188,26.082992553710938,-3.337860107421875,0.2384185791015625,,,,13.017654418945312,26.464462280273438,13.446807861328125,14.155503687263183,12.78579575121338,,QuantData term-structure
2026-08-17T16:00:00-04:00,2026-09-04,18,445.0,put,-0.11198604590956507,30.279159545898438,480.62,fixed_strike,26.941299438476562,31.042098999023438,28.848648071289062,25.510787963867188,26.082992553710938,-3.337860107421875,0.2384185791015625,,,,13.017654418945312,26.464462280273438,13.446807861328125,14.155503687263183,12.78579575121338,,QuantData term-structure
2026-08-17T16:00:00-04:00,2026-09-04,18,450.0,call,0.8873169623244146,25.892257690429688,480.62,fixed_strike,26.941299438476562,31.042098999023438,28.848648071289062,25.510787963867188,26.082992553710938,-3.337860107421875,0.2384185791015625,,,,13.017654418945312,26.464462280273438,13.446807861328125,14.155503687263183,12.78579575121338,,QuantData term-structure
2026-08-17T16:00:00-04:00,2026-09-04,18,450.0,put,-0.1488652215480693,29.802322387695312,480.62,fixed_strike,26.941299438476562,31.042098999023438,28.848648071289062,25.510787963867188,26.082992553710938,-3.337860107421875,0.2384185791015625,,,,13.017654418945312,26.464462280273438,13.446807861328125,14.155503687263183,12.78579575121338,,QuantData term-structure
2026-08-17T16:00:00-04:00,2026-09-04,18,455.0,call,0.8649041834813282,23.889541625976562,480.62,fixed_strike,26.941299438476562,31.042098999023438,28.848648071289062,25.510787963867188,26.082992553710938,-3.337860107421875,0.2384185791015625,,,,13.017654418945312,26.464462280273438,13.446807861328125,14.155503687263183,12.78579575121338,,QuantData term-structure
2026-08-17T16:00:00-04:00,2026-09-04,18,455.0,put,-0.18361760376046343,29.230117797851562,480.62,fixed_strike,26.941299438476562,31.042098999023438,28.848648071289062,25.510787963867188,26.082992553710938,-3.337860107421875,0.2384185791015625,,,,13.017654418945312,26.464462280273438,13.446807861328125,14.155503687263183,12.78579575121338,,QuantData term-structure
2026-08-17T16:00:00-04:00,2026-09-04,18,460.0,call,0.7922423304206082,25.320053100585938,480.62,fixed_strike,26.941299438476562,31.042098999023438,28.848648071289062,25.510787963867188,26.082992553710938,-3.337860107421875,0.2384185791015625,,,,13.017654418945312,26.464462280273438,13.446807861328125,14.155503687263183,12.78579575121338,,QuantData term-structure
2026-08-17T16:00:00-04:00,2026-09-04,18,460.0,put,-0.22153429252499807,28.848648071289062,480.62,fixed_strike,26.941299438476562,31.042098999023438,28.848648071289062,25.510787963867188,26.082992553710938,-3.337860107421875,0.2384185791015625,,,,13.017654418945312,26.464462280273438,13.446807861328125,14.155503687263183,12.78579575121338,,QuantData term-structure
2026-08-17T16:00:00-04:00,2026-09-04,18,465.0,call,0.7316905313920895,25.701522827148438,480.62,fixed_strike,26.941299438476562,31.042098999023438,28.848648071289062,25.510787963867188,26.082992553710938,-3.337860107421875,0.2384185791015625,,,,13.017654418945312,26.464462280273438,13.446807861328125,14.155503687263183,12.78579575121338,,QuantData term-structure
2026-08-17T16:00:00-04:00,2026-09-04,18,465.0,put,-0.2788142307726195,28.657913208007812,480.62,fixed_strike,26.941299438476562,31.042098999023438,28.848648071289062,25.510787963867188,26.082992553710938,-3.337860107421875,0.2384185791015625,,,,13.017654418945312,26.464462280273438,13.446807861328125,14.155503687263183,12.78579575121338,,QuantData term-structure
2026-08-17T16:00:00-04:00,2026-09-04,18,470.0,call,0.676982777553308,25.510787963867188,480.62,fixed_strike,26.941299438476562,31.042098999023438,28.848648071289062,25.510787963867188,26.082992553710938,-3.337860107421875,0.2384185791015625,,,,13.017654418945312,26.464462280273438,13.446807861328125,14.155503687263183,12.78579575121338,,QuantData term-structure
2026-08-17T16:00:00-04:00,2026-09-04,18,470.0,put,-0.33883477689725283,28.085708618164062,480.62,fixed_strike,26.941299438476562,31.042098999023438,28.848648071289062,25.510787963867188,26.082992553710938,-3.337860107421875,0.2384185791015625,,,,13.017654418945312,26.464462280273438,13.446807861328125,14.155503687263183,12.78579575121338,,QuantData term-structure
2026-08-17T16:00:00-04:00,2026-09-04,18,472.5,call,0.6320277934421495,25.415420532226562,480.62,fixed_strike,26.941299438476562,31.042098999023438,28.848648071289062,25.510787963867188,26.082992553710938,-3.337860107421875,0.2384185791015625,,,,13.017654418945312,26.464462280273438,13.446807861328125,14.155503687263183,12.78579575121338,,QuantData term-structure
2026-08-17T16:00:00-04:00,2026-09-04,18,472.5,put,-0.3718583760314744,28.467178344726562,480.62,fixed_strike,26.941299438476562,31.042098999023438,28.848648071289062,25.510787963867188,26.082992553710938,-3.337860107421875,0.2384185791015625,,,,13.017654418945312,26.464462280273438,13.446807861328125,14.155503687263183,12.78579575121338,,QuantData term-structure
2026-08-17T16:00:00-04:00,2026-09-04,18,475.0,call,0.6102364483717848,25.320053100585938,480.62,fixed_strike,26.941299438476562,31.042098999023438,28.848648071289062,25.510787963867188,26.082992553710938,-3.337860107421875,0.2384185791015625,,,,13.017654418945312,26.464462280273438,13.446807861328125,14.155503687263183,12.78579575121338,,QuantData term-structure
2026-08-17T16:00:00-04:00,2026-09-04,18,475.0,put,-0.4022539908634519,28.181076049804688,480.62,fixed_strike,26.941299438476562,31.042098999023438,28.848648071289062,25.510787963867188,26.082992553710938,-3.337860107421875,0.2384185791015625,,,,13.017654418945312,26.464462280273438,13.446807861328125,14.155503687263183,12.78579575121338,,QuantData term-structure
2026-08-17T16:00:00-04:00,2026-09-04,18,477.5,call,0.5601376469966824,25.510787963867188,480.62,fixed_strike,26.941299438476562,31.042098999023438,28.848648071289062,25.510787963867188,26.082992553710938,-3.337860107421875,0.2384185791015625,,,,13.017654418945312,26.464462280273438,13.446807861328125,14.155503687263183,12.78579575121338,,QuantData term-structure
2026-08-17T16:00:00-04:00,2026-09-04,18,477.5,put,-0.434620585752997,27.990341186523438,480.62,fixed_strike,26.941299438476562,31.042098999023438,28.848648071289062,25.510787963867188,26.082992553710938,-3.337860107421875,0.2384185791015625,,,,13.017654418945312,26.464462280273438,13.446807861328125,14.155503687263183,12.78579575121338,,QuantData term-structure
2026-08-17T16:00:00-04:00,2026-09-04,18,480.0,call,0.5363325535160048,25.701522827148438,480.62,fixed_strike,26.941299438476562,31.042098999023438,28.848648071289062,25.510787963867188,26.082992553710938,-3.337860107421875,0.2384185791015625,,,,13.017654418945312,26.464462280273438,13.446807861328125,14.155503687263183,12.78579575121338,,QuantData term-structure
2026-08-17T16:00:00-04:00,2026-09-04,18,480.0,put,-0.4646347246857927,28.181076049804688,480.62,fixed_strike,26.941299438476562,31.042098999023438,28.848648071289062,25.510787963867188,26.082992553710938,-3.337860107421875,0.2384185791015625,,,,13.017654418945312,26.464462280273438,13.446807861328125,14.155503687263183,12.78579575121338,,QuantData term-structure
2026-08-17T16:00:00-04:00,2026-09-04,18,482.5,call,0.5000468877125909,24.080276489257812,480.62,fixed_strike,26.941299438476562,31.042098999023438,28.848648071289062,25.510787963867188,26.082992553710938,-3.337860107421875,0.2384185791015625,,,,13.017654418945312,26.464462280273438,13.446807861328125,14.155503687263183,12.78579575121338,,QuantData term-structure
2026-08-17T16:00:00-04:00,2026-09-04,18,482.5,put,-0.5103743888084451,28.181076049804688,480.62,fixed_strike,26.941299438476562,31.042098999023438,28.848648071289062,25.510787963867188,26.082992553710938,-3.337860107421875,0.2384185791015625,,,,13.017654418945312,26.464462280273438,13.446807861328125,14.155503687263183,12.78579575121338,,QuantData term-structure
2026-08-17T16:00:00-04:00,2026-09-04,18,485.0,call,0.4621550550728733,24.747848510742188,480.62,fixed_strike,26.941299438476562,31.042098999023438,28.848648071289062,25.510787963867188,26.082992553710938,-3.337860107421875,0.2384185791015625,,,,13.017654418945312,26.464462280273438,13.446807861328125,14.155503687263183,12.78579575121338,,QuantData term-structure
2026-08-17T16:00:00-04:00,2026-09-04,18,485.0,put,-0.5233047900579343,28.181076049804688,480.62,fixed_strike,26.941299438476562,31.042098999023438,28.848648071289062,25.510787963867188,26.082992553710938,-3.337860107421875,0.2384185791015625,,,,13.017654418945312,26.464462280273438,13.446807861328125,14.155503687263183,12.78579575121338,,QuantData term-structure
2026-08-17T16:00:00-04:00,2026-09-04,18,487.5,call,0.43091927153196896,25.510787963867188,480.62,fixed_strike,26.941299438476562,31.042098999023438,28.848648071289062,25.510787963867188,26.082992553710938,-3.337860107421875,0.2384185791015625,,,,13.017654418945312,26.464462280273438,13.446807861328125,14.155503687263183,12.78579575121338,,QuantData term-structure
2026-08-17T16:00:00-04:00,2026-09-04,18,487.5,put,-0.5112220015679757,27.418136596679688,480.62,fixed_strike,26.941299438476562,31.042098999023438,28.848648071289062,25.510787963867188,26.082992553710938,-3.337860107421875,0.2384185791015625,,,,13.017654418945312,26.464462280273438,13.446807861328125,14.155503687263183,12.78579575121338,,QuantData term-structure
2026-08-17T16:00:00-04:00,2026-09-04,18,490.0,call,0.3782700119884635,25.320053100585938,480.62,fixed_strike,26.941299438476562,31.042098999023438,28.848648071289062,25.510787963867188,26.082992553710938,-3.337860107421875,0.2384185791015625,,,,13.017654418945312,26.464462280273438,13.446807861328125,14.155503687263183,12.78579575121338,,QuantData term-structure
2026-08-17T16:00:00-04:00,2026-09-04,18,490.0,put,-0.5949570129590718,28.562545776367188,480.62,fixed_strike,26.941299438476562,31.042098999023438,28.848648071289062,25.510787963867188,26.082992553710938,-3.337860107421875,0.2384185791015625,,,,13.017654418945312,26.464462280273438,13.446807861328125,14.155503687263183,12.78579575121338,,QuantData term-structure
2026-08-17T16:00:00-04:00,2026-09-04,18,492.5,call,0.39715019357351283,24.843215942382812,480.62,fixed_strike,26.941299438476562,31.042098999023438,28.848648071289062,25.510787963867188,26.082992553710938,-3.337860107421875,0.2384185791015625,,,,13.017654418945312,26.464462280273438,13.446807861328125,14.155503687263183,12.78579575121338,,QuantData term-structure
2026-08-17T16:00:00-04:00,2026-09-04,18,492.5,put,-0.6064202302417279,27.513504028320312,480.62,fixed_strike,26.941299438476562,31.042098999023438,28.848648071289062,25.510787963867188,26.082992553710938,-3.337860107421875,0.2384185791015625,,,,13.017654418945312,26.464462280273438,13.446807861328125,14.155503687263183,12.78579575121338,,QuantData term-structure
2026-08-17T16:00:00-04:00,2026-09-04,18,495.0,call,0.3214372143041227,25.320053100585938,480.62,fixed_strike,26.941299438476562,31.042098999023438,28.848648071289062,25.510787963867188,26.082992553710938,-3.337860107421875,0.2384185791015625,,,,13.017654418945312,26.464462280273438,13.446807861328125,14.155503687263183,12.78579575121338,,QuantData term-structure
2026-08-17T16:00:00-04:00,2026-09-04,18,495.0,put,-0.6491510562051607,29.230117797851562,480.62,fixed_strike,26.941299438476562,31.042098999023438,28.848648071289062,25.510787963867188,26.082992553710938,-3.337860107421875,0.2384185791015625,,,,13.017654418945312,26.464462280273438,13.446807861328125,14.155503687263183,12.78579575121338,,QuantData term-structure
2026-08-17T16:00:00-04:00,2026-09-04,18,497.5,call,0.29061608926851157,25.796890258789062,480.62,fixed_strike,26.941299438476562,31.042098999023438,28.848648071289062,25.510787963867188,26.082992553710938,-3.337860107421875,0.2384185791015625,,,,13.017654418945312,26.464462280273438,13.446807861328125,14.155503687263183,12.78579575121338,,QuantData term-structure
2026-08-17T16:00:00-04:00,2026-09-04,18,500.0,call,0.2655509655128092,25.510787963867188,480.62,fixed_strike,26.941299438476562,31.042098999023438,28.848648071289062,25.510787963867188,26.082992553710938,-3.337860107421875,0.2384185791015625,,,,13.017654418945312,26.464462280273438,13.446807861328125,14.155503687263183,12.78579575121338,,QuantData term-structure
2026-08-17T16:00:00-04:00,2026-09-04,18,500.0,put,-0.7018313266316131,29.706954956054688,480.62,fixed_strike,26.941299438476562,31.042098999023438,28.848648071289062,25.510787963867188,26.082992553710938,-3.337860107421875,0.2384185791015625,,,,13.017654418945312,26.464462280273438,13.446807861328125,14.155503687263183,12.78579575121338,,QuantData term-structure
2026-08-17T16:00:00-04:00,2026-09-04,18,502.5,call,0.23086756740393372,25.701522827148438,480.62,fixed_strike,26.941299438476562,31.042098999023438,28.848648071289062,25.510787963867188,26.082992553710938,-3.337860107421875,0.2384185791015625,,,,13.017654418945312,26.464462280273438,13.446807861328125,14.155503687263183,12.78579575121338,,QuantData term-structure
2026-08-17T16:00:00-04:00,2026-09-04,18,505.0,call,0.20328965093270973,25.701522827148438,480.62,fixed_strike,26.941299438476562,31.042098999023438,28.848648071289062,25.510787963867188,26.082992553710938,-3.337860107421875,0.2384185791015625,,,,13.017654418945312,26.464462280273438,13.446807861328125,14.155503687263183,12.78579575121338,,QuantData term-structure
2026-08-17T16:00:00-04:00,2026-09-04,18,505.0,put,-0.7513822076674588,30.088424682617188,480.62,fixed_strike,26.941299438476562,31.042098999023438,28.848648071289062,25.510787963867188,26.082992553710938,-3.337860107421875,0.2384185791015625,,,,13.017654418945312,26.464462280273438,13.446807861328125,14.155503687263183,12.78579575121338,,QuantData term-structure
2026-08-17T16:00:00-04:00,2026-09-04,18,507.5,call,0.18412035755856732,25.987625122070312,480.62,fixed_strike,26.941299438476562,31.042098999023438,28.848648071289062,25.510787963867188,26.082992553710938,-3.337860107421875,0.2384185791015625,,,,13.017654418945312,26.464462280273438,13.446807861328125,14.155503687263183,12.78579575121338,,QuantData term-structure
2026-08-17T16:00:00-04:00,2026-09-04,18,507.5,put,-0.7425114454975764,28.657913208007812,480.62,fixed_strike,26.941299438476562,31.042098999023438,28.848648071289062,25.510787963867188,26.082992553710938,-3.337860107421875,0.2384185791015625,,,,13.017654418945312,26.464462280273438,13.446807861328125,14.155503687263183,12.78579575121338,,QuantData term-structure
2026-08-17T16:00:00-04:00,2026-09-04,18,510.0,call,0.16638414416863123,25.892257690429688,480.62,fixed_strike,26.941299438476562,31.042098999023438,28.848648071289062,25.510787963867188,26.082992553710938,-3.337860107421875,0.2384185791015625,,,,13.017654418945312,26.464462280273438,13.446807861328125,14.155503687263183,12.78579575121338,,QuantData term-structure
2026-08-17T16:00:00-04:00,2026-09-04,18,510.0,put,-0.7497190979967983,29.420852661132812,480.62,fixed_strike,26.941299438476562,31.042098999023438,28.848648071289062,25.510787963867188,26.082992553710938,-3.337860107421875,0.2384185791015625,,,,13.017654418945312,26.464462280273438,13.446807861328125,14.155503687263183,12.78579575121338,,QuantData term-structure
2026-08-17T16:00:00-04:00,2026-09-04,18,512.5,call,0.15512004557471137,25.892257690429688,480.62,fixed_strike,26.941299438476562,31.042098999023438,28.848648071289062,25.510787963867188,26.082992553710938,-3.337860107421875,0.2384185791015625,,,,13.017654418945312,26.464462280273438,13.446807861328125,14.155503687263183,12.78579575121338,,QuantData term-structure
2026-08-17T16:00:00-04:00,2026-09-04,18,512.5,put,-0.8140068619296411,31.137466430664062,480.62,fixed_strike,26.941299438476562,31.042098999023438,28.848648071289062,25.510787963867188,26.082992553710938,-3.337860107421875,0.2384185791015625,,,,13.017654418945312,26.464462280273438,13.446807861328125,14.155503687263183,12.78579575121338,,QuantData term-structure
2026-08-17T16:00:00-04:00,2026-09-04,18,515.0,call,0.1336706053025924,26.464462280273438,480.62,fixed_strike,26.941299438476562,31.042098999023438,28.848648071289062,25.510787963867188,26.082992553710938,-3.337860107421875,0.2384185791015625,,,,13.017654418945312,26.464462280273438,13.446807861328125,14.155503687263183,12.78579575121338,,QuantData term-structure
2026-08-17T16:00:00-04:00,2026-09-04,18,515.0,put,-0.8788782125648447,25.987625122070312,480.62,fixed_strike,26.941299438476562,31.042098999023438,28.848648071289062,25.510787963867188,26.082992553710938,-3.337860107421875,0.2384185791015625,,,,13.017654418945312,26.464462280273438,13.446807861328125,14.155503687263183,12.78579575121338,,QuantData term-structure
2026-08-17T16:00:00-04:00,2026-09-04,18,517.5,call,0.13755525108607713,25.224685668945312,480.62,fixed_strike,26.941299438476562,31.042098999023438,28.848648071289062,25.510787963867188,26.082992553710938,-3.337860107421875,0.2384185791015625,,,,13.017654418945312,26.464462280273438,13.446807861328125,14.155503687263183,12.78579575121338,,QuantData term-structure
2026-08-17T16:00:00-04:00,2026-09-04,18,520.0,call,0.09853331069792959,26.082992553710938,480.62,fixed_strike,26.941299438476562,31.042098999023438,28.848648071289062,25.510787963867188,26.082992553710938,-3.337860107421875,0.2384185791015625,,,,13.017654418945312,26.464462280273438,13.446807861328125,14.155503687263183,12.78579575121338,,QuantData term-structure
2026-08-17T16:00:00-04:00,2026-09-04,18,520.0,put,-0.8347010786237835,32.18650817871094,480.62,fixed_strike,26.941299438476562,31.042098999023438,28.848648071289062,25.510787963867188,26.082992553710938,-3.337860107421875,0.2384185791015625,,,,13.017654418945312,26.464462280273438,13.446807861328125,14.155503687263183,12.78579575121338,,QuantData term-structure
2026-08-17T16:00:00-04:00,2026-09-04,18,522.5,call,0.09206781186318247,25.224685668945312,480.62,fixed_strike,26.941299438476562,31.042098999023438,28.848648071289062,25.510787963867188,26.082992553710938,-3.337860107421875,0.2384185791015625,,,,13.017654418945312,26.464462280273438,13.446807861328125,14.155503687263183,12.78579575121338,,QuantData term-structure
2026-08-17T16:00:00-04:00,2026-09-04,18,525.0,call,0.07449053873285566,26.559829711914062,480.62,fixed_strike,26.941299438476562,31.042098999023438,28.848648071289062,25.510787963867188,26.082992553710938,-3.337860107421875,0.2384185791015625,,,,13.017654418945312,26.464462280273438,13.446807861328125,14.155503687263183,12.78579575121338,,QuantData term-structure
2026-08-17T16:00:00-04:00,2026-09-04,18,530.0,call,0.056659400172226315,26.845932006835938,480.62,fixed_strike,26.941299438476562,31.042098999023438,28.848648071289062,25.510787963867188,26.082992553710938,-3.337860107421875,0.2384185791015625,,,,13.017654418945312,26.464462280273438,13.446807861328125,14.155503687263183,12.78579575121338,,QuantData term-structure
2026-08-17T16:00:00-04:00,2026-09-04,18,530.0,put,-0.8776697811761607,36.19194030761719,480.62,fixed_strike,26.941299438476562,31.042098999023438,28.848648071289062,25.510787963867188,26.082992553710938,-3.337860107421875,0.2384185791015625,,,,13.017654418945312,26.464462280273438,13.446807861328125,14.155503687263183,12.78579575121338,,QuantData term-structure
2026-08-17T16:00:00-04:00,2026-09-04,18,535.0,call,0.040747511179436646,26.845932006835938,480.62,fixed_strike,26.941299438476562,31.042098999023438,28.848648071289062,25.510787963867188,26.082992553710938,-3.337860107421875,0.2384185791015625,,,,13.017654418945312,26.464462280273438,13.446807861328125,14.155503687263183,12.78579575121338,,QuantData term-structure
2026-08-17T16:00:00-04:00,2026-09-04,18,535.0,put,-0.8720152672914545,36.95487976074219,480.62,fixed_strike,26.941299438476562,31.042098999023438,28.848648071289062,25.510787963867188,26.082992553710938,-3.337860107421875,0.2384185791015625,,,,13.017654418945312,26.464462280273438,13.446807861328125,14.155503687263183,12.78579575121338,,QuantData term-structure
2026-08-17T16:00:00-04:00,2026-09-04,18,540.0,call,0.03236777669161652,27.704238891601562,480.62,fixed_strike,26.941299438476562,31.042098999023438,28.848648071289062,25.510787963867188,26.082992553710938,-3.337860107421875,0.2384185791015625,,,,13.017654418945312,26.464462280273438,13.446807861328125,14.155503687263183,12.78579575121338,,QuantData term-structure
2026-08-17T16:00:00-04:00,2026-09-04,18,545.0,call,0.023091212087767217,27.704238891601562,480.62,fixed_strike,26.941299438476562,31.042098999023438,28.848648071289062,25.510787963867188,26.082992553710938,-3.337860107421875,0.2384185791015625,,,,13.017654418945312,26.464462280273438,13.446807861328125,14.155503687263183,12.78579575121338,,QuantData term-structure
2026-08-17T16:00:00-04:00,2026-09-04,18,550.0,call,0.017678433192909782,28.371810913085938,480.62,fixed_strike,26.941299438476562,31.042098999023438,28.848648071289062,25.510787963867188,26.082992553710938,-3.337860107421875,0.2384185791015625,,,,13.017654418945312,26.464462280273438,13.446807861328125,14.155503687263183,12.78579575121338,,QuantData term-structure
2026-08-17T16:00:00-04:00,2026-09-04,18,555.0,call,0.013162403579061415,28.753280639648438,480.62,fixed_strike,26.941299438476562,31.042098999023438,28.848648071289062,25.510787963867188,26.082992553710938,-3.337860107421875,0.2384185791015625,,,,13.017654418945312,26.464462280273438,13.446807861328125,14.155503687263183,12.78579575121338,,QuantData term-structure
2026-08-17T16:00:00-04:00,2026-09-04,18,560.0,call,0.011380503352519979,29.802322387695312,480.62,fixed_strike,26.941299438476562,31.042098999023438,28.848648071289062,25.510787963867188,26.082992553710938,-3.337860107421875,0.2384185791015625,,,,13.017654418945312,26.464462280273438,13.446807861328125,14.155503687263183,12.78579575121338,,QuantData term-structure
2026-08-17T16:00:00-04:00,2026-09-04,18,565.0,call,0.007998449931649939,29.611587524414062,480.62,fixed_strike,26.941299438476562,31.042098999023438,28.848648071289062,25.510787963867188,26.082992553710938,-3.337860107421875,0.2384185791015625,,,,13.017654418945312,26.464462280273438,13.446807861328125,14.155503687263183,12.78579575121338,,QuantData term-structure
2026-08-17T16:00:00-04:00,2026-09-04,18,570.0,call,0.005901402635282138,30.088424682617188,480.62,fixed_strike,26.941299438476562,31.042098999023438,28.848648071289062,25.510787963867188,26.082992553710938,-3.337860107421875,0.2384185791015625,,,,13.017654418945312,26.464462280273438,13.446807861328125,14.155503687263183,12.78579575121338,,QuantData term-structure
2026-08-17T16:00:00-04:00,2026-09-04,18,575.0,call,0.008297503063590008,30.946731567382812,480.62,fixed_strike,26.941299438476562,31.042098999023438,28.848648071289062,25.510787963867188,26.082992553710938,-3.337860107421875,0.2384185791015625,,,,13.017654418945312,26.464462280273438,13.446807861328125,14.155503687263183,12.78579575121338,,QuantData term-structure
2026-08-17T16:00:00-04:00,2026-09-04,18,580.0,call,0.004770112144749784,32.09114074707031,480.62,fixed_strike,26.941299438476562,31.042098999023438,28.848648071289062,25.510787963867188,26.082992553710938,-3.337860107421875,0.2384185791015625,,,,13.017654418945312,26.464462280273438,13.446807861328125,14.155503687263183,12.78579575121338,,QuantData term-structure
2026-08-17T16:00:00-04:00,2026-09-04,18,590.0,call,0.003755134640914144,31.614303588867188,480.62,fixed_strike,26.941299438476562,31.042098999023438,28.848648071289062,25.510787963867188,26.082992553710938,-3.337860107421875,0.2384185791015625,,,,13.017654418945312,26.464462280273438,13.446807861328125,14.155503687263183,12.78579575121338,,QuantData term-structure
2026-08-17T16:00:00-04:00,2026-09-04,18,600.0,call,0.0034658671495561436,35.81047058105469,480.62,fixed_strike,26.941299438476562,31.042098999023438,28.848648071289062,25.510787963867188,26.082992553710938,-3.337860107421875,0.2384185791015625,,,,13.017654418945312,26.464462280273438,13.446807861328125,14.155503687263183,12.78579575121338,,QuantData term-structure
2026-08-17T16:00:00-04:00,2026-09-04,18,610.0,call,0.002557405623822272,37.14561462402344,480.62,fixed_strike,26.941299438476562,31.042098999023438,28.848648071289062,25.510787963867188,26.082992553710938,-3.337860107421875,0.2384185791015625,,,,13.017654418945312,26.464462280273438,13.446807861328125,14.155503687263183,12.78579575121338,,QuantData term-structure
2026-08-17T16:00:00-04:00,2026-09-04,18,620.0,call,0.004987350349221162,41.72325134277344,480.62,fixed_strike,26.941299438476562,31.042098999023438,28.848648071289062,25.510787963867188,26.082992553710938,-3.337860107421875,0.2384185791015625,,,,13.017654418945312,26.464462280273438,13.446807861328125,14.155503687263183,12.78579575121338,,QuantData term-structure
2026-08-17T16:00:00-04:00,2026-09-04,18,630.0,call,0.008019745203573516,47.34992980957031,480.62,fixed_strike,26.941299438476562,31.042098999023438,28.848648071289062,25.510787963867188,26.082992553710938,-3.337860107421875,0.2384185791015625,,,,13.017654418945312,26.464462280273438,13.446807861328125,14.155503687263183,12.78579575121338,,QuantData term-structure
2026-08-17T16:00:00-04:00,2026-09-11,25,310.0,put,-0.0005613424631863446,52.49977111816406,480.62,fixed_strike,26.273727416992188,29.993057250976562,28.562545776367188,24.938583374023438,25.892257690429688,-3.62396240234375,0.476837158203125,,,,13.017654418945312,26.464462280273438,13.446807861328125,14.155503687263183,12.118223729729005,,QuantData term-structure
2026-08-17T16:00:00-04:00,2026-09-11,25,325.0,put,-0.0031376379166749816,56.31446838378906,480.62,fixed_strike,26.273727416992188,29.993057250976562,28.562545776367188,24.938583374023438,25.892257690429688,-3.62396240234375,0.476837158203125,,,,13.017654418945312,26.464462280273438,13.446807861328125,14.155503687263183,12.118223729729005,,QuantData term-structure
2026-08-17T16:00:00-04:00,2026-09-11,25,330.0,put,-0.006263039634683819,59.65232849121094,480.62,fixed_strike,26.273727416992188,29.993057250976562,28.562545776367188,24.938583374023438,25.892257690429688,-3.62396240234375,0.476837158203125,,,,13.017654418945312,26.464462280273438,13.446807861328125,14.155503687263183,12.118223729729005,,QuantData term-structure
2026-08-17T16:00:00-04:00,2026-09-11,25,335.0,put,-0.006482429148794654,57.55424499511719,480.62,fixed_strike,26.273727416992188,29.993057250976562,28.562545776367188,24.938583374023438,25.892257690429688,-3.62396240234375,0.476837158203125,,,,13.017654418945312,26.464462280273438,13.446807861328125,14.155503687263183,12.118223729729005,,QuantData term-structure
2026-08-17T16:00:00-04:00,2026-09-11,25,340.0,put,-0.003079365825445938,49.82948303222656,480.62,fixed_strike,26.273727416992188,29.993057250976562,28.562545776367188,24.938583374023438,25.892257690429688,-3.62396240234375,0.476837158203125,,,,13.017654418945312,26.464462280273438,13.446807861328125,14.155503687263183,12.118223729729005,,QuantData term-structure
2026-08-17T16:00:00-04:00,2026-09-11,25,345.0,put,-0.0066535755588874425,52.88124084472656,480.62,fixed_strike,26.273727416992188,29.993057250976562,28.562545776367188,24.938583374023438,25.892257690429688,-3.62396240234375,0.476837158203125,,,,13.017654418945312,26.464462280273438,13.446807861328125,14.155503687263183,12.118223729729005,,QuantData term-structure
2026-08-17T16:00:00-04:00,2026-09-11,25,350.0,put,-0.0037765021923269475,46.58699035644531,480.62,fixed_strike,26.273727416992188,29.993057250976562,28.562545776367188,24.938583374023438,25.892257690429688,-3.62396240234375,0.476837158203125,,,,13.017654418945312,26.464462280273438,13.446807861328125,14.155503687263183,12.118223729729005,,QuantData term-structure
2026-08-17T16:00:00-04:00,2026-09-11,25,355.0,put,-0.008182078368896607,50.59242248535156,480.62,fixed_strike,26.273727416992188,29.993057250976562,28.562545776367188,24.938583374023438,25.892257690429688,-3.62396240234375,0.476837158203125,,,,13.017654418945312,26.464462280273438,13.446807861328125,14.155503687263183,12.118223729729005,,QuantData term-structure
2026-08-17T16:00:00-04:00,2026-09-11,25,360.0,put,-0.005328423633508797,45.06111145019531,480.62,fixed_strike,26.273727416992188,29.993057250976562,28.562545776367188,24.938583374023438,25.892257690429688,-3.62396240234375,0.476837158203125,,,,13.017654418945312,26.464462280273438,13.446807861328125,14.155503687263183,12.118223729729005,,QuantData term-structure
2026-08-17T16:00:00-04:00,2026-09-11,25,365.0,put,-0.005707906941216456,42.39082336425781,480.62,fixed_strike,26.273727416992188,29.993057250976562,28.562545776367188,24.938583374023438,25.892257690429688,-3.62396240234375,0.476837158203125,,,,13.017654418945312,26.464462280273438,13.446807861328125,14.155503687263183,12.118223729729005,,QuantData term-structure
2026-08-17T16:00:00-04:00,2026-09-11,25,370.0,call,1.0,0.0476837158203125,480.62,fixed_strike,26.273727416992188,29.993057250976562,28.562545776367188,24.938583374023438,25.892257690429688,-3.62396240234375,0.476837158203125,,,,13.017654418945312,26.464462280273438,13.446807861328125,14.155503687263183,12.118223729729005,,QuantData term-structure
2026-08-17T16:00:00-04:00,2026-09-11,25,370.0,put,-0.009062426537714151,43.53523254394531,480.62,fixed_strike,26.273727416992188,29.993057250976562,28.562545776367188,24.938583374023438,25.892257690429688,-3.62396240234375,0.476837158203125,,,,13.017654418945312,26.464462280273438,13.446807861328125,14.155503687263183,12.118223729729005,,QuantData term-structure
2026-08-17T16:00:00-04:00,2026-09-11,25,375.0,put,-0.008497827957761592,40.86494445800781,480.62,fixed_strike,26.273727416992188,29.993057250976562,28.562545776367188,24.938583374023438,25.892257690429688,-3.62396240234375,0.476837158203125,,,,13.017654418945312,26.464462280273438,13.446807861328125,14.155503687263183,12.118223729729005,,QuantData term-structure
2026-08-17T16:00:00-04:00,2026-09-11,25,380.0,call,1.0,0.0476837158203125,480.62,fixed_strike,26.273727416992188,29.993057250976562,28.562545776367188,24.938583374023438,25.892257690429688,-3.62396240234375,0.476837158203125,,,,13.017654418945312,26.464462280273438,13.446807861328125,14.155503687263183,12.118223729729005,,QuantData term-structure
2026-08-17T16:00:00-04:00,2026-09-11,25,390.0,put,-0.015355715723311065,38.38539123535156,480.62,fixed_strike,26.273727416992188,29.993057250976562,28.562545776367188,24.938583374023438,25.892257690429688,-3.62396240234375,0.476837158203125,,,,13.017654418945312,26.464462280273438,13.446807861328125,14.155503687263183,12.118223729729005,,QuantData term-structure
2026-08-17T16:00:00-04:00,2026-09-11,25,395.0,put,-0.01674137408168872,36.28730773925781,480.62,fixed_strike,26.273727416992188,29.993057250976562,28.562545776367188,24.938583374023438,25.892257690429688,-3.62396240234375,0.476837158203125,,,,13.017654418945312,26.464462280273438,13.446807861328125,14.155503687263183,12.118223729729005,,QuantData term-structure
2026-08-17T16:00:00-04:00,2026-09-11,25,400.0,call,1.0,0.0476837158203125,480.62,fixed_strike,26.273727416992188,29.993057250976562,28.562545776367188,24.938583374023438,25.892257690429688,-3.62396240234375,0.476837158203125,,,,13.017654418945312,26.464462280273438,13.446807861328125,14.155503687263183,12.118223729729005,,QuantData term-structure
2026-08-17T16:00:00-04:00,2026-09-11,25,400.0,put,-0.021204313816938086,36.28730773925781,480.62,fixed_strike,26.273727416992188,29.993057250976562,28.562545776367188,24.938583374023438,25.892257690429688,-3.62396240234375,0.476837158203125,,,,13.017654418945312,26.464462280273438,13.446807861328125,14.155503687263183,12.118223729729005,,QuantData term-structure
2026-08-17T16:00:00-04:00,2026-09-11,25,405.0,put,-0.028058781886025955,35.61973571777344,480.62,fixed_strike,26.273727416992188,29.993057250976562,28.562545776367188,24.938583374023438,25.892257690429688,-3.62396240234375,0.476837158203125,,,,13.017654418945312,26.464462280273438,13.446807861328125,14.155503687263183,12.118223729729005,,QuantData term-structure
2026-08-17T16:00:00-04:00,2026-09-11,25,410.0,call,1.0,0.0476837158203125,480.62,fixed_strike,26.273727416992188,29.993057250976562,28.562545776367188,24.938583374023438,25.892257690429688,-3.62396240234375,0.476837158203125,,,,13.017654418945312,26.464462280273438,13.446807861328125,14.155503687263183,12.118223729729005,,QuantData term-structure
2026-08-17T16:00:00-04:00,2026-09-11,25,410.0,put,-0.032355465516580036,34.28459167480469,480.62,fixed_strike,26.273727416992188,29.993057250976562,28.562545776367188,24.938583374023438,25.892257690429688,-3.62396240234375,0.476837158203125,,,,13.017654418945312,26.464462280273438,13.446807861328125,14.155503687263183,12.118223729729005,,QuantData term-structure
2026-08-17T16:00:00-04:00,2026-09-11,25,415.0,call,1.0,0.0476837158203125,480.62,fixed_strike,26.273727416992188,29.993057250976562,28.562545776367188,24.938583374023438,25.892257690429688,-3.62396240234375,0.476837158203125,,,,13.017654418945312,26.464462280273438,13.446807861328125,14.155503687263183,12.118223729729005,,QuantData term-structure
2026-08-17T16:00:00-04:00,2026-09-11,25,415.0,put,-0.04163285272469347,33.80775451660156,480.62,fixed_strike,26.273727416992188,29.993057250976562,28.562545776367188,24.938583374023438,25.892257690429688,-3.62396240234375,0.476837158203125,,,,13.017654418945312,26.464462280273438,13.446807861328125,14.155503687263183,12.118223729729005,,QuantData term-structure
2026-08-17T16:00:00-04:00,2026-09-11,25,420.0,call,1.0,0.0476837158203125,480.62,fixed_strike,26.273727416992188,29.993057250976562,28.562545776367188,24.938583374023438,25.892257690429688,-3.62396240234375,0.476837158203125,,,,13.017654418945312,26.464462280273438,13.446807861328125,14.155503687263183,12.118223729729005,,QuantData term-structure
2026-08-17T16:00:00-04:00,2026-09-11,25,420.0,put,-0.04703069576454977,32.75871276855469,480.62,fixed_strike,26.273727416992188,29.993057250976562,28.562545776367188,24.938583374023438,25.892257690429688,-3.62396240234375,0.476837158203125,,,,13.017654418945312,26.464462280273438,13.446807861328125,14.155503687263183,12.118223729729005,,QuantData term-structure
2026-08-17T16:00:00-04:00,2026-09-11,25,425.0,call,1.0,0.0476837158203125,480.62,fixed_strike,26.273727416992188,29.993057250976562,28.562545776367188,24.938583374023438,25.892257690429688,-3.62396240234375,0.476837158203125,,,,13.017654418945312,26.464462280273438,13.446807861328125,14.155503687263183,12.118223729729005,,QuantData term-structure
2026-08-17T16:00:00-04:00,2026-09-11,25,425.0,put,-0.05992345181796421,31.328201293945312,480.62,fixed_strike,26.273727416992188,29.993057250976562,28.562545776367188,24.938583374023438,25.892257690429688,-3.62396240234375,0.476837158203125,,,,13.017654418945312,26.464462280273438,13.446807861328125,14.155503687263183,12.118223729729005,,QuantData term-structure
2026-08-17T16:00:00-04:00,2026-09-11,25,430.0,call,0.9411147665419606,28.371810913085938,480.62,fixed_strike,26.273727416992188,29.993057250976562,28.562545776367188,24.938583374023438,25.892257690429688,-3.62396240234375,0.476837158203125,,,,13.017654418945312,26.464462280273438,13.446807861328125,14.155503687263183,12.118223729729005,,QuantData term-structure
2026-08-17T16:00:00-04:00,2026-09-11,25,430.0,put,-0.07308598298598429,30.946731567382812,480.62,fixed_strike,26.273727416992188,29.993057250976562,28.562545776367188,24.938583374023438,25.892257690429688,-3.62396240234375,0.476837158203125,,,,13.017654418945312,26.464462280273438,13.446807861328125,14.155503687263183,12.118223729729005,,QuantData term-structure
2026-08-17T16:00:00-04:00,2026-09-11,25,435.0,call,0.9405064562025818,25.701522827148438,480.62,fixed_strike,26.273727416992188,29.993057250976562,28.562545776367188,24.938583374023438,25.892257690429688,-3.62396240234375,0.476837158203125,,,,13.017654418945312,26.464462280273438,13.446807861328125,14.155503687263183,12.118223729729005,,QuantData term-structure
2026-08-17T16:00:00-04:00,2026-09-11,25,435.0,put,-0.09304391559780256,29.993057250976562,480.62,fixed_strike,26.273727416992188,29.993057250976562,28.562545776367188,24.938583374023438,25.892257690429688,-3.62396240234375,0.476837158203125,,,,13.017654418945312,26.464462280273438,13.446807861328125,14.155503687263183,12.118223729729005,,QuantData term-structure
2026-08-17T16:00:00-04:00,2026-09-11,25,440.0,call,0.9082940811453928,26.273727416992188,480.62,fixed_strike,26.273727416992188,29.993057250976562,28.562545776367188,24.938583374023438,25.892257690429688,-3.62396240234375,0.476837158203125,,,,13.017654418945312,26.464462280273438,13.446807861328125,14.155503687263183,12.118223729729005,,QuantData term-structure
2026-08-17T16:00:00-04:00,2026-09-11,25,440.0,put,-0.11283741506678818,29.611587524414062,480.62,fixed_strike,26.273727416992188,29.993057250976562,28.562545776367188,24.938583374023438,25.892257690429688,-3.62396240234375,0.476837158203125,,,,13.017654418945312,26.464462280273438,13.446807861328125,14.155503687263183,12.118223729729005,,QuantData term-structure
2026-08-17T16:00:00-04:00,2026-09-11,25,445.0,call,0.8963379768019848,24.938583374023438,480.62,fixed_strike,26.273727416992188,29.993057250976562,28.562545776367188,24.938583374023438,25.892257690429688,-3.62396240234375,0.476837158203125,,,,13.017654418945312,26.464462280273438,13.446807861328125,14.155503687263183,12.118223729729005,,QuantData term-structure
2026-08-17T16:00:00-04:00,2026-09-11,25,445.0,put,-0.1422794290815464,30.469894409179688,480.62,fixed_strike,26.273727416992188,29.993057250976562,28.562545776367188,24.938583374023438,25.892257690429688,-3.62396240234375,0.476837158203125,,,,13.017654418945312,26.464462280273438,13.446807861328125,14.155503687263183,12.118223729729005,,QuantData term-structure
2026-08-17T16:00:00-04:00,2026-09-11,25,450.0,call,0.8534006447849538,25.320053100585938,480.62,fixed_strike,26.273727416992188,29.993057250976562,28.562545776367188,24.938583374023438,25.892257690429688,-3.62396240234375,0.476837158203125,,,,13.017654418945312,26.464462280273438,13.446807861328125,14.155503687263183,12.118223729729005,,QuantData term-structure
2026-08-17T16:00:00-04:00,2026-09-11,25,450.0,put,-0.17622257521724355,28.657913208007812,480.62,fixed_strike,26.273727416992188,29.993057250976562,28.562545776367188,24.938583374023438,25.892257690429688,-3.62396240234375,0.476837158203125,,,,13.017654418945312,26.464462280273438,13.446807861328125,14.155503687263183,12.118223729729005,,QuantData term-structure
2026-08-17T16:00:00-04:00,2026-09-11,25,455.0,call,0.8166487366567271,25.224685668945312,480.62,fixed_strike,26.273727416992188,29.993057250976562,28.562545776367188,24.938583374023438,25.892257690429688,-3.62396240234375,0.476837158203125,,,,13.017654418945312,26.464462280273438,13.446807861328125,14.155503687263183,12.118223729729005,,QuantData term-structure
2026-08-17T16:00:00-04:00,2026-09-11,25,455.0,put,-0.20779047832563596,28.276443481445312,480.62,fixed_strike,26.273727416992188,29.993057250976562,28.562545776367188,24.938583374023438,25.892257690429688,-3.62396240234375,0.476837158203125,,,,13.017654418945312,26.464462280273438,13.446807861328125,14.155503687263183,12.118223729729005,,QuantData term-structure
2026-08-17T16:00:00-04:00,2026-09-11,25,460.0,call,0.752801645114842,25.224685668945312,480.62,fixed_strike,26.273727416992188,29.993057250976562,28.562545776367188,24.938583374023438,25.892257690429688,-3.62396240234375,0.476837158203125,,,,13.017654418945312,26.464462280273438,13.446807861328125,14.155503687263183,12.118223729729005,,QuantData term-structure
2026-08-17T16:00:00-04:00,2026-09-11,25,460.0,put,-0.2535608525658396,28.562545776367188,480.62,fixed_strike,26.273727416992188,29.993057250976562,28.562545776367188,24.938583374023438,25.892257690429688,-3.62396240234375,0.476837158203125,,,,13.017654418945312,26.464462280273438,13.446807861328125,14.155503687263183,12.118223729729005,,QuantData term-structure
2026-08-17T16:00:00-04:00,2026-09-11,25,465.0,call,0.7211927360870117,25.129318237304688,480.62,fixed_strike,26.273727416992188,29.993057250976562,28.562545776367188,24.938583374023438,25.892257690429688,-3.62396240234375,0.476837158203125,,,,13.017654418945312,26.464462280273438,13.446807861328125,14.155503687263183,12.118223729729005,,QuantData term-structure
2026-08-17T16:00:00-04:00,2026-09-11,25,465.0,put,-0.2991372431136581,27.799606323242188,480.62,fixed_strike,26.273727416992188,29.993057250976562,28.562545776367188,24.938583374023438,25.892257690429688,-3.62396240234375,0.476837158203125,,,,13.017654418945312,26.464462280273438,13.446807861328125,14.155503687263183,12.118223729729005,,QuantData term-structure
2026-08-17T16:00:00-04:00,2026-09-11,25,470.0,call,0.6505979108928142,27.322769165039062,480.62,fixed_strike,26.273727416992188,29.993057250976562,28.562545776367188,24.938583374023438,25.892257690429688,-3.62396240234375,0.476837158203125,,,,13.017654418945312,26.464462280273438,13.446807861328125,14.155503687263183,12.118223729729005,,QuantData term-structure
2026-08-17T16:00:00-04:00,2026-09-11,25,470.0,put,-0.34283193028941505,25.892257690429688,480.62,fixed_strike,26.273727416992188,29.993057250976562,28.562545776367188,24.938583374023438,25.892257690429688,-3.62396240234375,0.476837158203125,,,,13.017654418945312,26.464462280273438,13.446807861328125,14.155503687263183,12.118223729729005,,QuantData term-structure
2026-08-17T16:00:00-04:00,2026-09-11,25,475.0,call,0.599203068451787,25.224685668945312,480.62,fixed_strike,26.273727416992188,29.993057250976562,28.562545776367188,24.938583374023438,25.892257690429688,-3.62396240234375,0.476837158203125,,,,13.017654418945312,26.464462280273438,13.446807861328125,14.155503687263183,12.118223729729005,,QuantData term-structure
2026-08-17T16:00:00-04:00,2026-09-11,25,475.0,put,-0.4134991613264159,27.513504028320312,480.62,fixed_strike,26.273727416992188,29.993057250976562,28.562545776367188,24.938583374023438,25.892257690429688,-3.62396240234375,0.476837158203125,,,,13.017654418945312,26.464462280273438,13.446807861328125,14.155503687263183,12.118223729729005,,QuantData term-structure
2026-08-17T16:00:00-04:00,2026-09-11,25,480.0,call,0.5366710361382121,25.033950805664062,480.62,fixed_strike,26.273727416992188,29.993057250976562,28.562545776367188,24.938583374023438,25.892257690429688,-3.62396240234375,0.476837158203125,,,,13.017654418945312,26.464462280273438,13.446807861328125,14.155503687263183,12.118223729729005,,QuantData term-structure
2026-08-17T16:00:00-04:00,2026-09-11,25,480.0,put,-0.45957906506029667,27.513504028320312,480.62,fixed_strike,26.273727416992188,29.993057250976562,28.562545776367188,24.938583374023438,25.892257690429688,-3.62396240234375,0.476837158203125,,,,13.017654418945312,26.464462280273438,13.446807861328125,14.155503687263183,12.118223729729005,,QuantData term-structure
2026-08-17T16:00:00-04:00,2026-09-11,25,485.0,call,0.47696445968671025,25.033950805664062,480.62,fixed_strike,26.273727416992188,29.993057250976562,28.562545776367188,24.938583374023438,25.892257690429688,-3.62396240234375,0.476837158203125,,,,13.017654418945312,26.464462280273438,13.446807861328125,14.155503687263183,12.118223729729005,,QuantData term-structure
2026-08-17T16:00:00-04:00,2026-09-11,25,485.0,put,-0.5164983069958442,28.085708618164062,480.62,fixed_strike,26.273727416992188,29.993057250976562,28.562545776367188,24.938583374023438,25.892257690429688,-3.62396240234375,0.476837158203125,,,,13.017654418945312,26.464462280273438,13.446807861328125,14.155503687263183,12.118223729729005,,QuantData term-structure
2026-08-17T16:00:00-04:00,2026-09-11,25,490.0,call,0.41657035567084527,25.606155395507812,480.62,fixed_strike,26.273727416992188,29.993057250976562,28.562545776367188,24.938583374023438,25.892257690429688,-3.62396240234375,0.476837158203125,,,,13.017654418945312,26.464462280273438,13.446807861328125,14.155503687263183,12.118223729729005,,QuantData term-structure
2026-08-17T16:00:00-04:00,2026-09-11,25,490.0,put,-0.5774458709023607,27.513504028320312,480.62,fixed_strike,26.273727416992188,29.993057250976562,28.562545776367188,24.938583374023438,25.892257690429688,-3.62396240234375,0.476837158203125,,,,13.017654418945312,26.464462280273438,13.446807861328125,14.155503687263183,12.118223729729005,,QuantData term-structure
2026-08-17T16:00:00-04:00,2026-09-11,25,495.0,call,0.35470729993982164,24.843215942382812,480.62,fixed_strike,26.273727416992188,29.993057250976562,28.562545776367188,24.938583374023438,25.892257690429688,-3.62396240234375,0.476837158203125,,,,13.017654418945312,26.464462280273438,13.446807861328125,14.155503687263183,12.118223729729005,,QuantData term-structure
2026-08-17T16:00:00-04:00,2026-09-11,25,495.0,put,-0.6305028354199481,27.704238891601562,480.62,fixed_strike,26.273727416992188,29.993057250976562,28.562545776367188,24.938583374023438,25.892257690429688,-3.62396240234375,0.476837158203125,,,,13.017654418945312,26.464462280273438,13.446807861328125,14.155503687263183,12.118223729729005,,QuantData term-structure
2026-08-17T16:00:00-04:00,2026-09-11,25,500.0,call,0.30080862578466605,24.938583374023438,480.62,fixed_strike,26.273727416992188,29.993057250976562,28.562545776367188,24.938583374023438,25.892257690429688,-3.62396240234375,0.476837158203125,,,,13.017654418945312,26.464462280273438,13.446807861328125,14.155503687263183,12.118223729729005,,QuantData term-structure
2026-08-17T16:00:00-04:00,2026-09-11,25,500.0,put,-0.671496623092163,28.562545776367188,480.62,fixed_strike,26.273727416992188,29.993057250976562,28.562545776367188,24.938583374023438,25.892257690429688,-3.62396240234375,0.476837158203125,,,,13.017654418945312,26.464462280273438,13.446807861328125,14.155503687263183,12.118223729729005,,QuantData term-structure
2026-08-17T16:00:00-04:00,2026-09-11,25,505.0,call,0.24785604616267964,24.938583374023438,480.62,fixed_strike,26.273727416992188,29.993057250976562,28.562545776367188,24.938583374023438,25.892257690429688,-3.62396240234375,0.476837158203125,,,,13.017654418945312,26.464462280273438,13.446807861328125,14.155503687263183,12.118223729729005,,QuantData term-structure
2026-08-17T16:00:00-04:00,2026-09-11,25,505.0,put,-0.7278420529863289,28.753280639648438,480.62,fixed_strike,26.273727416992188,29.993057250976562,28.562545776367188,24.938583374023438,25.892257690429688,-3.62396240234375,0.476837158203125,,,,13.017654418945312,26.464462280273438,13.446807861328125,14.155503687263183,12.118223729729005,,QuantData term-structure
2026-08-17T16:00:00-04:00,2026-09-11,25,510.0,call,0.20459286857481218,25.033950805664062,480.62,fixed_strike,26.273727416992188,29.993057250976562,28.562545776367188,24.938583374023438,25.892257690429688,-3.62396240234375,0.476837158203125,,,,13.017654418945312,26.464462280273438,13.446807861328125,14.155503687263183,12.118223729729005,,QuantData term-structure
2026-08-17T16:00:00-04:00,2026-09-11,25,510.0,put,-0.7731236940982975,27.608871459960938,480.62,fixed_strike,26.273727416992188,29.993057250976562,28.562545776367188,24.938583374023438,25.892257690429688,-3.62396240234375,0.476837158203125,,,,13.017654418945312,26.464462280273438,13.446807861328125,14.155503687263183,12.118223729729005,,QuantData term-structure
2026-08-17T16:00:00-04:00,2026-09-11,25,515.0,call,0.16944685136292126,25.224685668945312,480.62,fixed_strike,26.273727416992188,29.993057250976562,28.562545776367188,24.938583374023438,25.892257690429688,-3.62396240234375,0.476837158203125,,,,13.017654418945312,26.464462280273438,13.446807861328125,14.155503687263183,12.118223729729005,,QuantData term-structure
2026-08-17T16:00:00-04:00,2026-09-11,25,515.0,put,-0.7957983380997165,30.088424682617188,480.62,fixed_strike,26.273727416992188,29.993057250976562,28.562545776367188,24.938583374023438,25.892257690429688,-3.62396240234375,0.476837158203125,,,,13.017654418945312,26.464462280273438,13.446807861328125,14.155503687263183,12.118223729729005,,QuantData term-structure
2026-08-17T16:00:00-04:00,2026-09-11,25,520.0,call,0.13274252924748864,25.320053100585938,480.62,fixed_strike,26.273727416992188,29.993057250976562,28.562545776367188,24.938583374023438,25.892257690429688,-3.62396240234375,0.476837158203125,,,,13.017654418945312,26.464462280273438,13.446807861328125,14.155503687263183,12.118223729729005,,QuantData term-structure
2026-08-17T16:00:00-04:00,2026-09-11,25,520.0,put,-0.7947844749114075,28.848648071289062,480.62,fixed_strike,26.273727416992188,29.993057250976562,28.562545776367188,24.938583374023438,25.892257690429688,-3.62396240234375,0.476837158203125,,,,13.017654418945312,26.464462280273438,13.446807861328125,14.155503687263183,12.118223729729005,,QuantData term-structure
2026-08-17T16:00:00-04:00,2026-09-11,25,525.0,call,0.10505099250619465,25.892257690429688,480.62,fixed_strike,26.273727416992188,29.993057250976562,28.562545776367188,24.938583374023438,25.892257690429688,-3.62396240234375,0.476837158203125,,,,13.017654418945312,26.464462280273438,13.446807861328125,14.155503687263183,12.118223729729005,,QuantData term-structure
2026-08-17T16:00:00-04:00,2026-09-11,25,525.0,put,-0.8172130527582474,30.565261840820312,480.62,fixed_strike,26.273727416992188,29.993057250976562,28.562545776367188,24.938583374023438,25.892257690429688,-3.62396240234375,0.476837158203125,,,,13.017654418945312,26.464462280273438,13.446807861328125,14.155503687263183,12.118223729729005,,QuantData term-structure
2026-08-17T16:00:00-04:00,2026-09-11,25,530.0,call,0.08041490936179552,25.510787963867188,480.62,fixed_strike,26.273727416992188,29.993057250976562,28.562545776367188,24.938583374023438,25.892257690429688,-3.62396240234375,0.476837158203125,,,,13.017654418945312,26.464462280273438,13.446807861328125,14.155503687263183,12.118223729729005,,QuantData term-structure
2026-08-17T16:00:00-04:00,2026-09-11,25,530.0,put,-0.916649963125846,23.984909057617188,480.62,fixed_strike,26.273727416992188,29.993057250976562,28.562545776367188,24.938583374023438,25.892257690429688,-3.62396240234375,0.476837158203125,,,,13.017654418945312,26.464462280273438,13.446807861328125,14.155503687263183,12.118223729729005,,QuantData term-structure
2026-08-17T16:00:00-04:00,2026-09-11,25,535.0,call,0.06559153549571772,25.987625122070312,480.62,fixed_strike,26.273727416992188,29.993057250976562,28.562545776367188,24.938583374023438,25.892257690429688,-3.62396240234375,0.476837158203125,,,,13.017654418945312,26.464462280273438,13.446807861328125,14.155503687263183,12.118223729729005,,QuantData term-structure
2026-08-17T16:00:00-04:00,2026-09-11,25,540.0,call,0.051434309178757964,26.369094848632812,480.62,fixed_strike,26.273727416992188,29.993057250976562,28.562545776367188,24.938583374023438,25.892257690429688,-3.62396240234375,0.476837158203125,,,,13.017654418945312,26.464462280273438,13.446807861328125,14.155503687263183,12.118223729729005,,QuantData term-structure
2026-08-17T16:00:00-04:00,2026-09-11,25,545.0,call,0.038907314139064696,26.655197143554688,480.62,fixed_strike,26.273727416992188,29.993057250976562,28.562545776367188,24.938583374023438,25.892257690429688,-3.62396240234375,0.476837158203125,,,,13.017654418945312,26.464462280273438,13.446807861328125,14.155503687263183,12.118223729729005,,QuantData term-structure
2026-08-17T16:00:00-04:00,2026-09-11,25,550.0,call,0.031908046749625475,27.036666870117188,480.62,fixed_strike,26.273727416992188,29.993057250976562,28.562545776367188,24.938583374023438,25.892257690429688,-3.62396240234375,0.476837158203125,,,,13.017654418945312,26.464462280273438,13.446807861328125,14.155503687263183,12.118223729729005,,QuantData term-structure
2026-08-17T16:00:00-04:00,2026-09-11,25,555.0,call,0.026497166818244235,27.513504028320312,480.62,fixed_strike,26.273727416992188,29.993057250976562,28.562545776367188,24.938583374023438,25.892257690429688,-3.62396240234375,0.476837158203125,,,,13.017654418945312,26.464462280273438,13.446807861328125,14.155503687263183,12.118223729729005,,QuantData term-structure
2026-08-17T16:00:00-04:00,2026-09-11,25,560.0,call,0.020737073086510616,27.704238891601562,480.62,fixed_strike,26.273727416992188,29.993057250976562,28.562545776367188,24.938583374023438,25.892257690429688,-3.62396240234375,0.476837158203125,,,,13.017654418945312,26.464462280273438,13.446807861328125,14.155503687263183,12.118223729729005,,QuantData term-structure
2026-08-17T16:00:00-04:00,2026-09-11,25,570.0,call,0.013706605301828465,28.562545776367188,480.62,fixed_strike,26.273727416992188,29.993057250976562,28.562545776367188,24.938583374023438,25.892257690429688,-3.62396240234375,0.476837158203125,,,,13.017654418945312,26.464462280273438,13.446807861328125,14.155503687263183,12.118223729729005,,QuantData term-structure
2026-08-17T16:00:00-04:00,2026-09-11,25,580.0,call,0.01053466262270729,29.611587524414062,480.62,fixed_strike,26.273727416992188,29.993057250976562,28.562545776367188,24.938583374023438,25.892257690429688,-3.62396240234375,0.476837158203125,,,,13.017654418945312,26.464462280273438,13.446807861328125,14.155503687263183,12.118223729729005,,QuantData term-structure
2026-08-17T16:00:00-04:00,2026-09-11,25,590.0,call,0.005882572621086512,29.134750366210938,480.62,fixed_strike,26.273727416992188,29.993057250976562,28.562545776367188,24.938583374023438,25.892257690429688,-3.62396240234375,0.476837158203125,,,,13.017654418945312,26.464462280273438,13.446807861328125,14.155503687263183,12.118223729729005,,QuantData term-structure
2026-08-17T16:00:00-04:00,2026-09-11,25,600.0,call,0.012346527997375895,34.18922424316406,480.62,fixed_strike,26.273727416992188,29.993057250976562,28.562545776367188,24.938583374023438,25.892257690429688,-3.62396240234375,0.476837158203125,,,,13.017654418945312,26.464462280273438,13.446807861328125,14.155503687263183,12.118223729729005,,QuantData term-structure
2026-08-17T16:00:00-04:00,2026-09-11,25,610.0,call,0.004698722004458228,32.18650817871094,480.62,fixed_strike,26.273727416992188,29.993057250976562,28.562545776367188,24.938583374023438,25.892257690429688,-3.62396240234375,0.476837158203125,,,,13.017654418945312,26.464462280273438,13.446807861328125,14.155503687263183,12.118223729729005,,QuantData term-structure
2026-08-17T16:00:00-04:00,2026-09-11,25,620.0,call,0.005028267952021663,35.23826599121094,480.62,fixed_strike,26.273727416992188,29.993057250976562,28.562545776367188,24.938583374023438,25.892257690429688,-3.62396240234375,0.476837158203125,,,,13.017654418945312,26.464462280273438,13.446807861328125,14.155503687263183,12.118223729729005,,QuantData term-structure
2026-08-17T16:00:00-04:00,2026-09-11,25,630.0,call,0.004653846150694788,38.67149353027344,480.62,fixed_strike,26.273727416992188,29.993057250976562,28.562545776367188,24.938583374023438,25.892257690429688,-3.62396240234375,0.476837158203125,,,,13.017654418945312,26.464462280273438,13.446807861328125,14.155503687263183,12.118223729729005,,QuantData term-structure
2026-08-17T16:00:00-04:00,2026-09-11,25,640.0,call,0.0022488603854095655,37.62245178222656,480.62,fixed_strike,26.273727416992188,29.993057250976562,28.562545776367188,24.938583374023438,25.892257690429688,-3.62396240234375,0.476837158203125,,,,13.017654418945312,26.464462280273438,13.446807861328125,14.155503687263183,12.118223729729005,,QuantData term-structure
2026-08-17T16:00:00-04:00,2026-09-11,25,650.0,call,0.006859826006866508,44.48890686035156,480.62,fixed_strike,26.273727416992188,29.993057250976562,28.562545776367188,24.938583374023438,25.892257690429688,-3.62396240234375,0.476837158203125,,,,13.017654418945312,26.464462280273438,13.446807861328125,14.155503687263183,12.118223729729005,,QuantData term-structure
2026-08-17T16:00:00-04:00,2026-09-11,25,660.0,call,0.0008033333062456285,37.62245178222656,480.62,fixed_strike,26.273727416992188,29.993057250976562,28.562545776367188,24.938583374023438,25.892257690429688,-3.62396240234375,0.476837158203125,,,,13.017654418945312,26.464462280273438,13.446807861328125,14.155503687263183,12.118223729729005,,QuantData term-structure
2026-08-17T16:00:00-04:00,2026-09-11,25,670.0,call,0.0007565368694280574,39.24369812011719,480.62,fixed_strike,26.273727416992188,29.993057250976562,28.562545776367188,24.938583374023438,25.892257690429688,-3.62396240234375,0.476837158203125,,,,13.017654418945312,26.464462280273438,13.446807861328125,14.155503687263183,12.118223729729005,,QuantData term-structure
2026-08-17T16:00:00-04:00,2026-09-18,32,215.0,put,-0.0005522679909032185,87.88108825683594,480.62,fixed_strike,26.464462280273438,30.660629272460938,28.276443481445312,24.843215942382812,25.701522827148438,-3.4332275390625,0.095367431640625,,,,13.017654418945312,26.464462280273438,13.446807861328125,14.155503687263183,12.308958593010255,,QuantData term-structure
2026-08-17T16:00:00-04:00,2026-09-18,32,220.0,call,1.0,0.0476837158203125,480.62,fixed_strike,26.464462280273438,30.660629272460938,28.276443481445312,24.843215942382812,25.701522827148438,-3.4332275390625,0.095367431640625,,,,13.017654418945312,26.464462280273438,13.446807861328125,14.155503687263183,12.308958593010255,,QuantData term-structure
2026-08-17T16:00:00-04:00,2026-09-18,32,220.0,put,-0.0005845205497006511,84.63859558105469,480.62,fixed_strike,26.464462280273438,30.660629272460938,28.276443481445312,24.843215942382812,25.701522827148438,-3.4332275390625,0.095367431640625,,,,13.017654418945312,26.464462280273438,13.446807861328125,14.155503687263183,12.308958593010255,,QuantData term-structure
2026-08-17T16:00:00-04:00,2026-09-18,32,250.0,put,-0.0003792218844756813,67.66319274902344,480.62,fixed_strike,26.464462280273438,30.660629272460938,28.276443481445312,24.843215942382812,25.701522827148438,-3.4332275390625,0.095367431640625,,,,13.017654418945312,26.464462280273438,13.446807861328125,14.155503687263183,12.308958593010255,,QuantData term-structure
2026-08-17T16:00:00-04:00,2026-09-18,32,255.0,put,-0.0006962450407477544,69.76127624511719,480.62,fixed_strike,26.464462280273438,30.660629272460938,28.276443481445312,24.843215942382812,25.701522827148438,-3.4332275390625,0.095367431640625,,,,13.017654418945312,26.464462280273438,13.446807861328125,14.155503687263183,12.308958593010255,,QuantData term-structure
2026-08-17T16:00:00-04:00,2026-09-18,32,265.0,put,-0.0007521444837458245,65.37437438964844,480.62,fixed_strike,26.464462280273438,30.660629272460938,28.276443481445312,24.843215942382812,25.701522827148438,-3.4332275390625,0.095367431640625,,,,13.017654418945312,26.464462280273438,13.446807861328125,14.155503687263183,12.308958593010255,,QuantData term-structure
2026-08-17T16:00:00-04:00,2026-09-18,32,270.0,put,-0.0007532900769873191,64.70680236816406,480.62,fixed_strike,26.464462280273438,30.660629272460938,28.276443481445312,24.843215942382812,25.701522827148438,-3.4332275390625,0.095367431640625,,,,13.017654418945312,26.464462280273438,13.446807861328125,14.155503687263183,12.308958593010255,,QuantData term-structure
2026-08-17T16:00:00-04:00,2026-09-18,32,275.0,put,-0.0014142259475379015,65.75584411621094,480.62,fixed_strike,26.464462280273438,30.660629272460938,28.276443481445312,24.843215942382812,25.701522827148438,-3.4332275390625,0.095367431640625,,,,13.017654418945312,26.464462280273438,13.446807861328125,14.155503687263183,12.308958593010255,,QuantData term-structure
2026-08-17T16:00:00-04:00,2026-09-18,32,285.0,put,-0.001835042121488764,62.79945373535156,480.62,fixed_strike,26.464462280273438,30.660629272460938,28.276443481445312,24.843215942382812,25.701522827148438,-3.4332275390625,0.095367431640625,,,,13.017654418945312,26.464462280273438,13.446807861328125,14.155503687263183,12.308958593010255,,QuantData term-structure
2026-08-17T16:00:00-04:00,2026-09-18,32,290.0,call,1.0,0.0476837158203125,480.62,fixed_strike,26.464462280273438,30.660629272460938,28.276443481445312,24.843215942382812,25.701522827148438,-3.4332275390625,0.095367431640625,,,,13.017654418945312,26.464462280273438,13.446807861328125,14.155503687263183,12.308958593010255,,QuantData term-structure
2026-08-17T16:00:00-04:00,2026-09-18,32,290.0,put,-0.001243464616741495,58.03108215332031,480.62,fixed_strike,26.464462280273438,30.660629272460938,28.276443481445312,24.843215942382812,25.701522827148438,-3.4332275390625,0.095367431640625,,,,13.017654418945312,26.464462280273438,13.446807861328125,14.155503687263183,12.308958593010255,,QuantData term-structure
2026-08-17T16:00:00-04:00,2026-09-18,32,295.0,put,-0.002597619151924789,61.08283996582031,480.62,fixed_strike,26.464462280273438,30.660629272460938,28.276443481445312,24.843215942382812,25.701522827148438,-3.4332275390625,0.095367431640625,,,,13.017654418945312,26.464462280273438,13.446807861328125,14.155503687263183,12.308958593010255,,QuantData term-structure
2026-08-17T16:00:00-04:00,2026-09-18,32,300.0,put,-0.002307833593945096,58.12644958496094,480.62,fixed_strike,26.464462280273438,30.660629272460938,28.276443481445312,24.843215942382812,25.701522827148438,-3.4332275390625,0.095367431640625,,,,13.017654418945312,26.464462280273438,13.446807861328125,14.155503687263183,12.308958593010255,,QuantData term-structure
2026-08-17T16:00:00-04:00,2026-09-18,32,305.0,put,-0.005077048608623136,62.41798400878906,480.62,fixed_strike,26.464462280273438,30.660629272460938,28.276443481445312,24.843215942382812,25.701522827148438,-3.4332275390625,0.095367431640625,,,,13.017654418945312,26.464462280273438,13.446807861328125,14.155503687263183,12.308958593010255,,QuantData term-structure
2026-08-17T16:00:00-04:00,2026-09-18,32,310.0,call,1.0,0.0476837158203125,480.62,fixed_strike,26.464462280273438,30.660629272460938,28.276443481445312,24.843215942382812,25.701522827148438,-3.4332275390625,0.095367431640625,,,,13.017654418945312,26.464462280273438,13.446807861328125,14.155503687263183,12.308958593010255,,QuantData term-structure
2026-08-17T16:00:00-04:00,2026-09-18,32,310.0,put,-0.0031331239740504586,56.31446838378906,480.62,fixed_strike,26.464462280273438,30.660629272460938,28.276443481445312,24.843215942382812,25.701522827148438,-3.4332275390625,0.095367431640625,,,,13.017654418945312,26.464462280273438,13.446807861328125,14.155503687263183,12.308958593010255,,QuantData term-structure
2026-08-17T16:00:00-04:00,2026-09-18,32,315.0,put,-0.00294176829238331,53.64418029785156,480.62,fixed_strike,26.464462280273438,30.660629272460938,28.276443481445312,24.843215942382812,25.701522827148438,-3.4332275390625,0.095367431640625,,,,13.017654418945312,26.464462280273438,13.446807861328125,14.155503687263183,12.308958593010255,,QuantData term-structure
2026-08-17T16:00:00-04:00,2026-09-18,32,320.0,put,-0.0036702444389224214,52.97660827636719,480.62,fixed_strike,26.464462280273438,30.660629272460938,28.276443481445312,24.843215942382812,25.701522827148438,-3.4332275390625,0.095367431640625,,,,13.017654418945312,26.464462280273438,13.446807861328125,14.155503687263183,12.308958593010255,,QuantData term-structure
2026-08-17T16:00:00-04:00,2026-09-18,32,325.0,call,1.0,0.0476837158203125,480.62,fixed_strike,26.464462280273438,30.660629272460938,28.276443481445312,24.843215942382812,25.701522827148438,-3.4332275390625,0.095367431640625,,,,13.017654418945312,26.464462280273438,13.446807861328125,14.155503687263183,12.308958593010255,,QuantData term-structure
2026-08-17T16:00:00-04:00,2026-09-18,32,325.0,put,-0.003477239947061843,50.78315734863281,480.62,fixed_strike,26.464462280273438,30.660629272460938,28.276443481445312,24.843215942382812,25.701522827148438,-3.4332275390625,0.095367431640625,,,,13.017654418945312,26.464462280273438,13.446807861328125,14.155503687263183,12.308958593010255,,QuantData term-structure
2026-08-17T16:00:00-04:00,2026-09-18,32,330.0,call,1.0,0.0476837158203125,480.62,fixed_strike,26.464462280273438,30.660629272460938,28.276443481445312,24.843215942382812,25.701522827148438,-3.4332275390625,0.095367431640625,,,,13.017654418945312,26.464462280273438,13.446807861328125,14.155503687263183,12.308958593010255,,QuantData term-structure
2026-08-17T16:00:00-04:00,2026-09-18,32,330.0,put,-0.0049697936069063205,50.87852478027344,480.62,fixed_strike,26.464462280273438,30.660629272460938,28.276443481445312,24.843215942382812,25.701522827148438,-3.4332275390625,0.095367431640625,,,,13.017654418945312,26.464462280273438,13.446807861328125,14.155503687263183,12.308958593010255,,QuantData term-structure
2026-08-17T16:00:00-04:00,2026-09-18,32,335.0,put,-0.004422594251475777,48.20823669433594,480.62,fixed_strike,26.464462280273438,30.660629272460938,28.276443481445312,24.843215942382812,25.701522827148438,-3.4332275390625,0.095367431640625,,,,13.017654418945312,26.464462280273438,13.446807861328125,14.155503687263183,12.308958593010255,,QuantData term-structure
2026-08-17T16:00:00-04:00,2026-09-18,32,340.0,put,-0.00599274132963627,48.39897155761719,480.62,fixed_strike,26.464462280273438,30.660629272460938,28.276443481445312,24.843215942382812,25.701522827148438,-3.4332275390625,0.095367431640625,,,,13.017654418945312,26.464462280273438,13.446807861328125,14.155503687263183,12.308958593010255,,QuantData term-structure
2026-08-17T16:00:00-04:00,2026-09-18,32,345.0,put,-0.007507050239817456,48.58970642089844,480.62,fixed_strike,26.464462280273438,30.660629272460938,28.276443481445312,24.843215942382812,25.701522827148438,-3.4332275390625,0.095367431640625,,,,13.017654418945312,26.464462280273438,13.446807861328125,14.155503687263183,12.308958593010255,,QuantData term-structure
2026-08-17T16:00:00-04:00,2026-09-18,32,350.0,call,1.0,0.0476837158203125,480.62,fixed_strike,26.464462280273438,30.660629272460938,28.276443481445312,24.843215942382812,25.701522827148438,-3.4332275390625,0.095367431640625,,,,13.017654418945312,26.464462280273438,13.446807861328125,14.155503687263183,12.308958593010255,,QuantData term-structure
2026-08-17T16:00:00-04:00,2026-09-18,32,350.0,put,-0.0079631977548243,46.20552062988281,480.62,fixed_strike,26.464462280273438,30.660629272460938,28.276443481445312,24.843215942382812,25.701522827148438,-3.4332275390625,0.095367431640625,,,,13.017654418945312,26.464462280273438,13.446807861328125,14.155503687263183,12.308958593010255,,QuantData term-structure
2026-08-17T16:00:00-04:00,2026-09-18,32,355.0,put,-0.008628084989483137,44.67964172363281,480.62,fixed_strike,26.464462280273438,30.660629272460938,28.276443481445312,24.843215942382812,25.701522827148438,-3.4332275390625,0.095367431640625,,,,13.017654418945312,26.464462280273438,13.446807861328125,14.155503687263183,12.308958593010255,,QuantData term-structure
2026-08-17T16:00:00-04:00,2026-09-18,32,360.0,call,1.0,0.0476837158203125,480.62,fixed_strike,26.464462280273438,30.660629272460938,28.276443481445312,24.843215942382812,25.701522827148438,-3.4332275390625,0.095367431640625,,,,13.017654418945312,26.464462280273438,13.446807861328125,14.155503687263183,12.308958593010255,,QuantData term-structure
2026-08-17T16:00:00-04:00,2026-09-18,32,360.0,put,-0.009931664325915484,44.01206970214844,480.62,fixed_strike,26.464462280273438,30.660629272460938,28.276443481445312,24.843215942382812,25.701522827148438,-3.4332275390625,0.095367431640625,,,,13.017654418945312,26.464462280273438,13.446807861328125,14.155503687263183,12.308958593010255,,QuantData term-structure
2026-08-17T16:00:00-04:00,2026-09-18,32,365.0,call,1.0,0.0476837158203125,480.62,fixed_strike,26.464462280273438,30.660629272460938,28.276443481445312,24.843215942382812,25.701522827148438,-3.4332275390625,0.095367431640625,,,,13.017654418945312,26.464462280273438,13.446807861328125,14.155503687263183,12.308958593010255,,QuantData term-structure
2026-08-17T16:00:00-04:00,2026-09-18,32,365.0,put,-0.010473054789009641,41.81861877441406,480.62,fixed_strike,26.464462280273438,30.660629272460938,28.276443481445312,24.843215942382812,25.701522827148438,-3.4332275390625,0.095367431640625,,,,13.017654418945312,26.464462280273438,13.446807861328125,14.155503687263183,12.308958593010255,,QuantData term-structure
2026-08-17T16:00:00-04:00,2026-09-18,32,370.0,call,1.0,0.0476837158203125,480.62,fixed_strike,26.464462280273438,30.660629272460938,28.276443481445312,24.843215942382812,25.701522827148438,-3.4332275390625,0.095367431640625,,,,13.017654418945312,26.464462280273438,13.446807861328125,14.155503687263183,12.308958593010255,,QuantData term-structure
2026-08-17T16:00:00-04:00,2026-09-18,32,370.0,put,-0.011931422009218927,40.96031188964844,480.62,fixed_strike,26.464462280273438,30.660629272460938,28.276443481445312,24.843215942382812,25.701522827148438,-3.4332275390625,0.095367431640625,,,,13.017654418945312,26.464462280273438,13.446807861328125,14.155503687263183,12.308958593010255,,QuantData term-structure
2026-08-17T16:00:00-04:00,2026-09-18,32,375.0,call,1.0,0.0476837158203125,480.62,fixed_strike,26.464462280273438,30.660629272460938,28.276443481445312,24.843215942382812,25.701522827148438,-3.4332275390625,0.095367431640625,,,,13.017654418945312,26.464462280273438,13.446807861328125,14.155503687263183,12.308958593010255,,QuantData term-structure
2026-08-17T16:00:00-04:00,2026-09-18,32,375.0,put,-0.0127596236583013,39.05296325683594,480.62,fixed_strike,26.464462280273438,30.660629272460938,28.276443481445312,24.843215942382812,25.701522827148438,-3.4332275390625,0.095367431640625,,,,13.017654418945312,26.464462280273438,13.446807861328125,14.155503687263183,12.308958593010255,,QuantData term-structure
2026-08-17T16:00:00-04:00,2026-09-18,32,380.0,call,1.0,0.0476837158203125,480.62,fixed_strike,26.464462280273438,30.660629272460938,28.276443481445312,24.843215942382812,25.701522827148438,-3.4332275390625,0.095367431640625,,,,13.017654418945312,26.464462280273438,13.446807861328125,14.155503687263183,12.308958593010255,,QuantData term-structure
2026-08-17T16:00:00-04:00,2026-09-18,32,380.0,put,-0.01771068172986892,39.33906555175781,480.62,fixed_strike,26.464462280273438,30.660629272460938,28.276443481445312,24.843215942382812,25.701522827148438,-3.4332275390625,0.095367431640625,,,,13.017654418945312,26.464462280273438,13.446807861328125,14.155503687263183,12.308958593010255,,QuantData term-structure
2026-08-17T16:00:00-04:00,2026-09-18,32,385.0,put,-0.018247790550760305,37.33634948730469,480.62,fixed_strike,26.464462280273438,30.660629272460938,28.276443481445312,24.843215942382812,25.701522827148438,-3.4332275390625,0.095367431640625,,,,13.017654418945312,26.464462280273438,13.446807861328125,14.155503687263183,12.308958593010255,,QuantData term-structure
2026-08-17T16:00:00-04:00,2026-09-18,32,390.0,call,1.0,0.0476837158203125,480.62,fixed_strike,26.464462280273438,30.660629272460938,28.276443481445312,24.843215942382812,25.701522827148438,-3.4332275390625,0.095367431640625,,,,13.017654418945312,26.464462280273438,13.446807861328125,14.155503687263183,12.308958593010255,,QuantData term-structure
2026-08-17T16:00:00-04:00,2026-09-18,32,390.0,put,-0.023239008355982783,37.05024719238281,480.62,fixed_strike,26.464462280273438,30.660629272460938,28.276443481445312,24.843215942382812,25.701522827148438,-3.4332275390625,0.095367431640625,,,,13.017654418945312,26.464462280273438,13.446807861328125,14.155503687263183,12.308958593010255,,QuantData term-structure
2026-08-17T16:00:00-04:00,2026-09-18,32,395.0,call,1.0,0.0476837158203125,480.62,fixed_strike,26.464462280273438,30.660629272460938,28.276443481445312,24.843215942382812,25.701522827148438,-3.4332275390625,0.095367431640625,,,,13.017654418945312,26.464462280273438,13.446807861328125,14.155503687263183,12.308958593010255,,QuantData term-structure
2026-08-17T16:00:00-04:00,2026-09-18,32,395.0,put,-0.025636788940780923,35.81047058105469,480.62,fixed_strike,26.464462280273438,30.660629272460938,28.276443481445312,24.843215942382812,25.701522827148438,-3.4332275390625,0.095367431640625,,,,13.017654418945312,26.464462280273438,13.446807861328125,14.155503687263183,12.308958593010255,,QuantData term-structure
2026-08-17T16:00:00-04:00,2026-09-18,32,400.0,call,1.0,0.0476837158203125,480.62,fixed_strike,26.464462280273438,30.660629272460938,28.276443481445312,24.843215942382812,25.701522827148438,-3.4332275390625,0.095367431640625,,,,13.017654418945312,26.464462280273438,13.446807861328125,14.155503687263183,12.308958593010255,,QuantData term-structure
2026-08-17T16:00:00-04:00,2026-09-18,32,400.0,put,-0.03185256104910267,35.23826599121094,480.62,fixed_strike,26.464462280273438,30.660629272460938,28.276443481445312,24.843215942382812,25.701522827148438,-3.4332275390625,0.095367431640625,,,,13.017654418945312,26.464462280273438,13.446807861328125,14.155503687263183,12.308958593010255,,QuantData term-structure
2026-08-17T16:00:00-04:00,2026-09-18,32,405.0,call,1.0,0.0476837158203125,480.62,fixed_strike,26.464462280273438,30.660629272460938,28.276443481445312,24.843215942382812,25.701522827148438,-3.4332275390625,0.095367431640625,,,,13.017654418945312,26.464462280273438,13.446807861328125,14.155503687263183,12.308958593010255,,QuantData term-structure
2026-08-17T16:00:00-04:00,2026-09-18,32,405.0,put,-0.036916991209657454,34.09385681152344,480.62,fixed_strike,26.464462280273438,30.660629272460938,28.276443481445312,24.843215942382812,25.701522827148438,-3.4332275390625,0.095367431640625,,,,13.017654418945312,26.464462280273438,13.446807861328125,14.155503687263183,12.308958593010255,,QuantData term-structure
2026-08-17T16:00:00-04:00,2026-09-18,32,410.0,call,1.0,0.0476837158203125,480.62,fixed_strike,26.464462280273438,30.660629272460938,28.276443481445312,24.843215942382812,25.701522827148438,-3.4332275390625,0.095367431640625,,,,13.017654418945312,26.464462280273438,13.446807861328125,14.155503687263183,12.308958593010255,,QuantData term-structure
2026-08-17T16:00:00-04:00,2026-09-18,32,410.0,put,-0.042710079018171865,33.33091735839844,480.62,fixed_strike,26.464462280273438,30.660629272460938,28.276443481445312,24.843215942382812,25.701522827148438,-3.4332275390625,0.095367431640625,,,,13.017654418945312,26.464462280273438,13.446807861328125,14.155503687263183,12.308958593010255,,QuantData term-structure
2026-08-17T16:00:00-04:00,2026-09-18,32,415.0,call,1.0,0.0476837158203125,480.62,fixed_strike,26.464462280273438,30.660629272460938,28.276443481445312,24.843215942382812,25.701522827148438,-3.4332275390625,0.095367431640625,,,,13.017654418945312,26.464462280273438,13.446807861328125,14.155503687263183,12.308958593010255,,QuantData term-structure
2026-08-17T16:00:00-04:00,2026-09-18,32,415.0,put,-0.05496302500349831,32.28187561035156,480.62,fixed_strike,26.464462280273438,30.660629272460938,28.276443481445312,24.843215942382812,25.701522827148438,-3.4332275390625,0.095367431640625,,,,13.017654418945312,26.464462280273438,13.446807861328125,14.155503687263183,12.308958593010255,,QuantData term-structure
2026-08-17T16:00:00-04:00,2026-09-18,32,420.0,call,0.9931902208142698,19.121170043945312,480.62,fixed_strike,26.464462280273438,30.660629272460938,28.276443481445312,24.843215942382812,25.701522827148438,-3.4332275390625,0.095367431640625,,,,13.017654418945312,26.464462280273438,13.446807861328125,14.155503687263183,12.308958593010255,,QuantData term-structure
2026-08-17T16:00:00-04:00,2026-09-18,32,420.0,put,-0.06523243584184979,31.900405883789062,480.62,fixed_strike,26.464462280273438,30.660629272460938,28.276443481445312,24.843215942382812,25.701522827148438,-3.4332275390625,0.095367431640625,,,,13.017654418945312,26.464462280273438,13.446807861328125,14.155503687263183,12.308958593010255,,QuantData term-structure
2026-08-17T16:00:00-04:00,2026-09-18,32,425.0,call,0.9506503344280048,26.273727416992188,480.62,fixed_strike,26.464462280273438,30.660629272460938,28.276443481445312,24.843215942382812,25.701522827148438,-3.4332275390625,0.095367431640625,,,,13.017654418945312,26.464462280273438,13.446807861328125,14.155503687263183,12.308958593010255,,QuantData term-structure
2026-08-17T16:00:00-04:00,2026-09-18,32,425.0,put,-0.07996327621365557,31.137466430664062,480.62,fixed_strike,26.464462280273438,30.660629272460938,28.276443481445312,24.843215942382812,25.701522827148438,-3.4332275390625,0.095367431640625,,,,13.017654418945312,26.464462280273438,13.446807861328125,14.155503687263183,12.308958593010255,,QuantData term-structure
2026-08-17T16:00:00-04:00,2026-09-18,32,430.0,call,0.9429821742610565,24.843215942382812,480.62,fixed_strike,26.464462280273438,30.660629272460938,28.276443481445312,24.843215942382812,25.701522827148438,-3.4332275390625,0.095367431640625,,,,13.017654418945312,26.464462280273438,13.446807861328125,14.155503687263183,12.308958593010255,,QuantData term-structure
2026-08-17T16:00:00-04:00,2026-09-18,32,430.0,put,-0.0949531408934085,30.660629272460938,480.62,fixed_strike,26.464462280273438,30.660629272460938,28.276443481445312,24.843215942382812,25.701522827148438,-3.4332275390625,0.095367431640625,,,,13.017654418945312,26.464462280273438,13.446807861328125,14.155503687263183,12.308958593010255,,QuantData term-structure
2026-08-17T16:00:00-04:00,2026-09-18,32,435.0,call,0.8990245857340569,28.181076049804688,480.62,fixed_strike,26.464462280273438,30.660629272460938,28.276443481445312,24.843215942382812,25.701522827148438,-3.4332275390625,0.095367431640625,,,,13.017654418945312,26.464462280273438,13.446807861328125,14.155503687263183,12.308958593010255,,QuantData term-structure
2026-08-17T16:00:00-04:00,2026-09-18,32,435.0,put,-0.11552498550582618,30.183792114257812,480.62,fixed_strike,26.464462280273438,30.660629272460938,28.276443481445312,24.843215942382812,25.701522827148438,-3.4332275390625,0.095367431640625,,,,13.017654418945312,26.464462280273438,13.446807861328125,14.155503687263183,12.308958593010255,,QuantData term-structure
2026-08-17T16:00:00-04:00,2026-09-18,32,440.0,call,0.8964029358800346,25.415420532226562,480.62,fixed_strike,26.464462280273438,30.660629272460938,28.276443481445312,24.843215942382812,25.701522827148438,-3.4332275390625,0.095367431640625,,,,13.017654418945312,26.464462280273438,13.446807861328125,14.155503687263183,12.308958593010255,,QuantData term-structure
2026-08-17T16:00:00-04:00,2026-09-18,32,440.0,put,-0.1359940338248718,29.611587524414062,480.62,fixed_strike,26.464462280273438,30.660629272460938,28.276443481445312,24.843215942382812,25.701522827148438,-3.4332275390625,0.095367431640625,,,,13.017654418945312,26.464462280273438,13.446807861328125,14.155503687263183,12.308958593010255,,QuantData term-structure
2026-08-17T16:00:00-04:00,2026-09-18,32,445.0,call,0.8693984102630575,25.701522827148438,480.62,fixed_strike,26.464462280273438,30.660629272460938,28.276443481445312,24.843215942382812,25.701522827148438,-3.4332275390625,0.095367431640625,,,,13.017654418945312,26.464462280273438,13.446807861328125,14.155503687263183,12.308958593010255,,QuantData term-structure
2026-08-17T16:00:00-04:00,2026-09-18,32,445.0,put,-0.16319511706643347,29.325485229492188,480.62,fixed_strike,26.464462280273438,30.660629272460938,28.276443481445312,24.843215942382812,25.701522827148438,-3.4332275390625,0.095367431640625,,,,13.017654418945312,26.464462280273438,13.446807861328125,14.155503687263183,12.308958593010255,,QuantData term-structure
2026-08-17T16:00:00-04:00,2026-09-18,32,450.0,call,0.8204326011790134,26.178359985351562,480.62,fixed_strike,26.464462280273438,30.660629272460938,28.276443481445312,24.843215942382812,25.701522827148438,-3.4332275390625,0.095367431640625,,,,13.017654418945312,26.464462280273438,13.446807861328125,14.155503687263183,12.308958593010255,,QuantData term-structure
2026-08-17T16:00:00-04:00,2026-09-18,32,450.0,put,-0.19306428306633766,28.753280639648438,480.62,fixed_strike,26.464462280273438,30.660629272460938,28.276443481445312,24.843215942382812,25.701522827148438,-3.4332275390625,0.095367431640625,,,,13.017654418945312,26.464462280273438,13.446807861328125,14.155503687263183,12.308958593010255,,QuantData term-structure
2026-08-17T16:00:00-04:00,2026-09-18,32,455.0,call,0.8073280365624386,24.747848510742188,480.62,fixed_strike,26.464462280273438,30.660629272460938,28.276443481445312,24.843215942382812,25.701522827148438,-3.4332275390625,0.095367431640625,,,,13.017654418945312,26.464462280273438,13.446807861328125,14.155503687263183,12.308958593010255,,QuantData term-structure
2026-08-17T16:00:00-04:00,2026-09-18,32,455.0,put,-0.22797723891663052,28.371810913085938,480.62,fixed_strike,26.464462280273438,30.660629272460938,28.276443481445312,24.843215942382812,25.701522827148438,-3.4332275390625,0.095367431640625,,,,13.017654418945312,26.464462280273438,13.446807861328125,14.155503687263183,12.308958593010255,,QuantData term-structure
2026-08-17T16:00:00-04:00,2026-09-18,32,460.0,call,0.7404347832385483,25.606155395507812,480.62,fixed_strike,26.464462280273438,30.660629272460938,28.276443481445312,24.843215942382812,25.701522827148438,-3.4332275390625,0.095367431640625,,,,13.017654418945312,26.464462280273438,13.446807861328125,14.155503687263183,12.308958593010255,,QuantData term-structure
2026-08-17T16:00:00-04:00,2026-09-18,32,460.0,put,-0.26917874397767017,28.276443481445312,480.62,fixed_strike,26.464462280273438,30.660629272460938,28.276443481445312,24.843215942382812,25.701522827148438,-3.4332275390625,0.095367431640625,,,,13.017654418945312,26.464462280273438,13.446807861328125,14.155503687263183,12.308958593010255,,QuantData term-structure
2026-08-17T16:00:00-04:00,2026-09-18,32,465.0,call,0.6963427216781075,25.606155395507812,480.62,fixed_strike,26.464462280273438,30.660629272460938,28.276443481445312,24.843215942382812,25.701522827148438,-3.4332275390625,0.095367431640625,,,,13.017654418945312,26.464462280273438,13.446807861328125,14.155503687263183,12.308958593010255,,QuantData term-structure
2026-08-17T16:00:00-04:00,2026-09-18,32,465.0,put,-0.31136715329855424,27.894973754882812,480.62,fixed_strike,26.464462280273438,30.660629272460938,28.276443481445312,24.843215942382812,25.701522827148438,-3.4332275390625,0.095367431640625,,,,13.017654418945312,26.464462280273438,13.446807861328125,14.155503687263183,12.308958593010255,,QuantData term-structure
2026-08-17T16:00:00-04:00,2026-09-18,32,470.0,call,0.6427422698838257,25.224685668945312,480.62,fixed_strike,26.464462280273438,30.660629272460938,28.276443481445312,24.843215942382812,25.701522827148438,-3.4332275390625,0.095367431640625,,,,13.017654418945312,26.464462280273438,13.446807861328125,14.155503687263183,12.308958593010255,,QuantData term-structure
2026-08-17T16:00:00-04:00,2026-09-18,32,470.0,put,-0.3576608012969791,27.704238891601562,480.62,fixed_strike,26.464462280273438,30.660629272460938,28.276443481445312,24.843215942382812,25.701522827148438,-3.4332275390625,0.095367431640625,,,,13.017654418945312,26.464462280273438,13.446807861328125,14.155503687263183,12.308958593010255,,QuantData term-structure
2026-08-17T16:00:00-04:00,2026-09-18,32,475.0,call,0.5960487900024082,25.320053100585938,480.62,fixed_strike,26.464462280273438,30.660629272460938,28.276443481445312,24.843215942382812,25.701522827148438,-3.4332275390625,0.095367431640625,,,,13.017654418945312,26.464462280273438,13.446807861328125,14.155503687263183,12.308958593010255,,QuantData term-structure
2026-08-17T16:00:00-04:00,2026-09-18,32,475.0,put,-0.4169611676639208,27.704238891601562,480.62,fixed_strike,26.464462280273438,30.660629272460938,28.276443481445312,24.843215942382812,25.701522827148438,-3.4332275390625,0.095367431640625,,,,13.017654418945312,26.464462280273438,13.446807861328125,14.155503687263183,12.308958593010255,,QuantData term-structure
2026-08-17T16:00:00-04:00,2026-09-18,32,480.0,call,0.5445531290415822,25.129318237304688,480.62,fixed_strike,26.464462280273438,30.660629272460938,28.276443481445312,24.843215942382812,25.701522827148438,-3.4332275390625,0.095367431640625,,,,13.017654418945312,26.464462280273438,13.446807861328125,14.155503687263183,12.308958593010255,,QuantData term-structure
2026-08-17T16:00:00-04:00,2026-09-18,32,480.0,put,-0.4566298428933804,27.799606323242188,480.62,fixed_strike,26.464462280273438,30.660629272460938,28.276443481445312,24.843215942382812,25.701522827148438,-3.4332275390625,0.095367431640625,,,,13.017654418945312,26.464462280273438,13.446807861328125,14.155503687263183,12.308958593010255,,QuantData term-structure
2026-08-17T16:00:00-04:00,2026-09-18,32,485.0,call,0.4891285427895855,25.129318237304688,480.62,fixed_strike,26.464462280273438,30.660629272460938,28.276443481445312,24.843215942382812,25.701522827148438,-3.4332275390625,0.095367431640625,,,,13.017654418945312,26.464462280273438,13.446807861328125,14.155503687263183,12.308958593010255,,QuantData term-structure
2026-08-17T16:00:00-04:00,2026-09-18,32,485.0,put,-0.5091246847642997,27.608871459960938,480.62,fixed_strike,26.464462280273438,30.660629272460938,28.276443481445312,24.843215942382812,25.701522827148438,-3.4332275390625,0.095367431640625,,,,13.017654418945312,26.464462280273438,13.446807861328125,14.155503687263183,12.308958593010255,,QuantData term-structure
2026-08-17T16:00:00-04:00,2026-09-18,32,490.0,call,0.43212640704126415,25.224685668945312,480.62,fixed_strike,26.464462280273438,30.660629272460938,28.276443481445312,24.843215942382812,25.701522827148438,-3.4332275390625,0.095367431640625,,,,13.017654418945312,26.464462280273438,13.446807861328125,14.155503687263183,12.308958593010255,,QuantData term-structure
2026-08-17T16:00:00-04:00,2026-09-18,32,490.0,put,-0.5583882777937514,27.704238891601562,480.62,fixed_strike,26.464462280273438,30.660629272460938,28.276443481445312,24.843215942382812,25.701522827148438,-3.4332275390625,0.095367431640625,,,,13.017654418945312,26.464462280273438,13.446807861328125,14.155503687263183,12.308958593010255,,QuantData term-structure
2026-08-17T16:00:00-04:00,2026-09-18,32,495.0,call,0.3813185287509916,25.415420532226562,480.62,fixed_strike,26.464462280273438,30.660629272460938,28.276443481445312,24.843215942382812,25.701522827148438,-3.4332275390625,0.095367431640625,,,,13.017654418945312,26.464462280273438,13.446807861328125,14.155503687263183,12.308958593010255,,QuantData term-structure
2026-08-17T16:00:00-04:00,2026-09-18,32,495.0,put,-0.6175109701122516,27.132034301757812,480.62,fixed_strike,26.464462280273438,30.660629272460938,28.276443481445312,24.843215942382812,25.701522827148438,-3.4332275390625,0.095367431640625,,,,13.017654418945312,26.464462280273438,13.446807861328125,14.155503687263183,12.308958593010255,,QuantData term-structure
2026-08-17T16:00:00-04:00,2026-09-18,32,500.0,call,0.33090699383792344,25.033950805664062,480.62,fixed_strike,26.464462280273438,30.660629272460938,28.276443481445312,24.843215942382812,25.701522827148438,-3.4332275390625,0.095367431640625,,,,13.017654418945312,26.464462280273438,13.446807861328125,14.155503687263183,12.308958593010255,,QuantData term-structure
2026-08-17T16:00:00-04:00,2026-09-18,32,500.0,put,-0.6522998616275115,27.894973754882812,480.62,fixed_strike,26.464462280273438,30.660629272460938,28.276443481445312,24.843215942382812,25.701522827148438,-3.4332275390625,0.095367431640625,,,,13.017654418945312,26.464462280273438,13.446807861328125,14.155503687263183,12.308958593010255,,QuantData term-structure
2026-08-17T16:00:00-04:00,2026-09-18,32,505.0,call,0.28222248104043324,24.938583374023438,480.62,fixed_strike,26.464462280273438,30.660629272460938,28.276443481445312,24.843215942382812,25.701522827148438,-3.4332275390625,0.095367431640625,,,,13.017654418945312,26.464462280273438,13.446807861328125,14.155503687263183,12.308958593010255,,QuantData term-structure
2026-08-17T16:00:00-04:00,2026-09-18,32,505.0,put,-0.6927899907542393,28.276443481445312,480.62,fixed_strike,26.464462280273438,30.660629272460938,28.276443481445312,24.843215942382812,25.701522827148438,-3.4332275390625,0.095367431640625,,,,13.017654418945312,26.464462280273438,13.446807861328125,14.155503687263183,12.308958593010255,,QuantData term-structure
2026-08-17T16:00:00-04:00,2026-09-18,32,510.0,call,0.2400400034913054,24.843215942382812,480.62,fixed_strike,26.464462280273438,30.660629272460938,28.276443481445312,24.843215942382812,25.701522827148438,-3.4332275390625,0.095367431640625,,,,13.017654418945312,26.464462280273438,13.446807861328125,14.155503687263183,12.308958593010255,,QuantData term-structure
2026-08-17T16:00:00-04:00,2026-09-18,32,510.0,put,-0.730231071486104,28.753280639648438,480.62,fixed_strike,26.464462280273438,30.660629272460938,28.276443481445312,24.843215942382812,25.701522827148438,-3.4332275390625,0.095367431640625,,,,13.017654418945312,26.464462280273438,13.446807861328125,14.155503687263183,12.308958593010255,,QuantData term-structure
2026-08-17T16:00:00-04:00,2026-09-18,32,515.0,call,0.2043804658070606,25.224685668945312,480.62,fixed_strike,26.464462280273438,30.660629272460938,28.276443481445312,24.843215942382812,25.701522827148438,-3.4332275390625,0.095367431640625,,,,13.017654418945312,26.464462280273438,13.446807861328125,14.155503687263183,12.308958593010255,,QuantData term-structure
2026-08-17T16:00:00-04:00,2026-09-18,32,515.0,put,-0.725699635735274,28.181076049804688,480.62,fixed_strike,26.464462280273438,30.660629272460938,28.276443481445312,24.843215942382812,25.701522827148438,-3.4332275390625,0.095367431640625,,,,13.017654418945312,26.464462280273438,13.446807861328125,14.155503687263183,12.308958593010255,,QuantData term-structure
2026-08-17T16:00:00-04:00,2026-09-18,32,520.0,call,0.16983128987291563,25.415420532226562,480.62,fixed_strike,26.464462280273438,30.660629272460938,28.276443481445312,24.843215942382812,25.701522827148438,-3.4332275390625,0.095367431640625,,,,13.017654418945312,26.464462280273438,13.446807861328125,14.155503687263183,12.308958593010255,,QuantData term-structure
2026-08-17T16:00:00-04:00,2026-09-18,32,520.0,put,-0.7883764066717116,30.279159545898438,480.62,fixed_strike,26.464462280273438,30.660629272460938,28.276443481445312,24.843215942382812,25.701522827148438,-3.4332275390625,0.095367431640625,,,,13.017654418945312,26.464462280273438,13.446807861328125,14.155503687263183,12.308958593010255,,QuantData term-structure
2026-08-17T16:00:00-04:00,2026-09-18,32,525.0,call,0.1410499402957025,25.510787963867188,480.62,fixed_strike,26.464462280273438,30.660629272460938,28.276443481445312,24.843215942382812,25.701522827148438,-3.4332275390625,0.095367431640625,,,,13.017654418945312,26.464462280273438,13.446807861328125,14.155503687263183,12.308958593010255,,QuantData term-structure
2026-08-17T16:00:00-04:00,2026-09-18,32,525.0,put,-0.7816721164027263,31.042098999023438,480.62,fixed_strike,26.464462280273438,30.660629272460938,28.276443481445312,24.843215942382812,25.701522827148438,-3.4332275390625,0.095367431640625,,,,13.017654418945312,26.464462280273438,13.446807861328125,14.155503687263183,12.308958593010255,,QuantData term-structure
2026-08-17T16:00:00-04:00,2026-09-18,32,530.0,call,0.11078517450445291,25.510787963867188,480.62,fixed_strike,26.464462280273438,30.660629272460938,28.276443481445312,24.843215942382812,25.701522827148438,-3.4332275390625,0.095367431640625,,,,13.017654418945312,26.464462280273438,13.446807861328125,14.155503687263183,12.308958593010255,,QuantData term-structure
2026-08-17T16:00:00-04:00,2026-09-18,32,530.0,put,-0.8165979750959609,30.565261840820312,480.62,fixed_strike,26.464462280273438,30.660629272460938,28.276443481445312,24.843215942382812,25.701522827148438,-3.4332275390625,0.095367431640625,,,,13.017654418945312,26.464462280273438,13.446807861328125,14.155503687263183,12.308958593010255,,QuantData term-structure
2026-08-17T16:00:00-04:00,2026-09-18,32,535.0,call,0.09406928749055476,25.701522827148438,480.62,fixed_strike,26.464462280273438,30.660629272460938,28.276443481445312,24.843215942382812,25.701522827148438,-3.4332275390625,0.095367431640625,,,,13.017654418945312,26.464462280273438,13.446807861328125,14.155503687263183,12.308958593010255,,QuantData term-structure
2026-08-17T16:00:00-04:00,2026-09-18,32,535.0,put,-0.8198472849717844,32.18650817871094,480.62,fixed_strike,26.464462280273438,30.660629272460938,28.276443481445312,24.843215942382812,25.701522827148438,-3.4332275390625,0.095367431640625,,,,13.017654418945312,26.464462280273438,13.446807861328125,14.155503687263183,12.308958593010255,,QuantData term-structure
2026-08-17T16:00:00-04:00,2026-09-18,32,540.0,call,0.07690082309781293,25.892257690429688,480.62,fixed_strike,26.464462280273438,30.660629272460938,28.276443481445312,24.843215942382812,25.701522827148438,-3.4332275390625,0.095367431640625,,,,13.017654418945312,26.464462280273438,13.446807861328125,14.155503687263183,12.308958593010255,,QuantData term-structure
2026-08-17T16:00:00-04:00,2026-09-18,32,540.0,put,-0.842254645862831,33.90312194824219,480.62,fixed_strike,26.464462280273438,30.660629272460938,28.276443481445312,24.843215942382812,25.701522827148438,-3.4332275390625,0.095367431640625,,,,13.017654418945312,26.464462280273438,13.446807861328125,14.155503687263183,12.308958593010255,,QuantData term-structure
2026-08-17T16:00:00-04:00,2026-09-18,32,545.0,call,0.06305353300359046,26.273727416992188,480.62,fixed_strike,26.464462280273438,30.660629272460938,28.276443481445312,24.843215942382812,25.701522827148438,-3.4332275390625,0.095367431640625,,,,13.017654418945312,26.464462280273438,13.446807861328125,14.155503687263183,12.308958593010255,,QuantData term-structure
2026-08-17T16:00:00-04:00,2026-09-18,32,545.0,put,-0.850660290422558,33.80775451660156,480.62,fixed_strike,26.464462280273438,30.660629272460938,28.276443481445312,24.843215942382812,25.701522827148438,-3.4332275390625,0.095367431640625,,,,13.017654418945312,26.464462280273438,13.446807861328125,14.155503687263183,12.308958593010255,,QuantData term-structure
2026-08-17T16:00:00-04:00,2026-09-18,32,550.0,call,0.05045027949332148,26.273727416992188,480.62,fixed_strike,26.464462280273438,30.660629272460938,28.276443481445312,24.843215942382812,25.701522827148438,-3.4332275390625,0.095367431640625,,,,13.017654418945312,26.464462280273438,13.446807861328125,14.155503687263183,12.308958593010255,,QuantData term-structure
2026-08-17T16:00:00-04:00,2026-09-18,32,550.0,put,-0.8743707018192434,37.33634948730469,480.62,fixed_strike,26.464462280273438,30.660629272460938,28.276443481445312,24.843215942382812,25.701522827148438,-3.4332275390625,0.095367431640625,,,,13.017654418945312,26.464462280273438,13.446807861328125,14.155503687263183,12.308958593010255,,QuantData term-structure
2026-08-17T16:00:00-04:00,2026-09-18,32,555.0,call,0.04252146078603464,26.750564575195312,480.62,fixed_strike,26.464462280273438,30.660629272460938,28.276443481445312,24.843215942382812,25.701522827148438,-3.4332275390625,0.095367431640625,,,,13.017654418945312,26.464462280273438,13.446807861328125,14.155503687263183,12.308958593010255,,QuantData term-structure
2026-08-17T16:00:00-04:00,2026-09-18,32,560.0,call,0.03399885417373937,26.941299438476562,480.62,fixed_strike,26.464462280273438,30.660629272460938,28.276443481445312,24.843215942382812,25.701522827148438,-3.4332275390625,0.095367431640625,,,,13.017654418945312,26.464462280273438,13.446807861328125,14.155503687263183,12.308958593010255,,QuantData term-structure
2026-08-17T16:00:00-04:00,2026-09-18,32,565.0,call,0.027713718055883286,27.322769165039062,480.62,fixed_strike,26.464462280273438,30.660629272460938,28.276443481445312,24.843215942382812,25.701522827148438,-3.4332275390625,0.095367431640625,,,,13.017654418945312,26.464462280273438,13.446807861328125,14.155503687263183,12.308958593010255,,QuantData term-structure
2026-08-17T16:00:00-04:00,2026-09-18,32,570.0,call,0.02230548541921013,27.799606323242188,480.62,fixed_strike,26.464462280273438,30.660629272460938,28.276443481445312,24.843215942382812,25.701522827148438,-3.4332275390625,0.095367431640625,,,,13.017654418945312,26.464462280273438,13.446807861328125,14.155503687263183,12.308958593010255,,QuantData term-structure
2026-08-17T16:00:00-04:00,2026-09-18,32,575.0,call,0.020029150674267013,28.371810913085938,480.62,fixed_strike,26.464462280273438,30.660629272460938,28.276443481445312,24.843215942382812,25.701522827148438,-3.4332275390625,0.095367431640625,,,,13.017654418945312,26.464462280273438,13.446807861328125,14.155503687263183,12.308958593010255,,QuantData term-structure
2026-08-17T16:00:00-04:00,2026-09-18,32,580.0,call,0.015108770526421535,28.276443481445312,480.62,fixed_strike,26.464462280273438,30.660629272460938,28.276443481445312,24.843215942382812,25.701522827148438,-3.4332275390625,0.095367431640625,,,,13.017654418945312,26.464462280273438,13.446807861328125,14.155503687263183,12.308958593010255,,QuantData term-structure
2026-08-17T16:00:00-04:00,2026-09-18,32,585.0,call,0.015529751962160812,28.467178344726562,480.62,fixed_strike,26.464462280273438,30.660629272460938,28.276443481445312,24.843215942382812,25.701522827148438,-3.4332275390625,0.095367431640625,,,,13.017654418945312,26.464462280273438,13.446807861328125,14.155503687263183,12.308958593010255,,QuantData term-structure
2026-08-17T16:00:00-04:00,2026-09-18,32,585.0,put,-0.8917625365889288,46.68235778808594,480.62,fixed_strike,26.464462280273438,30.660629272460938,28.276443481445312,24.843215942382812,25.701522827148438,-3.4332275390625,0.095367431640625,,,,13.017654418945312,26.464462280273438,13.446807861328125,14.155503687263183,12.308958593010255,,QuantData term-structure
2026-08-17T16:00:00-04:00,2026-09-18,32,590.0,call,0.011068529132549179,29.230117797851562,480.62,fixed_strike,26.464462280273438,30.660629272460938,28.276443481445312,24.843215942382812,25.701522827148438,-3.4332275390625,0.095367431640625,,,,13.017654418945312,26.464462280273438,13.446807861328125,14.155503687263183,12.308958593010255,,QuantData term-structure
2026-08-17T16:00:00-04:00,2026-09-18,32,590.0,put,-0.8947817054849363,47.73139953613281,480.62,fixed_strike,26.464462280273438,30.660629272460938,28.276443481445312,24.843215942382812,25.701522827148438,-3.4332275390625,0.095367431640625,,,,13.017654418945312,26.464462280273438,13.446807861328125,14.155503687263183,12.308958593010255,,QuantData term-structure
2026-08-17T16:00:00-04:00,2026-09-18,32,595.0,call,0.009264608813349338,29.897689819335938,480.62,fixed_strike,26.464462280273438,30.660629272460938,28.276443481445312,24.843215942382812,25.701522827148438,-3.4332275390625,0.095367431640625,,,,13.017654418945312,26.464462280273438,13.446807861328125,14.155503687263183,12.308958593010255,,QuantData term-structure
2026-08-17T16:00:00-04:00,2026-09-18,32,600.0,call,0.00869160501966315,30.565261840820312,480.62,fixed_strike,26.464462280273438,30.660629272460938,28.276443481445312,24.843215942382812,25.701522827148438,-3.4332275390625,0.095367431640625,,,,13.017654418945312,26.464462280273438,13.446807861328125,14.155503687263183,12.308958593010255,,QuantData term-structure
2026-08-17T16:00:00-04:00,2026-09-18,32,605.0,call,0.009318292836560575,31.995773315429688,480.62,fixed_strike,26.464462280273438,30.660629272460938,28.276443481445312,24.843215942382812,25.701522827148438,-3.4332275390625,0.095367431640625,,,,13.017654418945312,26.464462280273438,13.446807861328125,14.155503687263183,12.308958593010255,,QuantData term-structure
2026-08-17T16:00:00-04:00,2026-09-18,32,610.0,call,0.005709587308132953,30.851364135742188,480.62,fixed_strike,26.464462280273438,30.660629272460938,28.276443481445312,24.843215942382812,25.701522827148438,-3.4332275390625,0.095367431640625,,,,13.017654418945312,26.464462280273438,13.446807861328125,14.155503687263183,12.308958593010255,,QuantData term-structure
2026-08-17T16:00:00-04:00,2026-09-18,32,620.0,call,0.004442325787956086,31.900405883789062,480.62,fixed_strike,26.464462280273438,30.660629272460938,28.276443481445312,24.843215942382812,25.701522827148438,-3.4332275390625,0.095367431640625,,,,13.017654418945312,26.464462280273438,13.446807861328125,14.155503687263183,12.308958593010255,,QuantData term-structure
2026-08-17T16:00:00-04:00,2026-09-18,32,630.0,call,0.004307014080382254,32.47261047363281,480.62,fixed_strike,26.464462280273438,30.660629272460938,28.276443481445312,24.843215942382812,25.701522827148438,-3.4332275390625,0.095367431640625,,,,13.017654418945312,26.464462280273438,13.446807861328125,14.155503687263183,12.308958593010255,,QuantData term-structure
2026-08-17T16:00:00-04:00,2026-09-18,32,640.0,call,0.00564102854513623,35.61973571777344,480.62,fixed_strike,26.464462280273438,30.660629272460938,28.276443481445312,24.843215942382812,25.701522827148438,-3.4332275390625,0.095367431640625,,,,13.017654418945312,26.464462280273438,13.446807861328125,14.155503687263183,12.308958593010255,,QuantData term-structure
2026-08-17T16:00:00-04:00,2026-09-18,32,650.0,call,0.002118831539469869,34.66606140136719,480.62,fixed_strike,26.464462280273438,30.660629272460938,28.276443481445312,24.843215942382812,25.701522827148438,-3.4332275390625,0.095367431640625,,,,13.017654418945312,26.464462280273438,13.446807861328125,14.155503687263183,12.308958593010255,,QuantData term-structure
2026-08-17T16:00:00-04:00,2026-09-18,32,660.0,call,0.0026326325988680144,37.05024719238281,480.62,fixed_strike,26.464462280273438,30.660629272460938,28.276443481445312,24.843215942382812,25.701522827148438,-3.4332275390625,0.095367431640625,,,,13.017654418945312,26.464462280273438,13.446807861328125,14.155503687263183,12.308958593010255,,QuantData term-structure
2026-08-17T16:00:00-04:00,2026-09-18,32,670.0,call,0.0053871903202793005,42.48619079589844,480.62,fixed_strike,26.464462280273438,30.660629272460938,28.276443481445312,24.843215942382812,25.701522827148438,-3.4332275390625,0.095367431640625,,,,13.017654418945312,26.464462280273438,13.446807861328125,14.155503687263183,12.308958593010255,,QuantData term-structure
2026-08-17T16:00:00-04:00,2026-09-18,32,680.0,call,0.0019249193686617701,38.29002380371094,480.62,fixed_strike,26.464462280273438,30.660629272460938,28.276443481445312,24.843215942382812,25.701522827148438,-3.4332275390625,0.095367431640625,,,,13.017654418945312,26.464462280273438,13.446807861328125,14.155503687263183,12.308958593010255,,QuantData term-structure
2026-08-17T16:00:00-04:00,2026-09-18,32,800.0,call,0.0005425760273776985,51.16462707519531,480.62,fixed_strike,26.464462280273438,30.660629272460938,28.276443481445312,24.843215942382812,25.701522827148438,-3.4332275390625,0.095367431640625,,,,13.017654418945312,26.464462280273438,13.446807861328125,14.155503687263183,12.308958593010255,,QuantData term-structure
2026-08-17T16:00:00-04:00,2026-09-25,39,270.0,put,-0.0010766226337706442,60.31990051269531,480.62,fixed_strike,26.607513427734375,30.851364135742188,28.467178344726562,25.510787963867188,26.178359985351562,-2.956390380859375,0.3814697265625,,,,13.017654418945312,26.464462280273438,13.446807861328125,14.155503687263183,12.452009740471192,,QuantData term-structure
2026-08-17T16:00:00-04:00,2026-09-25,39,290.0,put,-0.0027916036367246905,58.03108215332031,480.62,fixed_strike,26.607513427734375,30.851364135742188,28.467178344726562,25.510787963867188,26.178359985351562,-2.956390380859375,0.3814697265625,,,,13.017654418945312,26.464462280273438,13.446807861328125,14.155503687263183,12.452009740471192,,QuantData term-structure
2026-08-17T16:00:00-04:00,2026-09-25,39,300.0,put,-0.0019231073866269256,52.78587341308594,480.62,fixed_strike,26.607513427734375,30.851364135742188,28.467178344726562,25.510787963867188,26.178359985351562,-2.956390380859375,0.3814697265625,,,,13.017654418945312,26.464462280273438,13.446807861328125,14.155503687263183,12.452009740471192,,QuantData term-structure
2026-08-17T16:00:00-04:00,2026-09-25,39,305.0,put,-0.00528546228536895,57.26814270019531,480.62,fixed_strike,26.607513427734375,30.851364135742188,28.467178344726562,25.510787963867188,26.178359985351562,-2.956390380859375,0.3814697265625,,,,13.017654418945312,26.464462280273438,13.446807861328125,14.155503687263183,12.452009740471192,,QuantData term-structure
2026-08-17T16:00:00-04:00,2026-09-25,39,310.0,put,-0.002784213909414922,50.68778991699219,480.62,fixed_strike,26.607513427734375,30.851364135742188,28.467178344726562,25.510787963867188,26.178359985351562,-2.956390380859375,0.3814697265625,,,,13.017654418945312,26.464462280273438,13.446807861328125,14.155503687263183,12.452009740471192,,QuantData term-structure
2026-08-17T16:00:00-04:00,2026-09-25,39,315.0,put,-0.004388751564249734,52.21366882324219,480.62,fixed_strike,26.607513427734375,30.851364135742188,28.467178344726562,25.510787963867188,26.178359985351562,-2.956390380859375,0.3814697265625,,,,13.017654418945312,26.464462280273438,13.446807861328125,14.155503687263183,12.452009740471192,,QuantData term-structure
2026-08-17T16:00:00-04:00,2026-09-25,39,320.0,put,-0.0074064220150383215,54.02565002441406,480.62,fixed_strike,26.607513427734375,30.851364135742188,28.467178344726562,25.510787963867188,26.178359985351562,-2.956390380859375,0.3814697265625,,,,13.017654418945312,26.464462280273438,13.446807861328125,14.155503687263183,12.452009740471192,,QuantData term-structure
2026-08-17T16:00:00-04:00,2026-09-25,39,325.0,put,-0.004720706431586379,48.68507385253906,480.62,fixed_strike,26.607513427734375,30.851364135742188,28.467178344726562,25.510787963867188,26.178359985351562,-2.956390380859375,0.3814697265625,,,,13.017654418945312,26.464462280273438,13.446807861328125,14.155503687263183,12.452009740471192,,QuantData term-structure
2026-08-17T16:00:00-04:00,2026-09-25,39,335.0,put,-0.004805525982256437,46.96846008300781,480.62,fixed_strike,26.607513427734375,30.851364135742188,28.467178344726562,25.510787963867188,26.178359985351562,-2.956390380859375,0.3814697265625,,,,13.017654418945312,26.464462280273438,13.446807861328125,14.155503687263183,12.452009740471192,,QuantData term-structure
2026-08-17T16:00:00-04:00,2026-09-25,39,340.0,put,-0.007667487610241178,45.63331604003906,480.62,fixed_strike,26.607513427734375,30.851364135742188,28.467178344726562,25.510787963867188,26.178359985351562,-2.956390380859375,0.3814697265625,,,,13.017654418945312,26.464462280273438,13.446807861328125,14.155503687263183,12.452009740471192,,QuantData term-structure
2026-08-17T16:00:00-04:00,2026-09-25,39,345.0,put,-0.005717523535085192,42.29545593261719,480.62,fixed_strike,26.607513427734375,30.851364135742188,28.467178344726562,25.510787963867188,26.178359985351562,-2.956390380859375,0.3814697265625,,,,13.017654418945312,26.464462280273438,13.446807861328125,14.155503687263183,12.452009740471192,,QuantData term-structure
2026-08-17T16:00:00-04:00,2026-09-25,39,350.0,put,-0.006325931066045751,41.15104675292969,480.62,fixed_strike,26.607513427734375,30.851364135742188,28.467178344726562,25.510787963867188,26.178359985351562,-2.956390380859375,0.3814697265625,,,,13.017654418945312,26.464462280273438,13.446807861328125,14.155503687263183,12.452009740471192,,QuantData term-structure
2026-08-17T16:00:00-04:00,2026-09-25,39,355.0,put,-0.009517202435115536,42.00935363769531,480.62,fixed_strike,26.607513427734375,30.851364135742188,28.467178344726562,25.510787963867188,26.178359985351562,-2.956390380859375,0.3814697265625,,,,13.017654418945312,26.464462280273438,13.446807861328125,14.155503687263183,12.452009740471192,,QuantData term-structure
2026-08-17T16:00:00-04:00,2026-09-25,39,360.0,call,1.0,0.0476837158203125,480.62,fixed_strike,26.607513427734375,30.851364135742188,28.467178344726562,25.510787963867188,26.178359985351562,-2.956390380859375,0.3814697265625,,,,13.017654418945312,26.464462280273438,13.446807861328125,14.155503687263183,12.452009740471192,,QuantData term-structure
2026-08-17T16:00:00-04:00,2026-09-25,39,365.0,put,-0.012218293454904031,40.00663757324219,480.62,fixed_strike,26.607513427734375,30.851364135742188,28.467178344726562,25.510787963867188,26.178359985351562,-2.956390380859375,0.3814697265625,,,,13.017654418945312,26.464462280273438,13.446807861328125,14.155503687263183,12.452009740471192,,QuantData term-structure
2026-08-17T16:00:00-04:00,2026-09-25,39,375.0,put,-0.016996247161179066,37.81318664550781,480.62,fixed_strike,26.607513427734375,30.851364135742188,28.467178344726562,25.510787963867188,26.178359985351562,-2.956390380859375,0.3814697265625,,,,13.017654418945312,26.464462280273438,13.446807861328125,14.155503687263183,12.452009740471192,,QuantData term-structure
2026-08-17T16:00:00-04:00,2026-09-25,39,385.0,put,-0.023434377823215505,35.52436828613281,480.62,fixed_strike,26.607513427734375,30.851364135742188,28.467178344726562,25.510787963867188,26.178359985351562,-2.956390380859375,0.3814697265625,,,,13.017654418945312,26.464462280273438,13.446807861328125,14.155503687263183,12.452009740471192,,QuantData term-structure
2026-08-17T16:00:00-04:00,2026-09-25,39,390.0,call,1.0,0.0476837158203125,480.62,fixed_strike,26.607513427734375,30.851364135742188,28.467178344726562,25.510787963867188,26.178359985351562,-2.956390380859375,0.3814697265625,,,,13.017654418945312,26.464462280273438,13.446807861328125,14.155503687263183,12.452009740471192,,QuantData term-structure
2026-08-17T16:00:00-04:00,2026-09-25,39,390.0,put,-0.029562309850021028,35.71510314941406,480.62,fixed_strike,26.607513427734375,30.851364135742188,28.467178344726562,25.510787963867188,26.178359985351562,-2.956390380859375,0.3814697265625,,,,13.017654418945312,26.464462280273438,13.446807861328125,14.155503687263183,12.452009740471192,,QuantData term-structure
2026-08-17T16:00:00-04:00,2026-09-25,39,395.0,call,1.0,0.0476837158203125,480.62,fixed_strike,26.607513427734375,30.851364135742188,28.467178344726562,25.510787963867188,26.178359985351562,-2.956390380859375,0.3814697265625,,,,13.017654418945312,26.464462280273438,13.446807861328125,14.155503687263183,12.452009740471192,,QuantData term-structure
2026-08-17T16:00:00-04:00,2026-09-25,39,395.0,put,-0.03381385497265495,34.47532653808594,480.62,fixed_strike,26.607513427734375,30.851364135742188,28.467178344726562,25.510787963867188,26.178359985351562,-2.956390380859375,0.3814697265625,,,,13.017654418945312,26.464462280273438,13.446807861328125,14.155503687263183,12.452009740471192,,QuantData term-structure
2026-08-17T16:00:00-04:00,2026-09-25,39,400.0,call,1.0,0.0476837158203125,480.62,fixed_strike,26.607513427734375,30.851364135742188,28.467178344726562,25.510787963867188,26.178359985351562,-2.956390380859375,0.3814697265625,,,,13.017654418945312,26.464462280273438,13.446807861328125,14.155503687263183,12.452009740471192,,QuantData term-structure
2026-08-17T16:00:00-04:00,2026-09-25,39,400.0,put,-0.03953282625356263,34.09385681152344,480.62,fixed_strike,26.607513427734375,30.851364135742188,28.467178344726562,25.510787963867188,26.178359985351562,-2.956390380859375,0.3814697265625,,,,13.017654418945312,26.464462280273438,13.446807861328125,14.155503687263183,12.452009740471192,,QuantData term-structure
2026-08-17T16:00:00-04:00,2026-09-25,39,405.0,put,-0.04633668355846765,33.42628479003906,480.62,fixed_strike,26.607513427734375,30.851364135742188,28.467178344726562,25.510787963867188,26.178359985351562,-2.956390380859375,0.3814697265625,,,,13.017654418945312,26.464462280273438,13.446807861328125,14.155503687263183,12.452009740471192,,QuantData term-structure
2026-08-17T16:00:00-04:00,2026-09-25,39,410.0,call,1.0,0.0476837158203125,480.62,fixed_strike,26.607513427734375,30.851364135742188,28.467178344726562,25.510787963867188,26.178359985351562,-2.956390380859375,0.3814697265625,,,,13.017654418945312,26.464462280273438,13.446807861328125,14.155503687263183,12.452009740471192,,QuantData term-structure
2026-08-17T16:00:00-04:00,2026-09-25,39,410.0,put,-0.05727603662353814,32.47261047363281,480.62,fixed_strike,26.607513427734375,30.851364135742188,28.467178344726562,25.510787963867188,26.178359985351562,-2.956390380859375,0.3814697265625,,,,13.017654418945312,26.464462280273438,13.446807861328125,14.155503687263183,12.452009740471192,,QuantData term-structure
2026-08-17T16:00:00-04:00,2026-09-25,39,415.0,call,0.9527487233366307,28.181076049804688,480.62,fixed_strike,26.607513427734375,30.851364135742188,28.467178344726562,25.510787963867188,26.178359985351562,-2.956390380859375,0.3814697265625,,,,13.017654418945312,26.464462280273438,13.446807861328125,14.155503687263183,12.452009740471192,,QuantData term-structure
2026-08-17T16:00:00-04:00,2026-09-25,39,415.0,put,-0.06687976627779291,31.709671020507812,480.62,fixed_strike,26.607513427734375,30.851364135742188,28.467178344726562,25.510787963867188,26.178359985351562,-2.956390380859375,0.3814697265625,,,,13.017654418945312,26.464462280273438,13.446807861328125,14.155503687263183,12.452009740471192,,QuantData term-structure
2026-08-17T16:00:00-04:00,2026-09-25,39,420.0,call,0.9709651914117785,23.031234741210938,480.62,fixed_strike,26.607513427734375,30.851364135742188,28.467178344726562,25.510787963867188,26.178359985351562,-2.956390380859375,0.3814697265625,,,,13.017654418945312,26.464462280273438,13.446807861328125,14.155503687263183,12.452009740471192,,QuantData term-structure
2026-08-17T16:00:00-04:00,2026-09-25,39,420.0,put,-0.07825099839506117,31.232833862304688,480.62,fixed_strike,26.607513427734375,30.851364135742188,28.467178344726562,25.510787963867188,26.178359985351562,-2.956390380859375,0.3814697265625,,,,13.017654418945312,26.464462280273438,13.446807861328125,14.155503687263183,12.452009740471192,,QuantData term-structure
2026-08-17T16:00:00-04:00,2026-09-25,39,425.0,call,0.9400656214413091,25.415420532226562,480.62,fixed_strike,26.607513427734375,30.851364135742188,28.467178344726562,25.510787963867188,26.178359985351562,-2.956390380859375,0.3814697265625,,,,13.017654418945312,26.464462280273438,13.446807861328125,14.155503687263183,12.452009740471192,,QuantData term-structure
2026-08-17T16:00:00-04:00,2026-09-25,39,425.0,put,-0.09364366748226655,30.851364135742188,480.62,fixed_strike,26.607513427734375,30.851364135742188,28.467178344726562,25.510787963867188,26.178359985351562,-2.956390380859375,0.3814697265625,,,,13.017654418945312,26.464462280273438,13.446807861328125,14.155503687263183,12.452009740471192,,QuantData term-structure
2026-08-17T16:00:00-04:00,2026-09-25,39,430.0,call,0.8987169439937247,28.657913208007812,480.62,fixed_strike,26.607513427734375,30.851364135742188,28.467178344726562,25.510787963867188,26.178359985351562,-2.956390380859375,0.3814697265625,,,,13.017654418945312,26.464462280273438,13.446807861328125,14.155503687263183,12.452009740471192,,QuantData term-structure
2026-08-17T16:00:00-04:00,2026-09-25,39,430.0,put,-0.11277916126897403,30.279159545898438,480.62,fixed_strike,26.607513427734375,30.851364135742188,28.467178344726562,25.510787963867188,26.178359985351562,-2.956390380859375,0.3814697265625,,,,13.017654418945312,26.464462280273438,13.446807861328125,14.155503687263183,12.452009740471192,,QuantData term-structure
2026-08-17T16:00:00-04:00,2026-09-25,39,435.0,put,-0.13081406316923666,29.706954956054688,480.62,fixed_strike,26.607513427734375,30.851364135742188,28.467178344726562,25.510787963867188,26.178359985351562,-2.956390380859375,0.3814697265625,,,,13.017654418945312,26.464462280273438,13.446807861328125,14.155503687263183,12.452009740471192,,QuantData term-structure
2026-08-17T16:00:00-04:00,2026-09-25,39,440.0,call,0.8659310054489521,26.464462280273438,480.62,fixed_strike,26.607513427734375,30.851364135742188,28.467178344726562,25.510787963867188,26.178359985351562,-2.956390380859375,0.3814697265625,,,,13.017654418945312,26.464462280273438,13.446807861328125,14.155503687263183,12.452009740471192,,QuantData term-structure
2026-08-17T16:00:00-04:00,2026-09-25,39,440.0,put,-0.15716134377603802,29.230117797851562,480.62,fixed_strike,26.607513427734375,30.851364135742188,28.467178344726562,25.510787963867188,26.178359985351562,-2.956390380859375,0.3814697265625,,,,13.017654418945312,26.464462280273438,13.446807861328125,14.155503687263183,12.452009740471192,,QuantData term-structure
2026-08-17T16:00:00-04:00,2026-09-25,39,445.0,call,0.8408896225661601,25.224685668945312,480.62,fixed_strike,26.607513427734375,30.851364135742188,28.467178344726562,25.510787963867188,26.178359985351562,-2.956390380859375,0.3814697265625,,,,13.017654418945312,26.464462280273438,13.446807861328125,14.155503687263183,12.452009740471192,,QuantData term-structure
2026-08-17T16:00:00-04:00,2026-09-25,39,445.0,put,-0.18044612534881288,29.134750366210938,480.62,fixed_strike,26.607513427734375,30.851364135742188,28.467178344726562,25.510787963867188,26.178359985351562,-2.956390380859375,0.3814697265625,,,,13.017654418945312,26.464462280273438,13.446807861328125,14.155503687263183,12.452009740471192,,QuantData term-structure
2026-08-17T16:00:00-04:00,2026-09-25,39,450.0,call,0.8056084707048801,26.464462280273438,480.62,fixed_strike,26.607513427734375,30.851364135742188,28.467178344726562,25.510787963867188,26.178359985351562,-2.956390380859375,0.3814697265625,,,,13.017654418945312,26.464462280273438,13.446807861328125,14.155503687263183,12.452009740471192,,QuantData term-structure
2026-08-17T16:00:00-04:00,2026-09-25,39,450.0,put,-0.21346821487312828,28.848648071289062,480.62,fixed_strike,26.607513427734375,30.851364135742188,28.467178344726562,25.510787963867188,26.178359985351562,-2.956390380859375,0.3814697265625,,,,13.017654418945312,26.464462280273438,13.446807861328125,14.155503687263183,12.452009740471192,,QuantData term-structure
2026-08-17T16:00:00-04:00,2026-09-25,39,455.0,call,0.783123242975603,26.559829711914062,480.62,fixed_strike,26.607513427734375,30.851364135742188,28.467178344726562,25.510787963867188,26.178359985351562,-2.956390380859375,0.3814697265625,,,,13.017654418945312,26.464462280273438,13.446807861328125,14.155503687263183,12.452009740471192,,QuantData term-structure
2026-08-17T16:00:00-04:00,2026-09-25,39,455.0,put,-0.24386498566127895,28.467178344726562,480.62,fixed_strike,26.607513427734375,30.851364135742188,28.467178344726562,25.510787963867188,26.178359985351562,-2.956390380859375,0.3814697265625,,,,13.017654418945312,26.464462280273438,13.446807861328125,14.155503687263183,12.452009740471192,,QuantData term-structure
2026-08-17T16:00:00-04:00,2026-09-25,39,460.0,call,0.7319272997191872,25.796890258789062,480.62,fixed_strike,26.607513427734375,30.851364135742188,28.467178344726562,25.510787963867188,26.178359985351562,-2.956390380859375,0.3814697265625,,,,13.017654418945312,26.464462280273438,13.446807861328125,14.155503687263183,12.452009740471192,,QuantData term-structure
2026-08-17T16:00:00-04:00,2026-09-25,39,460.0,put,-0.2823887941868078,27.990341186523438,480.62,fixed_strike,26.607513427734375,30.851364135742188,28.467178344726562,25.510787963867188,26.178359985351562,-2.956390380859375,0.3814697265625,,,,13.017654418945312,26.464462280273438,13.446807861328125,14.155503687263183,12.452009740471192,,QuantData term-structure
2026-08-17T16:00:00-04:00,2026-09-25,39,465.0,call,0.6842949094523527,26.369094848632812,480.62,fixed_strike,26.607513427734375,30.851364135742188,28.467178344726562,25.510787963867188,26.178359985351562,-2.956390380859375,0.3814697265625,,,,13.017654418945312,26.464462280273438,13.446807861328125,14.155503687263183,12.452009740471192,,QuantData term-structure
2026-08-17T16:00:00-04:00,2026-09-25,39,465.0,put,-0.3229148687089656,27.990341186523438,480.62,fixed_strike,26.607513427734375,30.851364135742188,28.467178344726562,25.510787963867188,26.178359985351562,-2.956390380859375,0.3814697265625,,,,13.017654418945312,26.464462280273438,13.446807861328125,14.155503687263183,12.452009740471192,,QuantData term-structure
2026-08-17T16:00:00-04:00,2026-09-25,39,470.0,call,0.6518030552390296,25.129318237304688,480.62,fixed_strike,26.607513427734375,30.851364135742188,28.467178344726562,25.510787963867188,26.178359985351562,-2.956390380859375,0.3814697265625,,,,13.017654418945312,26.464462280273438,13.446807861328125,14.155503687263183,12.452009740471192,,QuantData term-structure
2026-08-17T16:00:00-04:00,2026-09-25,39,470.0,put,-0.3708049705994546,27.227401733398438,480.62,fixed_strike,26.607513427734375,30.851364135742188,28.467178344726562,25.510787963867188,26.178359985351562,-2.956390380859375,0.3814697265625,,,,13.017654418945312,26.464462280273438,13.446807861328125,14.155503687263183,12.452009740471192,,QuantData term-structure
2026-08-17T16:00:00-04:00,2026-09-25,39,475.0,call,0.5936532553364304,25.701522827148438,480.62,fixed_strike,26.607513427734375,30.851364135742188,28.467178344726562,25.510787963867188,26.178359985351562,-2.956390380859375,0.3814697265625,,,,13.017654418945312,26.464462280273438,13.446807861328125,14.155503687263183,12.452009740471192,,QuantData term-structure
2026-08-17T16:00:00-04:00,2026-09-25,39,475.0,put,-0.411186434413353,27.799606323242188,480.62,fixed_strike,26.607513427734375,30.851364135742188,28.467178344726562,25.510787963867188,26.178359985351562,-2.956390380859375,0.3814697265625,,,,13.017654418945312,26.464462280273438,13.446807861328125,14.155503687263183,12.452009740471192,,QuantData term-structure
2026-08-17T16:00:00-04:00,2026-09-25,39,480.0,call,0.5451254880518059,25.224685668945312,480.62,fixed_strike,26.607513427734375,30.851364135742188,28.467178344726562,25.510787963867188,26.178359985351562,-2.956390380859375,0.3814697265625,,,,13.017654418945312,26.464462280273438,13.446807861328125,14.155503687263183,12.452009740471192,,QuantData term-structure
2026-08-17T16:00:00-04:00,2026-09-25,39,480.0,put,-0.45632529241606334,27.990341186523438,480.62,fixed_strike,26.607513427734375,30.851364135742188,28.467178344726562,25.510787963867188,26.178359985351562,-2.956390380859375,0.3814697265625,,,,13.017654418945312,26.464462280273438,13.446807861328125,14.155503687263183,12.452009740471192,,QuantData term-structure
2026-08-17T16:00:00-04:00,2026-09-25,39,485.0,call,0.5018269884398162,25.033950805664062,480.62,fixed_strike,26.607513427734375,30.851364135742188,28.467178344726562,25.510787963867188,26.178359985351562,-2.956390380859375,0.3814697265625,,,,13.017654418945312,26.464462280273438,13.446807861328125,14.155503687263183,12.452009740471192,,QuantData term-structure
2026-08-17T16:00:00-04:00,2026-09-25,39,485.0,put,-0.5076623501526679,27.990341186523438,480.62,fixed_strike,26.607513427734375,30.851364135742188,28.467178344726562,25.510787963867188,26.178359985351562,-2.956390380859375,0.3814697265625,,,,13.017654418945312,26.464462280273438,13.446807861328125,14.155503687263183,12.452009740471192,,QuantData term-structure
2026-08-17T16:00:00-04:00,2026-09-25,39,490.0,call,0.44752990352144506,25.033950805664062,480.62,fixed_strike,26.607513427734375,30.851364135742188,28.467178344726562,25.510787963867188,26.178359985351562,-2.956390380859375,0.3814697265625,,,,13.017654418945312,26.464462280273438,13.446807861328125,14.155503687263183,12.452009740471192,,QuantData term-structure
2026-08-17T16:00:00-04:00,2026-09-25,39,490.0,put,-0.5430792260611783,27.990341186523438,480.62,fixed_strike,26.607513427734375,30.851364135742188,28.467178344726562,25.510787963867188,26.178359985351562,-2.956390380859375,0.3814697265625,,,,13.017654418945312,26.464462280273438,13.446807861328125,14.155503687263183,12.452009740471192,,QuantData term-structure
2026-08-17T16:00:00-04:00,2026-09-25,39,495.0,call,0.39636281758619096,24.652481079101562,480.62,fixed_strike,26.607513427734375,30.851364135742188,28.467178344726562,25.510787963867188,26.178359985351562,-2.956390380859375,0.3814697265625,,,,13.017654418945312,26.464462280273438,13.446807861328125,14.155503687263183,12.452009740471192,,QuantData term-structure
2026-08-17T16:00:00-04:00,2026-09-25,39,495.0,put,-0.5969405520874596,28.371810913085938,480.62,fixed_strike,26.607513427734375,30.851364135742188,28.467178344726562,25.510787963867188,26.178359985351562,-2.956390380859375,0.3814697265625,,,,13.017654418945312,26.464462280273438,13.446807861328125,14.155503687263183,12.452009740471192,,QuantData term-structure
2026-08-17T16:00:00-04:00,2026-09-25,39,500.0,call,0.3527061247446387,25.320053100585938,480.62,fixed_strike,26.607513427734375,30.851364135742188,28.467178344726562,25.510787963867188,26.178359985351562,-2.956390380859375,0.3814697265625,,,,13.017654418945312,26.464462280273438,13.446807861328125,14.155503687263183,12.452009740471192,,QuantData term-structure
2026-08-17T16:00:00-04:00,2026-09-25,39,500.0,put,-0.6371410002675778,28.562545776367188,480.62,fixed_strike,26.607513427734375,30.851364135742188,28.467178344726562,25.510787963867188,26.178359985351562,-2.956390380859375,0.3814697265625,,,,13.017654418945312,26.464462280273438,13.446807861328125,14.155503687263183,12.452009740471192,,QuantData term-structure
2026-08-17T16:00:00-04:00,2026-09-25,39,505.0,call,0.304733762648964,25.606155395507812,480.62,fixed_strike,26.607513427734375,30.851364135742188,28.467178344726562,25.510787963867188,26.178359985351562,-2.956390380859375,0.3814697265625,,,,13.017654418945312,26.464462280273438,13.446807861328125,14.155503687263183,12.452009740471192,,QuantData term-structure
2026-08-17T16:00:00-04:00,2026-09-25,39,505.0,put,-0.6724957632843885,28.657913208007812,480.62,fixed_strike,26.607513427734375,30.851364135742188,28.467178344726562,25.510787963867188,26.178359985351562,-2.956390380859375,0.3814697265625,,,,13.017654418945312,26.464462280273438,13.446807861328125,14.155503687263183,12.452009740471192,,QuantData term-structure
2026-08-17T16:00:00-04:00,2026-09-25,39,510.0,call,0.2643317277030864,25.510787963867188,480.62,fixed_strike,26.607513427734375,30.851364135742188,28.467178344726562,25.510787963867188,26.178359985351562,-2.956390380859375,0.3814697265625,,,,13.017654418945312,26.464462280273438,13.446807861328125,14.155503687263183,12.452009740471192,,QuantData term-structure
2026-08-17T16:00:00-04:00,2026-09-25,39,510.0,put,-0.7208121833920051,28.085708618164062,480.62,fixed_strike,26.607513427734375,30.851364135742188,28.467178344726562,25.510787963867188,26.178359985351562,-2.956390380859375,0.3814697265625,,,,13.017654418945312,26.464462280273438,13.446807861328125,14.155503687263183,12.452009740471192,,QuantData term-structure
2026-08-17T16:00:00-04:00,2026-09-25,39,515.0,call,0.23013201459555754,25.892257690429688,480.62,fixed_strike,26.607513427734375,30.851364135742188,28.467178344726562,25.510787963867188,26.178359985351562,-2.956390380859375,0.3814697265625,,,,13.017654418945312,26.464462280273438,13.446807861328125,14.155503687263183,12.452009740471192,,QuantData term-structure
2026-08-17T16:00:00-04:00,2026-09-25,39,515.0,put,-0.7519585822732118,28.467178344726562,480.62,fixed_strike,26.607513427734375,30.851364135742188,28.467178344726562,25.510787963867188,26.178359985351562,-2.956390380859375,0.3814697265625,,,,13.017654418945312,26.464462280273438,13.446807861328125,14.155503687263183,12.452009740471192,,QuantData term-structure
2026-08-17T16:00:00-04:00,2026-09-25,39,520.0,call,0.19891343000596873,25.415420532226562,480.62,fixed_strike,26.607513427734375,30.851364135742188,28.467178344726562,25.510787963867188,26.178359985351562,-2.956390380859375,0.3814697265625,,,,13.017654418945312,26.464462280273438,13.446807861328125,14.155503687263183,12.452009740471192,,QuantData term-structure
2026-08-17T16:00:00-04:00,2026-09-25,39,520.0,put,-0.7457880944050963,29.134750366210938,480.62,fixed_strike,26.607513427734375,30.851364135742188,28.467178344726562,25.510787963867188,26.178359985351562,-2.956390380859375,0.3814697265625,,,,13.017654418945312,26.464462280273438,13.446807861328125,14.155503687263183,12.452009740471192,,QuantData term-structure
2026-08-17T16:00:00-04:00,2026-09-25,39,525.0,call,0.16955370061179648,25.796890258789062,480.62,fixed_strike,26.607513427734375,30.851364135742188,28.467178344726562,25.510787963867188,26.178359985351562,-2.956390380859375,0.3814697265625,,,,13.017654418945312,26.464462280273438,13.446807861328125,14.155503687263183,12.452009740471192,,QuantData term-structure
2026-08-17T16:00:00-04:00,2026-09-25,39,530.0,call,0.14337582239600632,25.892257690429688,480.62,fixed_strike,26.607513427734375,30.851364135742188,28.467178344726562,25.510787963867188,26.178359985351562,-2.956390380859375,0.3814697265625,,,,13.017654418945312,26.464462280273438,13.446807861328125,14.155503687263183,12.452009740471192,,QuantData term-structure
2026-08-17T16:00:00-04:00,2026-09-25,39,535.0,call,0.12436729046148409,25.796890258789062,480.62,fixed_strike,26.607513427734375,30.851364135742188,28.467178344726562,25.510787963867188,26.178359985351562,-2.956390380859375,0.3814697265625,,,,13.017654418945312,26.464462280273438,13.446807861328125,14.155503687263183,12.452009740471192,,QuantData term-structure
2026-08-17T16:00:00-04:00,2026-09-25,39,540.0,call,0.1019441602514452,26.178359985351562,480.62,fixed_strike,26.607513427734375,30.851364135742188,28.467178344726562,25.510787963867188,26.178359985351562,-2.956390380859375,0.3814697265625,,,,13.017654418945312,26.464462280273438,13.446807861328125,14.155503687263183,12.452009740471192,,QuantData term-structure
2026-08-17T16:00:00-04:00,2026-09-25,39,545.0,call,0.08722042022644577,26.369094848632812,480.62,fixed_strike,26.607513427734375,30.851364135742188,28.467178344726562,25.510787963867188,26.178359985351562,-2.956390380859375,0.3814697265625,,,,13.017654418945312,26.464462280273438,13.446807861328125,14.155503687263183,12.452009740471192,,QuantData term-structure
2026-08-17T16:00:00-04:00,2026-09-25,39,550.0,call,0.07181075430644573,26.655197143554688,480.62,fixed_strike,26.607513427734375,30.851364135742188,28.467178344726562,25.510787963867188,26.178359985351562,-2.956390380859375,0.3814697265625,,,,13.017654418945312,26.464462280273438,13.446807861328125,14.155503687263183,12.452009740471192,,QuantData term-structure
2026-08-17T16:00:00-04:00,2026-09-25,39,550.0,put,-0.8515327042689085,35.61973571777344,480.62,fixed_strike,26.607513427734375,30.851364135742188,28.467178344726562,25.510787963867188,26.178359985351562,-2.956390380859375,0.3814697265625,,,,13.017654418945312,26.464462280273438,13.446807861328125,14.155503687263183,12.452009740471192,,QuantData term-structure
2026-08-17T16:00:00-04:00,2026-09-25,39,555.0,call,0.057963074433747874,26.845932006835938,480.62,fixed_strike,26.607513427734375,30.851364135742188,28.467178344726562,25.510787963867188,26.178359985351562,-2.956390380859375,0.3814697265625,,,,13.017654418945312,26.464462280273438,13.446807861328125,14.155503687263183,12.452009740471192,,QuantData term-structure
2026-08-17T16:00:00-04:00,2026-09-25,39,560.0,call,0.0493567551671229,27.036666870117188,480.62,fixed_strike,26.607513427734375,30.851364135742188,28.467178344726562,25.510787963867188,26.178359985351562,-2.956390380859375,0.3814697265625,,,,13.017654418945312,26.464462280273438,13.446807861328125,14.155503687263183,12.452009740471192,,QuantData term-structure
2026-08-17T16:00:00-04:00,2026-09-25,39,570.0,call,0.03905342782770104,28.371810913085938,480.62,fixed_strike,26.607513427734375,30.851364135742188,28.467178344726562,25.510787963867188,26.178359985351562,-2.956390380859375,0.3814697265625,,,,13.017654418945312,26.464462280273438,13.446807861328125,14.155503687263183,12.452009740471192,,QuantData term-structure
2026-08-17T16:00:00-04:00,2026-09-25,39,580.0,call,0.025230811783724365,28.181076049804688,480.62,fixed_strike,26.607513427734375,30.851364135742188,28.467178344726562,25.510787963867188,26.178359985351562,-2.956390380859375,0.3814697265625,,,,13.017654418945312,26.464462280273438,13.446807861328125,14.155503687263183,12.452009740471192,,QuantData term-structure
2026-08-17T16:00:00-04:00,2026-09-25,39,590.0,call,0.017469495382617446,28.657913208007812,480.62,fixed_strike,26.607513427734375,30.851364135742188,28.467178344726562,25.510787963867188,26.178359985351562,-2.956390380859375,0.3814697265625,,,,13.017654418945312,26.464462280273438,13.446807861328125,14.155503687263183,12.452009740471192,,QuantData term-structure
2026-08-17T16:00:00-04:00,2026-09-25,39,600.0,call,0.015521570855398648,29.134750366210938,480.62,fixed_strike,26.607513427734375,30.851364135742188,28.467178344726562,25.510787963867188,26.178359985351562,-2.956390380859375,0.3814697265625,,,,13.017654418945312,26.464462280273438,13.446807861328125,14.155503687263183,12.452009740471192,,QuantData term-structure
2026-08-17T16:00:00-04:00,2026-09-25,39,610.0,call,0.009572107777944306,29.897689819335938,480.62,fixed_strike,26.607513427734375,30.851364135742188,28.467178344726562,25.510787963867188,26.178359985351562,-2.956390380859375,0.3814697265625,,,,13.017654418945312,26.464462280273438,13.446807861328125,14.155503687263183,12.452009740471192,,QuantData term-structure
2026-08-17T16:00:00-04:00,2026-09-25,39,620.0,call,0.007762386483784296,30.946731567382812,480.62,fixed_strike,26.607513427734375,30.851364135742188,28.467178344726562,25.510787963867188,26.178359985351562,-2.956390380859375,0.3814697265625,,,,13.017654418945312,26.464462280273438,13.446807861328125,14.155503687263183,12.452009740471192,,QuantData term-structure
2026-08-17T16:00:00-04:00,2026-09-25,39,630.0,call,0.005354747919331068,31.328201293945312,480.62,fixed_strike,26.607513427734375,30.851364135742188,28.467178344726562,25.510787963867188,26.178359985351562,-2.956390380859375,0.3814697265625,,,,13.017654418945312,26.464462280273438,13.446807861328125,14.155503687263183,12.452009740471192,,QuantData term-structure
2026-08-17T16:00:00-04:00,2026-09-25,39,640.0,call,0.0034853678056040297,31.328201293945312,480.62,fixed_strike,26.607513427734375,30.851364135742188,28.467178344726562,25.510787963867188,26.178359985351562,-2.956390380859375,0.3814697265625,,,,13.017654418945312,26.464462280273438,13.446807861328125,14.155503687263183,12.452009740471192,,QuantData term-structure
2026-08-17T16:00:00-04:00,2026-09-25,39,650.0,call,0.008926955267519826,36.76414489746094,480.62,fixed_strike,26.607513427734375,30.851364135742188,28.467178344726562,25.510787963867188,26.178359985351562,-2.956390380859375,0.3814697265625,,,,13.017654418945312,26.464462280273438,13.446807861328125,14.155503687263183,12.452009740471192,,QuantData term-structure
2026-08-17T16:00:00-04:00,2026-09-25,39,660.0,call,0.0030965439147462464,34.28459167480469,480.62,fixed_strike,26.607513427734375,30.851364135742188,28.467178344726562,25.510787963867188,26.178359985351562,-2.956390380859375,0.3814697265625,,,,13.017654418945312,26.464462280273438,13.446807861328125,14.155503687263183,12.452009740471192,,QuantData term-structure
2026-08-17T16:00:00-04:00,2026-09-25,39,670.0,call,0.0029947324239157948,35.81047058105469,480.62,fixed_strike,26.607513427734375,30.851364135742188,28.467178344726562,25.510787963867188,26.178359985351562,-2.956390380859375,0.3814697265625,,,,13.017654418945312,26.464462280273438,13.446807861328125,14.155503687263183,12.452009740471192,,QuantData term-structure
2026-08-17T16:00:00-04:00,2026-09-25,39,680.0,call,0.007230296046648083,41.53251647949219,480.62,fixed_strike,26.607513427734375,30.851364135742188,28.467178344726562,25.510787963867188,26.178359985351562,-2.956390380859375,0.3814697265625,,,,13.017654418945312,26.464462280273438,13.446807861328125,14.155503687263183,12.452009740471192,,QuantData term-structure
2026-08-17T16:00:00-04:00,2026-10-02,46,315.0,put,-0.008082655359536608,52.78587341308594,480.62,fixed_strike,26.464462280273438,30.469894409179688,28.467178344726562,25.892257690429688,26.655197143554688,-2.574920654296875,0.7152557373046875,,,,13.017654418945312,26.464462280273438,13.446807861328125,14.155503687263183,12.308958593010255,,QuantData term-structure
2026-08-17T16:00:00-04:00,2026-10-02,46,320.0,put,-0.004846914732755249,47.34992980957031,480.62,fixed_strike,26.464462280273438,30.469894409179688,28.467178344726562,25.892257690429688,26.655197143554688,-2.574920654296875,0.7152557373046875,,,,13.017654418945312,26.464462280273438,13.446807861328125,14.155503687263183,12.308958593010255,,QuantData term-structure
2026-08-17T16:00:00-04:00,2026-10-02,46,325.0,put,-0.004648886382271875,45.34721374511719,480.62,fixed_strike,26.464462280273438,30.469894409179688,28.467178344726562,25.892257690429688,26.655197143554688,-2.574920654296875,0.7152557373046875,,,,13.017654418945312,26.464462280273438,13.446807861328125,14.155503687263183,12.308958593010255,,QuantData term-structure
2026-08-17T16:00:00-04:00,2026-10-02,46,330.0,put,-0.008899107126951794,48.01750183105469,480.62,fixed_strike,26.464462280273438,30.469894409179688,28.467178344726562,25.892257690429688,26.655197143554688,-2.574920654296875,0.7152557373046875,,,,13.017654418945312,26.464462280273438,13.446807861328125,14.155503687263183,12.308958593010255,,QuantData term-structure
2026-08-17T16:00:00-04:00,2026-10-02,46,335.0,put,-0.005248627623203775,42.48619079589844,480.62,fixed_strike,26.464462280273438,30.469894409179688,28.467178344726562,25.892257690429688,26.655197143554688,-2.574920654296875,0.7152557373046875,,,,13.017654418945312,26.464462280273438,13.446807861328125,14.155503687263183,12.308958593010255,,QuantData term-structure
2026-08-17T16:00:00-04:00,2026-10-02,46,340.0,put,-0.00987580116472597,44.58427429199219,480.62,fixed_strike,26.464462280273438,30.469894409179688,28.467178344726562,25.892257690429688,26.655197143554688,-2.574920654296875,0.7152557373046875,,,,13.017654418945312,26.464462280273438,13.446807861328125,14.155503687263183,12.308958593010255,,QuantData term-structure
2026-08-17T16:00:00-04:00,2026-10-02,46,345.0,put,-0.006744193492017536,40.19737243652344,480.62,fixed_strike,26.464462280273438,30.469894409179688,28.467178344726562,25.892257690429688,26.655197143554688,-2.574920654296875,0.7152557373046875,,,,13.017654418945312,26.464462280273438,13.446807861328125,14.155503687263183,12.308958593010255,,QuantData term-structure
2026-08-17T16:00:00-04:00,2026-10-02,46,350.0,put,-0.009833766449225635,40.00663757324219,480.62,fixed_strike,26.464462280273438,30.469894409179688,28.467178344726562,25.892257690429688,26.655197143554688,-2.574920654296875,0.7152557373046875,,,,13.017654418945312,26.464462280273438,13.446807861328125,14.155503687263183,12.308958593010255,,QuantData term-structure
2026-08-17T16:00:00-04:00,2026-10-02,46,355.0,call,1.0,0.0476837158203125,480.62,fixed_strike,26.464462280273438,30.469894409179688,28.467178344726562,25.892257690429688,26.655197143554688,-2.574920654296875,0.7152557373046875,,,,13.017654418945312,26.464462280273438,13.446807861328125,14.155503687263183,12.308958593010255,,QuantData term-structure
2026-08-17T16:00:00-04:00,2026-10-02,46,375.0,call,1.0,0.0476837158203125,480.62,fixed_strike,26.464462280273438,30.469894409179688,28.467178344726562,25.892257690429688,26.655197143554688,-2.574920654296875,0.7152557373046875,,,,13.017654418945312,26.464462280273438,13.446807861328125,14.155503687263183,12.308958593010255,,QuantData term-structure
2026-08-17T16:00:00-04:00,2026-10-02,46,380.0,put,-0.023198055888274585,35.14289855957031,480.62,fixed_strike,26.464462280273438,30.469894409179688,28.467178344726562,25.892257690429688,26.655197143554688,-2.574920654296875,0.7152557373046875,,,,13.017654418945312,26.464462280273438,13.446807861328125,14.155503687263183,12.308958593010255,,QuantData term-structure
2026-08-17T16:00:00-04:00,2026-10-02,46,385.0,put,-0.029141581567052058,34.95216369628906,480.62,fixed_strike,26.464462280273438,30.469894409179688,28.467178344726562,25.892257690429688,26.655197143554688,-2.574920654296875,0.7152557373046875,,,,13.017654418945312,26.464462280273438,13.446807861328125,14.155503687263183,12.308958593010255,,QuantData term-structure
2026-08-17T16:00:00-04:00,2026-10-02,46,390.0,put,-0.0368765845362779,34.57069396972656,480.62,fixed_strike,26.464462280273438,30.469894409179688,28.467178344726562,25.892257690429688,26.655197143554688,-2.574920654296875,0.7152557373046875,,,,13.017654418945312,26.464462280273438,13.446807861328125,14.155503687263183,12.308958593010255,,QuantData term-structure
2026-08-17T16:00:00-04:00,2026-10-02,46,400.0,put,-0.04893583440336663,33.14018249511719,480.62,fixed_strike,26.464462280273438,30.469894409179688,28.467178344726562,25.892257690429688,26.655197143554688,-2.574920654296875,0.7152557373046875,,,,13.017654418945312,26.464462280273438,13.446807861328125,14.155503687263183,12.308958593010255,,QuantData term-structure
2026-08-17T16:00:00-04:00,2026-10-02,46,405.0,call,0.961077040518277,28.944015502929688,480.62,fixed_strike,26.464462280273438,30.469894409179688,28.467178344726562,25.892257690429688,26.655197143554688,-2.574920654296875,0.7152557373046875,,,,13.017654418945312,26.464462280273438,13.446807861328125,14.155503687263183,12.308958593010255,,QuantData term-structure
2026-08-17T16:00:00-04:00,2026-10-02,46,405.0,put,-0.056402294526277486,32.66334533691406,480.62,fixed_strike,26.464462280273438,30.469894409179688,28.467178344726562,25.892257690429688,26.655197143554688,-2.574920654296875,0.7152557373046875,,,,13.017654418945312,26.464462280273438,13.446807861328125,14.155503687263183,12.308958593010255,,QuantData term-structure
2026-08-17T16:00:00-04:00,2026-10-02,46,410.0,put,-0.06872389812849078,31.709671020507812,480.62,fixed_strike,26.464462280273438,30.469894409179688,28.467178344726562,25.892257690429688,26.655197143554688,-2.574920654296875,0.7152557373046875,,,,13.017654418945312,26.464462280273438,13.446807861328125,14.155503687263183,12.308958593010255,,QuantData term-structure
2026-08-17T16:00:00-04:00,2026-10-02,46,415.0,put,-0.07689851761762645,31.423568725585938,480.62,fixed_strike,26.464462280273438,30.469894409179688,28.467178344726562,25.892257690429688,26.655197143554688,-2.574920654296875,0.7152557373046875,,,,13.017654418945312,26.464462280273438,13.446807861328125,14.155503687263183,12.308958593010255,,QuantData term-structure
2026-08-17T16:00:00-04:00,2026-10-02,46,420.0,put,-0.09364192249192171,30.946731567382812,480.62,fixed_strike,26.464462280273438,30.469894409179688,28.467178344726562,25.892257690429688,26.655197143554688,-2.574920654296875,0.7152557373046875,,,,13.017654418945312,26.464462280273438,13.446807861328125,14.155503687263183,12.308958593010255,,QuantData term-structure
2026-08-17T16:00:00-04:00,2026-10-02,46,425.0,call,0.9045826462913114,28.181076049804688,480.62,fixed_strike,26.464462280273438,30.469894409179688,28.467178344726562,25.892257690429688,26.655197143554688,-2.574920654296875,0.7152557373046875,,,,13.017654418945312,26.464462280273438,13.446807861328125,14.155503687263183,12.308958593010255,,QuantData term-structure
2026-08-17T16:00:00-04:00,2026-10-02,46,425.0,put,-0.10617031289460593,30.469894409179688,480.62,fixed_strike,26.464462280273438,30.469894409179688,28.467178344726562,25.892257690429688,26.655197143554688,-2.574920654296875,0.7152557373046875,,,,13.017654418945312,26.464462280273438,13.446807861328125,14.155503687263183,12.308958593010255,,QuantData term-structure
2026-08-17T16:00:00-04:00,2026-10-02,46,430.0,call,0.9053489035220432,25.987625122070312,480.62,fixed_strike,26.464462280273438,30.469894409179688,28.467178344726562,25.892257690429688,26.655197143554688,-2.574920654296875,0.7152557373046875,,,,13.017654418945312,26.464462280273438,13.446807861328125,14.155503687263183,12.308958593010255,,QuantData term-structure
2026-08-17T16:00:00-04:00,2026-10-02,46,430.0,put,-0.12601773212606837,29.897689819335938,480.62,fixed_strike,26.464462280273438,30.469894409179688,28.467178344726562,25.892257690429688,26.655197143554688,-2.574920654296875,0.7152557373046875,,,,13.017654418945312,26.464462280273438,13.446807861328125,14.155503687263183,12.308958593010255,,QuantData term-structure
2026-08-17T16:00:00-04:00,2026-10-02,46,435.0,call,0.8705681770210986,27.227401733398438,480.62,fixed_strike,26.464462280273438,30.469894409179688,28.467178344726562,25.892257690429688,26.655197143554688,-2.574920654296875,0.7152557373046875,,,,13.017654418945312,26.464462280273438,13.446807861328125,14.155503687263183,12.308958593010255,,QuantData term-structure
2026-08-17T16:00:00-04:00,2026-10-02,46,435.0,put,-0.14954165375197004,29.611587524414062,480.62,fixed_strike,26.464462280273438,30.469894409179688,28.467178344726562,25.892257690429688,26.655197143554688,-2.574920654296875,0.7152557373046875,,,,13.017654418945312,26.464462280273438,13.446807861328125,14.155503687263183,12.308958593010255,,QuantData term-structure
2026-08-17T16:00:00-04:00,2026-10-02,46,440.0,call,0.8558242992340541,26.178359985351562,480.62,fixed_strike,26.464462280273438,30.469894409179688,28.467178344726562,25.892257690429688,26.655197143554688,-2.574920654296875,0.7152557373046875,,,,13.017654418945312,26.464462280273438,13.446807861328125,14.155503687263183,12.308958593010255,,QuantData term-structure
2026-08-17T16:00:00-04:00,2026-10-02,46,440.0,put,-0.17726625606484214,29.420852661132812,480.62,fixed_strike,26.464462280273438,30.469894409179688,28.467178344726562,25.892257690429688,26.655197143554688,-2.574920654296875,0.7152557373046875,,,,13.017654418945312,26.464462280273438,13.446807861328125,14.155503687263183,12.308958593010255,,QuantData term-structure
2026-08-17T16:00:00-04:00,2026-10-02,46,445.0,call,0.8197757212929067,26.273727416992188,480.62,fixed_strike,26.464462280273438,30.469894409179688,28.467178344726562,25.892257690429688,26.655197143554688,-2.574920654296875,0.7152557373046875,,,,13.017654418945312,26.464462280273438,13.446807861328125,14.155503687263183,12.308958593010255,,QuantData term-structure
2026-08-17T16:00:00-04:00,2026-10-02,46,445.0,put,-0.19732328212399036,29.134750366210938,480.62,fixed_strike,26.464462280273438,30.469894409179688,28.467178344726562,25.892257690429688,26.655197143554688,-2.574920654296875,0.7152557373046875,,,,13.017654418945312,26.464462280273438,13.446807861328125,14.155503687263183,12.308958593010255,,QuantData term-structure
2026-08-17T16:00:00-04:00,2026-10-02,46,450.0,call,0.7887815366502904,26.273727416992188,480.62,fixed_strike,26.464462280273438,30.469894409179688,28.467178344726562,25.892257690429688,26.655197143554688,-2.574920654296875,0.7152557373046875,,,,13.017654418945312,26.464462280273438,13.446807861328125,14.155503687263183,12.308958593010255,,QuantData term-structure
2026-08-17T16:00:00-04:00,2026-10-02,46,450.0,put,-0.22962986870714303,28.753280639648438,480.62,fixed_strike,26.464462280273438,30.469894409179688,28.467178344726562,25.892257690429688,26.655197143554688,-2.574920654296875,0.7152557373046875,,,,13.017654418945312,26.464462280273438,13.446807861328125,14.155503687263183,12.308958593010255,,QuantData term-structure
2026-08-17T16:00:00-04:00,2026-10-02,46,455.0,put,-0.2626340943636699,28.467178344726562,480.62,fixed_strike,26.464462280273438,30.469894409179688,28.467178344726562,25.892257690429688,26.655197143554688,-2.574920654296875,0.7152557373046875,,,,13.017654418945312,26.464462280273438,13.446807861328125,14.155503687263183,12.308958593010255,,QuantData term-structure
2026-08-17T16:00:00-04:00,2026-10-02,46,460.0,call,0.7220103720789705,25.606155395507812,480.62,fixed_strike,26.464462280273438,30.469894409179688,28.467178344726562,25.892257690429688,26.655197143554688,-2.574920654296875,0.7152557373046875,,,,13.017654418945312,26.464462280273438,13.446807861328125,14.155503687263183,12.308958593010255,,QuantData term-structure
2026-08-17T16:00:00-04:00,2026-10-02,46,460.0,put,-0.2971654754857984,28.753280639648438,480.62,fixed_strike,26.464462280273438,30.469894409179688,28.467178344726562,25.892257690429688,26.655197143554688,-2.574920654296875,0.7152557373046875,,,,13.017654418945312,26.464462280273438,13.446807861328125,14.155503687263183,12.308958593010255,,QuantData term-structure
2026-08-17T16:00:00-04:00,2026-10-02,46,465.0,call,0.6697692932370657,26.464462280273438,480.62,fixed_strike,26.464462280273438,30.469894409179688,28.467178344726562,25.892257690429688,26.655197143554688,-2.574920654296875,0.7152557373046875,,,,13.017654418945312,26.464462280273438,13.446807861328125,14.155503687263183,12.308958593010255,,QuantData term-structure
2026-08-17T16:00:00-04:00,2026-10-02,46,465.0,put,-0.33072314327770336,28.467178344726562,480.62,fixed_strike,26.464462280273438,30.469894409179688,28.467178344726562,25.892257690429688,26.655197143554688,-2.574920654296875,0.7152557373046875,,,,13.017654418945312,26.464462280273438,13.446807861328125,14.155503687263183,12.308958593010255,,QuantData term-structure
2026-08-17T16:00:00-04:00,2026-10-02,46,470.0,call,0.6294008276471912,25.892257690429688,480.62,fixed_strike,26.464462280273438,30.469894409179688,28.467178344726562,25.892257690429688,26.655197143554688,-2.574920654296875,0.7152557373046875,,,,13.017654418945312,26.464462280273438,13.446807861328125,14.155503687263183,12.308958593010255,,QuantData term-structure
2026-08-17T16:00:00-04:00,2026-10-02,46,470.0,put,-0.3727002451233645,28.371810913085938,480.62,fixed_strike,26.464462280273438,30.469894409179688,28.467178344726562,25.892257690429688,26.655197143554688,-2.574920654296875,0.7152557373046875,,,,13.017654418945312,26.464462280273438,13.446807861328125,14.155503687263183,12.308958593010255,,QuantData term-structure
2026-08-17T16:00:00-04:00,2026-10-02,46,475.0,call,0.5902485415921328,26.464462280273438,480.62,fixed_strike,26.464462280273438,30.469894409179688,28.467178344726562,25.892257690429688,26.655197143554688,-2.574920654296875,0.7152557373046875,,,,13.017654418945312,26.464462280273438,13.446807861328125,14.155503687263183,12.308958593010255,,QuantData term-structure
2026-08-17T16:00:00-04:00,2026-10-02,46,475.0,put,-0.40838830728758035,27.990341186523438,480.62,fixed_strike,26.464462280273438,30.469894409179688,28.467178344726562,25.892257690429688,26.655197143554688,-2.574920654296875,0.7152557373046875,,,,13.017654418945312,26.464462280273438,13.446807861328125,14.155503687263183,12.308958593010255,,QuantData term-structure
2026-08-17T16:00:00-04:00,2026-10-02,46,480.0,call,0.5421551575878797,25.606155395507812,480.62,fixed_strike,26.464462280273438,30.469894409179688,28.467178344726562,25.892257690429688,26.655197143554688,-2.574920654296875,0.7152557373046875,,,,13.017654418945312,26.464462280273438,13.446807861328125,14.155503687263183,12.308958593010255,,QuantData term-structure
2026-08-17T16:00:00-04:00,2026-10-02,46,480.0,put,-0.45736980391155363,27.322769165039062,480.62,fixed_strike,26.464462280273438,30.469894409179688,28.467178344726562,25.892257690429688,26.655197143554688,-2.574920654296875,0.7152557373046875,,,,13.017654418945312,26.464462280273438,13.446807861328125,14.155503687263183,12.308958593010255,,QuantData term-structure
2026-08-17T16:00:00-04:00,2026-10-02,46,485.0,call,0.5070338122150311,25.796890258789062,480.62,fixed_strike,26.464462280273438,30.469894409179688,28.467178344726562,25.892257690429688,26.655197143554688,-2.574920654296875,0.7152557373046875,,,,13.017654418945312,26.464462280273438,13.446807861328125,14.155503687263183,12.308958593010255,,QuantData term-structure
2026-08-17T16:00:00-04:00,2026-10-02,46,485.0,put,-0.504719069856321,27.894973754882812,480.62,fixed_strike,26.464462280273438,30.469894409179688,28.467178344726562,25.892257690429688,26.655197143554688,-2.574920654296875,0.7152557373046875,,,,13.017654418945312,26.464462280273438,13.446807861328125,14.155503687263183,12.308958593010255,,QuantData term-structure
2026-08-17T16:00:00-04:00,2026-10-02,46,490.0,call,0.4494899374236125,25.606155395507812,480.62,fixed_strike,26.464462280273438,30.469894409179688,28.467178344726562,25.892257690429688,26.655197143554688,-2.574920654296875,0.7152557373046875,,,,13.017654418945312,26.464462280273438,13.446807861328125,14.155503687263183,12.308958593010255,,QuantData term-structure
2026-08-17T16:00:00-04:00,2026-10-02,46,490.0,put,-0.5233105182951929,28.944015502929688,480.62,fixed_strike,26.464462280273438,30.469894409179688,28.467178344726562,25.892257690429688,26.655197143554688,-2.574920654296875,0.7152557373046875,,,,13.017654418945312,26.464462280273438,13.446807861328125,14.155503687263183,12.308958593010255,,QuantData term-structure
2026-08-17T16:00:00-04:00,2026-10-02,46,495.0,call,0.4384548454762307,25.129318237304688,480.62,fixed_strike,26.464462280273438,30.469894409179688,28.467178344726562,25.892257690429688,26.655197143554688,-2.574920654296875,0.7152557373046875,,,,13.017654418945312,26.464462280273438,13.446807861328125,14.155503687263183,12.308958593010255,,QuantData term-structure
2026-08-17T16:00:00-04:00,2026-10-02,46,495.0,put,-0.5766609676030714,27.894973754882812,480.62,fixed_strike,26.464462280273438,30.469894409179688,28.467178344726562,25.892257690429688,26.655197143554688,-2.574920654296875,0.7152557373046875,,,,13.017654418945312,26.464462280273438,13.446807861328125,14.155503687263183,12.308958593010255,,QuantData term-structure
2026-08-17T16:00:00-04:00,2026-10-02,46,500.0,call,0.36818339535032363,25.892257690429688,480.62,fixed_strike,26.464462280273438,30.469894409179688,28.467178344726562,25.892257690429688,26.655197143554688,-2.574920654296875,0.7152557373046875,,,,13.017654418945312,26.464462280273438,13.446807861328125,14.155503687263183,12.308958593010255,,QuantData term-structure
2026-08-17T16:00:00-04:00,2026-10-02,46,500.0,put,-0.5999312441006766,29.325485229492188,480.62,fixed_strike,26.464462280273438,30.469894409179688,28.467178344726562,25.892257690429688,26.655197143554688,-2.574920654296875,0.7152557373046875,,,,13.017654418945312,26.464462280273438,13.446807861328125,14.155503687263183,12.308958593010255,,QuantData term-structure
2026-08-17T16:00:00-04:00,2026-10-02,46,505.0,call,0.3308570282526201,25.701522827148438,480.62,fixed_strike,26.464462280273438,30.469894409179688,28.467178344726562,25.892257690429688,26.655197143554688,-2.574920654296875,0.7152557373046875,,,,13.017654418945312,26.464462280273438,13.446807861328125,14.155503687263183,12.308958593010255,,QuantData term-structure
2026-08-17T16:00:00-04:00,2026-10-02,46,510.0,call,0.28892958239409694,25.701522827148438,480.62,fixed_strike,26.464462280273438,30.469894409179688,28.467178344726562,25.892257690429688,26.655197143554688,-2.574920654296875,0.7152557373046875,,,,13.017654418945312,26.464462280273438,13.446807861328125,14.155503687263183,12.308958593010255,,QuantData term-structure
2026-08-17T16:00:00-04:00,2026-10-02,46,515.0,call,0.2556602585534451,25.892257690429688,480.62,fixed_strike,26.464462280273438,30.469894409179688,28.467178344726562,25.892257690429688,26.655197143554688,-2.574920654296875,0.7152557373046875,,,,13.017654418945312,26.464462280273438,13.446807861328125,14.155503687263183,12.308958593010255,,QuantData term-structure
2026-08-17T16:00:00-04:00,2026-10-02,46,520.0,call,0.22833924237490022,25.987625122070312,480.62,fixed_strike,26.464462280273438,30.469894409179688,28.467178344726562,25.892257690429688,26.655197143554688,-2.574920654296875,0.7152557373046875,,,,13.017654418945312,26.464462280273438,13.446807861328125,14.155503687263183,12.308958593010255,,QuantData term-structure
2026-08-17T16:00:00-04:00,2026-10-02,46,525.0,call,0.21025393297533007,25.320053100585938,480.62,fixed_strike,26.464462280273438,30.469894409179688,28.467178344726562,25.892257690429688,26.655197143554688,-2.574920654296875,0.7152557373046875,,,,13.017654418945312,26.464462280273438,13.446807861328125,14.155503687263183,12.308958593010255,,QuantData term-structure
2026-08-17T16:00:00-04:00,2026-10-02,46,530.0,call,0.17070161884472002,26.082992553710938,480.62,fixed_strike,26.464462280273438,30.469894409179688,28.467178344726562,25.892257690429688,26.655197143554688,-2.574920654296875,0.7152557373046875,,,,13.017654418945312,26.464462280273438,13.446807861328125,14.155503687263183,12.308958593010255,,QuantData term-structure
2026-08-17T16:00:00-04:00,2026-10-02,46,535.0,call,0.14793605869412002,26.273727416992188,480.62,fixed_strike,26.464462280273438,30.469894409179688,28.467178344726562,25.892257690429688,26.655197143554688,-2.574920654296875,0.7152557373046875,,,,13.017654418945312,26.464462280273438,13.446807861328125,14.155503687263183,12.308958593010255,,QuantData term-structure
2026-08-17T16:00:00-04:00,2026-10-02,46,540.0,call,0.1255322947323364,26.178359985351562,480.62,fixed_strike,26.464462280273438,30.469894409179688,28.467178344726562,25.892257690429688,26.655197143554688,-2.574920654296875,0.7152557373046875,,,,13.017654418945312,26.464462280273438,13.446807861328125,14.155503687263183,12.308958593010255,,QuantData term-structure
2026-08-17T16:00:00-04:00,2026-10-02,46,545.0,put,-0.8344538206899507,32.75871276855469,480.62,fixed_strike,26.464462280273438,30.469894409179688,28.467178344726562,25.892257690429688,26.655197143554688,-2.574920654296875,0.7152557373046875,,,,13.017654418945312,26.464462280273438,13.446807861328125,14.155503687263183,12.308958593010255,,QuantData term-structure
2026-08-17T16:00:00-04:00,2026-10-02,46,550.0,call,0.09368949610388766,26.655197143554688,480.62,fixed_strike,26.464462280273438,30.469894409179688,28.467178344726562,25.892257690429688,26.655197143554688,-2.574920654296875,0.7152557373046875,,,,13.017654418945312,26.464462280273438,13.446807861328125,14.155503687263183,12.308958593010255,,QuantData term-structure
2026-08-17T16:00:00-04:00,2026-10-02,46,555.0,call,0.08127529271115164,26.941299438476562,480.62,fixed_strike,26.464462280273438,30.469894409179688,28.467178344726562,25.892257690429688,26.655197143554688,-2.574920654296875,0.7152557373046875,,,,13.017654418945312,26.464462280273438,13.446807861328125,14.155503687263183,12.308958593010255,,QuantData term-structure
2026-08-17T16:00:00-04:00,2026-10-02,46,560.0,call,0.07174637357531338,26.941299438476562,480.62,fixed_strike,26.464462280273438,30.469894409179688,28.467178344726562,25.892257690429688,26.655197143554688,-2.574920654296875,0.7152557373046875,,,,13.017654418945312,26.464462280273438,13.446807861328125,14.155503687263183,12.308958593010255,,QuantData term-structure
2026-08-17T16:00:00-04:00,2026-10-02,46,560.0,put,-0.8398975603319284,35.42900085449219,480.62,fixed_strike,26.464462280273438,30.469894409179688,28.467178344726562,25.892257690429688,26.655197143554688,-2.574920654296875,0.7152557373046875,,,,13.017654418945312,26.464462280273438,13.446807861328125,14.155503687263183,12.308958593010255,,QuantData term-structure
2026-08-17T16:00:00-04:00,2026-10-02,46,570.0,call,0.04907297362350099,27.132034301757812,480.62,fixed_strike,26.464462280273438,30.469894409179688,28.467178344726562,25.892257690429688,26.655197143554688,-2.574920654296875,0.7152557373046875,,,,13.017654418945312,26.464462280273438,13.446807861328125,14.155503687263183,12.308958593010255,,QuantData term-structure
2026-08-17T16:00:00-04:00,2026-10-02,46,580.0,call,0.04003595293209941,27.036666870117188,480.62,fixed_strike,26.464462280273438,30.469894409179688,28.467178344726562,25.892257690429688,26.655197143554688,-2.574920654296875,0.7152557373046875,,,,13.017654418945312,26.464462280273438,13.446807861328125,14.155503687263183,12.308958593010255,,QuantData term-structure
2026-08-17T16:00:00-04:00,2026-10-02,46,600.0,call,0.026835849260090253,28.944015502929688,480.62,fixed_strike,26.464462280273438,30.469894409179688,28.467178344726562,25.892257690429688,26.655197143554688,-2.574920654296875,0.7152557373046875,,,,13.017654418945312,26.464462280273438,13.446807861328125,14.155503687263183,12.308958593010255,,QuantData term-structure
2026-08-17T16:00:00-04:00,2026-10-02,46,610.0,call,0.01400733152257549,29.325485229492188,480.62,fixed_strike,26.464462280273438,30.469894409179688,28.467178344726562,25.892257690429688,26.655197143554688,-2.574920654296875,0.7152557373046875,,,,13.017654418945312,26.464462280273438,13.446807861328125,14.155503687263183,12.308958593010255,,QuantData term-structure
2026-08-17T16:00:00-04:00,2026-10-02,46,620.0,call,0.0164901748471788,32.09114074707031,480.62,fixed_strike,26.464462280273438,30.469894409179688,28.467178344726562,25.892257690429688,26.655197143554688,-2.574920654296875,0.7152557373046875,,,,13.017654418945312,26.464462280273438,13.446807861328125,14.155503687263183,12.308958593010255,,QuantData term-structure
2026-08-17T16:00:00-04:00,2026-10-02,46,630.0,call,0.007858297169509035,30.374526977539062,480.62,fixed_strike,26.464462280273438,30.469894409179688,28.467178344726562,25.892257690429688,26.655197143554688,-2.574920654296875,0.7152557373046875,,,,13.017654418945312,26.464462280273438,13.446807861328125,14.155503687263183,12.308958593010255,,QuantData term-structure
2026-08-17T16:00:00-04:00,2026-10-02,46,640.0,call,0.008793667702713007,31.328201293945312,480.62,fixed_strike,26.464462280273438,30.469894409179688,28.467178344726562,25.892257690429688,26.655197143554688,-2.574920654296875,0.7152557373046875,,,,13.017654418945312,26.464462280273438,13.446807861328125,14.155503687263183,12.308958593010255,,QuantData term-structure
2026-08-17T16:00:00-04:00,2026-10-02,46,650.0,call,0.006545272452041705,31.709671020507812,480.62,fixed_strike,26.464462280273438,30.469894409179688,28.467178344726562,25.892257690429688,26.655197143554688,-2.574920654296875,0.7152557373046875,,,,13.017654418945312,26.464462280273438,13.446807861328125,14.155503687263183,12.308958593010255,,QuantData term-structure
2026-08-17T16:00:00-04:00,2026-10-02,46,660.0,call,0.008908096572535868,36.19194030761719,480.62,fixed_strike,26.464462280273438,30.469894409179688,28.467178344726562,25.892257690429688,26.655197143554688,-2.574920654296875,0.7152557373046875,,,,13.017654418945312,26.464462280273438,13.446807861328125,14.155503687263183,12.308958593010255,,QuantData term-structure
2026-08-17T16:00:00-04:00,2026-10-02,46,680.0,call,0.0029193036949753228,34.28459167480469,480.62,fixed_strike,26.464462280273438,30.469894409179688,28.467178344726562,25.892257690429688,26.655197143554688,-2.574920654296875,0.7152557373046875,,,,13.017654418945312,26.464462280273438,13.446807861328125,14.155503687263183,12.308958593010255,,QuantData term-structure
2026-08-17T16:00:00-04:00,2026-10-16,60,220.0,put,-0.0010274546582736289,66.42341613769531,480.62,fixed_strike,27.27508544921875,31.328201293945312,29.039382934570312,25.796890258789062,27.132034301757812,-3.24249267578125,0.1430511474609375,,,,13.017654418945312,26.464462280273438,13.446807861328125,14.155503687263183,13.119581761955567,,QuantData term-structure
2026-08-17T16:00:00-04:00,2026-10-16,60,250.0,put,-0.0036117432892106556,63.84849548339844,480.62,fixed_strike,27.27508544921875,31.328201293945312,29.039382934570312,25.796890258789062,27.132034301757812,-3.24249267578125,0.1430511474609375,,,,13.017654418945312,26.464462280273438,13.446807861328125,14.155503687263183,13.119581761955567,,QuantData term-structure
2026-08-17T16:00:00-04:00,2026-10-16,60,270.0,put,-0.0019236309960552847,51.83219909667969,480.62,fixed_strike,27.27508544921875,31.328201293945312,29.039382934570312,25.796890258789062,27.132034301757812,-3.24249267578125,0.1430511474609375,,,,13.017654418945312,26.464462280273438,13.446807861328125,14.155503687263183,13.119581761955567,,QuantData term-structure
2026-08-17T16:00:00-04:00,2026-10-16,60,280.0,put,-0.0025890919261265678,50.11558532714844,480.62,fixed_strike,27.27508544921875,31.328201293945312,29.039382934570312,25.796890258789062,27.132034301757812,-3.24249267578125,0.1430511474609375,,,,13.017654418945312,26.464462280273438,13.446807861328125,14.155503687263183,13.119581761955567,,QuantData term-structure
2026-08-17T16:00:00-04:00,2026-10-16,60,285.0,put,-0.002947017985377655,49.16191101074219,480.62,fixed_strike,27.27508544921875,31.328201293945312,29.039382934570312,25.796890258789062,27.132034301757812,-3.24249267578125,0.1430511474609375,,,,13.017654418945312,26.464462280273438,13.446807861328125,14.155503687263183,13.119581761955567,,QuantData term-structure
2026-08-17T16:00:00-04:00,2026-10-16,60,290.0,put,-0.003535941617075597,48.58970642089844,480.62,fixed_strike,27.27508544921875,31.328201293945312,29.039382934570312,25.796890258789062,27.132034301757812,-3.24249267578125,0.1430511474609375,,,,13.017654418945312,26.464462280273438,13.446807861328125,14.155503687263183,13.119581761955567,,QuantData term-structure
2026-08-17T16:00:00-04:00,2026-10-16,60,295.0,put,-0.003337896873681966,47.25456237792969,480.62,fixed_strike,27.27508544921875,31.328201293945312,29.039382934570312,25.796890258789062,27.132034301757812,-3.24249267578125,0.1430511474609375,,,,13.017654418945312,26.464462280273438,13.446807861328125,14.155503687263183,13.119581761955567,,QuantData term-structure
2026-08-17T16:00:00-04:00,2026-10-16,60,300.0,call,1.0,0.0476837158203125,480.62,fixed_strike,27.27508544921875,31.328201293945312,29.039382934570312,25.796890258789062,27.132034301757812,-3.24249267578125,0.1430511474609375,,,,13.017654418945312,26.464462280273438,13.446807861328125,14.155503687263183,13.119581761955567,,QuantData term-structure
2026-08-17T16:00:00-04:00,2026-10-16,60,300.0,put,-0.004091079004389499,45.91941833496094,480.62,fixed_strike,27.27508544921875,31.328201293945312,29.039382934570312,25.796890258789062,27.132034301757812,-3.24249267578125,0.1430511474609375,,,,13.017654418945312,26.464462280273438,13.446807861328125,14.155503687263183,13.119581761955567,,QuantData term-structure
2026-08-17T16:00:00-04:00,2026-10-16,60,305.0,put,-0.006710958455682749,48.49433898925781,480.62,fixed_strike,27.27508544921875,31.328201293945312,29.039382934570312,25.796890258789062,27.132034301757812,-3.24249267578125,0.1430511474609375,,,,13.017654418945312,26.464462280273438,13.446807861328125,14.155503687263183,13.119581761955567,,QuantData term-structure
2026-08-17T16:00:00-04:00,2026-10-16,60,310.0,call,1.0,0.0476837158203125,480.62,fixed_strike,27.27508544921875,31.328201293945312,29.039382934570312,25.796890258789062,27.132034301757812,-3.24249267578125,0.1430511474609375,,,,13.017654418945312,26.464462280273438,13.446807861328125,14.155503687263183,13.119581761955567,,QuantData term-structure
2026-08-17T16:00:00-04:00,2026-10-16,60,310.0,put,-0.006265422476816022,46.68235778808594,480.62,fixed_strike,27.27508544921875,31.328201293945312,29.039382934570312,25.796890258789062,27.132034301757812,-3.24249267578125,0.1430511474609375,,,,13.017654418945312,26.464462280273438,13.446807861328125,14.155503687263183,13.119581761955567,,QuantData term-structure
2026-08-17T16:00:00-04:00,2026-10-16,60,315.0,put,-0.005710923972956593,44.39353942871094,480.62,fixed_strike,27.27508544921875,31.328201293945312,29.039382934570312,25.796890258789062,27.132034301757812,-3.24249267578125,0.1430511474609375,,,,13.017654418945312,26.464462280273438,13.446807861328125,14.155503687263183,13.119581761955567,,QuantData term-structure
2026-08-17T16:00:00-04:00,2026-10-16,60,320.0,put,-0.005951066948601176,42.67692565917969,480.62,fixed_strike,27.27508544921875,31.328201293945312,29.039382934570312,25.796890258789062,27.132034301757812,-3.24249267578125,0.1430511474609375,,,,13.017654418945312,26.464462280273438,13.446807861328125,14.155503687263183,13.119581761955567,,QuantData term-structure
2026-08-17T16:00:00-04:00,2026-10-16,60,325.0,put,-0.006220459459491814,41.24641418457031,480.62,fixed_strike,27.27508544921875,31.328201293945312,29.039382934570312,25.796890258789062,27.132034301757812,-3.24249267578125,0.1430511474609375,,,,13.017654418945312,26.464462280273438,13.446807861328125,14.155503687263183,13.119581761955567,,QuantData term-structure
2026-08-17T16:00:00-04:00,2026-10-16,60,330.0,call,1.0,0.0476837158203125,480.62,fixed_strike,27.27508544921875,31.328201293945312,29.039382934570312,25.796890258789062,27.132034301757812,-3.24249267578125,0.1430511474609375,,,,13.017654418945312,26.464462280273438,13.446807861328125,14.155503687263183,13.119581761955567,,QuantData term-structure
2026-08-17T16:00:00-04:00,2026-10-16,60,330.0,put,-0.009082383023211476,41.34178161621094,480.62,fixed_strike,27.27508544921875,31.328201293945312,29.039382934570312,25.796890258789062,27.132034301757812,-3.24249267578125,0.1430511474609375,,,,13.017654418945312,26.464462280273438,13.446807861328125,14.155503687263183,13.119581761955567,,QuantData term-structure
2026-08-17T16:00:00-04:00,2026-10-16,60,335.0,put,-0.011933585490031384,41.81861877441406,480.62,fixed_strike,27.27508544921875,31.328201293945312,29.039382934570312,25.796890258789062,27.132034301757812,-3.24249267578125,0.1430511474609375,,,,13.017654418945312,26.464462280273438,13.446807861328125,14.155503687263183,13.119581761955567,,QuantData term-structure
2026-08-17T16:00:00-04:00,2026-10-16,60,340.0,call,1.0,0.0476837158203125,480.62,fixed_strike,27.27508544921875,31.328201293945312,29.039382934570312,25.796890258789062,27.132034301757812,-3.24249267578125,0.1430511474609375,,,,13.017654418945312,26.464462280273438,13.446807861328125,14.155503687263183,13.119581761955567,,QuantData term-structure
2026-08-17T16:00:00-04:00,2026-10-16,60,340.0,put,-0.012330491112518563,39.91127014160156,480.62,fixed_strike,27.27508544921875,31.328201293945312,29.039382934570312,25.796890258789062,27.132034301757812,-3.24249267578125,0.1430511474609375,,,,13.017654418945312,26.464462280273438,13.446807861328125,14.155503687263183,13.119581761955567,,QuantData term-structure
2026-08-17T16:00:00-04:00,2026-10-16,60,345.0,put,-0.013938508361923884,39.14833068847656,480.62,fixed_strike,27.27508544921875,31.328201293945312,29.039382934570312,25.796890258789062,27.132034301757812,-3.24249267578125,0.1430511474609375,,,,13.017654418945312,26.464462280273438,13.446807861328125,14.155503687263183,13.119581761955567,,QuantData term-structure
2026-08-17T16:00:00-04:00,2026-10-16,60,350.0,call,1.0,0.0476837158203125,480.62,fixed_strike,27.27508544921875,31.328201293945312,29.039382934570312,25.796890258789062,27.132034301757812,-3.24249267578125,0.1430511474609375,,,,13.017654418945312,26.464462280273438,13.446807861328125,14.155503687263183,13.119581761955567,,QuantData term-structure
2026-08-17T16:00:00-04:00,2026-10-16,60,350.0,put,-0.015494698290662549,38.48075866699219,480.62,fixed_strike,27.27508544921875,31.328201293945312,29.039382934570312,25.796890258789062,27.132034301757812,-3.24249267578125,0.1430511474609375,,,,13.017654418945312,26.464462280273438,13.446807861328125,14.155503687263183,13.119581761955567,,QuantData term-structure
2026-08-17T16:00:00-04:00,2026-10-16,60,355.0,call,1.0,0.0476837158203125,480.62,fixed_strike,27.27508544921875,31.328201293945312,29.039382934570312,25.796890258789062,27.132034301757812,-3.24249267578125,0.1430511474609375,,,,13.017654418945312,26.464462280273438,13.446807861328125,14.155503687263183,13.119581761955567,,QuantData term-structure
2026-08-17T16:00:00-04:00,2026-10-16,60,355.0,put,-0.018134441461937524,37.71781921386719,480.62,fixed_strike,27.27508544921875,31.328201293945312,29.039382934570312,25.796890258789062,27.132034301757812,-3.24249267578125,0.1430511474609375,,,,13.017654418945312,26.464462280273438,13.446807861328125,14.155503687263183,13.119581761955567,,QuantData term-structure
2026-08-17T16:00:00-04:00,2026-10-16,60,360.0,put,-0.02237077352529669,37.62245178222656,480.62,fixed_strike,27.27508544921875,31.328201293945312,29.039382934570312,25.796890258789062,27.132034301757812,-3.24249267578125,0.1430511474609375,,,,13.017654418945312,26.464462280273438,13.446807861328125,14.155503687263183,13.119581761955567,,QuantData term-structure
2026-08-17T16:00:00-04:00,2026-10-16,60,365.0,put,-0.02399286920771794,36.28730773925781,480.62,fixed_strike,27.27508544921875,31.328201293945312,29.039382934570312,25.796890258789062,27.132034301757812,-3.24249267578125,0.1430511474609375,,,,13.017654418945312,26.464462280273438,13.446807861328125,14.155503687263183,13.119581761955567,,QuantData term-structure
2026-08-17T16:00:00-04:00,2026-10-16,60,370.0,call,1.0,0.0476837158203125,480.62,fixed_strike,27.27508544921875,31.328201293945312,29.039382934570312,25.796890258789062,27.132034301757812,-3.24249267578125,0.1430511474609375,,,,13.017654418945312,26.464462280273438,13.446807861328125,14.155503687263183,13.119581761955567,,QuantData term-structure
2026-08-17T16:00:00-04:00,2026-10-16,60,370.0,put,-0.027532979252269798,35.71510314941406,480.62,fixed_strike,27.27508544921875,31.328201293945312,29.039382934570312,25.796890258789062,27.132034301757812,-3.24249267578125,0.1430511474609375,,,,13.017654418945312,26.464462280273438,13.446807861328125,14.155503687263183,13.119581761955567,,QuantData term-structure
2026-08-17T16:00:00-04:00,2026-10-16,60,375.0,call,1.0,0.0476837158203125,480.62,fixed_strike,27.27508544921875,31.328201293945312,29.039382934570312,25.796890258789062,27.132034301757812,-3.24249267578125,0.1430511474609375,,,,13.017654418945312,26.464462280273438,13.446807861328125,14.155503687263183,13.119581761955567,,QuantData term-structure
2026-08-17T16:00:00-04:00,2026-10-16,60,375.0,put,-0.03323730334956744,35.81047058105469,480.62,fixed_strike,27.27508544921875,31.328201293945312,29.039382934570312,25.796890258789062,27.132034301757812,-3.24249267578125,0.1430511474609375,,,,13.017654418945312,26.464462280273438,13.446807861328125,14.155503687263183,13.119581761955567,,QuantData term-structure
2026-08-17T16:00:00-04:00,2026-10-16,60,380.0,call,1.0,0.0476837158203125,480.62,fixed_strike,27.27508544921875,31.328201293945312,29.039382934570312,25.796890258789062,27.132034301757812,-3.24249267578125,0.1430511474609375,,,,13.017654418945312,26.464462280273438,13.446807861328125,14.155503687263183,13.119581761955567,,QuantData term-structure
2026-08-17T16:00:00-04:00,2026-10-16,60,380.0,put,-0.037369440812129846,34.76142883300781,480.62,fixed_strike,27.27508544921875,31.328201293945312,29.039382934570312,25.796890258789062,27.132034301757812,-3.24249267578125,0.1430511474609375,,,,13.017654418945312,26.464462280273438,13.446807861328125,14.155503687263183,13.119581761955567,,QuantData term-structure
2026-08-17T16:00:00-04:00,2026-10-16,60,385.0,call,1.0,0.0476837158203125,480.62,fixed_strike,27.27508544921875,31.328201293945312,29.039382934570312,25.796890258789062,27.132034301757812,-3.24249267578125,0.1430511474609375,,,,13.017654418945312,26.464462280273438,13.446807861328125,14.155503687263183,13.119581761955567,,QuantData term-structure
2026-08-17T16:00:00-04:00,2026-10-16,60,385.0,put,-0.04402056372921731,34.57069396972656,480.62,fixed_strike,27.27508544921875,31.328201293945312,29.039382934570312,25.796890258789062,27.132034301757812,-3.24249267578125,0.1430511474609375,,,,13.017654418945312,26.464462280273438,13.446807861328125,14.155503687263183,13.119581761955567,,QuantData term-structure
2026-08-17T16:00:00-04:00,2026-10-16,60,390.0,call,0.9955174333899867,20.742416381835938,480.62,fixed_strike,27.27508544921875,31.328201293945312,29.039382934570312,25.796890258789062,27.132034301757812,-3.24249267578125,0.1430511474609375,,,,13.017654418945312,26.464462280273438,13.446807861328125,14.155503687263183,13.119581761955567,,QuantData term-structure
2026-08-17T16:00:00-04:00,2026-10-16,60,390.0,put,-0.04803457078817669,33.42628479003906,480.62,fixed_strike,27.27508544921875,31.328201293945312,29.039382934570312,25.796890258789062,27.132034301757812,-3.24249267578125,0.1430511474609375,,,,13.017654418945312,26.464462280273438,13.446807861328125,14.155503687263183,13.119581761955567,,QuantData term-structure
2026-08-17T16:00:00-04:00,2026-10-16,60,395.0,call,0.9716136100693122,27.132034301757812,480.62,fixed_strike,27.27508544921875,31.328201293945312,29.039382934570312,25.796890258789062,27.132034301757812,-3.24249267578125,0.1430511474609375,,,,13.017654418945312,26.464462280273438,13.446807861328125,14.155503687263183,13.119581761955567,,QuantData term-structure
2026-08-17T16:00:00-04:00,2026-10-16,60,395.0,put,-0.05742270769608904,33.14018249511719,480.62,fixed_strike,27.27508544921875,31.328201293945312,29.039382934570312,25.796890258789062,27.132034301757812,-3.24249267578125,0.1430511474609375,,,,13.017654418945312,26.464462280273438,13.446807861328125,14.155503687263183,13.119581761955567,,QuantData term-structure
2026-08-17T16:00:00-04:00,2026-10-16,60,400.0,call,0.9654022427916114,26.369094848632812,480.62,fixed_strike,27.27508544921875,31.328201293945312,29.039382934570312,25.796890258789062,27.132034301757812,-3.24249267578125,0.1430511474609375,,,,13.017654418945312,26.464462280273438,13.446807861328125,14.155503687263183,13.119581761955567,,QuantData term-structure
2026-08-17T16:00:00-04:00,2026-10-16,60,400.0,put,-0.06579083476127218,32.66334533691406,480.62,fixed_strike,27.27508544921875,31.328201293945312,29.039382934570312,25.796890258789062,27.132034301757812,-3.24249267578125,0.1430511474609375,,,,13.017654418945312,26.464462280273438,13.446807861328125,14.155503687263183,13.119581761955567,,QuantData term-structure
2026-08-17T16:00:00-04:00,2026-10-16,60,405.0,call,0.9591767141048674,25.892257690429688,480.62,fixed_strike,27.27508544921875,31.328201293945312,29.039382934570312,25.796890258789062,27.132034301757812,-3.24249267578125,0.1430511474609375,,,,13.017654418945312,26.464462280273438,13.446807861328125,14.155503687263183,13.119581761955567,,QuantData term-structure
2026-08-17T16:00:00-04:00,2026-10-16,60,405.0,put,-0.07513428410512096,31.995773315429688,480.62,fixed_strike,27.27508544921875,31.328201293945312,29.039382934570312,25.796890258789062,27.132034301757812,-3.24249267578125,0.1430511474609375,,,,13.017654418945312,26.464462280273438,13.446807861328125,14.155503687263183,13.119581761955567,,QuantData term-structure
2026-08-17T16:00:00-04:00,2026-10-16,60,410.0,call,0.9313487507664697,28.467178344726562,480.62,fixed_strike,27.27508544921875,31.328201293945312,29.039382934570312,25.796890258789062,27.132034301757812,-3.24249267578125,0.1430511474609375,,,,13.017654418945312,26.464462280273438,13.446807861328125,14.155503687263183,13.119581761955567,,QuantData term-structure
2026-08-17T16:00:00-04:00,2026-10-16,60,410.0,put,-0.08819930831190786,31.614303588867188,480.62,fixed_strike,27.27508544921875,31.328201293945312,29.039382934570312,25.796890258789062,27.132034301757812,-3.24249267578125,0.1430511474609375,,,,13.017654418945312,26.464462280273438,13.446807861328125,14.155503687263183,13.119581761955567,,QuantData term-structure
2026-08-17T16:00:00-04:00,2026-10-16,60,415.0,call,0.9279853366748065,26.750564575195312,480.62,fixed_strike,27.27508544921875,31.328201293945312,29.039382934570312,25.796890258789062,27.132034301757812,-3.24249267578125,0.1430511474609375,,,,13.017654418945312,26.464462280273438,13.446807861328125,14.155503687263183,13.119581761955567,,QuantData term-structure
2026-08-17T16:00:00-04:00,2026-10-16,60,415.0,put,-0.10205812547242532,31.328201293945312,480.62,fixed_strike,27.27508544921875,31.328201293945312,29.039382934570312,25.796890258789062,27.132034301757812,-3.24249267578125,0.1430511474609375,,,,13.017654418945312,26.464462280273438,13.446807861328125,14.155503687263183,13.119581761955567,,QuantData term-structure
2026-08-17T16:00:00-04:00,2026-10-16,60,420.0,call,0.9100946599278649,26.941299438476562,480.62,fixed_strike,27.27508544921875,31.328201293945312,29.039382934570312,25.796890258789062,27.132034301757812,-3.24249267578125,0.1430511474609375,,,,13.017654418945312,26.464462280273438,13.446807861328125,14.155503687263183,13.119581761955567,,QuantData term-structure
2026-08-17T16:00:00-04:00,2026-10-16,60,420.0,put,-0.1170715806200388,31.137466430664062,480.62,fixed_strike,27.27508544921875,31.328201293945312,29.039382934570312,25.796890258789062,27.132034301757812,-3.24249267578125,0.1430511474609375,,,,13.017654418945312,26.464462280273438,13.446807861328125,14.155503687263183,13.119581761955567,,QuantData term-structure
2026-08-17T16:00:00-04:00,2026-10-16,60,425.0,call,0.8848716828265064,27.894973754882812,480.62,fixed_strike,27.27508544921875,31.328201293945312,29.039382934570312,25.796890258789062,27.132034301757812,-3.24249267578125,0.1430511474609375,,,,13.017654418945312,26.464462280273438,13.446807861328125,14.155503687263183,13.119581761955567,,QuantData term-structure
2026-08-17T16:00:00-04:00,2026-10-16,60,425.0,put,-0.13428609515497236,30.565261840820312,480.62,fixed_strike,27.27508544921875,31.328201293945312,29.039382934570312,25.796890258789062,27.132034301757812,-3.24249267578125,0.1430511474609375,,,,13.017654418945312,26.464462280273438,13.446807861328125,14.155503687263183,13.119581761955567,,QuantData term-structure
2026-08-17T16:00:00-04:00,2026-10-16,60,430.0,call,0.8629566670917238,28.371810913085938,480.62,fixed_strike,27.27508544921875,31.328201293945312,29.039382934570312,25.796890258789062,27.132034301757812,-3.24249267578125,0.1430511474609375,,,,13.017654418945312,26.464462280273438,13.446807861328125,14.155503687263183,13.119581761955567,,QuantData term-structure
2026-08-17T16:00:00-04:00,2026-10-16,60,430.0,put,-0.1522382815741561,30.374526977539062,480.62,fixed_strike,27.27508544921875,31.328201293945312,29.039382934570312,25.796890258789062,27.132034301757812,-3.24249267578125,0.1430511474609375,,,,13.017654418945312,26.464462280273438,13.446807861328125,14.155503687263183,13.119581761955567,,QuantData term-structure
2026-08-17T16:00:00-04:00,2026-10-16,60,435.0,call,0.8519953474391533,27.227401733398438,480.62,fixed_strike,27.27508544921875,31.328201293945312,29.039382934570312,25.796890258789062,27.132034301757812,-3.24249267578125,0.1430511474609375,,,,13.017654418945312,26.464462280273438,13.446807861328125,14.155503687263183,13.119581761955567,,QuantData term-structure
2026-08-17T16:00:00-04:00,2026-10-16,60,435.0,put,-0.17168401001976397,29.897689819335938,480.62,fixed_strike,27.27508544921875,31.328201293945312,29.039382934570312,25.796890258789062,27.132034301757812,-3.24249267578125,0.1430511474609375,,,,13.017654418945312,26.464462280273438,13.446807861328125,14.155503687263183,13.119581761955567,,QuantData term-structure
2026-08-17T16:00:00-04:00,2026-10-16,60,440.0,call,0.8228590654339374,26.845932006835938,480.62,fixed_strike,27.27508544921875,31.328201293945312,29.039382934570312,25.796890258789062,27.132034301757812,-3.24249267578125,0.1430511474609375,,,,13.017654418945312,26.464462280273438,13.446807861328125,14.155503687263183,13.119581761955567,,QuantData term-structure
2026-08-17T16:00:00-04:00,2026-10-16,60,440.0,put,-0.19840628498218305,29.706954956054688,480.62,fixed_strike,27.27508544921875,31.328201293945312,29.039382934570312,25.796890258789062,27.132034301757812,-3.24249267578125,0.1430511474609375,,,,13.017654418945312,26.464462280273438,13.446807861328125,14.155503687263183,13.119581761955567,,QuantData term-structure
2026-08-17T16:00:00-04:00,2026-10-16,60,445.0,call,0.7945638260300218,26.845932006835938,480.62,fixed_strike,27.27508544921875,31.328201293945312,29.039382934570312,25.796890258789062,27.132034301757812,-3.24249267578125,0.1430511474609375,,,,13.017654418945312,26.464462280273438,13.446807861328125,14.155503687263183,13.119581761955567,,QuantData term-structure
2026-08-17T16:00:00-04:00,2026-10-16,60,445.0,put,-0.22465713568866746,29.230117797851562,480.62,fixed_strike,27.27508544921875,31.328201293945312,29.039382934570312,25.796890258789062,27.132034301757812,-3.24249267578125,0.1430511474609375,,,,13.017654418945312,26.464462280273438,13.446807861328125,14.155503687263183,13.119581761955567,,QuantData term-structure
2026-08-17T16:00:00-04:00,2026-10-16,60,450.0,call,0.7644438507745246,26.559829711914062,480.62,fixed_strike,27.27508544921875,31.328201293945312,29.039382934570312,25.796890258789062,27.132034301757812,-3.24249267578125,0.1430511474609375,,,,13.017654418945312,26.464462280273438,13.446807861328125,14.155503687263183,13.119581761955567,,QuantData term-structure
2026-08-17T16:00:00-04:00,2026-10-16,60,450.0,put,-0.2526940328577574,29.039382934570312,480.62,fixed_strike,27.27508544921875,31.328201293945312,29.039382934570312,25.796890258789062,27.132034301757812,-3.24249267578125,0.1430511474609375,,,,13.017654418945312,26.464462280273438,13.446807861328125,14.155503687263183,13.119581761955567,,QuantData term-structure
2026-08-17T16:00:00-04:00,2026-10-16,60,455.0,call,0.7305992229460481,26.655197143554688,480.62,fixed_strike,27.27508544921875,31.328201293945312,29.039382934570312,25.796890258789062,27.132034301757812,-3.24249267578125,0.1430511474609375,,,,13.017654418945312,26.464462280273438,13.446807861328125,14.155503687263183,13.119581761955567,,QuantData term-structure
2026-08-17T16:00:00-04:00,2026-10-16,60,455.0,put,-0.276761181129308,29.134750366210938,480.62,fixed_strike,27.27508544921875,31.328201293945312,29.039382934570312,25.796890258789062,27.132034301757812,-3.24249267578125,0.1430511474609375,,,,13.017654418945312,26.464462280273438,13.446807861328125,14.155503687263183,13.119581761955567,,QuantData term-structure
2026-08-17T16:00:00-04:00,2026-10-16,60,460.0,call,0.7016791605671014,26.845932006835938,480.62,fixed_strike,27.27508544921875,31.328201293945312,29.039382934570312,25.796890258789062,27.132034301757812,-3.24249267578125,0.1430511474609375,,,,13.017654418945312,26.464462280273438,13.446807861328125,14.155503687263183,13.119581761955567,,QuantData term-structure
2026-08-17T16:00:00-04:00,2026-10-16,60,460.0,put,-0.30899561584549895,28.657913208007812,480.62,fixed_strike,27.27508544921875,31.328201293945312,29.039382934570312,25.796890258789062,27.132034301757812,-3.24249267578125,0.1430511474609375,,,,13.017654418945312,26.464462280273438,13.446807861328125,14.155503687263183,13.119581761955567,,QuantData term-structure
2026-08-17T16:00:00-04:00,2026-10-16,60,465.0,call,0.6605160094357909,26.845932006835938,480.62,fixed_strike,27.27508544921875,31.328201293945312,29.039382934570312,25.796890258789062,27.132034301757812,-3.24249267578125,0.1430511474609375,,,,13.017654418945312,26.464462280273438,13.446807861328125,14.155503687263183,13.119581761955567,,QuantData term-structure
2026-08-17T16:00:00-04:00,2026-10-16,60,465.0,put,-0.33278390696509186,28.753280639648438,480.62,fixed_strike,27.27508544921875,31.328201293945312,29.039382934570312,25.796890258789062,27.132034301757812,-3.24249267578125,0.1430511474609375,,,,13.017654418945312,26.464462280273438,13.446807861328125,14.155503687263183,13.119581761955567,,QuantData term-structure
2026-08-17T16:00:00-04:00,2026-10-16,60,470.0,call,0.625816721480094,26.178359985351562,480.62,fixed_strike,27.27508544921875,31.328201293945312,29.039382934570312,25.796890258789062,27.132034301757812,-3.24249267578125,0.1430511474609375,,,,13.017654418945312,26.464462280273438,13.446807861328125,14.155503687263183,13.119581761955567,,QuantData term-structure
2026-08-17T16:00:00-04:00,2026-10-16,60,470.0,put,-0.3814741519648596,28.562545776367188,480.62,fixed_strike,27.27508544921875,31.328201293945312,29.039382934570312,25.796890258789062,27.132034301757812,-3.24249267578125,0.1430511474609375,,,,13.017654418945312,26.464462280273438,13.446807861328125,14.155503687263183,13.119581761955567,,QuantData term-structure
2026-08-17T16:00:00-04:00,2026-10-16,60,475.0,call,0.5872700801752064,26.273727416992188,480.62,fixed_strike,27.27508544921875,31.328201293945312,29.039382934570312,25.796890258789062,27.132034301757812,-3.24249267578125,0.1430511474609375,,,,13.017654418945312,26.464462280273438,13.446807861328125,14.155503687263183,13.119581761955567,,QuantData term-structure
2026-08-17T16:00:00-04:00,2026-10-16,60,475.0,put,-0.40907315862145754,28.467178344726562,480.62,fixed_strike,27.27508544921875,31.328201293945312,29.039382934570312,25.796890258789062,27.132034301757812,-3.24249267578125,0.1430511474609375,,,,13.017654418945312,26.464462280273438,13.446807861328125,14.155503687263183,13.119581761955567,,QuantData term-structure
2026-08-17T16:00:00-04:00,2026-10-16,60,480.0,call,0.5567144148629213,26.178359985351562,480.62,fixed_strike,27.27508544921875,31.328201293945312,29.039382934570312,25.796890258789062,27.132034301757812,-3.24249267578125,0.1430511474609375,,,,13.017654418945312,26.464462280273438,13.446807861328125,14.155503687263183,13.119581761955567,,QuantData term-structure
2026-08-17T16:00:00-04:00,2026-10-16,60,480.0,put,-0.44407923043625774,28.371810913085938,480.62,fixed_strike,27.27508544921875,31.328201293945312,29.039382934570312,25.796890258789062,27.132034301757812,-3.24249267578125,0.1430511474609375,,,,13.017654418945312,26.464462280273438,13.446807861328125,14.155503687263183,13.119581761955567,,QuantData term-structure
2026-08-17T16:00:00-04:00,2026-10-16,60,485.0,call,0.5144347837100989,25.892257690429688,480.62,fixed_strike,27.27508544921875,31.328201293945312,29.039382934570312,25.796890258789062,27.132034301757812,-3.24249267578125,0.1430511474609375,,,,13.017654418945312,26.464462280273438,13.446807861328125,14.155503687263183,13.119581761955567,,QuantData term-structure
2026-08-17T16:00:00-04:00,2026-10-16,60,485.0,put,-0.4800351717606008,28.371810913085938,480.62,fixed_strike,27.27508544921875,31.328201293945312,29.039382934570312,25.796890258789062,27.132034301757812,-3.24249267578125,0.1430511474609375,,,,13.017654418945312,26.464462280273438,13.446807861328125,14.155503687263183,13.119581761955567,,QuantData term-structure
2026-08-17T16:00:00-04:00,2026-10-16,60,490.0,call,0.47716191166243904,25.987625122070312,480.62,fixed_strike,27.27508544921875,31.328201293945312,29.039382934570312,25.796890258789062,27.132034301757812,-3.24249267578125,0.1430511474609375,,,,13.017654418945312,26.464462280273438,13.446807861328125,14.155503687263183,13.119581761955567,,QuantData term-structure
2026-08-17T16:00:00-04:00,2026-10-16,60,490.0,put,-0.5234394901359776,28.371810913085938,480.62,fixed_strike,27.27508544921875,31.328201293945312,29.039382934570312,25.796890258789062,27.132034301757812,-3.24249267578125,0.1430511474609375,,,,13.017654418945312,26.464462280273438,13.446807861328125,14.155503687263183,13.119581761955567,,QuantData term-structure
2026-08-17T16:00:00-04:00,2026-10-16,60,495.0,call,0.43305590251386067,25.987625122070312,480.62,fixed_strike,27.27508544921875,31.328201293945312,29.039382934570312,25.796890258789062,27.132034301757812,-3.24249267578125,0.1430511474609375,,,,13.017654418945312,26.464462280273438,13.446807861328125,14.155503687263183,13.119581761955567,,QuantData term-structure
2026-08-17T16:00:00-04:00,2026-10-16,60,495.0,put,-0.5510336337866274,28.467178344726562,480.62,fixed_strike,27.27508544921875,31.328201293945312,29.039382934570312,25.796890258789062,27.132034301757812,-3.24249267578125,0.1430511474609375,,,,13.017654418945312,26.464462280273438,13.446807861328125,14.155503687263183,13.119581761955567,,QuantData term-structure
2026-08-17T16:00:00-04:00,2026-10-16,60,500.0,call,0.40228253137498626,25.892257690429688,480.62,fixed_strike,27.27508544921875,31.328201293945312,29.039382934570312,25.796890258789062,27.132034301757812,-3.24249267578125,0.1430511474609375,,,,13.017654418945312,26.464462280273438,13.446807861328125,14.155503687263183,13.119581761955567,,QuantData term-structure
2026-08-17T16:00:00-04:00,2026-10-16,60,500.0,put,-0.586836866807697,28.371810913085938,480.62,fixed_strike,27.27508544921875,31.328201293945312,29.039382934570312,25.796890258789062,27.132034301757812,-3.24249267578125,0.1430511474609375,,,,13.017654418945312,26.464462280273438,13.446807861328125,14.155503687263183,13.119581761955567,,QuantData term-structure
2026-08-17T16:00:00-04:00,2026-10-16,60,505.0,call,0.3663420366841593,26.082992553710938,480.62,fixed_strike,27.27508544921875,31.328201293945312,29.039382934570312,25.796890258789062,27.132034301757812,-3.24249267578125,0.1430511474609375,,,,13.017654418945312,26.464462280273438,13.446807861328125,14.155503687263183,13.119581761955567,,QuantData term-structure
2026-08-17T16:00:00-04:00,2026-10-16,60,505.0,put,-0.6131950970355997,28.657913208007812,480.62,fixed_strike,27.27508544921875,31.328201293945312,29.039382934570312,25.796890258789062,27.132034301757812,-3.24249267578125,0.1430511474609375,,,,13.017654418945312,26.464462280273438,13.446807861328125,14.155503687263183,13.119581761955567,,QuantData term-structure
2026-08-17T16:00:00-04:00,2026-10-16,60,510.0,call,0.3267368896901497,26.082992553710938,480.62,fixed_strike,27.27508544921875,31.328201293945312,29.039382934570312,25.796890258789062,27.132034301757812,-3.24249267578125,0.1430511474609375,,,,13.017654418945312,26.464462280273438,13.446807861328125,14.155503687263183,13.119581761955567,,QuantData term-structure
2026-08-17T16:00:00-04:00,2026-10-16,60,510.0,put,-0.6444069916699161,28.085708618164062,480.62,fixed_strike,27.27508544921875,31.328201293945312,29.039382934570312,25.796890258789062,27.132034301757812,-3.24249267578125,0.1430511474609375,,,,13.017654418945312,26.464462280273438,13.446807861328125,14.155503687263183,13.119581761955567,,QuantData term-structure
2026-08-17T16:00:00-04:00,2026-10-16,60,515.0,call,0.3001400859688017,25.987625122070312,480.62,fixed_strike,27.27508544921875,31.328201293945312,29.039382934570312,25.796890258789062,27.132034301757812,-3.24249267578125,0.1430511474609375,,,,13.017654418945312,26.464462280273438,13.446807861328125,14.155503687263183,13.119581761955567,,QuantData term-structure
2026-08-17T16:00:00-04:00,2026-10-16,60,515.0,put,-0.6882352495996045,29.230117797851562,480.62,fixed_strike,27.27508544921875,31.328201293945312,29.039382934570312,25.796890258789062,27.132034301757812,-3.24249267578125,0.1430511474609375,,,,13.017654418945312,26.464462280273438,13.446807861328125,14.155503687263183,13.119581761955567,,QuantData term-structure
2026-08-17T16:00:00-04:00,2026-10-16,60,520.0,call,0.263902787056002,26.178359985351562,480.62,fixed_strike,27.27508544921875,31.328201293945312,29.039382934570312,25.796890258789062,27.132034301757812,-3.24249267578125,0.1430511474609375,,,,13.017654418945312,26.464462280273438,13.446807861328125,14.155503687263183,13.119581761955567,,QuantData term-structure
2026-08-17T16:00:00-04:00,2026-10-16,60,520.0,put,-0.7052183921161641,29.802322387695312,480.62,fixed_strike,27.27508544921875,31.328201293945312,29.039382934570312,25.796890258789062,27.132034301757812,-3.24249267578125,0.1430511474609375,,,,13.017654418945312,26.464462280273438,13.446807861328125,14.155503687263183,13.119581761955567,,QuantData term-structure
2026-08-17T16:00:00-04:00,2026-10-16,60,525.0,call,0.23844461790255156,25.796890258789062,480.62,fixed_strike,27.27508544921875,31.328201293945312,29.039382934570312,25.796890258789062,27.132034301757812,-3.24249267578125,0.1430511474609375,,,,13.017654418945312,26.464462280273438,13.446807861328125,14.155503687263183,13.119581761955567,,QuantData term-structure
2026-08-17T16:00:00-04:00,2026-10-16,60,530.0,call,0.2150181592283718,26.273727416992188,480.62,fixed_strike,27.27508544921875,31.328201293945312,29.039382934570312,25.796890258789062,27.132034301757812,-3.24249267578125,0.1430511474609375,,,,13.017654418945312,26.464462280273438,13.446807861328125,14.155503687263183,13.119581761955567,,QuantData term-structure
2026-08-17T16:00:00-04:00,2026-10-16,60,530.0,put,-0.7473752870966349,30.660629272460938,480.62,fixed_strike,27.27508544921875,31.328201293945312,29.039382934570312,25.796890258789062,27.132034301757812,-3.24249267578125,0.1430511474609375,,,,13.017654418945312,26.464462280273438,13.446807861328125,14.155503687263183,13.119581761955567,,QuantData term-structure
2026-08-17T16:00:00-04:00,2026-10-16,60,535.0,call,0.18955130379091262,26.464462280273438,480.62,fixed_strike,27.27508544921875,31.328201293945312,29.039382934570312,25.796890258789062,27.132034301757812,-3.24249267578125,0.1430511474609375,,,,13.017654418945312,26.464462280273438,13.446807861328125,14.155503687263183,13.119581761955567,,QuantData term-structure
2026-08-17T16:00:00-04:00,2026-10-16,60,535.0,put,-0.7658643102852678,29.706954956054688,480.62,fixed_strike,27.27508544921875,31.328201293945312,29.039382934570312,25.796890258789062,27.132034301757812,-3.24249267578125,0.1430511474609375,,,,13.017654418945312,26.464462280273438,13.446807861328125,14.155503687263183,13.119581761955567,,QuantData term-structure
2026-08-17T16:00:00-04:00,2026-10-16,60,540.0,call,0.16939961688764088,26.369094848632812,480.62,fixed_strike,27.27508544921875,31.328201293945312,29.039382934570312,25.796890258789062,27.132034301757812,-3.24249267578125,0.1430511474609375,,,,13.017654418945312,26.464462280273438,13.446807861328125,14.155503687263183,13.119581761955567,,QuantData term-structure
2026-08-17T16:00:00-04:00,2026-10-16,60,540.0,put,-0.7867233824230833,31.709671020507812,480.62,fixed_strike,27.27508544921875,31.328201293945312,29.039382934570312,25.796890258789062,27.132034301757812,-3.24249267578125,0.1430511474609375,,,,13.017654418945312,26.464462280273438,13.446807861328125,14.155503687263183,13.119581761955567,,QuantData term-structure
2026-08-17T16:00:00-04:00,2026-10-16,60,545.0,call,0.1447602627526114,26.559829711914062,480.62,fixed_strike,27.27508544921875,31.328201293945312,29.039382934570312,25.796890258789062,27.132034301757812,-3.24249267578125,0.1430511474609375,,,,13.017654418945312,26.464462280273438,13.446807861328125,14.155503687263183,13.119581761955567,,QuantData term-structure
2026-08-17T16:00:00-04:00,2026-10-16,60,545.0,put,-0.7702296181544409,31.423568725585938,480.62,fixed_strike,27.27508544921875,31.328201293945312,29.039382934570312,25.796890258789062,27.132034301757812,-3.24249267578125,0.1430511474609375,,,,13.017654418945312,26.464462280273438,13.446807861328125,14.155503687263183,13.119581761955567,,QuantData term-structure
2026-08-17T16:00:00-04:00,2026-10-16,60,550.0,call,0.13125266379421086,26.559829711914062,480.62,fixed_strike,27.27508544921875,31.328201293945312,29.039382934570312,25.796890258789062,27.132034301757812,-3.24249267578125,0.1430511474609375,,,,13.017654418945312,26.464462280273438,13.446807861328125,14.155503687263183,13.119581761955567,,QuantData term-structure
2026-08-17T16:00:00-04:00,2026-10-16,60,550.0,put,-0.795728942890312,32.75871276855469,480.62,fixed_strike,27.27508544921875,31.328201293945312,29.039382934570312,25.796890258789062,27.132034301757812,-3.24249267578125,0.1430511474609375,,,,13.017654418945312,26.464462280273438,13.446807861328125,14.155503687263183,13.119581761955567,,QuantData term-structure
2026-08-17T16:00:00-04:00,2026-10-16,60,555.0,call,0.11624957834598026,27.036666870117188,480.62,fixed_strike,27.27508544921875,31.328201293945312,29.039382934570312,25.796890258789062,27.132034301757812,-3.24249267578125,0.1430511474609375,,,,13.017654418945312,26.464462280273438,13.446807861328125,14.155503687263183,13.119581761955567,,QuantData term-structure
2026-08-17T16:00:00-04:00,2026-10-16,60,560.0,call,0.10194637995361505,27.132034301757812,480.62,fixed_strike,27.27508544921875,31.328201293945312,29.039382934570312,25.796890258789062,27.132034301757812,-3.24249267578125,0.1430511474609375,,,,13.017654418945312,26.464462280273438,13.446807861328125,14.155503687263183,13.119581761955567,,QuantData term-structure
2026-08-17T16:00:00-04:00,2026-10-16,60,560.0,put,-0.8119907754098656,33.80775451660156,480.62,fixed_strike,27.27508544921875,31.328201293945312,29.039382934570312,25.796890258789062,27.132034301757812,-3.24249267578125,0.1430511474609375,,,,13.017654418945312,26.464462280273438,13.446807861328125,14.155503687263183,13.119581761955567,,QuantData term-structure
2026-08-17T16:00:00-04:00,2026-10-16,60,565.0,call,0.08523632364932265,27.036666870117188,480.62,fixed_strike,27.27508544921875,31.328201293945312,29.039382934570312,25.796890258789062,27.132034301757812,-3.24249267578125,0.1430511474609375,,,,13.017654418945312,26.464462280273438,13.446807861328125,14.155503687263183,13.119581761955567,,QuantData term-structure
2026-08-17T16:00:00-04:00,2026-10-16,60,565.0,put,-0.8196988138289643,34.95216369628906,480.62,fixed_strike,27.27508544921875,31.328201293945312,29.039382934570312,25.796890258789062,27.132034301757812,-3.24249267578125,0.1430511474609375,,,,13.017654418945312,26.464462280273438,13.446807861328125,14.155503687263183,13.119581761955567,,QuantData term-structure
2026-08-17T16:00:00-04:00,2026-10-16,60,570.0,call,0.08160517477087081,27.799606323242188,480.62,fixed_strike,27.27508544921875,31.328201293945312,29.039382934570312,25.796890258789062,27.132034301757812,-3.24249267578125,0.1430511474609375,,,,13.017654418945312,26.464462280273438,13.446807861328125,14.155503687263183,13.119581761955567,,QuantData term-structure
2026-08-17T16:00:00-04:00,2026-10-16,60,570.0,put,-0.8280360492401921,36.00120544433594,480.62,fixed_strike,27.27508544921875,31.328201293945312,29.039382934570312,25.796890258789062,27.132034301757812,-3.24249267578125,0.1430511474609375,,,,13.017654418945312,26.464462280273438,13.446807861328125,14.155503687263183,13.119581761955567,,QuantData term-structure
2026-08-17T16:00:00-04:00,2026-10-16,60,575.0,call,0.06929242312266759,27.799606323242188,480.62,fixed_strike,27.27508544921875,31.328201293945312,29.039382934570312,25.796890258789062,27.132034301757812,-3.24249267578125,0.1430511474609375,,,,13.017654418945312,26.464462280273438,13.446807861328125,14.155503687263183,13.119581761955567,,QuantData term-structure
2026-08-17T16:00:00-04:00,2026-10-16,60,575.0,put,-0.8341203964174807,37.14561462402344,480.62,fixed_strike,27.27508544921875,31.328201293945312,29.039382934570312,25.796890258789062,27.132034301757812,-3.24249267578125,0.1430511474609375,,,,13.017654418945312,26.464462280273438,13.446807861328125,14.155503687263183,13.119581761955567,,QuantData term-structure
2026-08-17T16:00:00-04:00,2026-10-16,60,580.0,call,0.058590800965651335,27.608871459960938,480.62,fixed_strike,27.27508544921875,31.328201293945312,29.039382934570312,25.796890258789062,27.132034301757812,-3.24249267578125,0.1430511474609375,,,,13.017654418945312,26.464462280273438,13.446807861328125,14.155503687263183,13.119581761955567,,QuantData term-structure
2026-08-17T16:00:00-04:00,2026-10-16,60,580.0,put,-0.8446673180290355,37.71781921386719,480.62,fixed_strike,27.27508544921875,31.328201293945312,29.039382934570312,25.796890258789062,27.132034301757812,-3.24249267578125,0.1430511474609375,,,,13.017654418945312,26.464462280273438,13.446807861328125,14.155503687263183,13.119581761955567,,QuantData term-structure
2026-08-17T16:00:00-04:00,2026-10-16,60,585.0,call,0.051443078959527155,27.990341186523438,480.62,fixed_strike,27.27508544921875,31.328201293945312,29.039382934570312,25.796890258789062,27.132034301757812,-3.24249267578125,0.1430511474609375,,,,13.017654418945312,26.464462280273438,13.446807861328125,14.155503687263183,13.119581761955567,,QuantData term-structure
2026-08-17T16:00:00-04:00,2026-10-16,60,585.0,put,-0.8480089234057733,38.95759582519531,480.62,fixed_strike,27.27508544921875,31.328201293945312,29.039382934570312,25.796890258789062,27.132034301757812,-3.24249267578125,0.1430511474609375,,,,13.017654418945312,26.464462280273438,13.446807861328125,14.155503687263183,13.119581761955567,,QuantData term-structure
2026-08-17T16:00:00-04:00,2026-10-16,60,590.0,call,0.04489605986980083,27.799606323242188,480.62,fixed_strike,27.27508544921875,31.328201293945312,29.039382934570312,25.796890258789062,27.132034301757812,-3.24249267578125,0.1430511474609375,,,,13.017654418945312,26.464462280273438,13.446807861328125,14.155503687263183,13.119581761955567,,QuantData term-structure
2026-08-17T16:00:00-04:00,2026-10-16,60,595.0,call,0.038957124894212256,28.085708618164062,480.62,fixed_strike,27.27508544921875,31.328201293945312,29.039382934570312,25.796890258789062,27.132034301757812,-3.24249267578125,0.1430511474609375,,,,13.017654418945312,26.464462280273438,13.446807861328125,14.155503687263183,13.119581761955567,,QuantData term-structure
2026-08-17T16:00:00-04:00,2026-10-16,60,600.0,call,0.033541782780402075,28.181076049804688,480.62,fixed_strike,27.27508544921875,31.328201293945312,29.039382934570312,25.796890258789062,27.132034301757812,-3.24249267578125,0.1430511474609375,,,,13.017654418945312,26.464462280273438,13.446807861328125,14.155503687263183,13.119581761955567,,QuantData term-structure
2026-08-17T16:00:00-04:00,2026-10-16,60,610.0,call,0.027349376283906237,28.848648071289062,480.62,fixed_strike,27.27508544921875,31.328201293945312,29.039382934570312,25.796890258789062,27.132034301757812,-3.24249267578125,0.1430511474609375,,,,13.017654418945312,26.464462280273438,13.446807861328125,14.155503687263183,13.119581761955567,,QuantData term-structure
2026-08-17T16:00:00-04:00,2026-10-16,60,615.0,call,0.024604885853062752,29.325485229492188,480.62,fixed_strike,27.27508544921875,31.328201293945312,29.039382934570312,25.796890258789062,27.132034301757812,-3.24249267578125,0.1430511474609375,,,,13.017654418945312,26.464462280273438,13.446807861328125,14.155503687263183,13.119581761955567,,QuantData term-structure
2026-08-17T16:00:00-04:00,2026-10-16,60,620.0,call,0.021001742160656863,29.039382934570312,480.62,fixed_strike,27.27508544921875,31.328201293945312,29.039382934570312,25.796890258789062,27.132034301757812,-3.24249267578125,0.1430511474609375,,,,13.017654418945312,26.464462280273438,13.446807861328125,14.155503687263183,13.119581761955567,,QuantData term-structure
2026-08-17T16:00:00-04:00,2026-10-16,60,625.0,call,0.01748654387389191,29.325485229492188,480.62,fixed_strike,27.27508544921875,31.328201293945312,29.039382934570312,25.796890258789062,27.132034301757812,-3.24249267578125,0.1430511474609375,,,,13.017654418945312,26.464462280273438,13.446807861328125,14.155503687263183,13.119581761955567,,QuantData term-structure
2026-08-17T16:00:00-04:00,2026-10-16,60,630.0,call,0.016671657243026425,29.706954956054688,480.62,fixed_strike,27.27508544921875,31.328201293945312,29.039382934570312,25.796890258789062,27.132034301757812,-3.24249267578125,0.1430511474609375,,,,13.017654418945312,26.464462280273438,13.446807861328125,14.155503687263183,13.119581761955567,,QuantData term-structure
2026-08-17T16:00:00-04:00,2026-10-16,60,635.0,call,0.015270548291764694,29.993057250976562,480.62,fixed_strike,27.27508544921875,31.328201293945312,29.039382934570312,25.796890258789062,27.132034301757812,-3.24249267578125,0.1430511474609375,,,,13.017654418945312,26.464462280273438,13.446807861328125,14.155503687263183,13.119581761955567,,QuantData term-structure
2026-08-17T16:00:00-04:00,2026-10-16,60,640.0,call,0.012798030546145643,29.897689819335938,480.62,fixed_strike,27.27508544921875,31.328201293945312,29.039382934570312,25.796890258789062,27.132034301757812,-3.24249267578125,0.1430511474609375,,,,13.017654418945312,26.464462280273438,13.446807861328125,14.155503687263183,13.119581761955567,,QuantData term-structure
2026-08-17T16:00:00-04:00,2026-10-16,60,645.0,call,0.01159982435053248,30.660629272460938,480.62,fixed_strike,27.27508544921875,31.328201293945312,29.039382934570312,25.796890258789062,27.132034301757812,-3.24249267578125,0.1430511474609375,,,,13.017654418945312,26.464462280273438,13.446807861328125,14.155503687263183,13.119581761955567,,QuantData term-structure
2026-08-17T16:00:00-04:00,2026-10-16,60,650.0,call,0.010361998625019919,30.565261840820312,480.62,fixed_strike,27.27508544921875,31.328201293945312,29.039382934570312,25.796890258789062,27.132034301757812,-3.24249267578125,0.1430511474609375,,,,13.017654418945312,26.464462280273438,13.446807861328125,14.155503687263183,13.119581761955567,,QuantData term-structure
2026-08-17T16:00:00-04:00,2026-10-16,60,655.0,call,0.006992883261051881,27.513504028320312,480.62,fixed_strike,27.27508544921875,31.328201293945312,29.039382934570312,25.796890258789062,27.132034301757812,-3.24249267578125,0.1430511474609375,,,,13.017654418945312,26.464462280273438,13.446807861328125,14.155503687263183,13.119581761955567,,QuantData term-structure
2026-08-17T16:00:00-04:00,2026-10-16,60,660.0,call,0.009068749455757235,31.232833862304688,480.62,fixed_strike,27.27508544921875,31.328201293945312,29.039382934570312,25.796890258789062,27.132034301757812,-3.24249267578125,0.1430511474609375,,,,13.017654418945312,26.464462280273438,13.446807861328125,14.155503687263183,13.119581761955567,,QuantData term-structure
2026-08-17T16:00:00-04:00,2026-10-16,60,665.0,call,0.006901571059105398,30.946731567382812,480.62,fixed_strike,27.27508544921875,31.328201293945312,29.039382934570312,25.796890258789062,27.132034301757812,-3.24249267578125,0.1430511474609375,,,,13.017654418945312,26.464462280273438,13.446807861328125,14.155503687263183,13.119581761955567,,QuantData term-structure
2026-08-17T16:00:00-04:00,2026-10-16,60,670.0,call,0.004738767534312031,28.467178344726562,480.62,fixed_strike,27.27508544921875,31.328201293945312,29.039382934570312,25.796890258789062,27.132034301757812,-3.24249267578125,0.1430511474609375,,,,13.017654418945312,26.464462280273438,13.446807861328125,14.155503687263183,13.119581761955567,,QuantData term-structure
2026-08-17T16:00:00-04:00,2026-10-16,60,675.0,call,0.005508512077395411,29.516220092773438,480.62,fixed_strike,27.27508544921875,31.328201293945312,29.039382934570312,25.796890258789062,27.132034301757812,-3.24249267578125,0.1430511474609375,,,,13.017654418945312,26.464462280273438,13.446807861328125,14.155503687263183,13.119581761955567,,QuantData term-structure
2026-08-17T16:00:00-04:00,2026-10-16,60,680.0,call,0.004871671572557159,31.518936157226562,480.62,fixed_strike,27.27508544921875,31.328201293945312,29.039382934570312,25.796890258789062,27.132034301757812,-3.24249267578125,0.1430511474609375,,,,13.017654418945312,26.464462280273438,13.446807861328125,14.155503687263183,13.119581761955567,,QuantData term-structure
2026-08-17T16:00:00-04:00,2026-11-20,95,200.0,put,-0.0012741181572380037,61.55967712402344,480.62,fixed_strike,30.994415283203125,35.71510314941406,33.33091735839844,29.706954956054688,29.993057250976562,-3.62396240234375,0.5245208740234375,,,,13.017654418945312,26.464462280273438,13.446807861328125,14.155503687263183,16.83891159593994,,QuantData term-structure
2026-08-17T16:00:00-04:00,2026-11-20,95,210.0,put,-0.001336837506799217,58.31718444824219,480.62,fixed_strike,30.994415283203125,35.71510314941406,33.33091735839844,29.706954956054688,29.993057250976562,-3.62396240234375,0.5245208740234375,,,,13.017654418945312,26.464462280273438,13.446807861328125,14.155503687263183,16.83891159593994,,QuantData term-structure
2026-08-17T16:00:00-04:00,2026-11-20,95,215.0,put,-0.001343738035605497,57.55424499511719,480.62,fixed_strike,30.994415283203125,35.71510314941406,33.33091735839844,29.706954956054688,29.993057250976562,-3.62396240234375,0.5245208740234375,,,,13.017654418945312,26.464462280273438,13.446807861328125,14.155503687263183,16.83891159593994,,QuantData term-structure
2026-08-17T16:00:00-04:00,2026-11-20,95,220.0,put,-0.001625059919549113,56.02836608886719,480.62,fixed_strike,30.994415283203125,35.71510314941406,33.33091735839844,29.706954956054688,29.993057250976562,-3.62396240234375,0.5245208740234375,,,,13.017654418945312,26.464462280273438,13.446807861328125,14.155503687263183,16.83891159593994,,QuantData term-structure
2026-08-17T16:00:00-04:00,2026-11-20,95,225.0,put,-0.003806268747747896,60.51063537597656,480.62,fixed_strike,30.994415283203125,35.71510314941406,33.33091735839844,29.706954956054688,29.993057250976562,-3.62396240234375,0.5245208740234375,,,,13.017654418945312,26.464462280273438,13.446807861328125,14.155503687263183,16.83891159593994,,QuantData term-structure
2026-08-17T16:00:00-04:00,2026-11-20,95,230.0,put,-0.0019076756250347563,53.73954772949219,480.62,fixed_strike,30.994415283203125,35.71510314941406,33.33091735839844,29.706954956054688,29.993057250976562,-3.62396240234375,0.5245208740234375,,,,13.017654418945312,26.464462280273438,13.446807861328125,14.155503687263183,16.83891159593994,,QuantData term-structure
2026-08-17T16:00:00-04:00,2026-11-20,95,250.0,call,1.0,0.0476837158203125,480.62,fixed_strike,30.994415283203125,35.71510314941406,33.33091735839844,29.706954956054688,29.993057250976562,-3.62396240234375,0.5245208740234375,,,,13.017654418945312,26.464462280273438,13.446807861328125,14.155503687263183,16.83891159593994,,QuantData term-structure
2026-08-17T16:00:00-04:00,2026-11-20,95,260.0,put,-0.0037928205396713668,48.20823669433594,480.62,fixed_strike,30.994415283203125,35.71510314941406,33.33091735839844,29.706954956054688,29.993057250976562,-3.62396240234375,0.5245208740234375,,,,13.017654418945312,26.464462280273438,13.446807861328125,14.155503687263183,16.83891159593994,,QuantData term-structure
2026-08-17T16:00:00-04:00,2026-11-20,95,265.0,put,-0.004727353814996276,48.20823669433594,480.62,fixed_strike,30.994415283203125,35.71510314941406,33.33091735839844,29.706954956054688,29.993057250976562,-3.62396240234375,0.5245208740234375,,,,13.017654418945312,26.464462280273438,13.446807861328125,14.155503687263183,16.83891159593994,,QuantData term-structure
2026-08-17T16:00:00-04:00,2026-11-20,95,270.0,put,-0.007003140526409696,49.44801330566406,480.62,fixed_strike,30.994415283203125,35.71510314941406,33.33091735839844,29.706954956054688,29.993057250976562,-3.62396240234375,0.5245208740234375,,,,13.017654418945312,26.464462280273438,13.446807861328125,14.155503687263183,16.83891159593994,,QuantData term-structure
2026-08-17T16:00:00-04:00,2026-11-20,95,280.0,call,1.0,0.0476837158203125,480.62,fixed_strike,30.994415283203125,35.71510314941406,33.33091735839844,29.706954956054688,29.993057250976562,-3.62396240234375,0.5245208740234375,,,,13.017654418945312,26.464462280273438,13.446807861328125,14.155503687263183,16.83891159593994,,QuantData term-structure
2026-08-17T16:00:00-04:00,2026-11-20,95,285.0,put,-0.008999234255914016,46.58699035644531,480.62,fixed_strike,30.994415283203125,35.71510314941406,33.33091735839844,29.706954956054688,29.993057250976562,-3.62396240234375,0.5245208740234375,,,,13.017654418945312,26.464462280273438,13.446807861328125,14.155503687263183,16.83891159593994,,QuantData term-structure
2026-08-17T16:00:00-04:00,2026-11-20,95,290.0,put,-0.007206086653799824,43.43986511230469,480.62,fixed_strike,30.994415283203125,35.71510314941406,33.33091735839844,29.706954956054688,29.993057250976562,-3.62396240234375,0.5245208740234375,,,,13.017654418945312,26.464462280273438,13.446807861328125,14.155503687263183,16.83891159593994,,QuantData term-structure
2026-08-17T16:00:00-04:00,2026-11-20,95,295.0,put,-0.008581772056686096,44.01206970214844,480.62,fixed_strike,30.994415283203125,35.71510314941406,33.33091735839844,29.706954956054688,29.993057250976562,-3.62396240234375,0.5245208740234375,,,,13.017654418945312,26.464462280273438,13.446807861328125,14.155503687263183,16.83891159593994,,QuantData term-structure
2026-08-17T16:00:00-04:00,2026-11-20,95,300.0,call,1.0,0.0476837158203125,480.62,fixed_strike,30.994415283203125,35.71510314941406,33.33091735839844,29.706954956054688,29.993057250976562,-3.62396240234375,0.5245208740234375,,,,13.017654418945312,26.464462280273438,13.446807861328125,14.155503687263183,16.83891159593994,,QuantData term-structure
2026-08-17T16:00:00-04:00,2026-11-20,95,300.0,put,-0.011665523269069163,44.01206970214844,480.62,fixed_strike,30.994415283203125,35.71510314941406,33.33091735839844,29.706954956054688,29.993057250976562,-3.62396240234375,0.5245208740234375,,,,13.017654418945312,26.464462280273438,13.446807861328125,14.155503687263183,16.83891159593994,,QuantData term-structure
2026-08-17T16:00:00-04:00,2026-11-20,95,310.0,put,-0.014390203944043717,42.20008850097656,480.62,fixed_strike,30.994415283203125,35.71510314941406,33.33091735839844,29.706954956054688,29.993057250976562,-3.62396240234375,0.5245208740234375,,,,13.017654418945312,26.464462280273438,13.446807861328125,14.155503687263183,16.83891159593994,,QuantData term-structure
2026-08-17T16:00:00-04:00,2026-11-20,95,320.0,put,-0.018761312310826003,41.53251647949219,480.62,fixed_strike,30.994415283203125,35.71510314941406,33.33091735839844,29.706954956054688,29.993057250976562,-3.62396240234375,0.5245208740234375,,,,13.017654418945312,26.464462280273438,13.446807861328125,14.155503687263183,16.83891159593994,,QuantData term-structure
2026-08-17T16:00:00-04:00,2026-11-20,95,335.0,put,-0.022491148761083463,39.33906555175781,480.62,fixed_strike,30.994415283203125,35.71510314941406,33.33091735839844,29.706954956054688,29.993057250976562,-3.62396240234375,0.5245208740234375,,,,13.017654418945312,26.464462280273438,13.446807861328125,14.155503687263183,16.83891159593994,,QuantData term-structure
2026-08-17T16:00:00-04:00,2026-11-20,95,340.0,call,1.0,0.0476837158203125,480.62,fixed_strike,30.994415283203125,35.71510314941406,33.33091735839844,29.706954956054688,29.993057250976562,-3.62396240234375,0.5245208740234375,,,,13.017654418945312,26.464462280273438,13.446807861328125,14.155503687263183,16.83891159593994,,QuantData term-structure
2026-08-17T16:00:00-04:00,2026-11-20,95,340.0,put,-0.03055494296549443,39.62516784667969,480.62,fixed_strike,30.994415283203125,35.71510314941406,33.33091735839844,29.706954956054688,29.993057250976562,-3.62396240234375,0.5245208740234375,,,,13.017654418945312,26.464462280273438,13.446807861328125,14.155503687263183,16.83891159593994,,QuantData term-structure
2026-08-17T16:00:00-04:00,2026-11-20,95,345.0,put,-0.03387143542188361,38.86222839355469,480.62,fixed_strike,30.994415283203125,35.71510314941406,33.33091735839844,29.706954956054688,29.993057250976562,-3.62396240234375,0.5245208740234375,,,,13.017654418945312,26.464462280273438,13.446807861328125,14.155503687263183,16.83891159593994,,QuantData term-structure
2026-08-17T16:00:00-04:00,2026-11-20,95,350.0,call,1.0,0.0476837158203125,480.62,fixed_strike,30.994415283203125,35.71510314941406,33.33091735839844,29.706954956054688,29.993057250976562,-3.62396240234375,0.5245208740234375,,,,13.017654418945312,26.464462280273438,13.446807861328125,14.155503687263183,16.83891159593994,,QuantData term-structure
2026-08-17T16:00:00-04:00,2026-11-20,95,350.0,put,-0.03834636524619831,38.57612609863281,480.62,fixed_strike,30.994415283203125,35.71510314941406,33.33091735839844,29.706954956054688,29.993057250976562,-3.62396240234375,0.5245208740234375,,,,13.017654418945312,26.464462280273438,13.446807861328125,14.155503687263183,16.83891159593994,,QuantData term-structure
2026-08-17T16:00:00-04:00,2026-11-20,95,355.0,put,-0.0435898960010202,38.19465637207031,480.62,fixed_strike,30.994415283203125,35.71510314941406,33.33091735839844,29.706954956054688,29.993057250976562,-3.62396240234375,0.5245208740234375,,,,13.017654418945312,26.464462280273438,13.446807861328125,14.155503687263183,16.83891159593994,,QuantData term-structure
2026-08-17T16:00:00-04:00,2026-11-20,95,360.0,call,0.9960044103214265,22.840499877929688,480.62,fixed_strike,30.994415283203125,35.71510314941406,33.33091735839844,29.706954956054688,29.993057250976562,-3.62396240234375,0.5245208740234375,,,,13.017654418945312,26.464462280273438,13.446807861328125,14.155503687263183,16.83891159593994,,QuantData term-structure
2026-08-17T16:00:00-04:00,2026-11-20,95,360.0,put,-0.04875074833797888,37.81318664550781,480.62,fixed_strike,30.994415283203125,35.71510314941406,33.33091735839844,29.706954956054688,29.993057250976562,-3.62396240234375,0.5245208740234375,,,,13.017654418945312,26.464462280273438,13.446807861328125,14.155503687263183,16.83891159593994,,QuantData term-structure
2026-08-17T16:00:00-04:00,2026-11-20,95,365.0,call,0.9663222312000254,32.09114074707031,480.62,fixed_strike,30.994415283203125,35.71510314941406,33.33091735839844,29.706954956054688,29.993057250976562,-3.62396240234375,0.5245208740234375,,,,13.017654418945312,26.464462280273438,13.446807861328125,14.155503687263183,16.83891159593994,,QuantData term-structure
2026-08-17T16:00:00-04:00,2026-11-20,95,365.0,put,-0.05406923396828417,37.05024719238281,480.62,fixed_strike,30.994415283203125,35.71510314941406,33.33091735839844,29.706954956054688,29.993057250976562,-3.62396240234375,0.5245208740234375,,,,13.017654418945312,26.464462280273438,13.446807861328125,14.155503687263183,16.83891159593994,,QuantData term-structure
2026-08-17T16:00:00-04:00,2026-11-20,95,370.0,call,0.9728043380478832,29.230117797851562,480.62,fixed_strike,30.994415283203125,35.71510314941406,33.33091735839844,29.706954956054688,29.993057250976562,-3.62396240234375,0.5245208740234375,,,,13.017654418945312,26.464462280273438,13.446807861328125,14.155503687263183,16.83891159593994,,QuantData term-structure
2026-08-17T16:00:00-04:00,2026-11-20,95,370.0,put,-0.061097869022373574,36.76414489746094,480.62,fixed_strike,30.994415283203125,35.71510314941406,33.33091735839844,29.706954956054688,29.993057250976562,-3.62396240234375,0.5245208740234375,,,,13.017654418945312,26.464462280273438,13.446807861328125,14.155503687263183,16.83891159593994,,QuantData term-structure
2026-08-17T16:00:00-04:00,2026-11-20,95,375.0,put,-0.0676415992387816,36.38267517089844,480.62,fixed_strike,30.994415283203125,35.71510314941406,33.33091735839844,29.706954956054688,29.993057250976562,-3.62396240234375,0.5245208740234375,,,,13.017654418945312,26.464462280273438,13.446807861328125,14.155503687263183,16.83891159593994,,QuantData term-structure
2026-08-17T16:00:00-04:00,2026-11-20,95,380.0,call,0.9712259054475216,26.178359985351562,480.62,fixed_strike,30.994415283203125,35.71510314941406,33.33091735839844,29.706954956054688,29.993057250976562,-3.62396240234375,0.5245208740234375,,,,13.017654418945312,26.464462280273438,13.446807861328125,14.155503687263183,16.83891159593994,,QuantData term-structure
2026-08-17T16:00:00-04:00,2026-11-20,95,380.0,put,-0.07581031223318763,36.09657287597656,480.62,fixed_strike,30.994415283203125,35.71510314941406,33.33091735839844,29.706954956054688,29.993057250976562,-3.62396240234375,0.5245208740234375,,,,13.017654418945312,26.464462280273438,13.446807861328125,14.155503687263183,16.83891159593994,,QuantData term-structure
2026-08-17T16:00:00-04:00,2026-11-20,95,385.0,call,0.951407691377669,30.088424682617188,480.62,fixed_strike,30.994415283203125,35.71510314941406,33.33091735839844,29.706954956054688,29.993057250976562,-3.62396240234375,0.5245208740234375,,,,13.017654418945312,26.464462280273438,13.446807861328125,14.155503687263183,16.83891159593994,,QuantData term-structure
2026-08-17T16:00:00-04:00,2026-11-20,95,385.0,put,-0.08266399939994429,35.81047058105469,480.62,fixed_strike,30.994415283203125,35.71510314941406,33.33091735839844,29.706954956054688,29.993057250976562,-3.62396240234375,0.5245208740234375,,,,13.017654418945312,26.464462280273438,13.446807861328125,14.155503687263183,16.83891159593994,,QuantData term-structure
2026-08-17T16:00:00-04:00,2026-11-20,95,390.0,call,0.9315079207741113,30.851364135742188,480.62,fixed_strike,30.994415283203125,35.71510314941406,33.33091735839844,29.706954956054688,29.993057250976562,-3.62396240234375,0.5245208740234375,,,,13.017654418945312,26.464462280273438,13.446807861328125,14.155503687263183,16.83891159593994,,QuantData term-structure
2026-08-17T16:00:00-04:00,2026-11-20,95,390.0,put,-0.09767933168840343,35.71510314941406,480.62,fixed_strike,30.994415283203125,35.71510314941406,33.33091735839844,29.706954956054688,29.993057250976562,-3.62396240234375,0.5245208740234375,,,,13.017654418945312,26.464462280273438,13.446807861328125,14.155503687263183,16.83891159593994,,QuantData term-structure
2026-08-17T16:00:00-04:00,2026-11-20,95,395.0,call,0.9356465432047371,28.085708618164062,480.62,fixed_strike,30.994415283203125,35.71510314941406,33.33091735839844,29.706954956054688,29.993057250976562,-3.62396240234375,0.5245208740234375,,,,13.017654418945312,26.464462280273438,13.446807861328125,14.155503687263183,16.83891159593994,,QuantData term-structure
2026-08-17T16:00:00-04:00,2026-11-20,95,395.0,put,-0.10916878664523033,35.71510314941406,480.62,fixed_strike,30.994415283203125,35.71510314941406,33.33091735839844,29.706954956054688,29.993057250976562,-3.62396240234375,0.5245208740234375,,,,13.017654418945312,26.464462280273438,13.446807861328125,14.155503687263183,16.83891159593994,,QuantData term-structure
2026-08-17T16:00:00-04:00,2026-11-20,95,400.0,call,0.9047453047362322,31.232833862304688,480.62,fixed_strike,30.994415283203125,35.71510314941406,33.33091735839844,29.706954956054688,29.993057250976562,-3.62396240234375,0.5245208740234375,,,,13.017654418945312,26.464462280273438,13.446807861328125,14.155503687263183,16.83891159593994,,QuantData term-structure
2026-08-17T16:00:00-04:00,2026-11-20,95,400.0,put,-0.11965559825255684,35.42900085449219,480.62,fixed_strike,30.994415283203125,35.71510314941406,33.33091735839844,29.706954956054688,29.993057250976562,-3.62396240234375,0.5245208740234375,,,,13.017654418945312,26.464462280273438,13.446807861328125,14.155503687263183,16.83891159593994,,QuantData term-structure
2026-08-17T16:00:00-04:00,2026-11-20,95,405.0,call,0.8859688702172713,31.900405883789062,480.62,fixed_strike,30.994415283203125,35.71510314941406,33.33091735839844,29.706954956054688,29.993057250976562,-3.62396240234375,0.5245208740234375,,,,13.017654418945312,26.464462280273438,13.446807861328125,14.155503687263183,16.83891159593994,,QuantData term-structure
2026-08-17T16:00:00-04:00,2026-11-20,95,405.0,put,-0.12852476262323226,34.76142883300781,480.62,fixed_strike,30.994415283203125,35.71510314941406,33.33091735839844,29.706954956054688,29.993057250976562,-3.62396240234375,0.5245208740234375,,,,13.017654418945312,26.464462280273438,13.446807861328125,14.155503687263183,16.83891159593994,,QuantData term-structure
2026-08-17T16:00:00-04:00,2026-11-20,95,410.0,call,0.8720303764991881,31.614303588867188,480.62,fixed_strike,30.994415283203125,35.71510314941406,33.33091735839844,29.706954956054688,29.993057250976562,-3.62396240234375,0.5245208740234375,,,,13.017654418945312,26.464462280273438,13.446807861328125,14.155503687263183,16.83891159593994,,QuantData term-structure
2026-08-17T16:00:00-04:00,2026-11-20,95,410.0,put,-0.1468730673911438,34.76142883300781,480.62,fixed_strike,30.994415283203125,35.71510314941406,33.33091735839844,29.706954956054688,29.993057250976562,-3.62396240234375,0.5245208740234375,,,,13.017654418945312,26.464462280273438,13.446807861328125,14.155503687263183,16.83891159593994,,QuantData term-structure
2026-08-17T16:00:00-04:00,2026-11-20,95,415.0,call,0.8708840240023252,30.469894409179688,480.62,fixed_strike,30.994415283203125,35.71510314941406,33.33091735839844,29.706954956054688,29.993057250976562,-3.62396240234375,0.5245208740234375,,,,13.017654418945312,26.464462280273438,13.446807861328125,14.155503687263183,16.83891159593994,,QuantData term-structure
2026-08-17T16:00:00-04:00,2026-11-20,95,415.0,put,-0.15930570109529518,34.57069396972656,480.62,fixed_strike,30.994415283203125,35.71510314941406,33.33091735839844,29.706954956054688,29.993057250976562,-3.62396240234375,0.5245208740234375,,,,13.017654418945312,26.464462280273438,13.446807861328125,14.155503687263183,16.83891159593994,,QuantData term-structure
2026-08-17T16:00:00-04:00,2026-11-20,95,420.0,call,0.8449537791461035,30.851364135742188,480.62,fixed_strike,30.994415283203125,35.71510314941406,33.33091735839844,29.706954956054688,29.993057250976562,-3.62396240234375,0.5245208740234375,,,,13.017654418945312,26.464462280273438,13.446807861328125,14.155503687263183,16.83891159593994,,QuantData term-structure
2026-08-17T16:00:00-04:00,2026-11-20,95,420.0,put,-0.1770359173668417,34.37995910644531,480.62,fixed_strike,30.994415283203125,35.71510314941406,33.33091735839844,29.706954956054688,29.993057250976562,-3.62396240234375,0.5245208740234375,,,,13.017654418945312,26.464462280273438,13.446807861328125,14.155503687263183,16.83891159593994,,QuantData term-structure
2026-08-17T16:00:00-04:00,2026-11-20,95,425.0,call,0.8225970358268957,31.137466430664062,480.62,fixed_strike,30.994415283203125,35.71510314941406,33.33091735839844,29.706954956054688,29.993057250976562,-3.62396240234375,0.5245208740234375,,,,13.017654418945312,26.464462280273438,13.446807861328125,14.155503687263183,16.83891159593994,,QuantData term-structure
2026-08-17T16:00:00-04:00,2026-11-20,95,425.0,put,-0.19232043878017202,33.90312194824219,480.62,fixed_strike,30.994415283203125,35.71510314941406,33.33091735839844,29.706954956054688,29.993057250976562,-3.62396240234375,0.5245208740234375,,,,13.017654418945312,26.464462280273438,13.446807861328125,14.155503687263183,16.83891159593994,,QuantData term-structure
2026-08-17T16:00:00-04:00,2026-11-20,95,430.0,call,0.8082277972271421,30.660629272460938,480.62,fixed_strike,30.994415283203125,35.71510314941406,33.33091735839844,29.706954956054688,29.993057250976562,-3.62396240234375,0.5245208740234375,,,,13.017654418945312,26.464462280273438,13.446807861328125,14.155503687263183,16.83891159593994,,QuantData term-structure
2026-08-17T16:00:00-04:00,2026-11-20,95,430.0,put,-0.21057853692171552,33.61701965332031,480.62,fixed_strike,30.994415283203125,35.71510314941406,33.33091735839844,29.706954956054688,29.993057250976562,-3.62396240234375,0.5245208740234375,,,,13.017654418945312,26.464462280273438,13.446807861328125,14.155503687263183,16.83891159593994,,QuantData term-structure
2026-08-17T16:00:00-04:00,2026-11-20,95,435.0,call,0.7867032865941117,30.469894409179688,480.62,fixed_strike,30.994415283203125,35.71510314941406,33.33091735839844,29.706954956054688,29.993057250976562,-3.62396240234375,0.5245208740234375,,,,13.017654418945312,26.464462280273438,13.446807861328125,14.155503687263183,16.83891159593994,,QuantData term-structure
2026-08-17T16:00:00-04:00,2026-11-20,95,435.0,put,-0.23183764871653817,33.61701965332031,480.62,fixed_strike,30.994415283203125,35.71510314941406,33.33091735839844,29.706954956054688,29.993057250976562,-3.62396240234375,0.5245208740234375,,,,13.017654418945312,26.464462280273438,13.446807861328125,14.155503687263183,16.83891159593994,,QuantData term-structure
2026-08-17T16:00:00-04:00,2026-11-20,95,440.0,call,0.7654695766961934,30.088424682617188,480.62,fixed_strike,30.994415283203125,35.71510314941406,33.33091735839844,29.706954956054688,29.993057250976562,-3.62396240234375,0.5245208740234375,,,,13.017654418945312,26.464462280273438,13.446807861328125,14.155503687263183,16.83891159593994,,QuantData term-structure
2026-08-17T16:00:00-04:00,2026-11-20,95,440.0,put,-0.2485988464908242,33.33091735839844,480.62,fixed_strike,30.994415283203125,35.71510314941406,33.33091735839844,29.706954956054688,29.993057250976562,-3.62396240234375,0.5245208740234375,,,,13.017654418945312,26.464462280273438,13.446807861328125,14.155503687263183,16.83891159593994,,QuantData term-structure
2026-08-17T16:00:00-04:00,2026-11-20,95,445.0,call,0.7391530300950003,30.469894409179688,480.62,fixed_strike,30.994415283203125,35.71510314941406,33.33091735839844,29.706954956054688,29.993057250976562,-3.62396240234375,0.5245208740234375,,,,13.017654418945312,26.464462280273438,13.446807861328125,14.155503687263183,16.83891159593994,,QuantData term-structure
2026-08-17T16:00:00-04:00,2026-11-20,95,445.0,put,-0.27019276422899363,33.14018249511719,480.62,fixed_strike,30.994415283203125,35.71510314941406,33.33091735839844,29.706954956054688,29.993057250976562,-3.62396240234375,0.5245208740234375,,,,13.017654418945312,26.464462280273438,13.446807861328125,14.155503687263183,16.83891159593994,,QuantData term-structure
2026-08-17T16:00:00-04:00,2026-11-20,95,450.0,call,0.7237962988264872,30.279159545898438,480.62,fixed_strike,30.994415283203125,35.71510314941406,33.33091735839844,29.706954956054688,29.993057250976562,-3.62396240234375,0.5245208740234375,,,,13.017654418945312,26.464462280273438,13.446807861328125,14.155503687263183,16.83891159593994,,QuantData term-structure
2026-08-17T16:00:00-04:00,2026-11-20,95,450.0,put,-0.29553109619315837,33.04481506347656,480.62,fixed_strike,30.994415283203125,35.71510314941406,33.33091735839844,29.706954956054688,29.993057250976562,-3.62396240234375,0.5245208740234375,,,,13.017654418945312,26.464462280273438,13.446807861328125,14.155503687263183,16.83891159593994,,QuantData term-structure
2026-08-17T16:00:00-04:00,2026-11-20,95,455.0,call,0.690062287888749,30.183792114257812,480.62,fixed_strike,30.994415283203125,35.71510314941406,33.33091735839844,29.706954956054688,29.993057250976562,-3.62396240234375,0.5245208740234375,,,,13.017654418945312,26.464462280273438,13.446807861328125,14.155503687263183,16.83891159593994,,QuantData term-structure
2026-08-17T16:00:00-04:00,2026-11-20,95,455.0,put,-0.31555020865862643,33.33091735839844,480.62,fixed_strike,30.994415283203125,35.71510314941406,33.33091735839844,29.706954956054688,29.993057250976562,-3.62396240234375,0.5245208740234375,,,,13.017654418945312,26.464462280273438,13.446807861328125,14.155503687263183,16.83891159593994,,QuantData term-structure
2026-08-17T16:00:00-04:00,2026-11-20,95,460.0,call,0.6667825423766702,30.469894409179688,480.62,fixed_strike,30.994415283203125,35.71510314941406,33.33091735839844,29.706954956054688,29.993057250976562,-3.62396240234375,0.5245208740234375,,,,13.017654418945312,26.464462280273438,13.446807861328125,14.155503687263183,16.83891159593994,,QuantData term-structure
2026-08-17T16:00:00-04:00,2026-11-20,95,460.0,put,-0.33640559481133825,32.75871276855469,480.62,fixed_strike,30.994415283203125,35.71510314941406,33.33091735839844,29.706954956054688,29.993057250976562,-3.62396240234375,0.5245208740234375,,,,13.017654418945312,26.464462280273438,13.446807861328125,14.155503687263183,16.83891159593994,,QuantData term-structure
2026-08-17T16:00:00-04:00,2026-11-20,95,465.0,call,0.6477306736115285,30.279159545898438,480.62,fixed_strike,30.994415283203125,35.71510314941406,33.33091735839844,29.706954956054688,29.993057250976562,-3.62396240234375,0.5245208740234375,,,,13.017654418945312,26.464462280273438,13.446807861328125,14.155503687263183,16.83891159593994,,QuantData term-structure
2026-08-17T16:00:00-04:00,2026-11-20,95,465.0,put,-0.3613534062434396,33.04481506347656,480.62,fixed_strike,30.994415283203125,35.71510314941406,33.33091735839844,29.706954956054688,29.993057250976562,-3.62396240234375,0.5245208740234375,,,,13.017654418945312,26.464462280273438,13.446807861328125,14.155503687263183,16.83891159593994,,QuantData term-structure
2026-08-17T16:00:00-04:00,2026-11-20,95,470.0,call,0.614122603720481,29.993057250976562,480.62,fixed_strike,30.994415283203125,35.71510314941406,33.33091735839844,29.706954956054688,29.993057250976562,-3.62396240234375,0.5245208740234375,,,,13.017654418945312,26.464462280273438,13.446807861328125,14.155503687263183,16.83891159593994,,QuantData term-structure
2026-08-17T16:00:00-04:00,2026-11-20,95,470.0,put,-0.38578074066486295,32.75871276855469,480.62,fixed_strike,30.994415283203125,35.71510314941406,33.33091735839844,29.706954956054688,29.993057250976562,-3.62396240234375,0.5245208740234375,,,,13.017654418945312,26.464462280273438,13.446807861328125,14.155503687263183,16.83891159593994,,QuantData term-structure
2026-08-17T16:00:00-04:00,2026-11-20,95,475.0,call,0.5899607074934192,29.993057250976562,480.62,fixed_strike,30.994415283203125,35.71510314941406,33.33091735839844,29.706954956054688,29.993057250976562,-3.62396240234375,0.5245208740234375,,,,13.017654418945312,26.464462280273438,13.446807861328125,14.155503687263183,16.83891159593994,,QuantData term-structure
2026-08-17T16:00:00-04:00,2026-11-20,95,475.0,put,-0.4086819049500422,32.37724304199219,480.62,fixed_strike,30.994415283203125,35.71510314941406,33.33091735839844,29.706954956054688,29.993057250976562,-3.62396240234375,0.5245208740234375,,,,13.017654418945312,26.464462280273438,13.446807861328125,14.155503687263183,16.83891159593994,,QuantData term-structure
2026-08-17T16:00:00-04:00,2026-11-20,95,480.0,call,0.5627114350432972,29.611587524414062,480.62,fixed_strike,30.994415283203125,35.71510314941406,33.33091735839844,29.706954956054688,29.993057250976562,-3.62396240234375,0.5245208740234375,,,,13.017654418945312,26.464462280273438,13.446807861328125,14.155503687263183,16.83891159593994,,QuantData term-structure
2026-08-17T16:00:00-04:00,2026-11-20,95,480.0,put,-0.43389723668076,32.37724304199219,480.62,fixed_strike,30.994415283203125,35.71510314941406,33.33091735839844,29.706954956054688,29.993057250976562,-3.62396240234375,0.5245208740234375,,,,13.017654418945312,26.464462280273438,13.446807861328125,14.155503687263183,16.83891159593994,,QuantData term-structure
2026-08-17T16:00:00-04:00,2026-11-20,95,485.0,call,0.5401635794125401,29.802322387695312,480.62,fixed_strike,30.994415283203125,35.71510314941406,33.33091735839844,29.706954956054688,29.993057250976562,-3.62396240234375,0.5245208740234375,,,,13.017654418945312,26.464462280273438,13.446807861328125,14.155503687263183,16.83891159593994,,QuantData term-structure
2026-08-17T16:00:00-04:00,2026-11-20,95,485.0,put,-0.45334116718210515,32.66334533691406,480.62,fixed_strike,30.994415283203125,35.71510314941406,33.33091735839844,29.706954956054688,29.993057250976562,-3.62396240234375,0.5245208740234375,,,,13.017654418945312,26.464462280273438,13.446807861328125,14.155503687263183,16.83891159593994,,QuantData term-structure
2026-08-17T16:00:00-04:00,2026-11-20,95,490.0,call,0.5091717744256539,29.897689819335938,480.62,fixed_strike,30.994415283203125,35.71510314941406,33.33091735839844,29.706954956054688,29.993057250976562,-3.62396240234375,0.5245208740234375,,,,13.017654418945312,26.464462280273438,13.446807861328125,14.155503687263183,16.83891159593994,,QuantData term-structure
2026-08-17T16:00:00-04:00,2026-11-20,95,490.0,put,-0.47801450460145123,32.56797790527344,480.62,fixed_strike,30.994415283203125,35.71510314941406,33.33091735839844,29.706954956054688,29.993057250976562,-3.62396240234375,0.5245208740234375,,,,13.017654418945312,26.464462280273438,13.446807861328125,14.155503687263183,16.83891159593994,,QuantData term-structure
2026-08-17T16:00:00-04:00,2026-11-20,95,495.0,call,0.4868264380977082,29.706954956054688,480.62,fixed_strike,30.994415283203125,35.71510314941406,33.33091735839844,29.706954956054688,29.993057250976562,-3.62396240234375,0.5245208740234375,,,,13.017654418945312,26.464462280273438,13.446807861328125,14.155503687263183,16.83891159593994,,QuantData term-structure
2026-08-17T16:00:00-04:00,2026-11-20,95,495.0,put,-0.5113224943357706,32.56797790527344,480.62,fixed_strike,30.994415283203125,35.71510314941406,33.33091735839844,29.706954956054688,29.993057250976562,-3.62396240234375,0.5245208740234375,,,,13.017654418945312,26.464462280273438,13.446807861328125,14.155503687263183,16.83891159593994,,QuantData term-structure
2026-08-17T16:00:00-04:00,2026-11-20,95,500.0,call,0.45813366684007084,29.611587524414062,480.62,fixed_strike,30.994415283203125,35.71510314941406,33.33091735839844,29.706954956054688,29.993057250976562,-3.62396240234375,0.5245208740234375,,,,13.017654418945312,26.464462280273438,13.446807861328125,14.155503687263183,16.83891159593994,,QuantData term-structure
2026-08-17T16:00:00-04:00,2026-11-20,95,500.0,put,-0.5269490028633503,32.66334533691406,480.62,fixed_strike,30.994415283203125,35.71510314941406,33.33091735839844,29.706954956054688,29.993057250976562,-3.62396240234375,0.5245208740234375,,,,13.017654418945312,26.464462280273438,13.446807861328125,14.155503687263183,16.83891159593994,,QuantData term-structure
2026-08-17T16:00:00-04:00,2026-11-20,95,505.0,call,0.43291625397099953,29.611587524414062,480.62,fixed_strike,30.994415283203125,35.71510314941406,33.33091735839844,29.706954956054688,29.993057250976562,-3.62396240234375,0.5245208740234375,,,,13.017654418945312,26.464462280273438,13.446807861328125,14.155503687263183,16.83891159593994,,QuantData term-structure
2026-08-17T16:00:00-04:00,2026-11-20,95,505.0,put,-0.5605881631295738,32.56797790527344,480.62,fixed_strike,30.994415283203125,35.71510314941406,33.33091735839844,29.706954956054688,29.993057250976562,-3.62396240234375,0.5245208740234375,,,,13.017654418945312,26.464462280273438,13.446807861328125,14.155503687263183,16.83891159593994,,QuantData term-structure
2026-08-17T16:00:00-04:00,2026-11-20,95,510.0,call,0.40752513200446583,29.516220092773438,480.62,fixed_strike,30.994415283203125,35.71510314941406,33.33091735839844,29.706954956054688,29.993057250976562,-3.62396240234375,0.5245208740234375,,,,13.017654418945312,26.464462280273438,13.446807861328125,14.155503687263183,16.83891159593994,,QuantData term-structure
2026-08-17T16:00:00-04:00,2026-11-20,95,510.0,put,-0.5825266976829706,32.47261047363281,480.62,fixed_strike,30.994415283203125,35.71510314941406,33.33091735839844,29.706954956054688,29.993057250976562,-3.62396240234375,0.5245208740234375,,,,13.017654418945312,26.464462280273438,13.446807861328125,14.155503687263183,16.83891159593994,,QuantData term-structure
2026-08-17T16:00:00-04:00,2026-11-20,95,515.0,call,0.38152123785190917,29.706954956054688,480.62,fixed_strike,30.994415283203125,35.71510314941406,33.33091735839844,29.706954956054688,29.993057250976562,-3.62396240234375,0.5245208740234375,,,,13.017654418945312,26.464462280273438,13.446807861328125,14.155503687263183,16.83891159593994,,QuantData term-structure
2026-08-17T16:00:00-04:00,2026-11-20,95,515.0,put,-0.591657286912021,32.09114074707031,480.62,fixed_strike,30.994415283203125,35.71510314941406,33.33091735839844,29.706954956054688,29.993057250976562,-3.62396240234375,0.5245208740234375,,,,13.017654418945312,26.464462280273438,13.446807861328125,14.155503687263183,16.83891159593994,,QuantData term-structure
2026-08-17T16:00:00-04:00,2026-11-20,95,520.0,call,0.3547501979601859,29.611587524414062,480.62,fixed_strike,30.994415283203125,35.71510314941406,33.33091735839844,29.706954956054688,29.993057250976562,-3.62396240234375,0.5245208740234375,,,,13.017654418945312,26.464462280273438,13.446807861328125,14.155503687263183,16.83891159593994,,QuantData term-structure
2026-08-17T16:00:00-04:00,2026-11-20,95,520.0,put,-0.6042806035956657,32.09114074707031,480.62,fixed_strike,30.994415283203125,35.71510314941406,33.33091735839844,29.706954956054688,29.993057250976562,-3.62396240234375,0.5245208740234375,,,,13.017654418945312,26.464462280273438,13.446807861328125,14.155503687263183,16.83891159593994,,QuantData term-structure
2026-08-17T16:00:00-04:00,2026-11-20,95,525.0,call,0.33068559801087516,29.420852661132812,480.62,fixed_strike,30.994415283203125,35.71510314941406,33.33091735839844,29.706954956054688,29.993057250976562,-3.62396240234375,0.5245208740234375,,,,13.017654418945312,26.464462280273438,13.446807861328125,14.155503687263183,16.83891159593994,,QuantData term-structure
2026-08-17T16:00:00-04:00,2026-11-20,95,525.0,put,-0.6501838122215204,33.04481506347656,480.62,fixed_strike,30.994415283203125,35.71510314941406,33.33091735839844,29.706954956054688,29.993057250976562,-3.62396240234375,0.5245208740234375,,,,13.017654418945312,26.464462280273438,13.446807861328125,14.155503687263183,16.83891159593994,,QuantData term-structure
2026-08-17T16:00:00-04:00,2026-11-20,95,530.0,call,0.31271524278921436,29.706954956054688,480.62,fixed_strike,30.994415283203125,35.71510314941406,33.33091735839844,29.706954956054688,29.993057250976562,-3.62396240234375,0.5245208740234375,,,,13.017654418945312,26.464462280273438,13.446807861328125,14.155503687263183,16.83891159593994,,QuantData term-structure
2026-08-17T16:00:00-04:00,2026-11-20,95,530.0,put,-0.6454790295839119,32.85408020019531,480.62,fixed_strike,30.994415283203125,35.71510314941406,33.33091735839844,29.706954956054688,29.993057250976562,-3.62396240234375,0.5245208740234375,,,,13.017654418945312,26.464462280273438,13.446807861328125,14.155503687263183,16.83891159593994,,QuantData term-structure
2026-08-17T16:00:00-04:00,2026-11-20,95,535.0,call,0.29061795093312315,29.706954956054688,480.62,fixed_strike,30.994415283203125,35.71510314941406,33.33091735839844,29.706954956054688,29.993057250976562,-3.62396240234375,0.5245208740234375,,,,13.017654418945312,26.464462280273438,13.446807861328125,14.155503687263183,16.83891159593994,,QuantData term-structure
2026-08-17T16:00:00-04:00,2026-11-20,95,540.0,call,0.2687324060503065,29.420852661132812,480.62,fixed_strike,30.994415283203125,35.71510314941406,33.33091735839844,29.706954956054688,29.993057250976562,-3.62396240234375,0.5245208740234375,,,,13.017654418945312,26.464462280273438,13.446807861328125,14.155503687263183,16.83891159593994,,QuantData term-structure
2026-08-17T16:00:00-04:00,2026-11-20,95,545.0,call,0.2507561870578397,29.706954956054688,480.62,fixed_strike,30.994415283203125,35.71510314941406,33.33091735839844,29.706954956054688,29.993057250976562,-3.62396240234375,0.5245208740234375,,,,13.017654418945312,26.464462280273438,13.446807861328125,14.155503687263183,16.83891159593994,,QuantData term-structure
2026-08-17T16:00:00-04:00,2026-11-20,95,550.0,call,0.23149959224882422,29.611587524414062,480.62,fixed_strike,30.994415283203125,35.71510314941406,33.33091735839844,29.706954956054688,29.993057250976562,-3.62396240234375,0.5245208740234375,,,,13.017654418945312,26.464462280273438,13.446807861328125,14.155503687263183,16.83891159593994,,QuantData term-structure
2026-08-17T16:00:00-04:00,2026-11-20,95,555.0,call,0.21381134526552203,29.802322387695312,480.62,fixed_strike,30.994415283203125,35.71510314941406,33.33091735839844,29.706954956054688,29.993057250976562,-3.62396240234375,0.5245208740234375,,,,13.017654418945312,26.464462280273438,13.446807861328125,14.155503687263183,16.83891159593994,,QuantData term-structure
2026-08-17T16:00:00-04:00,2026-11-20,95,560.0,call,0.19972771981437054,29.802322387695312,480.62,fixed_strike,30.994415283203125,35.71510314941406,33.33091735839844,29.706954956054688,29.993057250976562,-3.62396240234375,0.5245208740234375,,,,13.017654418945312,26.464462280273438,13.446807861328125,14.155503687263183,16.83891159593994,,QuantData term-structure
2026-08-17T16:00:00-04:00,2026-11-20,95,560.0,put,-0.7540736963594861,34.57069396972656,480.62,fixed_strike,30.994415283203125,35.71510314941406,33.33091735839844,29.706954956054688,29.993057250976562,-3.62396240234375,0.5245208740234375,,,,13.017654418945312,26.464462280273438,13.446807861328125,14.155503687263183,16.83891159593994,,QuantData term-structure
2026-08-17T16:00:00-04:00,2026-11-20,95,565.0,call,0.18060860903866022,29.802322387695312,480.62,fixed_strike,30.994415283203125,35.71510314941406,33.33091735839844,29.706954956054688,29.993057250976562,-3.62396240234375,0.5245208740234375,,,,13.017654418945312,26.464462280273438,13.446807861328125,14.155503687263183,16.83891159593994,,QuantData term-structure
2026-08-17T16:00:00-04:00,2026-11-20,95,565.0,put,-0.7543234393566423,34.66606140136719,480.62,fixed_strike,30.994415283203125,35.71510314941406,33.33091735839844,29.706954956054688,29.993057250976562,-3.62396240234375,0.5245208740234375,,,,13.017654418945312,26.464462280273438,13.446807861328125,14.155503687263183,16.83891159593994,,QuantData term-structure
2026-08-17T16:00:00-04:00,2026-11-20,95,570.0,call,0.16498388462546387,29.516220092773438,480.62,fixed_strike,30.994415283203125,35.71510314941406,33.33091735839844,29.706954956054688,29.993057250976562,-3.62396240234375,0.5245208740234375,,,,13.017654418945312,26.464462280273438,13.446807861328125,14.155503687263183,16.83891159593994,,QuantData term-structure
2026-08-17T16:00:00-04:00,2026-11-20,95,570.0,put,-0.7721177399379724,34.85679626464844,480.62,fixed_strike,30.994415283203125,35.71510314941406,33.33091735839844,29.706954956054688,29.993057250976562,-3.62396240234375,0.5245208740234375,,,,13.017654418945312,26.464462280273438,13.446807861328125,14.155503687263183,16.83891159593994,,QuantData term-structure
2026-08-17T16:00:00-04:00,2026-11-20,95,575.0,call,0.15592161735141724,29.706954956054688,480.62,fixed_strike,30.994415283203125,35.71510314941406,33.33091735839844,29.706954956054688,29.993057250976562,-3.62396240234375,0.5245208740234375,,,,13.017654418945312,26.464462280273438,13.446807861328125,14.155503687263183,16.83891159593994,,QuantData term-structure
2026-08-17T16:00:00-04:00,2026-11-20,95,575.0,put,-0.7842942246243061,36.76414489746094,480.62,fixed_strike,30.994415283203125,35.71510314941406,33.33091735839844,29.706954956054688,29.993057250976562,-3.62396240234375,0.5245208740234375,,,,13.017654418945312,26.464462280273438,13.446807861328125,14.155503687263183,16.83891159593994,,QuantData term-structure
2026-08-17T16:00:00-04:00,2026-11-20,95,580.0,call,0.1385116935345388,29.802322387695312,480.62,fixed_strike,30.994415283203125,35.71510314941406,33.33091735839844,29.706954956054688,29.993057250976562,-3.62396240234375,0.5245208740234375,,,,13.017654418945312,26.464462280273438,13.446807861328125,14.155503687263183,16.83891159593994,,QuantData term-structure
2026-08-17T16:00:00-04:00,2026-11-20,95,585.0,call,0.12840913196092751,29.802322387695312,480.62,fixed_strike,30.994415283203125,35.71510314941406,33.33091735839844,29.706954956054688,29.993057250976562,-3.62396240234375,0.5245208740234375,,,,13.017654418945312,26.464462280273438,13.446807861328125,14.155503687263183,16.83891159593994,,QuantData term-structure
2026-08-17T16:00:00-04:00,2026-11-20,95,585.0,put,-0.8020092984275031,37.52708435058594,480.62,fixed_strike,30.994415283203125,35.71510314941406,33.33091735839844,29.706954956054688,29.993057250976562,-3.62396240234375,0.5245208740234375,,,,13.017654418945312,26.464462280273438,13.446807861328125,14.155503687263183,16.83891159593994,,QuantData term-structure
2026-08-17T16:00:00-04:00,2026-11-20,95,590.0,call,0.12148877363129751,29.993057250976562,480.62,fixed_strike,30.994415283203125,35.71510314941406,33.33091735839844,29.706954956054688,29.993057250976562,-3.62396240234375,0.5245208740234375,,,,13.017654418945312,26.464462280273438,13.446807861328125,14.155503687263183,16.83891159593994,,QuantData term-structure
2026-08-17T16:00:00-04:00,2026-11-20,95,595.0,call,0.110400058208104,30.088424682617188,480.62,fixed_strike,30.994415283203125,35.71510314941406,33.33091735839844,29.706954956054688,29.993057250976562,-3.62396240234375,0.5245208740234375,,,,13.017654418945312,26.464462280273438,13.446807861328125,14.155503687263183,16.83891159593994,,QuantData term-structure
2026-08-17T16:00:00-04:00,2026-11-20,95,600.0,call,0.09887759474476837,29.993057250976562,480.62,fixed_strike,30.994415283203125,35.71510314941406,33.33091735839844,29.706954956054688,29.993057250976562,-3.62396240234375,0.5245208740234375,,,,13.017654418945312,26.464462280273438,13.446807861328125,14.155503687263183,16.83891159593994,,QuantData term-structure
2026-08-17T16:00:00-04:00,2026-11-20,95,600.0,put,-0.8154388191214439,39.05296325683594,480.62,fixed_strike,30.994415283203125,35.71510314941406,33.33091735839844,29.706954956054688,29.993057250976562,-3.62396240234375,0.5245208740234375,,,,13.017654418945312,26.464462280273438,13.446807861328125,14.155503687263183,16.83891159593994,,QuantData term-structure
2026-08-17T16:00:00-04:00,2026-11-20,95,605.0,call,0.09017251712838309,30.279159545898438,480.62,fixed_strike,30.994415283203125,35.71510314941406,33.33091735839844,29.706954956054688,29.993057250976562,-3.62396240234375,0.5245208740234375,,,,13.017654418945312,26.464462280273438,13.446807861328125,14.155503687263183,16.83891159593994,,QuantData term-structure
2026-08-17T16:00:00-04:00,2026-11-20,95,610.0,call,0.08381114168175219,30.374526977539062,480.62,fixed_strike,30.994415283203125,35.71510314941406,33.33091735839844,29.706954956054688,29.993057250976562,-3.62396240234375,0.5245208740234375,,,,13.017654418945312,26.464462280273438,13.446807861328125,14.155503687263183,16.83891159593994,,QuantData term-structure
2026-08-17T16:00:00-04:00,2026-11-20,95,615.0,call,0.07729923846933995,30.279159545898438,480.62,fixed_strike,30.994415283203125,35.71510314941406,33.33091735839844,29.706954956054688,29.993057250976562,-3.62396240234375,0.5245208740234375,,,,13.017654418945312,26.464462280273438,13.446807861328125,14.155503687263183,16.83891159593994,,QuantData term-structure
2026-08-17T16:00:00-04:00,2026-11-20,95,620.0,call,0.07163914527558868,30.565261840820312,480.62,fixed_strike,30.994415283203125,35.71510314941406,33.33091735839844,29.706954956054688,29.993057250976562,-3.62396240234375,0.5245208740234375,,,,13.017654418945312,26.464462280273438,13.446807861328125,14.155503687263183,16.83891159593994,,QuantData term-structure
2026-08-17T16:00:00-04:00,2026-11-20,95,625.0,call,0.06167501632433142,30.279159545898438,480.62,fixed_strike,30.994415283203125,35.71510314941406,33.33091735839844,29.706954956054688,29.993057250976562,-3.62396240234375,0.5245208740234375,,,,13.017654418945312,26.464462280273438,13.446807861328125,14.155503687263183,16.83891159593994,,QuantData term-structure
2026-08-17T16:00:00-04:00,2026-11-20,95,630.0,call,0.05834880691613098,30.469894409179688,480.62,fixed_strike,30.994415283203125,35.71510314941406,33.33091735839844,29.706954956054688,29.993057250976562,-3.62396240234375,0.5245208740234375,,,,13.017654418945312,26.464462280273438,13.446807861328125,14.155503687263183,16.83891159593994,,QuantData term-structure
2026-08-17T16:00:00-04:00,2026-11-20,95,635.0,call,0.052233625375685766,30.755996704101562,480.62,fixed_strike,30.994415283203125,35.71510314941406,33.33091735839844,29.706954956054688,29.993057250976562,-3.62396240234375,0.5245208740234375,,,,13.017654418945312,26.464462280273438,13.446807861328125,14.155503687263183,16.83891159593994,,QuantData term-structure
2026-08-17T16:00:00-04:00,2026-11-20,95,640.0,call,0.05087830142994798,30.565261840820312,480.62,fixed_strike,30.994415283203125,35.71510314941406,33.33091735839844,29.706954956054688,29.993057250976562,-3.62396240234375,0.5245208740234375,,,,13.017654418945312,26.464462280273438,13.446807861328125,14.155503687263183,16.83891159593994,,QuantData term-structure
2026-08-17T16:00:00-04:00,2026-11-20,95,645.0,call,0.04274365736061858,30.946731567382812,480.62,fixed_strike,30.994415283203125,35.71510314941406,33.33091735839844,29.706954956054688,29.993057250976562,-3.62396240234375,0.5245208740234375,,,,13.017654418945312,26.464462280273438,13.446807861328125,14.155503687263183,16.83891159593994,,QuantData term-structure
2026-08-17T16:00:00-04:00,2026-11-20,95,650.0,call,0.03829727913923488,30.851364135742188,480.62,fixed_strike,30.994415283203125,35.71510314941406,33.33091735839844,29.706954956054688,29.993057250976562,-3.62396240234375,0.5245208740234375,,,,13.017654418945312,26.464462280273438,13.446807861328125,14.155503687263183,16.83891159593994,,QuantData term-structure
2026-08-17T16:00:00-04:00,2026-11-20,95,655.0,call,0.035287087979772036,31.042098999023438,480.62,fixed_strike,30.994415283203125,35.71510314941406,33.33091735839844,29.706954956054688,29.993057250976562,-3.62396240234375,0.5245208740234375,,,,13.017654418945312,26.464462280273438,13.446807861328125,14.155503687263183,16.83891159593994,,QuantData term-structure
2026-08-17T16:00:00-04:00,2026-11-20,95,660.0,call,0.03203199181974022,30.851364135742188,480.62,fixed_strike,30.994415283203125,35.71510314941406,33.33091735839844,29.706954956054688,29.993057250976562,-3.62396240234375,0.5245208740234375,,,,13.017654418945312,26.464462280273438,13.446807861328125,14.155503687263183,16.83891159593994,,QuantData term-structure
2026-08-17T16:00:00-04:00,2026-11-20,95,665.0,call,0.027895583162871707,31.042098999023438,480.62,fixed_strike,30.994415283203125,35.71510314941406,33.33091735839844,29.706954956054688,29.993057250976562,-3.62396240234375,0.5245208740234375,,,,13.017654418945312,26.464462280273438,13.446807861328125,14.155503687263183,16.83891159593994,,QuantData term-structure
2026-08-17T16:00:00-04:00,2026-11-20,95,670.0,call,0.02652994500729762,31.042098999023438,480.62,fixed_strike,30.994415283203125,35.71510314941406,33.33091735839844,29.706954956054688,29.993057250976562,-3.62396240234375,0.5245208740234375,,,,13.017654418945312,26.464462280273438,13.446807861328125,14.155503687263183,16.83891159593994,,QuantData term-structure
2026-08-17T16:00:00-04:00,2026-11-20,95,675.0,call,0.02461689819670438,31.614303588867188,480.62,fixed_strike,30.994415283203125,35.71510314941406,33.33091735839844,29.706954956054688,29.993057250976562,-3.62396240234375,0.5245208740234375,,,,13.017654418945312,26.464462280273438,13.446807861328125,14.155503687263183,16.83891159593994,,QuantData term-structure
2026-08-17T16:00:00-04:00,2026-11-20,95,680.0,call,0.02301763977407719,31.328201293945312,480.62,fixed_strike,30.994415283203125,35.71510314941406,33.33091735839844,29.706954956054688,29.993057250976562,-3.62396240234375,0.5245208740234375,,,,13.017654418945312,26.464462280273438,13.446807861328125,14.155503687263183,16.83891159593994,,QuantData term-structure
2026-08-17T16:00:00-04:00,2026-11-20,95,700.0,call,0.015404577596930038,31.709671020507812,480.62,fixed_strike,30.994415283203125,35.71510314941406,33.33091735839844,29.706954956054688,29.993057250976562,-3.62396240234375,0.5245208740234375,,,,13.017654418945312,26.464462280273438,13.446807861328125,14.155503687263183,16.83891159593994,,QuantData term-structure
2026-08-17T16:00:00-04:00,2026-12-18,123,175.0,put,-0.0006045827329663422,58.88938903808594,480.62,fixed_strike,30.70831298828125,34.95216369628906,33.14018249511719,28.848648071289062,29.420852661132812,-4.291534423828125,0.286102294921875,,,,13.017654418945312,26.464462280273438,13.446807861328125,14.155503687263183,16.552809301018065,,QuantData term-structure
2026-08-17T16:00:00-04:00,2026-12-18,123,180.0,put,-0.002189761386665215,64.80216979980469,480.62,fixed_strike,30.70831298828125,34.95216369628906,33.14018249511719,28.848648071289062,29.420852661132812,-4.291534423828125,0.286102294921875,,,,13.017654418945312,26.464462280273438,13.446807861328125,14.155503687263183,16.552809301018065,,QuantData term-structure
2026-08-17T16:00:00-04:00,2026-12-18,123,185.0,put,-0.0006722131471486732,54.78858947753906,480.62,fixed_strike,30.70831298828125,34.95216369628906,33.14018249511719,28.848648071289062,29.420852661132812,-4.291534423828125,0.286102294921875,,,,13.017654418945312,26.464462280273438,13.446807861328125,14.155503687263183,16.552809301018065,,QuantData term-structure
2026-08-17T16:00:00-04:00,2026-12-18,123,190.0,put,-0.002730625592027348,62.70408630371094,480.62,fixed_strike,30.70831298828125,34.95216369628906,33.14018249511719,28.848648071289062,29.420852661132812,-4.291534423828125,0.286102294921875,,,,13.017654418945312,26.464462280273438,13.446807861328125,14.155503687263183,16.552809301018065,,QuantData term-structure
2026-08-17T16:00:00-04:00,2026-12-18,123,195.0,put,-0.0012793920730050778,55.36079406738281,480.62,fixed_strike,30.70831298828125,34.95216369628906,33.14018249511719,28.848648071289062,29.420852661132812,-4.291534423828125,0.286102294921875,,,,13.017654418945312,26.464462280273438,13.446807861328125,14.155503687263183,16.552809301018065,,QuantData term-structure
2026-08-17T16:00:00-04:00,2026-12-18,123,200.0,put,-0.003031598524589738,59.84306335449219,480.62,fixed_strike,30.70831298828125,34.95216369628906,33.14018249511719,28.848648071289062,29.420852661132812,-4.291534423828125,0.286102294921875,,,,13.017654418945312,26.464462280273438,13.446807861328125,14.155503687263183,16.552809301018065,,QuantData term-structure
2026-08-17T16:00:00-04:00,2026-12-18,123,205.0,call,1.0,0.0476837158203125,480.62,fixed_strike,30.70831298828125,34.95216369628906,33.14018249511719,28.848648071289062,29.420852661132812,-4.291534423828125,0.286102294921875,,,,13.017654418945312,26.464462280273438,13.446807861328125,14.155503687263183,16.552809301018065,,QuantData term-structure
2026-08-17T16:00:00-04:00,2026-12-18,123,205.0,put,-0.0016913457426338916,53.93028259277344,480.62,fixed_strike,30.70831298828125,34.95216369628906,33.14018249511719,28.848648071289062,29.420852661132812,-4.291534423828125,0.286102294921875,,,,13.017654418945312,26.464462280273438,13.446807861328125,14.155503687263183,16.552809301018065,,QuantData term-structure
2026-08-17T16:00:00-04:00,2026-12-18,123,210.0,call,1.0,0.0476837158203125,480.62,fixed_strike,30.70831298828125,34.95216369628906,33.14018249511719,28.848648071289062,29.420852661132812,-4.291534423828125,0.286102294921875,,,,13.017654418945312,26.464462280273438,13.446807861328125,14.155503687263183,16.552809301018065,,QuantData term-structure
2026-08-17T16:00:00-04:00,2026-12-18,123,210.0,put,-0.003530150382207529,57.45887756347656,480.62,fixed_strike,30.70831298828125,34.95216369628906,33.14018249511719,28.848648071289062,29.420852661132812,-4.291534423828125,0.286102294921875,,,,13.017654418945312,26.464462280273438,13.446807861328125,14.155503687263183,16.552809301018065,,QuantData term-structure
2026-08-17T16:00:00-04:00,2026-12-18,123,215.0,put,-0.0016071115594357718,50.40168762207031,480.62,fixed_strike,30.70831298828125,34.95216369628906,33.14018249511719,28.848648071289062,29.420852661132812,-4.291534423828125,0.286102294921875,,,,13.017654418945312,26.464462280273438,13.446807861328125,14.155503687263183,16.552809301018065,,QuantData term-structure
2026-08-17T16:00:00-04:00,2026-12-18,123,220.0,call,1.0,0.0476837158203125,480.62,fixed_strike,30.70831298828125,34.95216369628906,33.14018249511719,28.848648071289062,29.420852661132812,-4.291534423828125,0.286102294921875,,,,13.017654418945312,26.464462280273438,13.446807861328125,14.155503687263183,16.552809301018065,,QuantData term-structure
2026-08-17T16:00:00-04:00,2026-12-18,123,225.0,put,-0.002939479234429154,51.25999450683594,480.62,fixed_strike,30.70831298828125,34.95216369628906,33.14018249511719,28.848648071289062,29.420852661132812,-4.291534423828125,0.286102294921875,,,,13.017654418945312,26.464462280273438,13.446807861328125,14.155503687263183,16.552809301018065,,QuantData term-structure
2026-08-17T16:00:00-04:00,2026-12-18,123,230.0,put,-0.0018936838813267134,47.44529724121094,480.62,fixed_strike,30.70831298828125,34.95216369628906,33.14018249511719,28.848648071289062,29.420852661132812,-4.291534423828125,0.286102294921875,,,,13.017654418945312,26.464462280273438,13.446807861328125,14.155503687263183,16.552809301018065,,QuantData term-structure
2026-08-17T16:00:00-04:00,2026-12-18,123,235.0,put,-0.0031217645204955477,48.39897155761719,480.62,fixed_strike,30.70831298828125,34.95216369628906,33.14018249511719,28.848648071289062,29.420852661132812,-4.291534423828125,0.286102294921875,,,,13.017654418945312,26.464462280273438,13.446807861328125,14.155503687263183,16.552809301018065,,QuantData term-structure
2026-08-17T16:00:00-04:00,2026-12-18,123,240.0,put,-0.0028352081896392675,46.77772521972656,480.62,fixed_strike,30.70831298828125,34.95216369628906,33.14018249511719,28.848648071289062,29.420852661132812,-4.291534423828125,0.286102294921875,,,,13.017654418945312,26.464462280273438,13.446807861328125,14.155503687263183,16.552809301018065,,QuantData term-structure
2026-08-17T16:00:00-04:00,2026-12-18,123,250.0,put,-0.005276104570885646,48.39897155761719,480.62,fixed_strike,30.70831298828125,34.95216369628906,33.14018249511719,28.848648071289062,29.420852661132812,-4.291534423828125,0.286102294921875,,,,13.017654418945312,26.464462280273438,13.446807861328125,14.155503687263183,16.552809301018065,,QuantData term-structure
2026-08-17T16:00:00-04:00,2026-12-18,123,255.0,put,-0.005982905955490214,47.73139953613281,480.62,fixed_strike,30.70831298828125,34.95216369628906,33.14018249511719,28.848648071289062,29.420852661132812,-4.291534423828125,0.286102294921875,,,,13.017654418945312,26.464462280273438,13.446807861328125,14.155503687263183,16.552809301018065,,QuantData term-structure
2026-08-17T16:00:00-04:00,2026-12-18,123,270.0,put,-0.006183965017143784,43.34449768066406,480.62,fixed_strike,30.70831298828125,34.95216369628906,33.14018249511719,28.848648071289062,29.420852661132812,-4.291534423828125,0.286102294921875,,,,13.017654418945312,26.464462280273438,13.446807861328125,14.155503687263183,16.552809301018065,,QuantData term-structure
2026-08-17T16:00:00-04:00,2026-12-18,123,275.0,put,-0.006702343953804171,42.77229309082031,480.62,fixed_strike,30.70831298828125,34.95216369628906,33.14018249511719,28.848648071289062,29.420852661132812,-4.291534423828125,0.286102294921875,,,,13.017654418945312,26.464462280273438,13.446807861328125,14.155503687263183,16.552809301018065,,QuantData term-structure
2026-08-17T16:00:00-04:00,2026-12-18,123,280.0,put,-0.008242084613068293,42.67692565917969,480.62,fixed_strike,30.70831298828125,34.95216369628906,33.14018249511719,28.848648071289062,29.420852661132812,-4.291534423828125,0.286102294921875,,,,13.017654418945312,26.464462280273438,13.446807861328125,14.155503687263183,16.552809301018065,,QuantData term-structure
2026-08-17T16:00:00-04:00,2026-12-18,123,285.0,put,-0.008568653517681928,41.53251647949219,480.62,fixed_strike,30.70831298828125,34.95216369628906,33.14018249511719,28.848648071289062,29.420852661132812,-4.291534423828125,0.286102294921875,,,,13.017654418945312,26.464462280273438,13.446807861328125,14.155503687263183,16.552809301018065,,QuantData term-structure
2026-08-17T16:00:00-04:00,2026-12-18,123,290.0,call,1.0,0.0476837158203125,480.62,fixed_strike,30.70831298828125,34.95216369628906,33.14018249511719,28.848648071289062,29.420852661132812,-4.291534423828125,0.286102294921875,,,,13.017654418945312,26.464462280273438,13.446807861328125,14.155503687263183,16.552809301018065,,QuantData term-structure
2026-08-17T16:00:00-04:00,2026-12-18,123,290.0,put,-0.011644899970549358,41.43714904785156,480.62,fixed_strike,30.70831298828125,34.95216369628906,33.14018249511719,28.848648071289062,29.420852661132812,-4.291534423828125,0.286102294921875,,,,13.017654418945312,26.464462280273438,13.446807861328125,14.155503687263183,16.552809301018065,,QuantData term-structure
2026-08-17T16:00:00-04:00,2026-12-18,123,300.0,put,-0.014714687033996043,40.67420959472656,480.62,fixed_strike,30.70831298828125,34.95216369628906,33.14018249511719,28.848648071289062,29.420852661132812,-4.291534423828125,0.286102294921875,,,,13.017654418945312,26.464462280273438,13.446807861328125,14.155503687263183,16.552809301018065,,QuantData term-structure
2026-08-17T16:00:00-04:00,2026-12-18,123,310.0,put,-0.018459724008634718,39.43443298339844,480.62,fixed_strike,30.70831298828125,34.95216369628906,33.14018249511719,28.848648071289062,29.420852661132812,-4.291534423828125,0.286102294921875,,,,13.017654418945312,26.464462280273438,13.446807861328125,14.155503687263183,16.552809301018065,,QuantData term-structure
2026-08-17T16:00:00-04:00,2026-12-18,123,315.0,put,-0.020511649416163506,39.05296325683594,480.62,fixed_strike,30.70831298828125,34.95216369628906,33.14018249511719,28.848648071289062,29.420852661132812,-4.291534423828125,0.286102294921875,,,,13.017654418945312,26.464462280273438,13.446807861328125,14.155503687263183,16.552809301018065,,QuantData term-structure
2026-08-17T16:00:00-04:00,2026-12-18,123,320.0,call,1.0,0.0476837158203125,480.62,fixed_strike,30.70831298828125,34.95216369628906,33.14018249511719,28.848648071289062,29.420852661132812,-4.291534423828125,0.286102294921875,,,,13.017654418945312,26.464462280273438,13.446807861328125,14.155503687263183,16.552809301018065,,QuantData term-structure
2026-08-17T16:00:00-04:00,2026-12-18,123,320.0,put,-0.02350455962972921,38.76686096191406,480.62,fixed_strike,30.70831298828125,34.95216369628906,33.14018249511719,28.848648071289062,29.420852661132812,-4.291534423828125,0.286102294921875,,,,13.017654418945312,26.464462280273438,13.446807861328125,14.155503687263183,16.552809301018065,,QuantData term-structure
2026-08-17T16:00:00-04:00,2026-12-18,123,325.0,put,-0.02710228303294013,38.67149353027344,480.62,fixed_strike,30.70831298828125,34.95216369628906,33.14018249511719,28.848648071289062,29.420852661132812,-4.291534423828125,0.286102294921875,,,,13.017654418945312,26.464462280273438,13.446807861328125,14.155503687263183,16.552809301018065,,QuantData term-structure
2026-08-17T16:00:00-04:00,2026-12-18,123,330.0,put,-0.028984031283204308,38.09928894042969,480.62,fixed_strike,30.70831298828125,34.95216369628906,33.14018249511719,28.848648071289062,29.420852661132812,-4.291534423828125,0.286102294921875,,,,13.017654418945312,26.464462280273438,13.446807861328125,14.155503687263183,16.552809301018065,,QuantData term-structure
2026-08-17T16:00:00-04:00,2026-12-18,123,335.0,put,-0.03415255175019721,37.90855407714844,480.62,fixed_strike,30.70831298828125,34.95216369628906,33.14018249511719,28.848648071289062,29.420852661132812,-4.291534423828125,0.286102294921875,,,,13.017654418945312,26.464462280273438,13.446807861328125,14.155503687263183,16.552809301018065,,QuantData term-structure
2026-08-17T16:00:00-04:00,2026-12-18,123,340.0,put,-0.037127302165099234,37.14561462402344,480.62,fixed_strike,30.70831298828125,34.95216369628906,33.14018249511719,28.848648071289062,29.420852661132812,-4.291534423828125,0.286102294921875,,,,13.017654418945312,26.464462280273438,13.446807861328125,14.155503687263183,16.552809301018065,,QuantData term-structure
2026-08-17T16:00:00-04:00,2026-12-18,123,345.0,put,-0.042468477668851645,37.14561462402344,480.62,fixed_strike,30.70831298828125,34.95216369628906,33.14018249511719,28.848648071289062,29.420852661132812,-4.291534423828125,0.286102294921875,,,,13.017654418945312,26.464462280273438,13.446807861328125,14.155503687263183,16.552809301018065,,QuantData term-structure
2026-08-17T16:00:00-04:00,2026-12-18,123,350.0,call,1.0,0.0476837158203125,480.62,fixed_strike,30.70831298828125,34.95216369628906,33.14018249511719,28.848648071289062,29.420852661132812,-4.291534423828125,0.286102294921875,,,,13.017654418945312,26.464462280273438,13.446807861328125,14.155503687263183,16.552809301018065,,QuantData term-structure
2026-08-17T16:00:00-04:00,2026-12-18,123,350.0,put,-0.046970957218822884,36.57341003417969,480.62,fixed_strike,30.70831298828125,34.95216369628906,33.14018249511719,28.848648071289062,29.420852661132812,-4.291534423828125,0.286102294921875,,,,13.017654418945312,26.464462280273438,13.446807861328125,14.155503687263183,16.552809301018065,,QuantData term-structure
2026-08-17T16:00:00-04:00,2026-12-18,123,355.0,call,1.0,0.0476837158203125,480.62,fixed_strike,30.70831298828125,34.95216369628906,33.14018249511719,28.848648071289062,29.420852661132812,-4.291534423828125,0.286102294921875,,,,13.017654418945312,26.464462280273438,13.446807861328125,14.155503687263183,16.552809301018065,,QuantData term-structure
2026-08-17T16:00:00-04:00,2026-12-18,123,355.0,put,-0.053772315154024364,36.09657287597656,480.62,fixed_strike,30.70831298828125,34.95216369628906,33.14018249511719,28.848648071289062,29.420852661132812,-4.291534423828125,0.286102294921875,,,,13.017654418945312,26.464462280273438,13.446807861328125,14.155503687263183,16.552809301018065,,QuantData term-structure
2026-08-17T16:00:00-04:00,2026-12-18,123,360.0,call,1.0,0.0476837158203125,480.62,fixed_strike,30.70831298828125,34.95216369628906,33.14018249511719,28.848648071289062,29.420852661132812,-4.291534423828125,0.286102294921875,,,,13.017654418945312,26.464462280273438,13.446807861328125,14.155503687263183,16.552809301018065,,QuantData term-structure
2026-08-17T16:00:00-04:00,2026-12-18,123,360.0,put,-0.060707267760905737,36.28730773925781,480.62,fixed_strike,30.70831298828125,34.95216369628906,33.14018249511719,28.848648071289062,29.420852661132812,-4.291534423828125,0.286102294921875,,,,13.017654418945312,26.464462280273438,13.446807861328125,14.155503687263183,16.552809301018065,,QuantData term-structure
2026-08-17T16:00:00-04:00,2026-12-18,123,365.0,put,-0.06588653025435959,35.52436828613281,480.62,fixed_strike,30.70831298828125,34.95216369628906,33.14018249511719,28.848648071289062,29.420852661132812,-4.291534423828125,0.286102294921875,,,,13.017654418945312,26.464462280273438,13.446807861328125,14.155503687263183,16.552809301018065,,QuantData term-structure
2026-08-17T16:00:00-04:00,2026-12-18,123,370.0,call,0.9706302611623899,26.273727416992188,480.62,fixed_strike,30.70831298828125,34.95216369628906,33.14018249511719,28.848648071289062,29.420852661132812,-4.291534423828125,0.286102294921875,,,,13.017654418945312,26.464462280273438,13.446807861328125,14.155503687263183,16.552809301018065,,QuantData term-structure
2026-08-17T16:00:00-04:00,2026-12-18,123,370.0,put,-0.07416501473086756,35.61973571777344,480.62,fixed_strike,30.70831298828125,34.95216369628906,33.14018249511719,28.848648071289062,29.420852661132812,-4.291534423828125,0.286102294921875,,,,13.017654418945312,26.464462280273438,13.446807861328125,14.155503687263183,16.552809301018065,,QuantData term-structure
2026-08-17T16:00:00-04:00,2026-12-18,123,375.0,call,0.967100102540486,25.892257690429688,480.62,fixed_strike,30.70831298828125,34.95216369628906,33.14018249511719,28.848648071289062,29.420852661132812,-4.291534423828125,0.286102294921875,,,,13.017654418945312,26.464462280273438,13.446807861328125,14.155503687263183,16.552809301018065,,QuantData term-structure
2026-08-17T16:00:00-04:00,2026-12-18,123,375.0,put,-0.08261261318299079,35.42900085449219,480.62,fixed_strike,30.70831298828125,34.95216369628906,33.14018249511719,28.848648071289062,29.420852661132812,-4.291534423828125,0.286102294921875,,,,13.017654418945312,26.464462280273438,13.446807861328125,14.155503687263183,16.552809301018065,,QuantData term-structure
2026-08-17T16:00:00-04:00,2026-12-18,123,380.0,call,0.9431912169260019,28.753280639648438,480.62,fixed_strike,30.70831298828125,34.95216369628906,33.14018249511719,28.848648071289062,29.420852661132812,-4.291534423828125,0.286102294921875,,,,13.017654418945312,26.464462280273438,13.446807861328125,14.155503687263183,16.552809301018065,,QuantData term-structure
2026-08-17T16:00:00-04:00,2026-12-18,123,380.0,put,-0.08927418981216373,34.85679626464844,480.62,fixed_strike,30.70831298828125,34.95216369628906,33.14018249511719,28.848648071289062,29.420852661132812,-4.291534423828125,0.286102294921875,,,,13.017654418945312,26.464462280273438,13.446807861328125,14.155503687263183,16.552809301018065,,QuantData term-structure
2026-08-17T16:00:00-04:00,2026-12-18,123,385.0,call,0.9551475457982268,26.273727416992188,480.62,fixed_strike,30.70831298828125,34.95216369628906,33.14018249511719,28.848648071289062,29.420852661132812,-4.291534423828125,0.286102294921875,,,,13.017654418945312,26.464462280273438,13.446807861328125,14.155503687263183,16.552809301018065,,QuantData term-structure
2026-08-17T16:00:00-04:00,2026-12-18,123,385.0,put,-0.10153613364053815,34.95216369628906,480.62,fixed_strike,30.70831298828125,34.95216369628906,33.14018249511719,28.848648071289062,29.420852661132812,-4.291534423828125,0.286102294921875,,,,13.017654418945312,26.464462280273438,13.446807861328125,14.155503687263183,16.552809301018065,,QuantData term-structure
2026-08-17T16:00:00-04:00,2026-12-18,123,390.0,call,0.9212652624409494,28.944015502929688,480.62,fixed_strike,30.70831298828125,34.95216369628906,33.14018249511719,28.848648071289062,29.420852661132812,-4.291534423828125,0.286102294921875,,,,13.017654418945312,26.464462280273438,13.446807861328125,14.155503687263183,16.552809301018065,,QuantData term-structure
2026-08-17T16:00:00-04:00,2026-12-18,123,390.0,put,-0.11144114947024736,34.66606140136719,480.62,fixed_strike,30.70831298828125,34.95216369628906,33.14018249511719,28.848648071289062,29.420852661132812,-4.291534423828125,0.286102294921875,,,,13.017654418945312,26.464462280273438,13.446807861328125,14.155503687263183,16.552809301018065,,QuantData term-structure
2026-08-17T16:00:00-04:00,2026-12-18,123,395.0,call,0.9026162781442426,29.993057250976562,480.62,fixed_strike,30.70831298828125,34.95216369628906,33.14018249511719,28.848648071289062,29.420852661132812,-4.291534423828125,0.286102294921875,,,,13.017654418945312,26.464462280273438,13.446807861328125,14.155503687263183,16.552809301018065,,QuantData term-structure
2026-08-17T16:00:00-04:00,2026-12-18,123,395.0,put,-0.12224542372651681,34.37995910644531,480.62,fixed_strike,30.70831298828125,34.95216369628906,33.14018249511719,28.848648071289062,29.420852661132812,-4.291534423828125,0.286102294921875,,,,13.017654418945312,26.464462280273438,13.446807861328125,14.155503687263183,16.552809301018065,,QuantData term-structure
2026-08-17T16:00:00-04:00,2026-12-18,123,400.0,call,0.9015909619606127,28.276443481445312,480.62,fixed_strike,30.70831298828125,34.95216369628906,33.14018249511719,28.848648071289062,29.420852661132812,-4.291534423828125,0.286102294921875,,,,13.017654418945312,26.464462280273438,13.446807861328125,14.155503687263183,16.552809301018065,,QuantData term-structure
2026-08-17T16:00:00-04:00,2026-12-18,123,400.0,put,-0.1341711964133016,33.90312194824219,480.62,fixed_strike,30.70831298828125,34.95216369628906,33.14018249511719,28.848648071289062,29.420852661132812,-4.291534423828125,0.286102294921875,,,,13.017654418945312,26.464462280273438,13.446807861328125,14.155503687263183,16.552809301018065,,QuantData term-structure
2026-08-17T16:00:00-04:00,2026-12-18,123,405.0,call,0.9034559197499301,26.369094848632812,480.62,fixed_strike,30.70831298828125,34.95216369628906,33.14018249511719,28.848648071289062,29.420852661132812,-4.291534423828125,0.286102294921875,,,,13.017654418945312,26.464462280273438,13.446807861328125,14.155503687263183,16.552809301018065,,QuantData term-structure
2026-08-17T16:00:00-04:00,2026-12-18,123,405.0,put,-0.14791299696485916,33.61701965332031,480.62,fixed_strike,30.70831298828125,34.95216369628906,33.14018249511719,28.848648071289062,29.420852661132812,-4.291534423828125,0.286102294921875,,,,13.017654418945312,26.464462280273438,13.446807861328125,14.155503687263183,16.552809301018065,,QuantData term-structure
2026-08-17T16:00:00-04:00,2026-12-18,123,410.0,call,0.8729618024943607,28.753280639648438,480.62,fixed_strike,30.70831298828125,34.95216369628906,33.14018249511719,28.848648071289062,29.420852661132812,-4.291534423828125,0.286102294921875,,,,13.017654418945312,26.464462280273438,13.446807861328125,14.155503687263183,16.552809301018065,,QuantData term-structure
2026-08-17T16:00:00-04:00,2026-12-18,123,410.0,put,-0.1613131167912552,33.80775451660156,480.62,fixed_strike,30.70831298828125,34.95216369628906,33.14018249511719,28.848648071289062,29.420852661132812,-4.291534423828125,0.286102294921875,,,,13.017654418945312,26.464462280273438,13.446807861328125,14.155503687263183,16.552809301018065,,QuantData term-structure
2026-08-17T16:00:00-04:00,2026-12-18,123,415.0,call,0.8611228618142841,28.848648071289062,480.62,fixed_strike,30.70831298828125,34.95216369628906,33.14018249511719,28.848648071289062,29.420852661132812,-4.291534423828125,0.286102294921875,,,,13.017654418945312,26.464462280273438,13.446807861328125,14.155503687263183,16.552809301018065,,QuantData term-structure
2026-08-17T16:00:00-04:00,2026-12-18,123,415.0,put,-0.17685567492140541,33.80775451660156,480.62,fixed_strike,30.70831298828125,34.95216369628906,33.14018249511719,28.848648071289062,29.420852661132812,-4.291534423828125,0.286102294921875,,,,13.017654418945312,26.464462280273438,13.446807861328125,14.155503687263183,16.552809301018065,,QuantData term-structure
2026-08-17T16:00:00-04:00,2026-12-18,123,420.0,call,0.8373411508249764,28.944015502929688,480.62,fixed_strike,30.70831298828125,34.95216369628906,33.14018249511719,28.848648071289062,29.420852661132812,-4.291534423828125,0.286102294921875,,,,13.017654418945312,26.464462280273438,13.446807861328125,14.155503687263183,16.552809301018065,,QuantData term-structure
2026-08-17T16:00:00-04:00,2026-12-18,123,420.0,put,-0.18775120516940058,33.23554992675781,480.62,fixed_strike,30.70831298828125,34.95216369628906,33.14018249511719,28.848648071289062,29.420852661132812,-4.291534423828125,0.286102294921875,,,,13.017654418945312,26.464462280273438,13.446807861328125,14.155503687263183,16.552809301018065,,QuantData term-structure
2026-08-17T16:00:00-04:00,2026-12-18,123,425.0,call,0.8157435497561045,29.039382934570312,480.62,fixed_strike,30.70831298828125,34.95216369628906,33.14018249511719,28.848648071289062,29.420852661132812,-4.291534423828125,0.286102294921875,,,,13.017654418945312,26.464462280273438,13.446807861328125,14.155503687263183,16.552809301018065,,QuantData term-structure
2026-08-17T16:00:00-04:00,2026-12-18,123,425.0,put,-0.20812575140835643,33.04481506347656,480.62,fixed_strike,30.70831298828125,34.95216369628906,33.14018249511719,28.848648071289062,29.420852661132812,-4.291534423828125,0.286102294921875,,,,13.017654418945312,26.464462280273438,13.446807861328125,14.155503687263183,16.552809301018065,,QuantData term-structure
2026-08-17T16:00:00-04:00,2026-12-18,123,430.0,call,0.800034024084026,29.134750366210938,480.62,fixed_strike,30.70831298828125,34.95216369628906,33.14018249511719,28.848648071289062,29.420852661132812,-4.291534423828125,0.286102294921875,,,,13.017654418945312,26.464462280273438,13.446807861328125,14.155503687263183,16.552809301018065,,QuantData term-structure
2026-08-17T16:00:00-04:00,2026-12-18,123,430.0,put,-0.2247642005967404,32.94944763183594,480.62,fixed_strike,30.70831298828125,34.95216369628906,33.14018249511719,28.848648071289062,29.420852661132812,-4.291534423828125,0.286102294921875,,,,13.017654418945312,26.464462280273438,13.446807861328125,14.155503687263183,16.552809301018065,,QuantData term-structure
2026-08-17T16:00:00-04:00,2026-12-18,123,435.0,call,0.7816291066579105,29.134750366210938,480.62,fixed_strike,30.70831298828125,34.95216369628906,33.14018249511719,28.848648071289062,29.420852661132812,-4.291534423828125,0.286102294921875,,,,13.017654418945312,26.464462280273438,13.446807861328125,14.155503687263183,16.552809301018065,,QuantData term-structure
2026-08-17T16:00:00-04:00,2026-12-18,123,435.0,put,-0.2421623626465867,33.14018249511719,480.62,fixed_strike,30.70831298828125,34.95216369628906,33.14018249511719,28.848648071289062,29.420852661132812,-4.291534423828125,0.286102294921875,,,,13.017654418945312,26.464462280273438,13.446807861328125,14.155503687263183,16.552809301018065,,QuantData term-structure
2026-08-17T16:00:00-04:00,2026-12-18,123,440.0,call,0.7532205048928002,29.611587524414062,480.62,fixed_strike,30.70831298828125,34.95216369628906,33.14018249511719,28.848648071289062,29.420852661132812,-4.291534423828125,0.286102294921875,,,,13.017654418945312,26.464462280273438,13.446807861328125,14.155503687263183,16.552809301018065,,QuantData term-structure
2026-08-17T16:00:00-04:00,2026-12-18,123,440.0,put,-0.2611233146641642,33.04481506347656,480.62,fixed_strike,30.70831298828125,34.95216369628906,33.14018249511719,28.848648071289062,29.420852661132812,-4.291534423828125,0.286102294921875,,,,13.017654418945312,26.464462280273438,13.446807861328125,14.155503687263183,16.552809301018065,,QuantData term-structure
2026-08-17T16:00:00-04:00,2026-12-18,123,445.0,call,0.7504680136159542,29.802322387695312,480.62,fixed_strike,30.70831298828125,34.95216369628906,33.14018249511719,28.848648071289062,29.420852661132812,-4.291534423828125,0.286102294921875,,,,13.017654418945312,26.464462280273438,13.446807861328125,14.155503687263183,16.552809301018065,,QuantData term-structure
2026-08-17T16:00:00-04:00,2026-12-18,123,445.0,put,-0.280896034891588,32.47261047363281,480.62,fixed_strike,30.70831298828125,34.95216369628906,33.14018249511719,28.848648071289062,29.420852661132812,-4.291534423828125,0.286102294921875,,,,13.017654418945312,26.464462280273438,13.446807861328125,14.155503687263183,16.552809301018065,,QuantData term-structure
2026-08-17T16:00:00-04:00,2026-12-18,123,450.0,call,0.7187673700914907,28.467178344726562,480.62,fixed_strike,30.70831298828125,34.95216369628906,33.14018249511719,28.848648071289062,29.420852661132812,-4.291534423828125,0.286102294921875,,,,13.017654418945312,26.464462280273438,13.446807861328125,14.155503687263183,16.552809301018065,,QuantData term-structure
2026-08-17T16:00:00-04:00,2026-12-18,123,450.0,put,-0.2970863875448699,32.37724304199219,480.62,fixed_strike,30.70831298828125,34.95216369628906,33.14018249511719,28.848648071289062,29.420852661132812,-4.291534423828125,0.286102294921875,,,,13.017654418945312,26.464462280273438,13.446807861328125,14.155503687263183,16.552809301018065,,QuantData term-structure
2026-08-17T16:00:00-04:00,2026-12-18,123,455.0,call,0.6895517533579552,29.802322387695312,480.62,fixed_strike,30.70831298828125,34.95216369628906,33.14018249511719,28.848648071289062,29.420852661132812,-4.291534423828125,0.286102294921875,,,,13.017654418945312,26.464462280273438,13.446807861328125,14.155503687263183,16.552809301018065,,QuantData term-structure
2026-08-17T16:00:00-04:00,2026-12-18,123,455.0,put,-0.31829432303497673,32.37724304199219,480.62,fixed_strike,30.70831298828125,34.95216369628906,33.14018249511719,28.848648071289062,29.420852661132812,-4.291534423828125,0.286102294921875,,,,13.017654418945312,26.464462280273438,13.446807861328125,14.155503687263183,16.552809301018065,,QuantData term-structure
2026-08-17T16:00:00-04:00,2026-12-18,123,460.0,call,0.6710409626386085,29.134750366210938,480.62,fixed_strike,30.70831298828125,34.95216369628906,33.14018249511719,28.848648071289062,29.420852661132812,-4.291534423828125,0.286102294921875,,,,13.017654418945312,26.464462280273438,13.446807861328125,14.155503687263183,16.552809301018065,,QuantData term-structure
2026-08-17T16:00:00-04:00,2026-12-18,123,460.0,put,-0.3382988674505619,32.75871276855469,480.62,fixed_strike,30.70831298828125,34.95216369628906,33.14018249511719,28.848648071289062,29.420852661132812,-4.291534423828125,0.286102294921875,,,,13.017654418945312,26.464462280273438,13.446807861328125,14.155503687263183,16.552809301018065,,QuantData term-structure
2026-08-17T16:00:00-04:00,2026-12-18,123,465.0,call,0.6467054394452754,28.848648071289062,480.62,fixed_strike,30.70831298828125,34.95216369628906,33.14018249511719,28.848648071289062,29.420852661132812,-4.291534423828125,0.286102294921875,,,,13.017654418945312,26.464462280273438,13.446807861328125,14.155503687263183,16.552809301018065,,QuantData term-structure
2026-08-17T16:00:00-04:00,2026-12-18,123,465.0,put,-0.36054300240417275,32.18650817871094,480.62,fixed_strike,30.70831298828125,34.95216369628906,33.14018249511719,28.848648071289062,29.420852661132812,-4.291534423828125,0.286102294921875,,,,13.017654418945312,26.464462280273438,13.446807861328125,14.155503687263183,16.552809301018065,,QuantData term-structure
2026-08-17T16:00:00-04:00,2026-12-18,123,470.0,call,0.618302664813215,29.134750366210938,480.62,fixed_strike,30.70831298828125,34.95216369628906,33.14018249511719,28.848648071289062,29.420852661132812,-4.291534423828125,0.286102294921875,,,,13.017654418945312,26.464462280273438,13.446807861328125,14.155503687263183,16.552809301018065,,QuantData term-structure
2026-08-17T16:00:00-04:00,2026-12-18,123,470.0,put,-0.3812670998781615,32.18650817871094,480.62,fixed_strike,30.70831298828125,34.95216369628906,33.14018249511719,28.848648071289062,29.420852661132812,-4.291534423828125,0.286102294921875,,,,13.017654418945312,26.464462280273438,13.446807861328125,14.155503687263183,16.552809301018065,,QuantData term-structure
2026-08-17T16:00:00-04:00,2026-12-18,123,475.0,call,0.5959664654946413,29.039382934570312,480.62,fixed_strike,30.70831298828125,34.95216369628906,33.14018249511719,28.848648071289062,29.420852661132812,-4.291534423828125,0.286102294921875,,,,13.017654418945312,26.464462280273438,13.446807861328125,14.155503687263183,16.552809301018065,,QuantData term-structure
2026-08-17T16:00:00-04:00,2026-12-18,123,475.0,put,-0.40692141163257833,32.37724304199219,480.62,fixed_strike,30.70831298828125,34.95216369628906,33.14018249511719,28.848648071289062,29.420852661132812,-4.291534423828125,0.286102294921875,,,,13.017654418945312,26.464462280273438,13.446807861328125,14.155503687263183,16.552809301018065,,QuantData term-structure
2026-08-17T16:00:00-04:00,2026-12-18,123,480.0,call,0.5719952948609525,29.230117797851562,480.62,fixed_strike,30.70831298828125,34.95216369628906,33.14018249511719,28.848648071289062,29.420852661132812,-4.291534423828125,0.286102294921875,,,,13.017654418945312,26.464462280273438,13.446807861328125,14.155503687263183,16.552809301018065,,QuantData term-structure
2026-08-17T16:00:00-04:00,2026-12-18,123,480.0,put,-0.4264063812989297,32.18650817871094,480.62,fixed_strike,30.70831298828125,34.95216369628906,33.14018249511719,28.848648071289062,29.420852661132812,-4.291534423828125,0.286102294921875,,,,13.017654418945312,26.464462280273438,13.446807861328125,14.155503687263183,16.552809301018065,,QuantData term-structure
2026-08-17T16:00:00-04:00,2026-12-18,123,485.0,call,0.5509924149366464,28.944015502929688,480.62,fixed_strike,30.70831298828125,34.95216369628906,33.14018249511719,28.848648071289062,29.420852661132812,-4.291534423828125,0.286102294921875,,,,13.017654418945312,26.464462280273438,13.446807861328125,14.155503687263183,16.552809301018065,,QuantData term-structure
2026-08-17T16:00:00-04:00,2026-12-18,123,485.0,put,-0.4508482871472464,32.09114074707031,480.62,fixed_strike,30.70831298828125,34.95216369628906,33.14018249511719,28.848648071289062,29.420852661132812,-4.291534423828125,0.286102294921875,,,,13.017654418945312,26.464462280273438,13.446807861328125,14.155503687263183,16.552809301018065,,QuantData term-structure
2026-08-17T16:00:00-04:00,2026-12-18,123,490.0,call,0.5256376397334094,28.944015502929688,480.62,fixed_strike,30.70831298828125,34.95216369628906,33.14018249511719,28.848648071289062,29.420852661132812,-4.291534423828125,0.286102294921875,,,,13.017654418945312,26.464462280273438,13.446807861328125,14.155503687263183,16.552809301018065,,QuantData term-structure
2026-08-17T16:00:00-04:00,2026-12-18,123,490.0,put,-0.4645450964409212,32.18650817871094,480.62,fixed_strike,30.70831298828125,34.95216369628906,33.14018249511719,28.848648071289062,29.420852661132812,-4.291534423828125,0.286102294921875,,,,13.017654418945312,26.464462280273438,13.446807861328125,14.155503687263183,16.552809301018065,,QuantData term-structure
2026-08-17T16:00:00-04:00,2026-12-18,123,495.0,call,0.5025807717546675,28.753280639648438,480.62,fixed_strike,30.70831298828125,34.95216369628906,33.14018249511719,28.848648071289062,29.420852661132812,-4.291534423828125,0.286102294921875,,,,13.017654418945312,26.464462280273438,13.446807861328125,14.155503687263183,16.552809301018065,,QuantData term-structure
2026-08-17T16:00:00-04:00,2026-12-18,123,495.0,put,-0.49420649773485825,32.09114074707031,480.62,fixed_strike,30.70831298828125,34.95216369628906,33.14018249511719,28.848648071289062,29.420852661132812,-4.291534423828125,0.286102294921875,,,,13.017654418945312,26.464462280273438,13.446807861328125,14.155503687263183,16.552809301018065,,QuantData term-structure
2026-08-17T16:00:00-04:00,2026-12-18,123,500.0,call,0.47757776694344584,28.848648071289062,480.62,fixed_strike,30.70831298828125,34.95216369628906,33.14018249511719,28.848648071289062,29.420852661132812,-4.291534423828125,0.286102294921875,,,,13.017654418945312,26.464462280273438,13.446807861328125,14.155503687263183,16.552809301018065,,QuantData term-structure
2026-08-17T16:00:00-04:00,2026-12-18,123,500.0,put,-0.5165114329077598,31.995773315429688,480.62,fixed_strike,30.70831298828125,34.95216369628906,33.14018249511719,28.848648071289062,29.420852661132812,-4.291534423828125,0.286102294921875,,,,13.017654418945312,26.464462280273438,13.446807861328125,14.155503687263183,16.552809301018065,,QuantData term-structure
2026-08-17T16:00:00-04:00,2026-12-18,123,505.0,call,0.45450054294106873,28.753280639648438,480.62,fixed_strike,30.70831298828125,34.95216369628906,33.14018249511719,28.848648071289062,29.420852661132812,-4.291534423828125,0.286102294921875,,,,13.017654418945312,26.464462280273438,13.446807861328125,14.155503687263183,16.552809301018065,,QuantData term-structure
2026-08-17T16:00:00-04:00,2026-12-18,123,505.0,put,-0.5368505361938876,32.18650817871094,480.62,fixed_strike,30.70831298828125,34.95216369628906,33.14018249511719,28.848648071289062,29.420852661132812,-4.291534423828125,0.286102294921875,,,,13.017654418945312,26.464462280273438,13.446807861328125,14.155503687263183,16.552809301018065,,QuantData term-structure
2026-08-17T16:00:00-04:00,2026-12-18,123,510.0,call,0.43116357670449396,28.753280639648438,480.62,fixed_strike,30.70831298828125,34.95216369628906,33.14018249511719,28.848648071289062,29.420852661132812,-4.291534423828125,0.286102294921875,,,,13.017654418945312,26.464462280273438,13.446807861328125,14.155503687263183,16.552809301018065,,QuantData term-structure
2026-08-17T16:00:00-04:00,2026-12-18,123,510.0,put,-0.5569796596632584,32.28187561035156,480.62,fixed_strike,30.70831298828125,34.95216369628906,33.14018249511719,28.848648071289062,29.420852661132812,-4.291534423828125,0.286102294921875,,,,13.017654418945312,26.464462280273438,13.446807861328125,14.155503687263183,16.552809301018065,,QuantData term-structure
2026-08-17T16:00:00-04:00,2026-12-18,123,515.0,call,0.40578231096552864,28.753280639648438,480.62,fixed_strike,30.70831298828125,34.95216369628906,33.14018249511719,28.848648071289062,29.420852661132812,-4.291534423828125,0.286102294921875,,,,13.017654418945312,26.464462280273438,13.446807861328125,14.155503687263183,16.552809301018065,,QuantData term-structure
2026-08-17T16:00:00-04:00,2026-12-18,123,515.0,put,-0.5771911590535262,32.37724304199219,480.62,fixed_strike,30.70831298828125,34.95216369628906,33.14018249511719,28.848648071289062,29.420852661132812,-4.291534423828125,0.286102294921875,,,,13.017654418945312,26.464462280273438,13.446807861328125,14.155503687263183,16.552809301018065,,QuantData term-structure
2026-08-17T16:00:00-04:00,2026-12-18,123,520.0,call,0.38263586460190235,28.848648071289062,480.62,fixed_strike,30.70831298828125,34.95216369628906,33.14018249511719,28.848648071289062,29.420852661132812,-4.291534423828125,0.286102294921875,,,,13.017654418945312,26.464462280273438,13.446807861328125,14.155503687263183,16.552809301018065,,QuantData term-structure
2026-08-17T16:00:00-04:00,2026-12-18,123,520.0,put,-0.5763657902754217,31.900405883789062,480.62,fixed_strike,30.70831298828125,34.95216369628906,33.14018249511719,28.848648071289062,29.420852661132812,-4.291534423828125,0.286102294921875,,,,13.017654418945312,26.464462280273438,13.446807861328125,14.155503687263183,16.552809301018065,,QuantData term-structure
2026-08-17T16:00:00-04:00,2026-12-18,123,525.0,call,0.36295030604191303,28.753280639648438,480.62,fixed_strike,30.70831298828125,34.95216369628906,33.14018249511719,28.848648071289062,29.420852661132812,-4.291534423828125,0.286102294921875,,,,13.017654418945312,26.464462280273438,13.446807861328125,14.155503687263183,16.552809301018065,,QuantData term-structure
2026-08-17T16:00:00-04:00,2026-12-18,123,525.0,put,-0.5963496630854127,32.09114074707031,480.62,fixed_strike,30.70831298828125,34.95216369628906,33.14018249511719,28.848648071289062,29.420852661132812,-4.291534423828125,0.286102294921875,,,,13.017654418945312,26.464462280273438,13.446807861328125,14.155503687263183,16.552809301018065,,QuantData term-structure
2026-08-17T16:00:00-04:00,2026-12-18,123,530.0,call,0.3481913580109963,28.848648071289062,480.62,fixed_strike,30.70831298828125,34.95216369628906,33.14018249511719,28.848648071289062,29.420852661132812,-4.291534423828125,0.286102294921875,,,,13.017654418945312,26.464462280273438,13.446807861328125,14.155503687263183,16.552809301018065,,QuantData term-structure
2026-08-17T16:00:00-04:00,2026-12-18,123,535.0,call,0.32241934230432645,28.848648071289062,480.62,fixed_strike,30.70831298828125,34.95216369628906,33.14018249511719,28.848648071289062,29.420852661132812,-4.291534423828125,0.286102294921875,,,,13.017654418945312,26.464462280273438,13.446807861328125,14.155503687263183,16.552809301018065,,QuantData term-structure
2026-08-17T16:00:00-04:00,2026-12-18,123,540.0,call,0.29963931619562256,28.753280639648438,480.62,fixed_strike,30.70831298828125,34.95216369628906,33.14018249511719,28.848648071289062,29.420852661132812,-4.291534423828125,0.286102294921875,,,,13.017654418945312,26.464462280273438,13.446807861328125,14.155503687263183,16.552809301018065,,QuantData term-structure
2026-08-17T16:00:00-04:00,2026-12-18,123,545.0,call,0.28056574635220677,28.848648071289062,480.62,fixed_strike,30.70831298828125,34.95216369628906,33.14018249511719,28.848648071289062,29.420852661132812,-4.291534423828125,0.286102294921875,,,,13.017654418945312,26.464462280273438,13.446807861328125,14.155503687263183,16.552809301018065,,QuantData term-structure
2026-08-17T16:00:00-04:00,2026-12-18,123,550.0,call,0.2642583719949153,28.848648071289062,480.62,fixed_strike,30.70831298828125,34.95216369628906,33.14018249511719,28.848648071289062,29.420852661132812,-4.291534423828125,0.286102294921875,,,,13.017654418945312,26.464462280273438,13.446807861328125,14.155503687263183,16.552809301018065,,QuantData term-structure
2026-08-17T16:00:00-04:00,2026-12-18,123,555.0,call,0.24914171687997866,28.848648071289062,480.62,fixed_strike,30.70831298828125,34.95216369628906,33.14018249511719,28.848648071289062,29.420852661132812,-4.291534423828125,0.286102294921875,,,,13.017654418945312,26.464462280273438,13.446807861328125,14.155503687263183,16.552809301018065,,QuantData term-structure
2026-08-17T16:00:00-04:00,2026-12-18,123,560.0,call,0.23127288695297532,28.753280639648438,480.62,fixed_strike,30.70831298828125,34.95216369628906,33.14018249511719,28.848648071289062,29.420852661132812,-4.291534423828125,0.286102294921875,,,,13.017654418945312,26.464462280273438,13.446807861328125,14.155503687263183,16.552809301018065,,QuantData term-structure
2026-08-17T16:00:00-04:00,2026-12-18,123,565.0,call,0.21411469573724262,28.848648071289062,480.62,fixed_strike,30.70831298828125,34.95216369628906,33.14018249511719,28.848648071289062,29.420852661132812,-4.291534423828125,0.286102294921875,,,,13.017654418945312,26.464462280273438,13.446807861328125,14.155503687263183,16.552809301018065,,QuantData term-structure
2026-08-17T16:00:00-04:00,2026-12-18,123,570.0,call,0.20148125667632766,28.944015502929688,480.62,fixed_strike,30.70831298828125,34.95216369628906,33.14018249511719,28.848648071289062,29.420852661132812,-4.291534423828125,0.286102294921875,,,,13.017654418945312,26.464462280273438,13.446807861328125,14.155503687263183,16.552809301018065,,QuantData term-structure
2026-08-17T16:00:00-04:00,2026-12-18,123,570.0,put,-0.7332036568962355,34.76142883300781,480.62,fixed_strike,30.70831298828125,34.95216369628906,33.14018249511719,28.848648071289062,29.420852661132812,-4.291534423828125,0.286102294921875,,,,13.017654418945312,26.464462280273438,13.446807861328125,14.155503687263183,16.552809301018065,,QuantData term-structure
2026-08-17T16:00:00-04:00,2026-12-18,123,575.0,call,0.18821194308048078,28.944015502929688,480.62,fixed_strike,30.70831298828125,34.95216369628906,33.14018249511719,28.848648071289062,29.420852661132812,-4.291534423828125,0.286102294921875,,,,13.017654418945312,26.464462280273438,13.446807861328125,14.155503687263183,16.552809301018065,,QuantData term-structure
2026-08-17T16:00:00-04:00,2026-12-18,123,580.0,call,0.17710173164337728,28.944015502929688,480.62,fixed_strike,30.70831298828125,34.95216369628906,33.14018249511719,28.848648071289062,29.420852661132812,-4.291534423828125,0.286102294921875,,,,13.017654418945312,26.464462280273438,13.446807861328125,14.155503687263183,16.552809301018065,,QuantData term-structure
2026-08-17T16:00:00-04:00,2026-12-18,123,580.0,put,-0.7587538761103209,36.00120544433594,480.62,fixed_strike,30.70831298828125,34.95216369628906,33.14018249511719,28.848648071289062,29.420852661132812,-4.291534423828125,0.286102294921875,,,,13.017654418945312,26.464462280273438,13.446807861328125,14.155503687263183,16.552809301018065,,QuantData term-structure
2026-08-17T16:00:00-04:00,2026-12-18,123,585.0,call,0.16076147910786054,29.039382934570312,480.62,fixed_strike,30.70831298828125,34.95216369628906,33.14018249511719,28.848648071289062,29.420852661132812,-4.291534423828125,0.286102294921875,,,,13.017654418945312,26.464462280273438,13.446807861328125,14.155503687263183,16.552809301018065,,QuantData term-structure
2026-08-17T16:00:00-04:00,2026-12-18,123,590.0,call,0.15935254667660909,28.657913208007812,480.62,fixed_strike,30.70831298828125,34.95216369628906,33.14018249511719,28.848648071289062,29.420852661132812,-4.291534423828125,0.286102294921875,,,,13.017654418945312,26.464462280273438,13.446807861328125,14.155503687263183,16.552809301018065,,QuantData term-structure
2026-08-17T16:00:00-04:00,2026-12-18,123,595.0,call,0.13839869109075087,29.134750366210938,480.62,fixed_strike,30.70831298828125,34.95216369628906,33.14018249511719,28.848648071289062,29.420852661132812,-4.291534423828125,0.286102294921875,,,,13.017654418945312,26.464462280273438,13.446807861328125,14.155503687263183,16.552809301018065,,QuantData term-structure
2026-08-17T16:00:00-04:00,2026-12-18,123,600.0,call,0.1309307173228329,29.230117797851562,480.62,fixed_strike,30.70831298828125,34.95216369628906,33.14018249511719,28.848648071289062,29.420852661132812,-4.291534423828125,0.286102294921875,,,,13.017654418945312,26.464462280273438,13.446807861328125,14.155503687263183,16.552809301018065,,QuantData term-structure
2026-08-17T16:00:00-04:00,2026-12-18,123,600.0,put,-0.7885704606614088,37.81318664550781,480.62,fixed_strike,30.70831298828125,34.95216369628906,33.14018249511719,28.848648071289062,29.420852661132812,-4.291534423828125,0.286102294921875,,,,13.017654418945312,26.464462280273438,13.446807861328125,14.155503687263183,16.552809301018065,,QuantData term-structure
2026-08-17T16:00:00-04:00,2026-12-18,123,605.0,call,0.12624557530092456,29.611587524414062,480.62,fixed_strike,30.70831298828125,34.95216369628906,33.14018249511719,28.848648071289062,29.420852661132812,-4.291534423828125,0.286102294921875,,,,13.017654418945312,26.464462280273438,13.446807861328125,14.155503687263183,16.552809301018065,,QuantData term-structure
2026-08-17T16:00:00-04:00,2026-12-18,123,610.0,call,0.11062982199058236,29.420852661132812,480.62,fixed_strike,30.70831298828125,34.95216369628906,33.14018249511719,28.848648071289062,29.420852661132812,-4.291534423828125,0.286102294921875,,,,13.017654418945312,26.464462280273438,13.446807861328125,14.155503687263183,16.552809301018065,,QuantData term-structure
2026-08-17T16:00:00-04:00,2026-12-18,123,615.0,call,0.10292877649015997,29.420852661132812,480.62,fixed_strike,30.70831298828125,34.95216369628906,33.14018249511719,28.848648071289062,29.420852661132812,-4.291534423828125,0.286102294921875,,,,13.017654418945312,26.464462280273438,13.446807861328125,14.155503687263183,16.552809301018065,,QuantData term-structure
2026-08-17T16:00:00-04:00,2026-12-18,123,620.0,call,0.10781075400099033,29.420852661132812,480.62,fixed_strike,30.70831298828125,34.95216369628906,33.14018249511719,28.848648071289062,29.420852661132812,-4.291534423828125,0.286102294921875,,,,13.017654418945312,26.464462280273438,13.446807861328125,14.155503687263183,16.552809301018065,,QuantData term-structure
2026-08-17T16:00:00-04:00,2026-12-18,123,625.0,call,0.08791630434812608,29.611587524414062,480.62,fixed_strike,30.70831298828125,34.95216369628906,33.14018249511719,28.848648071289062,29.420852661132812,-4.291534423828125,0.286102294921875,,,,13.017654418945312,26.464462280273438,13.446807861328125,14.155503687263183,16.552809301018065,,QuantData term-structure
2026-08-17T16:00:00-04:00,2026-12-18,123,630.0,call,0.0837517903496488,29.611587524414062,480.62,fixed_strike,30.70831298828125,34.95216369628906,33.14018249511719,28.848648071289062,29.420852661132812,-4.291534423828125,0.286102294921875,,,,13.017654418945312,26.464462280273438,13.446807861328125,14.155503687263183,16.552809301018065,,QuantData term-structure
2026-08-17T16:00:00-04:00,2026-12-18,123,635.0,call,0.07574123848517095,29.802322387695312,480.62,fixed_strike,30.70831298828125,34.95216369628906,33.14018249511719,28.848648071289062,29.420852661132812,-4.291534423828125,0.286102294921875,,,,13.017654418945312,26.464462280273438,13.446807861328125,14.155503687263183,16.552809301018065,,QuantData term-structure
2026-08-17T16:00:00-04:00,2026-12-18,123,640.0,call,0.07604786320777535,29.611587524414062,480.62,fixed_strike,30.70831298828125,34.95216369628906,33.14018249511719,28.848648071289062,29.420852661132812,-4.291534423828125,0.286102294921875,,,,13.017654418945312,26.464462280273438,13.446807861328125,14.155503687263183,16.552809301018065,,QuantData term-structure
2026-08-17T16:00:00-04:00,2026-12-18,123,645.0,call,0.06368812771911064,29.897689819335938,480.62,fixed_strike,30.70831298828125,34.95216369628906,33.14018249511719,28.848648071289062,29.420852661132812,-4.291534423828125,0.286102294921875,,,,13.017654418945312,26.464462280273438,13.446807861328125,14.155503687263183,16.552809301018065,,QuantData term-structure
2026-08-17T16:00:00-04:00,2026-12-18,123,650.0,call,0.05832420808134836,29.897689819335938,480.62,fixed_strike,30.70831298828125,34.95216369628906,33.14018249511719,28.848648071289062,29.420852661132812,-4.291534423828125,0.286102294921875,,,,13.017654418945312,26.464462280273438,13.446807861328125,14.155503687263183,16.552809301018065,,QuantData term-structure
2026-08-17T16:00:00-04:00,2026-12-18,123,655.0,call,0.05533846907188239,30.183792114257812,480.62,fixed_strike,30.70831298828125,34.95216369628906,33.14018249511719,28.848648071289062,29.420852661132812,-4.291534423828125,0.286102294921875,,,,13.017654418945312,26.464462280273438,13.446807861328125,14.155503687263183,16.552809301018065,,QuantData term-structure
2026-08-17T16:00:00-04:00,2026-12-18,123,660.0,call,0.05370900999848488,29.802322387695312,480.62,fixed_strike,30.70831298828125,34.95216369628906,33.14018249511719,28.848648071289062,29.420852661132812,-4.291534423828125,0.286102294921875,,,,13.017654418945312,26.464462280273438,13.446807861328125,14.155503687263183,16.552809301018065,,QuantData term-structure
2026-08-17T16:00:00-04:00,2026-12-18,123,665.0,call,0.04564156439623057,30.088424682617188,480.62,fixed_strike,30.70831298828125,34.95216369628906,33.14018249511719,28.848648071289062,29.420852661132812,-4.291534423828125,0.286102294921875,,,,13.017654418945312,26.464462280273438,13.446807861328125,14.155503687263183,16.552809301018065,,QuantData term-structure
2026-08-17T16:00:00-04:00,2026-12-18,123,670.0,call,0.04234320127172153,30.183792114257812,480.62,fixed_strike,30.70831298828125,34.95216369628906,33.14018249511719,28.848648071289062,29.420852661132812,-4.291534423828125,0.286102294921875,,,,13.017654418945312,26.464462280273438,13.446807861328125,14.155503687263183,16.552809301018065,,QuantData term-structure
2026-08-17T16:00:00-04:00,2026-12-18,123,675.0,call,0.04171649333646599,30.088424682617188,480.62,fixed_strike,30.70831298828125,34.95216369628906,33.14018249511719,28.848648071289062,29.420852661132812,-4.291534423828125,0.286102294921875,,,,13.017654418945312,26.464462280273438,13.446807861328125,14.155503687263183,16.552809301018065,,QuantData term-structure
2026-08-17T16:00:00-04:00,2026-12-18,123,680.0,call,0.03691644962097702,30.565261840820312,480.62,fixed_strike,30.70831298828125,34.95216369628906,33.14018249511719,28.848648071289062,29.420852661132812,-4.291534423828125,0.286102294921875,,,,13.017654418945312,26.464462280273438,13.446807861328125,14.155503687263183,16.552809301018065,,QuantData term-structure
2026-08-17T16:00:00-04:00,2026-12-18,123,690.0,call,0.032020428830715104,30.565261840820312,480.62,fixed_strike,30.70831298828125,34.95216369628906,33.14018249511719,28.848648071289062,29.420852661132812,-4.291534423828125,0.286102294921875,,,,13.017654418945312,26.464462280273438,13.446807861328125,14.155503687263183,16.552809301018065,,QuantData term-structure
2026-08-17T16:00:00-04:00,2026-12-18,123,695.0,call,0.029387365816667885,30.755996704101562,480.62,fixed_strike,30.70831298828125,34.95216369628906,33.14018249511719,28.848648071289062,29.420852661132812,-4.291534423828125,0.286102294921875,,,,13.017654418945312,26.464462280273438,13.446807861328125,14.155503687263183,16.552809301018065,,QuantData term-structure
2026-08-17T16:00:00-04:00,2026-12-18,123,700.0,call,0.02662759432337035,30.565261840820312,480.62,fixed_strike,30.70831298828125,34.95216369628906,33.14018249511719,28.848648071289062,29.420852661132812,-4.291534423828125,0.286102294921875,,,,13.017654418945312,26.464462280273438,13.446807861328125,14.155503687263183,16.552809301018065,,QuantData term-structure
2026-08-17T16:00:00-04:00,2026-12-18,123,720.0,call,0.01912220056321161,31.042098999023438,480.62,fixed_strike,30.70831298828125,34.95216369628906,33.14018249511719,28.848648071289062,29.420852661132812,-4.291534423828125,0.286102294921875,,,,13.017654418945312,26.464462280273438,13.446807861328125,14.155503687263183,16.552809301018065,,QuantData term-structure
2026-08-17T16:00:00-04:00,2026-12-18,123,740.0,call,0.013868532818557244,31.232833862304688,480.62,fixed_strike,30.70831298828125,34.95216369628906,33.14018249511719,28.848648071289062,29.420852661132812,-4.291534423828125,0.286102294921875,,,,13.017654418945312,26.464462280273438,13.446807861328125,14.155503687263183,16.552809301018065,,QuantData term-structure
2026-08-17T16:00:00-04:00,2026-12-18,123,760.0,call,0.011485529461602506,31.518936157226562,480.62,fixed_strike,30.70831298828125,34.95216369628906,33.14018249511719,28.848648071289062,29.420852661132812,-4.291534423828125,0.286102294921875,,,,13.017654418945312,26.464462280273438,13.446807861328125,14.155503687263183,16.552809301018065,,QuantData term-structure
2026-08-17T16:00:00-04:00,2026-12-18,123,780.0,call,0.008640540593428328,31.900405883789062,480.62,fixed_strike,30.70831298828125,34.95216369628906,33.14018249511719,28.848648071289062,29.420852661132812,-4.291534423828125,0.286102294921875,,,,13.017654418945312,26.464462280273438,13.446807861328125,14.155503687263183,16.552809301018065,,QuantData term-structure
2026-08-17T16:00:00-04:00,2026-12-18,123,800.0,call,0.004355662812604194,31.328201293945312,480.62,fixed_strike,30.70831298828125,34.95216369628906,33.14018249511719,28.848648071289062,29.420852661132812,-4.291534423828125,0.286102294921875,,,,13.017654418945312,26.464462280273438,13.446807861328125,14.155503687263183,16.552809301018065,,QuantData term-structure
2026-08-17T16:00:00-04:00,2027-01-15,151,180.0,put,-0.0024534792254722903,59.46159362792969,480.62,fixed_strike,30.279159545898438,34.09385681152344,32.47261047363281,28.467178344726562,29.134750366210938,-4.00543212890625,0.19073486328125,,,,13.017654418945312,26.464462280273438,13.446807861328125,14.155503687263183,16.123655858635253,,QuantData term-structure
2026-08-17T16:00:00-04:00,2027-01-15,151,185.0,put,-0.0016520581775403302,54.88395690917969,480.62,fixed_strike,30.279159545898438,34.09385681152344,32.47261047363281,28.467178344726562,29.134750366210938,-4.00543212890625,0.19073486328125,,,,13.017654418945312,26.464462280273438,13.446807861328125,14.155503687263183,16.123655858635253,,QuantData term-structure
2026-08-17T16:00:00-04:00,2027-01-15,151,190.0,put,-0.0014076971338212584,52.11830139160156,480.62,fixed_strike,30.279159545898438,34.09385681152344,32.47261047363281,28.467178344726562,29.134750366210938,-4.00543212890625,0.19073486328125,,,,13.017654418945312,26.464462280273438,13.446807861328125,14.155503687263183,16.123655858635253,,QuantData term-structure
2026-08-17T16:00:00-04:00,2027-01-15,151,195.0,put,-0.001396959615532997,51.25999450683594,480.62,fixed_strike,30.279159545898438,34.09385681152344,32.47261047363281,28.467178344726562,29.134750366210938,-4.00543212890625,0.19073486328125,,,,13.017654418945312,26.464462280273438,13.446807861328125,14.155503687263183,16.123655858635253,,QuantData term-structure
2026-08-17T16:00:00-04:00,2027-01-15,151,200.0,call,1.0,0.0476837158203125,480.62,fixed_strike,30.279159545898438,34.09385681152344,32.47261047363281,28.467178344726562,29.134750366210938,-4.00543212890625,0.19073486328125,,,,13.017654418945312,26.464462280273438,13.446807861328125,14.155503687263183,16.123655858635253,,QuantData term-structure
2026-08-17T16:00:00-04:00,2027-01-15,151,200.0,put,-0.001661292423039021,50.21095275878906,480.62,fixed_strike,30.279159545898438,34.09385681152344,32.47261047363281,28.467178344726562,29.134750366210938,-4.00543212890625,0.19073486328125,,,,13.017654418945312,26.464462280273438,13.446807861328125,14.155503687263183,16.123655858635253,,QuantData term-structure
2026-08-17T16:00:00-04:00,2027-01-15,151,210.0,put,-0.0020534459360240106,48.87580871582031,480.62,fixed_strike,30.279159545898438,34.09385681152344,32.47261047363281,28.467178344726562,29.134750366210938,-4.00543212890625,0.19073486328125,,,,13.017654418945312,26.464462280273438,13.446807861328125,14.155503687263183,16.123655858635253,,QuantData term-structure
2026-08-17T16:00:00-04:00,2027-01-15,151,220.0,put,-0.0030097208513470445,48.01750183105469,480.62,fixed_strike,30.279159545898438,34.09385681152344,32.47261047363281,28.467178344726562,29.134750366210938,-4.00543212890625,0.19073486328125,,,,13.017654418945312,26.464462280273438,13.446807861328125,14.155503687263183,16.123655858635253,,QuantData term-structure
2026-08-17T16:00:00-04:00,2027-01-15,151,230.0,put,-0.002191397608180161,44.77500915527344,480.62,fixed_strike,30.279159545898438,34.09385681152344,32.47261047363281,28.467178344726562,29.134750366210938,-4.00543212890625,0.19073486328125,,,,13.017654418945312,26.464462280273438,13.446807861328125,14.155503687263183,16.123655858635253,,QuantData term-structure
2026-08-17T16:00:00-04:00,2027-01-15,151,250.0,put,-0.004977044993188349,42.86766052246094,480.62,fixed_strike,30.279159545898438,34.09385681152344,32.47261047363281,28.467178344726562,29.134750366210938,-4.00543212890625,0.19073486328125,,,,13.017654418945312,26.464462280273438,13.446807861328125,14.155503687263183,16.123655858635253,,QuantData term-structure
2026-08-17T16:00:00-04:00,2027-01-15,151,260.0,put,-0.006544353981787882,42.67692565917969,480.62,fixed_strike,30.279159545898438,34.09385681152344,32.47261047363281,28.467178344726562,29.134750366210938,-4.00543212890625,0.19073486328125,,,,13.017654418945312,26.464462280273438,13.446807861328125,14.155503687263183,16.123655858635253,,QuantData term-structure
2026-08-17T16:00:00-04:00,2027-01-15,151,280.0,put,-0.010981254798849026,40.19737243652344,480.62,fixed_strike,30.279159545898438,34.09385681152344,32.47261047363281,28.467178344726562,29.134750366210938,-4.00543212890625,0.19073486328125,,,,13.017654418945312,26.464462280273438,13.446807861328125,14.155503687263183,16.123655858635253,,QuantData term-structure
2026-08-17T16:00:00-04:00,2027-01-15,151,290.0,call,1.0,0.0476837158203125,480.62,fixed_strike,30.279159545898438,34.09385681152344,32.47261047363281,28.467178344726562,29.134750366210938,-4.00543212890625,0.19073486328125,,,,13.017654418945312,26.464462280273438,13.446807861328125,14.155503687263183,16.123655858635253,,QuantData term-structure
2026-08-17T16:00:00-04:00,2027-01-15,151,290.0,put,-0.013856821577501515,39.14833068847656,480.62,fixed_strike,30.279159545898438,34.09385681152344,32.47261047363281,28.467178344726562,29.134750366210938,-4.00543212890625,0.19073486328125,,,,13.017654418945312,26.464462280273438,13.446807861328125,14.155503687263183,16.123655858635253,,QuantData term-structure
2026-08-17T16:00:00-04:00,2027-01-15,151,300.0,call,1.0,0.0476837158203125,480.62,fixed_strike,30.279159545898438,34.09385681152344,32.47261047363281,28.467178344726562,29.134750366210938,-4.00543212890625,0.19073486328125,,,,13.017654418945312,26.464462280273438,13.446807861328125,14.155503687263183,16.123655858635253,,QuantData term-structure
2026-08-17T16:00:00-04:00,2027-01-15,151,300.0,put,-0.01774174120758333,38.48075866699219,480.62,fixed_strike,30.279159545898438,34.09385681152344,32.47261047363281,28.467178344726562,29.134750366210938,-4.00543212890625,0.19073486328125,,,,13.017654418945312,26.464462280273438,13.446807861328125,14.155503687263183,16.123655858635253,,QuantData term-structure
2026-08-17T16:00:00-04:00,2027-01-15,151,310.0,put,-0.022502390335933656,37.90855407714844,480.62,fixed_strike,30.279159545898438,34.09385681152344,32.47261047363281,28.467178344726562,29.134750366210938,-4.00543212890625,0.19073486328125,,,,13.017654418945312,26.464462280273438,13.446807861328125,14.155503687263183,16.123655858635253,,QuantData term-structure
2026-08-17T16:00:00-04:00,2027-01-15,151,315.0,put,-0.025675054555414963,37.43171691894531,480.62,fixed_strike,30.279159545898438,34.09385681152344,32.47261047363281,28.467178344726562,29.134750366210938,-4.00543212890625,0.19073486328125,,,,13.017654418945312,26.464462280273438,13.446807861328125,14.155503687263183,16.123655858635253,,QuantData term-structure
2026-08-17T16:00:00-04:00,2027-01-15,151,320.0,call,1.0,0.0476837158203125,480.62,fixed_strike,30.279159545898438,34.09385681152344,32.47261047363281,28.467178344726562,29.134750366210938,-4.00543212890625,0.19073486328125,,,,13.017654418945312,26.464462280273438,13.446807861328125,14.155503687263183,16.123655858635253,,QuantData term-structure
2026-08-17T16:00:00-04:00,2027-01-15,151,320.0,put,-0.028736463069325667,37.05024719238281,480.62,fixed_strike,30.279159545898438,34.09385681152344,32.47261047363281,28.467178344726562,29.134750366210938,-4.00543212890625,0.19073486328125,,,,13.017654418945312,26.464462280273438,13.446807861328125,14.155503687263183,16.123655858635253,,QuantData term-structure
2026-08-17T16:00:00-04:00,2027-01-15,151,325.0,put,-0.032032898777414685,37.14561462402344,480.62,fixed_strike,30.279159545898438,34.09385681152344,32.47261047363281,28.467178344726562,29.134750366210938,-4.00543212890625,0.19073486328125,,,,13.017654418945312,26.464462280273438,13.446807861328125,14.155503687263183,16.123655858635253,,QuantData term-structure
2026-08-17T16:00:00-04:00,2027-01-15,151,330.0,call,1.0,0.0476837158203125,480.62,fixed_strike,30.279159545898438,34.09385681152344,32.47261047363281,28.467178344726562,29.134750366210938,-4.00543212890625,0.19073486328125,,,,13.017654418945312,26.464462280273438,13.446807861328125,14.155503687263183,16.123655858635253,,QuantData term-structure
2026-08-17T16:00:00-04:00,2027-01-15,151,330.0,put,-0.03683091173676233,36.85951232910156,480.62,fixed_strike,30.279159545898438,34.09385681152344,32.47261047363281,28.467178344726562,29.134750366210938,-4.00543212890625,0.19073486328125,,,,13.017654418945312,26.464462280273438,13.446807861328125,14.155503687263183,16.123655858635253,,QuantData term-structure
2026-08-17T16:00:00-04:00,2027-01-15,151,335.0,put,-0.040391268479194845,36.09657287597656,480.62,fixed_strike,30.279159545898438,34.09385681152344,32.47261047363281,28.467178344726562,29.134750366210938,-4.00543212890625,0.19073486328125,,,,13.017654418945312,26.464462280273438,13.446807861328125,14.155503687263183,16.123655858635253,,QuantData term-structure
2026-08-17T16:00:00-04:00,2027-01-15,151,340.0,call,1.0,0.0476837158203125,480.62,fixed_strike,30.279159545898438,34.09385681152344,32.47261047363281,28.467178344726562,29.134750366210938,-4.00543212890625,0.19073486328125,,,,13.017654418945312,26.464462280273438,13.446807861328125,14.155503687263183,16.123655858635253,,QuantData term-structure
2026-08-17T16:00:00-04:00,2027-01-15,151,340.0,put,-0.04501110369425876,36.00120544433594,480.62,fixed_strike,30.279159545898438,34.09385681152344,32.47261047363281,28.467178344726562,29.134750366210938,-4.00543212890625,0.19073486328125,,,,13.017654418945312,26.464462280273438,13.446807861328125,14.155503687263183,16.123655858635253,,QuantData term-structure
2026-08-17T16:00:00-04:00,2027-01-15,151,345.0,put,-0.05025428289971001,35.52436828613281,480.62,fixed_strike,30.279159545898438,34.09385681152344,32.47261047363281,28.467178344726562,29.134750366210938,-4.00543212890625,0.19073486328125,,,,13.017654418945312,26.464462280273438,13.446807861328125,14.155503687263183,16.123655858635253,,QuantData term-structure
2026-08-17T16:00:00-04:00,2027-01-15,151,350.0,call,0.991277702098326,22.840499877929688,480.62,fixed_strike,30.279159545898438,34.09385681152344,32.47261047363281,28.467178344726562,29.134750366210938,-4.00543212890625,0.19073486328125,,,,13.017654418945312,26.464462280273438,13.446807861328125,14.155503687263183,16.123655858635253,,QuantData term-structure
2026-08-17T16:00:00-04:00,2027-01-15,151,350.0,put,-0.055946624614733875,35.33363342285156,480.62,fixed_strike,30.279159545898438,34.09385681152344,32.47261047363281,28.467178344726562,29.134750366210938,-4.00543212890625,0.19073486328125,,,,13.017654418945312,26.464462280273438,13.446807861328125,14.155503687263183,16.123655858635253,,QuantData term-structure
2026-08-17T16:00:00-04:00,2027-01-15,151,355.0,call,0.9882659739808703,23.412704467773438,480.62,fixed_strike,30.279159545898438,34.09385681152344,32.47261047363281,28.467178344726562,29.134750366210938,-4.00543212890625,0.19073486328125,,,,13.017654418945312,26.464462280273438,13.446807861328125,14.155503687263183,16.123655858635253,,QuantData term-structure
2026-08-17T16:00:00-04:00,2027-01-15,151,355.0,put,-0.061528691660079904,35.14289855957031,480.62,fixed_strike,30.279159545898438,34.09385681152344,32.47261047363281,28.467178344726562,29.134750366210938,-4.00543212890625,0.19073486328125,,,,13.017654418945312,26.464462280273438,13.446807861328125,14.155503687263183,16.123655858635253,,QuantData term-structure
2026-08-17T16:00:00-04:00,2027-01-15,151,360.0,call,0.9646778278676423,27.704238891601562,480.62,fixed_strike,30.279159545898438,34.09385681152344,32.47261047363281,28.467178344726562,29.134750366210938,-4.00543212890625,0.19073486328125,,,,13.017654418945312,26.464462280273438,13.446807861328125,14.155503687263183,16.123655858635253,,QuantData term-structure
2026-08-17T16:00:00-04:00,2027-01-15,151,360.0,put,-0.06969029588017539,35.23826599121094,480.62,fixed_strike,30.279159545898438,34.09385681152344,32.47261047363281,28.467178344726562,29.134750366210938,-4.00543212890625,0.19073486328125,,,,13.017654418945312,26.464462280273438,13.446807861328125,14.155503687263183,16.123655858635253,,QuantData term-structure
2026-08-17T16:00:00-04:00,2027-01-15,151,365.0,call,0.9545112241857321,28.467178344726562,480.62,fixed_strike,30.279159545898438,34.09385681152344,32.47261047363281,28.467178344726562,29.134750366210938,-4.00543212890625,0.19073486328125,,,,13.017654418945312,26.464462280273438,13.446807861328125,14.155503687263183,16.123655858635253,,QuantData term-structure
2026-08-17T16:00:00-04:00,2027-01-15,151,365.0,put,-0.07519930916703238,34.85679626464844,480.62,fixed_strike,30.279159545898438,34.09385681152344,32.47261047363281,28.467178344726562,29.134750366210938,-4.00543212890625,0.19073486328125,,,,13.017654418945312,26.464462280273438,13.446807861328125,14.155503687263183,16.123655858635253,,QuantData term-structure
2026-08-17T16:00:00-04:00,2027-01-15,151,370.0,call,0.9555715803466458,27.322769165039062,480.62,fixed_strike,30.279159545898438,34.09385681152344,32.47261047363281,28.467178344726562,29.134750366210938,-4.00543212890625,0.19073486328125,,,,13.017654418945312,26.464462280273438,13.446807861328125,14.155503687263183,16.123655858635253,,QuantData term-structure
2026-08-17T16:00:00-04:00,2027-01-15,151,370.0,put,-0.08348569607804524,34.37995910644531,480.62,fixed_strike,30.279159545898438,34.09385681152344,32.47261047363281,28.467178344726562,29.134750366210938,-4.00543212890625,0.19073486328125,,,,13.017654418945312,26.464462280273438,13.446807861328125,14.155503687263183,16.123655858635253,,QuantData term-structure
2026-08-17T16:00:00-04:00,2027-01-15,151,375.0,call,0.9417173400145832,28.085708618164062,480.62,fixed_strike,30.279159545898438,34.09385681152344,32.47261047363281,28.467178344726562,29.134750366210938,-4.00543212890625,0.19073486328125,,,,13.017654418945312,26.464462280273438,13.446807861328125,14.155503687263183,16.123655858635253,,QuantData term-structure
2026-08-17T16:00:00-04:00,2027-01-15,151,375.0,put,-0.09315399267391727,34.47532653808594,480.62,fixed_strike,30.279159545898438,34.09385681152344,32.47261047363281,28.467178344726562,29.134750366210938,-4.00543212890625,0.19073486328125,,,,13.017654418945312,26.464462280273438,13.446807861328125,14.155503687263183,16.123655858635253,,QuantData term-structure
2026-08-17T16:00:00-04:00,2027-01-15,151,380.0,call,0.931274335539387,28.467178344726562,480.62,fixed_strike,30.279159545898438,34.09385681152344,32.47261047363281,28.467178344726562,29.134750366210938,-4.00543212890625,0.19073486328125,,,,13.017654418945312,26.464462280273438,13.446807861328125,14.155503687263183,16.123655858635253,,QuantData term-structure
2026-08-17T16:00:00-04:00,2027-01-15,151,380.0,put,-0.10230313658081969,34.09385681152344,480.62,fixed_strike,30.279159545898438,34.09385681152344,32.47261047363281,28.467178344726562,29.134750366210938,-4.00543212890625,0.19073486328125,,,,13.017654418945312,26.464462280273438,13.446807861328125,14.155503687263183,16.123655858635253,,QuantData term-structure
2026-08-17T16:00:00-04:00,2027-01-15,151,385.0,call,0.9124672999414636,29.706954956054688,480.62,fixed_strike,30.279159545898438,34.09385681152344,32.47261047363281,28.467178344726562,29.134750366210938,-4.00543212890625,0.19073486328125,,,,13.017654418945312,26.464462280273438,13.446807861328125,14.155503687263183,16.123655858635253,,QuantData term-structure
2026-08-17T16:00:00-04:00,2027-01-15,151,385.0,put,-0.11223742696948946,33.99848937988281,480.62,fixed_strike,30.279159545898438,34.09385681152344,32.47261047363281,28.467178344726562,29.134750366210938,-4.00543212890625,0.19073486328125,,,,13.017654418945312,26.464462280273438,13.446807861328125,14.155503687263183,16.123655858635253,,QuantData term-structure
2026-08-17T16:00:00-04:00,2027-01-15,151,390.0,call,0.9080975368170721,28.848648071289062,480.62,fixed_strike,30.279159545898438,34.09385681152344,32.47261047363281,28.467178344726562,29.134750366210938,-4.00543212890625,0.19073486328125,,,,13.017654418945312,26.464462280273438,13.446807861328125,14.155503687263183,16.123655858635253,,QuantData term-structure
2026-08-17T16:00:00-04:00,2027-01-15,151,390.0,put,-0.12264874390104008,33.90312194824219,480.62,fixed_strike,30.279159545898438,34.09385681152344,32.47261047363281,28.467178344726562,29.134750366210938,-4.00543212890625,0.19073486328125,,,,13.017654418945312,26.464462280273438,13.446807861328125,14.155503687263183,16.123655858635253,,QuantData term-structure
2026-08-17T16:00:00-04:00,2027-01-15,151,395.0,call,0.8940206074121609,28.944015502929688,480.62,fixed_strike,30.279159545898438,34.09385681152344,32.47261047363281,28.467178344726562,29.134750366210938,-4.00543212890625,0.19073486328125,,,,13.017654418945312,26.464462280273438,13.446807861328125,14.155503687263183,16.123655858635253,,QuantData term-structure
2026-08-17T16:00:00-04:00,2027-01-15,151,395.0,put,-0.13287100784927441,33.42628479003906,480.62,fixed_strike,30.279159545898438,34.09385681152344,32.47261047363281,28.467178344726562,29.134750366210938,-4.00543212890625,0.19073486328125,,,,13.017654418945312,26.464462280273438,13.446807861328125,14.155503687263183,16.123655858635253,,QuantData term-structure
2026-08-17T16:00:00-04:00,2027-01-15,151,400.0,call,0.8802156441879737,29.039382934570312,480.62,fixed_strike,30.279159545898438,34.09385681152344,32.47261047363281,28.467178344726562,29.134750366210938,-4.00543212890625,0.19073486328125,,,,13.017654418945312,26.464462280273438,13.446807861328125,14.155503687263183,16.123655858635253,,QuantData term-structure
2026-08-17T16:00:00-04:00,2027-01-15,151,400.0,put,-0.143331454356954,33.14018249511719,480.62,fixed_strike,30.279159545898438,34.09385681152344,32.47261047363281,28.467178344726562,29.134750366210938,-4.00543212890625,0.19073486328125,,,,13.017654418945312,26.464462280273438,13.446807861328125,14.155503687263183,16.123655858635253,,QuantData term-structure
2026-08-17T16:00:00-04:00,2027-01-15,151,405.0,call,0.8658975830087741,29.230117797851562,480.62,fixed_strike,30.279159545898438,34.09385681152344,32.47261047363281,28.467178344726562,29.134750366210938,-4.00543212890625,0.19073486328125,,,,13.017654418945312,26.464462280273438,13.446807861328125,14.155503687263183,16.123655858635253,,QuantData term-structure
2026-08-17T16:00:00-04:00,2027-01-15,151,405.0,put,-0.15727140975886628,33.33091735839844,480.62,fixed_strike,30.279159545898438,34.09385681152344,32.47261047363281,28.467178344726562,29.134750366210938,-4.00543212890625,0.19073486328125,,,,13.017654418945312,26.464462280273438,13.446807861328125,14.155503687263183,16.123655858635253,,QuantData term-structure
2026-08-17T16:00:00-04:00,2027-01-15,151,410.0,call,0.8481645153089263,29.611587524414062,480.62,fixed_strike,30.279159545898438,34.09385681152344,32.47261047363281,28.467178344726562,29.134750366210938,-4.00543212890625,0.19073486328125,,,,13.017654418945312,26.464462280273438,13.446807861328125,14.155503687263183,16.123655858635253,,QuantData term-structure
2026-08-17T16:00:00-04:00,2027-01-15,151,410.0,put,-0.17077586528311284,33.14018249511719,480.62,fixed_strike,30.279159545898438,34.09385681152344,32.47261047363281,28.467178344726562,29.134750366210938,-4.00543212890625,0.19073486328125,,,,13.017654418945312,26.464462280273438,13.446807861328125,14.155503687263183,16.123655858635253,,QuantData term-structure
2026-08-17T16:00:00-04:00,2027-01-15,151,415.0,call,0.8358173207998909,29.134750366210938,480.62,fixed_strike,30.279159545898438,34.09385681152344,32.47261047363281,28.467178344726562,29.134750366210938,-4.00543212890625,0.19073486328125,,,,13.017654418945312,26.464462280273438,13.446807861328125,14.155503687263183,16.123655858635253,,QuantData term-structure
2026-08-17T16:00:00-04:00,2027-01-15,151,415.0,put,-0.18406412077900453,32.94944763183594,480.62,fixed_strike,30.279159545898438,34.09385681152344,32.47261047363281,28.467178344726562,29.134750366210938,-4.00543212890625,0.19073486328125,,,,13.017654418945312,26.464462280273438,13.446807861328125,14.155503687263183,16.123655858635253,,QuantData term-structure
2026-08-17T16:00:00-04:00,2027-01-15,151,420.0,call,0.8204115742258586,29.230117797851562,480.62,fixed_strike,30.279159545898438,34.09385681152344,32.47261047363281,28.467178344726562,29.134750366210938,-4.00543212890625,0.19073486328125,,,,13.017654418945312,26.464462280273438,13.446807861328125,14.155503687263183,16.123655858635253,,QuantData term-structure
2026-08-17T16:00:00-04:00,2027-01-15,151,420.0,put,-0.1998029325995857,32.94944763183594,480.62,fixed_strike,30.279159545898438,34.09385681152344,32.47261047363281,28.467178344726562,29.134750366210938,-4.00543212890625,0.19073486328125,,,,13.017654418945312,26.464462280273438,13.446807861328125,14.155503687263183,16.123655858635253,,QuantData term-structure
2026-08-17T16:00:00-04:00,2027-01-15,151,425.0,call,0.8036134558745844,29.325485229492188,480.62,fixed_strike,30.279159545898438,34.09385681152344,32.47261047363281,28.467178344726562,29.134750366210938,-4.00543212890625,0.19073486328125,,,,13.017654418945312,26.464462280273438,13.446807861328125,14.155503687263183,16.123655858635253,,QuantData term-structure
2026-08-17T16:00:00-04:00,2027-01-15,151,425.0,put,-0.2151778072904164,32.75871276855469,480.62,fixed_strike,30.279159545898438,34.09385681152344,32.47261047363281,28.467178344726562,29.134750366210938,-4.00543212890625,0.19073486328125,,,,13.017654418945312,26.464462280273438,13.446807861328125,14.155503687263183,16.123655858635253,,QuantData term-structure
2026-08-17T16:00:00-04:00,2027-01-15,151,430.0,call,0.7820668811354371,29.420852661132812,480.62,fixed_strike,30.279159545898438,34.09385681152344,32.47261047363281,28.467178344726562,29.134750366210938,-4.00543212890625,0.19073486328125,,,,13.017654418945312,26.464462280273438,13.446807861328125,14.155503687263183,16.123655858635253,,QuantData term-structure
2026-08-17T16:00:00-04:00,2027-01-15,151,430.0,put,-0.23011523016244317,32.37724304199219,480.62,fixed_strike,30.279159545898438,34.09385681152344,32.47261047363281,28.467178344726562,29.134750366210938,-4.00543212890625,0.19073486328125,,,,13.017654418945312,26.464462280273438,13.446807861328125,14.155503687263183,16.123655858635253,,QuantData term-structure
2026-08-17T16:00:00-04:00,2027-01-15,151,435.0,call,0.7654028471844396,29.611587524414062,480.62,fixed_strike,30.279159545898438,34.09385681152344,32.47261047363281,28.467178344726562,29.134750366210938,-4.00543212890625,0.19073486328125,,,,13.017654418945312,26.464462280273438,13.446807861328125,14.155503687263183,16.123655858635253,,QuantData term-structure
2026-08-17T16:00:00-04:00,2027-01-15,151,435.0,put,-0.24727230039714698,32.47261047363281,480.62,fixed_strike,30.279159545898438,34.09385681152344,32.47261047363281,28.467178344726562,29.134750366210938,-4.00543212890625,0.19073486328125,,,,13.017654418945312,26.464462280273438,13.446807861328125,14.155503687263183,16.123655858635253,,QuantData term-structure
2026-08-17T16:00:00-04:00,2027-01-15,151,440.0,call,0.744292676886877,29.993057250976562,480.62,fixed_strike,30.279159545898438,34.09385681152344,32.47261047363281,28.467178344726562,29.134750366210938,-4.00543212890625,0.19073486328125,,,,13.017654418945312,26.464462280273438,13.446807861328125,14.155503687263183,16.123655858635253,,QuantData term-structure
2026-08-17T16:00:00-04:00,2027-01-15,151,440.0,put,-0.2628219947528896,32.18650817871094,480.62,fixed_strike,30.279159545898438,34.09385681152344,32.47261047363281,28.467178344726562,29.134750366210938,-4.00543212890625,0.19073486328125,,,,13.017654418945312,26.464462280273438,13.446807861328125,14.155503687263183,16.123655858635253,,QuantData term-structure
2026-08-17T16:00:00-04:00,2027-01-15,151,445.0,call,0.7285103814100282,29.134750366210938,480.62,fixed_strike,30.279159545898438,34.09385681152344,32.47261047363281,28.467178344726562,29.134750366210938,-4.00543212890625,0.19073486328125,,,,13.017654418945312,26.464462280273438,13.446807861328125,14.155503687263183,16.123655858635253,,QuantData term-structure
2026-08-17T16:00:00-04:00,2027-01-15,151,445.0,put,-0.28250588448679687,32.28187561035156,480.62,fixed_strike,30.279159545898438,34.09385681152344,32.47261047363281,28.467178344726562,29.134750366210938,-4.00543212890625,0.19073486328125,,,,13.017654418945312,26.464462280273438,13.446807861328125,14.155503687263183,16.123655858635253,,QuantData term-structure
2026-08-17T16:00:00-04:00,2027-01-15,151,450.0,call,0.7100200262968281,29.230117797851562,480.62,fixed_strike,30.279159545898438,34.09385681152344,32.47261047363281,28.467178344726562,29.134750366210938,-4.00543212890625,0.19073486328125,,,,13.017654418945312,26.464462280273438,13.446807861328125,14.155503687263183,16.123655858635253,,QuantData term-structure
2026-08-17T16:00:00-04:00,2027-01-15,151,450.0,put,-0.30135577699284377,31.995773315429688,480.62,fixed_strike,30.279159545898438,34.09385681152344,32.47261047363281,28.467178344726562,29.134750366210938,-4.00543212890625,0.19073486328125,,,,13.017654418945312,26.464462280273438,13.446807861328125,14.155503687263183,16.123655858635253,,QuantData term-structure
2026-08-17T16:00:00-04:00,2027-01-15,151,455.0,call,0.6909017145311445,29.230117797851562,480.62,fixed_strike,30.279159545898438,34.09385681152344,32.47261047363281,28.467178344726562,29.134750366210938,-4.00543212890625,0.19073486328125,,,,13.017654418945312,26.464462280273438,13.446807861328125,14.155503687263183,16.123655858635253,,QuantData term-structure
2026-08-17T16:00:00-04:00,2027-01-15,151,455.0,put,-0.3189189635874017,32.09114074707031,480.62,fixed_strike,30.279159545898438,34.09385681152344,32.47261047363281,28.467178344726562,29.134750366210938,-4.00543212890625,0.19073486328125,,,,13.017654418945312,26.464462280273438,13.446807861328125,14.155503687263183,16.123655858635253,,QuantData term-structure
2026-08-17T16:00:00-04:00,2027-01-15,151,460.0,call,0.6697212608391325,28.944015502929688,480.62,fixed_strike,30.279159545898438,34.09385681152344,32.47261047363281,28.467178344726562,29.134750366210938,-4.00543212890625,0.19073486328125,,,,13.017654418945312,26.464462280273438,13.446807861328125,14.155503687263183,16.123655858635253,,QuantData term-structure
2026-08-17T16:00:00-04:00,2027-01-15,151,460.0,put,-0.3391390590140463,31.805038452148438,480.62,fixed_strike,30.279159545898438,34.09385681152344,32.47261047363281,28.467178344726562,29.134750366210938,-4.00543212890625,0.19073486328125,,,,13.017654418945312,26.464462280273438,13.446807861328125,14.155503687263183,16.123655858635253,,QuantData term-structure
2026-08-17T16:00:00-04:00,2027-01-15,151,465.0,call,0.642834908896499,28.753280639648438,480.62,fixed_strike,30.279159545898438,34.09385681152344,32.47261047363281,28.467178344726562,29.134750366210938,-4.00543212890625,0.19073486328125,,,,13.017654418945312,26.464462280273438,13.446807861328125,14.155503687263183,16.123655858635253,,QuantData term-structure
2026-08-17T16:00:00-04:00,2027-01-15,151,465.0,put,-0.3608505779679939,31.805038452148438,480.62,fixed_strike,30.279159545898438,34.09385681152344,32.47261047363281,28.467178344726562,29.134750366210938,-4.00543212890625,0.19073486328125,,,,13.017654418945312,26.464462280273438,13.446807861328125,14.155503687263183,16.123655858635253,,QuantData term-structure
2026-08-17T16:00:00-04:00,2027-01-15,151,470.0,call,0.6262286052655248,28.944015502929688,480.62,fixed_strike,30.279159545898438,34.09385681152344,32.47261047363281,28.467178344726562,29.134750366210938,-4.00543212890625,0.19073486328125,,,,13.017654418945312,26.464462280273438,13.446807861328125,14.155503687263183,16.123655858635253,,QuantData term-structure
2026-08-17T16:00:00-04:00,2027-01-15,151,470.0,put,-0.3798499804234308,31.709671020507812,480.62,fixed_strike,30.279159545898438,34.09385681152344,32.47261047363281,28.467178344726562,29.134750366210938,-4.00543212890625,0.19073486328125,,,,13.017654418945312,26.464462280273438,13.446807861328125,14.155503687263183,16.123655858635253,,QuantData term-structure
2026-08-17T16:00:00-04:00,2027-01-15,151,475.0,call,0.6009769313572724,28.848648071289062,480.62,fixed_strike,30.279159545898438,34.09385681152344,32.47261047363281,28.467178344726562,29.134750366210938,-4.00543212890625,0.19073486328125,,,,13.017654418945312,26.464462280273438,13.446807861328125,14.155503687263183,16.123655858635253,,QuantData term-structure
2026-08-17T16:00:00-04:00,2027-01-15,151,475.0,put,-0.39646869613674174,31.995773315429688,480.62,fixed_strike,30.279159545898438,34.09385681152344,32.47261047363281,28.467178344726562,29.134750366210938,-4.00543212890625,0.19073486328125,,,,13.017654418945312,26.464462280273438,13.446807861328125,14.155503687263183,16.123655858635253,,QuantData term-structure
2026-08-17T16:00:00-04:00,2027-01-15,151,480.0,call,0.5832395680795353,28.848648071289062,480.62,fixed_strike,30.279159545898438,34.09385681152344,32.47261047363281,28.467178344726562,29.134750366210938,-4.00543212890625,0.19073486328125,,,,13.017654418945312,26.464462280273438,13.446807861328125,14.155503687263183,16.123655858635253,,QuantData term-structure
2026-08-17T16:00:00-04:00,2027-01-15,151,480.0,put,-0.4191103629168524,31.709671020507812,480.62,fixed_strike,30.279159545898438,34.09385681152344,32.47261047363281,28.467178344726562,29.134750366210938,-4.00543212890625,0.19073486328125,,,,13.017654418945312,26.464462280273438,13.446807861328125,14.155503687263183,16.123655858635253,,QuantData term-structure
2026-08-17T16:00:00-04:00,2027-01-15,151,485.0,call,0.5608942273972919,28.753280639648438,480.62,fixed_strike,30.279159545898438,34.09385681152344,32.47261047363281,28.467178344726562,29.134750366210938,-4.00543212890625,0.19073486328125,,,,13.017654418945312,26.464462280273438,13.446807861328125,14.155503687263183,16.123655858635253,,QuantData term-structure
2026-08-17T16:00:00-04:00,2027-01-15,151,485.0,put,-0.44120749503350176,31.805038452148438,480.62,fixed_strike,30.279159545898438,34.09385681152344,32.47261047363281,28.467178344726562,29.134750366210938,-4.00543212890625,0.19073486328125,,,,13.017654418945312,26.464462280273438,13.446807861328125,14.155503687263183,16.123655858635253,,QuantData term-structure
2026-08-17T16:00:00-04:00,2027-01-15,151,490.0,call,0.5351884232987281,28.753280639648438,480.62,fixed_strike,30.279159545898438,34.09385681152344,32.47261047363281,28.467178344726562,29.134750366210938,-4.00543212890625,0.19073486328125,,,,13.017654418945312,26.464462280273438,13.446807861328125,14.155503687263183,16.123655858635253,,QuantData term-structure
2026-08-17T16:00:00-04:00,2027-01-15,151,490.0,put,-0.4610838300091436,31.805038452148438,480.62,fixed_strike,30.279159545898438,34.09385681152344,32.47261047363281,28.467178344726562,29.134750366210938,-4.00543212890625,0.19073486328125,,,,13.017654418945312,26.464462280273438,13.446807861328125,14.155503687263183,16.123655858635253,,QuantData term-structure
2026-08-17T16:00:00-04:00,2027-01-15,151,495.0,call,0.5161808143013582,28.753280639648438,480.62,fixed_strike,30.279159545898438,34.09385681152344,32.47261047363281,28.467178344726562,29.134750366210938,-4.00543212890625,0.19073486328125,,,,13.017654418945312,26.464462280273438,13.446807861328125,14.155503687263183,16.123655858635253,,QuantData term-structure
2026-08-17T16:00:00-04:00,2027-01-15,151,495.0,put,-0.4643333396377517,31.137466430664062,480.62,fixed_strike,30.279159545898438,34.09385681152344,32.47261047363281,28.467178344726562,29.134750366210938,-4.00543212890625,0.19073486328125,,,,13.017654418945312,26.464462280273438,13.446807861328125,14.155503687263183,16.123655858635253,,QuantData term-structure
2026-08-17T16:00:00-04:00,2027-01-15,151,500.0,call,0.49452824132142725,28.562545776367188,480.62,fixed_strike,30.279159545898438,34.09385681152344,32.47261047363281,28.467178344726562,29.134750366210938,-4.00543212890625,0.19073486328125,,,,13.017654418945312,26.464462280273438,13.446807861328125,14.155503687263183,16.123655858635253,,QuantData term-structure
2026-08-17T16:00:00-04:00,2027-01-15,151,500.0,put,-0.5001852523165431,31.900405883789062,480.62,fixed_strike,30.279159545898438,34.09385681152344,32.47261047363281,28.467178344726562,29.134750366210938,-4.00543212890625,0.19073486328125,,,,13.017654418945312,26.464462280273438,13.446807861328125,14.155503687263183,16.123655858635253,,QuantData term-structure
2026-08-17T16:00:00-04:00,2027-01-15,151,505.0,call,0.47344598994386206,28.753280639648438,480.62,fixed_strike,30.279159545898438,34.09385681152344,32.47261047363281,28.467178344726562,29.134750366210938,-4.00543212890625,0.19073486328125,,,,13.017654418945312,26.464462280273438,13.446807861328125,14.155503687263183,16.123655858635253,,QuantData term-structure
2026-08-17T16:00:00-04:00,2027-01-15,151,505.0,put,-0.5191188346292129,32.09114074707031,480.62,fixed_strike,30.279159545898438,34.09385681152344,32.47261047363281,28.467178344726562,29.134750366210938,-4.00543212890625,0.19073486328125,,,,13.017654418945312,26.464462280273438,13.446807861328125,14.155503687263183,16.123655858635253,,QuantData term-structure
2026-08-17T16:00:00-04:00,2027-01-15,151,510.0,call,0.45019666572050504,28.467178344726562,480.62,fixed_strike,30.279159545898438,34.09385681152344,32.47261047363281,28.467178344726562,29.134750366210938,-4.00543212890625,0.19073486328125,,,,13.017654418945312,26.464462280273438,13.446807861328125,14.155503687263183,16.123655858635253,,QuantData term-structure
2026-08-17T16:00:00-04:00,2027-01-15,151,510.0,put,-0.5385147421594034,32.18650817871094,480.62,fixed_strike,30.279159545898438,34.09385681152344,32.47261047363281,28.467178344726562,29.134750366210938,-4.00543212890625,0.19073486328125,,,,13.017654418945312,26.464462280273438,13.446807861328125,14.155503687263183,16.123655858635253,,QuantData term-structure
2026-08-17T16:00:00-04:00,2027-01-15,151,515.0,call,0.42790170837048963,28.753280639648438,480.62,fixed_strike,30.279159545898438,34.09385681152344,32.47261047363281,28.467178344726562,29.134750366210938,-4.00543212890625,0.19073486328125,,,,13.017654418945312,26.464462280273438,13.446807861328125,14.155503687263183,16.123655858635253,,QuantData term-structure
2026-08-17T16:00:00-04:00,2027-01-15,151,515.0,put,-0.5561453327114301,32.09114074707031,480.62,fixed_strike,30.279159545898438,34.09385681152344,32.47261047363281,28.467178344726562,29.134750366210938,-4.00543212890625,0.19073486328125,,,,13.017654418945312,26.464462280273438,13.446807861328125,14.155503687263183,16.123655858635253,,QuantData term-structure
2026-08-17T16:00:00-04:00,2027-01-15,151,520.0,call,0.41116034727819606,28.657913208007812,480.62,fixed_strike,30.279159545898438,34.09385681152344,32.47261047363281,28.467178344726562,29.134750366210938,-4.00543212890625,0.19073486328125,,,,13.017654418945312,26.464462280273438,13.446807861328125,14.155503687263183,16.123655858635253,,QuantData term-structure
2026-08-17T16:00:00-04:00,2027-01-15,151,520.0,put,-0.5710528854941657,32.09114074707031,480.62,fixed_strike,30.279159545898438,34.09385681152344,32.47261047363281,28.467178344726562,29.134750366210938,-4.00543212890625,0.19073486328125,,,,13.017654418945312,26.464462280273438,13.446807861328125,14.155503687263183,16.123655858635253,,QuantData term-structure
2026-08-17T16:00:00-04:00,2027-01-15,151,525.0,call,0.38929625295621223,28.562545776367188,480.62,fixed_strike,30.279159545898438,34.09385681152344,32.47261047363281,28.467178344726562,29.134750366210938,-4.00543212890625,0.19073486328125,,,,13.017654418945312,26.464462280273438,13.446807861328125,14.155503687263183,16.123655858635253,,QuantData term-structure
2026-08-17T16:00:00-04:00,2027-01-15,151,525.0,put,-0.5918971283804012,31.900405883789062,480.62,fixed_strike,30.279159545898438,34.09385681152344,32.47261047363281,28.467178344726562,29.134750366210938,-4.00543212890625,0.19073486328125,,,,13.017654418945312,26.464462280273438,13.446807861328125,14.155503687263183,16.123655858635253,,QuantData term-structure
2026-08-17T16:00:00-04:00,2027-01-15,151,530.0,call,0.3694512771158859,28.467178344726562,480.62,fixed_strike,30.279159545898438,34.09385681152344,32.47261047363281,28.467178344726562,29.134750366210938,-4.00543212890625,0.19073486328125,,,,13.017654418945312,26.464462280273438,13.446807861328125,14.155503687263183,16.123655858635253,,QuantData term-structure
2026-08-17T16:00:00-04:00,2027-01-15,151,530.0,put,-0.6085926505754846,32.09114074707031,480.62,fixed_strike,30.279159545898438,34.09385681152344,32.47261047363281,28.467178344726562,29.134750366210938,-4.00543212890625,0.19073486328125,,,,13.017654418945312,26.464462280273438,13.446807861328125,14.155503687263183,16.123655858635253,,QuantData term-structure
2026-08-17T16:00:00-04:00,2027-01-15,151,535.0,call,0.3503053296268436,28.467178344726562,480.62,fixed_strike,30.279159545898438,34.09385681152344,32.47261047363281,28.467178344726562,29.134750366210938,-4.00543212890625,0.19073486328125,,,,13.017654418945312,26.464462280273438,13.446807861328125,14.155503687263183,16.123655858635253,,QuantData term-structure
2026-08-17T16:00:00-04:00,2027-01-15,151,540.0,call,0.32978363282658685,28.467178344726562,480.62,fixed_strike,30.279159545898438,34.09385681152344,32.47261047363281,28.467178344726562,29.134750366210938,-4.00543212890625,0.19073486328125,,,,13.017654418945312,26.464462280273438,13.446807861328125,14.155503687263183,16.123655858635253,,QuantData term-structure
2026-08-17T16:00:00-04:00,2027-01-15,151,540.0,put,-0.6387576744568,32.85408020019531,480.62,fixed_strike,30.279159545898438,34.09385681152344,32.47261047363281,28.467178344726562,29.134750366210938,-4.00543212890625,0.19073486328125,,,,13.017654418945312,26.464462280273438,13.446807861328125,14.155503687263183,16.123655858635253,,QuantData term-structure
2026-08-17T16:00:00-04:00,2027-01-15,151,545.0,call,0.311088343640319,28.371810913085938,480.62,fixed_strike,30.279159545898438,34.09385681152344,32.47261047363281,28.467178344726562,29.134750366210938,-4.00543212890625,0.19073486328125,,,,13.017654418945312,26.464462280273438,13.446807861328125,14.155503687263183,16.123655858635253,,QuantData term-structure
2026-08-17T16:00:00-04:00,2027-01-15,151,545.0,put,-0.6551204530830845,33.23554992675781,480.62,fixed_strike,30.279159545898438,34.09385681152344,32.47261047363281,28.467178344726562,29.134750366210938,-4.00543212890625,0.19073486328125,,,,13.017654418945312,26.464462280273438,13.446807861328125,14.155503687263183,16.123655858635253,,QuantData term-structure
2026-08-17T16:00:00-04:00,2027-01-15,151,550.0,call,0.2969099165568742,28.467178344726562,480.62,fixed_strike,30.279159545898438,34.09385681152344,32.47261047363281,28.467178344726562,29.134750366210938,-4.00543212890625,0.19073486328125,,,,13.017654418945312,26.464462280273438,13.446807861328125,14.155503687263183,16.123655858635253,,QuantData term-structure
2026-08-17T16:00:00-04:00,2027-01-15,151,550.0,put,-0.6665535942326861,33.61701965332031,480.62,fixed_strike,30.279159545898438,34.09385681152344,32.47261047363281,28.467178344726562,29.134750366210938,-4.00543212890625,0.19073486328125,,,,13.017654418945312,26.464462280273438,13.446807861328125,14.155503687263183,16.123655858635253,,QuantData term-structure
2026-08-17T16:00:00-04:00,2027-01-15,151,555.0,call,0.2782090836115883,28.562545776367188,480.62,fixed_strike,30.279159545898438,34.09385681152344,32.47261047363281,28.467178344726562,29.134750366210938,-4.00543212890625,0.19073486328125,,,,13.017654418945312,26.464462280273438,13.446807861328125,14.155503687263183,16.123655858635253,,QuantData term-structure
2026-08-17T16:00:00-04:00,2027-01-15,151,560.0,call,0.2610717836820903,28.562545776367188,480.62,fixed_strike,30.279159545898438,34.09385681152344,32.47261047363281,28.467178344726562,29.134750366210938,-4.00543212890625,0.19073486328125,,,,13.017654418945312,26.464462280273438,13.446807861328125,14.155503687263183,16.123655858635253,,QuantData term-structure
2026-08-17T16:00:00-04:00,2027-01-15,151,565.0,call,0.25191747337229253,28.467178344726562,480.62,fixed_strike,30.279159545898438,34.09385681152344,32.47261047363281,28.467178344726562,29.134750366210938,-4.00543212890625,0.19073486328125,,,,13.017654418945312,26.464462280273438,13.446807861328125,14.155503687263183,16.123655858635253,,QuantData term-structure
2026-08-17T16:00:00-04:00,2027-01-15,151,570.0,call,0.2352808704204143,28.562545776367188,480.62,fixed_strike,30.279159545898438,34.09385681152344,32.47261047363281,28.467178344726562,29.134750366210938,-4.00543212890625,0.19073486328125,,,,13.017654418945312,26.464462280273438,13.446807861328125,14.155503687263183,16.123655858635253,,QuantData term-structure
2026-08-17T16:00:00-04:00,2027-01-15,151,575.0,call,0.2183326695603462,28.657913208007812,480.62,fixed_strike,30.279159545898438,34.09385681152344,32.47261047363281,28.467178344726562,29.134750366210938,-4.00543212890625,0.19073486328125,,,,13.017654418945312,26.464462280273438,13.446807861328125,14.155503687263183,16.123655858635253,,QuantData term-structure
2026-08-17T16:00:00-04:00,2027-01-15,151,580.0,call,0.2069165149381368,28.657913208007812,480.62,fixed_strike,30.279159545898438,34.09385681152344,32.47261047363281,28.467178344726562,29.134750366210938,-4.00543212890625,0.19073486328125,,,,13.017654418945312,26.464462280273438,13.446807861328125,14.155503687263183,16.123655858635253,,QuantData term-structure
2026-08-17T16:00:00-04:00,2027-01-15,151,585.0,call,0.19338166768735288,28.657913208007812,480.62,fixed_strike,30.279159545898438,34.09385681152344,32.47261047363281,28.467178344726562,29.134750366210938,-4.00543212890625,0.19073486328125,,,,13.017654418945312,26.464462280273438,13.446807861328125,14.155503687263183,16.123655858635253,,QuantData term-structure
2026-08-17T16:00:00-04:00,2027-01-15,151,590.0,call,0.18405030890409518,28.753280639648438,480.62,fixed_strike,30.279159545898438,34.09385681152344,32.47261047363281,28.467178344726562,29.134750366210938,-4.00543212890625,0.19073486328125,,,,13.017654418945312,26.464462280273438,13.446807861328125,14.155503687263183,16.123655858635253,,QuantData term-structure
2026-08-17T16:00:00-04:00,2027-01-15,151,595.0,call,0.1736479305100383,28.657913208007812,480.62,fixed_strike,30.279159545898438,34.09385681152344,32.47261047363281,28.467178344726562,29.134750366210938,-4.00543212890625,0.19073486328125,,,,13.017654418945312,26.464462280273438,13.446807861328125,14.155503687263183,16.123655858635253,,QuantData term-structure
2026-08-17T16:00:00-04:00,2027-01-15,151,600.0,call,0.15918033302010137,28.753280639648438,480.62,fixed_strike,30.279159545898438,34.09385681152344,32.47261047363281,28.467178344726562,29.134750366210938,-4.00543212890625,0.19073486328125,,,,13.017654418945312,26.464462280273438,13.446807861328125,14.155503687263183,16.123655858635253,,QuantData term-structure
2026-08-17T16:00:00-04:00,2027-01-15,151,600.0,put,-0.7623020900815551,37.52708435058594,480.62,fixed_strike,30.279159545898438,34.09385681152344,32.47261047363281,28.467178344726562,29.134750366210938,-4.00543212890625,0.19073486328125,,,,13.017654418945312,26.464462280273438,13.446807861328125,14.155503687263183,16.123655858635253,,QuantData term-structure
2026-08-17T16:00:00-04:00,2027-01-15,151,605.0,call,0.14791918362089185,28.848648071289062,480.62,fixed_strike,30.279159545898438,34.09385681152344,32.47261047363281,28.467178344726562,29.134750366210938,-4.00543212890625,0.19073486328125,,,,13.017654418945312,26.464462280273438,13.446807861328125,14.155503687263183,16.123655858635253,,QuantData term-structure
2026-08-17T16:00:00-04:00,2027-01-15,151,610.0,call,0.1423927115339212,28.848648071289062,480.62,fixed_strike,30.279159545898438,34.09385681152344,32.47261047363281,28.467178344726562,29.134750366210938,-4.00543212890625,0.19073486328125,,,,13.017654418945312,26.464462280273438,13.446807861328125,14.155503687263183,16.123655858635253,,QuantData term-structure
2026-08-17T16:00:00-04:00,2027-01-15,151,615.0,call,0.1298264066151869,29.039382934570312,480.62,fixed_strike,30.279159545898438,34.09385681152344,32.47261047363281,28.467178344726562,29.134750366210938,-4.00543212890625,0.19073486328125,,,,13.017654418945312,26.464462280273438,13.446807861328125,14.155503687263183,16.123655858635253,,QuantData term-structure
2026-08-17T16:00:00-04:00,2027-01-15,151,620.0,call,0.1220387962721079,28.944015502929688,480.62,fixed_strike,30.279159545898438,34.09385681152344,32.47261047363281,28.467178344726562,29.134750366210938,-4.00543212890625,0.19073486328125,,,,13.017654418945312,26.464462280273438,13.446807861328125,14.155503687263183,16.123655858635253,,QuantData term-structure
2026-08-17T16:00:00-04:00,2027-01-15,151,625.0,call,0.11631003040215221,29.230117797851562,480.62,fixed_strike,30.279159545898438,34.09385681152344,32.47261047363281,28.467178344726562,29.134750366210938,-4.00543212890625,0.19073486328125,,,,13.017654418945312,26.464462280273438,13.446807861328125,14.155503687263183,16.123655858635253,,QuantData term-structure
2026-08-17T16:00:00-04:00,2027-01-15,151,630.0,call,0.1093625812458916,29.039382934570312,480.62,fixed_strike,30.279159545898438,34.09385681152344,32.47261047363281,28.467178344726562,29.134750366210938,-4.00543212890625,0.19073486328125,,,,13.017654418945312,26.464462280273438,13.446807861328125,14.155503687263183,16.123655858635253,,QuantData term-structure
2026-08-17T16:00:00-04:00,2027-01-15,151,635.0,call,0.10013240736899853,29.134750366210938,480.62,fixed_strike,30.279159545898438,34.09385681152344,32.47261047363281,28.467178344726562,29.134750366210938,-4.00543212890625,0.19073486328125,,,,13.017654418945312,26.464462280273438,13.446807861328125,14.155503687263183,16.123655858635253,,QuantData term-structure
2026-08-17T16:00:00-04:00,2027-01-15,151,640.0,call,0.09485510137929493,29.230117797851562,480.62,fixed_strike,30.279159545898438,34.09385681152344,32.47261047363281,28.467178344726562,29.134750366210938,-4.00543212890625,0.19073486328125,,,,13.017654418945312,26.464462280273438,13.446807861328125,14.155503687263183,16.123655858635253,,QuantData term-structure
2026-08-17T16:00:00-04:00,2027-01-15,151,645.0,call,0.08527525024903232,29.230117797851562,480.62,fixed_strike,30.279159545898438,34.09385681152344,32.47261047363281,28.467178344726562,29.134750366210938,-4.00543212890625,0.19073486328125,,,,13.017654418945312,26.464462280273438,13.446807861328125,14.155503687263183,16.123655858635253,,QuantData term-structure
2026-08-17T16:00:00-04:00,2027-01-15,151,650.0,call,0.08080495122566977,29.230117797851562,480.62,fixed_strike,30.279159545898438,34.09385681152344,32.47261047363281,28.467178344726562,29.134750366210938,-4.00543212890625,0.19073486328125,,,,13.017654418945312,26.464462280273438,13.446807861328125,14.155503687263183,16.123655858635253,,QuantData term-structure
2026-08-17T16:00:00-04:00,2027-01-15,151,655.0,call,0.07359235635296368,29.325485229492188,480.62,fixed_strike,30.279159545898438,34.09385681152344,32.47261047363281,28.467178344726562,29.134750366210938,-4.00543212890625,0.19073486328125,,,,13.017654418945312,26.464462280273438,13.446807861328125,14.155503687263183,16.123655858635253,,QuantData term-structure
2026-08-17T16:00:00-04:00,2027-01-15,151,670.0,call,0.05949457397302843,29.420852661132812,480.62,fixed_strike,30.279159545898438,34.09385681152344,32.47261047363281,28.467178344726562,29.134750366210938,-4.00543212890625,0.19073486328125,,,,13.017654418945312,26.464462280273438,13.446807861328125,14.155503687263183,16.123655858635253,,QuantData term-structure
2026-08-17T16:00:00-04:00,2027-01-15,151,675.0,call,0.055856709193940035,29.611587524414062,480.62,fixed_strike,30.279159545898438,34.09385681152344,32.47261047363281,28.467178344726562,29.134750366210938,-4.00543212890625,0.19073486328125,,,,13.017654418945312,26.464462280273438,13.446807861328125,14.155503687263183,16.123655858635253,,QuantData term-structure
2026-08-17T16:00:00-04:00,2027-01-15,151,680.0,call,0.05394798125113959,29.516220092773438,480.62,fixed_strike,30.279159545898438,34.09385681152344,32.47261047363281,28.467178344726562,29.134750366210938,-4.00543212890625,0.19073486328125,,,,13.017654418945312,26.464462280273438,13.446807861328125,14.155503687263183,16.123655858635253,,QuantData term-structure
2026-08-17T16:00:00-04:00,2027-01-15,151,685.0,call,0.04888350135764902,29.516220092773438,480.62,fixed_strike,30.279159545898438,34.09385681152344,32.47261047363281,28.467178344726562,29.134750366210938,-4.00543212890625,0.19073486328125,,,,13.017654418945312,26.464462280273438,13.446807861328125,14.155503687263183,16.123655858635253,,QuantData term-structure
2026-08-17T16:00:00-04:00,2027-01-15,151,690.0,call,0.0452132852997455,29.802322387695312,480.62,fixed_strike,30.279159545898438,34.09385681152344,32.47261047363281,28.467178344726562,29.134750366210938,-4.00543212890625,0.19073486328125,,,,13.017654418945312,26.464462280273438,13.446807861328125,14.155503687263183,16.123655858635253,,QuantData term-structure
2026-08-17T16:00:00-04:00,2027-01-15,151,695.0,call,0.04416957503187735,29.516220092773438,480.62,fixed_strike,30.279159545898438,34.09385681152344,32.47261047363281,28.467178344726562,29.134750366210938,-4.00543212890625,0.19073486328125,,,,13.017654418945312,26.464462280273438,13.446807861328125,14.155503687263183,16.123655858635253,,QuantData term-structure
2026-08-17T16:00:00-04:00,2027-01-15,151,700.0,call,0.03959887670008546,29.897689819335938,480.62,fixed_strike,30.279159545898438,34.09385681152344,32.47261047363281,28.467178344726562,29.134750366210938,-4.00543212890625,0.19073486328125,,,,13.017654418945312,26.464462280273438,13.446807861328125,14.155503687263183,16.123655858635253,,QuantData term-structure
2026-08-17T16:00:00-04:00,2027-01-15,151,710.0,call,0.03415810436613249,29.993057250976562,480.62,fixed_strike,30.279159545898438,34.09385681152344,32.47261047363281,28.467178344726562,29.134750366210938,-4.00543212890625,0.19073486328125,,,,13.017654418945312,26.464462280273438,13.446807861328125,14.155503687263183,16.123655858635253,,QuantData term-structure
2026-08-17T16:00:00-04:00,2027-01-15,151,715.0,call,0.03371414805056739,29.706954956054688,480.62,fixed_strike,30.279159545898438,34.09385681152344,32.47261047363281,28.467178344726562,29.134750366210938,-4.00543212890625,0.19073486328125,,,,13.017654418945312,26.464462280273438,13.446807861328125,14.155503687263183,16.123655858635253,,QuantData term-structure
2026-08-17T16:00:00-04:00,2027-01-15,151,720.0,call,0.029432300294124494,29.897689819335938,480.62,fixed_strike,30.279159545898438,34.09385681152344,32.47261047363281,28.467178344726562,29.134750366210938,-4.00543212890625,0.19073486328125,,,,13.017654418945312,26.464462280273438,13.446807861328125,14.155503687263183,16.123655858635253,,QuantData term-structure
2026-08-17T16:00:00-04:00,2027-01-15,151,725.0,call,0.02821486460140413,29.802322387695312,480.62,fixed_strike,30.279159545898438,34.09385681152344,32.47261047363281,28.467178344726562,29.134750366210938,-4.00543212890625,0.19073486328125,,,,13.017654418945312,26.464462280273438,13.446807861328125,14.155503687263183,16.123655858635253,,QuantData term-structure
2026-08-17T16:00:00-04:00,2027-01-15,151,730.0,call,0.02474579430206892,30.279159545898438,480.62,fixed_strike,30.279159545898438,34.09385681152344,32.47261047363281,28.467178344726562,29.134750366210938,-4.00543212890625,0.19073486328125,,,,13.017654418945312,26.464462280273438,13.446807861328125,14.155503687263183,16.123655858635253,,QuantData term-structure
2026-08-17T16:00:00-04:00,2027-01-15,151,735.0,call,0.023535470887881046,30.374526977539062,480.62,fixed_strike,30.279159545898438,34.09385681152344,32.47261047363281,28.467178344726562,29.134750366210938,-4.00543212890625,0.19073486328125,,,,13.017654418945312,26.464462280273438,13.446807861328125,14.155503687263183,16.123655858635253,,QuantData term-structure
2026-08-17T16:00:00-04:00,2027-01-15,151,740.0,call,0.022798712902851317,30.279159545898438,480.62,fixed_strike,30.279159545898438,34.09385681152344,32.47261047363281,28.467178344726562,29.134750366210938,-4.00543212890625,0.19073486328125,,,,13.017654418945312,26.464462280273438,13.446807861328125,14.155503687263183,16.123655858635253,,QuantData term-structure
2026-08-17T16:00:00-04:00,2027-01-15,151,750.0,call,0.019372572065511875,29.993057250976562,480.62,fixed_strike,30.279159545898438,34.09385681152344,32.47261047363281,28.467178344726562,29.134750366210938,-4.00543212890625,0.19073486328125,,,,13.017654418945312,26.464462280273438,13.446807861328125,14.155503687263183,16.123655858635253,,QuantData term-structure
2026-08-17T16:00:00-04:00,2027-01-15,151,755.0,call,0.019190271238048773,30.374526977539062,480.62,fixed_strike,30.279159545898438,34.09385681152344,32.47261047363281,28.467178344726562,29.134750366210938,-4.00543212890625,0.19073486328125,,,,13.017654418945312,26.464462280273438,13.446807861328125,14.155503687263183,16.123655858635253,,QuantData term-structure
2026-08-17T16:00:00-04:00,2027-01-15,151,770.0,call,0.011262548222066876,29.611587524414062,480.62,fixed_strike,30.279159545898438,34.09385681152344,32.47261047363281,28.467178344726562,29.134750366210938,-4.00543212890625,0.19073486328125,,,,13.017654418945312,26.464462280273438,13.446807861328125,14.155503687263183,16.123655858635253,,QuantData term-structure
2026-08-17T16:00:00-04:00,2027-01-15,151,775.0,call,0.013401095211359773,31.042098999023438,480.62,fixed_strike,30.279159545898438,34.09385681152344,32.47261047363281,28.467178344726562,29.134750366210938,-4.00543212890625,0.19073486328125,,,,13.017654418945312,26.464462280273438,13.446807861328125,14.155503687263183,16.123655858635253,,QuantData term-structure
2026-08-17T16:00:00-04:00,2027-01-15,151,780.0,call,0.01139025919651809,30.660629272460938,480.62,fixed_strike,30.279159545898438,34.09385681152344,32.47261047363281,28.467178344726562,29.134750366210938,-4.00543212890625,0.19073486328125,,,,13.017654418945312,26.464462280273438,13.446807861328125,14.155503687263183,16.123655858635253,,QuantData term-structure
2026-08-17T16:00:00-04:00,2027-01-15,151,800.0,call,0.009696004857697418,31.137466430664062,480.62,fixed_strike,30.279159545898438,34.09385681152344,32.47261047363281,28.467178344726562,29.134750366210938,-4.00543212890625,0.19073486328125,,,,13.017654418945312,26.464462280273438,13.446807861328125,14.155503687263183,16.123655858635253,,QuantData term-structure
2026-08-17T16:00:00-04:00,2027-03-19,214,190.0,put,-0.00228643750814515,47.06382751464844,480.62,fixed_strike,31.518936157226562,35.33363342285156,33.42628479003906,29.706954956054688,30.183792114257812,-3.719329833984375,0.0476837158203125,,,,13.017654418945312,26.464462280273438,13.446807861328125,14.155503687263183,17.363432469963378,,QuantData term-structure
2026-08-17T16:00:00-04:00,2027-03-19,214,195.0,put,-0.0026360284093806985,46.49162292480469,480.62,fixed_strike,31.518936157226562,35.33363342285156,33.42628479003906,29.706954956054688,30.183792114257812,-3.719329833984375,0.0476837158203125,,,,13.017654418945312,26.464462280273438,13.446807861328125,14.155503687263183,17.363432469963378,,QuantData term-structure
2026-08-17T16:00:00-04:00,2027-03-19,214,200.0,call,1.0,0.0476837158203125,480.62,fixed_strike,31.518936157226562,35.33363342285156,33.42628479003906,29.706954956054688,30.183792114257812,-3.719329833984375,0.0476837158203125,,,,13.017654418945312,26.464462280273438,13.446807861328125,14.155503687263183,17.363432469963378,,QuantData term-structure
2026-08-17T16:00:00-04:00,2027-03-19,214,200.0,put,-0.0031498614856936696,46.20552062988281,480.62,fixed_strike,31.518936157226562,35.33363342285156,33.42628479003906,29.706954956054688,30.183792114257812,-3.719329833984375,0.0476837158203125,,,,13.017654418945312,26.464462280273438,13.446807861328125,14.155503687263183,17.363432469963378,,QuantData term-structure
2026-08-17T16:00:00-04:00,2027-03-19,214,210.0,put,-0.004252465024091887,45.53794860839844,480.62,fixed_strike,31.518936157226562,35.33363342285156,33.42628479003906,29.706954956054688,30.183792114257812,-3.719329833984375,0.0476837158203125,,,,13.017654418945312,26.464462280273438,13.446807861328125,14.155503687263183,17.363432469963378,,QuantData term-structure
2026-08-17T16:00:00-04:00,2027-03-19,214,220.0,put,-0.004493352512448506,43.24913024902344,480.62,fixed_strike,31.518936157226562,35.33363342285156,33.42628479003906,29.706954956054688,30.183792114257812,-3.719329833984375,0.0476837158203125,,,,13.017654418945312,26.464462280273438,13.446807861328125,14.155503687263183,17.363432469963378,,QuantData term-structure
2026-08-17T16:00:00-04:00,2027-03-19,214,230.0,put,-0.005123799798172583,41.43714904785156,480.62,fixed_strike,31.518936157226562,35.33363342285156,33.42628479003906,29.706954956054688,30.183792114257812,-3.719329833984375,0.0476837158203125,,,,13.017654418945312,26.464462280273438,13.446807861328125,14.155503687263183,17.363432469963378,,QuantData term-structure
2026-08-17T16:00:00-04:00,2027-03-19,214,240.0,put,-0.00781814722430903,41.72325134277344,480.62,fixed_strike,31.518936157226562,35.33363342285156,33.42628479003906,29.706954956054688,30.183792114257812,-3.719329833984375,0.0476837158203125,,,,13.017654418945312,26.464462280273438,13.446807861328125,14.155503687263183,17.363432469963378,,QuantData term-structure
2026-08-17T16:00:00-04:00,2027-03-19,214,250.0,put,-0.010393452660909214,41.91398620605469,480.62,fixed_strike,31.518936157226562,35.33363342285156,33.42628479003906,29.706954956054688,30.183792114257812,-3.719329833984375,0.0476837158203125,,,,13.017654418945312,26.464462280273438,13.446807861328125,14.155503687263183,17.363432469963378,,QuantData term-structure
2026-08-17T16:00:00-04:00,2027-03-19,214,260.0,put,-0.013569054094947113,40.76957702636719,480.62,fixed_strike,31.518936157226562,35.33363342285156,33.42628479003906,29.706954956054688,30.183792114257812,-3.719329833984375,0.0476837158203125,,,,13.017654418945312,26.464462280273438,13.446807861328125,14.155503687263183,17.363432469963378,,QuantData term-structure
2026-08-17T16:00:00-04:00,2027-03-19,214,270.0,call,1.0,0.0476837158203125,480.62,fixed_strike,31.518936157226562,35.33363342285156,33.42628479003906,29.706954956054688,30.183792114257812,-3.719329833984375,0.0476837158203125,,,,13.017654418945312,26.464462280273438,13.446807861328125,14.155503687263183,17.363432469963378,,QuantData term-structure
2026-08-17T16:00:00-04:00,2027-03-19,214,270.0,put,-0.01548233447208997,39.81590270996094,480.62,fixed_strike,31.518936157226562,35.33363342285156,33.42628479003906,29.706954956054688,30.183792114257812,-3.719329833984375,0.0476837158203125,,,,13.017654418945312,26.464462280273438,13.446807861328125,14.155503687263183,17.363432469963378,,QuantData term-structure
2026-08-17T16:00:00-04:00,2027-03-19,214,290.0,call,1.0,0.0476837158203125,480.62,fixed_strike,31.518936157226562,35.33363342285156,33.42628479003906,29.706954956054688,30.183792114257812,-3.719329833984375,0.0476837158203125,,,,13.017654418945312,26.464462280273438,13.446807861328125,14.155503687263183,17.363432469963378,,QuantData term-structure
2026-08-17T16:00:00-04:00,2027-03-19,214,290.0,put,-0.024158653647377272,38.95759582519531,480.62,fixed_strike,31.518936157226562,35.33363342285156,33.42628479003906,29.706954956054688,30.183792114257812,-3.719329833984375,0.0476837158203125,,,,13.017654418945312,26.464462280273438,13.446807861328125,14.155503687263183,17.363432469963378,,QuantData term-structure
2026-08-17T16:00:00-04:00,2027-03-19,214,300.0,call,1.0,0.0476837158203125,480.62,fixed_strike,31.518936157226562,35.33363342285156,33.42628479003906,29.706954956054688,30.183792114257812,-3.719329833984375,0.0476837158203125,,,,13.017654418945312,26.464462280273438,13.446807861328125,14.155503687263183,17.363432469963378,,QuantData term-structure
2026-08-17T16:00:00-04:00,2027-03-19,214,300.0,put,-0.03172154013964941,38.00392150878906,480.62,fixed_strike,31.518936157226562,35.33363342285156,33.42628479003906,29.706954956054688,30.183792114257812,-3.719329833984375,0.0476837158203125,,,,13.017654418945312,26.464462280273438,13.446807861328125,14.155503687263183,17.363432469963378,,QuantData term-structure
2026-08-17T16:00:00-04:00,2027-03-19,214,310.0,put,-0.03866786981402944,37.62245178222656,480.62,fixed_strike,31.518936157226562,35.33363342285156,33.42628479003906,29.706954956054688,30.183792114257812,-3.719329833984375,0.0476837158203125,,,,13.017654418945312,26.464462280273438,13.446807861328125,14.155503687263183,17.363432469963378,,QuantData term-structure
2026-08-17T16:00:00-04:00,2027-03-19,214,320.0,call,1.0,0.0476837158203125,480.62,fixed_strike,31.518936157226562,35.33363342285156,33.42628479003906,29.706954956054688,30.183792114257812,-3.719329833984375,0.0476837158203125,,,,13.017654418945312,26.464462280273438,13.446807861328125,14.155503687263183,17.363432469963378,,QuantData term-structure
2026-08-17T16:00:00-04:00,2027-03-19,214,320.0,put,-0.04407333932667662,36.76414489746094,480.62,fixed_strike,31.518936157226562,35.33363342285156,33.42628479003906,29.706954956054688,30.183792114257812,-3.719329833984375,0.0476837158203125,,,,13.017654418945312,26.464462280273438,13.446807861328125,14.155503687263183,17.363432469963378,,QuantData term-structure
2026-08-17T16:00:00-04:00,2027-03-19,214,330.0,put,-0.05715913803070194,36.47804260253906,480.62,fixed_strike,31.518936157226562,35.33363342285156,33.42628479003906,29.706954956054688,30.183792114257812,-3.719329833984375,0.0476837158203125,,,,13.017654418945312,26.464462280273438,13.446807861328125,14.155503687263183,17.363432469963378,,QuantData term-structure
2026-08-17T16:00:00-04:00,2027-03-19,214,340.0,call,0.9806276680169719,24.652481079101562,480.62,fixed_strike,31.518936157226562,35.33363342285156,33.42628479003906,29.706954956054688,30.183792114257812,-3.719329833984375,0.0476837158203125,,,,13.017654418945312,26.464462280273438,13.446807861328125,14.155503687263183,17.363432469963378,,QuantData term-structure
2026-08-17T16:00:00-04:00,2027-03-19,214,340.0,put,-0.06859242629006362,36.09657287597656,480.62,fixed_strike,31.518936157226562,35.33363342285156,33.42628479003906,29.706954956054688,30.183792114257812,-3.719329833984375,0.0476837158203125,,,,13.017654418945312,26.464462280273438,13.446807861328125,14.155503687263183,17.363432469963378,,QuantData term-structure
2026-08-17T16:00:00-04:00,2027-03-19,214,350.0,call,0.9616963296690355,27.036666870117188,480.62,fixed_strike,31.518936157226562,35.33363342285156,33.42628479003906,29.706954956054688,30.183792114257812,-3.719329833984375,0.0476837158203125,,,,13.017654418945312,26.464462280273438,13.446807861328125,14.155503687263183,17.363432469963378,,QuantData term-structure
2026-08-17T16:00:00-04:00,2027-03-19,214,350.0,put,-0.08046444813526615,35.61973571777344,480.62,fixed_strike,31.518936157226562,35.33363342285156,33.42628479003906,29.706954956054688,30.183792114257812,-3.719329833984375,0.0476837158203125,,,,13.017654418945312,26.464462280273438,13.446807861328125,14.155503687263183,17.363432469963378,,QuantData term-structure
2026-08-17T16:00:00-04:00,2027-03-19,214,360.0,call,0.9585953692299977,25.987625122070312,480.62,fixed_strike,31.518936157226562,35.33363342285156,33.42628479003906,29.706954956054688,30.183792114257812,-3.719329833984375,0.0476837158203125,,,,13.017654418945312,26.464462280273438,13.446807861328125,14.155503687263183,17.363432469963378,,QuantData term-structure
2026-08-17T16:00:00-04:00,2027-03-19,214,360.0,put,-0.09535013081898969,35.33363342285156,480.62,fixed_strike,31.518936157226562,35.33363342285156,33.42628479003906,29.706954956054688,30.183792114257812,-3.719329833984375,0.0476837158203125,,,,13.017654418945312,26.464462280273438,13.446807861328125,14.155503687263183,17.363432469963378,,QuantData term-structure
2026-08-17T16:00:00-04:00,2027-03-19,214,370.0,call,0.9215224404274995,28.848648071289062,480.62,fixed_strike,31.518936157226562,35.33363342285156,33.42628479003906,29.706954956054688,30.183792114257812,-3.719329833984375,0.0476837158203125,,,,13.017654418945312,26.464462280273438,13.446807861328125,14.155503687263183,17.363432469963378,,QuantData term-structure
2026-08-17T16:00:00-04:00,2027-03-19,214,370.0,put,-0.1124483327068242,34.95216369628906,480.62,fixed_strike,31.518936157226562,35.33363342285156,33.42628479003906,29.706954956054688,30.183792114257812,-3.719329833984375,0.0476837158203125,,,,13.017654418945312,26.464462280273438,13.446807861328125,14.155503687263183,17.363432469963378,,QuantData term-structure
2026-08-17T16:00:00-04:00,2027-03-19,214,380.0,call,0.9022223009683817,28.944015502929688,480.62,fixed_strike,31.518936157226562,35.33363342285156,33.42628479003906,29.706954956054688,30.183792114257812,-3.719329833984375,0.0476837158203125,,,,13.017654418945312,26.464462280273438,13.446807861328125,14.155503687263183,17.363432469963378,,QuantData term-structure
2026-08-17T16:00:00-04:00,2027-03-19,214,380.0,put,-0.13159668819854992,34.76142883300781,480.62,fixed_strike,31.518936157226562,35.33363342285156,33.42628479003906,29.706954956054688,30.183792114257812,-3.719329833984375,0.0476837158203125,,,,13.017654418945312,26.464462280273438,13.446807861328125,14.155503687263183,17.363432469963378,,QuantData term-structure
2026-08-17T16:00:00-04:00,2027-03-19,214,390.0,call,0.871922202748141,30.183792114257812,480.62,fixed_strike,31.518936157226562,35.33363342285156,33.42628479003906,29.706954956054688,30.183792114257812,-3.719329833984375,0.0476837158203125,,,,13.017654418945312,26.464462280273438,13.446807861328125,14.155503687263183,17.363432469963378,,QuantData term-structure
2026-08-17T16:00:00-04:00,2027-03-19,214,390.0,put,-0.15113997039618288,34.18922424316406,480.62,fixed_strike,31.518936157226562,35.33363342285156,33.42628479003906,29.706954956054688,30.183792114257812,-3.719329833984375,0.0476837158203125,,,,13.017654418945312,26.464462280273438,13.446807861328125,14.155503687263183,17.363432469963378,,QuantData term-structure
2026-08-17T16:00:00-04:00,2027-03-19,214,400.0,call,0.8553063912705934,29.611587524414062,480.62,fixed_strike,31.518936157226562,35.33363342285156,33.42628479003906,29.706954956054688,30.183792114257812,-3.719329833984375,0.0476837158203125,,,,13.017654418945312,26.464462280273438,13.446807861328125,14.155503687263183,17.363432469963378,,QuantData term-structure
2026-08-17T16:00:00-04:00,2027-03-19,214,400.0,put,-0.17296642546499968,33.99848937988281,480.62,fixed_strike,31.518936157226562,35.33363342285156,33.42628479003906,29.706954956054688,30.183792114257812,-3.719329833984375,0.0476837158203125,,,,13.017654418945312,26.464462280273438,13.446807861328125,14.155503687263183,17.363432469963378,,QuantData term-structure
2026-08-17T16:00:00-04:00,2027-03-19,214,410.0,call,0.8279581632624569,29.516220092773438,480.62,fixed_strike,31.518936157226562,35.33363342285156,33.42628479003906,29.706954956054688,30.183792114257812,-3.719329833984375,0.0476837158203125,,,,13.017654418945312,26.464462280273438,13.446807861328125,14.155503687263183,17.363432469963378,,QuantData term-structure
2026-08-17T16:00:00-04:00,2027-03-19,214,410.0,put,-0.19661466151400625,33.90312194824219,480.62,fixed_strike,31.518936157226562,35.33363342285156,33.42628479003906,29.706954956054688,30.183792114257812,-3.719329833984375,0.0476837158203125,,,,13.017654418945312,26.464462280273438,13.446807861328125,14.155503687263183,17.363432469963378,,QuantData term-structure
2026-08-17T16:00:00-04:00,2027-03-19,214,420.0,call,0.7981333389427203,29.706954956054688,480.62,fixed_strike,31.518936157226562,35.33363342285156,33.42628479003906,29.706954956054688,30.183792114257812,-3.719329833984375,0.0476837158203125,,,,13.017654418945312,26.464462280273438,13.446807861328125,14.155503687263183,17.363432469963378,,QuantData term-structure
2026-08-17T16:00:00-04:00,2027-03-19,214,420.0,put,-0.2244142384222187,33.71238708496094,480.62,fixed_strike,31.518936157226562,35.33363342285156,33.42628479003906,29.706954956054688,30.183792114257812,-3.719329833984375,0.0476837158203125,,,,13.017654418945312,26.464462280273438,13.446807861328125,14.155503687263183,17.363432469963378,,QuantData term-structure
2026-08-17T16:00:00-04:00,2027-03-19,214,430.0,call,0.7633759926347079,30.088424682617188,480.62,fixed_strike,31.518936157226562,35.33363342285156,33.42628479003906,29.706954956054688,30.183792114257812,-3.719329833984375,0.0476837158203125,,,,13.017654418945312,26.464462280273438,13.446807861328125,14.155503687263183,17.363432469963378,,QuantData term-structure
2026-08-17T16:00:00-04:00,2027-03-19,214,430.0,put,-0.252306551787748,33.42628479003906,480.62,fixed_strike,31.518936157226562,35.33363342285156,33.42628479003906,29.706954956054688,30.183792114257812,-3.719329833984375,0.0476837158203125,,,,13.017654418945312,26.464462280273438,13.446807861328125,14.155503687263183,17.363432469963378,,QuantData term-structure
2026-08-17T16:00:00-04:00,2027-03-19,214,440.0,call,0.7412806395088198,29.611587524414062,480.62,fixed_strike,31.518936157226562,35.33363342285156,33.42628479003906,29.706954956054688,30.183792114257812,-3.719329833984375,0.0476837158203125,,,,13.017654418945312,26.464462280273438,13.446807861328125,14.155503687263183,17.363432469963378,,QuantData term-structure
2026-08-17T16:00:00-04:00,2027-03-19,214,440.0,put,-0.2807111074382016,33.23554992675781,480.62,fixed_strike,31.518936157226562,35.33363342285156,33.42628479003906,29.706954956054688,30.183792114257812,-3.719329833984375,0.0476837158203125,,,,13.017654418945312,26.464462280273438,13.446807861328125,14.155503687263183,17.363432469963378,,QuantData term-structure
2026-08-17T16:00:00-04:00,2027-03-19,214,450.0,call,0.7032074381101935,29.420852661132812,480.62,fixed_strike,31.518936157226562,35.33363342285156,33.42628479003906,29.706954956054688,30.183792114257812,-3.719329833984375,0.0476837158203125,,,,13.017654418945312,26.464462280273438,13.446807861328125,14.155503687263183,17.363432469963378,,QuantData term-structure
2026-08-17T16:00:00-04:00,2027-03-19,214,450.0,put,-0.3060358340666245,33.23554992675781,480.62,fixed_strike,31.518936157226562,35.33363342285156,33.42628479003906,29.706954956054688,30.183792114257812,-3.719329833984375,0.0476837158203125,,,,13.017654418945312,26.464462280273438,13.446807861328125,14.155503687263183,17.363432469963378,,QuantData term-structure
2026-08-17T16:00:00-04:00,2027-03-19,214,460.0,call,0.6656836052714494,29.706954956054688,480.62,fixed_strike,31.518936157226562,35.33363342285156,33.42628479003906,29.706954956054688,30.183792114257812,-3.719329833984375,0.0476837158203125,,,,13.017654418945312,26.464462280273438,13.446807861328125,14.155503687263183,17.363432469963378,,QuantData term-structure
2026-08-17T16:00:00-04:00,2027-03-19,214,460.0,put,-0.3398968847979901,33.14018249511719,480.62,fixed_strike,31.518936157226562,35.33363342285156,33.42628479003906,29.706954956054688,30.183792114257812,-3.719329833984375,0.0476837158203125,,,,13.017654418945312,26.464462280273438,13.446807861328125,14.155503687263183,17.363432469963378,,QuantData term-structure
2026-08-17T16:00:00-04:00,2027-03-19,214,470.0,call,0.6296600037217441,29.802322387695312,480.62,fixed_strike,31.518936157226562,35.33363342285156,33.42628479003906,29.706954956054688,30.183792114257812,-3.719329833984375,0.0476837158203125,,,,13.017654418945312,26.464462280273438,13.446807861328125,14.155503687263183,17.363432469963378,,QuantData term-structure
2026-08-17T16:00:00-04:00,2027-03-19,214,470.0,put,-0.3593850372972076,33.04481506347656,480.62,fixed_strike,31.518936157226562,35.33363342285156,33.42628479003906,29.706954956054688,30.183792114257812,-3.719329833984375,0.0476837158203125,,,,13.017654418945312,26.464462280273438,13.446807861328125,14.155503687263183,17.363432469963378,,QuantData term-structure
2026-08-17T16:00:00-04:00,2027-03-19,214,480.0,call,0.5974346652602551,29.611587524414062,480.62,fixed_strike,31.518936157226562,35.33363342285156,33.42628479003906,29.706954956054688,30.183792114257812,-3.719329833984375,0.0476837158203125,,,,13.017654418945312,26.464462280273438,13.446807861328125,14.155503687263183,17.363432469963378,,QuantData term-structure
2026-08-17T16:00:00-04:00,2027-03-19,214,480.0,put,-0.4002145142111506,33.42628479003906,480.62,fixed_strike,31.518936157226562,35.33363342285156,33.42628479003906,29.706954956054688,30.183792114257812,-3.719329833984375,0.0476837158203125,,,,13.017654418945312,26.464462280273438,13.446807861328125,14.155503687263183,17.363432469963378,,QuantData term-structure
2026-08-17T16:00:00-04:00,2027-03-19,214,490.0,call,0.562903807525457,29.516220092773438,480.62,fixed_strike,31.518936157226562,35.33363342285156,33.42628479003906,29.706954956054688,30.183792114257812,-3.719329833984375,0.0476837158203125,,,,13.017654418945312,26.464462280273438,13.446807861328125,14.155503687263183,17.363432469963378,,QuantData term-structure
2026-08-17T16:00:00-04:00,2027-03-19,214,490.0,put,-0.4355150632053403,33.23554992675781,480.62,fixed_strike,31.518936157226562,35.33363342285156,33.42628479003906,29.706954956054688,30.183792114257812,-3.719329833984375,0.0476837158203125,,,,13.017654418945312,26.464462280273438,13.446807861328125,14.155503687263183,17.363432469963378,,QuantData term-structure
2026-08-17T16:00:00-04:00,2027-03-19,214,500.0,call,0.5246128215801562,29.706954956054688,480.62,fixed_strike,31.518936157226562,35.33363342285156,33.42628479003906,29.706954956054688,30.183792114257812,-3.719329833984375,0.0476837158203125,,,,13.017654418945312,26.464462280273438,13.446807861328125,14.155503687263183,17.363432469963378,,QuantData term-structure
2026-08-17T16:00:00-04:00,2027-03-19,214,500.0,put,-0.46273378242886504,33.52165222167969,480.62,fixed_strike,31.518936157226562,35.33363342285156,33.42628479003906,29.706954956054688,30.183792114257812,-3.719329833984375,0.0476837158203125,,,,13.017654418945312,26.464462280273438,13.446807861328125,14.155503687263183,17.363432469963378,,QuantData term-structure
2026-08-17T16:00:00-04:00,2027-03-19,214,510.0,call,0.48868225843211577,29.516220092773438,480.62,fixed_strike,31.518936157226562,35.33363342285156,33.42628479003906,29.706954956054688,30.183792114257812,-3.719329833984375,0.0476837158203125,,,,13.017654418945312,26.464462280273438,13.446807861328125,14.155503687263183,17.363432469963378,,QuantData term-structure
2026-08-17T16:00:00-04:00,2027-03-19,214,510.0,put,-0.5004360411413493,33.52165222167969,480.62,fixed_strike,31.518936157226562,35.33363342285156,33.42628479003906,29.706954956054688,30.183792114257812,-3.719329833984375,0.0476837158203125,,,,13.017654418945312,26.464462280273438,13.446807861328125,14.155503687263183,17.363432469963378,,QuantData term-structure
2026-08-17T16:00:00-04:00,2027-03-19,214,520.0,call,0.45679207201460875,29.516220092773438,480.62,fixed_strike,31.518936157226562,35.33363342285156,33.42628479003906,29.706954956054688,30.183792114257812,-3.719329833984375,0.0476837158203125,,,,13.017654418945312,26.464462280273438,13.446807861328125,14.155503687263183,17.363432469963378,,QuantData term-structure
2026-08-17T16:00:00-04:00,2027-03-19,214,520.0,put,-0.5290114128882444,33.52165222167969,480.62,fixed_strike,31.518936157226562,35.33363342285156,33.42628479003906,29.706954956054688,30.183792114257812,-3.719329833984375,0.0476837158203125,,,,13.017654418945312,26.464462280273438,13.446807861328125,14.155503687263183,17.363432469963378,,QuantData term-structure
2026-08-17T16:00:00-04:00,2027-03-19,214,530.0,call,0.42333450485639035,29.325485229492188,480.62,fixed_strike,31.518936157226562,35.33363342285156,33.42628479003906,29.706954956054688,30.183792114257812,-3.719329833984375,0.0476837158203125,,,,13.017654418945312,26.464462280273438,13.446807861328125,14.155503687263183,17.363432469963378,,QuantData term-structure
2026-08-17T16:00:00-04:00,2027-03-19,214,530.0,put,-0.5410251940621889,33.52165222167969,480.62,fixed_strike,31.518936157226562,35.33363342285156,33.42628479003906,29.706954956054688,30.183792114257812,-3.719329833984375,0.0476837158203125,,,,13.017654418945312,26.464462280273438,13.446807861328125,14.155503687263183,17.363432469963378,,QuantData term-structure
2026-08-17T16:00:00-04:00,2027-03-19,214,540.0,call,0.3870729391944259,29.611587524414062,480.62,fixed_strike,31.518936157226562,35.33363342285156,33.42628479003906,29.706954956054688,30.183792114257812,-3.719329833984375,0.0476837158203125,,,,13.017654418945312,26.464462280273438,13.446807861328125,14.155503687263183,17.363432469963378,,QuantData term-structure
2026-08-17T16:00:00-04:00,2027-03-19,214,550.0,call,0.35842474183365225,29.611587524414062,480.62,fixed_strike,31.518936157226562,35.33363342285156,33.42628479003906,29.706954956054688,30.183792114257812,-3.719329833984375,0.0476837158203125,,,,13.017654418945312,26.464462280273438,13.446807861328125,14.155503687263183,17.363432469963378,,QuantData term-structure
2026-08-17T16:00:00-04:00,2027-03-19,214,550.0,put,-0.5953368226988156,34.09385681152344,480.62,fixed_strike,31.518936157226562,35.33363342285156,33.42628479003906,29.706954956054688,30.183792114257812,-3.719329833984375,0.0476837158203125,,,,13.017654418945312,26.464462280273438,13.446807861328125,14.155503687263183,17.363432469963378,,QuantData term-structure
2026-08-17T16:00:00-04:00,2027-03-19,214,560.0,call,0.3274311703210804,29.420852661132812,480.62,fixed_strike,31.518936157226562,35.33363342285156,33.42628479003906,29.706954956054688,30.183792114257812,-3.719329833984375,0.0476837158203125,,,,13.017654418945312,26.464462280273438,13.446807861328125,14.155503687263183,17.363432469963378,,QuantData term-structure
2026-08-17T16:00:00-04:00,2027-03-19,214,560.0,put,-0.6283325640915252,34.95216369628906,480.62,fixed_strike,31.518936157226562,35.33363342285156,33.42628479003906,29.706954956054688,30.183792114257812,-3.719329833984375,0.0476837158203125,,,,13.017654418945312,26.464462280273438,13.446807861328125,14.155503687263183,17.363432469963378,,QuantData term-structure
2026-08-17T16:00:00-04:00,2027-03-19,214,570.0,call,0.30289613953381933,29.516220092773438,480.62,fixed_strike,31.518936157226562,35.33363342285156,33.42628479003906,29.706954956054688,30.183792114257812,-3.719329833984375,0.0476837158203125,,,,13.017654418945312,26.464462280273438,13.446807861328125,14.155503687263183,17.363432469963378,,QuantData term-structure
2026-08-17T16:00:00-04:00,2027-03-19,214,580.0,call,0.2793182563968719,29.611587524414062,480.62,fixed_strike,31.518936157226562,35.33363342285156,33.42628479003906,29.706954956054688,30.183792114257812,-3.719329833984375,0.0476837158203125,,,,13.017654418945312,26.464462280273438,13.446807861328125,14.155503687263183,17.363432469963378,,QuantData term-structure
2026-08-17T16:00:00-04:00,2027-03-19,214,590.0,call,0.24933856323332715,29.706954956054688,480.62,fixed_strike,31.518936157226562,35.33363342285156,33.42628479003906,29.706954956054688,30.183792114257812,-3.719329833984375,0.0476837158203125,,,,13.017654418945312,26.464462280273438,13.446807861328125,14.155503687263183,17.363432469963378,,QuantData term-structure
2026-08-17T16:00:00-04:00,2027-03-19,214,600.0,call,0.23037657634540953,29.706954956054688,480.62,fixed_strike,31.518936157226562,35.33363342285156,33.42628479003906,29.706954956054688,30.183792114257812,-3.719329833984375,0.0476837158203125,,,,13.017654418945312,26.464462280273438,13.446807861328125,14.155503687263183,17.363432469963378,,QuantData term-structure
2026-08-17T16:00:00-04:00,2027-03-19,214,605.0,call,0.21759935385968143,29.897689819335938,480.62,fixed_strike,31.518936157226562,35.33363342285156,33.42628479003906,29.706954956054688,30.183792114257812,-3.719329833984375,0.0476837158203125,,,,13.017654418945312,26.464462280273438,13.446807861328125,14.155503687263183,17.363432469963378,,QuantData term-structure
2026-08-17T16:00:00-04:00,2027-03-19,214,610.0,call,0.21087502020484583,29.802322387695312,480.62,fixed_strike,31.518936157226562,35.33363342285156,33.42628479003906,29.706954956054688,30.183792114257812,-3.719329833984375,0.0476837158203125,,,,13.017654418945312,26.464462280273438,13.446807861328125,14.155503687263183,17.363432469963378,,QuantData term-structure
2026-08-17T16:00:00-04:00,2027-03-19,214,615.0,call,0.19895954598393345,29.802322387695312,480.62,fixed_strike,31.518936157226562,35.33363342285156,33.42628479003906,29.706954956054688,30.183792114257812,-3.719329833984375,0.0476837158203125,,,,13.017654418945312,26.464462280273438,13.446807861328125,14.155503687263183,17.363432469963378,,QuantData term-structure
2026-08-17T16:00:00-04:00,2027-03-19,214,620.0,call,0.1932041741128639,29.802322387695312,480.62,fixed_strike,31.518936157226562,35.33363342285156,33.42628479003906,29.706954956054688,30.183792114257812,-3.719329833984375,0.0476837158203125,,,,13.017654418945312,26.464462280273438,13.446807861328125,14.155503687263183,17.363432469963378,,QuantData term-structure
2026-08-17T16:00:00-04:00,2027-03-19,214,625.0,call,0.19320103305697145,29.802322387695312,480.62,fixed_strike,31.518936157226562,35.33363342285156,33.42628479003906,29.706954956054688,30.183792114257812,-3.719329833984375,0.0476837158203125,,,,13.017654418945312,26.464462280273438,13.446807861328125,14.155503687263183,17.363432469963378,,QuantData term-structure
2026-08-17T16:00:00-04:00,2027-03-19,214,635.0,call,0.16360631490497957,30.088424682617188,480.62,fixed_strike,31.518936157226562,35.33363342285156,33.42628479003906,29.706954956054688,30.183792114257812,-3.719329833984375,0.0476837158203125,,,,13.017654418945312,26.464462280273438,13.446807861328125,14.155503687263183,17.363432469963378,,QuantData term-structure
2026-08-17T16:00:00-04:00,2027-03-19,214,640.0,call,0.15782351649156623,29.993057250976562,480.62,fixed_strike,31.518936157226562,35.33363342285156,33.42628479003906,29.706954956054688,30.183792114257812,-3.719329833984375,0.0476837158203125,,,,13.017654418945312,26.464462280273438,13.446807861328125,14.155503687263183,17.363432469963378,,QuantData term-structure
2026-08-17T16:00:00-04:00,2027-03-19,214,645.0,call,0.14781148135894706,30.088424682617188,480.62,fixed_strike,31.518936157226562,35.33363342285156,33.42628479003906,29.706954956054688,30.183792114257812,-3.719329833984375,0.0476837158203125,,,,13.017654418945312,26.464462280273438,13.446807861328125,14.155503687263183,17.363432469963378,,QuantData term-structure
2026-08-17T16:00:00-04:00,2027-03-19,214,650.0,call,0.1417717208262893,30.279159545898438,480.62,fixed_strike,31.518936157226562,35.33363342285156,33.42628479003906,29.706954956054688,30.183792114257812,-3.719329833984375,0.0476837158203125,,,,13.017654418945312,26.464462280273438,13.446807861328125,14.155503687263183,17.363432469963378,,QuantData term-structure
2026-08-17T16:00:00-04:00,2027-03-19,214,660.0,call,0.12773984819072187,30.279159545898438,480.62,fixed_strike,31.518936157226562,35.33363342285156,33.42628479003906,29.706954956054688,30.183792114257812,-3.719329833984375,0.0476837158203125,,,,13.017654418945312,26.464462280273438,13.446807861328125,14.155503687263183,17.363432469963378,,QuantData term-structure
2026-08-17T16:00:00-04:00,2027-03-19,214,665.0,call,0.12557066527320215,30.565261840820312,480.62,fixed_strike,31.518936157226562,35.33363342285156,33.42628479003906,29.706954956054688,30.183792114257812,-3.719329833984375,0.0476837158203125,,,,13.017654418945312,26.464462280273438,13.446807861328125,14.155503687263183,17.363432469963378,,QuantData term-structure
2026-08-17T16:00:00-04:00,2027-03-19,214,680.0,call,0.1112454572346685,30.183792114257812,480.62,fixed_strike,31.518936157226562,35.33363342285156,33.42628479003906,29.706954956054688,30.183792114257812,-3.719329833984375,0.0476837158203125,,,,13.017654418945312,26.464462280273438,13.446807861328125,14.155503687263183,17.363432469963378,,QuantData term-structure
2026-08-17T16:00:00-04:00,2027-03-19,214,700.0,call,0.08480686034059959,30.660629272460938,480.62,fixed_strike,31.518936157226562,35.33363342285156,33.42628479003906,29.706954956054688,30.183792114257812,-3.719329833984375,0.0476837158203125,,,,13.017654418945312,26.464462280273438,13.446807861328125,14.155503687263183,17.363432469963378,,QuantData term-structure
2026-08-17T16:00:00-04:00,2027-03-19,214,720.0,call,0.0678012907892328,30.660629272460938,480.62,fixed_strike,31.518936157226562,35.33363342285156,33.42628479003906,29.706954956054688,30.183792114257812,-3.719329833984375,0.0476837158203125,,,,13.017654418945312,26.464462280273438,13.446807861328125,14.155503687263183,17.363432469963378,,QuantData term-structure
2026-08-17T16:00:00-04:00,2027-03-19,214,740.0,call,0.05642163588389287,30.946731567382812,480.62,fixed_strike,31.518936157226562,35.33363342285156,33.42628479003906,29.706954956054688,30.183792114257812,-3.719329833984375,0.0476837158203125,,,,13.017654418945312,26.464462280273438,13.446807861328125,14.155503687263183,17.363432469963378,,QuantData term-structure
2026-08-17T16:00:00-04:00,2027-06-17,304,175.0,put,-0.0031158816210470194,45.44258117675781,480.62,fixed_strike,32.23419189453125,35.71510314941406,34.18922424316406,30.183792114257812,31.328201293945312,-4.00543212890625,-0.0476837158203125,,,,13.017654418945312,26.464462280273438,13.446807861328125,14.155503687263183,18.078688207268065,,QuantData term-structure
2026-08-17T16:00:00-04:00,2027-06-17,304,195.0,put,-0.005057811103079717,43.63059997558594,480.62,fixed_strike,32.23419189453125,35.71510314941406,34.18922424316406,30.183792114257812,31.328201293945312,-4.00543212890625,-0.0476837158203125,,,,13.017654418945312,26.464462280273438,13.446807861328125,14.155503687263183,18.078688207268065,,QuantData term-structure
2026-08-17T16:00:00-04:00,2027-06-17,304,200.0,call,1.0,0.0476837158203125,480.62,fixed_strike,32.23419189453125,35.71510314941406,34.18922424316406,30.183792114257812,31.328201293945312,-4.00543212890625,-0.0476837158203125,,,,13.017654418945312,26.464462280273438,13.446807861328125,14.155503687263183,18.078688207268065,,QuantData term-structure
2026-08-17T16:00:00-04:00,2027-06-17,304,200.0,put,-0.005450127230267805,42.86766052246094,480.62,fixed_strike,32.23419189453125,35.71510314941406,34.18922424316406,30.183792114257812,31.328201293945312,-4.00543212890625,-0.0476837158203125,,,,13.017654418945312,26.464462280273438,13.446807861328125,14.155503687263183,18.078688207268065,,QuantData term-structure
2026-08-17T16:00:00-04:00,2027-06-17,304,210.0,call,1.0,0.0476837158203125,480.62,fixed_strike,32.23419189453125,35.71510314941406,34.18922424316406,30.183792114257812,31.328201293945312,-4.00543212890625,-0.0476837158203125,,,,13.017654418945312,26.464462280273438,13.446807861328125,14.155503687263183,18.078688207268065,,QuantData term-structure
2026-08-17T16:00:00-04:00,2027-06-17,304,220.0,put,-0.00909878298016847,41.81861877441406,480.62,fixed_strike,32.23419189453125,35.71510314941406,34.18922424316406,30.183792114257812,31.328201293945312,-4.00543212890625,-0.0476837158203125,,,,13.017654418945312,26.464462280273438,13.446807861328125,14.155503687263183,18.078688207268065,,QuantData term-structure
2026-08-17T16:00:00-04:00,2027-06-17,304,240.0,call,1.0,0.0476837158203125,480.62,fixed_strike,32.23419189453125,35.71510314941406,34.18922424316406,30.183792114257812,31.328201293945312,-4.00543212890625,-0.0476837158203125,,,,13.017654418945312,26.464462280273438,13.446807861328125,14.155503687263183,18.078688207268065,,QuantData term-structure
2026-08-17T16:00:00-04:00,2027-06-17,304,250.0,call,1.0,0.0476837158203125,480.62,fixed_strike,32.23419189453125,35.71510314941406,34.18922424316406,30.183792114257812,31.328201293945312,-4.00543212890625,-0.0476837158203125,,,,13.017654418945312,26.464462280273438,13.446807861328125,14.155503687263183,18.078688207268065,,QuantData term-structure
2026-08-17T16:00:00-04:00,2027-06-17,304,250.0,put,-0.018932064744519847,40.10200500488281,480.62,fixed_strike,32.23419189453125,35.71510314941406,34.18922424316406,30.183792114257812,31.328201293945312,-4.00543212890625,-0.0476837158203125,,,,13.017654418945312,26.464462280273438,13.446807861328125,14.155503687263183,18.078688207268065,,QuantData term-structure
2026-08-17T16:00:00-04:00,2027-06-17,304,260.0,call,1.0,0.0476837158203125,480.62,fixed_strike,32.23419189453125,35.71510314941406,34.18922424316406,30.183792114257812,31.328201293945312,-4.00543212890625,-0.0476837158203125,,,,13.017654418945312,26.464462280273438,13.446807861328125,14.155503687263183,18.078688207268065,,QuantData term-structure
2026-08-17T16:00:00-04:00,2027-06-17,304,270.0,call,1.0,0.0476837158203125,480.62,fixed_strike,32.23419189453125,35.71510314941406,34.18922424316406,30.183792114257812,31.328201293945312,-4.00543212890625,-0.0476837158203125,,,,13.017654418945312,26.464462280273438,13.446807861328125,14.155503687263183,18.078688207268065,,QuantData term-structure
2026-08-17T16:00:00-04:00,2027-06-17,304,280.0,call,1.0,0.0476837158203125,480.62,fixed_strike,32.23419189453125,35.71510314941406,34.18922424316406,30.183792114257812,31.328201293945312,-4.00543212890625,-0.0476837158203125,,,,13.017654418945312,26.464462280273438,13.446807861328125,14.155503687263183,18.078688207268065,,QuantData term-structure
2026-08-17T16:00:00-04:00,2027-06-17,304,280.0,put,-0.03350159913724789,38.48075866699219,480.62,fixed_strike,32.23419189453125,35.71510314941406,34.18922424316406,30.183792114257812,31.328201293945312,-4.00543212890625,-0.0476837158203125,,,,13.017654418945312,26.464462280273438,13.446807861328125,14.155503687263183,18.078688207268065,,QuantData term-structure
2026-08-17T16:00:00-04:00,2027-06-17,304,290.0,call,1.0,0.0476837158203125,480.62,fixed_strike,32.23419189453125,35.71510314941406,34.18922424316406,30.183792114257812,31.328201293945312,-4.00543212890625,-0.0476837158203125,,,,13.017654418945312,26.464462280273438,13.446807861328125,14.155503687263183,18.078688207268065,,QuantData term-structure
2026-08-17T16:00:00-04:00,2027-06-17,304,290.0,put,-0.04067257291696595,38.09928894042969,480.62,fixed_strike,32.23419189453125,35.71510314941406,34.18922424316406,30.183792114257812,31.328201293945312,-4.00543212890625,-0.0476837158203125,,,,13.017654418945312,26.464462280273438,13.446807861328125,14.155503687263183,18.078688207268065,,QuantData term-structure
2026-08-17T16:00:00-04:00,2027-06-17,304,300.0,call,1.0,0.0476837158203125,480.62,fixed_strike,32.23419189453125,35.71510314941406,34.18922424316406,30.183792114257812,31.328201293945312,-4.00543212890625,-0.0476837158203125,,,,13.017654418945312,26.464462280273438,13.446807861328125,14.155503687263183,18.078688207268065,,QuantData term-structure
2026-08-17T16:00:00-04:00,2027-06-17,304,300.0,put,-0.04765845200753438,37.52708435058594,480.62,fixed_strike,32.23419189453125,35.71510314941406,34.18922424316406,30.183792114257812,31.328201293945312,-4.00543212890625,-0.0476837158203125,,,,13.017654418945312,26.464462280273438,13.446807861328125,14.155503687263183,18.078688207268065,,QuantData term-structure
2026-08-17T16:00:00-04:00,2027-06-17,304,320.0,call,0.991173831234017,21.886825561523438,480.62,fixed_strike,32.23419189453125,35.71510314941406,34.18922424316406,30.183792114257812,31.328201293945312,-4.00543212890625,-0.0476837158203125,,,,13.017654418945312,26.464462280273438,13.446807861328125,14.155503687263183,18.078688207268065,,QuantData term-structure
2026-08-17T16:00:00-04:00,2027-06-17,304,320.0,put,-0.06729433704324261,36.95487976074219,480.62,fixed_strike,32.23419189453125,35.71510314941406,34.18922424316406,30.183792114257812,31.328201293945312,-4.00543212890625,-0.0476837158203125,,,,13.017654418945312,26.464462280273438,13.446807861328125,14.155503687263183,18.078688207268065,,QuantData term-structure
2026-08-17T16:00:00-04:00,2027-06-17,304,330.0,call,0.9836075279421846,23.317337036132812,480.62,fixed_strike,32.23419189453125,35.71510314941406,34.18922424316406,30.183792114257812,31.328201293945312,-4.00543212890625,-0.0476837158203125,,,,13.017654418945312,26.464462280273438,13.446807861328125,14.155503687263183,18.078688207268065,,QuantData term-structure
2026-08-17T16:00:00-04:00,2027-06-17,304,330.0,put,-0.07776998082354364,36.57341003417969,480.62,fixed_strike,32.23419189453125,35.71510314941406,34.18922424316406,30.183792114257812,31.328201293945312,-4.00543212890625,-0.0476837158203125,,,,13.017654418945312,26.464462280273438,13.446807861328125,14.155503687263183,18.078688207268065,,QuantData term-structure
2026-08-17T16:00:00-04:00,2027-06-17,304,340.0,call,0.9500493032116543,27.799606323242188,480.62,fixed_strike,32.23419189453125,35.71510314941406,34.18922424316406,30.183792114257812,31.328201293945312,-4.00543212890625,-0.0476837158203125,,,,13.017654418945312,26.464462280273438,13.446807861328125,14.155503687263183,18.078688207268065,,QuantData term-structure
2026-08-17T16:00:00-04:00,2027-06-17,304,340.0,put,-0.09159133083723697,36.28730773925781,480.62,fixed_strike,32.23419189453125,35.71510314941406,34.18922424316406,30.183792114257812,31.328201293945312,-4.00543212890625,-0.0476837158203125,,,,13.017654418945312,26.464462280273438,13.446807861328125,14.155503687263183,18.078688207268065,,QuantData term-structure
2026-08-17T16:00:00-04:00,2027-06-17,304,350.0,call,0.933762757472135,28.467178344726562,480.62,fixed_strike,32.23419189453125,35.71510314941406,34.18922424316406,30.183792114257812,31.328201293945312,-4.00543212890625,-0.0476837158203125,,,,13.017654418945312,26.464462280273438,13.446807861328125,14.155503687263183,18.078688207268065,,QuantData term-structure
2026-08-17T16:00:00-04:00,2027-06-17,304,350.0,put,-0.10361531294816495,35.71510314941406,480.62,fixed_strike,32.23419189453125,35.71510314941406,34.18922424316406,30.183792114257812,31.328201293945312,-4.00543212890625,-0.0476837158203125,,,,13.017654418945312,26.464462280273438,13.446807861328125,14.155503687263183,18.078688207268065,,QuantData term-structure
2026-08-17T16:00:00-04:00,2027-06-17,304,360.0,call,0.9218500143842147,28.562545776367188,480.62,fixed_strike,32.23419189453125,35.71510314941406,34.18922424316406,30.183792114257812,31.328201293945312,-4.00543212890625,-0.0476837158203125,,,,13.017654418945312,26.464462280273438,13.446807861328125,14.155503687263183,18.078688207268065,,QuantData term-structure
2026-08-17T16:00:00-04:00,2027-06-17,304,360.0,put,-0.11911903739451479,35.52436828613281,480.62,fixed_strike,32.23419189453125,35.71510314941406,34.18922424316406,30.183792114257812,31.328201293945312,-4.00543212890625,-0.0476837158203125,,,,13.017654418945312,26.464462280273438,13.446807861328125,14.155503687263183,18.078688207268065,,QuantData term-structure
2026-08-17T16:00:00-04:00,2027-06-17,304,370.0,call,0.896423639069097,29.325485229492188,480.62,fixed_strike,32.23419189453125,35.71510314941406,34.18922424316406,30.183792114257812,31.328201293945312,-4.00543212890625,-0.0476837158203125,,,,13.017654418945312,26.464462280273438,13.446807861328125,14.155503687263183,18.078688207268065,,QuantData term-structure
2026-08-17T16:00:00-04:00,2027-06-17,304,370.0,put,-0.1358135813031373,35.23826599121094,480.62,fixed_strike,32.23419189453125,35.71510314941406,34.18922424316406,30.183792114257812,31.328201293945312,-4.00543212890625,-0.0476837158203125,,,,13.017654418945312,26.464462280273438,13.446807861328125,14.155503687263183,18.078688207268065,,QuantData term-structure
2026-08-17T16:00:00-04:00,2027-06-17,304,380.0,call,0.8758277157404704,29.706954956054688,480.62,fixed_strike,32.23419189453125,35.71510314941406,34.18922424316406,30.183792114257812,31.328201293945312,-4.00543212890625,-0.0476837158203125,,,,13.017654418945312,26.464462280273438,13.446807861328125,14.155503687263183,18.078688207268065,,QuantData term-structure
2026-08-17T16:00:00-04:00,2027-06-17,304,380.0,put,-0.15246773211960285,34.85679626464844,480.62,fixed_strike,32.23419189453125,35.71510314941406,34.18922424316406,30.183792114257812,31.328201293945312,-4.00543212890625,-0.0476837158203125,,,,13.017654418945312,26.464462280273438,13.446807861328125,14.155503687263183,18.078688207268065,,QuantData term-structure
2026-08-17T16:00:00-04:00,2027-06-17,304,390.0,call,0.85616319699956,29.611587524414062,480.62,fixed_strike,32.23419189453125,35.71510314941406,34.18922424316406,30.183792114257812,31.328201293945312,-4.00543212890625,-0.0476837158203125,,,,13.017654418945312,26.464462280273438,13.446807861328125,14.155503687263183,18.078688207268065,,QuantData term-structure
2026-08-17T16:00:00-04:00,2027-06-17,304,390.0,put,-0.17370897722000295,34.76142883300781,480.62,fixed_strike,32.23419189453125,35.71510314941406,34.18922424316406,30.183792114257812,31.328201293945312,-4.00543212890625,-0.0476837158203125,,,,13.017654418945312,26.464462280273438,13.446807861328125,14.155503687263183,18.078688207268065,,QuantData term-structure
2026-08-17T16:00:00-04:00,2027-06-17,304,400.0,call,0.8314098205030123,29.897689819335938,480.62,fixed_strike,32.23419189453125,35.71510314941406,34.18922424316406,30.183792114257812,31.328201293945312,-4.00543212890625,-0.0476837158203125,,,,13.017654418945312,26.464462280273438,13.446807861328125,14.155503687263183,18.078688207268065,,QuantData term-structure
2026-08-17T16:00:00-04:00,2027-06-17,304,400.0,put,-0.1909656541901832,34.57069396972656,480.62,fixed_strike,32.23419189453125,35.71510314941406,34.18922424316406,30.183792114257812,31.328201293945312,-4.00543212890625,-0.0476837158203125,,,,13.017654418945312,26.464462280273438,13.446807861328125,14.155503687263183,18.078688207268065,,QuantData term-structure
2026-08-17T16:00:00-04:00,2027-06-17,304,410.0,call,0.8068696005292542,29.993057250976562,480.62,fixed_strike,32.23419189453125,35.71510314941406,34.18922424316406,30.183792114257812,31.328201293945312,-4.00543212890625,-0.0476837158203125,,,,13.017654418945312,26.464462280273438,13.446807861328125,14.155503687263183,18.078688207268065,,QuantData term-structure
2026-08-17T16:00:00-04:00,2027-06-17,304,410.0,put,-0.2156681475546275,34.37995910644531,480.62,fixed_strike,32.23419189453125,35.71510314941406,34.18922424316406,30.183792114257812,31.328201293945312,-4.00543212890625,-0.0476837158203125,,,,13.017654418945312,26.464462280273438,13.446807861328125,14.155503687263183,18.078688207268065,,QuantData term-structure
2026-08-17T16:00:00-04:00,2027-06-17,304,420.0,call,0.7815983063370019,30.088424682617188,480.62,fixed_strike,32.23419189453125,35.71510314941406,34.18922424316406,30.183792114257812,31.328201293945312,-4.00543212890625,-0.0476837158203125,,,,13.017654418945312,26.464462280273438,13.446807861328125,14.155503687263183,18.078688207268065,,QuantData term-structure
2026-08-17T16:00:00-04:00,2027-06-17,304,420.0,put,-0.23621647076104751,34.28459167480469,480.62,fixed_strike,32.23419189453125,35.71510314941406,34.18922424316406,30.183792114257812,31.328201293945312,-4.00543212890625,-0.0476837158203125,,,,13.017654418945312,26.464462280273438,13.446807861328125,14.155503687263183,18.078688207268065,,QuantData term-structure
2026-08-17T16:00:00-04:00,2027-06-17,304,430.0,call,0.7539572567236309,30.088424682617188,480.62,fixed_strike,32.23419189453125,35.71510314941406,34.18922424316406,30.183792114257812,31.328201293945312,-4.00543212890625,-0.0476837158203125,,,,13.017654418945312,26.464462280273438,13.446807861328125,14.155503687263183,18.078688207268065,,QuantData term-structure
2026-08-17T16:00:00-04:00,2027-06-17,304,430.0,put,-0.2605371685468083,34.18922424316406,480.62,fixed_strike,32.23419189453125,35.71510314941406,34.18922424316406,30.183792114257812,31.328201293945312,-4.00543212890625,-0.0476837158203125,,,,13.017654418945312,26.464462280273438,13.446807861328125,14.155503687263183,18.078688207268065,,QuantData term-structure
2026-08-17T16:00:00-04:00,2027-06-17,304,440.0,call,0.7261827253443993,30.565261840820312,480.62,fixed_strike,32.23419189453125,35.71510314941406,34.18922424316406,30.183792114257812,31.328201293945312,-4.00543212890625,-0.0476837158203125,,,,13.017654418945312,26.464462280273438,13.446807861328125,14.155503687263183,18.078688207268065,,QuantData term-structure
2026-08-17T16:00:00-04:00,2027-06-17,304,440.0,put,-0.2857923195829572,34.18922424316406,480.62,fixed_strike,32.23419189453125,35.71510314941406,34.18922424316406,30.183792114257812,31.328201293945312,-4.00543212890625,-0.0476837158203125,,,,13.017654418945312,26.464462280273438,13.446807861328125,14.155503687263183,18.078688207268065,,QuantData term-structure
2026-08-17T16:00:00-04:00,2027-06-17,304,450.0,call,0.6994135929615863,30.088424682617188,480.62,fixed_strike,32.23419189453125,35.71510314941406,34.18922424316406,30.183792114257812,31.328201293945312,-4.00543212890625,-0.0476837158203125,,,,13.017654418945312,26.464462280273438,13.446807861328125,14.155503687263183,18.078688207268065,,QuantData term-structure
2026-08-17T16:00:00-04:00,2027-06-17,304,450.0,put,-0.30680704681612736,34.37995910644531,480.62,fixed_strike,32.23419189453125,35.71510314941406,34.18922424316406,30.183792114257812,31.328201293945312,-4.00543212890625,-0.0476837158203125,,,,13.017654418945312,26.464462280273438,13.446807861328125,14.155503687263183,18.078688207268065,,QuantData term-structure
2026-08-17T16:00:00-04:00,2027-06-17,304,460.0,call,0.6726569395326911,30.088424682617188,480.62,fixed_strike,32.23419189453125,35.71510314941406,34.18922424316406,30.183792114257812,31.328201293945312,-4.00543212890625,-0.0476837158203125,,,,13.017654418945312,26.464462280273438,13.446807861328125,14.155503687263183,18.078688207268065,,QuantData term-structure
2026-08-17T16:00:00-04:00,2027-06-17,304,460.0,put,-0.3347444041125412,34.09385681152344,480.62,fixed_strike,32.23419189453125,35.71510314941406,34.18922424316406,30.183792114257812,31.328201293945312,-4.00543212890625,-0.0476837158203125,,,,13.017654418945312,26.464462280273438,13.446807861328125,14.155503687263183,18.078688207268065,,QuantData term-structure
2026-08-17T16:00:00-04:00,2027-06-17,304,470.0,call,0.6468648928449161,30.088424682617188,480.62,fixed_strike,32.23419189453125,35.71510314941406,34.18922424316406,30.183792114257812,31.328201293945312,-4.00543212890625,-0.0476837158203125,,,,13.017654418945312,26.464462280273438,13.446807861328125,14.155503687263183,18.078688207268065,,QuantData term-structure
2026-08-17T16:00:00-04:00,2027-06-17,304,470.0,put,-0.35846206979096884,34.18922424316406,480.62,fixed_strike,32.23419189453125,35.71510314941406,34.18922424316406,30.183792114257812,31.328201293945312,-4.00543212890625,-0.0476837158203125,,,,13.017654418945312,26.464462280273438,13.446807861328125,14.155503687263183,18.078688207268065,,QuantData term-structure
2026-08-17T16:00:00-04:00,2027-06-17,304,480.0,call,0.615203617378138,30.279159545898438,480.62,fixed_strike,32.23419189453125,35.71510314941406,34.18922424316406,30.183792114257812,31.328201293945312,-4.00543212890625,-0.0476837158203125,,,,13.017654418945312,26.464462280273438,13.446807861328125,14.155503687263183,18.078688207268065,,QuantData term-structure
2026-08-17T16:00:00-04:00,2027-06-17,304,480.0,put,-0.38585083330558884,34.18922424316406,480.62,fixed_strike,32.23419189453125,35.71510314941406,34.18922424316406,30.183792114257812,31.328201293945312,-4.00543212890625,-0.0476837158203125,,,,13.017654418945312,26.464462280273438,13.446807861328125,14.155503687263183,18.078688207268065,,QuantData term-structure
2026-08-17T16:00:00-04:00,2027-06-17,304,490.0,call,0.5850124089947512,30.183792114257812,480.62,fixed_strike,32.23419189453125,35.71510314941406,34.18922424316406,30.183792114257812,31.328201293945312,-4.00543212890625,-0.0476837158203125,,,,13.017654418945312,26.464462280273438,13.446807861328125,14.155503687263183,18.078688207268065,,QuantData term-structure
2026-08-17T16:00:00-04:00,2027-06-17,304,490.0,put,-0.4118335448728993,34.28459167480469,480.62,fixed_strike,32.23419189453125,35.71510314941406,34.18922424316406,30.183792114257812,31.328201293945312,-4.00543212890625,-0.0476837158203125,,,,13.017654418945312,26.464462280273438,13.446807861328125,14.155503687263183,18.078688207268065,,QuantData term-structure
2026-08-17T16:00:00-04:00,2027-06-17,304,500.0,call,0.5572415834913507,30.183792114257812,480.62,fixed_strike,32.23419189453125,35.71510314941406,34.18922424316406,30.183792114257812,31.328201293945312,-4.00543212890625,-0.0476837158203125,,,,13.017654418945312,26.464462280273438,13.446807861328125,14.155503687263183,18.078688207268065,,QuantData term-structure
2026-08-17T16:00:00-04:00,2027-06-17,304,500.0,put,-0.4360547636364182,34.28459167480469,480.62,fixed_strike,32.23419189453125,35.71510314941406,34.18922424316406,30.183792114257812,31.328201293945312,-4.00543212890625,-0.0476837158203125,,,,13.017654418945312,26.464462280273438,13.446807861328125,14.155503687263183,18.078688207268065,,QuantData term-structure
2026-08-17T16:00:00-04:00,2027-06-17,304,505.0,call,0.5425174413882912,30.088424682617188,480.62,fixed_strike,32.23419189453125,35.71510314941406,34.18922424316406,30.183792114257812,31.328201293945312,-4.00543212890625,-0.0476837158203125,,,,13.017654418945312,26.464462280273438,13.446807861328125,14.155503687263183,18.078688207268065,,QuantData term-structure
2026-08-17T16:00:00-04:00,2027-06-17,304,505.0,put,-0.4450882526223126,34.57069396972656,480.62,fixed_strike,32.23419189453125,35.71510314941406,34.18922424316406,30.183792114257812,31.328201293945312,-4.00543212890625,-0.0476837158203125,,,,13.017654418945312,26.464462280273438,13.446807861328125,14.155503687263183,18.078688207268065,,QuantData term-structure
2026-08-17T16:00:00-04:00,2027-06-17,304,510.0,call,0.5323268035015222,30.183792114257812,480.62,fixed_strike,32.23419189453125,35.71510314941406,34.18922424316406,30.183792114257812,31.328201293945312,-4.00543212890625,-0.0476837158203125,,,,13.017654418945312,26.464462280273438,13.446807861328125,14.155503687263183,18.078688207268065,,QuantData term-structure
2026-08-17T16:00:00-04:00,2027-06-17,304,515.0,call,0.5132059603459895,30.851364135742188,480.62,fixed_strike,32.23419189453125,35.71510314941406,34.18922424316406,30.183792114257812,31.328201293945312,-4.00543212890625,-0.0476837158203125,,,,13.017654418945312,26.464462280273438,13.446807861328125,14.155503687263183,18.078688207268065,,QuantData term-structure
2026-08-17T16:00:00-04:00,2027-06-17,304,515.0,put,-0.4652192962917808,33.23554992675781,480.62,fixed_strike,32.23419189453125,35.71510314941406,34.18922424316406,30.183792114257812,31.328201293945312,-4.00543212890625,-0.0476837158203125,,,,13.017654418945312,26.464462280273438,13.446807861328125,14.155503687263183,18.078688207268065,,QuantData term-structure
2026-08-17T16:00:00-04:00,2027-06-17,304,520.0,call,0.5021951612096792,30.088424682617188,480.62,fixed_strike,32.23419189453125,35.71510314941406,34.18922424316406,30.183792114257812,31.328201293945312,-4.00543212890625,-0.0476837158203125,,,,13.017654418945312,26.464462280273438,13.446807861328125,14.155503687263183,18.078688207268065,,QuantData term-structure
2026-08-17T16:00:00-04:00,2027-06-17,304,520.0,put,-0.4644206554930796,33.99848937988281,480.62,fixed_strike,32.23419189453125,35.71510314941406,34.18922424316406,30.183792114257812,31.328201293945312,-4.00543212890625,-0.0476837158203125,,,,13.017654418945312,26.464462280273438,13.446807861328125,14.155503687263183,18.078688207268065,,QuantData term-structure
2026-08-17T16:00:00-04:00,2027-06-17,304,525.0,call,0.48613330523367293,30.088424682617188,480.62,fixed_strike,32.23419189453125,35.71510314941406,34.18922424316406,30.183792114257812,31.328201293945312,-4.00543212890625,-0.0476837158203125,,,,13.017654418945312,26.464462280273438,13.446807861328125,14.155503687263183,18.078688207268065,,QuantData term-structure
2026-08-17T16:00:00-04:00,2027-06-17,304,525.0,put,-0.4855194233368054,34.37995910644531,480.62,fixed_strike,32.23419189453125,35.71510314941406,34.18922424316406,30.183792114257812,31.328201293945312,-4.00543212890625,-0.0476837158203125,,,,13.017654418945312,26.464462280273438,13.446807861328125,14.155503687263183,18.078688207268065,,QuantData term-structure
2026-08-17T16:00:00-04:00,2027-06-17,304,530.0,call,0.47483345594583165,29.993057250976562,480.62,fixed_strike,32.23419189453125,35.71510314941406,34.18922424316406,30.183792114257812,31.328201293945312,-4.00543212890625,-0.0476837158203125,,,,13.017654418945312,26.464462280273438,13.446807861328125,14.155503687263183,18.078688207268065,,QuantData term-structure
2026-08-17T16:00:00-04:00,2027-06-17,304,535.0,call,0.456830099324828,30.183792114257812,480.62,fixed_strike,32.23419189453125,35.71510314941406,34.18922424316406,30.183792114257812,31.328201293945312,-4.00543212890625,-0.0476837158203125,,,,13.017654418945312,26.464462280273438,13.446807861328125,14.155503687263183,18.078688207268065,,QuantData term-structure
2026-08-17T16:00:00-04:00,2027-06-17,304,540.0,call,0.44577664136790635,30.088424682617188,480.62,fixed_strike,32.23419189453125,35.71510314941406,34.18922424316406,30.183792114257812,31.328201293945312,-4.00543212890625,-0.0476837158203125,,,,13.017654418945312,26.464462280273438,13.446807861328125,14.155503687263183,18.078688207268065,,QuantData term-structure
2026-08-17T16:00:00-04:00,2027-06-17,304,545.0,call,0.43158668335335143,30.183792114257812,480.62,fixed_strike,32.23419189453125,35.71510314941406,34.18922424316406,30.183792114257812,31.328201293945312,-4.00543212890625,-0.0476837158203125,,,,13.017654418945312,26.464462280273438,13.446807861328125,14.155503687263183,18.078688207268065,,QuantData term-structure
2026-08-17T16:00:00-04:00,2027-06-17,304,550.0,call,0.4188427282621732,30.088424682617188,480.62,fixed_strike,32.23419189453125,35.71510314941406,34.18922424316406,30.183792114257812,31.328201293945312,-4.00543212890625,-0.0476837158203125,,,,13.017654418945312,26.464462280273438,13.446807861328125,14.155503687263183,18.078688207268065,,QuantData term-structure
2026-08-17T16:00:00-04:00,2027-06-17,304,550.0,put,-0.5519456892452332,35.23826599121094,480.62,fixed_strike,32.23419189453125,35.71510314941406,34.18922424316406,30.183792114257812,31.328201293945312,-4.00543212890625,-0.0476837158203125,,,,13.017654418945312,26.464462280273438,13.446807861328125,14.155503687263183,18.078688207268065,,QuantData term-structure
2026-08-17T16:00:00-04:00,2027-06-17,304,555.0,call,0.40584443635964124,30.183792114257812,480.62,fixed_strike,32.23419189453125,35.71510314941406,34.18922424316406,30.183792114257812,31.328201293945312,-4.00543212890625,-0.0476837158203125,,,,13.017654418945312,26.464462280273438,13.446807861328125,14.155503687263183,18.078688207268065,,QuantData term-structure
2026-08-17T16:00:00-04:00,2027-06-17,304,560.0,call,0.3936896270992042,30.183792114257812,480.62,fixed_strike,32.23419189453125,35.71510314941406,34.18922424316406,30.183792114257812,31.328201293945312,-4.00543212890625,-0.0476837158203125,,,,13.017654418945312,26.464462280273438,13.446807861328125,14.155503687263183,18.078688207268065,,QuantData term-structure
2026-08-17T16:00:00-04:00,2027-06-17,304,565.0,call,0.38026665510901614,30.183792114257812,480.62,fixed_strike,32.23419189453125,35.71510314941406,34.18922424316406,30.183792114257812,31.328201293945312,-4.00543212890625,-0.0476837158203125,,,,13.017654418945312,26.464462280273438,13.446807861328125,14.155503687263183,18.078688207268065,,QuantData term-structure
2026-08-17T16:00:00-04:00,2027-06-17,304,570.0,call,0.36965282210511075,30.183792114257812,480.62,fixed_strike,32.23419189453125,35.71510314941406,34.18922424316406,30.183792114257812,31.328201293945312,-4.00543212890625,-0.0476837158203125,,,,13.017654418945312,26.464462280273438,13.446807861328125,14.155503687263183,18.078688207268065,,QuantData term-structure
2026-08-17T16:00:00-04:00,2027-06-17,304,575.0,call,0.3590663387544091,30.374526977539062,480.62,fixed_strike,32.23419189453125,35.71510314941406,34.18922424316406,30.183792114257812,31.328201293945312,-4.00543212890625,-0.0476837158203125,,,,13.017654418945312,26.464462280273438,13.446807861328125,14.155503687263183,18.078688207268065,,QuantData term-structure
2026-08-17T16:00:00-04:00,2027-06-17,304,580.0,call,0.34578250139086275,30.279159545898438,480.62,fixed_strike,32.23419189453125,35.71510314941406,34.18922424316406,30.183792114257812,31.328201293945312,-4.00543212890625,-0.0476837158203125,,,,13.017654418945312,26.464462280273438,13.446807861328125,14.155503687263183,18.078688207268065,,QuantData term-structure
2026-08-17T16:00:00-04:00,2027-06-17,304,585.0,call,0.33487936480808145,30.183792114257812,480.62,fixed_strike,32.23419189453125,35.71510314941406,34.18922424316406,30.183792114257812,31.328201293945312,-4.00543212890625,-0.0476837158203125,,,,13.017654418945312,26.464462280273438,13.446807861328125,14.155503687263183,18.078688207268065,,QuantData term-structure
2026-08-17T16:00:00-04:00,2027-06-17,304,585.0,put,-0.6152636063056744,36.76414489746094,480.62,fixed_strike,32.23419189453125,35.71510314941406,34.18922424316406,30.183792114257812,31.328201293945312,-4.00543212890625,-0.0476837158203125,,,,13.017654418945312,26.464462280273438,13.446807861328125,14.155503687263183,18.078688207268065,,QuantData term-structure
2026-08-17T16:00:00-04:00,2027-06-17,304,590.0,call,0.3223151380213982,30.183792114257812,480.62,fixed_strike,32.23419189453125,35.71510314941406,34.18922424316406,30.183792114257812,31.328201293945312,-4.00543212890625,-0.0476837158203125,,,,13.017654418945312,26.464462280273438,13.446807861328125,14.155503687263183,18.078688207268065,,QuantData term-structure
2026-08-17T16:00:00-04:00,2027-06-17,304,595.0,call,0.3113705607192701,30.279159545898438,480.62,fixed_strike,32.23419189453125,35.71510314941406,34.18922424316406,30.183792114257812,31.328201293945312,-4.00543212890625,-0.0476837158203125,,,,13.017654418945312,26.464462280273438,13.446807861328125,14.155503687263183,18.078688207268065,,QuantData term-structure
2026-08-17T16:00:00-04:00,2027-06-17,304,600.0,call,0.3028635345213201,30.279159545898438,480.62,fixed_strike,32.23419189453125,35.71510314941406,34.18922424316406,30.183792114257812,31.328201293945312,-4.00543212890625,-0.0476837158203125,,,,13.017654418945312,26.464462280273438,13.446807861328125,14.155503687263183,18.078688207268065,,QuantData term-structure
2026-08-17T16:00:00-04:00,2027-06-17,304,605.0,call,0.29194382044187384,30.279159545898438,480.62,fixed_strike,32.23419189453125,35.71510314941406,34.18922424316406,30.183792114257812,31.328201293945312,-4.00543212890625,-0.0476837158203125,,,,13.017654418945312,26.464462280273438,13.446807861328125,14.155503687263183,18.078688207268065,,QuantData term-structure
2026-08-17T16:00:00-04:00,2027-06-17,304,610.0,call,0.28147703002991176,30.374526977539062,480.62,fixed_strike,32.23419189453125,35.71510314941406,34.18922424316406,30.183792114257812,31.328201293945312,-4.00543212890625,-0.0476837158203125,,,,13.017654418945312,26.464462280273438,13.446807861328125,14.155503687263183,18.078688207268065,,QuantData term-structure
2026-08-17T16:00:00-04:00,2027-06-17,304,615.0,call,0.27164112082568714,30.374526977539062,480.62,fixed_strike,32.23419189453125,35.71510314941406,34.18922424316406,30.183792114257812,31.328201293945312,-4.00543212890625,-0.0476837158203125,,,,13.017654418945312,26.464462280273438,13.446807861328125,14.155503687263183,18.078688207268065,,QuantData term-structure
2026-08-17T16:00:00-04:00,2027-06-17,304,620.0,call,0.2626674009481036,30.374526977539062,480.62,fixed_strike,32.23419189453125,35.71510314941406,34.18922424316406,30.183792114257812,31.328201293945312,-4.00543212890625,-0.0476837158203125,,,,13.017654418945312,26.464462280273438,13.446807861328125,14.155503687263183,18.078688207268065,,QuantData term-structure
2026-08-17T16:00:00-04:00,2027-06-17,304,625.0,call,0.25871850074306824,30.279159545898438,480.62,fixed_strike,32.23419189453125,35.71510314941406,34.18922424316406,30.183792114257812,31.328201293945312,-4.00543212890625,-0.0476837158203125,,,,13.017654418945312,26.464462280273438,13.446807861328125,14.155503687263183,18.078688207268065,,QuantData term-structure
2026-08-17T16:00:00-04:00,2027-06-17,304,630.0,call,0.24409276770327243,30.183792114257812,480.62,fixed_strike,32.23419189453125,35.71510314941406,34.18922424316406,30.183792114257812,31.328201293945312,-4.00543212890625,-0.0476837158203125,,,,13.017654418945312,26.464462280273438,13.446807861328125,14.155503687263183,18.078688207268065,,QuantData term-structure
2026-08-17T16:00:00-04:00,2027-06-17,304,645.0,call,0.23655760612639504,30.088424682617188,480.62,fixed_strike,32.23419189453125,35.71510314941406,34.18922424316406,30.183792114257812,31.328201293945312,-4.00543212890625,-0.0476837158203125,,,,13.017654418945312,26.464462280273438,13.446807861328125,14.155503687263183,18.078688207268065,,QuantData term-structure
2026-08-17T16:00:00-04:00,2027-06-17,304,650.0,call,0.21302371567481837,30.565261840820312,480.62,fixed_strike,32.23419189453125,35.71510314941406,34.18922424316406,30.183792114257812,31.328201293945312,-4.00543212890625,-0.0476837158203125,,,,13.017654418945312,26.464462280273438,13.446807861328125,14.155503687263183,18.078688207268065,,QuantData term-structure
2026-08-17T16:00:00-04:00,2027-06-17,304,660.0,call,0.19991374263939587,30.660629272460938,480.62,fixed_strike,32.23419189453125,35.71510314941406,34.18922424316406,30.183792114257812,31.328201293945312,-4.00543212890625,-0.0476837158203125,,,,13.017654418945312,26.464462280273438,13.446807861328125,14.155503687263183,18.078688207268065,,QuantData term-structure
2026-08-17T16:00:00-04:00,2027-06-17,304,675.0,call,0.1815069046846038,30.565261840820312,480.62,fixed_strike,32.23419189453125,35.71510314941406,34.18922424316406,30.183792114257812,31.328201293945312,-4.00543212890625,-0.0476837158203125,,,,13.017654418945312,26.464462280273438,13.446807861328125,14.155503687263183,18.078688207268065,,QuantData term-structure
2026-08-17T16:00:00-04:00,2027-06-17,304,680.0,call,0.17982441565525809,30.851364135742188,480.62,fixed_strike,32.23419189453125,35.71510314941406,34.18922424316406,30.183792114257812,31.328201293945312,-4.00543212890625,-0.0476837158203125,,,,13.017654418945312,26.464462280273438,13.446807861328125,14.155503687263183,18.078688207268065,,QuantData term-structure
2026-08-17T16:00:00-04:00,2027-06-17,304,700.0,call,0.14701888937655017,30.755996704101562,480.62,fixed_strike,32.23419189453125,35.71510314941406,34.18922424316406,30.183792114257812,31.328201293945312,-4.00543212890625,-0.0476837158203125,,,,13.017654418945312,26.464462280273438,13.446807861328125,14.155503687263183,18.078688207268065,,QuantData term-structure
2026-08-17T16:00:00-04:00,2027-06-17,304,715.0,call,0.1388964949939856,30.755996704101562,480.62,fixed_strike,32.23419189453125,35.71510314941406,34.18922424316406,30.183792114257812,31.328201293945312,-4.00543212890625,-0.0476837158203125,,,,13.017654418945312,26.464462280273438,13.446807861328125,14.155503687263183,18.078688207268065,,QuantData term-structure
2026-08-17T16:00:00-04:00,2027-06-17,304,720.0,call,0.12542378044835795,31.042098999023438,480.62,fixed_strike,32.23419189453125,35.71510314941406,34.18922424316406,30.183792114257812,31.328201293945312,-4.00543212890625,-0.0476837158203125,,,,13.017654418945312,26.464462280273438,13.446807861328125,14.155503687263183,18.078688207268065,,QuantData term-structure
2026-08-17T16:00:00-04:00,2027-06-17,304,745.0,call,0.11580575562309986,30.851364135742188,480.62,fixed_strike,32.23419189453125,35.71510314941406,34.18922424316406,30.183792114257812,31.328201293945312,-4.00543212890625,-0.0476837158203125,,,,13.017654418945312,26.464462280273438,13.446807861328125,14.155503687263183,18.078688207268065,,QuantData term-structure
2026-08-17T16:00:00-04:00,2027-06-17,304,750.0,call,0.1007208467962678,31.328201293945312,480.62,fixed_strike,32.23419189453125,35.71510314941406,34.18922424316406,30.183792114257812,31.328201293945312,-4.00543212890625,-0.0476837158203125,,,,13.017654418945312,26.464462280273438,13.446807861328125,14.155503687263183,18.078688207268065,,QuantData term-structure
2026-08-17T16:00:00-04:00,2027-06-17,304,755.0,call,0.09644739073360792,31.137466430664062,480.62,fixed_strike,32.23419189453125,35.71510314941406,34.18922424316406,30.183792114257812,31.328201293945312,-4.00543212890625,-0.0476837158203125,,,,13.017654418945312,26.464462280273438,13.446807861328125,14.155503687263183,18.078688207268065,,QuantData term-structure
2026-08-17T16:00:00-04:00,2027-06-17,304,770.0,call,0.0853045693404807,31.328201293945312,480.62,fixed_strike,32.23419189453125,35.71510314941406,34.18922424316406,30.183792114257812,31.328201293945312,-4.00543212890625,-0.0476837158203125,,,,13.017654418945312,26.464462280273438,13.446807861328125,14.155503687263183,18.078688207268065,,QuantData term-structure
2026-08-17T16:00:00-04:00,2027-06-17,304,780.0,call,0.07879710102254622,31.328201293945312,480.62,fixed_strike,32.23419189453125,35.71510314941406,34.18922424316406,30.183792114257812,31.328201293945312,-4.00543212890625,-0.0476837158203125,,,,13.017654418945312,26.464462280273438,13.446807861328125,14.155503687263183,18.078688207268065,,QuantData term-structure
2026-08-17T16:00:00-04:00,2027-06-17,304,800.0,call,0.06624611423329962,31.328201293945312,480.62,fixed_strike,32.23419189453125,35.71510314941406,34.18922424316406,30.183792114257812,31.328201293945312,-4.00543212890625,-0.0476837158203125,,,,13.017654418945312,26.464462280273438,13.446807861328125,14.155503687263183,18.078688207268065,,QuantData term-structure
2026-08-17T16:00:00-04:00,2027-09-17,396,190.0,put,-0.007055171970199611,42.39082336425781,480.62,fixed_strike,32.806396484375,36.19194030761719,35.04753112792969,30.755996704101562,31.137466430664062,-4.291534423828125,0.095367431640625,,,,13.017654418945312,26.464462280273438,13.446807861328125,14.155503687263183,18.650892797111815,,QuantData term-structure
2026-08-17T16:00:00-04:00,2027-09-17,396,215.0,call,1.0,0.0476837158203125,480.62,fixed_strike,32.806396484375,36.19194030761719,35.04753112792969,30.755996704101562,31.137466430664062,-4.291534423828125,0.095367431640625,,,,13.017654418945312,26.464462280273438,13.446807861328125,14.155503687263183,18.650892797111815,,QuantData term-structure
2026-08-17T16:00:00-04:00,2027-09-17,396,215.0,put,-0.013247094654527274,41.15104675292969,480.62,fixed_strike,32.806396484375,36.19194030761719,35.04753112792969,30.755996704101562,31.137466430664062,-4.291534423828125,0.095367431640625,,,,13.017654418945312,26.464462280273438,13.446807861328125,14.155503687263183,18.650892797111815,,QuantData term-structure
2026-08-17T16:00:00-04:00,2027-09-17,396,225.0,put,-0.016610766043454836,40.67420959472656,480.62,fixed_strike,32.806396484375,36.19194030761719,35.04753112792969,30.755996704101562,31.137466430664062,-4.291534423828125,0.095367431640625,,,,13.017654418945312,26.464462280273438,13.446807861328125,14.155503687263183,18.650892797111815,,QuantData term-structure
2026-08-17T16:00:00-04:00,2027-09-17,396,230.0,put,-0.01799872881326548,40.38810729980469,480.62,fixed_strike,32.806396484375,36.19194030761719,35.04753112792969,30.755996704101562,31.137466430664062,-4.291534423828125,0.095367431640625,,,,13.017654418945312,26.464462280273438,13.446807861328125,14.155503687263183,18.650892797111815,,QuantData term-structure
2026-08-17T16:00:00-04:00,2027-09-17,396,235.0,put,-0.020316465808941548,40.10200500488281,480.62,fixed_strike,32.806396484375,36.19194030761719,35.04753112792969,30.755996704101562,31.137466430664062,-4.291534423828125,0.095367431640625,,,,13.017654418945312,26.464462280273438,13.446807861328125,14.155503687263183,18.650892797111815,,QuantData term-structure
2026-08-17T16:00:00-04:00,2027-09-17,396,245.0,put,-0.024130430515072136,39.62516784667969,480.62,fixed_strike,32.806396484375,36.19194030761719,35.04753112792969,30.755996704101562,31.137466430664062,-4.291534423828125,0.095367431640625,,,,13.017654418945312,26.464462280273438,13.446807861328125,14.155503687263183,18.650892797111815,,QuantData term-structure
2026-08-17T16:00:00-04:00,2027-09-17,396,280.0,put,-0.04371390979221229,38.09928894042969,480.62,fixed_strike,32.806396484375,36.19194030761719,35.04753112792969,30.755996704101562,31.137466430664062,-4.291534423828125,0.095367431640625,,,,13.017654418945312,26.464462280273438,13.446807861328125,14.155503687263183,18.650892797111815,,QuantData term-structure
2026-08-17T16:00:00-04:00,2027-09-17,396,290.0,call,1.0,0.0476837158203125,480.62,fixed_strike,32.806396484375,36.19194030761719,35.04753112792969,30.755996704101562,31.137466430664062,-4.291534423828125,0.095367431640625,,,,13.017654418945312,26.464462280273438,13.446807861328125,14.155503687263183,18.650892797111815,,QuantData term-structure
2026-08-17T16:00:00-04:00,2027-09-17,396,300.0,call,0.9976538059668466,18.453598022460938,480.62,fixed_strike,32.806396484375,36.19194030761719,35.04753112792969,30.755996704101562,31.137466430664062,-4.291534423828125,0.095367431640625,,,,13.017654418945312,26.464462280273438,13.446807861328125,14.155503687263183,18.650892797111815,,QuantData term-structure
2026-08-17T16:00:00-04:00,2027-09-17,396,300.0,put,-0.06199437276744563,37.52708435058594,480.62,fixed_strike,32.806396484375,36.19194030761719,35.04753112792969,30.755996704101562,31.137466430664062,-4.291534423828125,0.095367431640625,,,,13.017654418945312,26.464462280273438,13.446807861328125,14.155503687263183,18.650892797111815,,QuantData term-structure
2026-08-17T16:00:00-04:00,2027-09-17,396,310.0,call,0.9754339130123821,25.606155395507812,480.62,fixed_strike,32.806396484375,36.19194030761719,35.04753112792969,30.755996704101562,31.137466430664062,-4.291534423828125,0.095367431640625,,,,13.017654418945312,26.464462280273438,13.446807861328125,14.155503687263183,18.650892797111815,,QuantData term-structure
2026-08-17T16:00:00-04:00,2027-09-17,396,320.0,call,0.95938219990846,27.894973754882812,480.62,fixed_strike,32.806396484375,36.19194030761719,35.04753112792969,30.755996704101562,31.137466430664062,-4.291534423828125,0.095367431640625,,,,13.017654418945312,26.464462280273438,13.446807861328125,14.155503687263183,18.650892797111815,,QuantData term-structure
2026-08-17T16:00:00-04:00,2027-09-17,396,325.0,call,0.9602544202584653,27.227401733398438,480.62,fixed_strike,32.806396484375,36.19194030761719,35.04753112792969,30.755996704101562,31.137466430664062,-4.291534423828125,0.095367431640625,,,,13.017654418945312,26.464462280273438,13.446807861328125,14.155503687263183,18.650892797111815,,QuantData term-structure
2026-08-17T16:00:00-04:00,2027-09-17,396,330.0,call,0.9576903577921092,26.369094848632812,480.62,fixed_strike,32.806396484375,36.19194030761719,35.04753112792969,30.755996704101562,31.137466430664062,-4.291534423828125,0.095367431640625,,,,13.017654418945312,26.464462280273438,13.446807861328125,14.155503687263183,18.650892797111815,,QuantData term-structure
2026-08-17T16:00:00-04:00,2027-09-17,396,335.0,call,0.9430348469614345,28.371810913085938,480.62,fixed_strike,32.806396484375,36.19194030761719,35.04753112792969,30.755996704101562,31.137466430664062,-4.291534423828125,0.095367431640625,,,,13.017654418945312,26.464462280273438,13.446807861328125,14.155503687263183,18.650892797111815,,QuantData term-structure
2026-08-17T16:00:00-04:00,2027-09-17,396,340.0,put,-0.10686629790018759,36.19194030761719,480.62,fixed_strike,32.806396484375,36.19194030761719,35.04753112792969,30.755996704101562,31.137466430664062,-4.291534423828125,0.095367431640625,,,,13.017654418945312,26.464462280273438,13.446807861328125,14.155503687263183,18.650892797111815,,QuantData term-structure
2026-08-17T16:00:00-04:00,2027-09-17,396,345.0,put,-0.11336068589646858,36.19194030761719,480.62,fixed_strike,32.806396484375,36.19194030761719,35.04753112792969,30.755996704101562,31.137466430664062,-4.291534423828125,0.095367431640625,,,,13.017654418945312,26.464462280273438,13.446807861328125,14.155503687263183,18.650892797111815,,QuantData term-structure
2026-08-17T16:00:00-04:00,2027-09-17,396,350.0,call,0.9165960880831583,29.039382934570312,480.62,fixed_strike,32.806396484375,36.19194030761719,35.04753112792969,30.755996704101562,31.137466430664062,-4.291534423828125,0.095367431640625,,,,13.017654418945312,26.464462280273438,13.446807861328125,14.155503687263183,18.650892797111815,,QuantData term-structure
2026-08-17T16:00:00-04:00,2027-09-17,396,350.0,put,-0.12027077532057906,36.09657287597656,480.62,fixed_strike,32.806396484375,36.19194030761719,35.04753112792969,30.755996704101562,31.137466430664062,-4.291534423828125,0.095367431640625,,,,13.017654418945312,26.464462280273438,13.446807861328125,14.155503687263183,18.650892797111815,,QuantData term-structure
2026-08-17T16:00:00-04:00,2027-09-17,396,355.0,put,-0.12117860706946809,35.61973571777344,480.62,fixed_strike,32.806396484375,36.19194030761719,35.04753112792969,30.755996704101562,31.137466430664062,-4.291534423828125,0.095367431640625,,,,13.017654418945312,26.464462280273438,13.446807861328125,14.155503687263183,18.650892797111815,,QuantData term-structure
2026-08-17T16:00:00-04:00,2027-09-17,396,360.0,call,0.9022127635922019,29.134750366210938,480.62,fixed_strike,32.806396484375,36.19194030761719,35.04753112792969,30.755996704101562,31.137466430664062,-4.291534423828125,0.095367431640625,,,,13.017654418945312,26.464462280273438,13.446807861328125,14.155503687263183,18.650892797111815,,QuantData term-structure
2026-08-17T16:00:00-04:00,2027-09-17,396,360.0,put,-0.1352642727710222,35.81047058105469,480.62,fixed_strike,32.806396484375,36.19194030761719,35.04753112792969,30.755996704101562,31.137466430664062,-4.291534423828125,0.095367431640625,,,,13.017654418945312,26.464462280273438,13.446807861328125,14.155503687263183,18.650892797111815,,QuantData term-structure
2026-08-17T16:00:00-04:00,2027-09-17,396,365.0,call,0.8977719088584755,28.181076049804688,480.62,fixed_strike,32.806396484375,36.19194030761719,35.04753112792969,30.755996704101562,31.137466430664062,-4.291534423828125,0.095367431640625,,,,13.017654418945312,26.464462280273438,13.446807861328125,14.155503687263183,18.650892797111815,,QuantData term-structure
2026-08-17T16:00:00-04:00,2027-09-17,396,365.0,put,-0.14067521354461876,35.61973571777344,480.62,fixed_strike,32.806396484375,36.19194030761719,35.04753112792969,30.755996704101562,31.137466430664062,-4.291534423828125,0.095367431640625,,,,13.017654418945312,26.464462280273438,13.446807861328125,14.155503687263183,18.650892797111815,,QuantData term-structure
2026-08-17T16:00:00-04:00,2027-09-17,396,370.0,call,0.87951245760831,29.706954956054688,480.62,fixed_strike,32.806396484375,36.19194030761719,35.04753112792969,30.755996704101562,31.137466430664062,-4.291534423828125,0.095367431640625,,,,13.017654418945312,26.464462280273438,13.446807861328125,14.155503687263183,18.650892797111815,,QuantData term-structure
2026-08-17T16:00:00-04:00,2027-09-17,396,370.0,put,-0.14963716983698738,35.42900085449219,480.62,fixed_strike,32.806396484375,36.19194030761719,35.04753112792969,30.755996704101562,31.137466430664062,-4.291534423828125,0.095367431640625,,,,13.017654418945312,26.464462280273438,13.446807861328125,14.155503687263183,18.650892797111815,,QuantData term-structure
2026-08-17T16:00:00-04:00,2027-09-17,396,375.0,call,0.871069685721576,30.088424682617188,480.62,fixed_strike,32.806396484375,36.19194030761719,35.04753112792969,30.755996704101562,31.137466430664062,-4.291534423828125,0.095367431640625,,,,13.017654418945312,26.464462280273438,13.446807861328125,14.155503687263183,18.650892797111815,,QuantData term-structure
2026-08-17T16:00:00-04:00,2027-09-17,396,375.0,put,-0.15115105057521339,35.23826599121094,480.62,fixed_strike,32.806396484375,36.19194030761719,35.04753112792969,30.755996704101562,31.137466430664062,-4.291534423828125,0.095367431640625,,,,13.017654418945312,26.464462280273438,13.446807861328125,14.155503687263183,18.650892797111815,,QuantData term-structure
2026-08-17T16:00:00-04:00,2027-09-17,396,380.0,call,0.8589442728069479,30.088424682617188,480.62,fixed_strike,32.806396484375,36.19194030761719,35.04753112792969,30.755996704101562,31.137466430664062,-4.291534423828125,0.095367431640625,,,,13.017654418945312,26.464462280273438,13.446807861328125,14.155503687263183,18.650892797111815,,QuantData term-structure
2026-08-17T16:00:00-04:00,2027-09-17,396,380.0,put,-0.15859322559485084,34.95216369628906,480.62,fixed_strike,32.806396484375,36.19194030761719,35.04753112792969,30.755996704101562,31.137466430664062,-4.291534423828125,0.095367431640625,,,,13.017654418945312,26.464462280273438,13.446807861328125,14.155503687263183,18.650892797111815,,QuantData term-structure
2026-08-17T16:00:00-04:00,2027-09-17,396,390.0,call,0.8390938775450285,29.993057250976562,480.62,fixed_strike,32.806396484375,36.19194030761719,35.04753112792969,30.755996704101562,31.137466430664062,-4.291534423828125,0.095367431640625,,,,13.017654418945312,26.464462280273438,13.446807861328125,14.155503687263183,18.650892797111815,,QuantData term-structure
2026-08-17T16:00:00-04:00,2027-09-17,396,390.0,put,-0.17631377175991836,35.04753112792969,480.62,fixed_strike,32.806396484375,36.19194030761719,35.04753112792969,30.755996704101562,31.137466430664062,-4.291534423828125,0.095367431640625,,,,13.017654418945312,26.464462280273438,13.446807861328125,14.155503687263183,18.650892797111815,,QuantData term-structure
2026-08-17T16:00:00-04:00,2027-09-17,396,395.0,call,0.8285541143123903,30.279159545898438,480.62,fixed_strike,32.806396484375,36.19194030761719,35.04753112792969,30.755996704101562,31.137466430664062,-4.291534423828125,0.095367431640625,,,,13.017654418945312,26.464462280273438,13.446807861328125,14.155503687263183,18.650892797111815,,QuantData term-structure
2026-08-17T16:00:00-04:00,2027-09-17,396,400.0,call,0.8177123857526247,30.374526977539062,480.62,fixed_strike,32.806396484375,36.19194030761719,35.04753112792969,30.755996704101562,31.137466430664062,-4.291534423828125,0.095367431640625,,,,13.017654418945312,26.464462280273438,13.446807861328125,14.155503687263183,18.650892797111815,,QuantData term-structure
2026-08-17T16:00:00-04:00,2027-09-17,396,400.0,put,-0.2058183203319217,35.23826599121094,480.62,fixed_strike,32.806396484375,36.19194030761719,35.04753112792969,30.755996704101562,31.137466430664062,-4.291534423828125,0.095367431640625,,,,13.017654418945312,26.464462280273438,13.446807861328125,14.155503687263183,18.650892797111815,,QuantData term-structure
2026-08-17T16:00:00-04:00,2027-09-17,396,410.0,call,0.8070964226518562,29.897689819335938,480.62,fixed_strike,32.806396484375,36.19194030761719,35.04753112792969,30.755996704101562,31.137466430664062,-4.291534423828125,0.095367431640625,,,,13.017654418945312,26.464462280273438,13.446807861328125,14.155503687263183,18.650892797111815,,QuantData term-structure
2026-08-17T16:00:00-04:00,2027-09-17,396,410.0,put,-0.22341850736837388,35.04753112792969,480.62,fixed_strike,32.806396484375,36.19194030761719,35.04753112792969,30.755996704101562,31.137466430664062,-4.291534423828125,0.095367431640625,,,,13.017654418945312,26.464462280273438,13.446807861328125,14.155503687263183,18.650892797111815,,QuantData term-structure
2026-08-17T16:00:00-04:00,2027-09-17,396,415.0,call,0.7891402465490243,29.325485229492188,480.62,fixed_strike,32.806396484375,36.19194030761719,35.04753112792969,30.755996704101562,31.137466430664062,-4.291534423828125,0.095367431640625,,,,13.017654418945312,26.464462280273438,13.446807861328125,14.155503687263183,18.650892797111815,,QuantData term-structure
2026-08-17T16:00:00-04:00,2027-09-17,396,420.0,call,0.7738273650292742,30.183792114257812,480.62,fixed_strike,32.806396484375,36.19194030761719,35.04753112792969,30.755996704101562,31.137466430664062,-4.291534423828125,0.095367431640625,,,,13.017654418945312,26.464462280273438,13.446807861328125,14.155503687263183,18.650892797111815,,QuantData term-structure
2026-08-17T16:00:00-04:00,2027-09-17,396,420.0,put,-0.24330764341623434,35.04753112792969,480.62,fixed_strike,32.806396484375,36.19194030761719,35.04753112792969,30.755996704101562,31.137466430664062,-4.291534423828125,0.095367431640625,,,,13.017654418945312,26.464462280273438,13.446807861328125,14.155503687263183,18.650892797111815,,QuantData term-structure
2026-08-17T16:00:00-04:00,2027-09-17,396,425.0,call,0.783774840706891,30.469894409179688,480.62,fixed_strike,32.806396484375,36.19194030761719,35.04753112792969,30.755996704101562,31.137466430664062,-4.291534423828125,0.095367431640625,,,,13.017654418945312,26.464462280273438,13.446807861328125,14.155503687263183,18.650892797111815,,QuantData term-structure
2026-08-17T16:00:00-04:00,2027-09-17,396,430.0,put,-0.26449029437795946,34.95216369628906,480.62,fixed_strike,32.806396484375,36.19194030761719,35.04753112792969,30.755996704101562,31.137466430664062,-4.291534423828125,0.095367431640625,,,,13.017654418945312,26.464462280273438,13.446807861328125,14.155503687263183,18.650892797111815,,QuantData term-structure
2026-08-17T16:00:00-04:00,2027-09-17,396,435.0,call,0.7450186659787578,30.183792114257812,480.62,fixed_strike,32.806396484375,36.19194030761719,35.04753112792969,30.755996704101562,31.137466430664062,-4.291534423828125,0.095367431640625,,,,13.017654418945312,26.464462280273438,13.446807861328125,14.155503687263183,18.650892797111815,,QuantData term-structure
2026-08-17T16:00:00-04:00,2027-09-17,396,435.0,put,-0.2763635511201482,34.95216369628906,480.62,fixed_strike,32.806396484375,36.19194030761719,35.04753112792969,30.755996704101562,31.137466430664062,-4.291534423828125,0.095367431640625,,,,13.017654418945312,26.464462280273438,13.446807861328125,14.155503687263183,18.650892797111815,,QuantData term-structure
2026-08-17T16:00:00-04:00,2027-09-17,396,440.0,call,0.7251234590386482,30.565261840820312,480.62,fixed_strike,32.806396484375,36.19194030761719,35.04753112792969,30.755996704101562,31.137466430664062,-4.291534423828125,0.095367431640625,,,,13.017654418945312,26.464462280273438,13.446807861328125,14.155503687263183,18.650892797111815,,QuantData term-structure
2026-08-17T16:00:00-04:00,2027-09-17,396,440.0,put,-0.28647592983087694,34.95216369628906,480.62,fixed_strike,32.806396484375,36.19194030761719,35.04753112792969,30.755996704101562,31.137466430664062,-4.291534423828125,0.095367431640625,,,,13.017654418945312,26.464462280273438,13.446807861328125,14.155503687263183,18.650892797111815,,QuantData term-structure
2026-08-17T16:00:00-04:00,2027-09-17,396,445.0,call,0.7143524440431095,30.374526977539062,480.62,fixed_strike,32.806396484375,36.19194030761719,35.04753112792969,30.755996704101562,31.137466430664062,-4.291534423828125,0.095367431640625,,,,13.017654418945312,26.464462280273438,13.446807861328125,14.155503687263183,18.650892797111815,,QuantData term-structure
2026-08-17T16:00:00-04:00,2027-09-17,396,445.0,put,-0.2953764002532462,34.95216369628906,480.62,fixed_strike,32.806396484375,36.19194030761719,35.04753112792969,30.755996704101562,31.137466430664062,-4.291534423828125,0.095367431640625,,,,13.017654418945312,26.464462280273438,13.446807861328125,14.155503687263183,18.650892797111815,,QuantData term-structure
2026-08-17T16:00:00-04:00,2027-09-17,396,450.0,call,0.6998609055431138,30.565261840820312,480.62,fixed_strike,32.806396484375,36.19194030761719,35.04753112792969,30.755996704101562,31.137466430664062,-4.291534423828125,0.095367431640625,,,,13.017654418945312,26.464462280273438,13.446807861328125,14.155503687263183,18.650892797111815,,QuantData term-structure
2026-08-17T16:00:00-04:00,2027-09-17,396,450.0,put,-0.30428225181764856,34.95216369628906,480.62,fixed_strike,32.806396484375,36.19194030761719,35.04753112792969,30.755996704101562,31.137466430664062,-4.291534423828125,0.095367431640625,,,,13.017654418945312,26.464462280273438,13.446807861328125,14.155503687263183,18.650892797111815,,QuantData term-structure
2026-08-17T16:00:00-04:00,2027-09-17,396,455.0,call,0.6928326588649716,30.374526977539062,480.62,fixed_strike,32.806396484375,36.19194030761719,35.04753112792969,30.755996704101562,31.137466430664062,-4.291534423828125,0.095367431640625,,,,13.017654418945312,26.464462280273438,13.446807861328125,14.155503687263183,18.650892797111815,,QuantData term-structure
2026-08-17T16:00:00-04:00,2027-09-17,396,455.0,put,-0.3161573025095544,34.95216369628906,480.62,fixed_strike,32.806396484375,36.19194030761719,35.04753112792969,30.755996704101562,31.137466430664062,-4.291534423828125,0.095367431640625,,,,13.017654418945312,26.464462280273438,13.446807861328125,14.155503687263183,18.650892797111815,,QuantData term-structure
2026-08-17T16:00:00-04:00,2027-09-17,396,460.0,call,0.6854023460874938,30.374526977539062,480.62,fixed_strike,32.806396484375,36.19194030761719,35.04753112792969,30.755996704101562,31.137466430664062,-4.291534423828125,0.095367431640625,,,,13.017654418945312,26.464462280273438,13.446807861328125,14.155503687263183,18.650892797111815,,QuantData term-structure
2026-08-17T16:00:00-04:00,2027-09-17,396,460.0,put,-0.32909023691134853,34.95216369628906,480.62,fixed_strike,32.806396484375,36.19194030761719,35.04753112792969,30.755996704101562,31.137466430664062,-4.291534423828125,0.095367431640625,,,,13.017654418945312,26.464462280273438,13.446807861328125,14.155503687263183,18.650892797111815,,QuantData term-structure
2026-08-17T16:00:00-04:00,2027-09-17,396,465.0,call,0.6667869186096836,30.755996704101562,480.62,fixed_strike,32.806396484375,36.19194030761719,35.04753112792969,30.755996704101562,31.137466430664062,-4.291534423828125,0.095367431640625,,,,13.017654418945312,26.464462280273438,13.446807861328125,14.155503687263183,18.650892797111815,,QuantData term-structure
2026-08-17T16:00:00-04:00,2027-09-17,396,470.0,call,0.6770380592292626,30.946731567382812,480.62,fixed_strike,32.806396484375,36.19194030761719,35.04753112792969,30.755996704101562,31.137466430664062,-4.291534423828125,0.095367431640625,,,,13.017654418945312,26.464462280273438,13.446807861328125,14.155503687263183,18.650892797111815,,QuantData term-structure
2026-08-17T16:00:00-04:00,2027-09-17,396,475.0,call,0.6422107380878995,30.565261840820312,480.62,fixed_strike,32.806396484375,36.19194030761719,35.04753112792969,30.755996704101562,31.137466430664062,-4.291534423828125,0.095367431640625,,,,13.017654418945312,26.464462280273438,13.446807861328125,14.155503687263183,18.650892797111815,,QuantData term-structure
2026-08-17T16:00:00-04:00,2027-09-17,396,475.0,put,-0.3496391980331309,34.66606140136719,480.62,fixed_strike,32.806396484375,36.19194030761719,35.04753112792969,30.755996704101562,31.137466430664062,-4.291534423828125,0.095367431640625,,,,13.017654418945312,26.464462280273438,13.446807861328125,14.155503687263183,18.650892797111815,,QuantData term-structure
2026-08-17T16:00:00-04:00,2027-09-17,396,480.0,call,0.6295850653903152,30.660629272460938,480.62,fixed_strike,32.806396484375,36.19194030761719,35.04753112792969,30.755996704101562,31.137466430664062,-4.291534423828125,0.095367431640625,,,,13.017654418945312,26.464462280273438,13.446807861328125,14.155503687263183,18.650892797111815,,QuantData term-structure
2026-08-17T16:00:00-04:00,2027-09-17,396,480.0,put,-0.37167567346518027,34.95216369628906,480.62,fixed_strike,32.806396484375,36.19194030761719,35.04753112792969,30.755996704101562,31.137466430664062,-4.291534423828125,0.095367431640625,,,,13.017654418945312,26.464462280273438,13.446807861328125,14.155503687263183,18.650892797111815,,QuantData term-structure
2026-08-17T16:00:00-04:00,2027-09-17,396,485.0,call,0.6176685434231564,30.565261840820312,480.62,fixed_strike,32.806396484375,36.19194030761719,35.04753112792969,30.755996704101562,31.137466430664062,-4.291534423828125,0.095367431640625,,,,13.017654418945312,26.464462280273438,13.446807861328125,14.155503687263183,18.650892797111815,,QuantData term-structure
2026-08-17T16:00:00-04:00,2027-09-17,396,490.0,call,0.6073167887918536,30.755996704101562,480.62,fixed_strike,32.806396484375,36.19194030761719,35.04753112792969,30.755996704101562,31.137466430664062,-4.291534423828125,0.095367431640625,,,,13.017654418945312,26.464462280273438,13.446807861328125,14.155503687263183,18.650892797111815,,QuantData term-structure
2026-08-17T16:00:00-04:00,2027-09-17,396,490.0,put,-0.39282432978268744,35.04753112792969,480.62,fixed_strike,32.806396484375,36.19194030761719,35.04753112792969,30.755996704101562,31.137466430664062,-4.291534423828125,0.095367431640625,,,,13.017654418945312,26.464462280273438,13.446807861328125,14.155503687263183,18.650892797111815,,QuantData term-structure
2026-08-17T16:00:00-04:00,2027-09-17,396,495.0,call,0.5886607355190767,30.565261840820312,480.62,fixed_strike,32.806396484375,36.19194030761719,35.04753112792969,30.755996704101562,31.137466430664062,-4.291534423828125,0.095367431640625,,,,13.017654418945312,26.464462280273438,13.446807861328125,14.155503687263183,18.650892797111815,,QuantData term-structure
2026-08-17T16:00:00-04:00,2027-09-17,396,495.0,put,-0.40305550259609757,35.04753112792969,480.62,fixed_strike,32.806396484375,36.19194030761719,35.04753112792969,30.755996704101562,31.137466430664062,-4.291534423828125,0.095367431640625,,,,13.017654418945312,26.464462280273438,13.446807861328125,14.155503687263183,18.650892797111815,,QuantData term-structure
2026-08-17T16:00:00-04:00,2027-09-17,396,500.0,call,0.5794219208450995,30.851364135742188,480.62,fixed_strike,32.806396484375,36.19194030761719,35.04753112792969,30.755996704101562,31.137466430664062,-4.291534423828125,0.095367431640625,,,,13.017654418945312,26.464462280273438,13.446807861328125,14.155503687263183,18.650892797111815,,QuantData term-structure
2026-08-17T16:00:00-04:00,2027-09-17,396,500.0,put,-0.41364756026771854,35.14289855957031,480.62,fixed_strike,32.806396484375,36.19194030761719,35.04753112792969,30.755996704101562,31.137466430664062,-4.291534423828125,0.095367431640625,,,,13.017654418945312,26.464462280273438,13.446807861328125,14.155503687263183,18.650892797111815,,QuantData term-structure
2026-08-17T16:00:00-04:00,2027-09-17,396,505.0,call,0.5676370736423472,30.660629272460938,480.62,fixed_strike,32.806396484375,36.19194030761719,35.04753112792969,30.755996704101562,31.137466430664062,-4.291534423828125,0.095367431640625,,,,13.017654418945312,26.464462280273438,13.446807861328125,14.155503687263183,18.650892797111815,,QuantData term-structure
2026-08-17T16:00:00-04:00,2027-09-17,396,510.0,call,0.5529217964613167,30.660629272460938,480.62,fixed_strike,32.806396484375,36.19194030761719,35.04753112792969,30.755996704101562,31.137466430664062,-4.291534423828125,0.095367431640625,,,,13.017654418945312,26.464462280273438,13.446807861328125,14.155503687263183,18.650892797111815,,QuantData term-structure
2026-08-17T16:00:00-04:00,2027-09-17,396,515.0,call,0.5550644165297531,30.183792114257812,480.62,fixed_strike,32.806396484375,36.19194030761719,35.04753112792969,30.755996704101562,31.137466430664062,-4.291534423828125,0.095367431640625,,,,13.017654418945312,26.464462280273438,13.446807861328125,14.155503687263183,18.650892797111815,,QuantData term-structure
2026-08-17T16:00:00-04:00,2027-09-17,396,520.0,call,0.5319077374072139,30.851364135742188,480.62,fixed_strike,32.806396484375,36.19194030761719,35.04753112792969,30.755996704101562,31.137466430664062,-4.291534423828125,0.095367431640625,,,,13.017654418945312,26.464462280273438,13.446807861328125,14.155503687263183,18.650892797111815,,QuantData term-structure
2026-08-17T16:00:00-04:00,2027-09-17,396,525.0,call,0.5186269388103684,30.851364135742188,480.62,fixed_strike,32.806396484375,36.19194030761719,35.04753112792969,30.755996704101562,31.137466430664062,-4.291534423828125,0.095367431640625,,,,13.017654418945312,26.464462280273438,13.446807861328125,14.155503687263183,18.650892797111815,,QuantData term-structure
2026-08-17T16:00:00-04:00,2027-09-17,396,530.0,call,0.5104068528144311,30.660629272460938,480.62,fixed_strike,32.806396484375,36.19194030761719,35.04753112792969,30.755996704101562,31.137466430664062,-4.291534423828125,0.095367431640625,,,,13.017654418945312,26.464462280273438,13.446807861328125,14.155503687263183,18.650892797111815,,QuantData term-structure
2026-08-17T16:00:00-04:00,2027-09-17,396,535.0,call,0.494301876432234,30.660629272460938,480.62,fixed_strike,32.806396484375,36.19194030761719,35.04753112792969,30.755996704101562,31.137466430664062,-4.291534423828125,0.095367431640625,,,,13.017654418945312,26.464462280273438,13.446807861328125,14.155503687263183,18.650892797111815,,QuantData term-structure
2026-08-17T16:00:00-04:00,2027-09-17,396,540.0,call,0.4902918462930902,30.374526977539062,480.62,fixed_strike,32.806396484375,36.19194030761719,35.04753112792969,30.755996704101562,31.137466430664062,-4.291534423828125,0.095367431640625,,,,13.017654418945312,26.464462280273438,13.446807861328125,14.155503687263183,18.650892797111815,,QuantData term-structure
2026-08-17T16:00:00-04:00,2027-09-17,396,545.0,call,0.47197961772570396,30.565261840820312,480.62,fixed_strike,32.806396484375,36.19194030761719,35.04753112792969,30.755996704101562,31.137466430664062,-4.291534423828125,0.095367431640625,,,,13.017654418945312,26.464462280273438,13.446807861328125,14.155503687263183,18.650892797111815,,QuantData term-structure
2026-08-17T16:00:00-04:00,2027-09-17,396,550.0,call,0.4605103705962105,30.660629272460938,480.62,fixed_strike,32.806396484375,36.19194030761719,35.04753112792969,30.755996704101562,31.137466430664062,-4.291534423828125,0.095367431640625,,,,13.017654418945312,26.464462280273438,13.446807861328125,14.155503687263183,18.650892797111815,,QuantData term-structure
2026-08-17T16:00:00-04:00,2027-09-17,396,555.0,call,0.45019190002277376,30.660629272460938,480.62,fixed_strike,32.806396484375,36.19194030761719,35.04753112792969,30.755996704101562,31.137466430664062,-4.291534423828125,0.095367431640625,,,,13.017654418945312,26.464462280273438,13.446807861328125,14.155503687263183,18.650892797111815,,QuantData term-structure
2026-08-17T16:00:00-04:00,2027-09-17,396,560.0,call,0.4473307713775083,30.279159545898438,480.62,fixed_strike,32.806396484375,36.19194030761719,35.04753112792969,30.755996704101562,31.137466430664062,-4.291534423828125,0.095367431640625,,,,13.017654418945312,26.464462280273438,13.446807861328125,14.155503687263183,18.650892797111815,,QuantData term-structure
2026-08-17T16:00:00-04:00,2027-09-17,396,565.0,call,0.4280974782803376,30.469894409179688,480.62,fixed_strike,32.806396484375,36.19194030761719,35.04753112792969,30.755996704101562,31.137466430664062,-4.291534423828125,0.095367431640625,,,,13.017654418945312,26.464462280273438,13.446807861328125,14.155503687263183,18.650892797111815,,QuantData term-structure
2026-08-17T16:00:00-04:00,2027-09-17,396,570.0,call,0.41682822149912535,30.660629272460938,480.62,fixed_strike,32.806396484375,36.19194030761719,35.04753112792969,30.755996704101562,31.137466430664062,-4.291534423828125,0.095367431640625,,,,13.017654418945312,26.464462280273438,13.446807861328125,14.155503687263183,18.650892797111815,,QuantData term-structure
2026-08-17T16:00:00-04:00,2027-09-17,396,575.0,call,0.40524038968203135,30.660629272460938,480.62,fixed_strike,32.806396484375,36.19194030761719,35.04753112792969,30.755996704101562,31.137466430664062,-4.291534423828125,0.095367431640625,,,,13.017654418945312,26.464462280273438,13.446807861328125,14.155503687263183,18.650892797111815,,QuantData term-structure
2026-08-17T16:00:00-04:00,2027-09-17,396,580.0,call,0.3947517820793206,30.660629272460938,480.62,fixed_strike,32.806396484375,36.19194030761719,35.04753112792969,30.755996704101562,31.137466430664062,-4.291534423828125,0.095367431640625,,,,13.017654418945312,26.464462280273438,13.446807861328125,14.155503687263183,18.650892797111815,,QuantData term-structure
2026-08-17T16:00:00-04:00,2027-09-17,396,590.0,call,0.3766124210828936,30.660629272460938,480.62,fixed_strike,32.806396484375,36.19194030761719,35.04753112792969,30.755996704101562,31.137466430664062,-4.291534423828125,0.095367431640625,,,,13.017654418945312,26.464462280273438,13.446807861328125,14.155503687263183,18.650892797111815,,QuantData term-structure
2026-08-17T16:00:00-04:00,2027-09-17,396,600.0,call,0.35818365174461775,30.755996704101562,480.62,fixed_strike,32.806396484375,36.19194030761719,35.04753112792969,30.755996704101562,31.137466430664062,-4.291534423828125,0.095367431640625,,,,13.017654418945312,26.464462280273438,13.446807861328125,14.155503687263183,18.650892797111815,,QuantData term-structure
2026-08-17T16:00:00-04:00,2027-09-17,396,605.0,call,0.3587090998362785,30.279159545898438,480.62,fixed_strike,32.806396484375,36.19194030761719,35.04753112792969,30.755996704101562,31.137466430664062,-4.291534423828125,0.095367431640625,,,,13.017654418945312,26.464462280273438,13.446807861328125,14.155503687263183,18.650892797111815,,QuantData term-structure
2026-08-17T16:00:00-04:00,2027-09-17,396,610.0,call,0.3469428227131849,30.374526977539062,480.62,fixed_strike,32.806396484375,36.19194030761719,35.04753112792969,30.755996704101562,31.137466430664062,-4.291534423828125,0.095367431640625,,,,13.017654418945312,26.464462280273438,13.446807861328125,14.155503687263183,18.650892797111815,,QuantData term-structure
2026-08-17T16:00:00-04:00,2027-09-17,396,635.0,call,0.2984446147153995,30.565261840820312,480.62,fixed_strike,32.806396484375,36.19194030761719,35.04753112792969,30.755996704101562,31.137466430664062,-4.291534423828125,0.095367431640625,,,,13.017654418945312,26.464462280273438,13.446807861328125,14.155503687263183,18.650892797111815,,QuantData term-structure
2026-08-17T16:00:00-04:00,2027-09-17,396,645.0,call,0.28783067359683345,30.755996704101562,480.62,fixed_strike,32.806396484375,36.19194030761719,35.04753112792969,30.755996704101562,31.137466430664062,-4.291534423828125,0.095367431640625,,,,13.017654418945312,26.464462280273438,13.446807861328125,14.155503687263183,18.650892797111815,,QuantData term-structure
2026-08-17T16:00:00-04:00,2027-09-17,396,650.0,call,0.27191759774293417,30.565261840820312,480.62,fixed_strike,32.806396484375,36.19194030761719,35.04753112792969,30.755996704101562,31.137466430664062,-4.291534423828125,0.095367431640625,,,,13.017654418945312,26.464462280273438,13.446807861328125,14.155503687263183,18.650892797111815,,QuantData term-structure
2026-08-17T16:00:00-04:00,2027-09-17,396,655.0,call,0.27170441110985544,30.755996704101562,480.62,fixed_strike,32.806396484375,36.19194030761719,35.04753112792969,30.755996704101562,31.137466430664062,-4.291534423828125,0.095367431640625,,,,13.017654418945312,26.464462280273438,13.446807861328125,14.155503687263183,18.650892797111815,,QuantData term-structure
2026-08-17T16:00:00-04:00,2027-09-17,396,660.0,call,0.25287261628379065,30.755996704101562,480.62,fixed_strike,32.806396484375,36.19194030761719,35.04753112792969,30.755996704101562,31.137466430664062,-4.291534423828125,0.095367431640625,,,,13.017654418945312,26.464462280273438,13.446807861328125,14.155503687263183,18.650892797111815,,QuantData term-structure
2026-08-17T16:00:00-04:00,2027-09-17,396,665.0,call,0.2582139077269234,30.946731567382812,480.62,fixed_strike,32.806396484375,36.19194030761719,35.04753112792969,30.755996704101562,31.137466430664062,-4.291534423828125,0.095367431640625,,,,13.017654418945312,26.464462280273438,13.446807861328125,14.155503687263183,18.650892797111815,,QuantData term-structure
2026-08-17T16:00:00-04:00,2027-09-17,396,670.0,call,0.24559609646538993,30.946731567382812,480.62,fixed_strike,32.806396484375,36.19194030761719,35.04753112792969,30.755996704101562,31.137466430664062,-4.291534423828125,0.095367431640625,,,,13.017654418945312,26.464462280273438,13.446807861328125,14.155503687263183,18.650892797111815,,QuantData term-structure
2026-08-17T16:00:00-04:00,2027-09-17,396,680.0,call,0.23136783873537303,30.755996704101562,480.62,fixed_strike,32.806396484375,36.19194030761719,35.04753112792969,30.755996704101562,31.137466430664062,-4.291534423828125,0.095367431640625,,,,13.017654418945312,26.464462280273438,13.446807861328125,14.155503687263183,18.650892797111815,,QuantData term-structure
2026-08-17T16:00:00-04:00,2027-09-17,396,700.0,call,0.19975405964363613,31.042098999023438,480.62,fixed_strike,32.806396484375,36.19194030761719,35.04753112792969,30.755996704101562,31.137466430664062,-4.291534423828125,0.095367431640625,,,,13.017654418945312,26.464462280273438,13.446807861328125,14.155503687263183,18.650892797111815,,QuantData term-structure
2026-08-17T16:00:00-04:00,2027-09-17,396,720.0,call,0.1821331543157601,31.042098999023438,480.62,fixed_strike,32.806396484375,36.19194030761719,35.04753112792969,30.755996704101562,31.137466430664062,-4.291534423828125,0.095367431640625,,,,13.017654418945312,26.464462280273438,13.446807861328125,14.155503687263183,18.650892797111815,,QuantData term-structure
2026-08-17T16:00:00-04:00,2027-09-17,396,740.0,call,0.16558001123317295,31.232833862304688,480.62,fixed_strike,32.806396484375,36.19194030761719,35.04753112792969,30.755996704101562,31.137466430664062,-4.291534423828125,0.095367431640625,,,,13.017654418945312,26.464462280273438,13.446807861328125,14.155503687263183,18.650892797111815,,QuantData term-structure
2026-08-17T16:00:00-04:00,2027-09-17,396,760.0,call,0.1457951290222509,31.137466430664062,480.62,fixed_strike,32.806396484375,36.19194030761719,35.04753112792969,30.755996704101562,31.137466430664062,-4.291534423828125,0.095367431640625,,,,13.017654418945312,26.464462280273438,13.446807861328125,14.155503687263183,18.650892797111815,,QuantData term-structure
2026-08-17T16:00:00-04:00,2027-12-17,487,175.0,call,1.0,0.0476837158203125,480.62,fixed_strike,33.23554992675781,37.05024719238281,35.71510314941406,31.328201293945312,31.805038452148438,-4.38690185546875,0.286102294921875,,,,13.017654418945312,26.464462280273438,13.446807861328125,14.155503687263183,19.080046239494628,,QuantData term-structure
2026-08-17T16:00:00-04:00,2027-12-17,487,175.0,put,-0.007916768072025333,43.24913024902344,480.62,fixed_strike,33.23554992675781,37.05024719238281,35.71510314941406,31.328201293945312,31.805038452148438,-4.38690185546875,0.286102294921875,,,,13.017654418945312,26.464462280273438,13.446807861328125,14.155503687263183,19.080046239494628,,QuantData term-structure
2026-08-17T16:00:00-04:00,2027-12-17,487,190.0,put,-0.01018650366669805,41.34178161621094,480.62,fixed_strike,33.23554992675781,37.05024719238281,35.71510314941406,31.328201293945312,31.805038452148438,-4.38690185546875,0.286102294921875,,,,13.017654418945312,26.464462280273438,13.446807861328125,14.155503687263183,19.080046239494628,,QuantData term-structure
2026-08-17T16:00:00-04:00,2027-12-17,487,200.0,put,-0.01378570196154275,41.62788391113281,480.62,fixed_strike,33.23554992675781,37.05024719238281,35.71510314941406,31.328201293945312,31.805038452148438,-4.38690185546875,0.286102294921875,,,,13.017654418945312,26.464462280273438,13.446807861328125,14.155503687263183,19.080046239494628,,QuantData term-structure
2026-08-17T16:00:00-04:00,2027-12-17,487,250.0,call,1.0,0.0476837158203125,480.62,fixed_strike,33.23554992675781,37.05024719238281,35.71510314941406,31.328201293945312,31.805038452148438,-4.38690185546875,0.286102294921875,,,,13.017654418945312,26.464462280273438,13.446807861328125,14.155503687263183,19.080046239494628,,QuantData term-structure
2026-08-17T16:00:00-04:00,2027-12-17,487,260.0,put,-0.04171830963234241,38.95759582519531,480.62,fixed_strike,33.23554992675781,37.05024719238281,35.71510314941406,31.328201293945312,31.805038452148438,-4.38690185546875,0.286102294921875,,,,13.017654418945312,26.464462280273438,13.446807861328125,14.155503687263183,19.080046239494628,,QuantData term-structure
2026-08-17T16:00:00-04:00,2027-12-17,487,270.0,call,1.0,0.0476837158203125,480.62,fixed_strike,33.23554992675781,37.05024719238281,35.71510314941406,31.328201293945312,31.805038452148438,-4.38690185546875,0.286102294921875,,,,13.017654418945312,26.464462280273438,13.446807861328125,14.155503687263183,19.080046239494628,,QuantData term-structure
2026-08-17T16:00:00-04:00,2027-12-17,487,280.0,call,1.0,0.0476837158203125,480.62,fixed_strike,33.23554992675781,37.05024719238281,35.71510314941406,31.328201293945312,31.805038452148438,-4.38690185546875,0.286102294921875,,,,13.017654418945312,26.464462280273438,13.446807861328125,14.155503687263183,19.080046239494628,,QuantData term-structure
2026-08-17T16:00:00-04:00,2027-12-17,487,280.0,put,-0.05537918492757632,38.09928894042969,480.62,fixed_strike,33.23554992675781,37.05024719238281,35.71510314941406,31.328201293945312,31.805038452148438,-4.38690185546875,0.286102294921875,,,,13.017654418945312,26.464462280273438,13.446807861328125,14.155503687263183,19.080046239494628,,QuantData term-structure
2026-08-17T16:00:00-04:00,2027-12-17,487,300.0,call,0.977638945749417,24.843215942382812,480.62,fixed_strike,33.23554992675781,37.05024719238281,35.71510314941406,31.328201293945312,31.805038452148438,-4.38690185546875,0.286102294921875,,,,13.017654418945312,26.464462280273438,13.446807861328125,14.155503687263183,19.080046239494628,,QuantData term-structure
2026-08-17T16:00:00-04:00,2027-12-17,487,300.0,put,-0.06970013007347053,37.43171691894531,480.62,fixed_strike,33.23554992675781,37.05024719238281,35.71510314941406,31.328201293945312,31.805038452148438,-4.38690185546875,0.286102294921875,,,,13.017654418945312,26.464462280273438,13.446807861328125,14.155503687263183,19.080046239494628,,QuantData term-structure
2026-08-17T16:00:00-04:00,2027-12-17,487,310.0,put,-0.08305696470889118,37.14561462402344,480.62,fixed_strike,33.23554992675781,37.05024719238281,35.71510314941406,31.328201293945312,31.805038452148438,-4.38690185546875,0.286102294921875,,,,13.017654418945312,26.464462280273438,13.446807861328125,14.155503687263183,19.080046239494628,,QuantData term-structure
2026-08-17T16:00:00-04:00,2027-12-17,487,320.0,call,0.9489001356733895,27.704238891601562,480.62,fixed_strike,33.23554992675781,37.05024719238281,35.71510314941406,31.328201293945312,31.805038452148438,-4.38690185546875,0.286102294921875,,,,13.017654418945312,26.464462280273438,13.446807861328125,14.155503687263183,19.080046239494628,,QuantData term-structure
2026-08-17T16:00:00-04:00,2027-12-17,487,320.0,put,-0.0943830340071542,37.05024719238281,480.62,fixed_strike,33.23554992675781,37.05024719238281,35.71510314941406,31.328201293945312,31.805038452148438,-4.38690185546875,0.286102294921875,,,,13.017654418945312,26.464462280273438,13.446807861328125,14.155503687263183,19.080046239494628,,QuantData term-structure
2026-08-17T16:00:00-04:00,2027-12-17,487,330.0,put,-0.10579610180218696,36.85951232910156,480.62,fixed_strike,33.23554992675781,37.05024719238281,35.71510314941406,31.328201293945312,31.805038452148438,-4.38690185546875,0.286102294921875,,,,13.017654418945312,26.464462280273438,13.446807861328125,14.155503687263183,19.080046239494628,,QuantData term-structure
2026-08-17T16:00:00-04:00,2027-12-17,487,340.0,put,-0.11632405061296192,36.09657287597656,480.62,fixed_strike,33.23554992675781,37.05024719238281,35.71510314941406,31.328201293945312,31.805038452148438,-4.38690185546875,0.286102294921875,,,,13.017654418945312,26.464462280273438,13.446807861328125,14.155503687263183,19.080046239494628,,QuantData term-structure
2026-08-17T16:00:00-04:00,2027-12-17,487,350.0,put,-0.13203213854811174,36.28730773925781,480.62,fixed_strike,33.23554992675781,37.05024719238281,35.71510314941406,31.328201293945312,31.805038452148438,-4.38690185546875,0.286102294921875,,,,13.017654418945312,26.464462280273438,13.446807861328125,14.155503687263183,19.080046239494628,,QuantData term-structure
2026-08-17T16:00:00-04:00,2027-12-17,487,360.0,call,0.8836421557792976,29.802322387695312,480.62,fixed_strike,33.23554992675781,37.05024719238281,35.71510314941406,31.328201293945312,31.805038452148438,-4.38690185546875,0.286102294921875,,,,13.017654418945312,26.464462280273438,13.446807861328125,14.155503687263183,19.080046239494628,,QuantData term-structure
2026-08-17T16:00:00-04:00,2027-12-17,487,360.0,put,-0.13762401911103067,35.61973571777344,480.62,fixed_strike,33.23554992675781,37.05024719238281,35.71510314941406,31.328201293945312,31.805038452148438,-4.38690185546875,0.286102294921875,,,,13.017654418945312,26.464462280273438,13.446807861328125,14.155503687263183,19.080046239494628,,QuantData term-structure
2026-08-17T16:00:00-04:00,2027-12-17,487,370.0,call,0.8748026199858991,28.753280639648438,480.62,fixed_strike,33.23554992675781,37.05024719238281,35.71510314941406,31.328201293945312,31.805038452148438,-4.38690185546875,0.286102294921875,,,,13.017654418945312,26.464462280273438,13.446807861328125,14.155503687263183,19.080046239494628,,QuantData term-structure
2026-08-17T16:00:00-04:00,2027-12-17,487,370.0,put,-0.16033607832059482,36.00120544433594,480.62,fixed_strike,33.23554992675781,37.05024719238281,35.71510314941406,31.328201293945312,31.805038452148438,-4.38690185546875,0.286102294921875,,,,13.017654418945312,26.464462280273438,13.446807861328125,14.155503687263183,19.080046239494628,,QuantData term-structure
2026-08-17T16:00:00-04:00,2027-12-17,487,380.0,call,0.855488992673165,29.897689819335938,480.62,fixed_strike,33.23554992675781,37.05024719238281,35.71510314941406,31.328201293945312,31.805038452148438,-4.38690185546875,0.286102294921875,,,,13.017654418945312,26.464462280273438,13.446807861328125,14.155503687263183,19.080046239494628,,QuantData term-structure
2026-08-17T16:00:00-04:00,2027-12-17,487,380.0,put,-0.17557816998641845,35.90583801269531,480.62,fixed_strike,33.23554992675781,37.05024719238281,35.71510314941406,31.328201293945312,31.805038452148438,-4.38690185546875,0.286102294921875,,,,13.017654418945312,26.464462280273438,13.446807861328125,14.155503687263183,19.080046239494628,,QuantData term-structure
2026-08-17T16:00:00-04:00,2027-12-17,487,390.0,call,0.8310481859237583,30.183792114257812,480.62,fixed_strike,33.23554992675781,37.05024719238281,35.71510314941406,31.328201293945312,31.805038452148438,-4.38690185546875,0.286102294921875,,,,13.017654418945312,26.464462280273438,13.446807861328125,14.155503687263183,19.080046239494628,,QuantData term-structure
2026-08-17T16:00:00-04:00,2027-12-17,487,400.0,call,0.8122712263617318,30.565261840820312,480.62,fixed_strike,33.23554992675781,37.05024719238281,35.71510314941406,31.328201293945312,31.805038452148438,-4.38690185546875,0.286102294921875,,,,13.017654418945312,26.464462280273438,13.446807861328125,14.155503687263183,19.080046239494628,,QuantData term-structure
2026-08-17T16:00:00-04:00,2027-12-17,487,400.0,put,-0.20881127519570375,35.71510314941406,480.62,fixed_strike,33.23554992675781,37.05024719238281,35.71510314941406,31.328201293945312,31.805038452148438,-4.38690185546875,0.286102294921875,,,,13.017654418945312,26.464462280273438,13.446807861328125,14.155503687263183,19.080046239494628,,QuantData term-structure
2026-08-17T16:00:00-04:00,2027-12-17,487,410.0,call,0.7979830430658308,30.279159545898438,480.62,fixed_strike,33.23554992675781,37.05024719238281,35.71510314941406,31.328201293945312,31.805038452148438,-4.38690185546875,0.286102294921875,,,,13.017654418945312,26.464462280273438,13.446807861328125,14.155503687263183,19.080046239494628,,QuantData term-structure
2026-08-17T16:00:00-04:00,2027-12-17,487,420.0,call,0.7758852333179729,30.469894409179688,480.62,fixed_strike,33.23554992675781,37.05024719238281,35.71510314941406,31.328201293945312,31.805038452148438,-4.38690185546875,0.286102294921875,,,,13.017654418945312,26.464462280273438,13.446807861328125,14.155503687263183,19.080046239494628,,QuantData term-structure
2026-08-17T16:00:00-04:00,2027-12-17,487,420.0,put,-0.24529344553143206,35.71510314941406,480.62,fixed_strike,33.23554992675781,37.05024719238281,35.71510314941406,31.328201293945312,31.805038452148438,-4.38690185546875,0.286102294921875,,,,13.017654418945312,26.464462280273438,13.446807861328125,14.155503687263183,19.080046239494628,,QuantData term-structure
2026-08-17T16:00:00-04:00,2027-12-17,487,430.0,call,0.750135059168904,30.851364135742188,480.62,fixed_strike,33.23554992675781,37.05024719238281,35.71510314941406,31.328201293945312,31.805038452148438,-4.38690185546875,0.286102294921875,,,,13.017654418945312,26.464462280273438,13.446807861328125,14.155503687263183,19.080046239494628,,QuantData term-structure
2026-08-17T16:00:00-04:00,2027-12-17,487,430.0,put,-0.26214556801628974,35.42900085449219,480.62,fixed_strike,33.23554992675781,37.05024719238281,35.71510314941406,31.328201293945312,31.805038452148438,-4.38690185546875,0.286102294921875,,,,13.017654418945312,26.464462280273438,13.446807861328125,14.155503687263183,19.080046239494628,,QuantData term-structure
2026-08-17T16:00:00-04:00,2027-12-17,487,440.0,call,0.7276111078199695,30.946731567382812,480.62,fixed_strike,33.23554992675781,37.05024719238281,35.71510314941406,31.328201293945312,31.805038452148438,-4.38690185546875,0.286102294921875,,,,13.017654418945312,26.464462280273438,13.446807861328125,14.155503687263183,19.080046239494628,,QuantData term-structure
2026-08-17T16:00:00-04:00,2027-12-17,487,450.0,call,0.706656868400272,30.946731567382812,480.62,fixed_strike,33.23554992675781,37.05024719238281,35.71510314941406,31.328201293945312,31.805038452148438,-4.38690185546875,0.286102294921875,,,,13.017654418945312,26.464462280273438,13.446807861328125,14.155503687263183,19.080046239494628,,QuantData term-structure
2026-08-17T16:00:00-04:00,2027-12-17,487,450.0,put,-0.2912867709412594,35.33363342285156,480.62,fixed_strike,33.23554992675781,37.05024719238281,35.71510314941406,31.328201293945312,31.805038452148438,-4.38690185546875,0.286102294921875,,,,13.017654418945312,26.464462280273438,13.446807861328125,14.155503687263183,19.080046239494628,,QuantData term-structure
2026-08-17T16:00:00-04:00,2027-12-17,487,460.0,call,0.685496449094957,30.469894409179688,480.62,fixed_strike,33.23554992675781,37.05024719238281,35.71510314941406,31.328201293945312,31.805038452148438,-4.38690185546875,0.286102294921875,,,,13.017654418945312,26.464462280273438,13.446807861328125,14.155503687263183,19.080046239494628,,QuantData term-structure
2026-08-17T16:00:00-04:00,2027-12-17,487,460.0,put,-0.31869297203763636,35.61973571777344,480.62,fixed_strike,33.23554992675781,37.05024719238281,35.71510314941406,31.328201293945312,31.805038452148438,-4.38690185546875,0.286102294921875,,,,13.017654418945312,26.464462280273438,13.446807861328125,14.155503687263183,19.080046239494628,,QuantData term-structure
2026-08-17T16:00:00-04:00,2027-12-17,487,470.0,call,0.6731827225998486,30.565261840820312,480.62,fixed_strike,33.23554992675781,37.05024719238281,35.71510314941406,31.328201293945312,31.805038452148438,-4.38690185546875,0.286102294921875,,,,13.017654418945312,26.464462280273438,13.446807861328125,14.155503687263183,19.080046239494628,,QuantData term-structure
2026-08-17T16:00:00-04:00,2027-12-17,487,480.0,call,0.6443833511351366,30.946731567382812,480.62,fixed_strike,33.23554992675781,37.05024719238281,35.71510314941406,31.328201293945312,31.805038452148438,-4.38690185546875,0.286102294921875,,,,13.017654418945312,26.464462280273438,13.446807861328125,14.155503687263183,19.080046239494628,,QuantData term-structure
2026-08-17T16:00:00-04:00,2027-12-17,487,480.0,put,-0.3512009255124324,35.52436828613281,480.62,fixed_strike,33.23554992675781,37.05024719238281,35.71510314941406,31.328201293945312,31.805038452148438,-4.38690185546875,0.286102294921875,,,,13.017654418945312,26.464462280273438,13.446807861328125,14.155503687263183,19.080046239494628,,QuantData term-structure
2026-08-17T16:00:00-04:00,2027-12-17,487,490.0,call,0.6226900332630911,30.946731567382812,480.62,fixed_strike,33.23554992675781,37.05024719238281,35.71510314941406,31.328201293945312,31.805038452148438,-4.38690185546875,0.286102294921875,,,,13.017654418945312,26.464462280273438,13.446807861328125,14.155503687263183,19.080046239494628,,QuantData term-structure
2026-08-17T16:00:00-04:00,2027-12-17,487,490.0,put,-0.36641858143235895,35.52436828613281,480.62,fixed_strike,33.23554992675781,37.05024719238281,35.71510314941406,31.328201293945312,31.805038452148438,-4.38690185546875,0.286102294921875,,,,13.017654418945312,26.464462280273438,13.446807861328125,14.155503687263183,19.080046239494628,,QuantData term-structure
2026-08-17T16:00:00-04:00,2027-12-17,487,500.0,call,0.5984493785690246,30.946731567382812,480.62,fixed_strike,33.23554992675781,37.05024719238281,35.71510314941406,31.328201293945312,31.805038452148438,-4.38690185546875,0.286102294921875,,,,13.017654418945312,26.464462280273438,13.446807861328125,14.155503687263183,19.080046239494628,,QuantData term-structure
2026-08-17T16:00:00-04:00,2027-12-17,487,500.0,put,-0.3927435005423512,35.90583801269531,480.62,fixed_strike,33.23554992675781,37.05024719238281,35.71510314941406,31.328201293945312,31.805038452148438,-4.38690185546875,0.286102294921875,,,,13.017654418945312,26.464462280273438,13.446807861328125,14.155503687263183,19.080046239494628,,QuantData term-structure
2026-08-17T16:00:00-04:00,2027-12-17,487,505.0,call,0.5871475219667105,30.851364135742188,480.62,fixed_strike,33.23554992675781,37.05024719238281,35.71510314941406,31.328201293945312,31.805038452148438,-4.38690185546875,0.286102294921875,,,,13.017654418945312,26.464462280273438,13.446807861328125,14.155503687263183,19.080046239494628,,QuantData term-structure
2026-08-17T16:00:00-04:00,2027-12-17,487,510.0,call,0.5762859898272671,31.042098999023438,480.62,fixed_strike,33.23554992675781,37.05024719238281,35.71510314941406,31.328201293945312,31.805038452148438,-4.38690185546875,0.286102294921875,,,,13.017654418945312,26.464462280273438,13.446807861328125,14.155503687263183,19.080046239494628,,QuantData term-structure
2026-08-17T16:00:00-04:00,2027-12-17,487,515.0,call,0.567485006501529,30.946731567382812,480.62,fixed_strike,33.23554992675781,37.05024719238281,35.71510314941406,31.328201293945312,31.805038452148438,-4.38690185546875,0.286102294921875,,,,13.017654418945312,26.464462280273438,13.446807861328125,14.155503687263183,19.080046239494628,,QuantData term-structure
2026-08-17T16:00:00-04:00,2027-12-17,487,520.0,call,0.5590010936423546,30.946731567382812,480.62,fixed_strike,33.23554992675781,37.05024719238281,35.71510314941406,31.328201293945312,31.805038452148438,-4.38690185546875,0.286102294921875,,,,13.017654418945312,26.464462280273438,13.446807861328125,14.155503687263183,19.080046239494628,,QuantData term-structure
2026-08-17T16:00:00-04:00,2027-12-17,487,525.0,call,0.5526513650062901,30.660629272460938,480.62,fixed_strike,33.23554992675781,37.05024719238281,35.71510314941406,31.328201293945312,31.805038452148438,-4.38690185546875,0.286102294921875,,,,13.017654418945312,26.464462280273438,13.446807861328125,14.155503687263183,19.080046239494628,,QuantData term-structure
2026-08-17T16:00:00-04:00,2027-12-17,487,530.0,call,0.5401732667377386,30.660629272460938,480.62,fixed_strike,33.23554992675781,37.05024719238281,35.71510314941406,31.328201293945312,31.805038452148438,-4.38690185546875,0.286102294921875,,,,13.017654418945312,26.464462280273438,13.446807861328125,14.155503687263183,19.080046239494628,,QuantData term-structure
2026-08-17T16:00:00-04:00,2027-12-17,487,540.0,call,0.5130018881484072,30.946731567382812,480.62,fixed_strike,33.23554992675781,37.05024719238281,35.71510314941406,31.328201293945312,31.805038452148438,-4.38690185546875,0.286102294921875,,,,13.017654418945312,26.464462280273438,13.446807861328125,14.155503687263183,19.080046239494628,,QuantData term-structure
2026-08-17T16:00:00-04:00,2027-12-17,487,540.0,put,-0.45955382582865373,36.28730773925781,480.62,fixed_strike,33.23554992675781,37.05024719238281,35.71510314941406,31.328201293945312,31.805038452148438,-4.38690185546875,0.286102294921875,,,,13.017654418945312,26.464462280273438,13.446807861328125,14.155503687263183,19.080046239494628,,QuantData term-structure
2026-08-17T16:00:00-04:00,2027-12-17,487,545.0,call,0.5181305456603904,30.946731567382812,480.62,fixed_strike,33.23554992675781,37.05024719238281,35.71510314941406,31.328201293945312,31.805038452148438,-4.38690185546875,0.286102294921875,,,,13.017654418945312,26.464462280273438,13.446807861328125,14.155503687263183,19.080046239494628,,QuantData term-structure
2026-08-17T16:00:00-04:00,2027-12-17,487,550.0,call,0.49315389694379047,30.946731567382812,480.62,fixed_strike,33.23554992675781,37.05024719238281,35.71510314941406,31.328201293945312,31.805038452148438,-4.38690185546875,0.286102294921875,,,,13.017654418945312,26.464462280273438,13.446807861328125,14.155503687263183,19.080046239494628,,QuantData term-structure
2026-08-17T16:00:00-04:00,2027-12-17,487,550.0,put,-0.47208165392348833,36.66877746582031,480.62,fixed_strike,33.23554992675781,37.05024719238281,35.71510314941406,31.328201293945312,31.805038452148438,-4.38690185546875,0.286102294921875,,,,13.017654418945312,26.464462280273438,13.446807861328125,14.155503687263183,19.080046239494628,,QuantData term-structure
2026-08-17T16:00:00-04:00,2027-12-17,487,555.0,call,0.49111681935384405,30.469894409179688,480.62,fixed_strike,33.23554992675781,37.05024719238281,35.71510314941406,31.328201293945312,31.805038452148438,-4.38690185546875,0.286102294921875,,,,13.017654418945312,26.464462280273438,13.446807861328125,14.155503687263183,19.080046239494628,,QuantData term-structure
2026-08-17T16:00:00-04:00,2027-12-17,487,560.0,call,0.4792487517069479,30.755996704101562,480.62,fixed_strike,33.23554992675781,37.05024719238281,35.71510314941406,31.328201293945312,31.805038452148438,-4.38690185546875,0.286102294921875,,,,13.017654418945312,26.464462280273438,13.446807861328125,14.155503687263183,19.080046239494628,,QuantData term-structure
2026-08-17T16:00:00-04:00,2027-12-17,487,565.0,call,0.4643886492747713,30.946731567382812,480.62,fixed_strike,33.23554992675781,37.05024719238281,35.71510314941406,31.328201293945312,31.805038452148438,-4.38690185546875,0.286102294921875,,,,13.017654418945312,26.464462280273438,13.446807861328125,14.155503687263183,19.080046239494628,,QuantData term-structure
2026-08-17T16:00:00-04:00,2027-12-17,487,570.0,call,0.4593987739372034,30.755996704101562,480.62,fixed_strike,33.23554992675781,37.05024719238281,35.71510314941406,31.328201293945312,31.805038452148438,-4.38690185546875,0.286102294921875,,,,13.017654418945312,26.464462280273438,13.446807861328125,14.155503687263183,19.080046239494628,,QuantData term-structure
2026-08-17T16:00:00-04:00,2027-12-17,487,575.0,call,0.4408555477386471,30.851364135742188,480.62,fixed_strike,33.23554992675781,37.05024719238281,35.71510314941406,31.328201293945312,31.805038452148438,-4.38690185546875,0.286102294921875,,,,13.017654418945312,26.464462280273438,13.446807861328125,14.155503687263183,19.080046239494628,,QuantData term-structure
2026-08-17T16:00:00-04:00,2027-12-17,487,580.0,call,0.44003315316019226,31.614303588867188,480.62,fixed_strike,33.23554992675781,37.05024719238281,35.71510314941406,31.328201293945312,31.805038452148438,-4.38690185546875,0.286102294921875,,,,13.017654418945312,26.464462280273438,13.446807861328125,14.155503687263183,19.080046239494628,,QuantData term-structure
2026-08-17T16:00:00-04:00,2027-12-17,487,595.0,call,0.4120049948190371,30.851364135742188,480.62,fixed_strike,33.23554992675781,37.05024719238281,35.71510314941406,31.328201293945312,31.805038452148438,-4.38690185546875,0.286102294921875,,,,13.017654418945312,26.464462280273438,13.446807861328125,14.155503687263183,19.080046239494628,,QuantData term-structure
2026-08-17T16:00:00-04:00,2027-12-17,487,600.0,call,0.39887740293005025,31.137466430664062,480.62,fixed_strike,33.23554992675781,37.05024719238281,35.71510314941406,31.328201293945312,31.805038452148438,-4.38690185546875,0.286102294921875,,,,13.017654418945312,26.464462280273438,13.446807861328125,14.155503687263183,19.080046239494628,,QuantData term-structure
2026-08-17T16:00:00-04:00,2027-12-17,487,605.0,call,0.3931571646499825,30.565261840820312,480.62,fixed_strike,33.23554992675781,37.05024719238281,35.71510314941406,31.328201293945312,31.805038452148438,-4.38690185546875,0.286102294921875,,,,13.017654418945312,26.464462280273438,13.446807861328125,14.155503687263183,19.080046239494628,,QuantData term-structure
2026-08-17T16:00:00-04:00,2027-12-17,487,610.0,call,0.3848756595090631,30.851364135742188,480.62,fixed_strike,33.23554992675781,37.05024719238281,35.71510314941406,31.328201293945312,31.805038452148438,-4.38690185546875,0.286102294921875,,,,13.017654418945312,26.464462280273438,13.446807861328125,14.155503687263183,19.080046239494628,,QuantData term-structure
2026-08-17T16:00:00-04:00,2027-12-17,487,615.0,call,0.379334706918653,30.851364135742188,480.62,fixed_strike,33.23554992675781,37.05024719238281,35.71510314941406,31.328201293945312,31.805038452148438,-4.38690185546875,0.286102294921875,,,,13.017654418945312,26.464462280273438,13.446807861328125,14.155503687263183,19.080046239494628,,QuantData term-structure
2026-08-17T16:00:00-04:00,2027-12-17,487,620.0,call,0.3641220310306411,30.946731567382812,480.62,fixed_strike,33.23554992675781,37.05024719238281,35.71510314941406,31.328201293945312,31.805038452148438,-4.38690185546875,0.286102294921875,,,,13.017654418945312,26.464462280273438,13.446807861328125,14.155503687263183,19.080046239494628,,QuantData term-structure
2026-08-17T16:00:00-04:00,2027-12-17,487,625.0,call,0.36805024091206634,31.137466430664062,480.62,fixed_strike,33.23554992675781,37.05024719238281,35.71510314941406,31.328201293945312,31.805038452148438,-4.38690185546875,0.286102294921875,,,,13.017654418945312,26.464462280273438,13.446807861328125,14.155503687263183,19.080046239494628,,QuantData term-structure
2026-08-17T16:00:00-04:00,2027-12-17,487,630.0,call,0.34600283689734307,31.042098999023438,480.62,fixed_strike,33.23554992675781,37.05024719238281,35.71510314941406,31.328201293945312,31.805038452148438,-4.38690185546875,0.286102294921875,,,,13.017654418945312,26.464462280273438,13.446807861328125,14.155503687263183,19.080046239494628,,QuantData term-structure
2026-08-17T16:00:00-04:00,2027-12-17,487,635.0,call,0.34921545159438305,30.755996704101562,480.62,fixed_strike,33.23554992675781,37.05024719238281,35.71510314941406,31.328201293945312,31.805038452148438,-4.38690185546875,0.286102294921875,,,,13.017654418945312,26.464462280273438,13.446807861328125,14.155503687263183,19.080046239494628,,QuantData term-structure
2026-08-17T16:00:00-04:00,2027-12-17,487,640.0,call,0.330372299456243,30.946731567382812,480.62,fixed_strike,33.23554992675781,37.05024719238281,35.71510314941406,31.328201293945312,31.805038452148438,-4.38690185546875,0.286102294921875,,,,13.017654418945312,26.464462280273438,13.446807861328125,14.155503687263183,19.080046239494628,,QuantData term-structure
2026-08-17T16:00:00-04:00,2027-12-17,487,650.0,call,0.31561793809493344,31.042098999023438,480.62,fixed_strike,33.23554992675781,37.05024719238281,35.71510314941406,31.328201293945312,31.805038452148438,-4.38690185546875,0.286102294921875,,,,13.017654418945312,26.464462280273438,13.446807861328125,14.155503687263183,19.080046239494628,,QuantData term-structure
2026-08-17T16:00:00-04:00,2027-12-17,487,670.0,put,-0.6172922211474009,42.39082336425781,480.62,fixed_strike,33.23554992675781,37.05024719238281,35.71510314941406,31.328201293945312,31.805038452148438,-4.38690185546875,0.286102294921875,,,,13.017654418945312,26.464462280273438,13.446807861328125,14.155503687263183,19.080046239494628,,QuantData term-structure
2026-08-17T16:00:00-04:00,2027-12-17,487,675.0,call,0.27935071592796334,31.137466430664062,480.62,fixed_strike,33.23554992675781,37.05024719238281,35.71510314941406,31.328201293945312,31.805038452148438,-4.38690185546875,0.286102294921875,,,,13.017654418945312,26.464462280273438,13.446807861328125,14.155503687263183,19.080046239494628,,QuantData term-structure
2026-08-17T16:00:00-04:00,2027-12-17,487,680.0,call,0.2709215052852141,30.469894409179688,480.62,fixed_strike,33.23554992675781,37.05024719238281,35.71510314941406,31.328201293945312,31.805038452148438,-4.38690185546875,0.286102294921875,,,,13.017654418945312,26.464462280273438,13.446807861328125,14.155503687263183,19.080046239494628,,QuantData term-structure
2026-08-17T16:00:00-04:00,2027-12-17,487,685.0,call,0.2704754425748189,31.042098999023438,480.62,fixed_strike,33.23554992675781,37.05024719238281,35.71510314941406,31.328201293945312,31.805038452148438,-4.38690185546875,0.286102294921875,,,,13.017654418945312,26.464462280273438,13.446807861328125,14.155503687263183,19.080046239494628,,QuantData term-structure
2026-08-17T16:00:00-04:00,2027-12-17,487,690.0,call,0.27898673256269746,30.946731567382812,480.62,fixed_strike,33.23554992675781,37.05024719238281,35.71510314941406,31.328201293945312,31.805038452148438,-4.38690185546875,0.286102294921875,,,,13.017654418945312,26.464462280273438,13.446807861328125,14.155503687263183,19.080046239494628,,QuantData term-structure
2026-08-17T16:00:00-04:00,2027-12-17,487,690.0,put,-0.6276257395518301,43.43986511230469,480.62,fixed_strike,33.23554992675781,37.05024719238281,35.71510314941406,31.328201293945312,31.805038452148438,-4.38690185546875,0.286102294921875,,,,13.017654418945312,26.464462280273438,13.446807861328125,14.155503687263183,19.080046239494628,,QuantData term-structure
2026-08-17T16:00:00-04:00,2027-12-17,487,695.0,call,0.2593036732788183,31.137466430664062,480.62,fixed_strike,33.23554992675781,37.05024719238281,35.71510314941406,31.328201293945312,31.805038452148438,-4.38690185546875,0.286102294921875,,,,13.017654418945312,26.464462280273438,13.446807861328125,14.155503687263183,19.080046239494628,,QuantData term-structure
2026-08-17T16:00:00-04:00,2027-12-17,487,700.0,call,0.24898234831018035,31.328201293945312,480.62,fixed_strike,33.23554992675781,37.05024719238281,35.71510314941406,31.328201293945312,31.805038452148438,-4.38690185546875,0.286102294921875,,,,13.017654418945312,26.464462280273438,13.446807861328125,14.155503687263183,19.080046239494628,,QuantData term-structure
2026-08-17T16:00:00-04:00,2027-12-17,487,700.0,put,-0.6302628529905031,44.01206970214844,480.62,fixed_strike,33.23554992675781,37.05024719238281,35.71510314941406,31.328201293945312,31.805038452148438,-4.38690185546875,0.286102294921875,,,,13.017654418945312,26.464462280273438,13.446807861328125,14.155503687263183,19.080046239494628,,QuantData term-structure
2026-08-17T16:00:00-04:00,2027-12-17,487,705.0,call,0.2400278650434272,31.232833862304688,480.62,fixed_strike,33.23554992675781,37.05024719238281,35.71510314941406,31.328201293945312,31.805038452148438,-4.38690185546875,0.286102294921875,,,,13.017654418945312,26.464462280273438,13.446807861328125,14.155503687263183,19.080046239494628,,QuantData term-structure
2026-08-17T16:00:00-04:00,2027-12-17,487,730.0,call,0.21709666038283498,31.232833862304688,480.62,fixed_strike,33.23554992675781,37.05024719238281,35.71510314941406,31.328201293945312,31.805038452148438,-4.38690185546875,0.286102294921875,,,,13.017654418945312,26.464462280273438,13.446807861328125,14.155503687263183,19.080046239494628,,QuantData term-structure
2026-08-17T16:00:00-04:00,2027-12-17,487,750.0,call,0.19455201086696017,31.518936157226562,480.62,fixed_strike,33.23554992675781,37.05024719238281,35.71510314941406,31.328201293945312,31.805038452148438,-4.38690185546875,0.286102294921875,,,,13.017654418945312,26.464462280273438,13.446807861328125,14.155503687263183,19.080046239494628,,QuantData term-structure
2026-08-17T16:00:00-04:00,2027-12-17,487,760.0,call,0.19430640142384703,31.137466430664062,480.62,fixed_strike,33.23554992675781,37.05024719238281,35.71510314941406,31.328201293945312,31.805038452148438,-4.38690185546875,0.286102294921875,,,,13.017654418945312,26.464462280273438,13.446807861328125,14.155503687263183,19.080046239494628,,QuantData term-structure
2026-08-17T16:00:00-04:00,2027-12-17,487,770.0,call,0.1810255059888769,31.137466430664062,480.62,fixed_strike,33.23554992675781,37.05024719238281,35.71510314941406,31.328201293945312,31.805038452148438,-4.38690185546875,0.286102294921875,,,,13.017654418945312,26.464462280273438,13.446807861328125,14.155503687263183,19.080046239494628,,QuantData term-structure
2026-08-17T16:00:00-04:00,2027-12-17,487,775.0,call,0.16993247695312652,31.518936157226562,480.62,fixed_strike,33.23554992675781,37.05024719238281,35.71510314941406,31.328201293945312,31.805038452148438,-4.38690185546875,0.286102294921875,,,,13.017654418945312,26.464462280273438,13.446807861328125,14.155503687263183,19.080046239494628,,QuantData term-structure
2026-08-17T16:00:00-04:00,2027-12-17,487,780.0,call,0.1682262995980099,31.709671020507812,480.62,fixed_strike,33.23554992675781,37.05024719238281,35.71510314941406,31.328201293945312,31.805038452148438,-4.38690185546875,0.286102294921875,,,,13.017654418945312,26.464462280273438,13.446807861328125,14.155503687263183,19.080046239494628,,QuantData term-structure
2026-08-17T16:00:00-04:00,2027-12-17,487,800.0,call,0.15250233782841865,31.805038452148438,480.62,fixed_strike,33.23554992675781,37.05024719238281,35.71510314941406,31.328201293945312,31.805038452148438,-4.38690185546875,0.286102294921875,,,,13.017654418945312,26.464462280273438,13.446807861328125,14.155503687263183,19.080046239494628,,QuantData term-structure
2026-08-17T16:00:00-04:00,2028-01-21,522,210.0,put,-0.018384731629324098,40.67420959472656,480.62,fixed_strike,33.61701965332031,36.66877746582031,35.61973571777344,31.137466430664062,31.709671020507812,-4.482269287109375,-0.2384185791015625,,,,13.017654418945312,26.464462280273438,13.446807861328125,14.155503687263183,19.461515966057128,,QuantData term-structure
2026-08-17T16:00:00-04:00,2028-01-21,522,215.0,call,1.0,0.0476837158203125,480.62,fixed_strike,33.61701965332031,36.66877746582031,35.61973571777344,31.137466430664062,31.709671020507812,-4.482269287109375,-0.2384185791015625,,,,13.017654418945312,26.464462280273438,13.446807861328125,14.155503687263183,19.461515966057128,,QuantData term-structure
2026-08-17T16:00:00-04:00,2028-01-21,522,240.0,call,1.0,0.0476837158203125,480.62,fixed_strike,33.61701965332031,36.66877746582031,35.61973571777344,31.137466430664062,31.709671020507812,-4.482269287109375,-0.2384185791015625,,,,13.017654418945312,26.464462280273438,13.446807861328125,14.155503687263183,19.461515966057128,,QuantData term-structure
2026-08-17T16:00:00-04:00,2028-01-21,522,240.0,put,-0.029971170693833517,39.24369812011719,480.62,fixed_strike,33.61701965332031,36.66877746582031,35.61973571777344,31.137466430664062,31.709671020507812,-4.482269287109375,-0.2384185791015625,,,,13.017654418945312,26.464462280273438,13.446807861328125,14.155503687263183,19.461515966057128,,QuantData term-structure
2026-08-17T16:00:00-04:00,2028-01-21,522,250.0,call,1.0,0.0476837158203125,480.62,fixed_strike,33.61701965332031,36.66877746582031,35.61973571777344,31.137466430664062,31.709671020507812,-4.482269287109375,-0.2384185791015625,,,,13.017654418945312,26.464462280273438,13.446807861328125,14.155503687263183,19.461515966057128,,QuantData term-structure
2026-08-17T16:00:00-04:00,2028-01-21,522,250.0,put,-0.03711618119516205,38.95759582519531,480.62,fixed_strike,33.61701965332031,36.66877746582031,35.61973571777344,31.137466430664062,31.709671020507812,-4.482269287109375,-0.2384185791015625,,,,13.017654418945312,26.464462280273438,13.446807861328125,14.155503687263183,19.461515966057128,,QuantData term-structure
2026-08-17T16:00:00-04:00,2028-01-21,522,260.0,call,1.0,0.0476837158203125,480.62,fixed_strike,33.61701965332031,36.66877746582031,35.61973571777344,31.137466430664062,31.709671020507812,-4.482269287109375,-0.2384185791015625,,,,13.017654418945312,26.464462280273438,13.446807861328125,14.155503687263183,19.461515966057128,,QuantData term-structure
2026-08-17T16:00:00-04:00,2028-01-21,522,260.0,put,-0.04209997534455351,38.48075866699219,480.62,fixed_strike,33.61701965332031,36.66877746582031,35.61973571777344,31.137466430664062,31.709671020507812,-4.482269287109375,-0.2384185791015625,,,,13.017654418945312,26.464462280273438,13.446807861328125,14.155503687263183,19.461515966057128,,QuantData term-structure
2026-08-17T16:00:00-04:00,2028-01-21,522,270.0,call,1.0,0.0476837158203125,480.62,fixed_strike,33.61701965332031,36.66877746582031,35.61973571777344,31.137466430664062,31.709671020507812,-4.482269287109375,-0.2384185791015625,,,,13.017654418945312,26.464462280273438,13.446807861328125,14.155503687263183,19.461515966057128,,QuantData term-structure
2026-08-17T16:00:00-04:00,2028-01-21,522,280.0,call,1.0,0.0476837158203125,480.62,fixed_strike,33.61701965332031,36.66877746582031,35.61973571777344,31.137466430664062,31.709671020507812,-4.482269287109375,-0.2384185791015625,,,,13.017654418945312,26.464462280273438,13.446807861328125,14.155503687263183,19.461515966057128,,QuantData term-structure
2026-08-17T16:00:00-04:00,2028-01-21,522,290.0,put,-0.06632270862712875,37.71781921386719,480.62,fixed_strike,33.61701965332031,36.66877746582031,35.61973571777344,31.137466430664062,31.709671020507812,-4.482269287109375,-0.2384185791015625,,,,13.017654418945312,26.464462280273438,13.446807861328125,14.155503687263183,19.461515966057128,,QuantData term-structure
2026-08-17T16:00:00-04:00,2028-01-21,522,300.0,call,0.9681039382729487,26.559829711914062,480.62,fixed_strike,33.61701965332031,36.66877746582031,35.61973571777344,31.137466430664062,31.709671020507812,-4.482269287109375,-0.2384185791015625,,,,13.017654418945312,26.464462280273438,13.446807861328125,14.155503687263183,19.461515966057128,,QuantData term-structure
2026-08-17T16:00:00-04:00,2028-01-21,522,300.0,put,-0.07707607284054091,37.71781921386719,480.62,fixed_strike,33.61701965332031,36.66877746582031,35.61973571777344,31.137466430664062,31.709671020507812,-4.482269287109375,-0.2384185791015625,,,,13.017654418945312,26.464462280273438,13.446807861328125,14.155503687263183,19.461515966057128,,QuantData term-structure
2026-08-17T16:00:00-04:00,2028-01-21,522,310.0,call,0.9709098018961654,25.320053100585938,480.62,fixed_strike,33.61701965332031,36.66877746582031,35.61973571777344,31.137466430664062,31.709671020507812,-4.482269287109375,-0.2384185791015625,,,,13.017654418945312,26.464462280273438,13.446807861328125,14.155503687263183,19.461515966057128,,QuantData term-structure
2026-08-17T16:00:00-04:00,2028-01-21,522,320.0,call,0.9466205419208122,27.513504028320312,480.62,fixed_strike,33.61701965332031,36.66877746582031,35.61973571777344,31.137466430664062,31.709671020507812,-4.482269287109375,-0.2384185791015625,,,,13.017654418945312,26.464462280273438,13.446807861328125,14.155503687263183,19.461515966057128,,QuantData term-structure
2026-08-17T16:00:00-04:00,2028-01-21,522,320.0,put,-0.09315366511689127,36.66877746582031,480.62,fixed_strike,33.61701965332031,36.66877746582031,35.61973571777344,31.137466430664062,31.709671020507812,-4.482269287109375,-0.2384185791015625,,,,13.017654418945312,26.464462280273438,13.446807861328125,14.155503687263183,19.461515966057128,,QuantData term-structure
2026-08-17T16:00:00-04:00,2028-01-21,522,330.0,call,0.9357458716405798,27.894973754882812,480.62,fixed_strike,33.61701965332031,36.66877746582031,35.61973571777344,31.137466430664062,31.709671020507812,-4.482269287109375,-0.2384185791015625,,,,13.017654418945312,26.464462280273438,13.446807861328125,14.155503687263183,19.461515966057128,,QuantData term-structure
2026-08-17T16:00:00-04:00,2028-01-21,522,330.0,put,-0.1085365248704388,36.66877746582031,480.62,fixed_strike,33.61701965332031,36.66877746582031,35.61973571777344,31.137466430664062,31.709671020507812,-4.482269287109375,-0.2384185791015625,,,,13.017654418945312,26.464462280273438,13.446807861328125,14.155503687263183,19.461515966057128,,QuantData term-structure
2026-08-17T16:00:00-04:00,2028-01-21,522,340.0,put,-0.1210630805035981,36.47804260253906,480.62,fixed_strike,33.61701965332031,36.66877746582031,35.61973571777344,31.137466430664062,31.709671020507812,-4.482269287109375,-0.2384185791015625,,,,13.017654418945312,26.464462280273438,13.446807861328125,14.155503687263183,19.461515966057128,,QuantData term-structure
2026-08-17T16:00:00-04:00,2028-01-21,522,350.0,call,0.8936332529791235,30.469894409179688,480.62,fixed_strike,33.61701965332031,36.66877746582031,35.61973571777344,31.137466430664062,31.709671020507812,-4.482269287109375,-0.2384185791015625,,,,13.017654418945312,26.464462280273438,13.446807861328125,14.155503687263183,19.461515966057128,,QuantData term-structure
2026-08-17T16:00:00-04:00,2028-01-21,522,350.0,put,-0.13349209302068965,36.38267517089844,480.62,fixed_strike,33.61701965332031,36.66877746582031,35.61973571777344,31.137466430664062,31.709671020507812,-4.482269287109375,-0.2384185791015625,,,,13.017654418945312,26.464462280273438,13.446807861328125,14.155503687263183,19.461515966057128,,QuantData term-structure
2026-08-17T16:00:00-04:00,2028-01-21,522,360.0,call,0.8777168431896505,30.660629272460938,480.62,fixed_strike,33.61701965332031,36.66877746582031,35.61973571777344,31.137466430664062,31.709671020507812,-4.482269287109375,-0.2384185791015625,,,,13.017654418945312,26.464462280273438,13.446807861328125,14.155503687263183,19.461515966057128,,QuantData term-structure
2026-08-17T16:00:00-04:00,2028-01-21,522,360.0,put,-0.14721865367008385,36.19194030761719,480.62,fixed_strike,33.61701965332031,36.66877746582031,35.61973571777344,31.137466430664062,31.709671020507812,-4.482269287109375,-0.2384185791015625,,,,13.017654418945312,26.464462280273438,13.446807861328125,14.155503687263183,19.461515966057128,,QuantData term-structure
2026-08-17T16:00:00-04:00,2028-01-21,522,370.0,call,0.8614599168180503,30.374526977539062,480.62,fixed_strike,33.61701965332031,36.66877746582031,35.61973571777344,31.137466430664062,31.709671020507812,-4.482269287109375,-0.2384185791015625,,,,13.017654418945312,26.464462280273438,13.446807861328125,14.155503687263183,19.461515966057128,,QuantData term-structure
2026-08-17T16:00:00-04:00,2028-01-21,522,370.0,put,-0.16197384651342134,36.00120544433594,480.62,fixed_strike,33.61701965332031,36.66877746582031,35.61973571777344,31.137466430664062,31.709671020507812,-4.482269287109375,-0.2384185791015625,,,,13.017654418945312,26.464462280273438,13.446807861328125,14.155503687263183,19.461515966057128,,QuantData term-structure
2026-08-17T16:00:00-04:00,2028-01-21,522,380.0,call,0.8460712494981976,30.565261840820312,480.62,fixed_strike,33.61701965332031,36.66877746582031,35.61973571777344,31.137466430664062,31.709671020507812,-4.482269287109375,-0.2384185791015625,,,,13.017654418945312,26.464462280273438,13.446807861328125,14.155503687263183,19.461515966057128,,QuantData term-structure
2026-08-17T16:00:00-04:00,2028-01-21,522,380.0,put,-0.17808529759247133,36.09657287597656,480.62,fixed_strike,33.61701965332031,36.66877746582031,35.61973571777344,31.137466430664062,31.709671020507812,-4.482269287109375,-0.2384185791015625,,,,13.017654418945312,26.464462280273438,13.446807861328125,14.155503687263183,19.461515966057128,,QuantData term-structure
2026-08-17T16:00:00-04:00,2028-01-21,522,390.0,put,-0.19442904755875984,35.90583801269531,480.62,fixed_strike,33.61701965332031,36.66877746582031,35.61973571777344,31.137466430664062,31.709671020507812,-4.482269287109375,-0.2384185791015625,,,,13.017654418945312,26.464462280273438,13.446807861328125,14.155503687263183,19.461515966057128,,QuantData term-structure
2026-08-17T16:00:00-04:00,2028-01-21,522,400.0,call,0.8081601806569292,30.755996704101562,480.62,fixed_strike,33.61701965332031,36.66877746582031,35.61973571777344,31.137466430664062,31.709671020507812,-4.482269287109375,-0.2384185791015625,,,,13.017654418945312,26.464462280273438,13.446807861328125,14.155503687263183,19.461515966057128,,QuantData term-structure
2026-08-17T16:00:00-04:00,2028-01-21,522,400.0,put,-0.20888178908911142,35.71510314941406,480.62,fixed_strike,33.61701965332031,36.66877746582031,35.61973571777344,31.137466430664062,31.709671020507812,-4.482269287109375,-0.2384185791015625,,,,13.017654418945312,26.464462280273438,13.446807861328125,14.155503687263183,19.461515966057128,,QuantData term-structure
2026-08-17T16:00:00-04:00,2028-01-21,522,410.0,call,0.7993283864913427,30.469894409179688,480.62,fixed_strike,33.61701965332031,36.66877746582031,35.61973571777344,31.137466430664062,31.709671020507812,-4.482269287109375,-0.2384185791015625,,,,13.017654418945312,26.464462280273438,13.446807861328125,14.155503687263183,19.461515966057128,,QuantData term-structure
2026-08-17T16:00:00-04:00,2028-01-21,522,410.0,put,-0.22743488298176218,35.90583801269531,480.62,fixed_strike,33.61701965332031,36.66877746582031,35.61973571777344,31.137466430664062,31.709671020507812,-4.482269287109375,-0.2384185791015625,,,,13.017654418945312,26.464462280273438,13.446807861328125,14.155503687263183,19.461515966057128,,QuantData term-structure
2026-08-17T16:00:00-04:00,2028-01-21,522,420.0,call,0.771428369510108,30.851364135742188,480.62,fixed_strike,33.61701965332031,36.66877746582031,35.61973571777344,31.137466430664062,31.709671020507812,-4.482269287109375,-0.2384185791015625,,,,13.017654418945312,26.464462280273438,13.446807861328125,14.155503687263183,19.461515966057128,,QuantData term-structure
2026-08-17T16:00:00-04:00,2028-01-21,522,420.0,put,-0.24342400827480565,35.61973571777344,480.62,fixed_strike,33.61701965332031,36.66877746582031,35.61973571777344,31.137466430664062,31.709671020507812,-4.482269287109375,-0.2384185791015625,,,,13.017654418945312,26.464462280273438,13.446807861328125,14.155503687263183,19.461515966057128,,QuantData term-structure
2026-08-17T16:00:00-04:00,2028-01-21,522,430.0,call,0.7490272791708902,30.946731567382812,480.62,fixed_strike,33.61701965332031,36.66877746582031,35.61973571777344,31.137466430664062,31.709671020507812,-4.482269287109375,-0.2384185791015625,,,,13.017654418945312,26.464462280273438,13.446807861328125,14.155503687263183,19.461515966057128,,QuantData term-structure
2026-08-17T16:00:00-04:00,2028-01-21,522,430.0,put,-0.2630829563631766,35.71510314941406,480.62,fixed_strike,33.61701965332031,36.66877746582031,35.61973571777344,31.137466430664062,31.709671020507812,-4.482269287109375,-0.2384185791015625,,,,13.017654418945312,26.464462280273438,13.446807861328125,14.155503687263183,19.461515966057128,,QuantData term-structure
2026-08-17T16:00:00-04:00,2028-01-21,522,440.0,call,0.7324992235290781,30.851364135742188,480.62,fixed_strike,33.61701965332031,36.66877746582031,35.61973571777344,31.137466430664062,31.709671020507812,-4.482269287109375,-0.2384185791015625,,,,13.017654418945312,26.464462280273438,13.446807861328125,14.155503687263183,19.461515966057128,,QuantData term-structure
2026-08-17T16:00:00-04:00,2028-01-21,522,440.0,put,-0.27988227124098886,35.81047058105469,480.62,fixed_strike,33.61701965332031,36.66877746582031,35.61973571777344,31.137466430664062,31.709671020507812,-4.482269287109375,-0.2384185791015625,,,,13.017654418945312,26.464462280273438,13.446807861328125,14.155503687263183,19.461515966057128,,QuantData term-structure
2026-08-17T16:00:00-04:00,2028-01-21,522,450.0,call,0.7109801733416794,30.946731567382812,480.62,fixed_strike,33.61701965332031,36.66877746582031,35.61973571777344,31.137466430664062,31.709671020507812,-4.482269287109375,-0.2384185791015625,,,,13.017654418945312,26.464462280273438,13.446807861328125,14.155503687263183,19.461515966057128,,QuantData term-structure
2026-08-17T16:00:00-04:00,2028-01-21,522,450.0,put,-0.29765572901532333,35.61973571777344,480.62,fixed_strike,33.61701965332031,36.66877746582031,35.61973571777344,31.137466430664062,31.709671020507812,-4.482269287109375,-0.2384185791015625,,,,13.017654418945312,26.464462280273438,13.446807861328125,14.155503687263183,19.461515966057128,,QuantData term-structure
2026-08-17T16:00:00-04:00,2028-01-21,522,460.0,call,0.6897370490353337,31.042098999023438,480.62,fixed_strike,33.61701965332031,36.66877746582031,35.61973571777344,31.137466430664062,31.709671020507812,-4.482269287109375,-0.2384185791015625,,,,13.017654418945312,26.464462280273438,13.446807861328125,14.155503687263183,19.461515966057128,,QuantData term-structure
2026-08-17T16:00:00-04:00,2028-01-21,522,460.0,put,-0.3169134335734513,35.81047058105469,480.62,fixed_strike,33.61701965332031,36.66877746582031,35.61973571777344,31.137466430664062,31.709671020507812,-4.482269287109375,-0.2384185791015625,,,,13.017654418945312,26.464462280273438,13.446807861328125,14.155503687263183,19.461515966057128,,QuantData term-structure
2026-08-17T16:00:00-04:00,2028-01-21,522,470.0,call,0.6678182122963919,31.137466430664062,480.62,fixed_strike,33.61701965332031,36.66877746582031,35.61973571777344,31.137466430664062,31.709671020507812,-4.482269287109375,-0.2384185791015625,,,,13.017654418945312,26.464462280273438,13.446807861328125,14.155503687263183,19.461515966057128,,QuantData term-structure
2026-08-17T16:00:00-04:00,2028-01-21,522,470.0,put,-0.3339982780326116,35.90583801269531,480.62,fixed_strike,33.61701965332031,36.66877746582031,35.61973571777344,31.137466430664062,31.709671020507812,-4.482269287109375,-0.2384185791015625,,,,13.017654418945312,26.464462280273438,13.446807861328125,14.155503687263183,19.461515966057128,,QuantData term-structure
2026-08-17T16:00:00-04:00,2028-01-21,522,480.0,call,0.6486540067875237,31.042098999023438,480.62,fixed_strike,33.61701965332031,36.66877746582031,35.61973571777344,31.137466430664062,31.709671020507812,-4.482269287109375,-0.2384185791015625,,,,13.017654418945312,26.464462280273438,13.446807861328125,14.155503687263183,19.461515966057128,,QuantData term-structure
2026-08-17T16:00:00-04:00,2028-01-21,522,480.0,put,-0.3516414664718794,36.19194030761719,480.62,fixed_strike,33.61701965332031,36.66877746582031,35.61973571777344,31.137466430664062,31.709671020507812,-4.482269287109375,-0.2384185791015625,,,,13.017654418945312,26.464462280273438,13.446807861328125,14.155503687263183,19.461515966057128,,QuantData term-structure
2026-08-17T16:00:00-04:00,2028-01-21,522,490.0,call,0.6253303533094213,31.232833862304688,480.62,fixed_strike,33.61701965332031,36.66877746582031,35.61973571777344,31.137466430664062,31.709671020507812,-4.482269287109375,-0.2384185791015625,,,,13.017654418945312,26.464462280273438,13.446807861328125,14.155503687263183,19.461515966057128,,QuantData term-structure
2026-08-17T16:00:00-04:00,2028-01-21,522,490.0,put,-0.36939514824373254,36.00120544433594,480.62,fixed_strike,33.61701965332031,36.66877746582031,35.61973571777344,31.137466430664062,31.709671020507812,-4.482269287109375,-0.2384185791015625,,,,13.017654418945312,26.464462280273438,13.446807861328125,14.155503687263183,19.461515966057128,,QuantData term-structure
2026-08-17T16:00:00-04:00,2028-01-21,522,500.0,call,0.606155833311929,31.042098999023438,480.62,fixed_strike,33.61701965332031,36.66877746582031,35.61973571777344,31.137466430664062,31.709671020507812,-4.482269287109375,-0.2384185791015625,,,,13.017654418945312,26.464462280273438,13.446807861328125,14.155503687263183,19.461515966057128,,QuantData term-structure
2026-08-17T16:00:00-04:00,2028-01-21,522,500.0,put,-0.38696636140158114,36.09657287597656,480.62,fixed_strike,33.61701965332031,36.66877746582031,35.61973571777344,31.137466430664062,31.709671020507812,-4.482269287109375,-0.2384185791015625,,,,13.017654418945312,26.464462280273438,13.446807861328125,14.155503687263183,19.461515966057128,,QuantData term-structure
2026-08-17T16:00:00-04:00,2028-01-21,522,505.0,call,0.5943326689154157,31.042098999023438,480.62,fixed_strike,33.61701965332031,36.66877746582031,35.61973571777344,31.137466430664062,31.709671020507812,-4.482269287109375,-0.2384185791015625,,,,13.017654418945312,26.464462280273438,13.446807861328125,14.155503687263183,19.461515966057128,,QuantData term-structure
2026-08-17T16:00:00-04:00,2028-01-21,522,510.0,call,0.588199800444884,30.946731567382812,480.62,fixed_strike,33.61701965332031,36.66877746582031,35.61973571777344,31.137466430664062,31.709671020507812,-4.482269287109375,-0.2384185791015625,,,,13.017654418945312,26.464462280273438,13.446807861328125,14.155503687263183,19.461515966057128,,QuantData term-structure
2026-08-17T16:00:00-04:00,2028-01-21,522,510.0,put,-0.40339642189294955,36.09657287597656,480.62,fixed_strike,33.61701965332031,36.66877746582031,35.61973571777344,31.137466430664062,31.709671020507812,-4.482269287109375,-0.2384185791015625,,,,13.017654418945312,26.464462280273438,13.446807861328125,14.155503687263183,19.461515966057128,,QuantData term-structure
2026-08-17T16:00:00-04:00,2028-01-21,522,515.0,call,0.5749599364628263,31.232833862304688,480.62,fixed_strike,33.61701965332031,36.66877746582031,35.61973571777344,31.137466430664062,31.709671020507812,-4.482269287109375,-0.2384185791015625,,,,13.017654418945312,26.464462280273438,13.446807861328125,14.155503687263183,19.461515966057128,,QuantData term-structure
2026-08-17T16:00:00-04:00,2028-01-21,522,520.0,call,0.5724842644489094,30.660629272460938,480.62,fixed_strike,33.61701965332031,36.66877746582031,35.61973571777344,31.137466430664062,31.709671020507812,-4.482269287109375,-0.2384185791015625,,,,13.017654418945312,26.464462280273438,13.446807861328125,14.155503687263183,19.461515966057128,,QuantData term-structure
2026-08-17T16:00:00-04:00,2028-01-21,522,525.0,call,0.5546631515593388,31.232833862304688,480.62,fixed_strike,33.61701965332031,36.66877746582031,35.61973571777344,31.137466430664062,31.709671020507812,-4.482269287109375,-0.2384185791015625,,,,13.017654418945312,26.464462280273438,13.446807861328125,14.155503687263183,19.461515966057128,,QuantData term-structure
2026-08-17T16:00:00-04:00,2028-01-21,522,525.0,put,-0.4292199115999996,36.66877746582031,480.62,fixed_strike,33.61701965332031,36.66877746582031,35.61973571777344,31.137466430664062,31.709671020507812,-4.482269287109375,-0.2384185791015625,,,,13.017654418945312,26.464462280273438,13.446807861328125,14.155503687263183,19.461515966057128,,QuantData term-structure
2026-08-17T16:00:00-04:00,2028-01-21,522,530.0,call,0.5458476153408582,31.232833862304688,480.62,fixed_strike,33.61701965332031,36.66877746582031,35.61973571777344,31.137466430664062,31.709671020507812,-4.482269287109375,-0.2384185791015625,,,,13.017654418945312,26.464462280273438,13.446807861328125,14.155503687263183,19.461515966057128,,QuantData term-structure
2026-08-17T16:00:00-04:00,2028-01-21,522,540.0,call,0.5221350566491028,30.946731567382812,480.62,fixed_strike,33.61701965332031,36.66877746582031,35.61973571777344,31.137466430664062,31.709671020507812,-4.482269287109375,-0.2384185791015625,,,,13.017654418945312,26.464462280273438,13.446807861328125,14.155503687263183,19.461515966057128,,QuantData term-structure
2026-08-17T16:00:00-04:00,2028-01-21,522,545.0,call,0.5194554821913293,30.851364135742188,480.62,fixed_strike,33.61701965332031,36.66877746582031,35.61973571777344,31.137466430664062,31.709671020507812,-4.482269287109375,-0.2384185791015625,,,,13.017654418945312,26.464462280273438,13.446807861328125,14.155503687263183,19.461515966057128,,QuantData term-structure
2026-08-17T16:00:00-04:00,2028-01-21,522,550.0,call,0.5057601916994032,31.042098999023438,480.62,fixed_strike,33.61701965332031,36.66877746582031,35.61973571777344,31.137466430664062,31.709671020507812,-4.482269287109375,-0.2384185791015625,,,,13.017654418945312,26.464462280273438,13.446807861328125,14.155503687263183,19.461515966057128,,QuantData term-structure
2026-08-17T16:00:00-04:00,2028-01-21,522,550.0,put,-0.4695483620979495,36.95487976074219,480.62,fixed_strike,33.61701965332031,36.66877746582031,35.61973571777344,31.137466430664062,31.709671020507812,-4.482269287109375,-0.2384185791015625,,,,13.017654418945312,26.464462280273438,13.446807861328125,14.155503687263183,19.461515966057128,,QuantData term-structure
2026-08-17T16:00:00-04:00,2028-01-21,522,555.0,call,0.4950066141442486,30.851364135742188,480.62,fixed_strike,33.61701965332031,36.66877746582031,35.61973571777344,31.137466430664062,31.709671020507812,-4.482269287109375,-0.2384185791015625,,,,13.017654418945312,26.464462280273438,13.446807861328125,14.155503687263183,19.461515966057128,,QuantData term-structure
2026-08-17T16:00:00-04:00,2028-01-21,522,560.0,call,0.48619102032230804,31.042098999023438,480.62,fixed_strike,33.61701965332031,36.66877746582031,35.61973571777344,31.137466430664062,31.709671020507812,-4.482269287109375,-0.2384185791015625,,,,13.017654418945312,26.464462280273438,13.446807861328125,14.155503687263183,19.461515966057128,,QuantData term-structure
2026-08-17T16:00:00-04:00,2028-01-21,522,565.0,call,0.47559541207703504,30.851364135742188,480.62,fixed_strike,33.61701965332031,36.66877746582031,35.61973571777344,31.137466430664062,31.709671020507812,-4.482269287109375,-0.2384185791015625,,,,13.017654418945312,26.464462280273438,13.446807861328125,14.155503687263183,19.461515966057128,,QuantData term-structure
2026-08-17T16:00:00-04:00,2028-01-21,522,570.0,call,0.46455610294742283,31.042098999023438,480.62,fixed_strike,33.61701965332031,36.66877746582031,35.61973571777344,31.137466430664062,31.709671020507812,-4.482269287109375,-0.2384185791015625,,,,13.017654418945312,26.464462280273438,13.446807861328125,14.155503687263183,19.461515966057128,,QuantData term-structure
2026-08-17T16:00:00-04:00,2028-01-21,522,575.0,call,0.45779144679321765,30.946731567382812,480.62,fixed_strike,33.61701965332031,36.66877746582031,35.61973571777344,31.137466430664062,31.709671020507812,-4.482269287109375,-0.2384185791015625,,,,13.017654418945312,26.464462280273438,13.446807861328125,14.155503687263183,19.461515966057128,,QuantData term-structure
2026-08-17T16:00:00-04:00,2028-01-21,522,580.0,call,0.44602219765247436,30.565261840820312,480.62,fixed_strike,33.61701965332031,36.66877746582031,35.61973571777344,31.137466430664062,31.709671020507812,-4.482269287109375,-0.2384185791015625,,,,13.017654418945312,26.464462280273438,13.446807861328125,14.155503687263183,19.461515966057128,,QuantData term-structure
2026-08-17T16:00:00-04:00,2028-01-21,522,585.0,call,0.44285882321310444,30.660629272460938,480.62,fixed_strike,33.61701965332031,36.66877746582031,35.61973571777344,31.137466430664062,31.709671020507812,-4.482269287109375,-0.2384185791015625,,,,13.017654418945312,26.464462280273438,13.446807861328125,14.155503687263183,19.461515966057128,,QuantData term-structure
2026-08-17T16:00:00-04:00,2028-01-21,522,590.0,call,0.42890921933624104,30.851364135742188,480.62,fixed_strike,33.61701965332031,36.66877746582031,35.61973571777344,31.137466430664062,31.709671020507812,-4.482269287109375,-0.2384185791015625,,,,13.017654418945312,26.464462280273438,13.446807861328125,14.155503687263183,19.461515966057128,,QuantData term-structure
2026-08-17T16:00:00-04:00,2028-01-21,522,595.0,call,0.43113894602866965,30.565261840820312,480.62,fixed_strike,33.61701965332031,36.66877746582031,35.61973571777344,31.137466430664062,31.709671020507812,-4.482269287109375,-0.2384185791015625,,,,13.017654418945312,26.464462280273438,13.446807861328125,14.155503687263183,19.461515966057128,,QuantData term-structure
2026-08-17T16:00:00-04:00,2028-01-21,522,600.0,call,0.41098115380289885,30.946731567382812,480.62,fixed_strike,33.61701965332031,36.66877746582031,35.61973571777344,31.137466430664062,31.709671020507812,-4.482269287109375,-0.2384185791015625,,,,13.017654418945312,26.464462280273438,13.446807861328125,14.155503687263183,19.461515966057128,,QuantData term-structure
2026-08-17T16:00:00-04:00,2028-01-21,522,605.0,call,0.41332944319702924,30.565261840820312,480.62,fixed_strike,33.61701965332031,36.66877746582031,35.61973571777344,31.137466430664062,31.709671020507812,-4.482269287109375,-0.2384185791015625,,,,13.017654418945312,26.464462280273438,13.446807861328125,14.155503687263183,19.461515966057128,,QuantData term-structure
2026-08-17T16:00:00-04:00,2028-01-21,522,610.0,call,0.39191939822310795,30.946731567382812,480.62,fixed_strike,33.61701965332031,36.66877746582031,35.61973571777344,31.137466430664062,31.709671020507812,-4.482269287109375,-0.2384185791015625,,,,13.017654418945312,26.464462280273438,13.446807861328125,14.155503687263183,19.461515966057128,,QuantData term-structure
2026-08-17T16:00:00-04:00,2028-01-21,522,615.0,call,0.38976194791201274,30.755996704101562,480.62,fixed_strike,33.61701965332031,36.66877746582031,35.61973571777344,31.137466430664062,31.709671020507812,-4.482269287109375,-0.2384185791015625,,,,13.017654418945312,26.464462280273438,13.446807861328125,14.155503687263183,19.461515966057128,,QuantData term-structure
2026-08-17T16:00:00-04:00,2028-01-21,522,620.0,call,0.38316541500310264,31.042098999023438,480.62,fixed_strike,33.61701965332031,36.66877746582031,35.61973571777344,31.137466430664062,31.709671020507812,-4.482269287109375,-0.2384185791015625,,,,13.017654418945312,26.464462280273438,13.446807861328125,14.155503687263183,19.461515966057128,,QuantData term-structure
2026-08-17T16:00:00-04:00,2028-01-21,522,625.0,call,0.3837680569953988,31.137466430664062,480.62,fixed_strike,33.61701965332031,36.66877746582031,35.61973571777344,31.137466430664062,31.709671020507812,-4.482269287109375,-0.2384185791015625,,,,13.017654418945312,26.464462280273438,13.446807861328125,14.155503687263183,19.461515966057128,,QuantData term-structure
2026-08-17T16:00:00-04:00,2028-01-21,522,630.0,call,0.36939554703021577,31.042098999023438,480.62,fixed_strike,33.61701965332031,36.66877746582031,35.61973571777344,31.137466430664062,31.709671020507812,-4.482269287109375,-0.2384185791015625,,,,13.017654418945312,26.464462280273438,13.446807861328125,14.155503687263183,19.461515966057128,,QuantData term-structure
2026-08-17T16:00:00-04:00,2028-01-21,522,650.0,call,0.33051009035761925,31.042098999023438,480.62,fixed_strike,33.61701965332031,36.66877746582031,35.61973571777344,31.137466430664062,31.709671020507812,-4.482269287109375,-0.2384185791015625,,,,13.017654418945312,26.464462280273438,13.446807861328125,14.155503687263183,19.461515966057128,,QuantData term-structure
2026-08-17T16:00:00-04:00,2028-01-21,522,665.0,call,0.31266725265987505,30.851364135742188,480.62,fixed_strike,33.61701965332031,36.66877746582031,35.61973571777344,31.137466430664062,31.709671020507812,-4.482269287109375,-0.2384185791015625,,,,13.017654418945312,26.464462280273438,13.446807861328125,14.155503687263183,19.461515966057128,,QuantData term-structure
2026-08-17T16:00:00-04:00,2028-01-21,522,680.0,call,0.2998240170541031,30.946731567382812,480.62,fixed_strike,33.61701965332031,36.66877746582031,35.61973571777344,31.137466430664062,31.709671020507812,-4.482269287109375,-0.2384185791015625,,,,13.017654418945312,26.464462280273438,13.446807861328125,14.155503687263183,19.461515966057128,,QuantData term-structure
2026-08-17T16:00:00-04:00,2028-01-21,522,700.0,call,0.26578349993569006,31.328201293945312,480.62,fixed_strike,33.61701965332031,36.66877746582031,35.61973571777344,31.137466430664062,31.709671020507812,-4.482269287109375,-0.2384185791015625,,,,13.017654418945312,26.464462280273438,13.446807861328125,14.155503687263183,19.461515966057128,,QuantData term-structure
2026-08-17T16:00:00-04:00,2028-01-21,522,720.0,call,0.2442303720232753,31.137466430664062,480.62,fixed_strike,33.61701965332031,36.66877746582031,35.61973571777344,31.137466430664062,31.709671020507812,-4.482269287109375,-0.2384185791015625,,,,13.017654418945312,26.464462280273438,13.446807861328125,14.155503687263183,19.461515966057128,,QuantData term-structure
2026-08-17T16:00:00-04:00,2028-01-21,522,725.0,call,0.23551843794620336,31.423568725585938,480.62,fixed_strike,33.61701965332031,36.66877746582031,35.61973571777344,31.137466430664062,31.709671020507812,-4.482269287109375,-0.2384185791015625,,,,13.017654418945312,26.464462280273438,13.446807861328125,14.155503687263183,19.461515966057128,,QuantData term-structure
2026-08-17T16:00:00-04:00,2028-01-21,522,730.0,call,0.22932782801227974,31.423568725585938,480.62,fixed_strike,33.61701965332031,36.66877746582031,35.61973571777344,31.137466430664062,31.709671020507812,-4.482269287109375,-0.2384185791015625,,,,13.017654418945312,26.464462280273438,13.446807861328125,14.155503687263183,19.461515966057128,,QuantData term-structure
2026-08-17T16:00:00-04:00,2028-01-21,522,740.0,call,0.21838726785944734,31.423568725585938,480.62,fixed_strike,33.61701965332031,36.66877746582031,35.61973571777344,31.137466430664062,31.709671020507812,-4.482269287109375,-0.2384185791015625,,,,13.017654418945312,26.464462280273438,13.446807861328125,14.155503687263183,19.461515966057128,,QuantData term-structure
2026-08-17T16:00:00-04:00,2028-01-21,522,745.0,call,0.21941204010599558,31.232833862304688,480.62,fixed_strike,33.61701965332031,36.66877746582031,35.61973571777344,31.137466430664062,31.709671020507812,-4.482269287109375,-0.2384185791015625,,,,13.017654418945312,26.464462280273438,13.446807861328125,14.155503687263183,19.461515966057128,,QuantData term-structure
2026-08-17T16:00:00-04:00,2028-01-21,522,750.0,call,0.205950716601769,31.232833862304688,480.62,fixed_strike,33.61701965332031,36.66877746582031,35.61973571777344,31.137466430664062,31.709671020507812,-4.482269287109375,-0.2384185791015625,,,,13.017654418945312,26.464462280273438,13.446807861328125,14.155503687263183,19.461515966057128,,QuantData term-structure
2026-08-17T16:00:00-04:00,2028-01-21,522,755.0,call,0.20226896437298575,31.328201293945312,480.62,fixed_strike,33.61701965332031,36.66877746582031,35.61973571777344,31.137466430664062,31.709671020507812,-4.482269287109375,-0.2384185791015625,,,,13.017654418945312,26.464462280273438,13.446807861328125,14.155503687263183,19.461515966057128,,QuantData term-structure
2026-08-17T16:00:00-04:00,2028-01-21,522,760.0,call,0.2030154693803387,31.328201293945312,480.62,fixed_strike,33.61701965332031,36.66877746582031,35.61973571777344,31.137466430664062,31.709671020507812,-4.482269287109375,-0.2384185791015625,,,,13.017654418945312,26.464462280273438,13.446807861328125,14.155503687263183,19.461515966057128,,QuantData term-structure
2026-08-17T16:00:00-04:00,2028-01-21,522,780.0,call,0.18264009142106347,31.518936157226562,480.62,fixed_strike,33.61701965332031,36.66877746582031,35.61973571777344,31.137466430664062,31.709671020507812,-4.482269287109375,-0.2384185791015625,,,,13.017654418945312,26.464462280273438,13.446807861328125,14.155503687263183,19.461515966057128,,QuantData term-structure
2026-08-17T16:00:00-04:00,2028-01-21,522,800.0,call,0.16807772020451545,31.709671020507812,480.62,fixed_strike,33.61701965332031,36.66877746582031,35.61973571777344,31.137466430664062,31.709671020507812,-4.482269287109375,-0.2384185791015625,,,,13.017654418945312,26.464462280273438,13.446807861328125,14.155503687263183,19.461515966057128,,QuantData term-structure
2026-08-17T16:00:00-04:00,2028-06-16,669,185.0,call,1.0,0.0476837158203125,480.62,fixed_strike,34.14154052734375,37.24098205566406,36.28730773925781,31.614303588867188,31.614303588867188,-4.673004150390625,-0.19073486328125,,,,13.017654418945312,26.464462280273438,13.446807861328125,14.155503687263183,19.986036840080565,,QuantData term-structure
2026-08-17T16:00:00-04:00,2028-06-16,669,200.0,call,1.0,0.0476837158203125,480.62,fixed_strike,34.14154052734375,37.24098205566406,36.28730773925781,31.614303588867188,31.614303588867188,-4.673004150390625,-0.19073486328125,,,,13.017654418945312,26.464462280273438,13.446807861328125,14.155503687263183,19.986036840080565,,QuantData term-structure
2026-08-17T16:00:00-04:00,2028-06-16,669,200.0,put,-0.021423398550831536,40.96031188964844,480.62,fixed_strike,34.14154052734375,37.24098205566406,36.28730773925781,31.614303588867188,31.614303588867188,-4.673004150390625,-0.19073486328125,,,,13.017654418945312,26.464462280273438,13.446807861328125,14.155503687263183,19.986036840080565,,QuantData term-structure
2026-08-17T16:00:00-04:00,2028-06-16,669,210.0,call,1.0,0.0476837158203125,480.62,fixed_strike,34.14154052734375,37.24098205566406,36.28730773925781,31.614303588867188,31.614303588867188,-4.673004150390625,-0.19073486328125,,,,13.017654418945312,26.464462280273438,13.446807861328125,14.155503687263183,19.986036840080565,,QuantData term-structure
2026-08-17T16:00:00-04:00,2028-06-16,669,210.0,put,-0.024932873830818457,40.10200500488281,480.62,fixed_strike,34.14154052734375,37.24098205566406,36.28730773925781,31.614303588867188,31.614303588867188,-4.673004150390625,-0.19073486328125,,,,13.017654418945312,26.464462280273438,13.446807861328125,14.155503687263183,19.986036840080565,,QuantData term-structure
2026-08-17T16:00:00-04:00,2028-06-16,669,225.0,call,1.0,0.0476837158203125,480.62,fixed_strike,34.14154052734375,37.24098205566406,36.28730773925781,31.614303588867188,31.614303588867188,-4.673004150390625,-0.19073486328125,,,,13.017654418945312,26.464462280273438,13.446807861328125,14.155503687263183,19.986036840080565,,QuantData term-structure
2026-08-17T16:00:00-04:00,2028-06-16,669,225.0,put,-0.032361023911864815,39.72053527832031,480.62,fixed_strike,34.14154052734375,37.24098205566406,36.28730773925781,31.614303588867188,31.614303588867188,-4.673004150390625,-0.19073486328125,,,,13.017654418945312,26.464462280273438,13.446807861328125,14.155503687263183,19.986036840080565,,QuantData term-structure
2026-08-17T16:00:00-04:00,2028-06-16,669,240.0,call,1.0,0.0476837158203125,480.62,fixed_strike,34.14154052734375,37.24098205566406,36.28730773925781,31.614303588867188,31.614303588867188,-4.673004150390625,-0.19073486328125,,,,13.017654418945312,26.464462280273438,13.446807861328125,14.155503687263183,19.986036840080565,,QuantData term-structure
2026-08-17T16:00:00-04:00,2028-06-16,669,250.0,put,-0.04714132655122988,39.05296325683594,480.62,fixed_strike,34.14154052734375,37.24098205566406,36.28730773925781,31.614303588867188,31.614303588867188,-4.673004150390625,-0.19073486328125,,,,13.017654418945312,26.464462280273438,13.446807861328125,14.155503687263183,19.986036840080565,,QuantData term-structure
2026-08-17T16:00:00-04:00,2028-06-16,669,260.0,put,-0.05316462591936344,38.48075866699219,480.62,fixed_strike,34.14154052734375,37.24098205566406,36.28730773925781,31.614303588867188,31.614303588867188,-4.673004150390625,-0.19073486328125,,,,13.017654418945312,26.464462280273438,13.446807861328125,14.155503687263183,19.986036840080565,,QuantData term-structure
2026-08-17T16:00:00-04:00,2028-06-16,669,270.0,put,-0.06088456878483811,38.29002380371094,480.62,fixed_strike,34.14154052734375,37.24098205566406,36.28730773925781,31.614303588867188,31.614303588867188,-4.673004150390625,-0.19073486328125,,,,13.017654418945312,26.464462280273438,13.446807861328125,14.155503687263183,19.986036840080565,,QuantData term-structure
2026-08-17T16:00:00-04:00,2028-06-16,669,290.0,put,-0.0755182439770033,37.81318664550781,480.62,fixed_strike,34.14154052734375,37.24098205566406,36.28730773925781,31.614303588867188,31.614303588867188,-4.673004150390625,-0.19073486328125,,,,13.017654418945312,26.464462280273438,13.446807861328125,14.155503687263183,19.986036840080565,,QuantData term-structure
2026-08-17T16:00:00-04:00,2028-06-16,669,300.0,put,-0.08787183679330168,37.62245178222656,480.62,fixed_strike,34.14154052734375,37.24098205566406,36.28730773925781,31.614303588867188,31.614303588867188,-4.673004150390625,-0.19073486328125,,,,13.017654418945312,26.464462280273438,13.446807861328125,14.155503687263183,19.986036840080565,,QuantData term-structure
2026-08-17T16:00:00-04:00,2028-06-16,669,310.0,call,0.947950429680301,27.322769165039062,480.62,fixed_strike,34.14154052734375,37.24098205566406,36.28730773925781,31.614303588867188,31.614303588867188,-4.673004150390625,-0.19073486328125,,,,13.017654418945312,26.464462280273438,13.446807861328125,14.155503687263183,19.986036840080565,,QuantData term-structure
2026-08-17T16:00:00-04:00,2028-06-16,669,320.0,call,0.9435851663246017,26.369094848632812,480.62,fixed_strike,34.14154052734375,37.24098205566406,36.28730773925781,31.614303588867188,31.614303588867188,-4.673004150390625,-0.19073486328125,,,,13.017654418945312,26.464462280273438,13.446807861328125,14.155503687263183,19.986036840080565,,QuantData term-structure
2026-08-17T16:00:00-04:00,2028-06-16,669,320.0,put,-0.10879636492703926,37.24098205566406,480.62,fixed_strike,34.14154052734375,37.24098205566406,36.28730773925781,31.614303588867188,31.614303588867188,-4.673004150390625,-0.19073486328125,,,,13.017654418945312,26.464462280273438,13.446807861328125,14.155503687263183,19.986036840080565,,QuantData term-structure
2026-08-17T16:00:00-04:00,2028-06-16,669,330.0,put,-0.11705591236364749,36.95487976074219,480.62,fixed_strike,34.14154052734375,37.24098205566406,36.28730773925781,31.614303588867188,31.614303588867188,-4.673004150390625,-0.19073486328125,,,,13.017654418945312,26.464462280273438,13.446807861328125,14.155503687263183,19.986036840080565,,QuantData term-structure
2026-08-17T16:00:00-04:00,2028-06-16,669,350.0,call,0.8862104097741981,29.897689819335938,480.62,fixed_strike,34.14154052734375,37.24098205566406,36.28730773925781,31.614303588867188,31.614303588867188,-4.673004150390625,-0.19073486328125,,,,13.017654418945312,26.464462280273438,13.446807861328125,14.155503687263183,19.986036840080565,,QuantData term-structure
2026-08-17T16:00:00-04:00,2028-06-16,669,350.0,put,-0.14349772087358342,36.85951232910156,480.62,fixed_strike,34.14154052734375,37.24098205566406,36.28730773925781,31.614303588867188,31.614303588867188,-4.673004150390625,-0.19073486328125,,,,13.017654418945312,26.464462280273438,13.446807861328125,14.155503687263183,19.986036840080565,,QuantData term-structure
2026-08-17T16:00:00-04:00,2028-06-16,669,360.0,call,0.879962824955027,29.516220092773438,480.62,fixed_strike,34.14154052734375,37.24098205566406,36.28730773925781,31.614303588867188,31.614303588867188,-4.673004150390625,-0.19073486328125,,,,13.017654418945312,26.464462280273438,13.446807861328125,14.155503687263183,19.986036840080565,,QuantData term-structure
2026-08-17T16:00:00-04:00,2028-06-16,669,370.0,call,0.8594515472246405,30.183792114257812,480.62,fixed_strike,34.14154052734375,37.24098205566406,36.28730773925781,31.614303588867188,31.614303588867188,-4.673004150390625,-0.19073486328125,,,,13.017654418945312,26.464462280273438,13.446807861328125,14.155503687263183,19.986036840080565,,QuantData term-structure
2026-08-17T16:00:00-04:00,2028-06-16,669,370.0,put,-0.1629706041968591,36.47804260253906,480.62,fixed_strike,34.14154052734375,37.24098205566406,36.28730773925781,31.614303588867188,31.614303588867188,-4.673004150390625,-0.19073486328125,,,,13.017654418945312,26.464462280273438,13.446807861328125,14.155503687263183,19.986036840080565,,QuantData term-structure
2026-08-17T16:00:00-04:00,2028-06-16,669,380.0,call,0.8511024581129282,29.039382934570312,480.62,fixed_strike,34.14154052734375,37.24098205566406,36.28730773925781,31.614303588867188,31.614303588867188,-4.673004150390625,-0.19073486328125,,,,13.017654418945312,26.464462280273438,13.446807861328125,14.155503687263183,19.986036840080565,,QuantData term-structure
2026-08-17T16:00:00-04:00,2028-06-16,669,390.0,call,0.8291169839718802,30.279159545898438,480.62,fixed_strike,34.14154052734375,37.24098205566406,36.28730773925781,31.614303588867188,31.614303588867188,-4.673004150390625,-0.19073486328125,,,,13.017654418945312,26.464462280273438,13.446807861328125,14.155503687263183,19.986036840080565,,QuantData term-structure
2026-08-17T16:00:00-04:00,2028-06-16,669,400.0,call,0.8052897153447809,30.946731567382812,480.62,fixed_strike,34.14154052734375,37.24098205566406,36.28730773925781,31.614303588867188,31.614303588867188,-4.673004150390625,-0.19073486328125,,,,13.017654418945312,26.464462280273438,13.446807861328125,14.155503687263183,19.986036840080565,,QuantData term-structure
2026-08-17T16:00:00-04:00,2028-06-16,669,400.0,put,-0.211433613734001,36.28730773925781,480.62,fixed_strike,34.14154052734375,37.24098205566406,36.28730773925781,31.614303588867188,31.614303588867188,-4.673004150390625,-0.19073486328125,,,,13.017654418945312,26.464462280273438,13.446807861328125,14.155503687263183,19.986036840080565,,QuantData term-structure
2026-08-17T16:00:00-04:00,2028-06-16,669,410.0,call,0.7905114255540777,30.755996704101562,480.62,fixed_strike,34.14154052734375,37.24098205566406,36.28730773925781,31.614303588867188,31.614303588867188,-4.673004150390625,-0.19073486328125,,,,13.017654418945312,26.464462280273438,13.446807861328125,14.155503687263183,19.986036840080565,,QuantData term-structure
2026-08-17T16:00:00-04:00,2028-06-16,669,420.0,call,0.7723288725332056,30.946731567382812,480.62,fixed_strike,34.14154052734375,37.24098205566406,36.28730773925781,31.614303588867188,31.614303588867188,-4.673004150390625,-0.19073486328125,,,,13.017654418945312,26.464462280273438,13.446807861328125,14.155503687263183,19.986036840080565,,QuantData term-structure
2026-08-17T16:00:00-04:00,2028-06-16,669,420.0,put,-0.23573272579034033,36.28730773925781,480.62,fixed_strike,34.14154052734375,37.24098205566406,36.28730773925781,31.614303588867188,31.614303588867188,-4.673004150390625,-0.19073486328125,,,,13.017654418945312,26.464462280273438,13.446807861328125,14.155503687263183,19.986036840080565,,QuantData term-structure
2026-08-17T16:00:00-04:00,2028-06-16,669,430.0,call,0.7534180901014458,31.328201293945312,480.62,fixed_strike,34.14154052734375,37.24098205566406,36.28730773925781,31.614303588867188,31.614303588867188,-4.673004150390625,-0.19073486328125,,,,13.017654418945312,26.464462280273438,13.446807861328125,14.155503687263183,19.986036840080565,,QuantData term-structure
2026-08-17T16:00:00-04:00,2028-06-16,669,440.0,call,0.7380879278229205,31.042098999023438,480.62,fixed_strike,34.14154052734375,37.24098205566406,36.28730773925781,31.614303588867188,31.614303588867188,-4.673004150390625,-0.19073486328125,,,,13.017654418945312,26.464462280273438,13.446807861328125,14.155503687263183,19.986036840080565,,QuantData term-structure
2026-08-17T16:00:00-04:00,2028-06-16,669,450.0,call,0.7190772549481312,31.042098999023438,480.62,fixed_strike,34.14154052734375,37.24098205566406,36.28730773925781,31.614303588867188,31.614303588867188,-4.673004150390625,-0.19073486328125,,,,13.017654418945312,26.464462280273438,13.446807861328125,14.155503687263183,19.986036840080565,,QuantData term-structure
2026-08-17T16:00:00-04:00,2028-06-16,669,450.0,put,-0.28165200602048646,36.28730773925781,480.62,fixed_strike,34.14154052734375,37.24098205566406,36.28730773925781,31.614303588867188,31.614303588867188,-4.673004150390625,-0.19073486328125,,,,13.017654418945312,26.464462280273438,13.446807861328125,14.155503687263183,19.986036840080565,,QuantData term-structure
2026-08-17T16:00:00-04:00,2028-06-16,669,460.0,call,0.7007590367118897,31.137466430664062,480.62,fixed_strike,34.14154052734375,37.24098205566406,36.28730773925781,31.614303588867188,31.614303588867188,-4.673004150390625,-0.19073486328125,,,,13.017654418945312,26.464462280273438,13.446807861328125,14.155503687263183,19.986036840080565,,QuantData term-structure
2026-08-17T16:00:00-04:00,2028-06-16,669,460.0,put,-0.3024205541193479,36.38267517089844,480.62,fixed_strike,34.14154052734375,37.24098205566406,36.28730773925781,31.614303588867188,31.614303588867188,-4.673004150390625,-0.19073486328125,,,,13.017654418945312,26.464462280273438,13.446807861328125,14.155503687263183,19.986036840080565,,QuantData term-structure
2026-08-17T16:00:00-04:00,2028-06-16,669,470.0,call,0.6829443415159338,31.137466430664062,480.62,fixed_strike,34.14154052734375,37.24098205566406,36.28730773925781,31.614303588867188,31.614303588867188,-4.673004150390625,-0.19073486328125,,,,13.017654418945312,26.464462280273438,13.446807861328125,14.155503687263183,19.986036840080565,,QuantData term-structure
2026-08-17T16:00:00-04:00,2028-06-16,669,480.0,call,0.6650141310116747,31.328201293945312,480.62,fixed_strike,34.14154052734375,37.24098205566406,36.28730773925781,31.614303588867188,31.614303588867188,-4.673004150390625,-0.19073486328125,,,,13.017654418945312,26.464462280273438,13.446807861328125,14.155503687263183,19.986036840080565,,QuantData term-structure
2026-08-17T16:00:00-04:00,2028-06-16,669,480.0,put,-0.3322575197666907,36.95487976074219,480.62,fixed_strike,34.14154052734375,37.24098205566406,36.28730773925781,31.614303588867188,31.614303588867188,-4.673004150390625,-0.19073486328125,,,,13.017654418945312,26.464462280273438,13.446807861328125,14.155503687263183,19.986036840080565,,QuantData term-structure
2026-08-17T16:00:00-04:00,2028-06-16,669,490.0,call,0.6484287999873571,31.423568725585938,480.62,fixed_strike,34.14154052734375,37.24098205566406,36.28730773925781,31.614303588867188,31.614303588867188,-4.673004150390625,-0.19073486328125,,,,13.017654418945312,26.464462280273438,13.446807861328125,14.155503687263183,19.986036840080565,,QuantData term-structure
2026-08-17T16:00:00-04:00,2028-06-16,669,490.0,put,-0.34969501343665754,36.76414489746094,480.62,fixed_strike,34.14154052734375,37.24098205566406,36.28730773925781,31.614303588867188,31.614303588867188,-4.673004150390625,-0.19073486328125,,,,13.017654418945312,26.464462280273438,13.446807861328125,14.155503687263183,19.986036840080565,,QuantData term-structure
2026-08-17T16:00:00-04:00,2028-06-16,669,500.0,call,0.6310215858879951,31.232833862304688,480.62,fixed_strike,34.14154052734375,37.24098205566406,36.28730773925781,31.614303588867188,31.614303588867188,-4.673004150390625,-0.19073486328125,,,,13.017654418945312,26.464462280273438,13.446807861328125,14.155503687263183,19.986036840080565,,QuantData term-structure
2026-08-17T16:00:00-04:00,2028-06-16,669,500.0,put,-0.35507623693516754,36.76414489746094,480.62,fixed_strike,34.14154052734375,37.24098205566406,36.28730773925781,31.614303588867188,31.614303588867188,-4.673004150390625,-0.19073486328125,,,,13.017654418945312,26.464462280273438,13.446807861328125,14.155503687263183,19.986036840080565,,QuantData term-structure
2026-08-17T16:00:00-04:00,2028-06-16,669,510.0,call,0.6104185740951622,31.042098999023438,480.62,fixed_strike,34.14154052734375,37.24098205566406,36.28730773925781,31.614303588867188,31.614303588867188,-4.673004150390625,-0.19073486328125,,,,13.017654418945312,26.464462280273438,13.446807861328125,14.155503687263183,19.986036840080565,,QuantData term-structure
2026-08-17T16:00:00-04:00,2028-06-16,669,510.0,put,-0.37037393997151347,36.95487976074219,480.62,fixed_strike,34.14154052734375,37.24098205566406,36.28730773925781,31.614303588867188,31.614303588867188,-4.673004150390625,-0.19073486328125,,,,13.017654418945312,26.464462280273438,13.446807861328125,14.155503687263183,19.986036840080565,,QuantData term-structure
2026-08-17T16:00:00-04:00,2028-06-16,669,520.0,call,0.5951381710106387,31.137466430664062,480.62,fixed_strike,34.14154052734375,37.24098205566406,36.28730773925781,31.614303588867188,31.614303588867188,-4.673004150390625,-0.19073486328125,,,,13.017654418945312,26.464462280273438,13.446807861328125,14.155503687263183,19.986036840080565,,QuantData term-structure
2026-08-17T16:00:00-04:00,2028-06-16,669,520.0,put,-0.3884185882005787,37.05024719238281,480.62,fixed_strike,34.14154052734375,37.24098205566406,36.28730773925781,31.614303588867188,31.614303588867188,-4.673004150390625,-0.19073486328125,,,,13.017654418945312,26.464462280273438,13.446807861328125,14.155503687263183,19.986036840080565,,QuantData term-structure
2026-08-17T16:00:00-04:00,2028-06-16,669,530.0,put,-0.39790284658931885,37.33634948730469,480.62,fixed_strike,34.14154052734375,37.24098205566406,36.28730773925781,31.614303588867188,31.614303588867188,-4.673004150390625,-0.19073486328125,,,,13.017654418945312,26.464462280273438,13.446807861328125,14.155503687263183,19.986036840080565,,QuantData term-structure
2026-08-17T16:00:00-04:00,2028-06-16,669,540.0,call,0.5585092861930407,31.137466430664062,480.62,fixed_strike,34.14154052734375,37.24098205566406,36.28730773925781,31.614303588867188,31.614303588867188,-4.673004150390625,-0.19073486328125,,,,13.017654418945312,26.464462280273438,13.446807861328125,14.155503687263183,19.986036840080565,,QuantData term-structure
2026-08-17T16:00:00-04:00,2028-06-16,669,540.0,put,-0.4208000101856041,37.71781921386719,480.62,fixed_strike,34.14154052734375,37.24098205566406,36.28730773925781,31.614303588867188,31.614303588867188,-4.673004150390625,-0.19073486328125,,,,13.017654418945312,26.464462280273438,13.446807861328125,14.155503687263183,19.986036840080565,,QuantData term-structure
2026-08-17T16:00:00-04:00,2028-06-16,669,550.0,call,0.54186914096558,31.232833862304688,480.62,fixed_strike,34.14154052734375,37.24098205566406,36.28730773925781,31.614303588867188,31.614303588867188,-4.673004150390625,-0.19073486328125,,,,13.017654418945312,26.464462280273438,13.446807861328125,14.155503687263183,19.986036840080565,,QuantData term-structure
2026-08-17T16:00:00-04:00,2028-06-16,669,550.0,put,-0.42865664904697093,37.62245178222656,480.62,fixed_strike,34.14154052734375,37.24098205566406,36.28730773925781,31.614303588867188,31.614303588867188,-4.673004150390625,-0.19073486328125,,,,13.017654418945312,26.464462280273438,13.446807861328125,14.155503687263183,19.986036840080565,,QuantData term-structure
2026-08-17T16:00:00-04:00,2028-06-16,669,560.0,put,-0.44112326943350716,37.90855407714844,480.62,fixed_strike,34.14154052734375,37.24098205566406,36.28730773925781,31.614303588867188,31.614303588867188,-4.673004150390625,-0.19073486328125,,,,13.017654418945312,26.464462280273438,13.446807861328125,14.155503687263183,19.986036840080565,,QuantData term-structure
2026-08-17T16:00:00-04:00,2028-06-16,669,570.0,call,0.509130024723829,31.423568725585938,480.62,fixed_strike,34.14154052734375,37.24098205566406,36.28730773925781,31.614303588867188,31.614303588867188,-4.673004150390625,-0.19073486328125,,,,13.017654418945312,26.464462280273438,13.446807861328125,14.155503687263183,19.986036840080565,,QuantData term-structure
2026-08-17T16:00:00-04:00,2028-06-16,669,580.0,call,0.49133727379166187,31.328201293945312,480.62,fixed_strike,34.14154052734375,37.24098205566406,36.28730773925781,31.614303588867188,31.614303588867188,-4.673004150390625,-0.19073486328125,,,,13.017654418945312,26.464462280273438,13.446807861328125,14.155503687263183,19.986036840080565,,QuantData term-structure
2026-08-17T16:00:00-04:00,2028-06-16,669,590.0,call,0.4747605189424546,31.232833862304688,480.62,fixed_strike,34.14154052734375,37.24098205566406,36.28730773925781,31.614303588867188,31.614303588867188,-4.673004150390625,-0.19073486328125,,,,13.017654418945312,26.464462280273438,13.446807861328125,14.155503687263183,19.986036840080565,,QuantData term-structure
2026-08-17T16:00:00-04:00,2028-06-16,669,600.0,call,0.46063693861325977,31.328201293945312,480.62,fixed_strike,34.14154052734375,37.24098205566406,36.28730773925781,31.614303588867188,31.614303588867188,-4.673004150390625,-0.19073486328125,,,,13.017654418945312,26.464462280273438,13.446807861328125,14.155503687263183,19.986036840080565,,QuantData term-structure
2026-08-17T16:00:00-04:00,2028-06-16,669,610.0,call,0.4459558709799631,31.328201293945312,480.62,fixed_strike,34.14154052734375,37.24098205566406,36.28730773925781,31.614303588867188,31.614303588867188,-4.673004150390625,-0.19073486328125,,,,13.017654418945312,26.464462280273438,13.446807861328125,14.155503687263183,19.986036840080565,,QuantData term-structure
2026-08-17T16:00:00-04:00,2028-06-16,669,620.0,call,0.4339927196190609,31.042098999023438,480.62,fixed_strike,34.14154052734375,37.24098205566406,36.28730773925781,31.614303588867188,31.614303588867188,-4.673004150390625,-0.19073486328125,,,,13.017654418945312,26.464462280273438,13.446807861328125,14.155503687263183,19.986036840080565,,QuantData term-structure
2026-08-17T16:00:00-04:00,2028-06-16,669,630.0,call,0.4147861417845312,31.137466430664062,480.62,fixed_strike,34.14154052734375,37.24098205566406,36.28730773925781,31.614303588867188,31.614303588867188,-4.673004150390625,-0.19073486328125,,,,13.017654418945312,26.464462280273438,13.446807861328125,14.155503687263183,19.986036840080565,,QuantData term-structure
2026-08-17T16:00:00-04:00,2028-06-16,669,640.0,call,0.40372487857520845,31.328201293945312,480.62,fixed_strike,34.14154052734375,37.24098205566406,36.28730773925781,31.614303588867188,31.614303588867188,-4.673004150390625,-0.19073486328125,,,,13.017654418945312,26.464462280273438,13.446807861328125,14.155503687263183,19.986036840080565,,QuantData term-structure
2026-08-17T16:00:00-04:00,2028-06-16,669,650.0,call,0.3875283508641767,31.328201293945312,480.62,fixed_strike,34.14154052734375,37.24098205566406,36.28730773925781,31.614303588867188,31.614303588867188,-4.673004150390625,-0.19073486328125,,,,13.017654418945312,26.464462280273438,13.446807861328125,14.155503687263183,19.986036840080565,,QuantData term-structure
2026-08-17T16:00:00-04:00,2028-06-16,669,660.0,call,0.3790040026934929,31.232833862304688,480.62,fixed_strike,34.14154052734375,37.24098205566406,36.28730773925781,31.614303588867188,31.614303588867188,-4.673004150390625,-0.19073486328125,,,,13.017654418945312,26.464462280273438,13.446807861328125,14.155503687263183,19.986036840080565,,QuantData term-structure
2026-08-17T16:00:00-04:00,2028-06-16,669,670.0,call,0.3589546220622043,31.328201293945312,480.62,fixed_strike,34.14154052734375,37.24098205566406,36.28730773925781,31.614303588867188,31.614303588867188,-4.673004150390625,-0.19073486328125,,,,13.017654418945312,26.464462280273438,13.446807861328125,14.155503687263183,19.986036840080565,,QuantData term-structure
2026-08-17T16:00:00-04:00,2028-06-16,669,680.0,call,0.3492834980846812,31.518936157226562,480.62,fixed_strike,34.14154052734375,37.24098205566406,36.28730773925781,31.614303588867188,31.614303588867188,-4.673004150390625,-0.19073486328125,,,,13.017654418945312,26.464462280273438,13.446807861328125,14.155503687263183,19.986036840080565,,QuantData term-structure
2026-08-17T16:00:00-04:00,2028-06-16,669,690.0,call,0.3389222412689561,31.232833862304688,480.62,fixed_strike,34.14154052734375,37.24098205566406,36.28730773925781,31.614303588867188,31.614303588867188,-4.673004150390625,-0.19073486328125,,,,13.017654418945312,26.464462280273438,13.446807861328125,14.155503687263183,19.986036840080565,,QuantData term-structure
2026-08-17T16:00:00-04:00,2028-06-16,669,700.0,call,0.32823341006261536,31.232833862304688,480.62,fixed_strike,34.14154052734375,37.24098205566406,36.28730773925781,31.614303588867188,31.614303588867188,-4.673004150390625,-0.19073486328125,,,,13.017654418945312,26.464462280273438,13.446807861328125,14.155503687263183,19.986036840080565,,QuantData term-structure
2026-08-17T16:00:00-04:00,2028-06-16,669,720.0,call,0.29819621173192057,31.328201293945312,480.62,fixed_strike,34.14154052734375,37.24098205566406,36.28730773925781,31.614303588867188,31.614303588867188,-4.673004150390625,-0.19073486328125,,,,13.017654418945312,26.464462280273438,13.446807861328125,14.155503687263183,19.986036840080565,,QuantData term-structure
2026-08-17T16:00:00-04:00,2028-06-16,669,740.0,call,0.28467133038754666,31.328201293945312,480.62,fixed_strike,34.14154052734375,37.24098205566406,36.28730773925781,31.614303588867188,31.614303588867188,-4.673004150390625,-0.19073486328125,,,,13.017654418945312,26.464462280273438,13.446807861328125,14.155503687263183,19.986036840080565,,QuantData term-structure
2026-08-17T16:00:00-04:00,2028-06-16,669,760.0,call,0.25899156205171764,31.614303588867188,480.62,fixed_strike,34.14154052734375,37.24098205566406,36.28730773925781,31.614303588867188,31.614303588867188,-4.673004150390625,-0.19073486328125,,,,13.017654418945312,26.464462280273438,13.446807861328125,14.155503687263183,19.986036840080565,,QuantData term-structure
2026-08-17T16:00:00-04:00,2028-12-15,851,185.0,call,1.0,0.0476837158203125,480.62,fixed_strike,34.09385681152344,38.00392150878906,37.05024719238281,31.805038452148438,31.805038452148438,-5.245208740234375,0.3337860107421875,,,,13.017654418945312,26.464462280273438,13.446807861328125,14.155503687263183,19.938353124260253,,QuantData term-structure
2026-08-17T16:00:00-04:00,2028-12-15,851,185.0,put,-0.021012556423265612,41.15104675292969,480.62,fixed_strike,34.09385681152344,38.00392150878906,37.05024719238281,31.805038452148438,31.805038452148438,-5.245208740234375,0.3337860107421875,,,,13.017654418945312,26.464462280273438,13.446807861328125,14.155503687263183,19.938353124260253,,QuantData term-structure
2026-08-17T16:00:00-04:00,2028-12-15,851,195.0,put,-0.02574108155221189,40.76957702636719,480.62,fixed_strike,34.09385681152344,38.00392150878906,37.05024719238281,31.805038452148438,31.805038452148438,-5.245208740234375,0.3337860107421875,,,,13.017654418945312,26.464462280273438,13.446807861328125,14.155503687263183,19.938353124260253,,QuantData term-structure
2026-08-17T16:00:00-04:00,2028-12-15,851,200.0,call,1.0,0.0476837158203125,480.62,fixed_strike,34.09385681152344,38.00392150878906,37.05024719238281,31.805038452148438,31.805038452148438,-5.245208740234375,0.3337860107421875,,,,13.017654418945312,26.464462280273438,13.446807861328125,14.155503687263183,19.938353124260253,,QuantData term-structure
2026-08-17T16:00:00-04:00,2028-12-15,851,205.0,put,-0.030563311173978515,40.48347473144531,480.62,fixed_strike,34.09385681152344,38.00392150878906,37.05024719238281,31.805038452148438,31.805038452148438,-5.245208740234375,0.3337860107421875,,,,13.017654418945312,26.464462280273438,13.446807861328125,14.155503687263183,19.938353124260253,,QuantData term-structure
2026-08-17T16:00:00-04:00,2028-12-15,851,210.0,call,1.0,0.0476837158203125,480.62,fixed_strike,34.09385681152344,38.00392150878906,37.05024719238281,31.805038452148438,31.805038452148438,-5.245208740234375,0.3337860107421875,,,,13.017654418945312,26.464462280273438,13.446807861328125,14.155503687263183,19.938353124260253,,QuantData term-structure
2026-08-17T16:00:00-04:00,2028-12-15,851,220.0,call,1.0,0.0476837158203125,480.62,fixed_strike,34.09385681152344,38.00392150878906,37.05024719238281,31.805038452148438,31.805038452148438,-5.245208740234375,0.3337860107421875,,,,13.017654418945312,26.464462280273438,13.446807861328125,14.155503687263183,19.938353124260253,,QuantData term-structure
2026-08-17T16:00:00-04:00,2028-12-15,851,240.0,call,1.0,0.0476837158203125,480.62,fixed_strike,34.09385681152344,38.00392150878906,37.05024719238281,31.805038452148438,31.805038452148438,-5.245208740234375,0.3337860107421875,,,,13.017654418945312,26.464462280273438,13.446807861328125,14.155503687263183,19.938353124260253,,QuantData term-structure
2026-08-17T16:00:00-04:00,2028-12-15,851,240.0,put,-0.04972410038431446,39.43443298339844,480.62,fixed_strike,34.09385681152344,38.00392150878906,37.05024719238281,31.805038452148438,31.805038452148438,-5.245208740234375,0.3337860107421875,,,,13.017654418945312,26.464462280273438,13.446807861328125,14.155503687263183,19.938353124260253,,QuantData term-structure
2026-08-17T16:00:00-04:00,2028-12-15,851,245.0,put,-0.05304747421382744,39.24369812011719,480.62,fixed_strike,34.09385681152344,38.00392150878906,37.05024719238281,31.805038452148438,31.805038452148438,-5.245208740234375,0.3337860107421875,,,,13.017654418945312,26.464462280273438,13.446807861328125,14.155503687263183,19.938353124260253,,QuantData term-structure
2026-08-17T16:00:00-04:00,2028-12-15,851,250.0,call,1.0,0.0476837158203125,480.62,fixed_strike,34.09385681152344,38.00392150878906,37.05024719238281,31.805038452148438,31.805038452148438,-5.245208740234375,0.3337860107421875,,,,13.017654418945312,26.464462280273438,13.446807861328125,14.155503687263183,19.938353124260253,,QuantData term-structure
2026-08-17T16:00:00-04:00,2028-12-15,851,250.0,put,-0.05599598533753719,38.95759582519531,480.62,fixed_strike,34.09385681152344,38.00392150878906,37.05024719238281,31.805038452148438,31.805038452148438,-5.245208740234375,0.3337860107421875,,,,13.017654418945312,26.464462280273438,13.446807861328125,14.155503687263183,19.938353124260253,,QuantData term-structure
2026-08-17T16:00:00-04:00,2028-12-15,851,255.0,put,-0.05734181587399961,38.76686096191406,480.62,fixed_strike,34.09385681152344,38.00392150878906,37.05024719238281,31.805038452148438,31.805038452148438,-5.245208740234375,0.3337860107421875,,,,13.017654418945312,26.464462280273438,13.446807861328125,14.155503687263183,19.938353124260253,,QuantData term-structure
2026-08-17T16:00:00-04:00,2028-12-15,851,260.0,call,1.0,0.0476837158203125,480.62,fixed_strike,34.09385681152344,38.00392150878906,37.05024719238281,31.805038452148438,31.805038452148438,-5.245208740234375,0.3337860107421875,,,,13.017654418945312,26.464462280273438,13.446807861328125,14.155503687263183,19.938353124260253,,QuantData term-structure
2026-08-17T16:00:00-04:00,2028-12-15,851,265.0,call,0.9959473184419139,18.644332885742188,480.62,fixed_strike,34.09385681152344,38.00392150878906,37.05024719238281,31.805038452148438,31.805038452148438,-5.245208740234375,0.3337860107421875,,,,13.017654418945312,26.464462280273438,13.446807861328125,14.155503687263183,19.938353124260253,,QuantData term-structure
2026-08-17T16:00:00-04:00,2028-12-15,851,265.0,put,-0.06677264195774041,38.67149353027344,480.62,fixed_strike,34.09385681152344,38.00392150878906,37.05024719238281,31.805038452148438,31.805038452148438,-5.245208740234375,0.3337860107421875,,,,13.017654418945312,26.464462280273438,13.446807861328125,14.155503687263183,19.938353124260253,,QuantData term-structure
2026-08-17T16:00:00-04:00,2028-12-15,851,275.0,put,-0.07504488004383109,38.48075866699219,480.62,fixed_strike,34.09385681152344,38.00392150878906,37.05024719238281,31.805038452148438,31.805038452148438,-5.245208740234375,0.3337860107421875,,,,13.017654418945312,26.464462280273438,13.446807861328125,14.155503687263183,19.938353124260253,,QuantData term-structure
2026-08-17T16:00:00-04:00,2028-12-15,851,280.0,put,-0.07972656255874105,38.38539123535156,480.62,fixed_strike,34.09385681152344,38.00392150878906,37.05024719238281,31.805038452148438,31.805038452148438,-5.245208740234375,0.3337860107421875,,,,13.017654418945312,26.464462280273438,13.446807861328125,14.155503687263183,19.938353124260253,,QuantData term-structure
2026-08-17T16:00:00-04:00,2028-12-15,851,285.0,put,-0.08329178304410945,38.38539123535156,480.62,fixed_strike,34.09385681152344,38.00392150878906,37.05024719238281,31.805038452148438,31.805038452148438,-5.245208740234375,0.3337860107421875,,,,13.017654418945312,26.464462280273438,13.446807861328125,14.155503687263183,19.938353124260253,,QuantData term-structure
2026-08-17T16:00:00-04:00,2028-12-15,851,290.0,put,-0.0883130929011115,38.38539123535156,480.62,fixed_strike,34.09385681152344,38.00392150878906,37.05024719238281,31.805038452148438,31.805038452148438,-5.245208740234375,0.3337860107421875,,,,13.017654418945312,26.464462280273438,13.446807861328125,14.155503687263183,19.938353124260253,,QuantData term-structure
2026-08-17T16:00:00-04:00,2028-12-15,851,295.0,put,-0.0918815795945006,38.19465637207031,480.62,fixed_strike,34.09385681152344,38.00392150878906,37.05024719238281,31.805038452148438,31.805038452148438,-5.245208740234375,0.3337860107421875,,,,13.017654418945312,26.464462280273438,13.446807861328125,14.155503687263183,19.938353124260253,,QuantData term-structure
2026-08-17T16:00:00-04:00,2028-12-15,851,300.0,call,0.9459242608600187,27.608871459960938,480.62,fixed_strike,34.09385681152344,38.00392150878906,37.05024719238281,31.805038452148438,31.805038452148438,-5.245208740234375,0.3337860107421875,,,,13.017654418945312,26.464462280273438,13.446807861328125,14.155503687263183,19.938353124260253,,QuantData term-structure
2026-08-17T16:00:00-04:00,2028-12-15,851,300.0,put,-0.09672743531800843,38.09928894042969,480.62,fixed_strike,34.09385681152344,38.00392150878906,37.05024719238281,31.805038452148438,31.805038452148438,-5.245208740234375,0.3337860107421875,,,,13.017654418945312,26.464462280273438,13.446807861328125,14.155503687263183,19.938353124260253,,QuantData term-structure
2026-08-17T16:00:00-04:00,2028-12-15,851,305.0,call,0.9372678518950569,28.371810913085938,480.62,fixed_strike,34.09385681152344,38.00392150878906,37.05024719238281,31.805038452148438,31.805038452148438,-5.245208740234375,0.3337860107421875,,,,13.017654418945312,26.464462280273438,13.446807861328125,14.155503687263183,19.938353124260253,,QuantData term-structure
2026-08-17T16:00:00-04:00,2028-12-15,851,305.0,put,-0.10211381137545189,38.00392150878906,480.62,fixed_strike,34.09385681152344,38.00392150878906,37.05024719238281,31.805038452148438,31.805038452148438,-5.245208740234375,0.3337860107421875,,,,13.017654418945312,26.464462280273438,13.446807861328125,14.155503687263183,19.938353124260253,,QuantData term-structure
2026-08-17T16:00:00-04:00,2028-12-15,851,310.0,put,-0.10750799343873124,38.00392150878906,480.62,fixed_strike,34.09385681152344,38.00392150878906,37.05024719238281,31.805038452148438,31.805038452148438,-5.245208740234375,0.3337860107421875,,,,13.017654418945312,26.464462280273438,13.446807861328125,14.155503687263183,19.938353124260253,,QuantData term-structure
2026-08-17T16:00:00-04:00,2028-12-15,851,320.0,put,-0.11686029132652603,37.90855407714844,480.62,fixed_strike,34.09385681152344,38.00392150878906,37.05024719238281,31.805038452148438,31.805038452148438,-5.245208740234375,0.3337860107421875,,,,13.017654418945312,26.464462280273438,13.446807861328125,14.155503687263183,19.938353124260253,,QuantData term-structure
2026-08-17T16:00:00-04:00,2028-12-15,851,340.0,call,0.9082693940364615,28.657913208007812,480.62,fixed_strike,34.09385681152344,38.00392150878906,37.05024719238281,31.805038452148438,31.805038452148438,-5.245208740234375,0.3337860107421875,,,,13.017654418945312,26.464462280273438,13.446807861328125,14.155503687263183,19.938353124260253,,QuantData term-structure
2026-08-17T16:00:00-04:00,2028-12-15,851,340.0,put,-0.1311776345659984,37.52708435058594,480.62,fixed_strike,34.09385681152344,38.00392150878906,37.05024719238281,31.805038452148438,31.805038452148438,-5.245208740234375,0.3337860107421875,,,,13.017654418945312,26.464462280273438,13.446807861328125,14.155503687263183,19.938353124260253,,QuantData term-structure
2026-08-17T16:00:00-04:00,2028-12-15,851,345.0,call,0.8866639898245556,29.897689819335938,480.62,fixed_strike,34.09385681152344,38.00392150878906,37.05024719238281,31.805038452148438,31.805038452148438,-5.245208740234375,0.3337860107421875,,,,13.017654418945312,26.464462280273438,13.446807861328125,14.155503687263183,19.938353124260253,,QuantData term-structure
2026-08-17T16:00:00-04:00,2028-12-15,851,345.0,put,-0.13912182774153814,37.52708435058594,480.62,fixed_strike,34.09385681152344,38.00392150878906,37.05024719238281,31.805038452148438,31.805038452148438,-5.245208740234375,0.3337860107421875,,,,13.017654418945312,26.464462280273438,13.446807861328125,14.155503687263183,19.938353124260253,,QuantData term-structure
2026-08-17T16:00:00-04:00,2028-12-15,851,350.0,call,0.8769345310165353,30.660629272460938,480.62,fixed_strike,34.09385681152344,38.00392150878906,37.05024719238281,31.805038452148438,31.805038452148438,-5.245208740234375,0.3337860107421875,,,,13.017654418945312,26.464462280273438,13.446807861328125,14.155503687263183,19.938353124260253,,QuantData term-structure
2026-08-17T16:00:00-04:00,2028-12-15,851,350.0,put,-0.14883795228029656,37.52708435058594,480.62,fixed_strike,34.09385681152344,38.00392150878906,37.05024719238281,31.805038452148438,31.805038452148438,-5.245208740234375,0.3337860107421875,,,,13.017654418945312,26.464462280273438,13.446807861328125,14.155503687263183,19.938353124260253,,QuantData term-structure
2026-08-17T16:00:00-04:00,2028-12-15,851,360.0,call,0.8680616840778396,29.706954956054688,480.62,fixed_strike,34.09385681152344,38.00392150878906,37.05024719238281,31.805038452148438,31.805038452148438,-5.245208740234375,0.3337860107421875,,,,13.017654418945312,26.464462280273438,13.446807861328125,14.155503687263183,19.938353124260253,,QuantData term-structure
2026-08-17T16:00:00-04:00,2028-12-15,851,370.0,call,0.8518887583922632,30.374526977539062,480.62,fixed_strike,34.09385681152344,38.00392150878906,37.05024719238281,31.805038452148438,31.805038452148438,-5.245208740234375,0.3337860107421875,,,,13.017654418945312,26.464462280273438,13.446807861328125,14.155503687263183,19.938353124260253,,QuantData term-structure
2026-08-17T16:00:00-04:00,2028-12-15,851,370.0,put,-0.17253714307830237,37.43171691894531,480.62,fixed_strike,34.09385681152344,38.00392150878906,37.05024719238281,31.805038452148438,31.805038452148438,-5.245208740234375,0.3337860107421875,,,,13.017654418945312,26.464462280273438,13.446807861328125,14.155503687263183,19.938353124260253,,QuantData term-structure
2026-08-17T16:00:00-04:00,2028-12-15,851,375.0,call,0.8445187701338858,30.469894409179688,480.62,fixed_strike,34.09385681152344,38.00392150878906,37.05024719238281,31.805038452148438,31.805038452148438,-5.245208740234375,0.3337860107421875,,,,13.017654418945312,26.464462280273438,13.446807861328125,14.155503687263183,19.938353124260253,,QuantData term-structure
2026-08-17T16:00:00-04:00,2028-12-15,851,380.0,call,0.8384799310693003,30.565261840820312,480.62,fixed_strike,34.09385681152344,38.00392150878906,37.05024719238281,31.805038452148438,31.805038452148438,-5.245208740234375,0.3337860107421875,,,,13.017654418945312,26.464462280273438,13.446807861328125,14.155503687263183,19.938353124260253,,QuantData term-structure
2026-08-17T16:00:00-04:00,2028-12-15,851,380.0,put,-0.18353126182079676,37.52708435058594,480.62,fixed_strike,34.09385681152344,38.00392150878906,37.05024719238281,31.805038452148438,31.805038452148438,-5.245208740234375,0.3337860107421875,,,,13.017654418945312,26.464462280273438,13.446807861328125,14.155503687263183,19.938353124260253,,QuantData term-structure
2026-08-17T16:00:00-04:00,2028-12-15,851,390.0,call,0.8243648876721453,30.660629272460938,480.62,fixed_strike,34.09385681152344,38.00392150878906,37.05024719238281,31.805038452148438,31.805038452148438,-5.245208740234375,0.3337860107421875,,,,13.017654418945312,26.464462280273438,13.446807861328125,14.155503687263183,19.938353124260253,,QuantData term-structure
2026-08-17T16:00:00-04:00,2028-12-15,851,395.0,call,0.815247144537915,30.851364135742188,480.62,fixed_strike,34.09385681152344,38.00392150878906,37.05024719238281,31.805038452148438,31.805038452148438,-5.245208740234375,0.3337860107421875,,,,13.017654418945312,26.464462280273438,13.446807861328125,14.155503687263183,19.938353124260253,,QuantData term-structure
2026-08-17T16:00:00-04:00,2028-12-15,851,395.0,put,-0.20270407529621493,37.24098205566406,480.62,fixed_strike,34.09385681152344,38.00392150878906,37.05024719238281,31.805038452148438,31.805038452148438,-5.245208740234375,0.3337860107421875,,,,13.017654418945312,26.464462280273438,13.446807861328125,14.155503687263183,19.938353124260253,,QuantData term-structure
2026-08-17T16:00:00-04:00,2028-12-15,851,400.0,call,0.8092109934830873,30.755996704101562,480.62,fixed_strike,34.09385681152344,38.00392150878906,37.05024719238281,31.805038452148438,31.805038452148438,-5.245208740234375,0.3337860107421875,,,,13.017654418945312,26.464462280273438,13.446807861328125,14.155503687263183,19.938353124260253,,QuantData term-structure
2026-08-17T16:00:00-04:00,2028-12-15,851,400.0,put,-0.20981682347363173,37.33634948730469,480.62,fixed_strike,34.09385681152344,38.00392150878906,37.05024719238281,31.805038452148438,31.805038452148438,-5.245208740234375,0.3337860107421875,,,,13.017654418945312,26.464462280273438,13.446807861328125,14.155503687263183,19.938353124260253,,QuantData term-structure
2026-08-17T16:00:00-04:00,2028-12-15,851,405.0,call,0.8051336462325503,30.565261840820312,480.62,fixed_strike,34.09385681152344,38.00392150878906,37.05024719238281,31.805038452148438,31.805038452148438,-5.245208740234375,0.3337860107421875,,,,13.017654418945312,26.464462280273438,13.446807861328125,14.155503687263183,19.938353124260253,,QuantData term-structure
2026-08-17T16:00:00-04:00,2028-12-15,851,410.0,call,0.7928494969516162,30.851364135742188,480.62,fixed_strike,34.09385681152344,38.00392150878906,37.05024719238281,31.805038452148438,31.805038452148438,-5.245208740234375,0.3337860107421875,,,,13.017654418945312,26.464462280273438,13.446807861328125,14.155503687263183,19.938353124260253,,QuantData term-structure
2026-08-17T16:00:00-04:00,2028-12-15,851,415.0,put,-0.21597435855678437,37.14561462402344,480.62,fixed_strike,34.09385681152344,38.00392150878906,37.05024719238281,31.805038452148438,31.805038452148438,-5.245208740234375,0.3337860107421875,,,,13.017654418945312,26.464462280273438,13.446807861328125,14.155503687263183,19.938353124260253,,QuantData term-structure
2026-08-17T16:00:00-04:00,2028-12-15,851,420.0,call,0.7783160412109493,31.042098999023438,480.62,fixed_strike,34.09385681152344,38.00392150878906,37.05024719238281,31.805038452148438,31.805038452148438,-5.245208740234375,0.3337860107421875,,,,13.017654418945312,26.464462280273438,13.446807861328125,14.155503687263183,19.938353124260253,,QuantData term-structure
2026-08-17T16:00:00-04:00,2028-12-15,851,425.0,call,0.7712758232560033,30.755996704101562,480.62,fixed_strike,34.09385681152344,38.00392150878906,37.05024719238281,31.805038452148438,31.805038452148438,-5.245208740234375,0.3337860107421875,,,,13.017654418945312,26.464462280273438,13.446807861328125,14.155503687263183,19.938353124260253,,QuantData term-structure
2026-08-17T16:00:00-04:00,2028-12-15,851,425.0,put,-0.24177922636991395,37.24098205566406,480.62,fixed_strike,34.09385681152344,38.00392150878906,37.05024719238281,31.805038452148438,31.805038452148438,-5.245208740234375,0.3337860107421875,,,,13.017654418945312,26.464462280273438,13.446807861328125,14.155503687263183,19.938353124260253,,QuantData term-structure
2026-08-17T16:00:00-04:00,2028-12-15,851,430.0,call,0.7641333213716308,31.042098999023438,480.62,fixed_strike,34.09385681152344,38.00392150878906,37.05024719238281,31.805038452148438,31.805038452148438,-5.245208740234375,0.3337860107421875,,,,13.017654418945312,26.464462280273438,13.446807861328125,14.155503687263183,19.938353124260253,,QuantData term-structure
2026-08-17T16:00:00-04:00,2028-12-15,851,435.0,call,0.7597871488881421,31.137466430664062,480.62,fixed_strike,34.09385681152344,38.00392150878906,37.05024719238281,31.805038452148438,31.805038452148438,-5.245208740234375,0.3337860107421875,,,,13.017654418945312,26.464462280273438,13.446807861328125,14.155503687263183,19.938353124260253,,QuantData term-structure
2026-08-17T16:00:00-04:00,2028-12-15,851,435.0,put,-0.24992456954054854,37.05024719238281,480.62,fixed_strike,34.09385681152344,38.00392150878906,37.05024719238281,31.805038452148438,31.805038452148438,-5.245208740234375,0.3337860107421875,,,,13.017654418945312,26.464462280273438,13.446807861328125,14.155503687263183,19.938353124260253,,QuantData term-structure
2026-08-17T16:00:00-04:00,2028-12-15,851,440.0,call,0.7475432475119737,31.137466430664062,480.62,fixed_strike,34.09385681152344,38.00392150878906,37.05024719238281,31.805038452148438,31.805038452148438,-5.245208740234375,0.3337860107421875,,,,13.017654418945312,26.464462280273438,13.446807861328125,14.155503687263183,19.938353124260253,,QuantData term-structure
2026-08-17T16:00:00-04:00,2028-12-15,851,440.0,put,-0.2606059129509018,37.14561462402344,480.62,fixed_strike,34.09385681152344,38.00392150878906,37.05024719238281,31.805038452148438,31.805038452148438,-5.245208740234375,0.3337860107421875,,,,13.017654418945312,26.464462280273438,13.446807861328125,14.155503687263183,19.938353124260253,,QuantData term-structure
2026-08-17T16:00:00-04:00,2028-12-15,851,445.0,call,0.7414953871015761,30.374526977539062,480.62,fixed_strike,34.09385681152344,38.00392150878906,37.05024719238281,31.805038452148438,31.805038452148438,-5.245208740234375,0.3337860107421875,,,,13.017654418945312,26.464462280273438,13.446807861328125,14.155503687263183,19.938353124260253,,QuantData term-structure
2026-08-17T16:00:00-04:00,2028-12-15,851,445.0,put,-0.2682753719092336,37.33634948730469,480.62,fixed_strike,34.09385681152344,38.00392150878906,37.05024719238281,31.805038452148438,31.805038452148438,-5.245208740234375,0.3337860107421875,,,,13.017654418945312,26.464462280273438,13.446807861328125,14.155503687263183,19.938353124260253,,QuantData term-structure
2026-08-17T16:00:00-04:00,2028-12-15,851,450.0,call,0.7339897249457457,30.183792114257812,480.62,fixed_strike,34.09385681152344,38.00392150878906,37.05024719238281,31.805038452148438,31.805038452148438,-5.245208740234375,0.3337860107421875,,,,13.017654418945312,26.464462280273438,13.446807861328125,14.155503687263183,19.938353124260253,,QuantData term-structure
2026-08-17T16:00:00-04:00,2028-12-15,851,450.0,put,-0.26912405589683364,37.43171691894531,480.62,fixed_strike,34.09385681152344,38.00392150878906,37.05024719238281,31.805038452148438,31.805038452148438,-5.245208740234375,0.3337860107421875,,,,13.017654418945312,26.464462280273438,13.446807861328125,14.155503687263183,19.938353124260253,,QuantData term-structure
2026-08-17T16:00:00-04:00,2028-12-15,851,455.0,call,0.7236183665597189,31.232833862304688,480.62,fixed_strike,34.09385681152344,38.00392150878906,37.05024719238281,31.805038452148438,31.805038452148438,-5.245208740234375,0.3337860107421875,,,,13.017654418945312,26.464462280273438,13.446807861328125,14.155503687263183,19.938353124260253,,QuantData term-structure
2026-08-17T16:00:00-04:00,2028-12-15,851,460.0,call,0.7169461762301659,30.755996704101562,480.62,fixed_strike,34.09385681152344,38.00392150878906,37.05024719238281,31.805038452148438,31.805038452148438,-5.245208740234375,0.3337860107421875,,,,13.017654418945312,26.464462280273438,13.446807861328125,14.155503687263183,19.938353124260253,,QuantData term-structure
2026-08-17T16:00:00-04:00,2028-12-15,851,460.0,put,-0.2862236383042931,37.52708435058594,480.62,fixed_strike,34.09385681152344,38.00392150878906,37.05024719238281,31.805038452148438,31.805038452148438,-5.245208740234375,0.3337860107421875,,,,13.017654418945312,26.464462280273438,13.446807861328125,14.155503687263183,19.938353124260253,,QuantData term-structure
2026-08-17T16:00:00-04:00,2028-12-15,851,465.0,call,0.7096529707206004,31.328201293945312,480.62,fixed_strike,34.09385681152344,38.00392150878906,37.05024719238281,31.805038452148438,31.805038452148438,-5.245208740234375,0.3337860107421875,,,,13.017654418945312,26.464462280273438,13.446807861328125,14.155503687263183,19.938353124260253,,QuantData term-structure
2026-08-17T16:00:00-04:00,2028-12-15,851,470.0,call,0.7019605665275321,31.328201293945312,480.62,fixed_strike,34.09385681152344,38.00392150878906,37.05024719238281,31.805038452148438,31.805038452148438,-5.245208740234375,0.3337860107421875,,,,13.017654418945312,26.464462280273438,13.446807861328125,14.155503687263183,19.938353124260253,,QuantData term-structure
2026-08-17T16:00:00-04:00,2028-12-15,851,470.0,put,-0.29187803296309994,37.05024719238281,480.62,fixed_strike,34.09385681152344,38.00392150878906,37.05024719238281,31.805038452148438,31.805038452148438,-5.245208740234375,0.3337860107421875,,,,13.017654418945312,26.464462280273438,13.446807861328125,14.155503687263183,19.938353124260253,,QuantData term-structure
2026-08-17T16:00:00-04:00,2028-12-15,851,475.0,put,-0.30657170665491296,37.43171691894531,480.62,fixed_strike,34.09385681152344,38.00392150878906,37.05024719238281,31.805038452148438,31.805038452148438,-5.245208740234375,0.3337860107421875,,,,13.017654418945312,26.464462280273438,13.446807861328125,14.155503687263183,19.938353124260253,,QuantData term-structure
2026-08-17T16:00:00-04:00,2028-12-15,851,480.0,call,0.6849095636296347,31.137466430664062,480.62,fixed_strike,34.09385681152344,38.00392150878906,37.05024719238281,31.805038452148438,31.805038452148438,-5.245208740234375,0.3337860107421875,,,,13.017654418945312,26.464462280273438,13.446807861328125,14.155503687263183,19.938353124260253,,QuantData term-structure
2026-08-17T16:00:00-04:00,2028-12-15,851,480.0,put,-0.30632543557185804,37.05024719238281,480.62,fixed_strike,34.09385681152344,38.00392150878906,37.05024719238281,31.805038452148438,31.805038452148438,-5.245208740234375,0.3337860107421875,,,,13.017654418945312,26.464462280273438,13.446807861328125,14.155503687263183,19.938353124260253,,QuantData term-structure
2026-08-17T16:00:00-04:00,2028-12-15,851,485.0,call,0.679864595067728,31.232833862304688,480.62,fixed_strike,34.09385681152344,38.00392150878906,37.05024719238281,31.805038452148438,31.805038452148438,-5.245208740234375,0.3337860107421875,,,,13.017654418945312,26.464462280273438,13.446807861328125,14.155503687263183,19.938353124260253,,QuantData term-structure
2026-08-17T16:00:00-04:00,2028-12-15,851,485.0,put,-0.3169736030315775,37.71781921386719,480.62,fixed_strike,34.09385681152344,38.00392150878906,37.05024719238281,31.805038452148438,31.805038452148438,-5.245208740234375,0.3337860107421875,,,,13.017654418945312,26.464462280273438,13.446807861328125,14.155503687263183,19.938353124260253,,QuantData term-structure
2026-08-17T16:00:00-04:00,2028-12-15,851,490.0,call,0.6706059113846872,31.328201293945312,480.62,fixed_strike,34.09385681152344,38.00392150878906,37.05024719238281,31.805038452148438,31.805038452148438,-5.245208740234375,0.3337860107421875,,,,13.017654418945312,26.464462280273438,13.446807861328125,14.155503687263183,19.938353124260253,,QuantData term-structure
2026-08-17T16:00:00-04:00,2028-12-15,851,490.0,put,-0.31882786870678237,37.52708435058594,480.62,fixed_strike,34.09385681152344,38.00392150878906,37.05024719238281,31.805038452148438,31.805038452148438,-5.245208740234375,0.3337860107421875,,,,13.017654418945312,26.464462280273438,13.446807861328125,14.155503687263183,19.938353124260253,,QuantData term-structure
2026-08-17T16:00:00-04:00,2028-12-15,851,495.0,call,0.6615806040104864,31.232833862304688,480.62,fixed_strike,34.09385681152344,38.00392150878906,37.05024719238281,31.805038452148438,31.805038452148438,-5.245208740234375,0.3337860107421875,,,,13.017654418945312,26.464462280273438,13.446807861328125,14.155503687263183,19.938353124260253,,QuantData term-structure
2026-08-17T16:00:00-04:00,2028-12-15,851,495.0,put,-0.32517430784326834,37.43171691894531,480.62,fixed_strike,34.09385681152344,38.00392150878906,37.05024719238281,31.805038452148438,31.805038452148438,-5.245208740234375,0.3337860107421875,,,,13.017654418945312,26.464462280273438,13.446807861328125,14.155503687263183,19.938353124260253,,QuantData term-structure
2026-08-17T16:00:00-04:00,2028-12-15,851,500.0,call,0.6548705603777719,31.137466430664062,480.62,fixed_strike,34.09385681152344,38.00392150878906,37.05024719238281,31.805038452148438,31.805038452148438,-5.245208740234375,0.3337860107421875,,,,13.017654418945312,26.464462280273438,13.446807861328125,14.155503687263183,19.938353124260253,,QuantData term-structure
2026-08-17T16:00:00-04:00,2028-12-15,851,500.0,put,-0.3366229262121051,37.81318664550781,480.62,fixed_strike,34.09385681152344,38.00392150878906,37.05024719238281,31.805038452148438,31.805038452148438,-5.245208740234375,0.3337860107421875,,,,13.017654418945312,26.464462280273438,13.446807861328125,14.155503687263183,19.938353124260253,,QuantData term-structure
2026-08-17T16:00:00-04:00,2028-12-15,851,505.0,call,0.6474430401732101,31.042098999023438,480.62,fixed_strike,34.09385681152344,38.00392150878906,37.05024719238281,31.805038452148438,31.805038452148438,-5.245208740234375,0.3337860107421875,,,,13.017654418945312,26.464462280273438,13.446807861328125,14.155503687263183,19.938353124260253,,QuantData term-structure
2026-08-17T16:00:00-04:00,2028-12-15,851,510.0,call,0.6376302188773592,31.137466430664062,480.62,fixed_strike,34.09385681152344,38.00392150878906,37.05024719238281,31.805038452148438,31.805038452148438,-5.245208740234375,0.3337860107421875,,,,13.017654418945312,26.464462280273438,13.446807861328125,14.155503687263183,19.938353124260253,,QuantData term-structure
2026-08-17T16:00:00-04:00,2028-12-15,851,520.0,call,0.624184370751204,31.137466430664062,480.62,fixed_strike,34.09385681152344,38.00392150878906,37.05024719238281,31.805038452148438,31.805038452148438,-5.245208740234375,0.3337860107421875,,,,13.017654418945312,26.464462280273438,13.446807861328125,14.155503687263183,19.938353124260253,,QuantData term-structure
2026-08-17T16:00:00-04:00,2028-12-15,851,530.0,call,0.6085506410542427,30.946731567382812,480.62,fixed_strike,34.09385681152344,38.00392150878906,37.05024719238281,31.805038452148438,31.805038452148438,-5.245208740234375,0.3337860107421875,,,,13.017654418945312,26.464462280273438,13.446807861328125,14.155503687263183,19.938353124260253,,QuantData term-structure
2026-08-17T16:00:00-04:00,2028-12-15,851,530.0,put,-0.3673281220381691,38.00392150878906,480.62,fixed_strike,34.09385681152344,38.00392150878906,37.05024719238281,31.805038452148438,31.805038452148438,-5.245208740234375,0.3337860107421875,,,,13.017654418945312,26.464462280273438,13.446807861328125,14.155503687263183,19.938353124260253,,QuantData term-structure
2026-08-17T16:00:00-04:00,2028-12-15,851,535.0,call,0.6080666053354062,31.042098999023438,480.62,fixed_strike,34.09385681152344,38.00392150878906,37.05024719238281,31.805038452148438,31.805038452148438,-5.245208740234375,0.3337860107421875,,,,13.017654418945312,26.464462280273438,13.446807861328125,14.155503687263183,19.938353124260253,,QuantData term-structure
2026-08-17T16:00:00-04:00,2028-12-15,851,540.0,call,0.5941595269259985,31.518936157226562,480.62,fixed_strike,34.09385681152344,38.00392150878906,37.05024719238281,31.805038452148438,31.805038452148438,-5.245208740234375,0.3337860107421875,,,,13.017654418945312,26.464462280273438,13.446807861328125,14.155503687263183,19.938353124260253,,QuantData term-structure
2026-08-17T16:00:00-04:00,2028-12-15,851,545.0,call,0.585285032844472,31.232833862304688,480.62,fixed_strike,34.09385681152344,38.00392150878906,37.05024719238281,31.805038452148438,31.805038452148438,-5.245208740234375,0.3337860107421875,,,,13.017654418945312,26.464462280273438,13.446807861328125,14.155503687263183,19.938353124260253,,QuantData term-structure
2026-08-17T16:00:00-04:00,2028-12-15,851,550.0,call,0.577689809903009,31.137466430664062,480.62,fixed_strike,34.09385681152344,38.00392150878906,37.05024719238281,31.805038452148438,31.805038452148438,-5.245208740234375,0.3337860107421875,,,,13.017654418945312,26.464462280273438,13.446807861328125,14.155503687263183,19.938353124260253,,QuantData term-structure
2026-08-17T16:00:00-04:00,2028-12-15,851,550.0,put,-0.398112577137373,38.67149353027344,480.62,fixed_strike,34.09385681152344,38.00392150878906,37.05024719238281,31.805038452148438,31.805038452148438,-5.245208740234375,0.3337860107421875,,,,13.017654418945312,26.464462280273438,13.446807861328125,14.155503687263183,19.938353124260253,,QuantData term-structure
2026-08-17T16:00:00-04:00,2028-12-15,851,555.0,call,0.5741953261353467,31.042098999023438,480.62,fixed_strike,34.09385681152344,38.00392150878906,37.05024719238281,31.805038452148438,31.805038452148438,-5.245208740234375,0.3337860107421875,,,,13.017654418945312,26.464462280273438,13.446807861328125,14.155503687263183,19.938353124260253,,QuantData term-structure
2026-08-17T16:00:00-04:00,2028-12-15,851,560.0,put,-0.40925105340923146,38.86222839355469,480.62,fixed_strike,34.09385681152344,38.00392150878906,37.05024719238281,31.805038452148438,31.805038452148438,-5.245208740234375,0.3337860107421875,,,,13.017654418945312,26.464462280273438,13.446807861328125,14.155503687263183,19.938353124260253,,QuantData term-structure
2026-08-17T16:00:00-04:00,2028-12-15,851,565.0,call,0.5556106329516304,31.232833862304688,480.62,fixed_strike,34.09385681152344,38.00392150878906,37.05024719238281,31.805038452148438,31.805038452148438,-5.245208740234375,0.3337860107421875,,,,13.017654418945312,26.464462280273438,13.446807861328125,14.155503687263183,19.938353124260253,,QuantData term-structure
2026-08-17T16:00:00-04:00,2028-12-15,851,570.0,call,0.549110017311967,31.423568725585938,480.62,fixed_strike,34.09385681152344,38.00392150878906,37.05024719238281,31.805038452148438,31.805038452148438,-5.245208740234375,0.3337860107421875,,,,13.017654418945312,26.464462280273438,13.446807861328125,14.155503687263183,19.938353124260253,,QuantData term-structure
2026-08-17T16:00:00-04:00,2028-12-15,851,575.0,call,0.5460098507120134,31.042098999023438,480.62,fixed_strike,34.09385681152344,38.00392150878906,37.05024719238281,31.805038452148438,31.805038452148438,-5.245208740234375,0.3337860107421875,,,,13.017654418945312,26.464462280273438,13.446807861328125,14.155503687263183,19.938353124260253,,QuantData term-structure
2026-08-17T16:00:00-04:00,2028-12-15,851,580.0,call,0.532242716457288,31.042098999023438,480.62,fixed_strike,34.09385681152344,38.00392150878906,37.05024719238281,31.805038452148438,31.805038452148438,-5.245208740234375,0.3337860107421875,,,,13.017654418945312,26.464462280273438,13.446807861328125,14.155503687263183,19.938353124260253,,QuantData term-structure
2026-08-17T16:00:00-04:00,2028-12-15,851,590.0,call,0.5181762872327172,31.137466430664062,480.62,fixed_strike,34.09385681152344,38.00392150878906,37.05024719238281,31.805038452148438,31.805038452148438,-5.245208740234375,0.3337860107421875,,,,13.017654418945312,26.464462280273438,13.446807861328125,14.155503687263183,19.938353124260253,,QuantData term-structure
2026-08-17T16:00:00-04:00,2028-12-15,851,595.0,call,0.5130012801850464,31.328201293945312,480.62,fixed_strike,34.09385681152344,38.00392150878906,37.05024719238281,31.805038452148438,31.805038452148438,-5.245208740234375,0.3337860107421875,,,,13.017654418945312,26.464462280273438,13.446807861328125,14.155503687263183,19.938353124260253,,QuantData term-structure
2026-08-17T16:00:00-04:00,2028-12-15,851,600.0,call,0.5055957955566339,31.232833862304688,480.62,fixed_strike,34.09385681152344,38.00392150878906,37.05024719238281,31.805038452148438,31.805038452148438,-5.245208740234375,0.3337860107421875,,,,13.017654418945312,26.464462280273438,13.446807861328125,14.155503687263183,19.938353124260253,,QuantData term-structure
2026-08-17T16:00:00-04:00,2028-12-15,851,600.0,put,-0.44240537128912283,39.91127014160156,480.62,fixed_strike,34.09385681152344,38.00392150878906,37.05024719238281,31.805038452148438,31.805038452148438,-5.245208740234375,0.3337860107421875,,,,13.017654418945312,26.464462280273438,13.446807861328125,14.155503687263183,19.938353124260253,,QuantData term-structure
2026-08-17T16:00:00-04:00,2028-12-15,851,605.0,call,0.4982096307890072,31.137466430664062,480.62,fixed_strike,34.09385681152344,38.00392150878906,37.05024719238281,31.805038452148438,31.805038452148438,-5.245208740234375,0.3337860107421875,,,,13.017654418945312,26.464462280273438,13.446807861328125,14.155503687263183,19.938353124260253,,QuantData term-structure
2026-08-17T16:00:00-04:00,2028-12-15,851,610.0,call,0.4915366419210247,31.232833862304688,480.62,fixed_strike,34.09385681152344,38.00392150878906,37.05024719238281,31.805038452148438,31.805038452148438,-5.245208740234375,0.3337860107421875,,,,13.017654418945312,26.464462280273438,13.446807861328125,14.155503687263183,19.938353124260253,,QuantData term-structure
2026-08-17T16:00:00-04:00,2028-12-15,851,620.0,call,0.47770720977734027,31.232833862304688,480.62,fixed_strike,34.09385681152344,38.00392150878906,37.05024719238281,31.805038452148438,31.805038452148438,-5.245208740234375,0.3337860107421875,,,,13.017654418945312,26.464462280273438,13.446807861328125,14.155503687263183,19.938353124260253,,QuantData term-structure
2026-08-17T16:00:00-04:00,2028-12-15,851,630.0,call,0.46545161435889354,31.423568725585938,480.62,fixed_strike,34.09385681152344,38.00392150878906,37.05024719238281,31.805038452148438,31.805038452148438,-5.245208740234375,0.3337860107421875,,,,13.017654418945312,26.464462280273438,13.446807861328125,14.155503687263183,19.938353124260253,,QuantData term-structure
2026-08-17T16:00:00-04:00,2028-12-15,851,635.0,call,0.4571602105125765,31.232833862304688,480.62,fixed_strike,34.09385681152344,38.00392150878906,37.05024719238281,31.805038452148438,31.805038452148438,-5.245208740234375,0.3337860107421875,,,,13.017654418945312,26.464462280273438,13.446807861328125,14.155503687263183,19.938353124260253,,QuantData term-structure
2026-08-17T16:00:00-04:00,2028-12-15,851,640.0,call,0.45122022731455325,31.232833862304688,480.62,fixed_strike,34.09385681152344,38.00392150878906,37.05024719238281,31.805038452148438,31.805038452148438,-5.245208740234375,0.3337860107421875,,,,13.017654418945312,26.464462280273438,13.446807861328125,14.155503687263183,19.938353124260253,,QuantData term-structure
2026-08-17T16:00:00-04:00,2028-12-15,851,645.0,call,0.45325914690345565,31.232833862304688,480.62,fixed_strike,34.09385681152344,38.00392150878906,37.05024719238281,31.805038452148438,31.805038452148438,-5.245208740234375,0.3337860107421875,,,,13.017654418945312,26.464462280273438,13.446807861328125,14.155503687263183,19.938353124260253,,QuantData term-structure
2026-08-17T16:00:00-04:00,2028-12-15,851,650.0,call,0.43885264018305203,31.232833862304688,480.62,fixed_strike,34.09385681152344,38.00392150878906,37.05024719238281,31.805038452148438,31.805038452148438,-5.245208740234375,0.3337860107421875,,,,13.017654418945312,26.464462280273438,13.446807861328125,14.155503687263183,19.938353124260253,,QuantData term-structure
2026-08-17T16:00:00-04:00,2028-12-15,851,650.0,put,-0.4876248081618988,41.53251647949219,480.62,fixed_strike,34.09385681152344,38.00392150878906,37.05024719238281,31.805038452148438,31.805038452148438,-5.245208740234375,0.3337860107421875,,,,13.017654418945312,26.464462280273438,13.446807861328125,14.155503687263183,19.938353124260253,,QuantData term-structure
2026-08-17T16:00:00-04:00,2028-12-15,851,655.0,call,0.43633952182356667,31.518936157226562,480.62,fixed_strike,34.09385681152344,38.00392150878906,37.05024719238281,31.805038452148438,31.805038452148438,-5.245208740234375,0.3337860107421875,,,,13.017654418945312,26.464462280273438,13.446807861328125,14.155503687263183,19.938353124260253,,QuantData term-structure
2026-08-17T16:00:00-04:00,2028-12-15,851,660.0,call,0.42782832077402516,31.328201293945312,480.62,fixed_strike,34.09385681152344,38.00392150878906,37.05024719238281,31.805038452148438,31.805038452148438,-5.245208740234375,0.3337860107421875,,,,13.017654418945312,26.464462280273438,13.446807861328125,14.155503687263183,19.938353124260253,,QuantData term-structure
2026-08-17T16:00:00-04:00,2028-12-15,851,670.0,call,0.4194459197174546,31.232833862304688,480.62,fixed_strike,34.09385681152344,38.00392150878906,37.05024719238281,31.805038452148438,31.805038452148438,-5.245208740234375,0.3337860107421875,,,,13.017654418945312,26.464462280273438,13.446807861328125,14.155503687263183,19.938353124260253,,QuantData term-structure
2026-08-17T16:00:00-04:00,2028-12-15,851,675.0,call,0.4119034011520657,31.614303588867188,480.62,fixed_strike,34.09385681152344,38.00392150878906,37.05024719238281,31.805038452148438,31.805038452148438,-5.245208740234375,0.3337860107421875,,,,13.017654418945312,26.464462280273438,13.446807861328125,14.155503687263183,19.938353124260253,,QuantData term-structure
2026-08-17T16:00:00-04:00,2028-12-15,851,680.0,call,0.40630365233961163,31.518936157226562,480.62,fixed_strike,34.09385681152344,38.00392150878906,37.05024719238281,31.805038452148438,31.805038452148438,-5.245208740234375,0.3337860107421875,,,,13.017654418945312,26.464462280273438,13.446807861328125,14.155503687263183,19.938353124260253,,QuantData term-structure
2026-08-17T16:00:00-04:00,2028-12-15,851,700.0,call,0.38104121447060724,31.423568725585938,480.62,fixed_strike,34.09385681152344,38.00392150878906,37.05024719238281,31.805038452148438,31.805038452148438,-5.245208740234375,0.3337860107421875,,,,13.017654418945312,26.464462280273438,13.446807861328125,14.155503687263183,19.938353124260253,,QuantData term-structure
2026-08-17T16:00:00-04:00,2028-12-15,851,705.0,call,0.37539298163205553,31.423568725585938,480.62,fixed_strike,34.09385681152344,38.00392150878906,37.05024719238281,31.805038452148438,31.805038452148438,-5.245208740234375,0.3337860107421875,,,,13.017654418945312,26.464462280273438,13.446807861328125,14.155503687263183,19.938353124260253,,QuantData term-structure
2026-08-17T16:00:00-04:00,2028-12-15,851,730.0,call,0.34942839902918393,31.614303588867188,480.62,fixed_strike,34.09385681152344,38.00392150878906,37.05024719238281,31.805038452148438,31.805038452148438,-5.245208740234375,0.3337860107421875,,,,13.017654418945312,26.464462280273438,13.446807861328125,14.155503687263183,19.938353124260253,,QuantData term-structure
2026-08-17T16:00:00-04:00,2028-12-15,851,760.0,call,0.3216061247606804,31.805038452148438,480.62,fixed_strike,34.09385681152344,38.00392150878906,37.05024719238281,31.805038452148438,31.805038452148438,-5.245208740234375,0.3337860107421875,,,,13.017654418945312,26.464462280273438,13.446807861328125,14.155503687263183,19.938353124260253,,QuantData term-structure
