timestamp,expiration,dte,strike,call_put,delta,iv,underlying_price,coordinate_type,atm_iv,10_delta_put_iv,25_delta_put_iv,25_delta_call_iv,10_delta_call_iv,rr25,bf25,call_skew,put_skew,wing_skew,front_iv,back_iv,term_slope,realized_vol,iv_minus_rv,stickiness,source
2026-08-17T14:40:00-04:00,2026-08-21,4,110.0,put,-0.0003045103300641769,320.4822540283203,356.08,fixed_strike,95.98731994628906,97.99003601074219,91.21894836425781,97.13172912597656,101.51863098144531,5.91278076171875,-1.811981201171875,,,,95.98731994628906,81.92062377929688,-14.066696166992188,37.78382375447835,58.203496191810714,,QuantData term-structure
2026-08-17T14:40:00-04:00,2026-08-21,4,115.0,put,-0.0014312706802053331,359.3921661376953,356.08,fixed_strike,95.98731994628906,97.99003601074219,91.21894836425781,97.13172912597656,101.51863098144531,5.91278076171875,-1.811981201171875,,,,95.98731994628906,81.92062377929688,-14.066696166992188,37.78382375447835,58.203496191810714,,QuantData term-structure
2026-08-17T14:40:00-04:00,2026-08-21,4,120.0,put,-0.0005432739601271312,333.0707550048828,356.08,fixed_strike,95.98731994628906,97.99003601074219,91.21894836425781,97.13172912597656,101.51863098144531,5.91278076171875,-1.811981201171875,,,,95.98731994628906,81.92062377929688,-14.066696166992188,37.78382375447835,58.203496191810714,,QuantData term-structure
2026-08-17T14:40:00-04:00,2026-08-21,4,125.0,put,-0.0008489585947102613,315.0463104248047,356.08,fixed_strike,95.98731994628906,97.99003601074219,91.21894836425781,97.13172912597656,101.51863098144531,5.91278076171875,-1.811981201171875,,,,95.98731994628906,81.92062377929688,-14.066696166992188,37.78382375447835,58.203496191810714,,QuantData term-structure
2026-08-17T14:40:00-04:00,2026-08-21,4,130.0,put,-0.0005862697937334201,309.61036682128906,356.08,fixed_strike,95.98731994628906,97.99003601074219,91.21894836425781,97.13172912597656,101.51863098144531,5.91278076171875,-1.811981201171875,,,,95.98731994628906,81.92062377929688,-14.066696166992188,37.78382375447835,58.203496191810714,,QuantData term-structure
2026-08-17T14:40:00-04:00,2026-08-21,4,140.0,put,-0.0008888097249096111,298.16627502441406,356.08,fixed_strike,95.98731994628906,97.99003601074219,91.21894836425781,97.13172912597656,101.51863098144531,5.91278076171875,-1.811981201171875,,,,95.98731994628906,81.92062377929688,-14.066696166992188,37.78382375447835,58.203496191810714,,QuantData term-structure
2026-08-17T14:40:00-04:00,2026-08-21,4,145.0,put,-0.0006564860613680804,277.7576446533203,356.08,fixed_strike,95.98731994628906,97.99003601074219,91.21894836425781,97.13172912597656,101.51863098144531,5.91278076171875,-1.811981201171875,,,,95.98731994628906,81.92062377929688,-14.066696166992188,37.78382375447835,58.203496191810714,,QuantData term-structure
2026-08-17T14:40:00-04:00,2026-08-21,4,155.0,put,-0.0015160242027039248,276.32713317871094,356.08,fixed_strike,95.98731994628906,97.99003601074219,91.21894836425781,97.13172912597656,101.51863098144531,5.91278076171875,-1.811981201171875,,,,95.98731994628906,81.92062377929688,-14.066696166992188,37.78382375447835,58.203496191810714,,QuantData term-structure
2026-08-17T14:40:00-04:00,2026-08-21,4,200.0,call,1.0,0.0476837158203125,356.08,fixed_strike,95.98731994628906,97.99003601074219,91.21894836425781,97.13172912597656,101.51863098144531,5.91278076171875,-1.811981201171875,,,,95.98731994628906,81.92062377929688,-14.066696166992188,37.78382375447835,58.203496191810714,,QuantData term-structure
2026-08-17T14:40:00-04:00,2026-08-21,4,200.0,put,-0.0015380632359003694,173.71177673339844,356.08,fixed_strike,95.98731994628906,97.99003601074219,91.21894836425781,97.13172912597656,101.51863098144531,5.91278076171875,-1.811981201171875,,,,95.98731994628906,81.92062377929688,-14.066696166992188,37.78382375447835,58.203496191810714,,QuantData term-structure
2026-08-17T14:40:00-04:00,2026-08-21,4,205.0,put,-0.0022146064437860067,191.5454864501953,356.08,fixed_strike,95.98731994628906,97.99003601074219,91.21894836425781,97.13172912597656,101.51863098144531,5.91278076171875,-1.811981201171875,,,,95.98731994628906,81.92062377929688,-14.066696166992188,37.78382375447835,58.203496191810714,,QuantData term-structure
2026-08-17T14:40:00-04:00,2026-08-21,4,210.0,put,-0.004176508949643223,189.73350524902344,356.08,fixed_strike,95.98731994628906,97.99003601074219,91.21894836425781,97.13172912597656,101.51863098144531,5.91278076171875,-1.811981201171875,,,,95.98731994628906,81.92062377929688,-14.066696166992188,37.78382375447835,58.203496191810714,,QuantData term-structure
2026-08-17T14:40:00-04:00,2026-08-21,4,220.0,call,1.0,0.0476837158203125,356.08,fixed_strike,95.98731994628906,97.99003601074219,91.21894836425781,97.13172912597656,101.51863098144531,5.91278076171875,-1.811981201171875,,,,95.98731994628906,81.92062377929688,-14.066696166992188,37.78382375447835,58.203496191810714,,QuantData term-structure
2026-08-17T14:40:00-04:00,2026-08-21,4,220.0,put,-0.007873788269960914,189.35203552246094,356.08,fixed_strike,95.98731994628906,97.99003601074219,91.21894836425781,97.13172912597656,101.51863098144531,5.91278076171875,-1.811981201171875,,,,95.98731994628906,81.92062377929688,-14.066696166992188,37.78382375447835,58.203496191810714,,QuantData term-structure
2026-08-17T14:40:00-04:00,2026-08-21,4,225.0,put,-0.0038214583116566183,167.22679138183594,356.08,fixed_strike,95.98731994628906,97.99003601074219,91.21894836425781,97.13172912597656,101.51863098144531,5.91278076171875,-1.811981201171875,,,,95.98731994628906,81.92062377929688,-14.066696166992188,37.78382375447835,58.203496191810714,,QuantData term-structure
2026-08-17T14:40:00-04:00,2026-08-21,4,230.0,call,1.0,0.0476837158203125,356.08,fixed_strike,95.98731994628906,97.99003601074219,91.21894836425781,97.13172912597656,101.51863098144531,5.91278076171875,-1.811981201171875,,,,95.98731994628906,81.92062377929688,-14.066696166992188,37.78382375447835,58.203496191810714,,QuantData term-structure
2026-08-17T14:40:00-04:00,2026-08-21,4,230.0,put,-0.0019826430110406823,133.4667205810547,356.08,fixed_strike,95.98731994628906,97.99003601074219,91.21894836425781,97.13172912597656,101.51863098144531,5.91278076171875,-1.811981201171875,,,,95.98731994628906,81.92062377929688,-14.066696166992188,37.78382375447835,58.203496191810714,,QuantData term-structure
2026-08-17T14:40:00-04:00,2026-08-21,4,240.0,put,-0.0029948642071109277,140.0470733642578,356.08,fixed_strike,95.98731994628906,97.99003601074219,91.21894836425781,97.13172912597656,101.51863098144531,5.91278076171875,-1.811981201171875,,,,95.98731994628906,81.92062377929688,-14.066696166992188,37.78382375447835,58.203496191810714,,QuantData term-structure
2026-08-17T14:40:00-04:00,2026-08-21,4,245.0,put,-0.0031384516488430496,132.0362091064453,356.08,fixed_strike,95.98731994628906,97.99003601074219,91.21894836425781,97.13172912597656,101.51863098144531,5.91278076171875,-1.811981201171875,,,,95.98731994628906,81.92062377929688,-14.066696166992188,37.78382375447835,58.203496191810714,,QuantData term-structure
2026-08-17T14:40:00-04:00,2026-08-21,4,250.0,call,0.9760627988907656,182.2948455810547,356.08,fixed_strike,95.98731994628906,97.99003601074219,91.21894836425781,97.13172912597656,101.51863098144531,5.91278076171875,-1.811981201171875,,,,95.98731994628906,81.92062377929688,-14.066696166992188,37.78382375447835,58.203496191810714,,QuantData term-structure
2026-08-17T14:40:00-04:00,2026-08-21,4,250.0,put,-0.003295594490880097,127.26783752441406,356.08,fixed_strike,95.98731994628906,97.99003601074219,91.21894836425781,97.13172912597656,101.51863098144531,5.91278076171875,-1.811981201171875,,,,95.98731994628906,81.92062377929688,-14.066696166992188,37.78382375447835,58.203496191810714,,QuantData term-structure
2026-08-17T14:40:00-04:00,2026-08-21,4,252.5,put,-0.0038009392205317506,110.67390441894531,356.08,fixed_strike,95.98731994628906,97.99003601074219,91.21894836425781,97.13172912597656,101.51863098144531,5.91278076171875,-1.811981201171875,,,,95.98731994628906,81.92062377929688,-14.066696166992188,37.78382375447835,58.203496191810714,,QuantData term-structure
2026-08-17T14:40:00-04:00,2026-08-21,4,255.0,put,-0.006048191673678154,129.84275817871094,356.08,fixed_strike,95.98731994628906,97.99003601074219,91.21894836425781,97.13172912597656,101.51863098144531,5.91278076171875,-1.811981201171875,,,,95.98731994628906,81.92062377929688,-14.066696166992188,37.78382375447835,58.203496191810714,,QuantData term-structure
2026-08-17T14:40:00-04:00,2026-08-21,4,257.5,put,-0.005154913374942405,123.92997741699219,356.08,fixed_strike,95.98731994628906,97.99003601074219,91.21894836425781,97.13172912597656,101.51863098144531,5.91278076171875,-1.811981201171875,,,,95.98731994628906,81.92062377929688,-14.066696166992188,37.78382375447835,58.203496191810714,,QuantData term-structure
2026-08-17T14:40:00-04:00,2026-08-21,4,260.0,put,-0.005816429775897633,121.45042419433594,356.08,fixed_strike,95.98731994628906,97.99003601074219,91.21894836425781,97.13172912597656,101.51863098144531,5.91278076171875,-1.811981201171875,,,,95.98731994628906,81.92062377929688,-14.066696166992188,37.78382375447835,58.203496191810714,,QuantData term-structure
2026-08-17T14:40:00-04:00,2026-08-21,4,262.5,put,-0.006445837159684396,120.59211730957031,356.08,fixed_strike,95.98731994628906,97.99003601074219,91.21894836425781,97.13172912597656,101.51863098144531,5.91278076171875,-1.811981201171875,,,,95.98731994628906,81.92062377929688,-14.066696166992188,37.78382375447835,58.203496191810714,,QuantData term-structure
2026-08-17T14:40:00-04:00,2026-08-21,4,265.0,put,-0.008768147433918506,121.45042419433594,356.08,fixed_strike,95.98731994628906,97.99003601074219,91.21894836425781,97.13172912597656,101.51863098144531,5.91278076171875,-1.811981201171875,,,,95.98731994628906,81.92062377929688,-14.066696166992188,37.78382375447835,58.203496191810714,,QuantData term-structure
2026-08-17T14:40:00-04:00,2026-08-21,4,267.5,put,-0.007797095072200436,116.87278747558594,356.08,fixed_strike,95.98731994628906,97.99003601074219,91.21894836425781,97.13172912597656,101.51863098144531,5.91278076171875,-1.811981201171875,,,,95.98731994628906,81.92062377929688,-14.066696166992188,37.78382375447835,58.203496191810714,,QuantData term-structure
2026-08-17T14:40:00-04:00,2026-08-21,4,270.0,call,0.9938873782785625,111.24610900878906,356.08,fixed_strike,95.98731994628906,97.99003601074219,91.21894836425781,97.13172912597656,101.51863098144531,5.91278076171875,-1.811981201171875,,,,95.98731994628906,81.92062377929688,-14.066696166992188,37.78382375447835,58.203496191810714,,QuantData term-structure
2026-08-17T14:40:00-04:00,2026-08-21,4,270.0,put,-0.012176446667557832,120.11528015136719,356.08,fixed_strike,95.98731994628906,97.99003601074219,91.21894836425781,97.13172912597656,101.51863098144531,5.91278076171875,-1.811981201171875,,,,95.98731994628906,81.92062377929688,-14.066696166992188,37.78382375447835,58.203496191810714,,QuantData term-structure
2026-08-17T14:40:00-04:00,2026-08-21,4,272.5,put,-0.014355707685876568,119.16160583496094,356.08,fixed_strike,95.98731994628906,97.99003601074219,91.21894836425781,97.13172912597656,101.51863098144531,5.91278076171875,-1.811981201171875,,,,95.98731994628906,81.92062377929688,-14.066696166992188,37.78382375447835,58.203496191810714,,QuantData term-structure
2026-08-17T14:40:00-04:00,2026-08-21,4,275.0,put,-0.012429072938580537,116.01448059082031,356.08,fixed_strike,95.98731994628906,97.99003601074219,91.21894836425781,97.13172912597656,101.51863098144531,5.91278076171875,-1.811981201171875,,,,95.98731994628906,81.92062377929688,-14.066696166992188,37.78382375447835,58.203496191810714,,QuantData term-structure
2026-08-17T14:40:00-04:00,2026-08-21,4,277.5,put,-0.012084043737479991,109.33876037597656,356.08,fixed_strike,95.98731994628906,97.99003601074219,91.21894836425781,97.13172912597656,101.51863098144531,5.91278076171875,-1.811981201171875,,,,95.98731994628906,81.92062377929688,-14.066696166992188,37.78382375447835,58.203496191810714,,QuantData term-structure
2026-08-17T14:40:00-04:00,2026-08-21,4,280.0,call,0.9173969407848301,178.5755157470703,356.08,fixed_strike,95.98731994628906,97.99003601074219,91.21894836425781,97.13172912597656,101.51863098144531,5.91278076171875,-1.811981201171875,,,,95.98731994628906,81.92062377929688,-14.066696166992188,37.78382375447835,58.203496191810714,,QuantData term-structure
2026-08-17T14:40:00-04:00,2026-08-21,4,280.0,put,-0.01621652110316945,109.91096496582031,356.08,fixed_strike,95.98731994628906,97.99003601074219,91.21894836425781,97.13172912597656,101.51863098144531,5.91278076171875,-1.811981201171875,,,,95.98731994628906,81.92062377929688,-14.066696166992188,37.78382375447835,58.203496191810714,,QuantData term-structure
2026-08-17T14:40:00-04:00,2026-08-21,4,282.5,put,-0.018200419568350064,110.19706726074219,356.08,fixed_strike,95.98731994628906,97.99003601074219,91.21894836425781,97.13172912597656,101.51863098144531,5.91278076171875,-1.811981201171875,,,,95.98731994628906,81.92062377929688,-14.066696166992188,37.78382375447835,58.203496191810714,,QuantData term-structure
2026-08-17T14:40:00-04:00,2026-08-21,4,285.0,put,-0.02165142844938373,109.91096496582031,356.08,fixed_strike,95.98731994628906,97.99003601074219,91.21894836425781,97.13172912597656,101.51863098144531,5.91278076171875,-1.811981201171875,,,,95.98731994628906,81.92062377929688,-14.066696166992188,37.78382375447835,58.203496191810714,,QuantData term-structure
2026-08-17T14:40:00-04:00,2026-08-21,4,287.5,put,-0.024860449531266735,108.09898376464844,356.08,fixed_strike,95.98731994628906,97.99003601074219,91.21894836425781,97.13172912597656,101.51863098144531,5.91278076171875,-1.811981201171875,,,,95.98731994628906,81.92062377929688,-14.066696166992188,37.78382375447835,58.203496191810714,,QuantData term-structure
2026-08-17T14:40:00-04:00,2026-08-21,4,290.0,call,0.9648964017822454,116.68205261230469,356.08,fixed_strike,95.98731994628906,97.99003601074219,91.21894836425781,97.13172912597656,101.51863098144531,5.91278076171875,-1.811981201171875,,,,95.98731994628906,81.92062377929688,-14.066696166992188,37.78382375447835,58.203496191810714,,QuantData term-structure
2026-08-17T14:40:00-04:00,2026-08-21,4,290.0,put,-0.030043100161047456,108.95729064941406,356.08,fixed_strike,95.98731994628906,97.99003601074219,91.21894836425781,97.13172912597656,101.51863098144531,5.91278076171875,-1.811981201171875,,,,95.98731994628906,81.92062377929688,-14.066696166992188,37.78382375447835,58.203496191810714,,QuantData term-structure
2026-08-17T14:40:00-04:00,2026-08-21,4,292.5,put,-0.03336755361662585,105.61943054199219,356.08,fixed_strike,95.98731994628906,97.99003601074219,91.21894836425781,97.13172912597656,101.51863098144531,5.91278076171875,-1.811981201171875,,,,95.98731994628906,81.92062377929688,-14.066696166992188,37.78382375447835,58.203496191810714,,QuantData term-structure
2026-08-17T14:40:00-04:00,2026-08-21,4,295.0,call,0.9269020584089869,118.68476867675781,356.08,fixed_strike,95.98731994628906,97.99003601074219,91.21894836425781,97.13172912597656,101.51863098144531,5.91278076171875,-1.811981201171875,,,,95.98731994628906,81.92062377929688,-14.066696166992188,37.78382375447835,58.203496191810714,,QuantData term-structure
2026-08-17T14:40:00-04:00,2026-08-21,4,295.0,put,-0.035261093501548275,101.80473327636719,356.08,fixed_strike,95.98731994628906,97.99003601074219,91.21894836425781,97.13172912597656,101.51863098144531,5.91278076171875,-1.811981201171875,,,,95.98731994628906,81.92062377929688,-14.066696166992188,37.78382375447835,58.203496191810714,,QuantData term-structure
2026-08-17T14:40:00-04:00,2026-08-21,4,297.5,call,0.9216506000892032,116.10984802246094,356.08,fixed_strike,95.98731994628906,97.99003601074219,91.21894836425781,97.13172912597656,101.51863098144531,5.91278076171875,-1.811981201171875,,,,95.98731994628906,81.92062377929688,-14.066696166992188,37.78382375447835,58.203496191810714,,QuantData term-structure
2026-08-17T14:40:00-04:00,2026-08-21,4,297.5,put,-0.04157782963994199,102.18620300292969,356.08,fixed_strike,95.98731994628906,97.99003601074219,91.21894836425781,97.13172912597656,101.51863098144531,5.91278076171875,-1.811981201171875,,,,95.98731994628906,81.92062377929688,-14.066696166992188,37.78382375447835,58.203496191810714,,QuantData term-structure
2026-08-17T14:40:00-04:00,2026-08-21,4,300.0,call,1.0,0.0476837158203125,356.08,fixed_strike,95.98731994628906,97.99003601074219,91.21894836425781,97.13172912597656,101.51863098144531,5.91278076171875,-1.811981201171875,,,,95.98731994628906,81.92062377929688,-14.066696166992188,37.78382375447835,58.203496191810714,,QuantData term-structure
2026-08-17T14:40:00-04:00,2026-08-21,4,300.0,put,-0.05015633677752451,102.94914245605469,356.08,fixed_strike,95.98731994628906,97.99003601074219,91.21894836425781,97.13172912597656,101.51863098144531,5.91278076171875,-1.811981201171875,,,,95.98731994628906,81.92062377929688,-14.066696166992188,37.78382375447835,58.203496191810714,,QuantData term-structure
2026-08-17T14:40:00-04:00,2026-08-21,4,302.5,put,-0.057738471466068475,101.99546813964844,356.08,fixed_strike,95.98731994628906,97.99003601074219,91.21894836425781,97.13172912597656,101.51863098144531,5.91278076171875,-1.811981201171875,,,,95.98731994628906,81.92062377929688,-14.066696166992188,37.78382375447835,58.203496191810714,,QuantData term-structure
2026-08-17T14:40:00-04:00,2026-08-21,4,305.0,call,0.9153193467768304,99.51591491699219,356.08,fixed_strike,95.98731994628906,97.99003601074219,91.21894836425781,97.13172912597656,101.51863098144531,5.91278076171875,-1.811981201171875,,,,95.98731994628906,81.92062377929688,-14.066696166992188,37.78382375447835,58.203496191810714,,QuantData term-structure
2026-08-17T14:40:00-04:00,2026-08-21,4,305.0,put,-0.0658417963545716,100.37422180175781,356.08,fixed_strike,95.98731994628906,97.99003601074219,91.21894836425781,97.13172912597656,101.51863098144531,5.91278076171875,-1.811981201171875,,,,95.98731994628906,81.92062377929688,-14.066696166992188,37.78382375447835,58.203496191810714,,QuantData term-structure
2026-08-17T14:40:00-04:00,2026-08-21,4,307.5,put,-0.07189035760119783,99.42054748535156,356.08,fixed_strike,95.98731994628906,97.99003601074219,91.21894836425781,97.13172912597656,101.51863098144531,5.91278076171875,-1.811981201171875,,,,95.98731994628906,81.92062377929688,-14.066696166992188,37.78382375447835,58.203496191810714,,QuantData term-structure
2026-08-17T14:40:00-04:00,2026-08-21,4,310.0,call,0.960237937510274,83.58955383300781,356.08,fixed_strike,95.98731994628906,97.99003601074219,91.21894836425781,97.13172912597656,101.51863098144531,5.91278076171875,-1.811981201171875,,,,95.98731994628906,81.92062377929688,-14.066696166992188,37.78382375447835,58.203496191810714,,QuantData term-structure
2026-08-17T14:40:00-04:00,2026-08-21,4,310.0,put,-0.08226608731725887,98.18077087402344,356.08,fixed_strike,95.98731994628906,97.99003601074219,91.21894836425781,97.13172912597656,101.51863098144531,5.91278076171875,-1.811981201171875,,,,95.98731994628906,81.92062377929688,-14.066696166992188,37.78382375447835,58.203496191810714,,QuantData term-structure
2026-08-17T14:40:00-04:00,2026-08-21,4,312.5,put,-0.09290075991966529,98.27613830566406,356.08,fixed_strike,95.98731994628906,97.99003601074219,91.21894836425781,97.13172912597656,101.51863098144531,5.91278076171875,-1.811981201171875,,,,95.98731994628906,81.92062377929688,-14.066696166992188,37.78382375447835,58.203496191810714,,QuantData term-structure
2026-08-17T14:40:00-04:00,2026-08-21,4,315.0,put,-0.10038714698177392,97.99003601074219,356.08,fixed_strike,95.98731994628906,97.99003601074219,91.21894836425781,97.13172912597656,101.51863098144531,5.91278076171875,-1.811981201171875,,,,95.98731994628906,81.92062377929688,-14.066696166992188,37.78382375447835,58.203496191810714,,QuantData term-structure
2026-08-17T14:40:00-04:00,2026-08-21,4,317.5,put,-0.11583866882704458,98.08540344238281,356.08,fixed_strike,95.98731994628906,97.99003601074219,91.21894836425781,97.13172912597656,101.51863098144531,5.91278076171875,-1.811981201171875,,,,95.98731994628906,81.92062377929688,-14.066696166992188,37.78382375447835,58.203496191810714,,QuantData term-structure
2026-08-17T14:40:00-04:00,2026-08-21,4,320.0,call,0.8736134324935945,97.41783142089844,356.08,fixed_strike,95.98731994628906,97.99003601074219,91.21894836425781,97.13172912597656,101.51863098144531,5.91278076171875,-1.811981201171875,,,,95.98731994628906,81.92062377929688,-14.066696166992188,37.78382375447835,58.203496191810714,,QuantData term-structure
2026-08-17T14:40:00-04:00,2026-08-21,4,320.0,put,-0.13244968833063414,96.17805480957031,356.08,fixed_strike,95.98731994628906,97.99003601074219,91.21894836425781,97.13172912597656,101.51863098144531,5.91278076171875,-1.811981201171875,,,,95.98731994628906,81.92062377929688,-14.066696166992188,37.78382375447835,58.203496191810714,,QuantData term-structure
2026-08-17T14:40:00-04:00,2026-08-21,4,322.5,call,0.6975369048187667,103.61671447753906,356.08,fixed_strike,95.98731994628906,97.99003601074219,91.21894836425781,97.13172912597656,101.51863098144531,5.91278076171875,-1.811981201171875,,,,95.98731994628906,81.92062377929688,-14.066696166992188,37.78382375447835,58.203496191810714,,QuantData term-structure
2026-08-17T14:40:00-04:00,2026-08-21,4,322.5,put,-0.13979893673699134,95.03364562988281,356.08,fixed_strike,95.98731994628906,97.99003601074219,91.21894836425781,97.13172912597656,101.51863098144531,5.91278076171875,-1.811981201171875,,,,95.98731994628906,81.92062377929688,-14.066696166992188,37.78382375447835,58.203496191810714,,QuantData term-structure
2026-08-17T14:40:00-04:00,2026-08-21,4,325.0,call,0.8375071798258018,101.42326354980469,356.08,fixed_strike,95.98731994628906,97.99003601074219,91.21894836425781,97.13172912597656,101.51863098144531,5.91278076171875,-1.811981201171875,,,,95.98731994628906,81.92062377929688,-14.066696166992188,37.78382375447835,58.203496191810714,,QuantData term-structure
2026-08-17T14:40:00-04:00,2026-08-21,4,325.0,put,-0.16358809850948092,94.17533874511719,356.08,fixed_strike,95.98731994628906,97.99003601074219,91.21894836425781,97.13172912597656,101.51863098144531,5.91278076171875,-1.811981201171875,,,,95.98731994628906,81.92062377929688,-14.066696166992188,37.78382375447835,58.203496191810714,,QuantData term-structure
2026-08-17T14:40:00-04:00,2026-08-21,4,327.5,call,0.8215552201409855,97.60856628417969,356.08,fixed_strike,95.98731994628906,97.99003601074219,91.21894836425781,97.13172912597656,101.51863098144531,5.91278076171875,-1.811981201171875,,,,95.98731994628906,81.92062377929688,-14.066696166992188,37.78382375447835,58.203496191810714,,QuantData term-structure
2026-08-17T14:40:00-04:00,2026-08-21,4,327.5,put,-0.1797430899106855,93.12629699707031,356.08,fixed_strike,95.98731994628906,97.99003601074219,91.21894836425781,97.13172912597656,101.51863098144531,5.91278076171875,-1.811981201171875,,,,95.98731994628906,81.92062377929688,-14.066696166992188,37.78382375447835,58.203496191810714,,QuantData term-structure
2026-08-17T14:40:00-04:00,2026-08-21,4,330.0,call,0.810129057620057,98.08540344238281,356.08,fixed_strike,95.98731994628906,97.99003601074219,91.21894836425781,97.13172912597656,101.51863098144531,5.91278076171875,-1.811981201171875,,,,95.98731994628906,81.92062377929688,-14.066696166992188,37.78382375447835,58.203496191810714,,QuantData term-structure
2026-08-17T14:40:00-04:00,2026-08-21,4,330.0,put,-0.19348058607005442,93.88923645019531,356.08,fixed_strike,95.98731994628906,97.99003601074219,91.21894836425781,97.13172912597656,101.51863098144531,5.91278076171875,-1.811981201171875,,,,95.98731994628906,81.92062377929688,-14.066696166992188,37.78382375447835,58.203496191810714,,QuantData term-structure
2026-08-17T14:40:00-04:00,2026-08-21,4,332.5,call,0.8103300915259564,97.32246398925781,356.08,fixed_strike,95.98731994628906,97.99003601074219,91.21894836425781,97.13172912597656,101.51863098144531,5.91278076171875,-1.811981201171875,,,,95.98731994628906,81.92062377929688,-14.066696166992188,37.78382375447835,58.203496191810714,,QuantData term-structure
2026-08-17T14:40:00-04:00,2026-08-21,4,332.5,put,-0.21694832830886152,94.55680847167969,356.08,fixed_strike,95.98731994628906,97.99003601074219,91.21894836425781,97.13172912597656,101.51863098144531,5.91278076171875,-1.811981201171875,,,,95.98731994628906,81.92062377929688,-14.066696166992188,37.78382375447835,58.203496191810714,,QuantData term-structure
2026-08-17T14:40:00-04:00,2026-08-21,4,335.0,call,0.7535294516596648,97.89466857910156,356.08,fixed_strike,95.98731994628906,97.99003601074219,91.21894836425781,97.13172912597656,101.51863098144531,5.91278076171875,-1.811981201171875,,,,95.98731994628906,81.92062377929688,-14.066696166992188,37.78382375447835,58.203496191810714,,QuantData term-structure
2026-08-17T14:40:00-04:00,2026-08-21,4,335.0,put,-0.23550008592851351,91.21894836425781,356.08,fixed_strike,95.98731994628906,97.99003601074219,91.21894836425781,97.13172912597656,101.51863098144531,5.91278076171875,-1.811981201171875,,,,95.98731994628906,81.92062377929688,-14.066696166992188,37.78382375447835,58.203496191810714,,QuantData term-structure
2026-08-17T14:40:00-04:00,2026-08-21,4,337.5,call,0.7207274297731228,98.94371032714844,356.08,fixed_strike,95.98731994628906,97.99003601074219,91.21894836425781,97.13172912597656,101.51863098144531,5.91278076171875,-1.811981201171875,,,,95.98731994628906,81.92062377929688,-14.066696166992188,37.78382375447835,58.203496191810714,,QuantData term-structure
2026-08-17T14:40:00-04:00,2026-08-21,4,337.5,put,-0.26749161298206303,91.02821350097656,356.08,fixed_strike,95.98731994628906,97.99003601074219,91.21894836425781,97.13172912597656,101.51863098144531,5.91278076171875,-1.811981201171875,,,,95.98731994628906,81.92062377929688,-14.066696166992188,37.78382375447835,58.203496191810714,,QuantData term-structure
2026-08-17T14:40:00-04:00,2026-08-21,4,340.0,call,0.7151195163663477,98.84834289550781,356.08,fixed_strike,95.98731994628906,97.99003601074219,91.21894836425781,97.13172912597656,101.51863098144531,5.91278076171875,-1.811981201171875,,,,95.98731994628906,81.92062377929688,-14.066696166992188,37.78382375447835,58.203496191810714,,QuantData term-structure
2026-08-17T14:40:00-04:00,2026-08-21,4,340.0,put,-0.2902217183193713,96.08268737792969,356.08,fixed_strike,95.98731994628906,97.99003601074219,91.21894836425781,97.13172912597656,101.51863098144531,5.91278076171875,-1.811981201171875,,,,95.98731994628906,81.92062377929688,-14.066696166992188,37.78382375447835,58.203496191810714,,QuantData term-structure
2026-08-17T14:40:00-04:00,2026-08-21,4,342.5,call,0.6737623063545333,95.60585021972656,356.08,fixed_strike,95.98731994628906,97.99003601074219,91.21894836425781,97.13172912597656,101.51863098144531,5.91278076171875,-1.811981201171875,,,,95.98731994628906,81.92062377929688,-14.066696166992188,37.78382375447835,58.203496191810714,,QuantData term-structure
2026-08-17T14:40:00-04:00,2026-08-21,4,342.5,put,-0.3033999239714903,96.75025939941406,356.08,fixed_strike,95.98731994628906,97.99003601074219,91.21894836425781,97.13172912597656,101.51863098144531,5.91278076171875,-1.811981201171875,,,,95.98731994628906,81.92062377929688,-14.066696166992188,37.78382375447835,58.203496191810714,,QuantData term-structure
2026-08-17T14:40:00-04:00,2026-08-21,4,345.0,call,0.6522892887444164,94.93827819824219,356.08,fixed_strike,95.98731994628906,97.99003601074219,91.21894836425781,97.13172912597656,101.51863098144531,5.91278076171875,-1.811981201171875,,,,95.98731994628906,81.92062377929688,-14.066696166992188,37.78382375447835,58.203496191810714,,QuantData term-structure
2026-08-17T14:40:00-04:00,2026-08-21,4,345.0,put,-0.3478548303257307,96.17805480957031,356.08,fixed_strike,95.98731994628906,97.99003601074219,91.21894836425781,97.13172912597656,101.51863098144531,5.91278076171875,-1.811981201171875,,,,95.98731994628906,81.92062377929688,-14.066696166992188,37.78382375447835,58.203496191810714,,QuantData term-structure
2026-08-17T14:40:00-04:00,2026-08-21,4,347.5,call,0.6294715994711393,97.22709655761719,356.08,fixed_strike,95.98731994628906,97.99003601074219,91.21894836425781,97.13172912597656,101.51863098144531,5.91278076171875,-1.811981201171875,,,,95.98731994628906,81.92062377929688,-14.066696166992188,37.78382375447835,58.203496191810714,,QuantData term-structure
2026-08-17T14:40:00-04:00,2026-08-21,4,347.5,put,-0.3660398461295934,96.94099426269531,356.08,fixed_strike,95.98731994628906,97.99003601074219,91.21894836425781,97.13172912597656,101.51863098144531,5.91278076171875,-1.811981201171875,,,,95.98731994628906,81.92062377929688,-14.066696166992188,37.78382375447835,58.203496191810714,,QuantData term-structure
2026-08-17T14:40:00-04:00,2026-08-21,4,350.0,call,0.6064793351614424,94.07997131347656,356.08,fixed_strike,95.98731994628906,97.99003601074219,91.21894836425781,97.13172912597656,101.51863098144531,5.91278076171875,-1.811981201171875,,,,95.98731994628906,81.92062377929688,-14.066696166992188,37.78382375447835,58.203496191810714,,QuantData term-structure
2026-08-17T14:40:00-04:00,2026-08-21,4,350.0,put,-0.3946642118392815,96.65489196777344,356.08,fixed_strike,95.98731994628906,97.99003601074219,91.21894836425781,97.13172912597656,101.51863098144531,5.91278076171875,-1.811981201171875,,,,95.98731994628906,81.92062377929688,-14.066696166992188,37.78382375447835,58.203496191810714,,QuantData term-structure
2026-08-17T14:40:00-04:00,2026-08-21,4,352.5,call,0.5784144518371012,95.60585021972656,356.08,fixed_strike,95.98731994628906,97.99003601074219,91.21894836425781,97.13172912597656,101.51863098144531,5.91278076171875,-1.811981201171875,,,,95.98731994628906,81.92062377929688,-14.066696166992188,37.78382375447835,58.203496191810714,,QuantData term-structure
2026-08-17T14:40:00-04:00,2026-08-21,4,352.5,put,-0.4037198326297692,99.80201721191406,356.08,fixed_strike,95.98731994628906,97.99003601074219,91.21894836425781,97.13172912597656,101.51863098144531,5.91278076171875,-1.811981201171875,,,,95.98731994628906,81.92062377929688,-14.066696166992188,37.78382375447835,58.203496191810714,,QuantData term-structure
2026-08-17T14:40:00-04:00,2026-08-21,4,355.0,call,0.5349802870092543,95.31974792480469,356.08,fixed_strike,95.98731994628906,97.99003601074219,91.21894836425781,97.13172912597656,101.51863098144531,5.91278076171875,-1.811981201171875,,,,95.98731994628906,81.92062377929688,-14.066696166992188,37.78382375447835,58.203496191810714,,QuantData term-structure
2026-08-17T14:40:00-04:00,2026-08-21,4,355.0,put,-0.4627453674146772,96.65489196777344,356.08,fixed_strike,95.98731994628906,97.99003601074219,91.21894836425781,97.13172912597656,101.51863098144531,5.91278076171875,-1.811981201171875,,,,95.98731994628906,81.92062377929688,-14.066696166992188,37.78382375447835,58.203496191810714,,QuantData term-structure
2026-08-17T14:40:00-04:00,2026-08-21,4,357.5,call,0.5178977837417787,93.22166442871094,356.08,fixed_strike,95.98731994628906,97.99003601074219,91.21894836425781,97.13172912597656,101.51863098144531,5.91278076171875,-1.811981201171875,,,,95.98731994628906,81.92062377929688,-14.066696166992188,37.78382375447835,58.203496191810714,,QuantData term-structure
2026-08-17T14:40:00-04:00,2026-08-21,4,357.5,put,-0.47498244198262174,97.32246398925781,356.08,fixed_strike,95.98731994628906,97.99003601074219,91.21894836425781,97.13172912597656,101.51863098144531,5.91278076171875,-1.811981201171875,,,,95.98731994628906,81.92062377929688,-14.066696166992188,37.78382375447835,58.203496191810714,,QuantData term-structure
2026-08-17T14:40:00-04:00,2026-08-21,4,360.0,call,0.47995085127114,96.75025939941406,356.08,fixed_strike,95.98731994628906,97.99003601074219,91.21894836425781,97.13172912597656,101.51863098144531,5.91278076171875,-1.811981201171875,,,,95.98731994628906,81.92062377929688,-14.066696166992188,37.78382375447835,58.203496191810714,,QuantData term-structure
2026-08-17T14:40:00-04:00,2026-08-21,4,360.0,put,-0.5142811818989402,96.36878967285156,356.08,fixed_strike,95.98731994628906,97.99003601074219,91.21894836425781,97.13172912597656,101.51863098144531,5.91278076171875,-1.811981201171875,,,,95.98731994628906,81.92062377929688,-14.066696166992188,37.78382375447835,58.203496191810714,,QuantData term-structure
2026-08-17T14:40:00-04:00,2026-08-21,4,362.5,call,0.4915311827341891,96.65489196777344,356.08,fixed_strike,95.98731994628906,97.99003601074219,91.21894836425781,97.13172912597656,101.51863098144531,5.91278076171875,-1.811981201171875,,,,95.98731994628906,81.92062377929688,-14.066696166992188,37.78382375447835,58.203496191810714,,QuantData term-structure
2026-08-17T14:40:00-04:00,2026-08-21,4,362.5,put,-0.5487826531506791,95.70121765136719,356.08,fixed_strike,95.98731994628906,97.99003601074219,91.21894836425781,97.13172912597656,101.51863098144531,5.91278076171875,-1.811981201171875,,,,95.98731994628906,81.92062377929688,-14.066696166992188,37.78382375447835,58.203496191810714,,QuantData term-structure
2026-08-17T14:40:00-04:00,2026-08-21,4,365.0,call,0.4356439938050787,95.31974792480469,356.08,fixed_strike,95.98731994628906,97.99003601074219,91.21894836425781,97.13172912597656,101.51863098144531,5.91278076171875,-1.811981201171875,,,,95.98731994628906,81.92062377929688,-14.066696166992188,37.78382375447835,58.203496191810714,,QuantData term-structure
2026-08-17T14:40:00-04:00,2026-08-21,4,365.0,put,-0.5280966843383041,102.47230529785156,356.08,fixed_strike,95.98731994628906,97.99003601074219,91.21894836425781,97.13172912597656,101.51863098144531,5.91278076171875,-1.811981201171875,,,,95.98731994628906,81.92062377929688,-14.066696166992188,37.78382375447835,58.203496191810714,,QuantData term-structure
2026-08-17T14:40:00-04:00,2026-08-21,4,367.5,call,0.4087772248896829,88.93013000488281,356.08,fixed_strike,95.98731994628906,97.99003601074219,91.21894836425781,97.13172912597656,101.51863098144531,5.91278076171875,-1.811981201171875,,,,95.98731994628906,81.92062377929688,-14.066696166992188,37.78382375447835,58.203496191810714,,QuantData term-structure
2026-08-17T14:40:00-04:00,2026-08-21,4,370.0,call,0.3792058983977293,95.31974792480469,356.08,fixed_strike,95.98731994628906,97.99003601074219,91.21894836425781,97.13172912597656,101.51863098144531,5.91278076171875,-1.811981201171875,,,,95.98731994628906,81.92062377929688,-14.066696166992188,37.78382375447835,58.203496191810714,,QuantData term-structure
2026-08-17T14:40:00-04:00,2026-08-21,4,370.0,put,-0.5871954659489265,101.70936584472656,356.08,fixed_strike,95.98731994628906,97.99003601074219,91.21894836425781,97.13172912597656,101.51863098144531,5.91278076171875,-1.811981201171875,,,,95.98731994628906,81.92062377929688,-14.066696166992188,37.78382375447835,58.203496191810714,,QuantData term-structure
2026-08-17T14:40:00-04:00,2026-08-21,4,372.5,call,0.3565768673799271,97.99003601074219,356.08,fixed_strike,95.98731994628906,97.99003601074219,91.21894836425781,97.13172912597656,101.51863098144531,5.91278076171875,-1.811981201171875,,,,95.98731994628906,81.92062377929688,-14.066696166992188,37.78382375447835,58.203496191810714,,QuantData term-structure
2026-08-17T14:40:00-04:00,2026-08-21,4,375.0,call,0.3392151327741164,95.22438049316406,356.08,fixed_strike,95.98731994628906,97.99003601074219,91.21894836425781,97.13172912597656,101.51863098144531,5.91278076171875,-1.811981201171875,,,,95.98731994628906,81.92062377929688,-14.066696166992188,37.78382375447835,58.203496191810714,,QuantData term-structure
2026-08-17T14:40:00-04:00,2026-08-21,4,375.0,put,-0.6591465102746205,96.17805480957031,356.08,fixed_strike,95.98731994628906,97.99003601074219,91.21894836425781,97.13172912597656,101.51863098144531,5.91278076171875,-1.811981201171875,,,,95.98731994628906,81.92062377929688,-14.066696166992188,37.78382375447835,58.203496191810714,,QuantData term-structure
2026-08-17T14:40:00-04:00,2026-08-21,4,377.5,call,0.3182460987316156,96.65489196777344,356.08,fixed_strike,95.98731994628906,97.99003601074219,91.21894836425781,97.13172912597656,101.51863098144531,5.91278076171875,-1.811981201171875,,,,95.98731994628906,81.92062377929688,-14.066696166992188,37.78382375447835,58.203496191810714,,QuantData term-structure
2026-08-17T14:40:00-04:00,2026-08-21,4,377.5,put,-0.7672797702849646,100.94642639160156,356.08,fixed_strike,95.98731994628906,97.99003601074219,91.21894836425781,97.13172912597656,101.51863098144531,5.91278076171875,-1.811981201171875,,,,95.98731994628906,81.92062377929688,-14.066696166992188,37.78382375447835,58.203496191810714,,QuantData term-structure
2026-08-17T14:40:00-04:00,2026-08-21,4,380.0,call,0.286225395805099,95.89195251464844,356.08,fixed_strike,95.98731994628906,97.99003601074219,91.21894836425781,97.13172912597656,101.51863098144531,5.91278076171875,-1.811981201171875,,,,95.98731994628906,81.92062377929688,-14.066696166992188,37.78382375447835,58.203496191810714,,QuantData term-structure
2026-08-17T14:40:00-04:00,2026-08-21,4,380.0,put,-0.6955307314852094,96.27342224121094,356.08,fixed_strike,95.98731994628906,97.99003601074219,91.21894836425781,97.13172912597656,101.51863098144531,5.91278076171875,-1.811981201171875,,,,95.98731994628906,81.92062377929688,-14.066696166992188,37.78382375447835,58.203496191810714,,QuantData term-structure
2026-08-17T14:40:00-04:00,2026-08-21,4,382.5,call,0.2745058460988881,98.46687316894531,356.08,fixed_strike,95.98731994628906,97.99003601074219,91.21894836425781,97.13172912597656,101.51863098144531,5.91278076171875,-1.811981201171875,,,,95.98731994628906,81.92062377929688,-14.066696166992188,37.78382375447835,58.203496191810714,,QuantData term-structure
2026-08-17T14:40:00-04:00,2026-08-21,4,385.0,call,0.2598762244163859,97.13172912597656,356.08,fixed_strike,95.98731994628906,97.99003601074219,91.21894836425781,97.13172912597656,101.51863098144531,5.91278076171875,-1.811981201171875,,,,95.98731994628906,81.92062377929688,-14.066696166992188,37.78382375447835,58.203496191810714,,QuantData term-structure
2026-08-17T14:40:00-04:00,2026-08-21,4,387.5,call,0.22798824284244845,98.18077087402344,356.08,fixed_strike,95.98731994628906,97.99003601074219,91.21894836425781,97.13172912597656,101.51863098144531,5.91278076171875,-1.811981201171875,,,,95.98731994628906,81.92062377929688,-14.066696166992188,37.78382375447835,58.203496191810714,,QuantData term-structure
2026-08-17T14:40:00-04:00,2026-08-21,4,390.0,call,0.2128070539163356,98.65760803222656,356.08,fixed_strike,95.98731994628906,97.99003601074219,91.21894836425781,97.13172912597656,101.51863098144531,5.91278076171875,-1.811981201171875,,,,95.98731994628906,81.92062377929688,-14.066696166992188,37.78382375447835,58.203496191810714,,QuantData term-structure
2026-08-17T14:40:00-04:00,2026-08-21,4,392.5,call,0.2196050227602575,96.65489196777344,356.08,fixed_strike,95.98731994628906,97.99003601074219,91.21894836425781,97.13172912597656,101.51863098144531,5.91278076171875,-1.811981201171875,,,,95.98731994628906,81.92062377929688,-14.066696166992188,37.78382375447835,58.203496191810714,,QuantData term-structure
2026-08-17T14:40:00-04:00,2026-08-21,4,395.0,call,0.17939476162082307,99.22981262207031,356.08,fixed_strike,95.98731994628906,97.99003601074219,91.21894836425781,97.13172912597656,101.51863098144531,5.91278076171875,-1.811981201171875,,,,95.98731994628906,81.92062377929688,-14.066696166992188,37.78382375447835,58.203496191810714,,QuantData term-structure
2026-08-17T14:40:00-04:00,2026-08-21,4,397.5,call,0.16824253551555612,98.75297546386719,356.08,fixed_strike,95.98731994628906,97.99003601074219,91.21894836425781,97.13172912597656,101.51863098144531,5.91278076171875,-1.811981201171875,,,,95.98731994628906,81.92062377929688,-14.066696166992188,37.78382375447835,58.203496191810714,,QuantData term-structure
2026-08-17T14:40:00-04:00,2026-08-21,4,400.0,call,0.14672767932712732,98.94371032714844,356.08,fixed_strike,95.98731994628906,97.99003601074219,91.21894836425781,97.13172912597656,101.51863098144531,5.91278076171875,-1.811981201171875,,,,95.98731994628906,81.92062377929688,-14.066696166992188,37.78382375447835,58.203496191810714,,QuantData term-structure
2026-08-17T14:40:00-04:00,2026-08-21,4,400.0,put,-0.8301240249609122,101.32789611816406,356.08,fixed_strike,95.98731994628906,97.99003601074219,91.21894836425781,97.13172912597656,101.51863098144531,5.91278076171875,-1.811981201171875,,,,95.98731994628906,81.92062377929688,-14.066696166992188,37.78382375447835,58.203496191810714,,QuantData term-structure
2026-08-17T14:40:00-04:00,2026-08-21,4,402.5,call,0.12437505413907513,93.69850158691406,356.08,fixed_strike,95.98731994628906,97.99003601074219,91.21894836425781,97.13172912597656,101.51863098144531,5.91278076171875,-1.811981201171875,,,,95.98731994628906,81.92062377929688,-14.066696166992188,37.78382375447835,58.203496191810714,,QuantData term-structure
2026-08-17T14:40:00-04:00,2026-08-21,4,405.0,call,0.13028887955570423,101.32789611816406,356.08,fixed_strike,95.98731994628906,97.99003601074219,91.21894836425781,97.13172912597656,101.51863098144531,5.91278076171875,-1.811981201171875,,,,95.98731994628906,81.92062377929688,-14.066696166992188,37.78382375447835,58.203496191810714,,QuantData term-structure
2026-08-17T14:40:00-04:00,2026-08-21,4,405.0,put,-0.8727292351951768,97.41783142089844,356.08,fixed_strike,95.98731994628906,97.99003601074219,91.21894836425781,97.13172912597656,101.51863098144531,5.91278076171875,-1.811981201171875,,,,95.98731994628906,81.92062377929688,-14.066696166992188,37.78382375447835,58.203496191810714,,QuantData term-structure
2026-08-17T14:40:00-04:00,2026-08-21,4,407.5,call,0.12509714718961507,100.85105895996094,356.08,fixed_strike,95.98731994628906,97.99003601074219,91.21894836425781,97.13172912597656,101.51863098144531,5.91278076171875,-1.811981201171875,,,,95.98731994628906,81.92062377929688,-14.066696166992188,37.78382375447835,58.203496191810714,,QuantData term-structure
2026-08-17T14:40:00-04:00,2026-08-21,4,410.0,call,0.10547654388076277,101.51863098144531,356.08,fixed_strike,95.98731994628906,97.99003601074219,91.21894836425781,97.13172912597656,101.51863098144531,5.91278076171875,-1.811981201171875,,,,95.98731994628906,81.92062377929688,-14.066696166992188,37.78382375447835,58.203496191810714,,QuantData term-structure
2026-08-17T14:40:00-04:00,2026-08-21,4,410.0,put,-0.8845098163251102,96.17805480957031,356.08,fixed_strike,95.98731994628906,97.99003601074219,91.21894836425781,97.13172912597656,101.51863098144531,5.91278076171875,-1.811981201171875,,,,95.98731994628906,81.92062377929688,-14.066696166992188,37.78382375447835,58.203496191810714,,QuantData term-structure
2026-08-17T14:40:00-04:00,2026-08-21,4,415.0,call,0.09089020785227653,103.80744934082031,356.08,fixed_strike,95.98731994628906,97.99003601074219,91.21894836425781,97.13172912597656,101.51863098144531,5.91278076171875,-1.811981201171875,,,,95.98731994628906,81.92062377929688,-14.066696166992188,37.78382375447835,58.203496191810714,,QuantData term-structure
2026-08-17T14:40:00-04:00,2026-08-21,4,417.5,call,0.08774173629499232,100.27885437011719,356.08,fixed_strike,95.98731994628906,97.99003601074219,91.21894836425781,97.13172912597656,101.51863098144531,5.91278076171875,-1.811981201171875,,,,95.98731994628906,81.92062377929688,-14.066696166992188,37.78382375447835,58.203496191810714,,QuantData term-structure
2026-08-17T14:40:00-04:00,2026-08-21,4,420.0,call,0.08404388897277215,100.56495666503906,356.08,fixed_strike,95.98731994628906,97.99003601074219,91.21894836425781,97.13172912597656,101.51863098144531,5.91278076171875,-1.811981201171875,,,,95.98731994628906,81.92062377929688,-14.066696166992188,37.78382375447835,58.203496191810714,,QuantData term-structure
2026-08-17T14:40:00-04:00,2026-08-21,4,420.0,put,-0.9893641205914462,81.58683776855469,356.08,fixed_strike,95.98731994628906,97.99003601074219,91.21894836425781,97.13172912597656,101.51863098144531,5.91278076171875,-1.811981201171875,,,,95.98731994628906,81.92062377929688,-14.066696166992188,37.78382375447835,58.203496191810714,,QuantData term-structure
2026-08-17T14:40:00-04:00,2026-08-21,4,425.0,call,0.06149452372584807,96.94099426269531,356.08,fixed_strike,95.98731994628906,97.99003601074219,91.21894836425781,97.13172912597656,101.51863098144531,5.91278076171875,-1.811981201171875,,,,95.98731994628906,81.92062377929688,-14.066696166992188,37.78382375447835,58.203496191810714,,QuantData term-structure
2026-08-17T14:40:00-04:00,2026-08-21,4,430.0,call,0.049690390449273036,103.33061218261719,356.08,fixed_strike,95.98731994628906,97.99003601074219,91.21894836425781,97.13172912597656,101.51863098144531,5.91278076171875,-1.811981201171875,,,,95.98731994628906,81.92062377929688,-14.066696166992188,37.78382375447835,58.203496191810714,,QuantData term-structure
2026-08-17T14:40:00-04:00,2026-08-21,4,435.0,call,0.039662718848504766,103.13987731933594,356.08,fixed_strike,95.98731994628906,97.99003601074219,91.21894836425781,97.13172912597656,101.51863098144531,5.91278076171875,-1.811981201171875,,,,95.98731994628906,81.92062377929688,-14.066696166992188,37.78382375447835,58.203496191810714,,QuantData term-structure
2026-08-17T14:40:00-04:00,2026-08-21,4,440.0,call,0.030928123083261958,103.04450988769531,356.08,fixed_strike,95.98731994628906,97.99003601074219,91.21894836425781,97.13172912597656,101.51863098144531,5.91278076171875,-1.811981201171875,,,,95.98731994628906,81.92062377929688,-14.066696166992188,37.78382375447835,58.203496191810714,,QuantData term-structure
2026-08-17T14:40:00-04:00,2026-08-21,4,440.0,put,-0.9549561304390135,110.38780212402344,356.08,fixed_strike,95.98731994628906,97.99003601074219,91.21894836425781,97.13172912597656,101.51863098144531,5.91278076171875,-1.811981201171875,,,,95.98731994628906,81.92062377929688,-14.066696166992188,37.78382375447835,58.203496191810714,,QuantData term-structure
2026-08-17T14:40:00-04:00,2026-08-21,4,445.0,call,0.02707378503706484,102.56767272949219,356.08,fixed_strike,95.98731994628906,97.99003601074219,91.21894836425781,97.13172912597656,101.51863098144531,5.91278076171875,-1.811981201171875,,,,95.98731994628906,81.92062377929688,-14.066696166992188,37.78382375447835,58.203496191810714,,QuantData term-structure
2026-08-17T14:40:00-04:00,2026-08-21,4,450.0,call,0.023277102350058258,107.62214660644531,356.08,fixed_strike,95.98731994628906,97.99003601074219,91.21894836425781,97.13172912597656,101.51863098144531,5.91278076171875,-1.811981201171875,,,,95.98731994628906,81.92062377929688,-14.066696166992188,37.78382375447835,58.203496191810714,,QuantData term-structure
2026-08-17T14:40:00-04:00,2026-08-21,4,455.0,call,0.00455402922887378,96.08268737792969,356.08,fixed_strike,95.98731994628906,97.99003601074219,91.21894836425781,97.13172912597656,101.51863098144531,5.91278076171875,-1.811981201171875,,,,95.98731994628906,81.92062377929688,-14.066696166992188,37.78382375447835,58.203496191810714,,QuantData term-structure
2026-08-17T14:40:00-04:00,2026-08-21,4,460.0,call,0.014813819989119964,102.56767272949219,356.08,fixed_strike,95.98731994628906,97.99003601074219,91.21894836425781,97.13172912597656,101.51863098144531,5.91278076171875,-1.811981201171875,,,,95.98731994628906,81.92062377929688,-14.066696166992188,37.78382375447835,58.203496191810714,,QuantData term-structure
2026-08-17T14:40:00-04:00,2026-08-21,4,470.0,call,0.016421348506913753,116.20521545410156,356.08,fixed_strike,95.98731994628906,97.99003601074219,91.21894836425781,97.13172912597656,101.51863098144531,5.91278076171875,-1.811981201171875,,,,95.98731994628906,81.92062377929688,-14.066696166992188,37.78382375447835,58.203496191810714,,QuantData term-structure
2026-08-17T14:40:00-04:00,2026-08-21,4,480.0,call,0.011986993163634385,118.58940124511719,356.08,fixed_strike,95.98731994628906,97.99003601074219,91.21894836425781,97.13172912597656,101.51863098144531,5.91278076171875,-1.811981201171875,,,,95.98731994628906,81.92062377929688,-14.066696166992188,37.78382375447835,58.203496191810714,,QuantData term-structure
2026-08-17T14:40:00-04:00,2026-08-21,4,500.0,call,0.0031755822800815774,113.72566223144531,356.08,fixed_strike,95.98731994628906,97.99003601074219,91.21894836425781,97.13172912597656,101.51863098144531,5.91278076171875,-1.811981201171875,,,,95.98731994628906,81.92062377929688,-14.066696166992188,37.78382375447835,58.203496191810714,,QuantData term-structure
2026-08-17T14:40:00-04:00,2026-08-21,4,540.0,call,0.003251252026313297,139.2841339111328,356.08,fixed_strike,95.98731994628906,97.99003601074219,91.21894836425781,97.13172912597656,101.51863098144531,5.91278076171875,-1.811981201171875,,,,95.98731994628906,81.92062377929688,-14.066696166992188,37.78382375447835,58.203496191810714,,QuantData term-structure
2026-08-17T14:40:00-04:00,2026-08-21,4,550.0,call,0.003152640143459258,144.6247100830078,356.08,fixed_strike,95.98731994628906,97.99003601074219,91.21894836425781,97.13172912597656,101.51863098144531,5.91278076171875,-1.811981201171875,,,,95.98731994628906,81.92062377929688,-14.066696166992188,37.78382375447835,58.203496191810714,,QuantData term-structure
2026-08-17T14:40:00-04:00,2026-08-21,4,600.0,call,0.002678511521111298,172.56736755371094,356.08,fixed_strike,95.98731994628906,97.99003601074219,91.21894836425781,97.13172912597656,101.51863098144531,5.91278076171875,-1.811981201171875,,,,95.98731994628906,81.92062377929688,-14.066696166992188,37.78382375447835,58.203496191810714,,QuantData term-structure
2026-08-17T14:40:00-04:00,2026-08-21,4,630.0,call,0.0006334652029348116,162.1723175048828,356.08,fixed_strike,95.98731994628906,97.99003601074219,91.21894836425781,97.13172912597656,101.51863098144531,5.91278076171875,-1.811981201171875,,,,95.98731994628906,81.92062377929688,-14.066696166992188,37.78382375447835,58.203496191810714,,QuantData term-structure
2026-08-17T14:40:00-04:00,2026-08-21,4,640.0,call,0.0011270590871121696,175.23765563964844,356.08,fixed_strike,95.98731994628906,97.99003601074219,91.21894836425781,97.13172912597656,101.51863098144531,5.91278076171875,-1.811981201171875,,,,95.98731994628906,81.92062377929688,-14.066696166992188,37.78382375447835,58.203496191810714,,QuantData term-structure
2026-08-17T14:40:00-04:00,2026-08-21,4,650.0,call,0.0015723717007668188,181.72264099121094,356.08,fixed_strike,95.98731994628906,97.99003601074219,91.21894836425781,97.13172912597656,101.51863098144531,5.91278076171875,-1.811981201171875,,,,95.98731994628906,81.92062377929688,-14.066696166992188,37.78382375447835,58.203496191810714,,QuantData term-structure
2026-08-17T14:40:00-04:00,2026-08-28,11,185.0,put,-0.0020316193316969808,129.46128845214844,356.08,fixed_strike,88.40560913085938,88.07182312011719,87.21351623535156,89.40696716308594,90.55137634277344,2.193450927734375,-0.095367431640625,,,,95.98731994628906,81.92062377929688,-14.066696166992188,37.78382375447835,50.62178537638103,,QuantData term-structure
2026-08-17T14:40:00-04:00,2026-08-28,11,195.0,put,-0.002203859267462246,119.35234069824219,356.08,fixed_strike,88.40560913085938,88.07182312011719,87.21351623535156,89.40696716308594,90.55137634277344,2.193450927734375,-0.095367431640625,,,,95.98731994628906,81.92062377929688,-14.066696166992188,37.78382375447835,50.62178537638103,,QuantData term-structure
2026-08-17T14:40:00-04:00,2026-08-28,11,200.0,put,-0.002081560600951094,121.83189392089844,356.08,fixed_strike,88.40560913085938,88.07182312011719,87.21351623535156,89.40696716308594,90.55137634277344,2.193450927734375,-0.095367431640625,,,,95.98731994628906,81.92062377929688,-14.066696166992188,37.78382375447835,50.62178537638103,,QuantData term-structure
2026-08-17T14:40:00-04:00,2026-08-28,11,220.0,put,-0.004390953315091261,110.67390441894531,356.08,fixed_strike,88.40560913085938,88.07182312011719,87.21351623535156,89.40696716308594,90.55137634277344,2.193450927734375,-0.095367431640625,,,,95.98731994628906,81.92062377929688,-14.066696166992188,37.78382375447835,50.62178537638103,,QuantData term-structure
2026-08-17T14:40:00-04:00,2026-08-28,11,230.0,put,-0.0051301489736856635,102.47230529785156,356.08,fixed_strike,88.40560913085938,88.07182312011719,87.21351623535156,89.40696716308594,90.55137634277344,2.193450927734375,-0.095367431640625,,,,95.98731994628906,81.92062377929688,-14.066696166992188,37.78382375447835,50.62178537638103,,QuantData term-structure
2026-08-17T14:40:00-04:00,2026-08-28,11,235.0,put,-0.008217825263383391,104.76112365722656,356.08,fixed_strike,88.40560913085938,88.07182312011719,87.21351623535156,89.40696716308594,90.55137634277344,2.193450927734375,-0.095367431640625,,,,95.98731994628906,81.92062377929688,-14.066696166992188,37.78382375447835,50.62178537638103,,QuantData term-structure
2026-08-17T14:40:00-04:00,2026-08-28,11,240.0,put,-0.008948680141451948,100.85105895996094,356.08,fixed_strike,88.40560913085938,88.07182312011719,87.21351623535156,89.40696716308594,90.55137634277344,2.193450927734375,-0.095367431640625,,,,95.98731994628906,81.92062377929688,-14.066696166992188,37.78382375447835,50.62178537638103,,QuantData term-structure
2026-08-17T14:40:00-04:00,2026-08-28,11,245.0,put,-0.013672477940137097,103.61671447753906,356.08,fixed_strike,88.40560913085938,88.07182312011719,87.21351623535156,89.40696716308594,90.55137634277344,2.193450927734375,-0.095367431640625,,,,95.98731994628906,81.92062377929688,-14.066696166992188,37.78382375447835,50.62178537638103,,QuantData term-structure
2026-08-17T14:40:00-04:00,2026-08-28,11,250.0,put,-0.014244768765341382,98.75297546386719,356.08,fixed_strike,88.40560913085938,88.07182312011719,87.21351623535156,89.40696716308594,90.55137634277344,2.193450927734375,-0.095367431640625,,,,95.98731994628906,81.92062377929688,-14.066696166992188,37.78382375447835,50.62178537638103,,QuantData term-structure
2026-08-17T14:40:00-04:00,2026-08-28,11,260.0,put,-0.021782408709602154,93.60313415527344,356.08,fixed_strike,88.40560913085938,88.07182312011719,87.21351623535156,89.40696716308594,90.55137634277344,2.193450927734375,-0.095367431640625,,,,95.98731994628906,81.92062377929688,-14.066696166992188,37.78382375447835,50.62178537638103,,QuantData term-structure
2026-08-17T14:40:00-04:00,2026-08-28,11,265.0,call,0.9654447718805711,82.15904235839844,356.08,fixed_strike,88.40560913085938,88.07182312011719,87.21351623535156,89.40696716308594,90.55137634277344,2.193450927734375,-0.095367431640625,,,,95.98731994628906,81.92062377929688,-14.066696166992188,37.78382375447835,50.62178537638103,,QuantData term-structure
2026-08-17T14:40:00-04:00,2026-08-28,11,265.0,put,-0.02529242896130884,94.07997131347656,356.08,fixed_strike,88.40560913085938,88.07182312011719,87.21351623535156,89.40696716308594,90.55137634277344,2.193450927734375,-0.095367431640625,,,,95.98731994628906,81.92062377929688,-14.066696166992188,37.78382375447835,50.62178537638103,,QuantData term-structure
2026-08-17T14:40:00-04:00,2026-08-28,11,270.0,put,-0.033412472575647986,91.88652038574219,356.08,fixed_strike,88.40560913085938,88.07182312011719,87.21351623535156,89.40696716308594,90.55137634277344,2.193450927734375,-0.095367431640625,,,,95.98731994628906,81.92062377929688,-14.066696166992188,37.78382375447835,50.62178537638103,,QuantData term-structure
2026-08-17T14:40:00-04:00,2026-08-28,11,275.0,call,0.9494332366818796,97.03636169433594,356.08,fixed_strike,88.40560913085938,88.07182312011719,87.21351623535156,89.40696716308594,90.55137634277344,2.193450927734375,-0.095367431640625,,,,95.98731994628906,81.92062377929688,-14.066696166992188,37.78382375447835,50.62178537638103,,QuantData term-structure
2026-08-17T14:40:00-04:00,2026-08-28,11,275.0,put,-0.042298389517058166,91.88652038574219,356.08,fixed_strike,88.40560913085938,88.07182312011719,87.21351623535156,89.40696716308594,90.55137634277344,2.193450927734375,-0.095367431640625,,,,95.98731994628906,81.92062377929688,-14.066696166992188,37.78382375447835,50.62178537638103,,QuantData term-structure
2026-08-17T14:40:00-04:00,2026-08-28,11,280.0,call,0.9187877075666315,108.48045349121094,356.08,fixed_strike,88.40560913085938,88.07182312011719,87.21351623535156,89.40696716308594,90.55137634277344,2.193450927734375,-0.095367431640625,,,,95.98731994628906,81.92062377929688,-14.066696166992188,37.78382375447835,50.62178537638103,,QuantData term-structure
2026-08-17T14:40:00-04:00,2026-08-28,11,280.0,put,-0.05466121168365412,91.60041809082031,356.08,fixed_strike,88.40560913085938,88.07182312011719,87.21351623535156,89.40696716308594,90.55137634277344,2.193450927734375,-0.095367431640625,,,,95.98731994628906,81.92062377929688,-14.066696166992188,37.78382375447835,50.62178537638103,,QuantData term-structure
2026-08-17T14:40:00-04:00,2026-08-28,11,285.0,put,-0.06423235003608807,91.88652038574219,356.08,fixed_strike,88.40560913085938,88.07182312011719,87.21351623535156,89.40696716308594,90.55137634277344,2.193450927734375,-0.095367431640625,,,,95.98731994628906,81.92062377929688,-14.066696166992188,37.78382375447835,50.62178537638103,,QuantData term-structure
2026-08-17T14:40:00-04:00,2026-08-28,11,290.0,call,0.92417896665805,93.60313415527344,356.08,fixed_strike,88.40560913085938,88.07182312011719,87.21351623535156,89.40696716308594,90.55137634277344,2.193450927734375,-0.095367431640625,,,,95.98731994628906,81.92062377929688,-14.066696166992188,37.78382375447835,50.62178537638103,,QuantData term-structure
2026-08-17T14:40:00-04:00,2026-08-28,11,290.0,put,-0.07338276116475956,91.40968322753906,356.08,fixed_strike,88.40560913085938,88.07182312011719,87.21351623535156,89.40696716308594,90.55137634277344,2.193450927734375,-0.095367431640625,,,,95.98731994628906,81.92062377929688,-14.066696166992188,37.78382375447835,50.62178537638103,,QuantData term-structure
2026-08-17T14:40:00-04:00,2026-08-28,11,295.0,put,-0.09432044039295812,88.07182312011719,356.08,fixed_strike,88.40560913085938,88.07182312011719,87.21351623535156,89.40696716308594,90.55137634277344,2.193450927734375,-0.095367431640625,,,,95.98731994628906,81.92062377929688,-14.066696166992188,37.78382375447835,50.62178537638103,,QuantData term-structure
2026-08-17T14:40:00-04:00,2026-08-28,11,300.0,call,0.7968604352653632,95.31974792480469,356.08,fixed_strike,88.40560913085938,88.07182312011719,87.21351623535156,89.40696716308594,90.55137634277344,2.193450927734375,-0.095367431640625,,,,95.98731994628906,81.92062377929688,-14.066696166992188,37.78382375447835,50.62178537638103,,QuantData term-structure
2026-08-17T14:40:00-04:00,2026-08-28,11,300.0,put,-0.11370301403855865,89.40696716308594,356.08,fixed_strike,88.40560913085938,88.07182312011719,87.21351623535156,89.40696716308594,90.55137634277344,2.193450927734375,-0.095367431640625,,,,95.98731994628906,81.92062377929688,-14.066696166992188,37.78382375447835,50.62178537638103,,QuantData term-structure
2026-08-17T14:40:00-04:00,2026-08-28,11,302.5,put,-0.11708039949270876,89.21623229980469,356.08,fixed_strike,88.40560913085938,88.07182312011719,87.21351623535156,89.40696716308594,90.55137634277344,2.193450927734375,-0.095367431640625,,,,95.98731994628906,81.92062377929688,-14.066696166992188,37.78382375447835,50.62178537638103,,QuantData term-structure
2026-08-17T14:40:00-04:00,2026-08-28,11,305.0,call,0.8117764235792789,89.02549743652344,356.08,fixed_strike,88.40560913085938,88.07182312011719,87.21351623535156,89.40696716308594,90.55137634277344,2.193450927734375,-0.095367431640625,,,,95.98731994628906,81.92062377929688,-14.066696166992188,37.78382375447835,50.62178537638103,,QuantData term-structure
2026-08-17T14:40:00-04:00,2026-08-28,11,305.0,put,-0.13156861814594267,88.26255798339844,356.08,fixed_strike,88.40560913085938,88.07182312011719,87.21351623535156,89.40696716308594,90.55137634277344,2.193450927734375,-0.095367431640625,,,,95.98731994628906,81.92062377929688,-14.066696166992188,37.78382375447835,50.62178537638103,,QuantData term-structure
2026-08-17T14:40:00-04:00,2026-08-28,11,307.5,put,-0.14659170609872813,88.45329284667969,356.08,fixed_strike,88.40560913085938,88.07182312011719,87.21351623535156,89.40696716308594,90.55137634277344,2.193450927734375,-0.095367431640625,,,,95.98731994628906,81.92062377929688,-14.066696166992188,37.78382375447835,50.62178537638103,,QuantData term-structure
2026-08-17T14:40:00-04:00,2026-08-28,11,310.0,call,0.757633685233819,91.60041809082031,356.08,fixed_strike,88.40560913085938,88.07182312011719,87.21351623535156,89.40696716308594,90.55137634277344,2.193450927734375,-0.095367431640625,,,,95.98731994628906,81.92062377929688,-14.066696166992188,37.78382375447835,50.62178537638103,,QuantData term-structure
2026-08-17T14:40:00-04:00,2026-08-28,11,310.0,put,-0.15411448801109956,87.59498596191406,356.08,fixed_strike,88.40560913085938,88.07182312011719,87.21351623535156,89.40696716308594,90.55137634277344,2.193450927734375,-0.095367431640625,,,,95.98731994628906,81.92062377929688,-14.066696166992188,37.78382375447835,50.62178537638103,,QuantData term-structure
2026-08-17T14:40:00-04:00,2026-08-28,11,312.5,put,-0.19529538767773863,89.02549743652344,356.08,fixed_strike,88.40560913085938,88.07182312011719,87.21351623535156,89.40696716308594,90.55137634277344,2.193450927734375,-0.095367431640625,,,,95.98731994628906,81.92062377929688,-14.066696166992188,37.78382375447835,50.62178537638103,,QuantData term-structure
2026-08-17T14:40:00-04:00,2026-08-28,11,315.0,call,0.8025157246833463,87.97645568847656,356.08,fixed_strike,88.40560913085938,88.07182312011719,87.21351623535156,89.40696716308594,90.55137634277344,2.193450927734375,-0.095367431640625,,,,95.98731994628906,81.92062377929688,-14.066696166992188,37.78382375447835,50.62178537638103,,QuantData term-structure
2026-08-17T14:40:00-04:00,2026-08-28,11,315.0,put,-0.18914419132076205,87.69035339355469,356.08,fixed_strike,88.40560913085938,88.07182312011719,87.21351623535156,89.40696716308594,90.55137634277344,2.193450927734375,-0.095367431640625,,,,95.98731994628906,81.92062377929688,-14.066696166992188,37.78382375447835,50.62178537638103,,QuantData term-structure
2026-08-17T14:40:00-04:00,2026-08-28,11,317.5,put,-0.19829833625252546,88.07182312011719,356.08,fixed_strike,88.40560913085938,88.07182312011719,87.21351623535156,89.40696716308594,90.55137634277344,2.193450927734375,-0.095367431640625,,,,95.98731994628906,81.92062377929688,-14.066696166992188,37.78382375447835,50.62178537638103,,QuantData term-structure
2026-08-17T14:40:00-04:00,2026-08-28,11,320.0,call,0.7623786362861895,85.59226989746094,356.08,fixed_strike,88.40560913085938,88.07182312011719,87.21351623535156,89.40696716308594,90.55137634277344,2.193450927734375,-0.095367431640625,,,,95.98731994628906,81.92062377929688,-14.066696166992188,37.78382375447835,50.62178537638103,,QuantData term-structure
2026-08-17T14:40:00-04:00,2026-08-28,11,320.0,put,-0.20781105016821666,86.45057678222656,356.08,fixed_strike,88.40560913085938,88.07182312011719,87.21351623535156,89.40696716308594,90.55137634277344,2.193450927734375,-0.095367431640625,,,,95.98731994628906,81.92062377929688,-14.066696166992188,37.78382375447835,50.62178537638103,,QuantData term-structure
2026-08-17T14:40:00-04:00,2026-08-28,11,322.5,put,-0.2200477355485399,89.40696716308594,356.08,fixed_strike,88.40560913085938,88.07182312011719,87.21351623535156,89.40696716308594,90.55137634277344,2.193450927734375,-0.095367431640625,,,,95.98731994628906,81.92062377929688,-14.066696166992188,37.78382375447835,50.62178537638103,,QuantData term-structure
2026-08-17T14:40:00-04:00,2026-08-28,11,325.0,call,0.7649162583347139,86.54594421386719,356.08,fixed_strike,88.40560913085938,88.07182312011719,87.21351623535156,89.40696716308594,90.55137634277344,2.193450927734375,-0.095367431640625,,,,95.98731994628906,81.92062377929688,-14.066696166992188,37.78382375447835,50.62178537638103,,QuantData term-structure
2026-08-17T14:40:00-04:00,2026-08-28,11,325.0,put,-0.23689270110310895,85.78300476074219,356.08,fixed_strike,88.40560913085938,88.07182312011719,87.21351623535156,89.40696716308594,90.55137634277344,2.193450927734375,-0.095367431640625,,,,95.98731994628906,81.92062377929688,-14.066696166992188,37.78382375447835,50.62178537638103,,QuantData term-structure
2026-08-17T14:40:00-04:00,2026-08-28,11,327.5,call,0.6709299587591461,89.12086486816406,356.08,fixed_strike,88.40560913085938,88.07182312011719,87.21351623535156,89.40696716308594,90.55137634277344,2.193450927734375,-0.095367431640625,,,,95.98731994628906,81.92062377929688,-14.066696166992188,37.78382375447835,50.62178537638103,,QuantData term-structure
2026-08-17T14:40:00-04:00,2026-08-28,11,327.5,put,-0.253600537941223,87.21351623535156,356.08,fixed_strike,88.40560913085938,88.07182312011719,87.21351623535156,89.40696716308594,90.55137634277344,2.193450927734375,-0.095367431640625,,,,95.98731994628906,81.92062377929688,-14.066696166992188,37.78382375447835,50.62178537638103,,QuantData term-structure
2026-08-17T14:40:00-04:00,2026-08-28,11,330.0,call,0.7188391195321971,86.64131164550781,356.08,fixed_strike,88.40560913085938,88.07182312011719,87.21351623535156,89.40696716308594,90.55137634277344,2.193450927734375,-0.095367431640625,,,,95.98731994628906,81.92062377929688,-14.066696166992188,37.78382375447835,50.62178537638103,,QuantData term-structure
2026-08-17T14:40:00-04:00,2026-08-28,11,330.0,put,-0.275189950013015,87.49961853027344,356.08,fixed_strike,88.40560913085938,88.07182312011719,87.21351623535156,89.40696716308594,90.55137634277344,2.193450927734375,-0.095367431640625,,,,95.98731994628906,81.92062377929688,-14.066696166992188,37.78382375447835,50.62178537638103,,QuantData term-structure
2026-08-17T14:40:00-04:00,2026-08-28,11,332.5,put,-0.3648653630556492,89.40696716308594,356.08,fixed_strike,88.40560913085938,88.07182312011719,87.21351623535156,89.40696716308594,90.55137634277344,2.193450927734375,-0.095367431640625,,,,95.98731994628906,81.92062377929688,-14.066696166992188,37.78382375447835,50.62178537638103,,QuantData term-structure
2026-08-17T14:40:00-04:00,2026-08-28,11,335.0,call,0.7076293454829422,90.26527404785156,356.08,fixed_strike,88.40560913085938,88.07182312011719,87.21351623535156,89.40696716308594,90.55137634277344,2.193450927734375,-0.095367431640625,,,,95.98731994628906,81.92062377929688,-14.066696166992188,37.78382375447835,50.62178537638103,,QuantData term-structure
2026-08-17T14:40:00-04:00,2026-08-28,11,335.0,put,-0.315824648594066,86.92741394042969,356.08,fixed_strike,88.40560913085938,88.07182312011719,87.21351623535156,89.40696716308594,90.55137634277344,2.193450927734375,-0.095367431640625,,,,95.98731994628906,81.92062377929688,-14.066696166992188,37.78382375447835,50.62178537638103,,QuantData term-structure
2026-08-17T14:40:00-04:00,2026-08-28,11,337.5,call,0.542906337919627,89.21623229980469,356.08,fixed_strike,88.40560913085938,88.07182312011719,87.21351623535156,89.40696716308594,90.55137634277344,2.193450927734375,-0.095367431640625,,,,95.98731994628906,81.92062377929688,-14.066696166992188,37.78382375447835,50.62178537638103,,QuantData term-structure
2026-08-17T14:40:00-04:00,2026-08-28,11,337.5,put,-0.31770092352489976,87.02278137207031,356.08,fixed_strike,88.40560913085938,88.07182312011719,87.21351623535156,89.40696716308594,90.55137634277344,2.193450927734375,-0.095367431640625,,,,95.98731994628906,81.92062377929688,-14.066696166992188,37.78382375447835,50.62178537638103,,QuantData term-structure
2026-08-17T14:40:00-04:00,2026-08-28,11,340.0,call,0.6848802078454187,84.25712585449219,356.08,fixed_strike,88.40560913085938,88.07182312011719,87.21351623535156,89.40696716308594,90.55137634277344,2.193450927734375,-0.095367431640625,,,,95.98731994628906,81.92062377929688,-14.066696166992188,37.78382375447835,50.62178537638103,,QuantData term-structure
2026-08-17T14:40:00-04:00,2026-08-28,11,340.0,put,-0.3219812067145376,87.11814880371094,356.08,fixed_strike,88.40560913085938,88.07182312011719,87.21351623535156,89.40696716308594,90.55137634277344,2.193450927734375,-0.095367431640625,,,,95.98731994628906,81.92062377929688,-14.066696166992188,37.78382375447835,50.62178537638103,,QuantData term-structure
2026-08-17T14:40:00-04:00,2026-08-28,11,342.5,call,0.6537802394170236,74.72038269042969,356.08,fixed_strike,88.40560913085938,88.07182312011719,87.21351623535156,89.40696716308594,90.55137634277344,2.193450927734375,-0.095367431640625,,,,95.98731994628906,81.92062377929688,-14.066696166992188,37.78382375447835,50.62178537638103,,QuantData term-structure
2026-08-17T14:40:00-04:00,2026-08-28,11,342.5,put,-0.3371018697745073,89.02549743652344,356.08,fixed_strike,88.40560913085938,88.07182312011719,87.21351623535156,89.40696716308594,90.55137634277344,2.193450927734375,-0.095367431640625,,,,95.98731994628906,81.92062377929688,-14.066696166992188,37.78382375447835,50.62178537638103,,QuantData term-structure
2026-08-17T14:40:00-04:00,2026-08-28,11,345.0,call,0.6155040668092857,87.59498596191406,356.08,fixed_strike,88.40560913085938,88.07182312011719,87.21351623535156,89.40696716308594,90.55137634277344,2.193450927734375,-0.095367431640625,,,,95.98731994628906,81.92062377929688,-14.066696166992188,37.78382375447835,50.62178537638103,,QuantData term-structure
2026-08-17T14:40:00-04:00,2026-08-28,11,345.0,put,-0.43083977322790756,87.30888366699219,356.08,fixed_strike,88.40560913085938,88.07182312011719,87.21351623535156,89.40696716308594,90.55137634277344,2.193450927734375,-0.095367431640625,,,,95.98731994628906,81.92062377929688,-14.066696166992188,37.78382375447835,50.62178537638103,,QuantData term-structure
2026-08-17T14:40:00-04:00,2026-08-28,11,347.5,call,0.6059346753506445,85.59226989746094,356.08,fixed_strike,88.40560913085938,88.07182312011719,87.21351623535156,89.40696716308594,90.55137634277344,2.193450927734375,-0.095367431640625,,,,95.98731994628906,81.92062377929688,-14.066696166992188,37.78382375447835,50.62178537638103,,QuantData term-structure
2026-08-17T14:40:00-04:00,2026-08-28,11,350.0,call,0.5995317985054378,88.93013000488281,356.08,fixed_strike,88.40560913085938,88.07182312011719,87.21351623535156,89.40696716308594,90.55137634277344,2.193450927734375,-0.095367431640625,,,,95.98731994628906,81.92062377929688,-14.066696166992188,37.78382375447835,50.62178537638103,,QuantData term-structure
2026-08-17T14:40:00-04:00,2026-08-28,11,350.0,put,-0.41714937372234406,87.40425109863281,356.08,fixed_strike,88.40560913085938,88.07182312011719,87.21351623535156,89.40696716308594,90.55137634277344,2.193450927734375,-0.095367431640625,,,,95.98731994628906,81.92062377929688,-14.066696166992188,37.78382375447835,50.62178537638103,,QuantData term-structure
2026-08-17T14:40:00-04:00,2026-08-28,11,352.5,call,0.5809527571498617,88.54866027832031,356.08,fixed_strike,88.40560913085938,88.07182312011719,87.21351623535156,89.40696716308594,90.55137634277344,2.193450927734375,-0.095367431640625,,,,95.98731994628906,81.92062377929688,-14.066696166992188,37.78382375447835,50.62178537638103,,QuantData term-structure
2026-08-17T14:40:00-04:00,2026-08-28,11,352.5,put,-0.5464961519785245,86.45057678222656,356.08,fixed_strike,88.40560913085938,88.07182312011719,87.21351623535156,89.40696716308594,90.55137634277344,2.193450927734375,-0.095367431640625,,,,95.98731994628906,81.92062377929688,-14.066696166992188,37.78382375447835,50.62178537638103,,QuantData term-structure
2026-08-17T14:40:00-04:00,2026-08-28,11,355.0,call,0.5693793542280933,89.12086486816406,356.08,fixed_strike,88.40560913085938,88.07182312011719,87.21351623535156,89.40696716308594,90.55137634277344,2.193450927734375,-0.095367431640625,,,,95.98731994628906,81.92062377929688,-14.066696166992188,37.78382375447835,50.62178537638103,,QuantData term-structure
2026-08-17T14:40:00-04:00,2026-08-28,11,355.0,put,-0.45125407049684,87.69035339355469,356.08,fixed_strike,88.40560913085938,88.07182312011719,87.21351623535156,89.40696716308594,90.55137634277344,2.193450927734375,-0.095367431640625,,,,95.98731994628906,81.92062377929688,-14.066696166992188,37.78382375447835,50.62178537638103,,QuantData term-structure
2026-08-17T14:40:00-04:00,2026-08-28,11,357.5,call,0.565665322138064,85.30616760253906,356.08,fixed_strike,88.40560913085938,88.07182312011719,87.21351623535156,89.40696716308594,90.55137634277344,2.193450927734375,-0.095367431640625,,,,95.98731994628906,81.92062377929688,-14.066696166992188,37.78382375447835,50.62178537638103,,QuantData term-structure
2026-08-17T14:40:00-04:00,2026-08-28,11,357.5,put,-0.4717657735243454,87.88108825683594,356.08,fixed_strike,88.40560913085938,88.07182312011719,87.21351623535156,89.40696716308594,90.55137634277344,2.193450927734375,-0.095367431640625,,,,95.98731994628906,81.92062377929688,-14.066696166992188,37.78382375447835,50.62178537638103,,QuantData term-structure
2026-08-17T14:40:00-04:00,2026-08-28,11,360.0,call,0.5098002112568947,87.97645568847656,356.08,fixed_strike,88.40560913085938,88.07182312011719,87.21351623535156,89.40696716308594,90.55137634277344,2.193450927734375,-0.095367431640625,,,,95.98731994628906,81.92062377929688,-14.066696166992188,37.78382375447835,50.62178537638103,,QuantData term-structure
2026-08-17T14:40:00-04:00,2026-08-28,11,360.0,put,-0.4993462247988177,83.78028869628906,356.08,fixed_strike,88.40560913085938,88.07182312011719,87.21351623535156,89.40696716308594,90.55137634277344,2.193450927734375,-0.095367431640625,,,,95.98731994628906,81.92062377929688,-14.066696166992188,37.78382375447835,50.62178537638103,,QuantData term-structure
2026-08-17T14:40:00-04:00,2026-08-28,11,362.5,call,0.5046649857677294,102.85377502441406,356.08,fixed_strike,88.40560913085938,88.07182312011719,87.21351623535156,89.40696716308594,90.55137634277344,2.193450927734375,-0.095367431640625,,,,95.98731994628906,81.92062377929688,-14.066696166992188,37.78382375447835,50.62178537638103,,QuantData term-structure
2026-08-17T14:40:00-04:00,2026-08-28,11,365.0,call,0.5016296515064427,87.30888366699219,356.08,fixed_strike,88.40560913085938,88.07182312011719,87.21351623535156,89.40696716308594,90.55137634277344,2.193450927734375,-0.095367431640625,,,,95.98731994628906,81.92062377929688,-14.066696166992188,37.78382375447835,50.62178537638103,,QuantData term-structure
2026-08-17T14:40:00-04:00,2026-08-28,11,367.5,call,0.4630480169077362,88.07182312011719,356.08,fixed_strike,88.40560913085938,88.07182312011719,87.21351623535156,89.40696716308594,90.55137634277344,2.193450927734375,-0.095367431640625,,,,95.98731994628906,81.92062377929688,-14.066696166992188,37.78382375447835,50.62178537638103,,QuantData term-structure
2026-08-17T14:40:00-04:00,2026-08-28,11,370.0,call,0.4741461018224845,89.78843688964844,356.08,fixed_strike,88.40560913085938,88.07182312011719,87.21351623535156,89.40696716308594,90.55137634277344,2.193450927734375,-0.095367431640625,,,,95.98731994628906,81.92062377929688,-14.066696166992188,37.78382375447835,50.62178537638103,,QuantData term-structure
2026-08-17T14:40:00-04:00,2026-08-28,11,370.0,put,-0.58998152815759,90.16990661621094,356.08,fixed_strike,88.40560913085938,88.07182312011719,87.21351623535156,89.40696716308594,90.55137634277344,2.193450927734375,-0.095367431640625,,,,95.98731994628906,81.92062377929688,-14.066696166992188,37.78382375447835,50.62178537638103,,QuantData term-structure
2026-08-17T14:40:00-04:00,2026-08-28,11,372.5,call,0.4482609637624695,88.26255798339844,356.08,fixed_strike,88.40560913085938,88.07182312011719,87.21351623535156,89.40696716308594,90.55137634277344,2.193450927734375,-0.095367431640625,,,,95.98731994628906,81.92062377929688,-14.066696166992188,37.78382375447835,50.62178537638103,,QuantData term-structure
2026-08-17T14:40:00-04:00,2026-08-28,11,375.0,call,0.4123526079497288,87.02278137207031,356.08,fixed_strike,88.40560913085938,88.07182312011719,87.21351623535156,89.40696716308594,90.55137634277344,2.193450927734375,-0.095367431640625,,,,95.98731994628906,81.92062377929688,-14.066696166992188,37.78382375447835,50.62178537638103,,QuantData term-structure
2026-08-17T14:40:00-04:00,2026-08-28,11,377.5,call,0.32345897944824653,87.49961853027344,356.08,fixed_strike,88.40560913085938,88.07182312011719,87.21351623535156,89.40696716308594,90.55137634277344,2.193450927734375,-0.095367431640625,,,,95.98731994628906,81.92062377929688,-14.066696166992188,37.78382375447835,50.62178537638103,,QuantData term-structure
2026-08-17T14:40:00-04:00,2026-08-28,11,377.5,put,-0.6752069331120996,90.45600891113281,356.08,fixed_strike,88.40560913085938,88.07182312011719,87.21351623535156,89.40696716308594,90.55137634277344,2.193450927734375,-0.095367431640625,,,,95.98731994628906,81.92062377929688,-14.066696166992188,37.78382375447835,50.62178537638103,,QuantData term-structure
2026-08-17T14:40:00-04:00,2026-08-28,11,380.0,call,0.38077941136014215,87.11814880371094,356.08,fixed_strike,88.40560913085938,88.07182312011719,87.21351623535156,89.40696716308594,90.55137634277344,2.193450927734375,-0.095367431640625,,,,95.98731994628906,81.92062377929688,-14.066696166992188,37.78382375447835,50.62178537638103,,QuantData term-structure
2026-08-17T14:40:00-04:00,2026-08-28,11,380.0,put,-0.5990433604743461,89.21623229980469,356.08,fixed_strike,88.40560913085938,88.07182312011719,87.21351623535156,89.40696716308594,90.55137634277344,2.193450927734375,-0.095367431640625,,,,95.98731994628906,81.92062377929688,-14.066696166992188,37.78382375447835,50.62178537638103,,QuantData term-structure
2026-08-17T14:40:00-04:00,2026-08-28,11,385.0,call,0.36139239168528536,87.78572082519531,356.08,fixed_strike,88.40560913085938,88.07182312011719,87.21351623535156,89.40696716308594,90.55137634277344,2.193450927734375,-0.095367431640625,,,,95.98731994628906,81.92062377929688,-14.066696166992188,37.78382375447835,50.62178537638103,,QuantData term-structure
2026-08-17T14:40:00-04:00,2026-08-28,11,390.0,call,0.31538225754011767,87.69035339355469,356.08,fixed_strike,88.40560913085938,88.07182312011719,87.21351623535156,89.40696716308594,90.55137634277344,2.193450927734375,-0.095367431640625,,,,95.98731994628906,81.92062377929688,-14.066696166992188,37.78382375447835,50.62178537638103,,QuantData term-structure
2026-08-17T14:40:00-04:00,2026-08-28,11,390.0,put,-0.6674006447481429,89.69306945800781,356.08,fixed_strike,88.40560913085938,88.07182312011719,87.21351623535156,89.40696716308594,90.55137634277344,2.193450927734375,-0.095367431640625,,,,95.98731994628906,81.92062377929688,-14.066696166992188,37.78382375447835,50.62178537638103,,QuantData term-structure
2026-08-17T14:40:00-04:00,2026-08-28,11,392.5,call,0.29616604881995123,88.93013000488281,356.08,fixed_strike,88.40560913085938,88.07182312011719,87.21351623535156,89.40696716308594,90.55137634277344,2.193450927734375,-0.095367431640625,,,,95.98731994628906,81.92062377929688,-14.066696166992188,37.78382375447835,50.62178537638103,,QuantData term-structure
2026-08-17T14:40:00-04:00,2026-08-28,11,395.0,call,0.2838157567539249,90.64674377441406,356.08,fixed_strike,88.40560913085938,88.07182312011719,87.21351623535156,89.40696716308594,90.55137634277344,2.193450927734375,-0.095367431640625,,,,95.98731994628906,81.92062377929688,-14.066696166992188,37.78382375447835,50.62178537638103,,QuantData term-structure
2026-08-17T14:40:00-04:00,2026-08-28,11,400.0,call,0.2609047324650394,88.83476257324219,356.08,fixed_strike,88.40560913085938,88.07182312011719,87.21351623535156,89.40696716308594,90.55137634277344,2.193450927734375,-0.095367431640625,,,,95.98731994628906,81.92062377929688,-14.066696166992188,37.78382375447835,50.62178537638103,,QuantData term-structure
2026-08-17T14:40:00-04:00,2026-08-28,11,405.0,call,0.2551192728079994,89.40696716308594,356.08,fixed_strike,88.40560913085938,88.07182312011719,87.21351623535156,89.40696716308594,90.55137634277344,2.193450927734375,-0.095367431640625,,,,95.98731994628906,81.92062377929688,-14.066696166992188,37.78382375447835,50.62178537638103,,QuantData term-structure
2026-08-17T14:40:00-04:00,2026-08-28,11,410.0,call,0.2140394497650573,90.93284606933594,356.08,fixed_strike,88.40560913085938,88.07182312011719,87.21351623535156,89.40696716308594,90.55137634277344,2.193450927734375,-0.095367431640625,,,,95.98731994628906,81.92062377929688,-14.066696166992188,37.78382375447835,50.62178537638103,,QuantData term-structure
2026-08-17T14:40:00-04:00,2026-08-28,11,410.0,put,-0.7742507929270621,87.88108825683594,356.08,fixed_strike,88.40560913085938,88.07182312011719,87.21351623535156,89.40696716308594,90.55137634277344,2.193450927734375,-0.095367431640625,,,,95.98731994628906,81.92062377929688,-14.066696166992188,37.78382375447835,50.62178537638103,,QuantData term-structure
2026-08-17T14:40:00-04:00,2026-08-28,11,415.0,call,0.21006427404732442,91.69578552246094,356.08,fixed_strike,88.40560913085938,88.07182312011719,87.21351623535156,89.40696716308594,90.55137634277344,2.193450927734375,-0.095367431640625,,,,95.98731994628906,81.92062377929688,-14.066696166992188,37.78382375447835,50.62178537638103,,QuantData term-structure
2026-08-17T14:40:00-04:00,2026-08-28,11,420.0,call,0.1722493837062733,89.21623229980469,356.08,fixed_strike,88.40560913085938,88.07182312011719,87.21351623535156,89.40696716308594,90.55137634277344,2.193450927734375,-0.095367431640625,,,,95.98731994628906,81.92062377929688,-14.066696166992188,37.78382375447835,50.62178537638103,,QuantData term-structure
2026-08-17T14:40:00-04:00,2026-08-28,11,425.0,call,0.11721808248251436,89.78843688964844,356.08,fixed_strike,88.40560913085938,88.07182312011719,87.21351623535156,89.40696716308594,90.55137634277344,2.193450927734375,-0.095367431640625,,,,95.98731994628906,81.92062377929688,-14.066696166992188,37.78382375447835,50.62178537638103,,QuantData term-structure
2026-08-17T14:40:00-04:00,2026-08-28,11,430.0,call,0.1521939841640203,90.45600891113281,356.08,fixed_strike,88.40560913085938,88.07182312011719,87.21351623535156,89.40696716308594,90.55137634277344,2.193450927734375,-0.095367431640625,,,,95.98731994628906,81.92062377929688,-14.066696166992188,37.78382375447835,50.62178537638103,,QuantData term-structure
2026-08-17T14:40:00-04:00,2026-08-28,11,440.0,call,0.11551976483854959,90.64674377441406,356.08,fixed_strike,88.40560913085938,88.07182312011719,87.21351623535156,89.40696716308594,90.55137634277344,2.193450927734375,-0.095367431640625,,,,95.98731994628906,81.92062377929688,-14.066696166992188,37.78382375447835,50.62178537638103,,QuantData term-structure
2026-08-17T14:40:00-04:00,2026-08-28,11,450.0,call,0.09426746184680429,90.55137634277344,356.08,fixed_strike,88.40560913085938,88.07182312011719,87.21351623535156,89.40696716308594,90.55137634277344,2.193450927734375,-0.095367431640625,,,,95.98731994628906,81.92062377929688,-14.066696166992188,37.78382375447835,50.62178537638103,,QuantData term-structure
2026-08-17T14:40:00-04:00,2026-08-28,11,460.0,call,0.0654821823315001,90.36064147949219,356.08,fixed_strike,88.40560913085938,88.07182312011719,87.21351623535156,89.40696716308594,90.55137634277344,2.193450927734375,-0.095367431640625,,,,95.98731994628906,81.92062377929688,-14.066696166992188,37.78382375447835,50.62178537638103,,QuantData term-structure
2026-08-17T14:40:00-04:00,2026-08-28,11,465.0,call,0.06138933841051836,92.64945983886719,356.08,fixed_strike,88.40560913085938,88.07182312011719,87.21351623535156,89.40696716308594,90.55137634277344,2.193450927734375,-0.095367431640625,,,,95.98731994628906,81.92062377929688,-14.066696166992188,37.78382375447835,50.62178537638103,,QuantData term-structure
2026-08-17T14:40:00-04:00,2026-08-28,11,470.0,call,0.049446878107278935,90.83747863769531,356.08,fixed_strike,88.40560913085938,88.07182312011719,87.21351623535156,89.40696716308594,90.55137634277344,2.193450927734375,-0.095367431640625,,,,95.98731994628906,81.92062377929688,-14.066696166992188,37.78382375447835,50.62178537638103,,QuantData term-structure
2026-08-17T14:40:00-04:00,2026-08-28,11,480.0,call,0.02932455742579155,90.74211120605469,356.08,fixed_strike,88.40560913085938,88.07182312011719,87.21351623535156,89.40696716308594,90.55137634277344,2.193450927734375,-0.095367431640625,,,,95.98731994628906,81.92062377929688,-14.066696166992188,37.78382375447835,50.62178537638103,,QuantData term-structure
2026-08-17T14:40:00-04:00,2026-08-28,11,510.0,call,0.022063210009624502,96.84562683105469,356.08,fixed_strike,88.40560913085938,88.07182312011719,87.21351623535156,89.40696716308594,90.55137634277344,2.193450927734375,-0.095367431640625,,,,95.98731994628906,81.92062377929688,-14.066696166992188,37.78382375447835,50.62178537638103,,QuantData term-structure
2026-08-17T14:40:00-04:00,2026-09-04,18,185.0,put,-0.0018769738985252933,106.57310485839844,356.08,fixed_strike,85.35385131835938,86.16447448730469,86.25984191894531,86.92741394042969,88.64402770996094,0.667572021484375,1.239776611328125,,,,95.98731994628906,81.92062377929688,-14.066696166992188,37.78382375447835,47.57002756388103,,QuantData term-structure
2026-08-17T14:40:00-04:00,2026-09-04,18,225.0,put,-0.011250661179011984,96.46415710449219,356.08,fixed_strike,85.35385131835938,86.16447448730469,86.25984191894531,86.92741394042969,88.64402770996094,0.667572021484375,1.239776611328125,,,,95.98731994628906,81.92062377929688,-14.066696166992188,37.78382375447835,47.57002756388103,,QuantData term-structure
2026-08-17T14:40:00-04:00,2026-09-04,18,230.0,put,-0.020734076288149536,104.85649108886719,356.08,fixed_strike,85.35385131835938,86.16447448730469,86.25984191894531,86.92741394042969,88.64402770996094,0.667572021484375,1.239776611328125,,,,95.98731994628906,81.92062377929688,-14.066696166992188,37.78382375447835,47.57002756388103,,QuantData term-structure
2026-08-17T14:40:00-04:00,2026-09-04,18,235.0,put,-0.06197259732331584,118.30329895019531,356.08,fixed_strike,85.35385131835938,86.16447448730469,86.25984191894531,86.92741394042969,88.64402770996094,0.667572021484375,1.239776611328125,,,,95.98731994628906,81.92062377929688,-14.066696166992188,37.78382375447835,47.57002756388103,,QuantData term-structure
2026-08-17T14:40:00-04:00,2026-09-04,18,240.0,put,-0.03390774802491676,104.95185852050781,356.08,fixed_strike,85.35385131835938,86.16447448730469,86.25984191894531,86.92741394042969,88.64402770996094,0.667572021484375,1.239776611328125,,,,95.98731994628906,81.92062377929688,-14.066696166992188,37.78382375447835,47.57002756388103,,QuantData term-structure
2026-08-17T14:40:00-04:00,2026-09-04,18,250.0,put,-0.031658941783944634,93.88923645019531,356.08,fixed_strike,85.35385131835938,86.16447448730469,86.25984191894531,86.92741394042969,88.64402770996094,0.667572021484375,1.239776611328125,,,,95.98731994628906,81.92062377929688,-14.066696166992188,37.78382375447835,47.57002756388103,,QuantData term-structure
2026-08-17T14:40:00-04:00,2026-09-04,18,255.0,call,0.9645621576206239,88.64402770996094,356.08,fixed_strike,85.35385131835938,86.16447448730469,86.25984191894531,86.92741394042969,88.64402770996094,0.667572021484375,1.239776611328125,,,,95.98731994628906,81.92062377929688,-14.066696166992188,37.78382375447835,47.57002756388103,,QuantData term-structure
2026-08-17T14:40:00-04:00,2026-09-04,18,255.0,put,-0.03594018989466628,91.88652038574219,356.08,fixed_strike,85.35385131835938,86.16447448730469,86.25984191894531,86.92741394042969,88.64402770996094,0.667572021484375,1.239776611328125,,,,95.98731994628906,81.92062377929688,-14.066696166992188,37.78382375447835,47.57002756388103,,QuantData term-structure
2026-08-17T14:40:00-04:00,2026-09-04,18,260.0,call,0.986378241754317,68.33076477050781,356.08,fixed_strike,85.35385131835938,86.16447448730469,86.25984191894531,86.92741394042969,88.64402770996094,0.667572021484375,1.239776611328125,,,,95.98731994628906,81.92062377929688,-14.066696166992188,37.78382375447835,47.57002756388103,,QuantData term-structure
2026-08-17T14:40:00-04:00,2026-09-04,18,260.0,put,-0.0476881563480116,90.45600891113281,356.08,fixed_strike,85.35385131835938,86.16447448730469,86.25984191894531,86.92741394042969,88.64402770996094,0.667572021484375,1.239776611328125,,,,95.98731994628906,81.92062377929688,-14.066696166992188,37.78382375447835,47.57002756388103,,QuantData term-structure
2026-08-17T14:40:00-04:00,2026-09-04,18,265.0,put,-0.04952659402660303,89.50233459472656,356.08,fixed_strike,85.35385131835938,86.16447448730469,86.25984191894531,86.92741394042969,88.64402770996094,0.667572021484375,1.239776611328125,,,,95.98731994628906,81.92062377929688,-14.066696166992188,37.78382375447835,47.57002756388103,,QuantData term-structure
2026-08-17T14:40:00-04:00,2026-09-04,18,270.0,put,-0.06041763280961987,88.73939514160156,356.08,fixed_strike,85.35385131835938,86.16447448730469,86.25984191894531,86.92741394042969,88.64402770996094,0.667572021484375,1.239776611328125,,,,95.98731994628906,81.92062377929688,-14.066696166992188,37.78382375447835,47.57002756388103,,QuantData term-structure
2026-08-17T14:40:00-04:00,2026-09-04,18,275.0,put,-0.07216099867784875,89.69306945800781,356.08,fixed_strike,85.35385131835938,86.16447448730469,86.25984191894531,86.92741394042969,88.64402770996094,0.667572021484375,1.239776611328125,,,,95.98731994628906,81.92062377929688,-14.066696166992188,37.78382375447835,47.57002756388103,,QuantData term-structure
2026-08-17T14:40:00-04:00,2026-09-04,18,280.0,put,-0.08520559773348813,87.11814880371094,356.08,fixed_strike,85.35385131835938,86.16447448730469,86.25984191894531,86.92741394042969,88.64402770996094,0.667572021484375,1.239776611328125,,,,95.98731994628906,81.92062377929688,-14.066696166992188,37.78382375447835,47.57002756388103,,QuantData term-structure
2026-08-17T14:40:00-04:00,2026-09-04,18,285.0,put,-0.09664557959804615,86.16447448730469,356.08,fixed_strike,85.35385131835938,86.16447448730469,86.25984191894531,86.92741394042969,88.64402770996094,0.667572021484375,1.239776611328125,,,,95.98731994628906,81.92062377929688,-14.066696166992188,37.78382375447835,47.57002756388103,,QuantData term-structure
2026-08-17T14:40:00-04:00,2026-09-04,18,290.0,put,-0.11606327477099537,85.87837219238281,356.08,fixed_strike,85.35385131835938,86.16447448730469,86.25984191894531,86.92741394042969,88.64402770996094,0.667572021484375,1.239776611328125,,,,95.98731994628906,81.92062377929688,-14.066696166992188,37.78382375447835,47.57002756388103,,QuantData term-structure
2026-08-17T14:40:00-04:00,2026-09-04,18,295.0,put,-0.1344580875034651,85.97373962402344,356.08,fixed_strike,85.35385131835938,86.16447448730469,86.25984191894531,86.92741394042969,88.64402770996094,0.667572021484375,1.239776611328125,,,,95.98731994628906,81.92062377929688,-14.066696166992188,37.78382375447835,47.57002756388103,,QuantData term-structure
2026-08-17T14:40:00-04:00,2026-09-04,18,300.0,call,0.86905860004544,81.58683776855469,356.08,fixed_strike,85.35385131835938,86.16447448730469,86.25984191894531,86.92741394042969,88.64402770996094,0.667572021484375,1.239776611328125,,,,95.98731994628906,81.92062377929688,-14.066696166992188,37.78382375447835,47.57002756388103,,QuantData term-structure
2026-08-17T14:40:00-04:00,2026-09-04,18,300.0,put,-0.15446271692867325,85.59226989746094,356.08,fixed_strike,85.35385131835938,86.16447448730469,86.25984191894531,86.92741394042969,88.64402770996094,0.667572021484375,1.239776611328125,,,,95.98731994628906,81.92062377929688,-14.066696166992188,37.78382375447835,47.57002756388103,,QuantData term-structure
2026-08-17T14:40:00-04:00,2026-09-04,18,305.0,put,-0.1751211484283055,84.35249328613281,356.08,fixed_strike,85.35385131835938,86.16447448730469,86.25984191894531,86.92741394042969,88.64402770996094,0.667572021484375,1.239776611328125,,,,95.98731994628906,81.92062377929688,-14.066696166992188,37.78382375447835,47.57002756388103,,QuantData term-structure
2026-08-17T14:40:00-04:00,2026-09-04,18,307.5,put,-0.18650787999908586,86.25984191894531,356.08,fixed_strike,85.35385131835938,86.16447448730469,86.25984191894531,86.92741394042969,88.64402770996094,0.667572021484375,1.239776611328125,,,,95.98731994628906,81.92062377929688,-14.066696166992188,37.78382375447835,47.57002756388103,,QuantData term-structure
2026-08-17T14:40:00-04:00,2026-09-04,18,310.0,call,0.7902362043483875,89.59770202636719,356.08,fixed_strike,85.35385131835938,86.16447448730469,86.25984191894531,86.92741394042969,88.64402770996094,0.667572021484375,1.239776611328125,,,,95.98731994628906,81.92062377929688,-14.066696166992188,37.78382375447835,47.57002756388103,,QuantData term-structure
2026-08-17T14:40:00-04:00,2026-09-04,18,310.0,put,-0.1993455834452627,84.73396301269531,356.08,fixed_strike,85.35385131835938,86.16447448730469,86.25984191894531,86.92741394042969,88.64402770996094,0.667572021484375,1.239776611328125,,,,95.98731994628906,81.92062377929688,-14.066696166992188,37.78382375447835,47.57002756388103,,QuantData term-structure
2026-08-17T14:40:00-04:00,2026-09-04,18,312.5,put,-0.20055149041276532,80.34706115722656,356.08,fixed_strike,85.35385131835938,86.16447448730469,86.25984191894531,86.92741394042969,88.64402770996094,0.667572021484375,1.239776611328125,,,,95.98731994628906,81.92062377929688,-14.066696166992188,37.78382375447835,47.57002756388103,,QuantData term-structure
2026-08-17T14:40:00-04:00,2026-09-04,18,315.0,call,0.7829472040880474,86.25984191894531,356.08,fixed_strike,85.35385131835938,86.16447448730469,86.25984191894531,86.92741394042969,88.64402770996094,0.667572021484375,1.239776611328125,,,,95.98731994628906,81.92062377929688,-14.066696166992188,37.78382375447835,47.57002756388103,,QuantData term-structure
2026-08-17T14:40:00-04:00,2026-09-04,18,315.0,put,-0.21366281689248817,84.54322814941406,356.08,fixed_strike,85.35385131835938,86.16447448730469,86.25984191894531,86.92741394042969,88.64402770996094,0.667572021484375,1.239776611328125,,,,95.98731994628906,81.92062377929688,-14.066696166992188,37.78382375447835,47.57002756388103,,QuantData term-structure
2026-08-17T14:40:00-04:00,2026-09-04,18,320.0,call,0.7682892597842907,86.64131164550781,356.08,fixed_strike,85.35385131835938,86.16447448730469,86.25984191894531,86.92741394042969,88.64402770996094,0.667572021484375,1.239776611328125,,,,95.98731994628906,81.92062377929688,-14.066696166992188,37.78382375447835,47.57002756388103,,QuantData term-structure
2026-08-17T14:40:00-04:00,2026-09-04,18,320.0,put,-0.24280225951459994,85.30616760253906,356.08,fixed_strike,85.35385131835938,86.16447448730469,86.25984191894531,86.92741394042969,88.64402770996094,0.667572021484375,1.239776611328125,,,,95.98731994628906,81.92062377929688,-14.066696166992188,37.78382375447835,47.57002756388103,,QuantData term-structure
2026-08-17T14:40:00-04:00,2026-09-04,18,325.0,call,0.7251793374871338,84.54322814941406,356.08,fixed_strike,85.35385131835938,86.16447448730469,86.25984191894531,86.92741394042969,88.64402770996094,0.667572021484375,1.239776611328125,,,,95.98731994628906,81.92062377929688,-14.066696166992188,37.78382375447835,47.57002756388103,,QuantData term-structure
2026-08-17T14:40:00-04:00,2026-09-04,18,325.0,put,-0.2571661812822325,86.25984191894531,356.08,fixed_strike,85.35385131835938,86.16447448730469,86.25984191894531,86.92741394042969,88.64402770996094,0.667572021484375,1.239776611328125,,,,95.98731994628906,81.92062377929688,-14.066696166992188,37.78382375447835,47.57002756388103,,QuantData term-structure
2026-08-17T14:40:00-04:00,2026-09-04,18,330.0,call,0.7018213820793915,83.87565612792969,356.08,fixed_strike,85.35385131835938,86.16447448730469,86.25984191894531,86.92741394042969,88.64402770996094,0.667572021484375,1.239776611328125,,,,95.98731994628906,81.92062377929688,-14.066696166992188,37.78382375447835,47.57002756388103,,QuantData term-structure
2026-08-17T14:40:00-04:00,2026-09-04,18,330.0,put,-0.29934557062293693,84.82933044433594,356.08,fixed_strike,85.35385131835938,86.16447448730469,86.25984191894531,86.92741394042969,88.64402770996094,0.667572021484375,1.239776611328125,,,,95.98731994628906,81.92062377929688,-14.066696166992188,37.78382375447835,47.57002756388103,,QuantData term-structure
2026-08-17T14:40:00-04:00,2026-09-04,18,332.5,put,-0.30965536193489995,83.58955383300781,356.08,fixed_strike,85.35385131835938,86.16447448730469,86.25984191894531,86.92741394042969,88.64402770996094,0.667572021484375,1.239776611328125,,,,95.98731994628906,81.92062377929688,-14.066696166992188,37.78382375447835,47.57002756388103,,QuantData term-structure
2026-08-17T14:40:00-04:00,2026-09-04,18,335.0,call,0.6906350774872705,86.35520935058594,356.08,fixed_strike,85.35385131835938,86.16447448730469,86.25984191894531,86.92741394042969,88.64402770996094,0.667572021484375,1.239776611328125,,,,95.98731994628906,81.92062377929688,-14.066696166992188,37.78382375447835,47.57002756388103,,QuantData term-structure
2026-08-17T14:40:00-04:00,2026-09-04,18,335.0,put,-0.32431739103669166,85.02006530761719,356.08,fixed_strike,85.35385131835938,86.16447448730469,86.25984191894531,86.92741394042969,88.64402770996094,0.667572021484375,1.239776611328125,,,,95.98731994628906,81.92062377929688,-14.066696166992188,37.78382375447835,47.57002756388103,,QuantData term-structure
2026-08-17T14:40:00-04:00,2026-09-04,18,337.5,call,0.6691846898902231,77.10456848144531,356.08,fixed_strike,85.35385131835938,86.16447448730469,86.25984191894531,86.92741394042969,88.64402770996094,0.667572021484375,1.239776611328125,,,,95.98731994628906,81.92062377929688,-14.066696166992188,37.78382375447835,47.57002756388103,,QuantData term-structure
2026-08-17T14:40:00-04:00,2026-09-04,18,340.0,call,0.6439089619427705,85.02006530761719,356.08,fixed_strike,85.35385131835938,86.16447448730469,86.25984191894531,86.92741394042969,88.64402770996094,0.667572021484375,1.239776611328125,,,,95.98731994628906,81.92062377929688,-14.066696166992188,37.78382375447835,47.57002756388103,,QuantData term-structure
2026-08-17T14:40:00-04:00,2026-09-04,18,340.0,put,-0.3582194910192477,84.82933044433594,356.08,fixed_strike,85.35385131835938,86.16447448730469,86.25984191894531,86.92741394042969,88.64402770996094,0.667572021484375,1.239776611328125,,,,95.98731994628906,81.92062377929688,-14.066696166992188,37.78382375447835,47.57002756388103,,QuantData term-structure
2026-08-17T14:40:00-04:00,2026-09-04,18,342.5,call,0.6000033252376551,81.68220520019531,356.08,fixed_strike,85.35385131835938,86.16447448730469,86.25984191894531,86.92741394042969,88.64402770996094,0.667572021484375,1.239776611328125,,,,95.98731994628906,81.92062377929688,-14.066696166992188,37.78382375447835,47.57002756388103,,QuantData term-structure
2026-08-17T14:40:00-04:00,2026-09-04,18,342.5,put,-0.35446010864087163,85.21080017089844,356.08,fixed_strike,85.35385131835938,86.16447448730469,86.25984191894531,86.92741394042969,88.64402770996094,0.667572021484375,1.239776611328125,,,,95.98731994628906,81.92062377929688,-14.066696166992188,37.78382375447835,47.57002756388103,,QuantData term-structure
2026-08-17T14:40:00-04:00,2026-09-04,18,345.0,call,0.6143213169450223,85.59226989746094,356.08,fixed_strike,85.35385131835938,86.16447448730469,86.25984191894531,86.92741394042969,88.64402770996094,0.667572021484375,1.239776611328125,,,,95.98731994628906,81.92062377929688,-14.066696166992188,37.78382375447835,47.57002756388103,,QuantData term-structure
2026-08-17T14:40:00-04:00,2026-09-04,18,345.0,put,-0.47062509882690196,85.78300476074219,356.08,fixed_strike,85.35385131835938,86.16447448730469,86.25984191894531,86.92741394042969,88.64402770996094,0.667572021484375,1.239776611328125,,,,95.98731994628906,81.92062377929688,-14.066696166992188,37.78382375447835,47.57002756388103,,QuantData term-structure
2026-08-17T14:40:00-04:00,2026-09-04,18,350.0,call,0.5716058383876224,86.25984191894531,356.08,fixed_strike,85.35385131835938,86.16447448730469,86.25984191894531,86.92741394042969,88.64402770996094,0.667572021484375,1.239776611328125,,,,95.98731994628906,81.92062377929688,-14.066696166992188,37.78382375447835,47.57002756388103,,QuantData term-structure
2026-08-17T14:40:00-04:00,2026-09-04,18,350.0,put,-0.39761865736037094,84.63859558105469,356.08,fixed_strike,85.35385131835938,86.16447448730469,86.25984191894531,86.92741394042969,88.64402770996094,0.667572021484375,1.239776611328125,,,,95.98731994628906,81.92062377929688,-14.066696166992188,37.78382375447835,47.57002756388103,,QuantData term-structure
2026-08-17T14:40:00-04:00,2026-09-04,18,355.0,call,0.5669342960985913,85.97373962402344,356.08,fixed_strike,85.35385131835938,86.16447448730469,86.25984191894531,86.92741394042969,88.64402770996094,0.667572021484375,1.239776611328125,,,,95.98731994628906,81.92062377929688,-14.066696166992188,37.78382375447835,47.57002756388103,,QuantData term-structure
2026-08-17T14:40:00-04:00,2026-09-04,18,355.0,put,-0.4462654556301398,84.73396301269531,356.08,fixed_strike,85.35385131835938,86.16447448730469,86.25984191894531,86.92741394042969,88.64402770996094,0.667572021484375,1.239776611328125,,,,95.98731994628906,81.92062377929688,-14.066696166992188,37.78382375447835,47.57002756388103,,QuantData term-structure
2026-08-17T14:40:00-04:00,2026-09-04,18,360.0,call,0.5372200088186703,84.06639099121094,356.08,fixed_strike,85.35385131835938,86.16447448730469,86.25984191894531,86.92741394042969,88.64402770996094,0.667572021484375,1.239776611328125,,,,95.98731994628906,81.92062377929688,-14.066696166992188,37.78382375447835,47.57002756388103,,QuantData term-structure
2026-08-17T14:40:00-04:00,2026-09-04,18,360.0,put,-0.45395104556188104,86.35520935058594,356.08,fixed_strike,85.35385131835938,86.16447448730469,86.25984191894531,86.92741394042969,88.64402770996094,0.667572021484375,1.239776611328125,,,,95.98731994628906,81.92062377929688,-14.066696166992188,37.78382375447835,47.57002756388103,,QuantData term-structure
2026-08-17T14:40:00-04:00,2026-09-04,18,365.0,call,0.5160087898475771,83.68492126464844,356.08,fixed_strike,85.35385131835938,86.16447448730469,86.25984191894531,86.92741394042969,88.64402770996094,0.667572021484375,1.239776611328125,,,,95.98731994628906,81.92062377929688,-14.066696166992188,37.78382375447835,47.57002756388103,,QuantData term-structure
2026-08-17T14:40:00-04:00,2026-09-04,18,370.0,call,0.4872349208221562,85.30616760253906,356.08,fixed_strike,85.35385131835938,86.16447448730469,86.25984191894531,86.92741394042969,88.64402770996094,0.667572021484375,1.239776611328125,,,,95.98731994628906,81.92062377929688,-14.066696166992188,37.78382375447835,47.57002756388103,,QuantData term-structure
2026-08-17T14:40:00-04:00,2026-09-04,18,370.0,put,-0.5235221664031874,88.64402770996094,356.08,fixed_strike,85.35385131835938,86.16447448730469,86.25984191894531,86.92741394042969,88.64402770996094,0.667572021484375,1.239776611328125,,,,95.98731994628906,81.92062377929688,-14.066696166992188,37.78382375447835,47.57002756388103,,QuantData term-structure
2026-08-17T14:40:00-04:00,2026-09-04,18,375.0,call,0.44001096894588637,84.73396301269531,356.08,fixed_strike,85.35385131835938,86.16447448730469,86.25984191894531,86.92741394042969,88.64402770996094,0.667572021484375,1.239776611328125,,,,95.98731994628906,81.92062377929688,-14.066696166992188,37.78382375447835,47.57002756388103,,QuantData term-structure
2026-08-17T14:40:00-04:00,2026-09-04,18,380.0,call,0.41224816014367943,84.92469787597656,356.08,fixed_strike,85.35385131835938,86.16447448730469,86.25984191894531,86.92741394042969,88.64402770996094,0.667572021484375,1.239776611328125,,,,95.98731994628906,81.92062377929688,-14.066696166992188,37.78382375447835,47.57002756388103,,QuantData term-structure
2026-08-17T14:40:00-04:00,2026-09-04,18,385.0,call,0.40292842399577744,83.68492126464844,356.08,fixed_strike,85.35385131835938,86.16447448730469,86.25984191894531,86.92741394042969,88.64402770996094,0.667572021484375,1.239776611328125,,,,95.98731994628906,81.92062377929688,-14.066696166992188,37.78382375447835,47.57002756388103,,QuantData term-structure
2026-08-17T14:40:00-04:00,2026-09-04,18,390.0,call,0.35622916648636127,84.63859558105469,356.08,fixed_strike,85.35385131835938,86.16447448730469,86.25984191894531,86.92741394042969,88.64402770996094,0.667572021484375,1.239776611328125,,,,95.98731994628906,81.92062377929688,-14.066696166992188,37.78382375447835,47.57002756388103,,QuantData term-structure
2026-08-17T14:40:00-04:00,2026-09-04,18,395.0,call,0.2918814423877112,85.59226989746094,356.08,fixed_strike,85.35385131835938,86.16447448730469,86.25984191894531,86.92741394042969,88.64402770996094,0.667572021484375,1.239776611328125,,,,95.98731994628906,81.92062377929688,-14.066696166992188,37.78382375447835,47.57002756388103,,QuantData term-structure
2026-08-17T14:40:00-04:00,2026-09-04,18,400.0,call,0.3109225266494099,84.54322814941406,356.08,fixed_strike,85.35385131835938,86.16447448730469,86.25984191894531,86.92741394042969,88.64402770996094,0.667572021484375,1.239776611328125,,,,95.98731994628906,81.92062377929688,-14.066696166992188,37.78382375447835,47.57002756388103,,QuantData term-structure
2026-08-17T14:40:00-04:00,2026-09-04,18,405.0,call,0.2878903902374599,85.49690246582031,356.08,fixed_strike,85.35385131835938,86.16447448730469,86.25984191894531,86.92741394042969,88.64402770996094,0.667572021484375,1.239776611328125,,,,95.98731994628906,81.92062377929688,-14.066696166992188,37.78382375447835,47.57002756388103,,QuantData term-structure
2026-08-17T14:40:00-04:00,2026-09-04,18,410.0,call,0.2714136190313394,84.06639099121094,356.08,fixed_strike,85.35385131835938,86.16447448730469,86.25984191894531,86.92741394042969,88.64402770996094,0.667572021484375,1.239776611328125,,,,95.98731994628906,81.92062377929688,-14.066696166992188,37.78382375447835,47.57002756388103,,QuantData term-structure
2026-08-17T14:40:00-04:00,2026-09-04,18,415.0,call,0.26479824360479665,86.92741394042969,356.08,fixed_strike,85.35385131835938,86.16447448730469,86.25984191894531,86.92741394042969,88.64402770996094,0.667572021484375,1.239776611328125,,,,95.98731994628906,81.92062377929688,-14.066696166992188,37.78382375447835,47.57002756388103,,QuantData term-structure
2026-08-17T14:40:00-04:00,2026-09-04,18,420.0,call,0.23257824284576267,86.64131164550781,356.08,fixed_strike,85.35385131835938,86.16447448730469,86.25984191894531,86.92741394042969,88.64402770996094,0.667572021484375,1.239776611328125,,,,95.98731994628906,81.92062377929688,-14.066696166992188,37.78382375447835,47.57002756388103,,QuantData term-structure
2026-08-17T14:40:00-04:00,2026-09-04,18,425.0,call,0.21600942433268688,88.26255798339844,356.08,fixed_strike,85.35385131835938,86.16447448730469,86.25984191894531,86.92741394042969,88.64402770996094,0.667572021484375,1.239776611328125,,,,95.98731994628906,81.92062377929688,-14.066696166992188,37.78382375447835,47.57002756388103,,QuantData term-structure
2026-08-17T14:40:00-04:00,2026-09-04,18,430.0,call,0.18606862742231306,86.83204650878906,356.08,fixed_strike,85.35385131835938,86.16447448730469,86.25984191894531,86.92741394042969,88.64402770996094,0.667572021484375,1.239776611328125,,,,95.98731994628906,81.92062377929688,-14.066696166992188,37.78382375447835,47.57002756388103,,QuantData term-structure
2026-08-17T14:40:00-04:00,2026-09-04,18,435.0,call,0.1934633473867215,89.40696716308594,356.08,fixed_strike,85.35385131835938,86.16447448730469,86.25984191894531,86.92741394042969,88.64402770996094,0.667572021484375,1.239776611328125,,,,95.98731994628906,81.92062377929688,-14.066696166992188,37.78382375447835,47.57002756388103,,QuantData term-structure
2026-08-17T14:40:00-04:00,2026-09-04,18,440.0,call,0.1911764760419885,88.45329284667969,356.08,fixed_strike,85.35385131835938,86.16447448730469,86.25984191894531,86.92741394042969,88.64402770996094,0.667572021484375,1.239776611328125,,,,95.98731994628906,81.92062377929688,-14.066696166992188,37.78382375447835,47.57002756388103,,QuantData term-structure
2026-08-17T14:40:00-04:00,2026-09-04,18,450.0,call,0.15120908252360693,88.07182312011719,356.08,fixed_strike,85.35385131835938,86.16447448730469,86.25984191894531,86.92741394042969,88.64402770996094,0.667572021484375,1.239776611328125,,,,95.98731994628906,81.92062377929688,-14.066696166992188,37.78382375447835,47.57002756388103,,QuantData term-structure
2026-08-17T14:40:00-04:00,2026-09-04,18,490.0,call,0.06890168252673645,88.64402770996094,356.08,fixed_strike,85.35385131835938,86.16447448730469,86.25984191894531,86.92741394042969,88.64402770996094,0.667572021484375,1.239776611328125,,,,95.98731994628906,81.92062377929688,-14.066696166992188,37.78382375447835,47.57002756388103,,QuantData term-structure
2026-08-17T14:40:00-04:00,2026-09-11,25,200.0,put,-0.012619935854965717,106.00090026855469,356.08,fixed_strike,81.2530517578125,83.68492126464844,81.96830749511719,81.11000061035156,90.55137634277344,-0.858306884765625,0.286102294921875,,,,95.98731994628906,81.92062377929688,-14.066696166992188,37.78382375447835,43.46922800333415,,QuantData term-structure
2026-08-17T14:40:00-04:00,2026-09-11,25,205.0,put,-0.010540878256991104,99.51591491699219,356.08,fixed_strike,81.2530517578125,83.68492126464844,81.96830749511719,81.11000061035156,90.55137634277344,-0.858306884765625,0.286102294921875,,,,95.98731994628906,81.92062377929688,-14.066696166992188,37.78382375447835,43.46922800333415,,QuantData term-structure
2026-08-17T14:40:00-04:00,2026-09-11,25,230.0,put,-0.024427817830734493,91.02821350097656,356.08,fixed_strike,81.2530517578125,83.68492126464844,81.96830749511719,81.11000061035156,90.55137634277344,-0.858306884765625,0.286102294921875,,,,95.98731994628906,81.92062377929688,-14.066696166992188,37.78382375447835,43.46922800333415,,QuantData term-structure
2026-08-17T14:40:00-04:00,2026-09-11,25,235.0,put,-0.03614674868919639,85.49690246582031,356.08,fixed_strike,81.2530517578125,83.68492126464844,81.96830749511719,81.11000061035156,90.55137634277344,-0.858306884765625,0.286102294921875,,,,95.98731994628906,81.92062377929688,-14.066696166992188,37.78382375447835,43.46922800333415,,QuantData term-structure
2026-08-17T14:40:00-04:00,2026-09-11,25,240.0,put,-0.0317859896406877,89.88380432128906,356.08,fixed_strike,81.2530517578125,83.68492126464844,81.96830749511719,81.11000061035156,90.55137634277344,-0.858306884765625,0.286102294921875,,,,95.98731994628906,81.92062377929688,-14.066696166992188,37.78382375447835,43.46922800333415,,QuantData term-structure
2026-08-17T14:40:00-04:00,2026-09-11,25,245.0,put,-0.037771910613900714,87.11814880371094,356.08,fixed_strike,81.2530517578125,83.68492126464844,81.96830749511719,81.11000061035156,90.55137634277344,-0.858306884765625,0.286102294921875,,,,95.98731994628906,81.92062377929688,-14.066696166992188,37.78382375447835,43.46922800333415,,QuantData term-structure
2026-08-17T14:40:00-04:00,2026-09-11,25,250.0,put,-0.044347666394886576,86.16447448730469,356.08,fixed_strike,81.2530517578125,83.68492126464844,81.96830749511719,81.11000061035156,90.55137634277344,-0.858306884765625,0.286102294921875,,,,95.98731994628906,81.92062377929688,-14.066696166992188,37.78382375447835,43.46922800333415,,QuantData term-structure
2026-08-17T14:40:00-04:00,2026-09-11,25,255.0,put,-0.052672741693637615,87.40425109863281,356.08,fixed_strike,81.2530517578125,83.68492126464844,81.96830749511719,81.11000061035156,90.55137634277344,-0.858306884765625,0.286102294921875,,,,95.98731994628906,81.92062377929688,-14.066696166992188,37.78382375447835,43.46922800333415,,QuantData term-structure
2026-08-17T14:40:00-04:00,2026-09-11,25,260.0,put,-0.06033858733094527,85.21080017089844,356.08,fixed_strike,81.2530517578125,83.68492126464844,81.96830749511719,81.11000061035156,90.55137634277344,-0.858306884765625,0.286102294921875,,,,95.98731994628906,81.92062377929688,-14.066696166992188,37.78382375447835,43.46922800333415,,QuantData term-structure
2026-08-17T14:40:00-04:00,2026-09-11,25,265.0,put,-0.06725629717486725,84.54322814941406,356.08,fixed_strike,81.2530517578125,83.68492126464844,81.96830749511719,81.11000061035156,90.55137634277344,-0.858306884765625,0.286102294921875,,,,95.98731994628906,81.92062377929688,-14.066696166992188,37.78382375447835,43.46922800333415,,QuantData term-structure
2026-08-17T14:40:00-04:00,2026-09-11,25,270.0,put,-0.08085884289322526,83.49418640136719,356.08,fixed_strike,81.2530517578125,83.68492126464844,81.96830749511719,81.11000061035156,90.55137634277344,-0.858306884765625,0.286102294921875,,,,95.98731994628906,81.92062377929688,-14.066696166992188,37.78382375447835,43.46922800333415,,QuantData term-structure
2026-08-17T14:40:00-04:00,2026-09-11,25,275.0,put,-0.09616283502566775,83.68492126464844,356.08,fixed_strike,81.2530517578125,83.68492126464844,81.96830749511719,81.11000061035156,90.55137634277344,-0.858306884765625,0.286102294921875,,,,95.98731994628906,81.92062377929688,-14.066696166992188,37.78382375447835,43.46922800333415,,QuantData term-structure
2026-08-17T14:40:00-04:00,2026-09-11,25,280.0,call,0.8565078243218489,79.10728454589844,356.08,fixed_strike,81.2530517578125,83.68492126464844,81.96830749511719,81.11000061035156,90.55137634277344,-0.858306884765625,0.286102294921875,,,,95.98731994628906,81.92062377929688,-14.066696166992188,37.78382375447835,43.46922800333415,,QuantData term-structure
2026-08-17T14:40:00-04:00,2026-09-11,25,280.0,put,-0.10784593887483618,83.87565612792969,356.08,fixed_strike,81.2530517578125,83.68492126464844,81.96830749511719,81.11000061035156,90.55137634277344,-0.858306884765625,0.286102294921875,,,,95.98731994628906,81.92062377929688,-14.066696166992188,37.78382375447835,43.46922800333415,,QuantData term-structure
2026-08-17T14:40:00-04:00,2026-09-11,25,285.0,put,-0.12327797911850535,82.82661437988281,356.08,fixed_strike,81.2530517578125,83.68492126464844,81.96830749511719,81.11000061035156,90.55137634277344,-0.858306884765625,0.286102294921875,,,,95.98731994628906,81.92062377929688,-14.066696166992188,37.78382375447835,43.46922800333415,,QuantData term-structure
2026-08-17T14:40:00-04:00,2026-09-11,25,290.0,call,0.8353280591374121,82.34977722167969,356.08,fixed_strike,81.2530517578125,83.68492126464844,81.96830749511719,81.11000061035156,90.55137634277344,-0.858306884765625,0.286102294921875,,,,95.98731994628906,81.92062377929688,-14.066696166992188,37.78382375447835,43.46922800333415,,QuantData term-structure
2026-08-17T14:40:00-04:00,2026-09-11,25,290.0,put,-0.1378148428146444,82.92198181152344,356.08,fixed_strike,81.2530517578125,83.68492126464844,81.96830749511719,81.11000061035156,90.55137634277344,-0.858306884765625,0.286102294921875,,,,95.98731994628906,81.92062377929688,-14.066696166992188,37.78382375447835,43.46922800333415,,QuantData term-structure
2026-08-17T14:40:00-04:00,2026-09-11,25,295.0,put,-0.1539340447932231,81.68220520019531,356.08,fixed_strike,81.2530517578125,83.68492126464844,81.96830749511719,81.11000061035156,90.55137634277344,-0.858306884765625,0.286102294921875,,,,95.98731994628906,81.92062377929688,-14.066696166992188,37.78382375447835,43.46922800333415,,QuantData term-structure
2026-08-17T14:40:00-04:00,2026-09-11,25,300.0,put,-0.17075448036157592,79.29801940917969,356.08,fixed_strike,81.2530517578125,83.68492126464844,81.96830749511719,81.11000061035156,90.55137634277344,-0.858306884765625,0.286102294921875,,,,95.98731994628906,81.92062377929688,-14.066696166992188,37.78382375447835,43.46922800333415,,QuantData term-structure
2026-08-17T14:40:00-04:00,2026-09-11,25,305.0,put,-0.19361060489354087,82.25440979003906,356.08,fixed_strike,81.2530517578125,83.68492126464844,81.96830749511719,81.11000061035156,90.55137634277344,-0.858306884765625,0.286102294921875,,,,95.98731994628906,81.92062377929688,-14.066696166992188,37.78382375447835,43.46922800333415,,QuantData term-structure
2026-08-17T14:40:00-04:00,2026-09-11,25,310.0,put,-0.21708521736178105,83.01734924316406,356.08,fixed_strike,81.2530517578125,83.68492126464844,81.96830749511719,81.11000061035156,90.55137634277344,-0.858306884765625,0.286102294921875,,,,95.98731994628906,81.92062377929688,-14.066696166992188,37.78382375447835,43.46922800333415,,QuantData term-structure
2026-08-17T14:40:00-04:00,2026-09-11,25,315.0,call,0.763589293753735,83.20808410644531,356.08,fixed_strike,81.2530517578125,83.68492126464844,81.96830749511719,81.11000061035156,90.55137634277344,-0.858306884765625,0.286102294921875,,,,95.98731994628906,81.92062377929688,-14.066696166992188,37.78382375447835,43.46922800333415,,QuantData term-structure
2026-08-17T14:40:00-04:00,2026-09-11,25,315.0,put,-0.23581349045251487,82.63587951660156,356.08,fixed_strike,81.2530517578125,83.68492126464844,81.96830749511719,81.11000061035156,90.55137634277344,-0.858306884765625,0.286102294921875,,,,95.98731994628906,81.92062377929688,-14.066696166992188,37.78382375447835,43.46922800333415,,QuantData term-structure
2026-08-17T14:40:00-04:00,2026-09-11,25,320.0,call,0.7491923104247056,82.54051208496094,356.08,fixed_strike,81.2530517578125,83.68492126464844,81.96830749511719,81.11000061035156,90.55137634277344,-0.858306884765625,0.286102294921875,,,,95.98731994628906,81.92062377929688,-14.066696166992188,37.78382375447835,43.46922800333415,,QuantData term-structure
2026-08-17T14:40:00-04:00,2026-09-11,25,320.0,put,-0.2604101890276313,81.96830749511719,356.08,fixed_strike,81.2530517578125,83.68492126464844,81.96830749511719,81.11000061035156,90.55137634277344,-0.858306884765625,0.286102294921875,,,,95.98731994628906,81.92062377929688,-14.066696166992188,37.78382375447835,43.46922800333415,,QuantData term-structure
2026-08-17T14:40:00-04:00,2026-09-11,25,325.0,call,0.7089240002547761,82.15904235839844,356.08,fixed_strike,81.2530517578125,83.68492126464844,81.96830749511719,81.11000061035156,90.55137634277344,-0.858306884765625,0.286102294921875,,,,95.98731994628906,81.92062377929688,-14.066696166992188,37.78382375447835,43.46922800333415,,QuantData term-structure
2026-08-17T14:40:00-04:00,2026-09-11,25,325.0,put,-0.27185207100753866,81.58683776855469,356.08,fixed_strike,81.2530517578125,83.68492126464844,81.96830749511719,81.11000061035156,90.55137634277344,-0.858306884765625,0.286102294921875,,,,95.98731994628906,81.92062377929688,-14.066696166992188,37.78382375447835,43.46922800333415,,QuantData term-structure
2026-08-17T14:40:00-04:00,2026-09-11,25,330.0,call,0.699813882135168,83.11271667480469,356.08,fixed_strike,81.2530517578125,83.68492126464844,81.96830749511719,81.11000061035156,90.55137634277344,-0.858306884765625,0.286102294921875,,,,95.98731994628906,81.92062377929688,-14.066696166992188,37.78382375447835,43.46922800333415,,QuantData term-structure
2026-08-17T14:40:00-04:00,2026-09-11,25,330.0,put,-0.2965422193664372,84.63859558105469,356.08,fixed_strike,81.2530517578125,83.68492126464844,81.96830749511719,81.11000061035156,90.55137634277344,-0.858306884765625,0.286102294921875,,,,95.98731994628906,81.92062377929688,-14.066696166992188,37.78382375447835,43.46922800333415,,QuantData term-structure
2026-08-17T14:40:00-04:00,2026-09-11,25,335.0,call,0.6774076502791977,80.44242858886719,356.08,fixed_strike,81.2530517578125,83.68492126464844,81.96830749511719,81.11000061035156,90.55137634277344,-0.858306884765625,0.286102294921875,,,,95.98731994628906,81.92062377929688,-14.066696166992188,37.78382375447835,43.46922800333415,,QuantData term-structure
2026-08-17T14:40:00-04:00,2026-09-11,25,335.0,put,-0.36301269999041297,83.20808410644531,356.08,fixed_strike,81.2530517578125,83.68492126464844,81.96830749511719,81.11000061035156,90.55137634277344,-0.858306884765625,0.286102294921875,,,,95.98731994628906,81.92062377929688,-14.066696166992188,37.78382375447835,43.46922800333415,,QuantData term-structure
2026-08-17T14:40:00-04:00,2026-09-11,25,340.0,call,0.6399853095445942,83.78028869628906,356.08,fixed_strike,81.2530517578125,83.68492126464844,81.96830749511719,81.11000061035156,90.55137634277344,-0.858306884765625,0.286102294921875,,,,95.98731994628906,81.92062377929688,-14.066696166992188,37.78382375447835,43.46922800333415,,QuantData term-structure
2026-08-17T14:40:00-04:00,2026-09-11,25,340.0,put,-0.365563466280714,85.78300476074219,356.08,fixed_strike,81.2530517578125,83.68492126464844,81.96830749511719,81.11000061035156,90.55137634277344,-0.858306884765625,0.286102294921875,,,,95.98731994628906,81.92062377929688,-14.066696166992188,37.78382375447835,43.46922800333415,,QuantData term-structure
2026-08-17T14:40:00-04:00,2026-09-11,25,345.0,call,0.6190820709003441,81.96830749511719,356.08,fixed_strike,81.2530517578125,83.68492126464844,81.96830749511719,81.11000061035156,90.55137634277344,-0.858306884765625,0.286102294921875,,,,95.98731994628906,81.92062377929688,-14.066696166992188,37.78382375447835,43.46922800333415,,QuantData term-structure
2026-08-17T14:40:00-04:00,2026-09-11,25,345.0,put,-0.3900854005924944,85.30616760253906,356.08,fixed_strike,81.2530517578125,83.68492126464844,81.96830749511719,81.11000061035156,90.55137634277344,-0.858306884765625,0.286102294921875,,,,95.98731994628906,81.92062377929688,-14.066696166992188,37.78382375447835,43.46922800333415,,QuantData term-structure
2026-08-17T14:40:00-04:00,2026-09-11,25,350.0,call,0.5821834085438415,81.11000061035156,356.08,fixed_strike,81.2530517578125,83.68492126464844,81.96830749511719,81.11000061035156,90.55137634277344,-0.858306884765625,0.286102294921875,,,,95.98731994628906,81.92062377929688,-14.066696166992188,37.78382375447835,43.46922800333415,,QuantData term-structure
2026-08-17T14:40:00-04:00,2026-09-11,25,350.0,put,-0.4105625046048824,81.77757263183594,356.08,fixed_strike,81.2530517578125,83.68492126464844,81.96830749511719,81.11000061035156,90.55137634277344,-0.858306884765625,0.286102294921875,,,,95.98731994628906,81.92062377929688,-14.066696166992188,37.78382375447835,43.46922800333415,,QuantData term-structure
2026-08-17T14:40:00-04:00,2026-09-11,25,355.0,call,0.5699385125232832,80.72853088378906,356.08,fixed_strike,81.2530517578125,83.68492126464844,81.96830749511719,81.11000061035156,90.55137634277344,-0.858306884765625,0.286102294921875,,,,95.98731994628906,81.92062377929688,-14.066696166992188,37.78382375447835,43.46922800333415,,QuantData term-structure
2026-08-17T14:40:00-04:00,2026-09-11,25,355.0,put,-0.4418115991809317,81.77757263183594,356.08,fixed_strike,81.2530517578125,83.68492126464844,81.96830749511719,81.11000061035156,90.55137634277344,-0.858306884765625,0.286102294921875,,,,95.98731994628906,81.92062377929688,-14.066696166992188,37.78382375447835,43.46922800333415,,QuantData term-structure
2026-08-17T14:40:00-04:00,2026-09-11,25,360.0,call,0.5446819363833106,82.15904235839844,356.08,fixed_strike,81.2530517578125,83.68492126464844,81.96830749511719,81.11000061035156,90.55137634277344,-0.858306884765625,0.286102294921875,,,,95.98731994628906,81.92062377929688,-14.066696166992188,37.78382375447835,43.46922800333415,,QuantData term-structure
2026-08-17T14:40:00-04:00,2026-09-11,25,360.0,put,-0.4643808843535216,81.68220520019531,356.08,fixed_strike,81.2530517578125,83.68492126464844,81.96830749511719,81.11000061035156,90.55137634277344,-0.858306884765625,0.286102294921875,,,,95.98731994628906,81.92062377929688,-14.066696166992188,37.78382375447835,43.46922800333415,,QuantData term-structure
2026-08-17T14:40:00-04:00,2026-09-11,25,365.0,call,0.441111663558685,83.78028869628906,356.08,fixed_strike,81.2530517578125,83.68492126464844,81.96830749511719,81.11000061035156,90.55137634277344,-0.858306884765625,0.286102294921875,,,,95.98731994628906,81.92062377929688,-14.066696166992188,37.78382375447835,43.46922800333415,,QuantData term-structure
2026-08-17T14:40:00-04:00,2026-09-11,25,365.0,put,-0.5462816970197544,86.35520935058594,356.08,fixed_strike,81.2530517578125,83.68492126464844,81.96830749511719,81.11000061035156,90.55137634277344,-0.858306884765625,0.286102294921875,,,,95.98731994628906,81.92062377929688,-14.066696166992188,37.78382375447835,43.46922800333415,,QuantData term-structure
2026-08-17T14:40:00-04:00,2026-09-11,25,370.0,call,0.4855855806249335,81.20536804199219,356.08,fixed_strike,81.2530517578125,83.68492126464844,81.96830749511719,81.11000061035156,90.55137634277344,-0.858306884765625,0.286102294921875,,,,95.98731994628906,81.92062377929688,-14.066696166992188,37.78382375447835,43.46922800333415,,QuantData term-structure
2026-08-17T14:40:00-04:00,2026-09-11,25,375.0,call,0.4015341286449742,80.63316345214844,356.08,fixed_strike,81.2530517578125,83.68492126464844,81.96830749511719,81.11000061035156,90.55137634277344,-0.858306884765625,0.286102294921875,,,,95.98731994628906,81.92062377929688,-14.066696166992188,37.78382375447835,43.46922800333415,,QuantData term-structure
2026-08-17T14:40:00-04:00,2026-09-11,25,375.0,put,-0.5951317705764385,89.02549743652344,356.08,fixed_strike,81.2530517578125,83.68492126464844,81.96830749511719,81.11000061035156,90.55137634277344,-0.858306884765625,0.286102294921875,,,,95.98731994628906,81.92062377929688,-14.066696166992188,37.78382375447835,43.46922800333415,,QuantData term-structure
2026-08-17T14:40:00-04:00,2026-09-11,25,380.0,call,0.43304988952656825,81.58683776855469,356.08,fixed_strike,81.2530517578125,83.68492126464844,81.96830749511719,81.11000061035156,90.55137634277344,-0.858306884765625,0.286102294921875,,,,95.98731994628906,81.92062377929688,-14.066696166992188,37.78382375447835,43.46922800333415,,QuantData term-structure
2026-08-17T14:40:00-04:00,2026-09-11,25,385.0,call,0.3117779290826051,82.63587951660156,356.08,fixed_strike,81.2530517578125,83.68492126464844,81.96830749511719,81.11000061035156,90.55137634277344,-0.858306884765625,0.286102294921875,,,,95.98731994628906,81.92062377929688,-14.066696166992188,37.78382375447835,43.46922800333415,,QuantData term-structure
2026-08-17T14:40:00-04:00,2026-09-11,25,390.0,call,0.3964689388487893,80.06095886230469,356.08,fixed_strike,81.2530517578125,83.68492126464844,81.96830749511719,81.11000061035156,90.55137634277344,-0.858306884765625,0.286102294921875,,,,95.98731994628906,81.92062377929688,-14.066696166992188,37.78382375447835,43.46922800333415,,QuantData term-structure
2026-08-17T14:40:00-04:00,2026-09-11,25,395.0,call,0.3819979649154509,82.63587951660156,356.08,fixed_strike,81.2530517578125,83.68492126464844,81.96830749511719,81.11000061035156,90.55137634277344,-0.858306884765625,0.286102294921875,,,,95.98731994628906,81.92062377929688,-14.066696166992188,37.78382375447835,43.46922800333415,,QuantData term-structure
2026-08-17T14:40:00-04:00,2026-09-11,25,400.0,call,0.3687961563673348,82.15904235839844,356.08,fixed_strike,81.2530517578125,83.68492126464844,81.96830749511719,81.11000061035156,90.55137634277344,-0.858306884765625,0.286102294921875,,,,95.98731994628906,81.92062377929688,-14.066696166992188,37.78382375447835,43.46922800333415,,QuantData term-structure
2026-08-17T14:40:00-04:00,2026-09-11,25,405.0,call,0.33166182103883335,81.49147033691406,356.08,fixed_strike,81.2530517578125,83.68492126464844,81.96830749511719,81.11000061035156,90.55137634277344,-0.858306884765625,0.286102294921875,,,,95.98731994628906,81.92062377929688,-14.066696166992188,37.78382375447835,43.46922800333415,,QuantData term-structure
2026-08-17T14:40:00-04:00,2026-09-11,25,410.0,call,0.3067929401804378,82.25440979003906,356.08,fixed_strike,81.2530517578125,83.68492126464844,81.96830749511719,81.11000061035156,90.55137634277344,-0.858306884765625,0.286102294921875,,,,95.98731994628906,81.92062377929688,-14.066696166992188,37.78382375447835,43.46922800333415,,QuantData term-structure
2026-08-17T14:40:00-04:00,2026-09-11,25,430.0,call,0.2375237717518941,81.11000061035156,356.08,fixed_strike,81.2530517578125,83.68492126464844,81.96830749511719,81.11000061035156,90.55137634277344,-0.858306884765625,0.286102294921875,,,,95.98731994628906,81.92062377929688,-14.066696166992188,37.78382375447835,43.46922800333415,,QuantData term-structure
2026-08-17T14:40:00-04:00,2026-09-11,25,440.0,call,0.19752398923265774,85.40153503417969,356.08,fixed_strike,81.2530517578125,83.68492126464844,81.96830749511719,81.11000061035156,90.55137634277344,-0.858306884765625,0.286102294921875,,,,95.98731994628906,81.92062377929688,-14.066696166992188,37.78382375447835,43.46922800333415,,QuantData term-structure
2026-08-17T14:40:00-04:00,2026-09-11,25,470.0,call,0.16064622615382196,90.55137634277344,356.08,fixed_strike,81.2530517578125,83.68492126464844,81.96830749511719,81.11000061035156,90.55137634277344,-0.858306884765625,0.286102294921875,,,,95.98731994628906,81.92062377929688,-14.066696166992188,37.78382375447835,43.46922800333415,,QuantData term-structure
2026-08-17T14:40:00-04:00,2026-09-18,32,60.0,put,-0.0005817046579965279,205.2783966064453,356.08,fixed_strike,81.92062377929688,82.25440979003906,79.77485656738281,83.39881896972656,86.06910705566406,3.62396240234375,-0.3337860107421875,,,,95.98731994628906,81.92062377929688,-14.066696166992188,37.78382375447835,44.13680002481853,,QuantData term-structure
2026-08-17T14:40:00-04:00,2026-09-18,32,100.0,call,0.995914733142459,181.72264099121094,356.08,fixed_strike,81.92062377929688,82.25440979003906,79.77485656738281,83.39881896972656,86.06910705566406,3.62396240234375,-0.3337860107421875,,,,95.98731994628906,81.92062377929688,-14.066696166992188,37.78382375447835,44.13680002481853,,QuantData term-structure
2026-08-17T14:40:00-04:00,2026-09-18,32,175.0,call,1.0,0.0476837158203125,356.08,fixed_strike,81.92062377929688,82.25440979003906,79.77485656738281,83.39881896972656,86.06910705566406,3.62396240234375,-0.3337860107421875,,,,95.98731994628906,81.92062377929688,-14.066696166992188,37.78382375447835,44.13680002481853,,QuantData term-structure
2026-08-17T14:40:00-04:00,2026-09-18,32,175.0,put,-0.005455986966947928,99.99275207519531,356.08,fixed_strike,81.92062377929688,82.25440979003906,79.77485656738281,83.39881896972656,86.06910705566406,3.62396240234375,-0.3337860107421875,,,,95.98731994628906,81.92062377929688,-14.066696166992188,37.78382375447835,44.13680002481853,,QuantData term-structure
2026-08-17T14:40:00-04:00,2026-09-18,32,185.0,put,-0.009898262359604913,102.28157043457031,356.08,fixed_strike,81.92062377929688,82.25440979003906,79.77485656738281,83.39881896972656,86.06910705566406,3.62396240234375,-0.3337860107421875,,,,95.98731994628906,81.92062377929688,-14.066696166992188,37.78382375447835,44.13680002481853,,QuantData term-structure
2026-08-17T14:40:00-04:00,2026-09-18,32,200.0,call,0.9914361144806679,89.40696716308594,356.08,fixed_strike,81.92062377929688,82.25440979003906,79.77485656738281,83.39881896972656,86.06910705566406,3.62396240234375,-0.3337860107421875,,,,95.98731994628906,81.92062377929688,-14.066696166992188,37.78382375447835,44.13680002481853,,QuantData term-structure
2026-08-17T14:40:00-04:00,2026-09-18,32,200.0,put,-0.01185585935344601,92.93556213378906,356.08,fixed_strike,81.92062377929688,82.25440979003906,79.77485656738281,83.39881896972656,86.06910705566406,3.62396240234375,-0.3337860107421875,,,,95.98731994628906,81.92062377929688,-14.066696166992188,37.78382375447835,44.13680002481853,,QuantData term-structure
2026-08-17T14:40:00-04:00,2026-09-18,32,210.0,put,-0.01583269996117208,90.74211120605469,356.08,fixed_strike,81.92062377929688,82.25440979003906,79.77485656738281,83.39881896972656,86.06910705566406,3.62396240234375,-0.3337860107421875,,,,95.98731994628906,81.92062377929688,-14.066696166992188,37.78382375447835,44.13680002481853,,QuantData term-structure
2026-08-17T14:40:00-04:00,2026-09-18,32,220.0,put,-0.021637977816846767,89.31159973144531,356.08,fixed_strike,81.92062377929688,82.25440979003906,79.77485656738281,83.39881896972656,86.06910705566406,3.62396240234375,-0.3337860107421875,,,,95.98731994628906,81.92062377929688,-14.066696166992188,37.78382375447835,44.13680002481853,,QuantData term-structure
2026-08-17T14:40:00-04:00,2026-09-18,32,230.0,call,0.9592812968102546,91.12358093261719,356.08,fixed_strike,81.92062377929688,82.25440979003906,79.77485656738281,83.39881896972656,86.06910705566406,3.62396240234375,-0.3337860107421875,,,,95.98731994628906,81.92062377929688,-14.066696166992188,37.78382375447835,44.13680002481853,,QuantData term-structure
2026-08-17T14:40:00-04:00,2026-09-18,32,230.0,put,-0.032227221061136,88.16719055175781,356.08,fixed_strike,81.92062377929688,82.25440979003906,79.77485656738281,83.39881896972656,86.06910705566406,3.62396240234375,-0.3337860107421875,,,,95.98731994628906,81.92062377929688,-14.066696166992188,37.78382375447835,44.13680002481853,,QuantData term-structure
2026-08-17T14:40:00-04:00,2026-09-18,32,240.0,put,-0.04420634000642987,85.68763732910156,356.08,fixed_strike,81.92062377929688,82.25440979003906,79.77485656738281,83.39881896972656,86.06910705566406,3.62396240234375,-0.3337860107421875,,,,95.98731994628906,81.92062377929688,-14.066696166992188,37.78382375447835,44.13680002481853,,QuantData term-structure
2026-08-17T14:40:00-04:00,2026-09-18,32,250.0,call,0.9411441973662235,85.30616760253906,356.08,fixed_strike,81.92062377929688,82.25440979003906,79.77485656738281,83.39881896972656,86.06910705566406,3.62396240234375,-0.3337860107421875,,,,95.98731994628906,81.92062377929688,-14.066696166992188,37.78382375447835,44.13680002481853,,QuantData term-structure
2026-08-17T14:40:00-04:00,2026-09-18,32,250.0,put,-0.05889475367100766,84.54322814941406,356.08,fixed_strike,81.92062377929688,82.25440979003906,79.77485656738281,83.39881896972656,86.06910705566406,3.62396240234375,-0.3337860107421875,,,,95.98731994628906,81.92062377929688,-14.066696166992188,37.78382375447835,44.13680002481853,,QuantData term-structure
2026-08-17T14:40:00-04:00,2026-09-18,32,260.0,call,0.9236572705239048,85.40153503417969,356.08,fixed_strike,81.92062377929688,82.25440979003906,79.77485656738281,83.39881896972656,86.06910705566406,3.62396240234375,-0.3337860107421875,,,,95.98731994628906,81.92062377929688,-14.066696166992188,37.78382375447835,44.13680002481853,,QuantData term-structure
2026-08-17T14:40:00-04:00,2026-09-18,32,260.0,put,-0.07718655663052781,83.39881896972656,356.08,fixed_strike,81.92062377929688,82.25440979003906,79.77485656738281,83.39881896972656,86.06910705566406,3.62396240234375,-0.3337860107421875,,,,95.98731994628906,81.92062377929688,-14.066696166992188,37.78382375447835,44.13680002481853,,QuantData term-structure
2026-08-17T14:40:00-04:00,2026-09-18,32,270.0,call,0.8623770849484209,83.97102355957031,356.08,fixed_strike,81.92062377929688,82.25440979003906,79.77485656738281,83.39881896972656,86.06910705566406,3.62396240234375,-0.3337860107421875,,,,95.98731994628906,81.92062377929688,-14.066696166992188,37.78382375447835,44.13680002481853,,QuantData term-structure
2026-08-17T14:40:00-04:00,2026-09-18,32,270.0,put,-0.1005771685259651,82.25440979003906,356.08,fixed_strike,81.92062377929688,82.25440979003906,79.77485656738281,83.39881896972656,86.06910705566406,3.62396240234375,-0.3337860107421875,,,,95.98731994628906,81.92062377929688,-14.066696166992188,37.78382375447835,44.13680002481853,,QuantData term-structure
2026-08-17T14:40:00-04:00,2026-09-18,32,280.0,call,0.8767513065609701,82.15904235839844,356.08,fixed_strike,81.92062377929688,82.25440979003906,79.77485656738281,83.39881896972656,86.06910705566406,3.62396240234375,-0.3337860107421875,,,,95.98731994628906,81.92062377929688,-14.066696166992188,37.78382375447835,44.13680002481853,,QuantData term-structure
2026-08-17T14:40:00-04:00,2026-09-18,32,280.0,put,-0.12809025048830136,81.68220520019531,356.08,fixed_strike,81.92062377929688,82.25440979003906,79.77485656738281,83.39881896972656,86.06910705566406,3.62396240234375,-0.3337860107421875,,,,95.98731994628906,81.92062377929688,-14.066696166992188,37.78382375447835,44.13680002481853,,QuantData term-structure
2026-08-17T14:40:00-04:00,2026-09-18,32,290.0,call,0.849130413284166,82.15904235839844,356.08,fixed_strike,81.92062377929688,82.25440979003906,79.77485656738281,83.39881896972656,86.06910705566406,3.62396240234375,-0.3337860107421875,,,,95.98731994628906,81.92062377929688,-14.066696166992188,37.78382375447835,44.13680002481853,,QuantData term-structure
2026-08-17T14:40:00-04:00,2026-09-18,32,290.0,put,-0.15977062921904145,81.68220520019531,356.08,fixed_strike,81.92062377929688,82.25440979003906,79.77485656738281,83.39881896972656,86.06910705566406,3.62396240234375,-0.3337860107421875,,,,95.98731994628906,81.92062377929688,-14.066696166992188,37.78382375447835,44.13680002481853,,QuantData term-structure
2026-08-17T14:40:00-04:00,2026-09-18,32,300.0,call,0.8072008728389327,82.15904235839844,356.08,fixed_strike,81.92062377929688,82.25440979003906,79.77485656738281,83.39881896972656,86.06910705566406,3.62396240234375,-0.3337860107421875,,,,95.98731994628906,81.92062377929688,-14.066696166992188,37.78382375447835,44.13680002481853,,QuantData term-structure
2026-08-17T14:40:00-04:00,2026-09-18,32,300.0,put,-0.19750697494978547,81.11000061035156,356.08,fixed_strike,81.92062377929688,82.25440979003906,79.77485656738281,83.39881896972656,86.06910705566406,3.62396240234375,-0.3337860107421875,,,,95.98731994628906,81.92062377929688,-14.066696166992188,37.78382375447835,44.13680002481853,,QuantData term-structure
2026-08-17T14:40:00-04:00,2026-09-18,32,310.0,call,0.7717276739411498,81.49147033691406,356.08,fixed_strike,81.92062377929688,82.25440979003906,79.77485656738281,83.39881896972656,86.06910705566406,3.62396240234375,-0.3337860107421875,,,,95.98731994628906,81.92062377929688,-14.066696166992188,37.78382375447835,44.13680002481853,,QuantData term-structure
2026-08-17T14:40:00-04:00,2026-09-18,32,310.0,put,-0.23079925995764827,79.77485656738281,356.08,fixed_strike,81.92062377929688,82.25440979003906,79.77485656738281,83.39881896972656,86.06910705566406,3.62396240234375,-0.3337860107421875,,,,95.98731994628906,81.92062377929688,-14.066696166992188,37.78382375447835,44.13680002481853,,QuantData term-structure
2026-08-17T14:40:00-04:00,2026-09-18,32,320.0,call,0.7303951323207231,81.87294006347656,356.08,fixed_strike,81.92062377929688,82.25440979003906,79.77485656738281,83.39881896972656,86.06910705566406,3.62396240234375,-0.3337860107421875,,,,95.98731994628906,81.92062377929688,-14.066696166992188,37.78382375447835,44.13680002481853,,QuantData term-structure
2026-08-17T14:40:00-04:00,2026-09-18,32,320.0,put,-0.28111130297411135,81.49147033691406,356.08,fixed_strike,81.92062377929688,82.25440979003906,79.77485656738281,83.39881896972656,86.06910705566406,3.62396240234375,-0.3337860107421875,,,,95.98731994628906,81.92062377929688,-14.066696166992188,37.78382375447835,44.13680002481853,,QuantData term-structure
2026-08-17T14:40:00-04:00,2026-09-18,32,330.0,call,0.6900981453213997,83.01734924316406,356.08,fixed_strike,81.92062377929688,82.25440979003906,79.77485656738281,83.39881896972656,86.06910705566406,3.62396240234375,-0.3337860107421875,,,,95.98731994628906,81.92062377929688,-14.066696166992188,37.78382375447835,44.13680002481853,,QuantData term-structure
2026-08-17T14:40:00-04:00,2026-09-18,32,330.0,put,-0.3233706808544753,82.54051208496094,356.08,fixed_strike,81.92062377929688,82.25440979003906,79.77485656738281,83.39881896972656,86.06910705566406,3.62396240234375,-0.3337860107421875,,,,95.98731994628906,81.92062377929688,-14.066696166992188,37.78382375447835,44.13680002481853,,QuantData term-structure
2026-08-17T14:40:00-04:00,2026-09-18,32,340.0,call,0.641024363471051,79.10728454589844,356.08,fixed_strike,81.92062377929688,82.25440979003906,79.77485656738281,83.39881896972656,86.06910705566406,3.62396240234375,-0.3337860107421875,,,,95.98731994628906,81.92062377929688,-14.066696166992188,37.78382375447835,44.13680002481853,,QuantData term-structure
2026-08-17T14:40:00-04:00,2026-09-18,32,340.0,put,-0.3697731382888005,82.06367492675781,356.08,fixed_strike,81.92062377929688,82.25440979003906,79.77485656738281,83.39881896972656,86.06910705566406,3.62396240234375,-0.3337860107421875,,,,95.98731994628906,81.92062377929688,-14.066696166992188,37.78382375447835,44.13680002481853,,QuantData term-structure
2026-08-17T14:40:00-04:00,2026-09-18,32,350.0,call,0.5919918346091506,81.58683776855469,356.08,fixed_strike,81.92062377929688,82.25440979003906,79.77485656738281,83.39881896972656,86.06910705566406,3.62396240234375,-0.3337860107421875,,,,95.98731994628906,81.92062377929688,-14.066696166992188,37.78382375447835,44.13680002481853,,QuantData term-structure
2026-08-17T14:40:00-04:00,2026-09-18,32,350.0,put,-0.4130268249591321,82.06367492675781,356.08,fixed_strike,81.92062377929688,82.25440979003906,79.77485656738281,83.39881896972656,86.06910705566406,3.62396240234375,-0.3337860107421875,,,,95.98731994628906,81.92062377929688,-14.066696166992188,37.78382375447835,44.13680002481853,,QuantData term-structure
2026-08-17T14:40:00-04:00,2026-09-18,32,360.0,call,0.5454042911358101,81.68220520019531,356.08,fixed_strike,81.92062377929688,82.25440979003906,79.77485656738281,83.39881896972656,86.06910705566406,3.62396240234375,-0.3337860107421875,,,,95.98731994628906,81.92062377929688,-14.066696166992188,37.78382375447835,44.13680002481853,,QuantData term-structure
2026-08-17T14:40:00-04:00,2026-09-18,32,360.0,put,-0.4427156605163273,82.15904235839844,356.08,fixed_strike,81.92062377929688,82.25440979003906,79.77485656738281,83.39881896972656,86.06910705566406,3.62396240234375,-0.3337860107421875,,,,95.98731994628906,81.92062377929688,-14.066696166992188,37.78382375447835,44.13680002481853,,QuantData term-structure
2026-08-17T14:40:00-04:00,2026-09-18,32,370.0,call,0.5044918086687913,83.78028869628906,356.08,fixed_strike,81.92062377929688,82.25440979003906,79.77485656738281,83.39881896972656,86.06910705566406,3.62396240234375,-0.3337860107421875,,,,95.98731994628906,81.92062377929688,-14.066696166992188,37.78382375447835,44.13680002481853,,QuantData term-structure
2026-08-17T14:40:00-04:00,2026-09-18,32,370.0,put,-0.5006138668679543,82.54051208496094,356.08,fixed_strike,81.92062377929688,82.25440979003906,79.77485656738281,83.39881896972656,86.06910705566406,3.62396240234375,-0.3337860107421875,,,,95.98731994628906,81.92062377929688,-14.066696166992188,37.78382375447835,44.13680002481853,,QuantData term-structure
2026-08-17T14:40:00-04:00,2026-09-18,32,380.0,call,0.45545155805899423,81.49147033691406,356.08,fixed_strike,81.92062377929688,82.25440979003906,79.77485656738281,83.39881896972656,86.06910705566406,3.62396240234375,-0.3337860107421875,,,,95.98731994628906,81.92062377929688,-14.066696166992188,37.78382375447835,44.13680002481853,,QuantData term-structure
2026-08-17T14:40:00-04:00,2026-09-18,32,380.0,put,-0.5472044333356059,84.92469787597656,356.08,fixed_strike,81.92062377929688,82.25440979003906,79.77485656738281,83.39881896972656,86.06910705566406,3.62396240234375,-0.3337860107421875,,,,95.98731994628906,81.92062377929688,-14.066696166992188,37.78382375447835,44.13680002481853,,QuantData term-structure
2026-08-17T14:40:00-04:00,2026-09-18,32,390.0,call,0.4276424386953003,82.15904235839844,356.08,fixed_strike,81.92062377929688,82.25440979003906,79.77485656738281,83.39881896972656,86.06910705566406,3.62396240234375,-0.3337860107421875,,,,95.98731994628906,81.92062377929688,-14.066696166992188,37.78382375447835,44.13680002481853,,QuantData term-structure
2026-08-17T14:40:00-04:00,2026-09-18,32,390.0,put,-0.6091566847729125,83.49418640136719,356.08,fixed_strike,81.92062377929688,82.25440979003906,79.77485656738281,83.39881896972656,86.06910705566406,3.62396240234375,-0.3337860107421875,,,,95.98731994628906,81.92062377929688,-14.066696166992188,37.78382375447835,44.13680002481853,,QuantData term-structure
2026-08-17T14:40:00-04:00,2026-09-18,32,400.0,call,0.3674886789321179,81.96830749511719,356.08,fixed_strike,81.92062377929688,82.25440979003906,79.77485656738281,83.39881896972656,86.06910705566406,3.62396240234375,-0.3337860107421875,,,,95.98731994628906,81.92062377929688,-14.066696166992188,37.78382375447835,44.13680002481853,,QuantData term-structure
2026-08-17T14:40:00-04:00,2026-09-18,32,410.0,call,0.33346900510232835,81.11000061035156,356.08,fixed_strike,81.92062377929688,82.25440979003906,79.77485656738281,83.39881896972656,86.06910705566406,3.62396240234375,-0.3337860107421875,,,,95.98731994628906,81.92062377929688,-14.066696166992188,37.78382375447835,44.13680002481853,,QuantData term-structure
2026-08-17T14:40:00-04:00,2026-09-18,32,420.0,call,0.31395580101691756,82.82661437988281,356.08,fixed_strike,81.92062377929688,82.25440979003906,79.77485656738281,83.39881896972656,86.06910705566406,3.62396240234375,-0.3337860107421875,,,,95.98731994628906,81.92062377929688,-14.066696166992188,37.78382375447835,44.13680002481853,,QuantData term-structure
2026-08-17T14:40:00-04:00,2026-09-18,32,430.0,call,0.277176597927876,82.92198181152344,356.08,fixed_strike,81.92062377929688,82.25440979003906,79.77485656738281,83.39881896972656,86.06910705566406,3.62396240234375,-0.3337860107421875,,,,95.98731994628906,81.92062377929688,-14.066696166992188,37.78382375447835,44.13680002481853,,QuantData term-structure
2026-08-17T14:40:00-04:00,2026-09-18,32,440.0,call,0.2487689875007391,83.39881896972656,356.08,fixed_strike,81.92062377929688,82.25440979003906,79.77485656738281,83.39881896972656,86.06910705566406,3.62396240234375,-0.3337860107421875,,,,95.98731994628906,81.92062377929688,-14.066696166992188,37.78382375447835,44.13680002481853,,QuantData term-structure
2026-08-17T14:40:00-04:00,2026-09-18,32,450.0,call,0.21272214748194873,83.87565612792969,356.08,fixed_strike,81.92062377929688,82.25440979003906,79.77485656738281,83.39881896972656,86.06910705566406,3.62396240234375,-0.3337860107421875,,,,95.98731994628906,81.92062377929688,-14.066696166992188,37.78382375447835,44.13680002481853,,QuantData term-structure
2026-08-17T14:40:00-04:00,2026-09-18,32,460.0,call,0.19052601862943958,83.30345153808594,356.08,fixed_strike,81.92062377929688,82.25440979003906,79.77485656738281,83.39881896972656,86.06910705566406,3.62396240234375,-0.3337860107421875,,,,95.98731994628906,81.92062377929688,-14.066696166992188,37.78382375447835,44.13680002481853,,QuantData term-structure
2026-08-17T14:40:00-04:00,2026-09-18,32,470.0,call,0.1669283987952227,84.25712585449219,356.08,fixed_strike,81.92062377929688,82.25440979003906,79.77485656738281,83.39881896972656,86.06910705566406,3.62396240234375,-0.3337860107421875,,,,95.98731994628906,81.92062377929688,-14.066696166992188,37.78382375447835,44.13680002481853,,QuantData term-structure
2026-08-17T14:40:00-04:00,2026-09-18,32,480.0,call,0.15692554794283237,85.68763732910156,356.08,fixed_strike,81.92062377929688,82.25440979003906,79.77485656738281,83.39881896972656,86.06910705566406,3.62396240234375,-0.3337860107421875,,,,95.98731994628906,81.92062377929688,-14.066696166992188,37.78382375447835,44.13680002481853,,QuantData term-structure
2026-08-17T14:40:00-04:00,2026-09-18,32,490.0,call,0.14209163292685711,87.11814880371094,356.08,fixed_strike,81.92062377929688,82.25440979003906,79.77485656738281,83.39881896972656,86.06910705566406,3.62396240234375,-0.3337860107421875,,,,95.98731994628906,81.92062377929688,-14.066696166992188,37.78382375447835,44.13680002481853,,QuantData term-structure
2026-08-17T14:40:00-04:00,2026-09-18,32,500.0,call,0.12091128756427888,86.25984191894531,356.08,fixed_strike,81.92062377929688,82.25440979003906,79.77485656738281,83.39881896972656,86.06910705566406,3.62396240234375,-0.3337860107421875,,,,95.98731994628906,81.92062377929688,-14.066696166992188,37.78382375447835,44.13680002481853,,QuantData term-structure
2026-08-17T14:40:00-04:00,2026-09-18,32,510.0,call,0.11196899146653722,86.06910705566406,356.08,fixed_strike,81.92062377929688,82.25440979003906,79.77485656738281,83.39881896972656,86.06910705566406,3.62396240234375,-0.3337860107421875,,,,95.98731994628906,81.92062377929688,-14.066696166992188,37.78382375447835,44.13680002481853,,QuantData term-structure
2026-08-17T14:40:00-04:00,2026-09-18,32,520.0,call,0.08072056161563612,85.11543273925781,356.08,fixed_strike,81.92062377929688,82.25440979003906,79.77485656738281,83.39881896972656,86.06910705566406,3.62396240234375,-0.3337860107421875,,,,95.98731994628906,81.92062377929688,-14.066696166992188,37.78382375447835,44.13680002481853,,QuantData term-structure
2026-08-17T14:40:00-04:00,2026-09-18,32,550.0,call,0.06926497752781502,88.16719055175781,356.08,fixed_strike,81.92062377929688,82.25440979003906,79.77485656738281,83.39881896972656,86.06910705566406,3.62396240234375,-0.3337860107421875,,,,95.98731994628906,81.92062377929688,-14.066696166992188,37.78382375447835,44.13680002481853,,QuantData term-structure
2026-08-17T14:40:00-04:00,2026-09-18,32,580.0,call,0.03467728667297398,89.88380432128906,356.08,fixed_strike,81.92062377929688,82.25440979003906,79.77485656738281,83.39881896972656,86.06910705566406,3.62396240234375,-0.3337860107421875,,,,95.98731994628906,81.92062377929688,-14.066696166992188,37.78382375447835,44.13680002481853,,QuantData term-structure
2026-08-17T14:40:00-04:00,2026-09-18,32,600.0,call,0.03768142966473436,89.12086486816406,356.08,fixed_strike,81.92062377929688,82.25440979003906,79.77485656738281,83.39881896972656,86.06910705566406,3.62396240234375,-0.3337860107421875,,,,95.98731994628906,81.92062377929688,-14.066696166992188,37.78382375447835,44.13680002481853,,QuantData term-structure
2026-08-17T14:40:00-04:00,2026-09-18,32,650.0,call,0.01860226473864474,95.03364562988281,356.08,fixed_strike,81.92062377929688,82.25440979003906,79.77485656738281,83.39881896972656,86.06910705566406,3.62396240234375,-0.3337860107421875,,,,95.98731994628906,81.92062377929688,-14.066696166992188,37.78382375447835,44.13680002481853,,QuantData term-structure
2026-08-17T14:40:00-04:00,2026-09-25,39,210.0,put,-0.025050347825377375,89.69306945800781,356.08,fixed_strike,83.20808410644531,84.16175842285156,83.11271667480469,79.77485656738281,85.68763732910156,-3.337860107421875,-1.7642974853515625,,,,95.98731994628906,81.92062377929688,-14.066696166992188,37.78382375447835,45.424260351966964,,QuantData term-structure
2026-08-17T14:40:00-04:00,2026-09-25,39,220.0,put,-0.04060548739933237,85.78300476074219,356.08,fixed_strike,83.20808410644531,84.16175842285156,83.11271667480469,79.77485656738281,85.68763732910156,-3.337860107421875,-1.7642974853515625,,,,95.98731994628906,81.92062377929688,-14.066696166992188,37.78382375447835,45.424260351966964,,QuantData term-structure
2026-08-17T14:40:00-04:00,2026-09-25,39,225.0,put,-0.043252899899703434,91.02821350097656,356.08,fixed_strike,83.20808410644531,84.16175842285156,83.11271667480469,79.77485656738281,85.68763732910156,-3.337860107421875,-1.7642974853515625,,,,95.98731994628906,81.92062377929688,-14.066696166992188,37.78382375447835,45.424260351966964,,QuantData term-structure
2026-08-17T14:40:00-04:00,2026-09-25,39,230.0,put,-0.0436823480520841,86.35520935058594,356.08,fixed_strike,83.20808410644531,84.16175842285156,83.11271667480469,79.77485656738281,85.68763732910156,-3.337860107421875,-1.7642974853515625,,,,95.98731994628906,81.92062377929688,-14.066696166992188,37.78382375447835,45.424260351966964,,QuantData term-structure
2026-08-17T14:40:00-04:00,2026-09-25,39,240.0,put,-0.056859684591227144,85.30616760253906,356.08,fixed_strike,83.20808410644531,84.16175842285156,83.11271667480469,79.77485656738281,85.68763732910156,-3.337860107421875,-1.7642974853515625,,,,95.98731994628906,81.92062377929688,-14.066696166992188,37.78382375447835,45.424260351966964,,QuantData term-structure
2026-08-17T14:40:00-04:00,2026-09-25,39,245.0,put,-0.06222186625210019,82.54051208496094,356.08,fixed_strike,83.20808410644531,84.16175842285156,83.11271667480469,79.77485656738281,85.68763732910156,-3.337860107421875,-1.7642974853515625,,,,95.98731994628906,81.92062377929688,-14.066696166992188,37.78382375447835,45.424260351966964,,QuantData term-structure
2026-08-17T14:40:00-04:00,2026-09-25,39,250.0,put,-0.07008871953083973,85.02006530761719,356.08,fixed_strike,83.20808410644531,84.16175842285156,83.11271667480469,79.77485656738281,85.68763732910156,-3.337860107421875,-1.7642974853515625,,,,95.98731994628906,81.92062377929688,-14.066696166992188,37.78382375447835,45.424260351966964,,QuantData term-structure
2026-08-17T14:40:00-04:00,2026-09-25,39,255.0,put,-0.08197349853603941,83.58955383300781,356.08,fixed_strike,83.20808410644531,84.16175842285156,83.11271667480469,79.77485656738281,85.68763732910156,-3.337860107421875,-1.7642974853515625,,,,95.98731994628906,81.92062377929688,-14.066696166992188,37.78382375447835,45.424260351966964,,QuantData term-structure
2026-08-17T14:40:00-04:00,2026-09-25,39,260.0,put,-0.09515624116852689,84.16175842285156,356.08,fixed_strike,83.20808410644531,84.16175842285156,83.11271667480469,79.77485656738281,85.68763732910156,-3.337860107421875,-1.7642974853515625,,,,95.98731994628906,81.92062377929688,-14.066696166992188,37.78382375447835,45.424260351966964,,QuantData term-structure
2026-08-17T14:40:00-04:00,2026-09-25,39,265.0,put,-0.10789282015082774,83.68492126464844,356.08,fixed_strike,83.20808410644531,84.16175842285156,83.11271667480469,79.77485656738281,85.68763732910156,-3.337860107421875,-1.7642974853515625,,,,95.98731994628906,81.92062377929688,-14.066696166992188,37.78382375447835,45.424260351966964,,QuantData term-structure
2026-08-17T14:40:00-04:00,2026-09-25,39,270.0,put,-0.11554993250608142,83.01734924316406,356.08,fixed_strike,83.20808410644531,84.16175842285156,83.11271667480469,79.77485656738281,85.68763732910156,-3.337860107421875,-1.7642974853515625,,,,95.98731994628906,81.92062377929688,-14.066696166992188,37.78382375447835,45.424260351966964,,QuantData term-structure
2026-08-17T14:40:00-04:00,2026-09-25,39,275.0,put,-0.12933760289095175,82.73124694824219,356.08,fixed_strike,83.20808410644531,84.16175842285156,83.11271667480469,79.77485656738281,85.68763732910156,-3.337860107421875,-1.7642974853515625,,,,95.98731994628906,81.92062377929688,-14.066696166992188,37.78382375447835,45.424260351966964,,QuantData term-structure
2026-08-17T14:40:00-04:00,2026-09-25,39,280.0,put,-0.14203058372533278,82.63587951660156,356.08,fixed_strike,83.20808410644531,84.16175842285156,83.11271667480469,79.77485656738281,85.68763732910156,-3.337860107421875,-1.7642974853515625,,,,95.98731994628906,81.92062377929688,-14.066696166992188,37.78382375447835,45.424260351966964,,QuantData term-structure
2026-08-17T14:40:00-04:00,2026-09-25,39,285.0,put,-0.19776444631627543,84.92469787597656,356.08,fixed_strike,83.20808410644531,84.16175842285156,83.11271667480469,79.77485656738281,85.68763732910156,-3.337860107421875,-1.7642974853515625,,,,95.98731994628906,81.92062377929688,-14.066696166992188,37.78382375447835,45.424260351966964,,QuantData term-structure
2026-08-17T14:40:00-04:00,2026-09-25,39,290.0,call,0.8276020220866054,81.30073547363281,356.08,fixed_strike,83.20808410644531,84.16175842285156,83.11271667480469,79.77485656738281,85.68763732910156,-3.337860107421875,-1.7642974853515625,,,,95.98731994628906,81.92062377929688,-14.066696166992188,37.78382375447835,45.424260351966964,,QuantData term-structure
2026-08-17T14:40:00-04:00,2026-09-25,39,290.0,put,-0.17509342560517643,82.92198181152344,356.08,fixed_strike,83.20808410644531,84.16175842285156,83.11271667480469,79.77485656738281,85.68763732910156,-3.337860107421875,-1.7642974853515625,,,,95.98731994628906,81.92062377929688,-14.066696166992188,37.78382375447835,45.424260351966964,,QuantData term-structure
2026-08-17T14:40:00-04:00,2026-09-25,39,295.0,put,-0.18858315606468234,82.63587951660156,356.08,fixed_strike,83.20808410644531,84.16175842285156,83.11271667480469,79.77485656738281,85.68763732910156,-3.337860107421875,-1.7642974853515625,,,,95.98731994628906,81.92062377929688,-14.066696166992188,37.78382375447835,45.424260351966964,,QuantData term-structure
2026-08-17T14:40:00-04:00,2026-09-25,39,300.0,put,-0.2113389283587821,82.15904235839844,356.08,fixed_strike,83.20808410644531,84.16175842285156,83.11271667480469,79.77485656738281,85.68763732910156,-3.337860107421875,-1.7642974853515625,,,,95.98731994628906,81.92062377929688,-14.066696166992188,37.78382375447835,45.424260351966964,,QuantData term-structure
2026-08-17T14:40:00-04:00,2026-09-25,39,305.0,put,-0.23005736595333653,82.82661437988281,356.08,fixed_strike,83.20808410644531,84.16175842285156,83.11271667480469,79.77485656738281,85.68763732910156,-3.337860107421875,-1.7642974853515625,,,,95.98731994628906,81.92062377929688,-14.066696166992188,37.78382375447835,45.424260351966964,,QuantData term-structure
2026-08-17T14:40:00-04:00,2026-09-25,39,310.0,put,-0.24830314026236255,83.11271667480469,356.08,fixed_strike,83.20808410644531,84.16175842285156,83.11271667480469,79.77485656738281,85.68763732910156,-3.337860107421875,-1.7642974853515625,,,,95.98731994628906,81.92062377929688,-14.066696166992188,37.78382375447835,45.424260351966964,,QuantData term-structure
2026-08-17T14:40:00-04:00,2026-09-25,39,320.0,call,0.648666141437282,83.58955383300781,356.08,fixed_strike,83.20808410644531,84.16175842285156,83.11271667480469,79.77485656738281,85.68763732910156,-3.337860107421875,-1.7642974853515625,,,,95.98731994628906,81.92062377929688,-14.066696166992188,37.78382375447835,45.424260351966964,,QuantData term-structure
2026-08-17T14:40:00-04:00,2026-09-25,39,325.0,call,0.6343869777613085,82.06367492675781,356.08,fixed_strike,83.20808410644531,84.16175842285156,83.11271667480469,79.77485656738281,85.68763732910156,-3.337860107421875,-1.7642974853515625,,,,95.98731994628906,81.92062377929688,-14.066696166992188,37.78382375447835,45.424260351966964,,QuantData term-structure
2026-08-17T14:40:00-04:00,2026-09-25,39,325.0,put,-0.3019397686323395,82.73124694824219,356.08,fixed_strike,83.20808410644531,84.16175842285156,83.11271667480469,79.77485656738281,85.68763732910156,-3.337860107421875,-1.7642974853515625,,,,95.98731994628906,81.92062377929688,-14.066696166992188,37.78382375447835,45.424260351966964,,QuantData term-structure
2026-08-17T14:40:00-04:00,2026-09-25,39,330.0,call,0.6599196196740198,79.96559143066406,356.08,fixed_strike,83.20808410644531,84.16175842285156,83.11271667480469,79.77485656738281,85.68763732910156,-3.337860107421875,-1.7642974853515625,,,,95.98731994628906,81.92062377929688,-14.066696166992188,37.78382375447835,45.424260351966964,,QuantData term-structure
2026-08-17T14:40:00-04:00,2026-09-25,39,330.0,put,-0.3322586852327667,82.06367492675781,356.08,fixed_strike,83.20808410644531,84.16175842285156,83.11271667480469,79.77485656738281,85.68763732910156,-3.337860107421875,-1.7642974853515625,,,,95.98731994628906,81.92062377929688,-14.066696166992188,37.78382375447835,45.424260351966964,,QuantData term-structure
2026-08-17T14:40:00-04:00,2026-09-25,39,335.0,call,0.6529496944214764,81.87294006347656,356.08,fixed_strike,83.20808410644531,84.16175842285156,83.11271667480469,79.77485656738281,85.68763732910156,-3.337860107421875,-1.7642974853515625,,,,95.98731994628906,81.92062377929688,-14.066696166992188,37.78382375447835,45.424260351966964,,QuantData term-structure
2026-08-17T14:40:00-04:00,2026-09-25,39,335.0,put,-0.3498198392468903,83.58955383300781,356.08,fixed_strike,83.20808410644531,84.16175842285156,83.11271667480469,79.77485656738281,85.68763732910156,-3.337860107421875,-1.7642974853515625,,,,95.98731994628906,81.92062377929688,-14.066696166992188,37.78382375447835,45.424260351966964,,QuantData term-structure
2026-08-17T14:40:00-04:00,2026-09-25,39,340.0,call,0.5981924275327761,81.68220520019531,356.08,fixed_strike,83.20808410644531,84.16175842285156,83.11271667480469,79.77485656738281,85.68763732910156,-3.337860107421875,-1.7642974853515625,,,,95.98731994628906,81.92062377929688,-14.066696166992188,37.78382375447835,45.424260351966964,,QuantData term-structure
2026-08-17T14:40:00-04:00,2026-09-25,39,340.0,put,-0.43039110001165537,80.91926574707031,356.08,fixed_strike,83.20808410644531,84.16175842285156,83.11271667480469,79.77485656738281,85.68763732910156,-3.337860107421875,-1.7642974853515625,,,,95.98731994628906,81.92062377929688,-14.066696166992188,37.78382375447835,45.424260351966964,,QuantData term-structure
2026-08-17T14:40:00-04:00,2026-09-25,39,345.0,call,0.6256469624938099,82.92198181152344,356.08,fixed_strike,83.20808410644531,84.16175842285156,83.11271667480469,79.77485656738281,85.68763732910156,-3.337860107421875,-1.7642974853515625,,,,95.98731994628906,81.92062377929688,-14.066696166992188,37.78382375447835,45.424260351966964,,QuantData term-structure
2026-08-17T14:40:00-04:00,2026-09-25,39,345.0,put,-0.38273409462025454,83.58955383300781,356.08,fixed_strike,83.20808410644531,84.16175842285156,83.11271667480469,79.77485656738281,85.68763732910156,-3.337860107421875,-1.7642974853515625,,,,95.98731994628906,81.92062377929688,-14.066696166992188,37.78382375447835,45.424260351966964,,QuantData term-structure
2026-08-17T14:40:00-04:00,2026-09-25,39,350.0,call,0.5732230388023916,82.73124694824219,356.08,fixed_strike,83.20808410644531,84.16175842285156,83.11271667480469,79.77485656738281,85.68763732910156,-3.337860107421875,-1.7642974853515625,,,,95.98731994628906,81.92062377929688,-14.066696166992188,37.78382375447835,45.424260351966964,,QuantData term-structure
2026-08-17T14:40:00-04:00,2026-09-25,39,350.0,put,-0.4118364098284317,81.77757263183594,356.08,fixed_strike,83.20808410644531,84.16175842285156,83.11271667480469,79.77485656738281,85.68763732910156,-3.337860107421875,-1.7642974853515625,,,,95.98731994628906,81.92062377929688,-14.066696166992188,37.78382375447835,45.424260351966964,,QuantData term-structure
2026-08-17T14:40:00-04:00,2026-09-25,39,355.0,call,0.5792715604385477,81.87294006347656,356.08,fixed_strike,83.20808410644531,84.16175842285156,83.11271667480469,79.77485656738281,85.68763732910156,-3.337860107421875,-1.7642974853515625,,,,95.98731994628906,81.92062377929688,-14.066696166992188,37.78382375447835,45.424260351966964,,QuantData term-structure
2026-08-17T14:40:00-04:00,2026-09-25,39,355.0,put,-0.4259952721966302,84.54322814941406,356.08,fixed_strike,83.20808410644531,84.16175842285156,83.11271667480469,79.77485656738281,85.68763732910156,-3.337860107421875,-1.7642974853515625,,,,95.98731994628906,81.92062377929688,-14.066696166992188,37.78382375447835,45.424260351966964,,QuantData term-structure
2026-08-17T14:40:00-04:00,2026-09-25,39,360.0,call,0.5618118189482508,84.35249328613281,356.08,fixed_strike,83.20808410644531,84.16175842285156,83.11271667480469,79.77485656738281,85.68763732910156,-3.337860107421875,-1.7642974853515625,,,,95.98731994628906,81.92062377929688,-14.066696166992188,37.78382375447835,45.424260351966964,,QuantData term-structure
2026-08-17T14:40:00-04:00,2026-09-25,39,360.0,put,-0.44188270331640617,81.58683776855469,356.08,fixed_strike,83.20808410644531,84.16175842285156,83.11271667480469,79.77485656738281,85.68763732910156,-3.337860107421875,-1.7642974853515625,,,,95.98731994628906,81.92062377929688,-14.066696166992188,37.78382375447835,45.424260351966964,,QuantData term-structure
2026-08-17T14:40:00-04:00,2026-09-25,39,365.0,call,0.5287906420126349,81.30073547363281,356.08,fixed_strike,83.20808410644531,84.16175842285156,83.11271667480469,79.77485656738281,85.68763732910156,-3.337860107421875,-1.7642974853515625,,,,95.98731994628906,81.92062377929688,-14.066696166992188,37.78382375447835,45.424260351966964,,QuantData term-structure
2026-08-17T14:40:00-04:00,2026-09-25,39,370.0,call,0.519932710711124,82.15904235839844,356.08,fixed_strike,83.20808410644531,84.16175842285156,83.11271667480469,79.77485656738281,85.68763732910156,-3.337860107421875,-1.7642974853515625,,,,95.98731994628906,81.92062377929688,-14.066696166992188,37.78382375447835,45.424260351966964,,QuantData term-structure
2026-08-17T14:40:00-04:00,2026-09-25,39,370.0,put,-0.49546482830446104,81.87294006347656,356.08,fixed_strike,83.20808410644531,84.16175842285156,83.11271667480469,79.77485656738281,85.68763732910156,-3.337860107421875,-1.7642974853515625,,,,95.98731994628906,81.92062377929688,-14.066696166992188,37.78382375447835,45.424260351966964,,QuantData term-structure
2026-08-17T14:40:00-04:00,2026-09-25,39,375.0,call,0.4246595302845797,85.59226989746094,356.08,fixed_strike,83.20808410644531,84.16175842285156,83.11271667480469,79.77485656738281,85.68763732910156,-3.337860107421875,-1.7642974853515625,,,,95.98731994628906,81.92062377929688,-14.066696166992188,37.78382375447835,45.424260351966964,,QuantData term-structure
2026-08-17T14:40:00-04:00,2026-09-25,39,380.0,call,0.485534889491568,83.30345153808594,356.08,fixed_strike,83.20808410644531,84.16175842285156,83.11271667480469,79.77485656738281,85.68763732910156,-3.337860107421875,-1.7642974853515625,,,,95.98731994628906,81.92062377929688,-14.066696166992188,37.78382375447835,45.424260351966964,,QuantData term-structure
2026-08-17T14:40:00-04:00,2026-09-25,39,385.0,call,0.3794282452636399,82.92198181152344,356.08,fixed_strike,83.20808410644531,84.16175842285156,83.11271667480469,79.77485656738281,85.68763732910156,-3.337860107421875,-1.7642974853515625,,,,95.98731994628906,81.92062377929688,-14.066696166992188,37.78382375447835,45.424260351966964,,QuantData term-structure
2026-08-17T14:40:00-04:00,2026-09-25,39,385.0,put,-0.5695583168441654,83.97102355957031,356.08,fixed_strike,83.20808410644531,84.16175842285156,83.11271667480469,79.77485656738281,85.68763732910156,-3.337860107421875,-1.7642974853515625,,,,95.98731994628906,81.92062377929688,-14.066696166992188,37.78382375447835,45.424260351966964,,QuantData term-structure
2026-08-17T14:40:00-04:00,2026-09-25,39,390.0,call,0.44419175309345965,83.01734924316406,356.08,fixed_strike,83.20808410644531,84.16175842285156,83.11271667480469,79.77485656738281,85.68763732910156,-3.337860107421875,-1.7642974853515625,,,,95.98731994628906,81.92062377929688,-14.066696166992188,37.78382375447835,45.424260351966964,,QuantData term-structure
2026-08-17T14:40:00-04:00,2026-09-25,39,400.0,call,0.40669673813528334,82.63587951660156,356.08,fixed_strike,83.20808410644531,84.16175842285156,83.11271667480469,79.77485656738281,85.68763732910156,-3.337860107421875,-1.7642974853515625,,,,95.98731994628906,81.92062377929688,-14.066696166992188,37.78382375447835,45.424260351966964,,QuantData term-structure
2026-08-17T14:40:00-04:00,2026-09-25,39,400.0,put,-0.6032854546506132,83.78028869628906,356.08,fixed_strike,83.20808410644531,84.16175842285156,83.11271667480469,79.77485656738281,85.68763732910156,-3.337860107421875,-1.7642974853515625,,,,95.98731994628906,81.92062377929688,-14.066696166992188,37.78382375447835,45.424260351966964,,QuantData term-structure
2026-08-17T14:40:00-04:00,2026-09-25,39,405.0,call,0.32297318373673434,82.92198181152344,356.08,fixed_strike,83.20808410644531,84.16175842285156,83.11271667480469,79.77485656738281,85.68763732910156,-3.337860107421875,-1.7642974853515625,,,,95.98731994628906,81.92062377929688,-14.066696166992188,37.78382375447835,45.424260351966964,,QuantData term-structure
2026-08-17T14:40:00-04:00,2026-09-25,39,410.0,call,0.37589643022553043,84.73396301269531,356.08,fixed_strike,83.20808410644531,84.16175842285156,83.11271667480469,79.77485656738281,85.68763732910156,-3.337860107421875,-1.7642974853515625,,,,95.98731994628906,81.92062377929688,-14.066696166992188,37.78382375447835,45.424260351966964,,QuantData term-structure
2026-08-17T14:40:00-04:00,2026-09-25,39,415.0,call,0.3545574000243734,83.11271667480469,356.08,fixed_strike,83.20808410644531,84.16175842285156,83.11271667480469,79.77485656738281,85.68763732910156,-3.337860107421875,-1.7642974853515625,,,,95.98731994628906,81.92062377929688,-14.066696166992188,37.78382375447835,45.424260351966964,,QuantData term-structure
2026-08-17T14:40:00-04:00,2026-09-25,39,420.0,call,0.3305857439188939,83.97102355957031,356.08,fixed_strike,83.20808410644531,84.16175842285156,83.11271667480469,79.77485656738281,85.68763732910156,-3.337860107421875,-1.7642974853515625,,,,95.98731994628906,81.92062377929688,-14.066696166992188,37.78382375447835,45.424260351966964,,QuantData term-structure
2026-08-17T14:40:00-04:00,2026-09-25,39,430.0,call,0.3038003285732615,82.73124694824219,356.08,fixed_strike,83.20808410644531,84.16175842285156,83.11271667480469,79.77485656738281,85.68763732910156,-3.337860107421875,-1.7642974853515625,,,,95.98731994628906,81.92062377929688,-14.066696166992188,37.78382375447835,45.424260351966964,,QuantData term-structure
2026-08-17T14:40:00-04:00,2026-09-25,39,445.0,call,0.24692156228213374,79.77485656738281,356.08,fixed_strike,83.20808410644531,84.16175842285156,83.11271667480469,79.77485656738281,85.68763732910156,-3.337860107421875,-1.7642974853515625,,,,95.98731994628906,81.92062377929688,-14.066696166992188,37.78382375447835,45.424260351966964,,QuantData term-structure
2026-08-17T14:40:00-04:00,2026-09-25,39,480.0,call,0.1833180748003332,84.82933044433594,356.08,fixed_strike,83.20808410644531,84.16175842285156,83.11271667480469,79.77485656738281,85.68763732910156,-3.337860107421875,-1.7642974853515625,,,,95.98731994628906,81.92062377929688,-14.066696166992188,37.78382375447835,45.424260351966964,,QuantData term-structure
2026-08-17T14:40:00-04:00,2026-09-25,39,500.0,call,0.15141419202418144,85.68763732910156,356.08,fixed_strike,83.20808410644531,84.16175842285156,83.11271667480469,79.77485656738281,85.68763732910156,-3.337860107421875,-1.7642974853515625,,,,95.98731994628906,81.92062377929688,-14.066696166992188,37.78382375447835,45.424260351966964,,QuantData term-structure
2026-08-17T14:40:00-04:00,2026-09-25,39,500.0,put,-0.813275928751405,95.12901306152344,356.08,fixed_strike,83.20808410644531,84.16175842285156,83.11271667480469,79.77485656738281,85.68763732910156,-3.337860107421875,-1.7642974853515625,,,,95.98731994628906,81.92062377929688,-14.066696166992188,37.78382375447835,45.424260351966964,,QuantData term-structure
2026-08-17T14:40:00-04:00,2026-10-02,46,215.0,put,-0.041263213550756524,91.60041809082031,356.08,fixed_strike,82.25440979003906,82.63587951660156,84.06639099121094,82.63587951660156,84.44786071777344,-1.430511474609375,1.0967254638671875,,,,95.98731994628906,81.92062377929688,-14.066696166992188,37.78382375447835,44.470586035560714,,QuantData term-structure
2026-08-17T14:40:00-04:00,2026-10-02,46,265.0,put,-0.15424137999915521,82.63587951660156,356.08,fixed_strike,82.25440979003906,82.63587951660156,84.06639099121094,82.63587951660156,84.44786071777344,-1.430511474609375,1.0967254638671875,,,,95.98731994628906,81.92062377929688,-14.066696166992188,37.78382375447835,44.470586035560714,,QuantData term-structure
2026-08-17T14:40:00-04:00,2026-10-02,46,275.0,put,-0.18529364447683927,82.25440979003906,356.08,fixed_strike,82.25440979003906,82.63587951660156,84.06639099121094,82.63587951660156,84.44786071777344,-1.430511474609375,1.0967254638671875,,,,95.98731994628906,81.92062377929688,-14.066696166992188,37.78382375447835,44.470586035560714,,QuantData term-structure
2026-08-17T14:40:00-04:00,2026-10-02,46,280.0,put,-0.16036856047191872,82.82661437988281,356.08,fixed_strike,82.25440979003906,82.63587951660156,84.06639099121094,82.63587951660156,84.44786071777344,-1.430511474609375,1.0967254638671875,,,,95.98731994628906,81.92062377929688,-14.066696166992188,37.78382375447835,44.470586035560714,,QuantData term-structure
2026-08-17T14:40:00-04:00,2026-10-02,46,285.0,put,-0.18678196900984267,87.02278137207031,356.08,fixed_strike,82.25440979003906,82.63587951660156,84.06639099121094,82.63587951660156,84.44786071777344,-1.430511474609375,1.0967254638671875,,,,95.98731994628906,81.92062377929688,-14.066696166992188,37.78382375447835,44.470586035560714,,QuantData term-structure
2026-08-17T14:40:00-04:00,2026-10-02,46,290.0,put,-0.18726502973568793,82.63587951660156,356.08,fixed_strike,82.25440979003906,82.63587951660156,84.06639099121094,82.63587951660156,84.44786071777344,-1.430511474609375,1.0967254638671875,,,,95.98731994628906,81.92062377929688,-14.066696166992188,37.78382375447835,44.470586035560714,,QuantData term-structure
2026-08-17T14:40:00-04:00,2026-10-02,46,295.0,put,-0.2500329650101059,84.06639099121094,356.08,fixed_strike,82.25440979003906,82.63587951660156,84.06639099121094,82.63587951660156,84.44786071777344,-1.430511474609375,1.0967254638671875,,,,95.98731994628906,81.92062377929688,-14.066696166992188,37.78382375447835,44.470586035560714,,QuantData term-structure
2026-08-17T14:40:00-04:00,2026-10-02,46,300.0,call,0.7821420908836387,81.30073547363281,356.08,fixed_strike,82.25440979003906,82.63587951660156,84.06639099121094,82.63587951660156,84.44786071777344,-1.430511474609375,1.0967254638671875,,,,95.98731994628906,81.92062377929688,-14.066696166992188,37.78382375447835,44.470586035560714,,QuantData term-structure
2026-08-17T14:40:00-04:00,2026-10-02,46,300.0,put,-0.2270151087163675,82.63587951660156,356.08,fixed_strike,82.25440979003906,82.63587951660156,84.06639099121094,82.63587951660156,84.44786071777344,-1.430511474609375,1.0967254638671875,,,,95.98731994628906,81.92062377929688,-14.066696166992188,37.78382375447835,44.470586035560714,,QuantData term-structure
2026-08-17T14:40:00-04:00,2026-10-02,46,310.0,put,-0.25512085535739976,80.63316345214844,356.08,fixed_strike,82.25440979003906,82.63587951660156,84.06639099121094,82.63587951660156,84.44786071777344,-1.430511474609375,1.0967254638671875,,,,95.98731994628906,81.92062377929688,-14.066696166992188,37.78382375447835,44.470586035560714,,QuantData term-structure
2026-08-17T14:40:00-04:00,2026-10-02,46,315.0,call,0.6999191048800681,81.39610290527344,356.08,fixed_strike,82.25440979003906,82.63587951660156,84.06639099121094,82.63587951660156,84.44786071777344,-1.430511474609375,1.0967254638671875,,,,95.98731994628906,81.92062377929688,-14.066696166992188,37.78382375447835,44.470586035560714,,QuantData term-structure
2026-08-17T14:40:00-04:00,2026-10-02,46,335.0,call,0.6053652611578815,80.63316345214844,356.08,fixed_strike,82.25440979003906,82.63587951660156,84.06639099121094,82.63587951660156,84.44786071777344,-1.430511474609375,1.0967254638671875,,,,95.98731994628906,81.92062377929688,-14.066696166992188,37.78382375447835,44.470586035560714,,QuantData term-structure
2026-08-17T14:40:00-04:00,2026-10-02,46,340.0,call,0.6348813876633517,80.34706115722656,356.08,fixed_strike,82.25440979003906,82.63587951660156,84.06639099121094,82.63587951660156,84.44786071777344,-1.430511474609375,1.0967254638671875,,,,95.98731994628906,81.92062377929688,-14.066696166992188,37.78382375447835,44.470586035560714,,QuantData term-structure
2026-08-17T14:40:00-04:00,2026-10-02,46,345.0,call,0.6155335539456335,80.53779602050781,356.08,fixed_strike,82.25440979003906,82.63587951660156,84.06639099121094,82.63587951660156,84.44786071777344,-1.430511474609375,1.0967254638671875,,,,95.98731994628906,81.92062377929688,-14.066696166992188,37.78382375447835,44.470586035560714,,QuantData term-structure
2026-08-17T14:40:00-04:00,2026-10-02,46,355.0,call,0.5571335764146941,82.25440979003906,356.08,fixed_strike,82.25440979003906,82.63587951660156,84.06639099121094,82.63587951660156,84.44786071777344,-1.430511474609375,1.0967254638671875,,,,95.98731994628906,81.92062377929688,-14.066696166992188,37.78382375447835,44.470586035560714,,QuantData term-structure
2026-08-17T14:40:00-04:00,2026-10-02,46,360.0,call,0.5700729217364293,82.92198181152344,356.08,fixed_strike,82.25440979003906,82.63587951660156,84.06639099121094,82.63587951660156,84.44786071777344,-1.430511474609375,1.0967254638671875,,,,95.98731994628906,81.92062377929688,-14.066696166992188,37.78382375447835,44.470586035560714,,QuantData term-structure
2026-08-17T14:40:00-04:00,2026-10-02,46,365.0,call,0.4435521676231553,83.78028869628906,356.08,fixed_strike,82.25440979003906,82.63587951660156,84.06639099121094,82.63587951660156,84.44786071777344,-1.430511474609375,1.0967254638671875,,,,95.98731994628906,81.92062377929688,-14.066696166992188,37.78382375447835,44.470586035560714,,QuantData term-structure
2026-08-17T14:40:00-04:00,2026-10-02,46,370.0,call,0.495853244834682,81.96830749511719,356.08,fixed_strike,82.25440979003906,82.63587951660156,84.06639099121094,82.63587951660156,84.44786071777344,-1.430511474609375,1.0967254638671875,,,,95.98731994628906,81.92062377929688,-14.066696166992188,37.78382375447835,44.470586035560714,,QuantData term-structure
2026-08-17T14:40:00-04:00,2026-10-02,46,375.0,call,0.5066637350345253,79.48875427246094,356.08,fixed_strike,82.25440979003906,82.63587951660156,84.06639099121094,82.63587951660156,84.44786071777344,-1.430511474609375,1.0967254638671875,,,,95.98731994628906,81.92062377929688,-14.066696166992188,37.78382375447835,44.470586035560714,,QuantData term-structure
2026-08-17T14:40:00-04:00,2026-10-02,46,380.0,call,0.4992895986856162,83.01734924316406,356.08,fixed_strike,82.25440979003906,82.63587951660156,84.06639099121094,82.63587951660156,84.44786071777344,-1.430511474609375,1.0967254638671875,,,,95.98731994628906,81.92062377929688,-14.066696166992188,37.78382375447835,44.470586035560714,,QuantData term-structure
2026-08-17T14:40:00-04:00,2026-10-02,46,390.0,call,0.45617617392210275,82.82661437988281,356.08,fixed_strike,82.25440979003906,82.63587951660156,84.06639099121094,82.63587951660156,84.44786071777344,-1.430511474609375,1.0967254638671875,,,,95.98731994628906,81.92062377929688,-14.066696166992188,37.78382375447835,44.470586035560714,,QuantData term-structure
2026-08-17T14:40:00-04:00,2026-10-02,46,400.0,call,0.4099318095355104,80.82389831542969,356.08,fixed_strike,82.25440979003906,82.63587951660156,84.06639099121094,82.63587951660156,84.44786071777344,-1.430511474609375,1.0967254638671875,,,,95.98731994628906,81.92062377929688,-14.066696166992188,37.78382375447835,44.470586035560714,,QuantData term-structure
2026-08-17T14:40:00-04:00,2026-10-02,46,410.0,call,0.3282451714518417,83.58955383300781,356.08,fixed_strike,82.25440979003906,82.63587951660156,84.06639099121094,82.63587951660156,84.44786071777344,-1.430511474609375,1.0967254638671875,,,,95.98731994628906,81.92062377929688,-14.066696166992188,37.78382375447835,44.470586035560714,,QuantData term-structure
2026-08-17T14:40:00-04:00,2026-10-02,46,420.0,call,0.35215703589676883,82.54051208496094,356.08,fixed_strike,82.25440979003906,82.63587951660156,84.06639099121094,82.63587951660156,84.44786071777344,-1.430511474609375,1.0967254638671875,,,,95.98731994628906,81.92062377929688,-14.066696166992188,37.78382375447835,44.470586035560714,,QuantData term-structure
2026-08-17T14:40:00-04:00,2026-10-02,46,425.0,put,-0.6951927094659367,85.21080017089844,356.08,fixed_strike,82.25440979003906,82.63587951660156,84.06639099121094,82.63587951660156,84.44786071777344,-1.430511474609375,1.0967254638671875,,,,95.98731994628906,81.92062377929688,-14.066696166992188,37.78382375447835,44.470586035560714,,QuantData term-structure
2026-08-17T14:40:00-04:00,2026-10-02,46,440.0,call,0.22543831156218008,80.15632629394531,356.08,fixed_strike,82.25440979003906,82.63587951660156,84.06639099121094,82.63587951660156,84.44786071777344,-1.430511474609375,1.0967254638671875,,,,95.98731994628906,81.92062377929688,-14.066696166992188,37.78382375447835,44.470586035560714,,QuantData term-structure
2026-08-17T14:40:00-04:00,2026-10-02,46,445.0,call,0.23404295678006293,82.63587951660156,356.08,fixed_strike,82.25440979003906,82.63587951660156,84.06639099121094,82.63587951660156,84.44786071777344,-1.430511474609375,1.0967254638671875,,,,95.98731994628906,81.92062377929688,-14.066696166992188,37.78382375447835,44.470586035560714,,QuantData term-structure
2026-08-17T14:40:00-04:00,2026-10-02,46,500.0,call,0.1791504777923777,84.44786071777344,356.08,fixed_strike,82.25440979003906,82.63587951660156,84.06639099121094,82.63587951660156,84.44786071777344,-1.430511474609375,1.0967254638671875,,,,95.98731994628906,81.92062377929688,-14.066696166992188,37.78382375447835,44.470586035560714,,QuantData term-structure
2026-08-17T14:40:00-04:00,2026-10-16,60,135.0,put,-0.005439235602158353,95.03364562988281,356.08,fixed_strike,81.58683776855469,83.97102355957031,82.44514465332031,84.35249328613281,86.73667907714844,1.9073486328125,1.811981201171875,,,,95.98731994628906,81.92062377929688,-14.066696166992188,37.78382375447835,43.80301401407634,,QuantData term-structure
2026-08-17T14:40:00-04:00,2026-10-16,60,140.0,put,-0.00422881370252878,94.27070617675781,356.08,fixed_strike,81.58683776855469,83.97102355957031,82.44514465332031,84.35249328613281,86.73667907714844,1.9073486328125,1.811981201171875,,,,95.98731994628906,81.92062377929688,-14.066696166992188,37.78382375447835,43.80301401407634,,QuantData term-structure
2026-08-17T14:40:00-04:00,2026-10-16,60,145.0,put,-0.009020964960195834,96.36878967285156,356.08,fixed_strike,81.58683776855469,83.97102355957031,82.44514465332031,84.35249328613281,86.73667907714844,1.9073486328125,1.811981201171875,,,,95.98731994628906,81.92062377929688,-14.066696166992188,37.78382375447835,43.80301401407634,,QuantData term-structure
2026-08-17T14:40:00-04:00,2026-10-16,60,150.0,put,-0.006846339075758304,95.41511535644531,356.08,fixed_strike,81.58683776855469,83.97102355957031,82.44514465332031,84.35249328613281,86.73667907714844,1.9073486328125,1.811981201171875,,,,95.98731994628906,81.92062377929688,-14.066696166992188,37.78382375447835,43.80301401407634,,QuantData term-structure
2026-08-17T14:40:00-04:00,2026-10-16,60,160.0,put,-0.011420350970116651,96.75025939941406,356.08,fixed_strike,81.58683776855469,83.97102355957031,82.44514465332031,84.35249328613281,86.73667907714844,1.9073486328125,1.811981201171875,,,,95.98731994628906,81.92062377929688,-14.066696166992188,37.78382375447835,43.80301401407634,,QuantData term-structure
2026-08-17T14:40:00-04:00,2026-10-16,60,170.0,put,-0.014585282028771856,93.69850158691406,356.08,fixed_strike,81.58683776855469,83.97102355957031,82.44514465332031,84.35249328613281,86.73667907714844,1.9073486328125,1.811981201171875,,,,95.98731994628906,81.92062377929688,-14.066696166992188,37.78382375447835,43.80301401407634,,QuantData term-structure
2026-08-17T14:40:00-04:00,2026-10-16,60,200.0,put,-0.03273005069478023,87.11814880371094,356.08,fixed_strike,81.58683776855469,83.97102355957031,82.44514465332031,84.35249328613281,86.73667907714844,1.9073486328125,1.811981201171875,,,,95.98731994628906,81.92062377929688,-14.066696166992188,37.78382375447835,43.80301401407634,,QuantData term-structure
2026-08-17T14:40:00-04:00,2026-10-16,60,210.0,put,-0.042537959537075565,87.49961853027344,356.08,fixed_strike,81.58683776855469,83.97102355957031,82.44514465332031,84.35249328613281,86.73667907714844,1.9073486328125,1.811981201171875,,,,95.98731994628906,81.92062377929688,-14.066696166992188,37.78382375447835,43.80301401407634,,QuantData term-structure
2026-08-17T14:40:00-04:00,2026-10-16,60,220.0,put,-0.054983243801394965,86.06910705566406,356.08,fixed_strike,81.58683776855469,83.97102355957031,82.44514465332031,84.35249328613281,86.73667907714844,1.9073486328125,1.811981201171875,,,,95.98731994628906,81.92062377929688,-14.066696166992188,37.78382375447835,43.80301401407634,,QuantData term-structure
2026-08-17T14:40:00-04:00,2026-10-16,60,230.0,put,-0.06835760278816994,83.68492126464844,356.08,fixed_strike,81.58683776855469,83.97102355957031,82.44514465332031,84.35249328613281,86.73667907714844,1.9073486328125,1.811981201171875,,,,95.98731994628906,81.92062377929688,-14.066696166992188,37.78382375447835,43.80301401407634,,QuantData term-structure
2026-08-17T14:40:00-04:00,2026-10-16,60,240.0,put,-0.08590355844451308,85.21080017089844,356.08,fixed_strike,81.58683776855469,83.97102355957031,82.44514465332031,84.35249328613281,86.73667907714844,1.9073486328125,1.811981201171875,,,,95.98731994628906,81.92062377929688,-14.066696166992188,37.78382375447835,43.80301401407634,,QuantData term-structure
2026-08-17T14:40:00-04:00,2026-10-16,60,250.0,put,-0.10405626536964846,83.97102355957031,356.08,fixed_strike,81.58683776855469,83.97102355957031,82.44514465332031,84.35249328613281,86.73667907714844,1.9073486328125,1.811981201171875,,,,95.98731994628906,81.92062377929688,-14.066696166992188,37.78382375447835,43.80301401407634,,QuantData term-structure
2026-08-17T14:40:00-04:00,2026-10-16,60,260.0,put,-0.12396051290187704,83.68492126464844,356.08,fixed_strike,81.58683776855469,83.97102355957031,82.44514465332031,84.35249328613281,86.73667907714844,1.9073486328125,1.811981201171875,,,,95.98731994628906,81.92062377929688,-14.066696166992188,37.78382375447835,43.80301401407634,,QuantData term-structure
2026-08-17T14:40:00-04:00,2026-10-16,60,270.0,call,0.8497767548113608,83.01734924316406,356.08,fixed_strike,81.58683776855469,83.97102355957031,82.44514465332031,84.35249328613281,86.73667907714844,1.9073486328125,1.811981201171875,,,,95.98731994628906,81.92062377929688,-14.066696166992188,37.78382375447835,43.80301401407634,,QuantData term-structure
2026-08-17T14:40:00-04:00,2026-10-16,60,270.0,put,-0.14941161254657148,83.30345153808594,356.08,fixed_strike,81.58683776855469,83.97102355957031,82.44514465332031,84.35249328613281,86.73667907714844,1.9073486328125,1.811981201171875,,,,95.98731994628906,81.92062377929688,-14.066696166992188,37.78382375447835,43.80301401407634,,QuantData term-structure
2026-08-17T14:40:00-04:00,2026-10-16,60,280.0,call,0.8198051636282312,82.73124694824219,356.08,fixed_strike,81.58683776855469,83.97102355957031,82.44514465332031,84.35249328613281,86.73667907714844,1.9073486328125,1.811981201171875,,,,95.98731994628906,81.92062377929688,-14.066696166992188,37.78382375447835,43.80301401407634,,QuantData term-structure
2026-08-17T14:40:00-04:00,2026-10-16,60,280.0,put,-0.17608969694428978,82.34977722167969,356.08,fixed_strike,81.58683776855469,83.97102355957031,82.44514465332031,84.35249328613281,86.73667907714844,1.9073486328125,1.811981201171875,,,,95.98731994628906,81.92062377929688,-14.066696166992188,37.78382375447835,43.80301401407634,,QuantData term-structure
2026-08-17T14:40:00-04:00,2026-10-16,60,290.0,call,0.7967424623260313,81.68220520019531,356.08,fixed_strike,81.58683776855469,83.97102355957031,82.44514465332031,84.35249328613281,86.73667907714844,1.9073486328125,1.811981201171875,,,,95.98731994628906,81.92062377929688,-14.066696166992188,37.78382375447835,43.80301401407634,,QuantData term-structure
2026-08-17T14:40:00-04:00,2026-10-16,60,290.0,put,-0.20108216021051595,83.11271667480469,356.08,fixed_strike,81.58683776855469,83.97102355957031,82.44514465332031,84.35249328613281,86.73667907714844,1.9073486328125,1.811981201171875,,,,95.98731994628906,81.92062377929688,-14.066696166992188,37.78382375447835,43.80301401407634,,QuantData term-structure
2026-08-17T14:40:00-04:00,2026-10-16,60,300.0,call,0.7672727836297661,81.01463317871094,356.08,fixed_strike,81.58683776855469,83.97102355957031,82.44514465332031,84.35249328613281,86.73667907714844,1.9073486328125,1.811981201171875,,,,95.98731994628906,81.92062377929688,-14.066696166992188,37.78382375447835,43.80301401407634,,QuantData term-structure
2026-08-17T14:40:00-04:00,2026-10-16,60,300.0,put,-0.2319643775868398,81.87294006347656,356.08,fixed_strike,81.58683776855469,83.97102355957031,82.44514465332031,84.35249328613281,86.73667907714844,1.9073486328125,1.811981201171875,,,,95.98731994628906,81.92062377929688,-14.066696166992188,37.78382375447835,43.80301401407634,,QuantData term-structure
2026-08-17T14:40:00-04:00,2026-10-16,60,310.0,call,0.7333077429896504,84.44786071777344,356.08,fixed_strike,81.58683776855469,83.97102355957031,82.44514465332031,84.35249328613281,86.73667907714844,1.9073486328125,1.811981201171875,,,,95.98731994628906,81.92062377929688,-14.066696166992188,37.78382375447835,43.80301401407634,,QuantData term-structure
2026-08-17T14:40:00-04:00,2026-10-16,60,310.0,put,-0.2658448956580637,82.44514465332031,356.08,fixed_strike,81.58683776855469,83.97102355957031,82.44514465332031,84.35249328613281,86.73667907714844,1.9073486328125,1.811981201171875,,,,95.98731994628906,81.92062377929688,-14.066696166992188,37.78382375447835,43.80301401407634,,QuantData term-structure
2026-08-17T14:40:00-04:00,2026-10-16,60,320.0,call,0.6977072039513286,82.34977722167969,356.08,fixed_strike,81.58683776855469,83.97102355957031,82.44514465332031,84.35249328613281,86.73667907714844,1.9073486328125,1.811981201171875,,,,95.98731994628906,81.92062377929688,-14.066696166992188,37.78382375447835,43.80301401407634,,QuantData term-structure
2026-08-17T14:40:00-04:00,2026-10-16,60,320.0,put,-0.29893834788299567,81.77757263183594,356.08,fixed_strike,81.58683776855469,83.97102355957031,82.44514465332031,84.35249328613281,86.73667907714844,1.9073486328125,1.811981201171875,,,,95.98731994628906,81.92062377929688,-14.066696166992188,37.78382375447835,43.80301401407634,,QuantData term-structure
2026-08-17T14:40:00-04:00,2026-10-16,60,330.0,call,0.6648319650796763,82.34977722167969,356.08,fixed_strike,81.58683776855469,83.97102355957031,82.44514465332031,84.35249328613281,86.73667907714844,1.9073486328125,1.811981201171875,,,,95.98731994628906,81.92062377929688,-14.066696166992188,37.78382375447835,43.80301401407634,,QuantData term-structure
2026-08-17T14:40:00-04:00,2026-10-16,60,330.0,put,-0.3364301213398566,81.87294006347656,356.08,fixed_strike,81.58683776855469,83.97102355957031,82.44514465332031,84.35249328613281,86.73667907714844,1.9073486328125,1.811981201171875,,,,95.98731994628906,81.92062377929688,-14.066696166992188,37.78382375447835,43.80301401407634,,QuantData term-structure
2026-08-17T14:40:00-04:00,2026-10-16,60,340.0,call,0.6463163803631973,82.44514465332031,356.08,fixed_strike,81.58683776855469,83.97102355957031,82.44514465332031,84.35249328613281,86.73667907714844,1.9073486328125,1.811981201171875,,,,95.98731994628906,81.92062377929688,-14.066696166992188,37.78382375447835,43.80301401407634,,QuantData term-structure
2026-08-17T14:40:00-04:00,2026-10-16,60,340.0,put,-0.3578094234783813,83.49418640136719,356.08,fixed_strike,81.58683776855469,83.97102355957031,82.44514465332031,84.35249328613281,86.73667907714844,1.9073486328125,1.811981201171875,,,,95.98731994628906,81.92062377929688,-14.066696166992188,37.78382375447835,43.80301401407634,,QuantData term-structure
2026-08-17T14:40:00-04:00,2026-10-16,60,350.0,call,0.5975042829516602,81.30073547363281,356.08,fixed_strike,81.58683776855469,83.97102355957031,82.44514465332031,84.35249328613281,86.73667907714844,1.9073486328125,1.811981201171875,,,,95.98731994628906,81.92062377929688,-14.066696166992188,37.78382375447835,43.80301401407634,,QuantData term-structure
2026-08-17T14:40:00-04:00,2026-10-16,60,350.0,put,-0.4021905346026426,82.15904235839844,356.08,fixed_strike,81.58683776855469,83.97102355957031,82.44514465332031,84.35249328613281,86.73667907714844,1.9073486328125,1.811981201171875,,,,95.98731994628906,81.92062377929688,-14.066696166992188,37.78382375447835,43.80301401407634,,QuantData term-structure
2026-08-17T14:40:00-04:00,2026-10-16,60,360.0,call,0.5690997509489517,81.01463317871094,356.08,fixed_strike,81.58683776855469,83.97102355957031,82.44514465332031,84.35249328613281,86.73667907714844,1.9073486328125,1.811981201171875,,,,95.98731994628906,81.92062377929688,-14.066696166992188,37.78382375447835,43.80301401407634,,QuantData term-structure
2026-08-17T14:40:00-04:00,2026-10-16,60,360.0,put,-0.43237128401344666,82.15904235839844,356.08,fixed_strike,81.58683776855469,83.97102355957031,82.44514465332031,84.35249328613281,86.73667907714844,1.9073486328125,1.811981201171875,,,,95.98731994628906,81.92062377929688,-14.066696166992188,37.78382375447835,43.80301401407634,,QuantData term-structure
2026-08-17T14:40:00-04:00,2026-10-16,60,370.0,call,0.5308883880726465,81.49147033691406,356.08,fixed_strike,81.58683776855469,83.97102355957031,82.44514465332031,84.35249328613281,86.73667907714844,1.9073486328125,1.811981201171875,,,,95.98731994628906,81.92062377929688,-14.066696166992188,37.78382375447835,43.80301401407634,,QuantData term-structure
2026-08-17T14:40:00-04:00,2026-10-16,60,370.0,put,-0.4673359788091513,82.15904235839844,356.08,fixed_strike,81.58683776855469,83.97102355957031,82.44514465332031,84.35249328613281,86.73667907714844,1.9073486328125,1.811981201171875,,,,95.98731994628906,81.92062377929688,-14.066696166992188,37.78382375447835,43.80301401407634,,QuantData term-structure
2026-08-17T14:40:00-04:00,2026-10-16,60,380.0,call,0.49883591266635285,81.39610290527344,356.08,fixed_strike,81.58683776855469,83.97102355957031,82.44514465332031,84.35249328613281,86.73667907714844,1.9073486328125,1.811981201171875,,,,95.98731994628906,81.92062377929688,-14.066696166992188,37.78382375447835,43.80301401407634,,QuantData term-structure
2026-08-17T14:40:00-04:00,2026-10-16,60,380.0,put,-0.4946338265038985,82.73124694824219,356.08,fixed_strike,81.58683776855469,83.97102355957031,82.44514465332031,84.35249328613281,86.73667907714844,1.9073486328125,1.811981201171875,,,,95.98731994628906,81.92062377929688,-14.066696166992188,37.78382375447835,43.80301401407634,,QuantData term-structure
2026-08-17T14:40:00-04:00,2026-10-16,60,390.0,call,0.4766486164369694,83.01734924316406,356.08,fixed_strike,81.58683776855469,83.97102355957031,82.44514465332031,84.35249328613281,86.73667907714844,1.9073486328125,1.811981201171875,,,,95.98731994628906,81.92062377929688,-14.066696166992188,37.78382375447835,43.80301401407634,,QuantData term-structure
2026-08-17T14:40:00-04:00,2026-10-16,60,400.0,call,0.4351554843025476,81.01463317871094,356.08,fixed_strike,81.58683776855469,83.97102355957031,82.44514465332031,84.35249328613281,86.73667907714844,1.9073486328125,1.811981201171875,,,,95.98731994628906,81.92062377929688,-14.066696166992188,37.78382375447835,43.80301401407634,,QuantData term-structure
2026-08-17T14:40:00-04:00,2026-10-16,60,410.0,call,0.4079112541449854,81.77757263183594,356.08,fixed_strike,81.58683776855469,83.97102355957031,82.44514465332031,84.35249328613281,86.73667907714844,1.9073486328125,1.811981201171875,,,,95.98731994628906,81.92062377929688,-14.066696166992188,37.78382375447835,43.80301401407634,,QuantData term-structure
2026-08-17T14:40:00-04:00,2026-10-16,60,410.0,put,-0.5849167652115412,83.58955383300781,356.08,fixed_strike,81.58683776855469,83.97102355957031,82.44514465332031,84.35249328613281,86.73667907714844,1.9073486328125,1.811981201171875,,,,95.98731994628906,81.92062377929688,-14.066696166992188,37.78382375447835,43.80301401407634,,QuantData term-structure
2026-08-17T14:40:00-04:00,2026-10-16,60,420.0,call,0.38431521548276715,82.82661437988281,356.08,fixed_strike,81.58683776855469,83.97102355957031,82.44514465332031,84.35249328613281,86.73667907714844,1.9073486328125,1.811981201171875,,,,95.98731994628906,81.92062377929688,-14.066696166992188,37.78382375447835,43.80301401407634,,QuantData term-structure
2026-08-17T14:40:00-04:00,2026-10-16,60,420.0,put,-0.6027756934902475,84.82933044433594,356.08,fixed_strike,81.58683776855469,83.97102355957031,82.44514465332031,84.35249328613281,86.73667907714844,1.9073486328125,1.811981201171875,,,,95.98731994628906,81.92062377929688,-14.066696166992188,37.78382375447835,43.80301401407634,,QuantData term-structure
2026-08-17T14:40:00-04:00,2026-10-16,60,430.0,call,0.35548877058923345,81.58683776855469,356.08,fixed_strike,81.58683776855469,83.97102355957031,82.44514465332031,84.35249328613281,86.73667907714844,1.9073486328125,1.811981201171875,,,,95.98731994628906,81.92062377929688,-14.066696166992188,37.78382375447835,43.80301401407634,,QuantData term-structure
2026-08-17T14:40:00-04:00,2026-10-16,60,430.0,put,-0.6373811652703513,84.06639099121094,356.08,fixed_strike,81.58683776855469,83.97102355957031,82.44514465332031,84.35249328613281,86.73667907714844,1.9073486328125,1.811981201171875,,,,95.98731994628906,81.92062377929688,-14.066696166992188,37.78382375447835,43.80301401407634,,QuantData term-structure
2026-08-17T14:40:00-04:00,2026-10-16,60,440.0,call,0.3337371894576331,81.49147033691406,356.08,fixed_strike,81.58683776855469,83.97102355957031,82.44514465332031,84.35249328613281,86.73667907714844,1.9073486328125,1.811981201171875,,,,95.98731994628906,81.92062377929688,-14.066696166992188,37.78382375447835,43.80301401407634,,QuantData term-structure
2026-08-17T14:40:00-04:00,2026-10-16,60,440.0,put,-0.6610714769540731,84.44786071777344,356.08,fixed_strike,81.58683776855469,83.97102355957031,82.44514465332031,84.35249328613281,86.73667907714844,1.9073486328125,1.811981201171875,,,,95.98731994628906,81.92062377929688,-14.066696166992188,37.78382375447835,43.80301401407634,,QuantData term-structure
2026-08-17T14:40:00-04:00,2026-10-16,60,450.0,call,0.3099465547782627,81.20536804199219,356.08,fixed_strike,81.58683776855469,83.97102355957031,82.44514465332031,84.35249328613281,86.73667907714844,1.9073486328125,1.811981201171875,,,,95.98731994628906,81.92062377929688,-14.066696166992188,37.78382375447835,43.80301401407634,,QuantData term-structure
2026-08-17T14:40:00-04:00,2026-10-16,60,460.0,call,0.2939830421121038,83.30345153808594,356.08,fixed_strike,81.58683776855469,83.97102355957031,82.44514465332031,84.35249328613281,86.73667907714844,1.9073486328125,1.811981201171875,,,,95.98731994628906,81.92062377929688,-14.066696166992188,37.78382375447835,43.80301401407634,,QuantData term-structure
2026-08-17T14:40:00-04:00,2026-10-16,60,470.0,call,0.2686455802532577,83.49418640136719,356.08,fixed_strike,81.58683776855469,83.97102355957031,82.44514465332031,84.35249328613281,86.73667907714844,1.9073486328125,1.811981201171875,,,,95.98731994628906,81.92062377929688,-14.066696166992188,37.78382375447835,43.80301401407634,,QuantData term-structure
2026-08-17T14:40:00-04:00,2026-10-16,60,480.0,call,0.25100154827416665,84.35249328613281,356.08,fixed_strike,81.58683776855469,83.97102355957031,82.44514465332031,84.35249328613281,86.73667907714844,1.9073486328125,1.811981201171875,,,,95.98731994628906,81.92062377929688,-14.066696166992188,37.78382375447835,43.80301401407634,,QuantData term-structure
2026-08-17T14:40:00-04:00,2026-10-16,60,490.0,put,-0.7539230282080798,87.21351623535156,356.08,fixed_strike,81.58683776855469,83.97102355957031,82.44514465332031,84.35249328613281,86.73667907714844,1.9073486328125,1.811981201171875,,,,95.98731994628906,81.92062377929688,-14.066696166992188,37.78382375447835,43.80301401407634,,QuantData term-structure
2026-08-17T14:40:00-04:00,2026-10-16,60,500.0,call,0.21721592564091358,83.87565612792969,356.08,fixed_strike,81.58683776855469,83.97102355957031,82.44514465332031,84.35249328613281,86.73667907714844,1.9073486328125,1.811981201171875,,,,95.98731994628906,81.92062377929688,-14.066696166992188,37.78382375447835,43.80301401407634,,QuantData term-structure
2026-08-17T14:40:00-04:00,2026-10-16,60,500.0,put,-0.7663531420659236,87.11814880371094,356.08,fixed_strike,81.58683776855469,83.97102355957031,82.44514465332031,84.35249328613281,86.73667907714844,1.9073486328125,1.811981201171875,,,,95.98731994628906,81.92062377929688,-14.066696166992188,37.78382375447835,43.80301401407634,,QuantData term-structure
2026-08-17T14:40:00-04:00,2026-10-16,60,510.0,call,0.20363523065842132,83.78028869628906,356.08,fixed_strike,81.58683776855469,83.97102355957031,82.44514465332031,84.35249328613281,86.73667907714844,1.9073486328125,1.811981201171875,,,,95.98731994628906,81.92062377929688,-14.066696166992188,37.78382375447835,43.80301401407634,,QuantData term-structure
2026-08-17T14:40:00-04:00,2026-10-16,60,530.0,call,0.16869804786552012,84.44786071777344,356.08,fixed_strike,81.58683776855469,83.97102355957031,82.44514465332031,84.35249328613281,86.73667907714844,1.9073486328125,1.811981201171875,,,,95.98731994628906,81.92062377929688,-14.066696166992188,37.78382375447835,43.80301401407634,,QuantData term-structure
2026-08-17T14:40:00-04:00,2026-10-16,60,550.0,call,0.15142294086256164,86.45057678222656,356.08,fixed_strike,81.58683776855469,83.97102355957031,82.44514465332031,84.35249328613281,86.73667907714844,1.9073486328125,1.811981201171875,,,,95.98731994628906,81.92062377929688,-14.066696166992188,37.78382375447835,43.80301401407634,,QuantData term-structure
2026-08-17T14:40:00-04:00,2026-10-16,60,600.0,call,0.10559151363392177,86.73667907714844,356.08,fixed_strike,81.58683776855469,83.97102355957031,82.44514465332031,84.35249328613281,86.73667907714844,1.9073486328125,1.811981201171875,,,,95.98731994628906,81.92062377929688,-14.066696166992188,37.78382375447835,43.80301401407634,,QuantData term-structure
2026-08-17T14:40:00-04:00,2026-10-16,60,650.0,call,0.07072222910424353,88.45329284667969,356.08,fixed_strike,81.58683776855469,83.97102355957031,82.44514465332031,84.35249328613281,86.73667907714844,1.9073486328125,1.811981201171875,,,,95.98731994628906,81.92062377929688,-14.066696166992188,37.78382375447835,43.80301401407634,,QuantData term-structure
2026-08-17T14:40:00-04:00,2026-11-20,95,140.0,put,-0.009998678494119702,89.50233459472656,356.08,fixed_strike,84.35249328613281,87.40425109863281,85.49690246582031,86.92741394042969,87.88108825683594,1.430511474609375,1.8596649169921875,,,,95.98731994628906,81.92062377929688,-14.066696166992188,37.78382375447835,46.568669531654464,,QuantData term-structure
2026-08-17T14:40:00-04:00,2026-11-20,95,150.0,put,-0.020489962222750367,91.60041809082031,356.08,fixed_strike,84.35249328613281,87.40425109863281,85.49690246582031,86.92741394042969,87.88108825683594,1.430511474609375,1.8596649169921875,,,,95.98731994628906,81.92062377929688,-14.066696166992188,37.78382375447835,46.568669531654464,,QuantData term-structure
2026-08-17T14:40:00-04:00,2026-11-20,95,160.0,put,-0.03102199087129064,92.17262268066406,356.08,fixed_strike,84.35249328613281,87.40425109863281,85.49690246582031,86.92741394042969,87.88108825683594,1.430511474609375,1.8596649169921875,,,,95.98731994628906,81.92062377929688,-14.066696166992188,37.78382375447835,46.568669531654464,,QuantData term-structure
2026-08-17T14:40:00-04:00,2026-11-20,95,170.0,put,-0.03701946123456084,89.50233459472656,356.08,fixed_strike,84.35249328613281,87.40425109863281,85.49690246582031,86.92741394042969,87.88108825683594,1.430511474609375,1.8596649169921875,,,,95.98731994628906,81.92062377929688,-14.066696166992188,37.78382375447835,46.568669531654464,,QuantData term-structure
2026-08-17T14:40:00-04:00,2026-11-20,95,180.0,put,-0.04074425850724515,90.16990661621094,356.08,fixed_strike,84.35249328613281,87.40425109863281,85.49690246582031,86.92741394042969,87.88108825683594,1.430511474609375,1.8596649169921875,,,,95.98731994628906,81.92062377929688,-14.066696166992188,37.78382375447835,46.568669531654464,,QuantData term-structure
2026-08-17T14:40:00-04:00,2026-11-20,95,185.0,put,-0.053233439887735046,89.40696716308594,356.08,fixed_strike,84.35249328613281,87.40425109863281,85.49690246582031,86.92741394042969,87.88108825683594,1.430511474609375,1.8596649169921875,,,,95.98731994628906,81.92062377929688,-14.066696166992188,37.78382375447835,46.568669531654464,,QuantData term-structure
2026-08-17T14:40:00-04:00,2026-11-20,95,190.0,put,-0.04870158781329781,89.40696716308594,356.08,fixed_strike,84.35249328613281,87.40425109863281,85.49690246582031,86.92741394042969,87.88108825683594,1.430511474609375,1.8596649169921875,,,,95.98731994628906,81.92062377929688,-14.066696166992188,37.78382375447835,46.568669531654464,,QuantData term-structure
2026-08-17T14:40:00-04:00,2026-11-20,95,200.0,call,0.9389913251227873,87.59498596191406,356.08,fixed_strike,84.35249328613281,87.40425109863281,85.49690246582031,86.92741394042969,87.88108825683594,1.430511474609375,1.8596649169921875,,,,95.98731994628906,81.92062377929688,-14.066696166992188,37.78382375447835,46.568669531654464,,QuantData term-structure
2026-08-17T14:40:00-04:00,2026-11-20,95,200.0,put,-0.059566313081485356,89.21623229980469,356.08,fixed_strike,84.35249328613281,87.40425109863281,85.49690246582031,86.92741394042969,87.88108825683594,1.430511474609375,1.8596649169921875,,,,95.98731994628906,81.92062377929688,-14.066696166992188,37.78382375447835,46.568669531654464,,QuantData term-structure
2026-08-17T14:40:00-04:00,2026-11-20,95,210.0,put,-0.074142632418568,88.73939514160156,356.08,fixed_strike,84.35249328613281,87.40425109863281,85.49690246582031,86.92741394042969,87.88108825683594,1.430511474609375,1.8596649169921875,,,,95.98731994628906,81.92062377929688,-14.066696166992188,37.78382375447835,46.568669531654464,,QuantData term-structure
2026-08-17T14:40:00-04:00,2026-11-20,95,220.0,call,0.8872476467325958,90.45600891113281,356.08,fixed_strike,84.35249328613281,87.40425109863281,85.49690246582031,86.92741394042969,87.88108825683594,1.430511474609375,1.8596649169921875,,,,95.98731994628906,81.92062377929688,-14.066696166992188,37.78382375447835,46.568669531654464,,QuantData term-structure
2026-08-17T14:40:00-04:00,2026-11-20,95,220.0,put,-0.08836180983650005,87.88108825683594,356.08,fixed_strike,84.35249328613281,87.40425109863281,85.49690246582031,86.92741394042969,87.88108825683594,1.430511474609375,1.8596649169921875,,,,95.98731994628906,81.92062377929688,-14.066696166992188,37.78382375447835,46.568669531654464,,QuantData term-structure
2026-08-17T14:40:00-04:00,2026-11-20,95,230.0,put,-0.10468682668554613,87.40425109863281,356.08,fixed_strike,84.35249328613281,87.40425109863281,85.49690246582031,86.92741394042969,87.88108825683594,1.430511474609375,1.8596649169921875,,,,95.98731994628906,81.92062377929688,-14.066696166992188,37.78382375447835,46.568669531654464,,QuantData term-structure
2026-08-17T14:40:00-04:00,2026-11-20,95,240.0,put,-0.12486246555060265,87.97645568847656,356.08,fixed_strike,84.35249328613281,87.40425109863281,85.49690246582031,86.92741394042969,87.88108825683594,1.430511474609375,1.8596649169921875,,,,95.98731994628906,81.92062377929688,-14.066696166992188,37.78382375447835,46.568669531654464,,QuantData term-structure
2026-08-17T14:40:00-04:00,2026-11-20,95,250.0,put,-0.14466511358708756,86.25984191894531,356.08,fixed_strike,84.35249328613281,87.40425109863281,85.49690246582031,86.92741394042969,87.88108825683594,1.430511474609375,1.8596649169921875,,,,95.98731994628906,81.92062377929688,-14.066696166992188,37.78382375447835,46.568669531654464,,QuantData term-structure
2026-08-17T14:40:00-04:00,2026-11-20,95,260.0,call,0.8019688563780039,86.45057678222656,356.08,fixed_strike,84.35249328613281,87.40425109863281,85.49690246582031,86.92741394042969,87.88108825683594,1.430511474609375,1.8596649169921875,,,,95.98731994628906,81.92062377929688,-14.066696166992188,37.78382375447835,46.568669531654464,,QuantData term-structure
2026-08-17T14:40:00-04:00,2026-11-20,95,260.0,put,-0.1609869170715016,86.16447448730469,356.08,fixed_strike,84.35249328613281,87.40425109863281,85.49690246582031,86.92741394042969,87.88108825683594,1.430511474609375,1.8596649169921875,,,,95.98731994628906,81.92062377929688,-14.066696166992188,37.78382375447835,46.568669531654464,,QuantData term-structure
2026-08-17T14:40:00-04:00,2026-11-20,95,270.0,call,0.8152404083414194,84.54322814941406,356.08,fixed_strike,84.35249328613281,87.40425109863281,85.49690246582031,86.92741394042969,87.88108825683594,1.430511474609375,1.8596649169921875,,,,95.98731994628906,81.92062377929688,-14.066696166992188,37.78382375447835,46.568669531654464,,QuantData term-structure
2026-08-17T14:40:00-04:00,2026-11-20,95,270.0,put,-0.1804859363434682,86.25984191894531,356.08,fixed_strike,84.35249328613281,87.40425109863281,85.49690246582031,86.92741394042969,87.88108825683594,1.430511474609375,1.8596649169921875,,,,95.98731994628906,81.92062377929688,-14.066696166992188,37.78382375447835,46.568669531654464,,QuantData term-structure
2026-08-17T14:40:00-04:00,2026-11-20,95,280.0,put,-0.20945962038688315,85.68763732910156,356.08,fixed_strike,84.35249328613281,87.40425109863281,85.49690246582031,86.92741394042969,87.88108825683594,1.430511474609375,1.8596649169921875,,,,95.98731994628906,81.92062377929688,-14.066696166992188,37.78382375447835,46.568669531654464,,QuantData term-structure
2026-08-17T14:40:00-04:00,2026-11-20,95,290.0,put,-0.23584233006167088,85.40153503417969,356.08,fixed_strike,84.35249328613281,87.40425109863281,85.49690246582031,86.92741394042969,87.88108825683594,1.430511474609375,1.8596649169921875,,,,95.98731994628906,81.92062377929688,-14.066696166992188,37.78382375447835,46.568669531654464,,QuantData term-structure
2026-08-17T14:40:00-04:00,2026-11-20,95,300.0,call,0.7416171906587643,86.54594421386719,356.08,fixed_strike,84.35249328613281,87.40425109863281,85.49690246582031,86.92741394042969,87.88108825683594,1.430511474609375,1.8596649169921875,,,,95.98731994628906,81.92062377929688,-14.066696166992188,37.78382375447835,46.568669531654464,,QuantData term-structure
2026-08-17T14:40:00-04:00,2026-11-20,95,300.0,put,-0.25896951647410515,85.49690246582031,356.08,fixed_strike,84.35249328613281,87.40425109863281,85.49690246582031,86.92741394042969,87.88108825683594,1.430511474609375,1.8596649169921875,,,,95.98731994628906,81.92062377929688,-14.066696166992188,37.78382375447835,46.568669531654464,,QuantData term-structure
2026-08-17T14:40:00-04:00,2026-11-20,95,310.0,call,0.6800664356651309,85.11543273925781,356.08,fixed_strike,84.35249328613281,87.40425109863281,85.49690246582031,86.92741394042969,87.88108825683594,1.430511474609375,1.8596649169921875,,,,95.98731994628906,81.92062377929688,-14.066696166992188,37.78382375447835,46.568669531654464,,QuantData term-structure
2026-08-17T14:40:00-04:00,2026-11-20,95,310.0,put,-0.2759678734728246,85.11543273925781,356.08,fixed_strike,84.35249328613281,87.40425109863281,85.49690246582031,86.92741394042969,87.88108825683594,1.430511474609375,1.8596649169921875,,,,95.98731994628906,81.92062377929688,-14.066696166992188,37.78382375447835,46.568669531654464,,QuantData term-structure
2026-08-17T14:40:00-04:00,2026-11-20,95,320.0,call,0.6928580493957437,84.82933044433594,356.08,fixed_strike,84.35249328613281,87.40425109863281,85.49690246582031,86.92741394042969,87.88108825683594,1.430511474609375,1.8596649169921875,,,,95.98731994628906,81.92062377929688,-14.066696166992188,37.78382375447835,46.568669531654464,,QuantData term-structure
2026-08-17T14:40:00-04:00,2026-11-20,95,320.0,put,-0.31093123119170085,85.40153503417969,356.08,fixed_strike,84.35249328613281,87.40425109863281,85.49690246582031,86.92741394042969,87.88108825683594,1.430511474609375,1.8596649169921875,,,,95.98731994628906,81.92062377929688,-14.066696166992188,37.78382375447835,46.568669531654464,,QuantData term-structure
2026-08-17T14:40:00-04:00,2026-11-20,95,330.0,call,0.6668882793141342,82.82661437988281,356.08,fixed_strike,84.35249328613281,87.40425109863281,85.49690246582031,86.92741394042969,87.88108825683594,1.430511474609375,1.8596649169921875,,,,95.98731994628906,81.92062377929688,-14.066696166992188,37.78382375447835,46.568669531654464,,QuantData term-structure
2026-08-17T14:40:00-04:00,2026-11-20,95,330.0,put,-0.3401598714130367,86.06910705566406,356.08,fixed_strike,84.35249328613281,87.40425109863281,85.49690246582031,86.92741394042969,87.88108825683594,1.430511474609375,1.8596649169921875,,,,95.98731994628906,81.92062377929688,-14.066696166992188,37.78382375447835,46.568669531654464,,QuantData term-structure
2026-08-17T14:40:00-04:00,2026-11-20,95,340.0,call,0.6477735221834936,85.30616760253906,356.08,fixed_strike,84.35249328613281,87.40425109863281,85.49690246582031,86.92741394042969,87.88108825683594,1.430511474609375,1.8596649169921875,,,,95.98731994628906,81.92062377929688,-14.066696166992188,37.78382375447835,46.568669531654464,,QuantData term-structure
2026-08-17T14:40:00-04:00,2026-11-20,95,340.0,put,-0.3528972714014494,86.45057678222656,356.08,fixed_strike,84.35249328613281,87.40425109863281,85.49690246582031,86.92741394042969,87.88108825683594,1.430511474609375,1.8596649169921875,,,,95.98731994628906,81.92062377929688,-14.066696166992188,37.78382375447835,46.568669531654464,,QuantData term-structure
2026-08-17T14:40:00-04:00,2026-11-20,95,350.0,call,0.6144190256077517,84.06639099121094,356.08,fixed_strike,84.35249328613281,87.40425109863281,85.49690246582031,86.92741394042969,87.88108825683594,1.430511474609375,1.8596649169921875,,,,95.98731994628906,81.92062377929688,-14.066696166992188,37.78382375447835,46.568669531654464,,QuantData term-structure
2026-08-17T14:40:00-04:00,2026-11-20,95,350.0,put,-0.3775898553626649,85.59226989746094,356.08,fixed_strike,84.35249328613281,87.40425109863281,85.49690246582031,86.92741394042969,87.88108825683594,1.430511474609375,1.8596649169921875,,,,95.98731994628906,81.92062377929688,-14.066696166992188,37.78382375447835,46.568669531654464,,QuantData term-structure
2026-08-17T14:40:00-04:00,2026-11-20,95,360.0,call,0.5913133463837478,84.35249328613281,356.08,fixed_strike,84.35249328613281,87.40425109863281,85.49690246582031,86.92741394042969,87.88108825683594,1.430511474609375,1.8596649169921875,,,,95.98731994628906,81.92062377929688,-14.066696166992188,37.78382375447835,46.568669531654464,,QuantData term-structure
2026-08-17T14:40:00-04:00,2026-11-20,95,370.0,call,0.5619950081757275,84.16175842285156,356.08,fixed_strike,84.35249328613281,87.40425109863281,85.49690246582031,86.92741394042969,87.88108825683594,1.430511474609375,1.8596649169921875,,,,95.98731994628906,81.92062377929688,-14.066696166992188,37.78382375447835,46.568669531654464,,QuantData term-structure
2026-08-17T14:40:00-04:00,2026-11-20,95,370.0,put,-0.43812853070520563,86.54594421386719,356.08,fixed_strike,84.35249328613281,87.40425109863281,85.49690246582031,86.92741394042969,87.88108825683594,1.430511474609375,1.8596649169921875,,,,95.98731994628906,81.92062377929688,-14.066696166992188,37.78382375447835,46.568669531654464,,QuantData term-structure
2026-08-17T14:40:00-04:00,2026-11-20,95,380.0,call,0.5530770048802305,86.06910705566406,356.08,fixed_strike,84.35249328613281,87.40425109863281,85.49690246582031,86.92741394042969,87.88108825683594,1.430511474609375,1.8596649169921875,,,,95.98731994628906,81.92062377929688,-14.066696166992188,37.78382375447835,46.568669531654464,,QuantData term-structure
2026-08-17T14:40:00-04:00,2026-11-20,95,380.0,put,-0.4464867981124548,88.93013000488281,356.08,fixed_strike,84.35249328613281,87.40425109863281,85.49690246582031,86.92741394042969,87.88108825683594,1.430511474609375,1.8596649169921875,,,,95.98731994628906,81.92062377929688,-14.066696166992188,37.78382375447835,46.568669531654464,,QuantData term-structure
2026-08-17T14:40:00-04:00,2026-11-20,95,390.0,call,0.5296827928651107,85.49690246582031,356.08,fixed_strike,84.35249328613281,87.40425109863281,85.49690246582031,86.92741394042969,87.88108825683594,1.430511474609375,1.8596649169921875,,,,95.98731994628906,81.92062377929688,-14.066696166992188,37.78382375447835,46.568669531654464,,QuantData term-structure
2026-08-17T14:40:00-04:00,2026-11-20,95,400.0,call,0.4892273799482118,83.49418640136719,356.08,fixed_strike,84.35249328613281,87.40425109863281,85.49690246582031,86.92741394042969,87.88108825683594,1.430511474609375,1.8596649169921875,,,,95.98731994628906,81.92062377929688,-14.066696166992188,37.78382375447835,46.568669531654464,,QuantData term-structure
2026-08-17T14:40:00-04:00,2026-11-20,95,400.0,put,-0.503182972670761,86.16447448730469,356.08,fixed_strike,84.35249328613281,87.40425109863281,85.49690246582031,86.92741394042969,87.88108825683594,1.430511474609375,1.8596649169921875,,,,95.98731994628906,81.92062377929688,-14.066696166992188,37.78382375447835,46.568669531654464,,QuantData term-structure
2026-08-17T14:40:00-04:00,2026-11-20,95,410.0,call,0.48320273907677036,85.87837219238281,356.08,fixed_strike,84.35249328613281,87.40425109863281,85.49690246582031,86.92741394042969,87.88108825683594,1.430511474609375,1.8596649169921875,,,,95.98731994628906,81.92062377929688,-14.066696166992188,37.78382375447835,46.568669531654464,,QuantData term-structure
2026-08-17T14:40:00-04:00,2026-11-20,95,420.0,call,0.46247363797074437,85.87837219238281,356.08,fixed_strike,84.35249328613281,87.40425109863281,85.49690246582031,86.92741394042969,87.88108825683594,1.430511474609375,1.8596649169921875,,,,95.98731994628906,81.92062377929688,-14.066696166992188,37.78382375447835,46.568669531654464,,QuantData term-structure
2026-08-17T14:40:00-04:00,2026-11-20,95,430.0,call,0.44167624145238454,86.16447448730469,356.08,fixed_strike,84.35249328613281,87.40425109863281,85.49690246582031,86.92741394042969,87.88108825683594,1.430511474609375,1.8596649169921875,,,,95.98731994628906,81.92062377929688,-14.066696166992188,37.78382375447835,46.568669531654464,,QuantData term-structure
2026-08-17T14:40:00-04:00,2026-11-20,95,440.0,call,0.4202472788897856,86.06910705566406,356.08,fixed_strike,84.35249328613281,87.40425109863281,85.49690246582031,86.92741394042969,87.88108825683594,1.430511474609375,1.8596649169921875,,,,95.98731994628906,81.92062377929688,-14.066696166992188,37.78382375447835,46.568669531654464,,QuantData term-structure
2026-08-17T14:40:00-04:00,2026-11-20,95,450.0,call,0.38698776735880647,85.02006530761719,356.08,fixed_strike,84.35249328613281,87.40425109863281,85.49690246582031,86.92741394042969,87.88108825683594,1.430511474609375,1.8596649169921875,,,,95.98731994628906,81.92062377929688,-14.066696166992188,37.78382375447835,46.568669531654464,,QuantData term-structure
2026-08-17T14:40:00-04:00,2026-11-20,95,470.0,call,0.3646742816100102,86.35520935058594,356.08,fixed_strike,84.35249328613281,87.40425109863281,85.49690246582031,86.92741394042969,87.88108825683594,1.430511474609375,1.8596649169921875,,,,95.98731994628906,81.92062377929688,-14.066696166992188,37.78382375447835,46.568669531654464,,QuantData term-structure
2026-08-17T14:40:00-04:00,2026-11-20,95,480.0,call,0.33081776244154265,84.63859558105469,356.08,fixed_strike,84.35249328613281,87.40425109863281,85.49690246582031,86.92741394042969,87.88108825683594,1.430511474609375,1.8596649169921875,,,,95.98731994628906,81.92062377929688,-14.066696166992188,37.78382375447835,46.568669531654464,,QuantData term-structure
2026-08-17T14:40:00-04:00,2026-11-20,95,490.0,call,0.32145623699620207,85.11543273925781,356.08,fixed_strike,84.35249328613281,87.40425109863281,85.49690246582031,86.92741394042969,87.88108825683594,1.430511474609375,1.8596649169921875,,,,95.98731994628906,81.92062377929688,-14.066696166992188,37.78382375447835,46.568669531654464,,QuantData term-structure
2026-08-17T14:40:00-04:00,2026-11-20,95,500.0,call,0.30756357674260515,85.30616760253906,356.08,fixed_strike,84.35249328613281,87.40425109863281,85.49690246582031,86.92741394042969,87.88108825683594,1.430511474609375,1.8596649169921875,,,,95.98731994628906,81.92062377929688,-14.066696166992188,37.78382375447835,46.568669531654464,,QuantData term-structure
2026-08-17T14:40:00-04:00,2026-11-20,95,510.0,call,0.2983906058355159,86.83204650878906,356.08,fixed_strike,84.35249328613281,87.40425109863281,85.49690246582031,86.92741394042969,87.88108825683594,1.430511474609375,1.8596649169921875,,,,95.98731994628906,81.92062377929688,-14.066696166992188,37.78382375447835,46.568669531654464,,QuantData term-structure
2026-08-17T14:40:00-04:00,2026-11-20,95,520.0,call,0.2801102855784039,86.73667907714844,356.08,fixed_strike,84.35249328613281,87.40425109863281,85.49690246582031,86.92741394042969,87.88108825683594,1.430511474609375,1.8596649169921875,,,,95.98731994628906,81.92062377929688,-14.066696166992188,37.78382375447835,46.568669531654464,,QuantData term-structure
2026-08-17T14:40:00-04:00,2026-11-20,95,550.0,call,0.22871819865980547,86.92741394042969,356.08,fixed_strike,84.35249328613281,87.40425109863281,85.49690246582031,86.92741394042969,87.88108825683594,1.430511474609375,1.8596649169921875,,,,95.98731994628906,81.92062377929688,-14.066696166992188,37.78382375447835,46.568669531654464,,QuantData term-structure
2026-08-17T14:40:00-04:00,2026-11-20,95,570.0,call,0.20959612596561245,86.54594421386719,356.08,fixed_strike,84.35249328613281,87.40425109863281,85.49690246582031,86.92741394042969,87.88108825683594,1.430511474609375,1.8596649169921875,,,,95.98731994628906,81.92062377929688,-14.066696166992188,37.78382375447835,46.568669531654464,,QuantData term-structure
2026-08-17T14:40:00-04:00,2026-11-20,95,600.0,call,0.18157863466728041,88.73939514160156,356.08,fixed_strike,84.35249328613281,87.40425109863281,85.49690246582031,86.92741394042969,87.88108825683594,1.430511474609375,1.8596649169921875,,,,95.98731994628906,81.92062377929688,-14.066696166992188,37.78382375447835,46.568669531654464,,QuantData term-structure
2026-08-17T14:40:00-04:00,2026-11-20,95,620.0,call,0.16734831936699296,87.88108825683594,356.08,fixed_strike,84.35249328613281,87.40425109863281,85.49690246582031,86.92741394042969,87.88108825683594,1.430511474609375,1.8596649169921875,,,,95.98731994628906,81.92062377929688,-14.066696166992188,37.78382375447835,46.568669531654464,,QuantData term-structure
2026-08-17T14:40:00-04:00,2026-11-20,95,650.0,call,0.1439830322376029,87.88108825683594,356.08,fixed_strike,84.35249328613281,87.40425109863281,85.49690246582031,86.92741394042969,87.88108825683594,1.430511474609375,1.8596649169921875,,,,95.98731994628906,81.92062377929688,-14.066696166992188,37.78382375447835,46.568669531654464,,QuantData term-structure
2026-08-17T14:40:00-04:00,2027-01-15,151,80.0,put,-0.003498119479976832,99.32518005371094,356.08,fixed_strike,82.68356323242188,85.40153503417969,83.01734924316406,83.97102355957031,83.78028869628906,0.95367431640625,0.8106231689453125,,,,95.98731994628906,81.92062377929688,-14.066696166992188,37.78382375447835,44.89973947794353,,QuantData term-structure
2026-08-17T14:40:00-04:00,2027-01-15,151,100.0,call,0.9935248846009861,91.88652038574219,356.08,fixed_strike,82.68356323242188,85.40153503417969,83.01734924316406,83.97102355957031,83.78028869628906,0.95367431640625,0.8106231689453125,,,,95.98731994628906,81.92062377929688,-14.066696166992188,37.78382375447835,44.89973947794353,,QuantData term-structure
2026-08-17T14:40:00-04:00,2027-01-15,151,110.0,put,-0.010888491383046399,91.98188781738281,356.08,fixed_strike,82.68356323242188,85.40153503417969,83.01734924316406,83.97102355957031,83.78028869628906,0.95367431640625,0.8106231689453125,,,,95.98731994628906,81.92062377929688,-14.066696166992188,37.78382375447835,44.89973947794353,,QuantData term-structure
2026-08-17T14:40:00-04:00,2027-01-15,151,115.0,put,-0.013791802952890734,90.93284606933594,356.08,fixed_strike,82.68356323242188,85.40153503417969,83.01734924316406,83.97102355957031,83.78028869628906,0.95367431640625,0.8106231689453125,,,,95.98731994628906,81.92062377929688,-14.066696166992188,37.78382375447835,44.89973947794353,,QuantData term-structure
2026-08-17T14:40:00-04:00,2027-01-15,151,140.0,put,-0.024239349950498253,87.88108825683594,356.08,fixed_strike,82.68356323242188,85.40153503417969,83.01734924316406,83.97102355957031,83.78028869628906,0.95367431640625,0.8106231689453125,,,,95.98731994628906,81.92062377929688,-14.066696166992188,37.78382375447835,44.89973947794353,,QuantData term-structure
2026-08-17T14:40:00-04:00,2027-01-15,151,145.0,put,-0.029171923024652557,88.93013000488281,356.08,fixed_strike,82.68356323242188,85.40153503417969,83.01734924316406,83.97102355957031,83.78028869628906,0.95367431640625,0.8106231689453125,,,,95.98731994628906,81.92062377929688,-14.066696166992188,37.78382375447835,44.89973947794353,,QuantData term-structure
2026-08-17T14:40:00-04:00,2027-01-15,151,150.0,call,0.956621254754737,91.98188781738281,356.08,fixed_strike,82.68356323242188,85.40153503417969,83.01734924316406,83.97102355957031,83.78028869628906,0.95367431640625,0.8106231689453125,,,,95.98731994628906,81.92062377929688,-14.066696166992188,37.78382375447835,44.89973947794353,,QuantData term-structure
2026-08-17T14:40:00-04:00,2027-01-15,151,150.0,put,-0.030435575564712814,86.64131164550781,356.08,fixed_strike,82.68356323242188,85.40153503417969,83.01734924316406,83.97102355957031,83.78028869628906,0.95367431640625,0.8106231689453125,,,,95.98731994628906,81.92062377929688,-14.066696166992188,37.78382375447835,44.89973947794353,,QuantData term-structure
2026-08-17T14:40:00-04:00,2027-01-15,151,155.0,put,-0.043543723521365374,88.83476257324219,356.08,fixed_strike,82.68356323242188,85.40153503417969,83.01734924316406,83.97102355957031,83.78028869628906,0.95367431640625,0.8106231689453125,,,,95.98731994628906,81.92062377929688,-14.066696166992188,37.78382375447835,44.89973947794353,,QuantData term-structure
2026-08-17T14:40:00-04:00,2027-01-15,151,160.0,put,-0.03714884588533792,85.59226989746094,356.08,fixed_strike,82.68356323242188,85.40153503417969,83.01734924316406,83.97102355957031,83.78028869628906,0.95367431640625,0.8106231689453125,,,,95.98731994628906,81.92062377929688,-14.066696166992188,37.78382375447835,44.89973947794353,,QuantData term-structure
2026-08-17T14:40:00-04:00,2027-01-15,151,170.0,put,-0.0484416084381985,86.92741394042969,356.08,fixed_strike,82.68356323242188,85.40153503417969,83.01734924316406,83.97102355957031,83.78028869628906,0.95367431640625,0.8106231689453125,,,,95.98731994628906,81.92062377929688,-14.066696166992188,37.78382375447835,44.89973947794353,,QuantData term-structure
2026-08-17T14:40:00-04:00,2027-01-15,151,175.0,put,-0.054080933230214345,85.68763732910156,356.08,fixed_strike,82.68356323242188,85.40153503417969,83.01734924316406,83.97102355957031,83.78028869628906,0.95367431640625,0.8106231689453125,,,,95.98731994628906,81.92062377929688,-14.066696166992188,37.78382375447835,44.89973947794353,,QuantData term-structure
2026-08-17T14:40:00-04:00,2027-01-15,151,180.0,put,-0.06144027578864675,86.06910705566406,356.08,fixed_strike,82.68356323242188,85.40153503417969,83.01734924316406,83.97102355957031,83.78028869628906,0.95367431640625,0.8106231689453125,,,,95.98731994628906,81.92062377929688,-14.066696166992188,37.78382375447835,44.89973947794353,,QuantData term-structure
2026-08-17T14:40:00-04:00,2027-01-15,151,185.0,put,-0.06764389297056067,85.78300476074219,356.08,fixed_strike,82.68356323242188,85.40153503417969,83.01734924316406,83.97102355957031,83.78028869628906,0.95367431640625,0.8106231689453125,,,,95.98731994628906,81.92062377929688,-14.066696166992188,37.78382375447835,44.89973947794353,,QuantData term-structure
2026-08-17T14:40:00-04:00,2027-01-15,151,190.0,put,-0.0706557955184971,85.87837219238281,356.08,fixed_strike,82.68356323242188,85.40153503417969,83.01734924316406,83.97102355957031,83.78028869628906,0.95367431640625,0.8106231689453125,,,,95.98731994628906,81.92062377929688,-14.066696166992188,37.78382375447835,44.89973947794353,,QuantData term-structure
2026-08-17T14:40:00-04:00,2027-01-15,151,195.0,call,0.9200790499292031,84.35249328613281,356.08,fixed_strike,82.68356323242188,85.40153503417969,83.01734924316406,83.97102355957031,83.78028869628906,0.95367431640625,0.8106231689453125,,,,95.98731994628906,81.92062377929688,-14.066696166992188,37.78382375447835,44.89973947794353,,QuantData term-structure
2026-08-17T14:40:00-04:00,2027-01-15,151,195.0,put,-0.09030242780092701,84.82933044433594,356.08,fixed_strike,82.68356323242188,85.40153503417969,83.01734924316406,83.97102355957031,83.78028869628906,0.95367431640625,0.8106231689453125,,,,95.98731994628906,81.92062377929688,-14.066696166992188,37.78382375447835,44.89973947794353,,QuantData term-structure
2026-08-17T14:40:00-04:00,2027-01-15,151,200.0,call,0.9193769380872528,84.35249328613281,356.08,fixed_strike,82.68356323242188,85.40153503417969,83.01734924316406,83.97102355957031,83.78028869628906,0.95367431640625,0.8106231689453125,,,,95.98731994628906,81.92062377929688,-14.066696166992188,37.78382375447835,44.89973947794353,,QuantData term-structure
2026-08-17T14:40:00-04:00,2027-01-15,151,200.0,put,-0.08542933528347008,84.82933044433594,356.08,fixed_strike,82.68356323242188,85.40153503417969,83.01734924316406,83.97102355957031,83.78028869628906,0.95367431640625,0.8106231689453125,,,,95.98731994628906,81.92062377929688,-14.066696166992188,37.78382375447835,44.89973947794353,,QuantData term-structure
2026-08-17T14:40:00-04:00,2027-01-15,151,210.0,put,-0.09702529801609938,85.40153503417969,356.08,fixed_strike,82.68356323242188,85.40153503417969,83.01734924316406,83.97102355957031,83.78028869628906,0.95367431640625,0.8106231689453125,,,,95.98731994628906,81.92062377929688,-14.066696166992188,37.78382375447835,44.89973947794353,,QuantData term-structure
2026-08-17T14:40:00-04:00,2027-01-15,151,220.0,call,0.8803154662736972,87.40425109863281,356.08,fixed_strike,82.68356323242188,85.40153503417969,83.01734924316406,83.97102355957031,83.78028869628906,0.95367431640625,0.8106231689453125,,,,95.98731994628906,81.92062377929688,-14.066696166992188,37.78382375447835,44.89973947794353,,QuantData term-structure
2026-08-17T14:40:00-04:00,2027-01-15,151,220.0,put,-0.11321055172909666,86.16447448730469,356.08,fixed_strike,82.68356323242188,85.40153503417969,83.01734924316406,83.97102355957031,83.78028869628906,0.95367431640625,0.8106231689453125,,,,95.98731994628906,81.92062377929688,-14.066696166992188,37.78382375447835,44.89973947794353,,QuantData term-structure
2026-08-17T14:40:00-04:00,2027-01-15,151,230.0,put,-0.12832640107893306,84.06639099121094,356.08,fixed_strike,82.68356323242188,85.40153503417969,83.01734924316406,83.97102355957031,83.78028869628906,0.95367431640625,0.8106231689453125,,,,95.98731994628906,81.92062377929688,-14.066696166992188,37.78382375447835,44.89973947794353,,QuantData term-structure
2026-08-17T14:40:00-04:00,2027-01-15,151,240.0,put,-0.14659724437839483,83.68492126464844,356.08,fixed_strike,82.68356323242188,85.40153503417969,83.01734924316406,83.97102355957031,83.78028869628906,0.95367431640625,0.8106231689453125,,,,95.98731994628906,81.92062377929688,-14.066696166992188,37.78382375447835,44.89973947794353,,QuantData term-structure
2026-08-17T14:40:00-04:00,2027-01-15,151,250.0,call,0.83406461321477,83.01734924316406,356.08,fixed_strike,82.68356323242188,85.40153503417969,83.01734924316406,83.97102355957031,83.78028869628906,0.95367431640625,0.8106231689453125,,,,95.98731994628906,81.92062377929688,-14.066696166992188,37.78382375447835,44.89973947794353,,QuantData term-structure
2026-08-17T14:40:00-04:00,2027-01-15,151,250.0,put,-0.16406081087307128,84.06639099121094,356.08,fixed_strike,82.68356323242188,85.40153503417969,83.01734924316406,83.97102355957031,83.78028869628906,0.95367431640625,0.8106231689453125,,,,95.98731994628906,81.92062377929688,-14.066696166992188,37.78382375447835,44.89973947794353,,QuantData term-structure
2026-08-17T14:40:00-04:00,2027-01-15,151,260.0,call,0.8170755098555953,82.54051208496094,356.08,fixed_strike,82.68356323242188,85.40153503417969,83.01734924316406,83.97102355957031,83.78028869628906,0.95367431640625,0.8106231689453125,,,,95.98731994628906,81.92062377929688,-14.066696166992188,37.78382375447835,44.89973947794353,,QuantData term-structure
2026-08-17T14:40:00-04:00,2027-01-15,151,260.0,put,-0.1814808591584327,84.16175842285156,356.08,fixed_strike,82.68356323242188,85.40153503417969,83.01734924316406,83.97102355957031,83.78028869628906,0.95367431640625,0.8106231689453125,,,,95.98731994628906,81.92062377929688,-14.066696166992188,37.78382375447835,44.89973947794353,,QuantData term-structure
2026-08-17T14:40:00-04:00,2027-01-15,151,270.0,call,0.7620220282346519,81.01463317871094,356.08,fixed_strike,82.68356323242188,85.40153503417969,83.01734924316406,83.97102355957031,83.78028869628906,0.95367431640625,0.8106231689453125,,,,95.98731994628906,81.92062377929688,-14.066696166992188,37.78382375447835,44.89973947794353,,QuantData term-structure
2026-08-17T14:40:00-04:00,2027-01-15,151,270.0,put,-0.23032476890632525,83.78028869628906,356.08,fixed_strike,82.68356323242188,85.40153503417969,83.01734924316406,83.97102355957031,83.78028869628906,0.95367431640625,0.8106231689453125,,,,95.98731994628906,81.92062377929688,-14.066696166992188,37.78382375447835,44.89973947794353,,QuantData term-structure
2026-08-17T14:40:00-04:00,2027-01-15,151,280.0,call,0.7811041914168102,81.96830749511719,356.08,fixed_strike,82.68356323242188,85.40153503417969,83.01734924316406,83.97102355957031,83.78028869628906,0.95367431640625,0.8106231689453125,,,,95.98731994628906,81.92062377929688,-14.066696166992188,37.78382375447835,44.89973947794353,,QuantData term-structure
2026-08-17T14:40:00-04:00,2027-01-15,151,280.0,put,-0.22387739494500847,83.39881896972656,356.08,fixed_strike,82.68356323242188,85.40153503417969,83.01734924316406,83.97102355957031,83.78028869628906,0.95367431640625,0.8106231689453125,,,,95.98731994628906,81.92062377929688,-14.066696166992188,37.78382375447835,44.89973947794353,,QuantData term-structure
2026-08-17T14:40:00-04:00,2027-01-15,151,290.0,put,-0.24372047176559397,83.01734924316406,356.08,fixed_strike,82.68356323242188,85.40153503417969,83.01734924316406,83.97102355957031,83.78028869628906,0.95367431640625,0.8106231689453125,,,,95.98731994628906,81.92062377929688,-14.066696166992188,37.78382375447835,44.89973947794353,,QuantData term-structure
2026-08-17T14:40:00-04:00,2027-01-15,151,300.0,call,0.740458983380671,81.68220520019531,356.08,fixed_strike,82.68356323242188,85.40153503417969,83.01734924316406,83.97102355957031,83.78028869628906,0.95367431640625,0.8106231689453125,,,,95.98731994628906,81.92062377929688,-14.066696166992188,37.78382375447835,44.89973947794353,,QuantData term-structure
2026-08-17T14:40:00-04:00,2027-01-15,151,300.0,put,-0.26456694911455475,83.20808410644531,356.08,fixed_strike,82.68356323242188,85.40153503417969,83.01734924316406,83.97102355957031,83.78028869628906,0.95367431640625,0.8106231689453125,,,,95.98731994628906,81.92062377929688,-14.066696166992188,37.78382375447835,44.89973947794353,,QuantData term-structure
2026-08-17T14:40:00-04:00,2027-01-15,151,310.0,call,0.7160473045992369,82.44514465332031,356.08,fixed_strike,82.68356323242188,85.40153503417969,83.01734924316406,83.97102355957031,83.78028869628906,0.95367431640625,0.8106231689453125,,,,95.98731994628906,81.92062377929688,-14.066696166992188,37.78382375447835,44.89973947794353,,QuantData term-structure
2026-08-17T14:40:00-04:00,2027-01-15,151,310.0,put,-0.2803677550706468,83.78028869628906,356.08,fixed_strike,82.68356323242188,85.40153503417969,83.01734924316406,83.97102355957031,83.78028869628906,0.95367431640625,0.8106231689453125,,,,95.98731994628906,81.92062377929688,-14.066696166992188,37.78382375447835,44.89973947794353,,QuantData term-structure
2026-08-17T14:40:00-04:00,2027-01-15,151,320.0,call,0.6981709042943599,82.34977722167969,356.08,fixed_strike,82.68356323242188,85.40153503417969,83.01734924316406,83.97102355957031,83.78028869628906,0.95367431640625,0.8106231689453125,,,,95.98731994628906,81.92062377929688,-14.066696166992188,37.78382375447835,44.89973947794353,,QuantData term-structure
2026-08-17T14:40:00-04:00,2027-01-15,151,320.0,put,-0.3008616967114136,85.40153503417969,356.08,fixed_strike,82.68356323242188,85.40153503417969,83.01734924316406,83.97102355957031,83.78028869628906,0.95367431640625,0.8106231689453125,,,,95.98731994628906,81.92062377929688,-14.066696166992188,37.78382375447835,44.89973947794353,,QuantData term-structure
2026-08-17T14:40:00-04:00,2027-01-15,151,330.0,call,0.6739818741534804,81.68220520019531,356.08,fixed_strike,82.68356323242188,85.40153503417969,83.01734924316406,83.97102355957031,83.78028869628906,0.95367431640625,0.8106231689453125,,,,95.98731994628906,81.92062377929688,-14.066696166992188,37.78382375447835,44.89973947794353,,QuantData term-structure
2026-08-17T14:40:00-04:00,2027-01-15,151,330.0,put,-0.3242556907866607,84.06639099121094,356.08,fixed_strike,82.68356323242188,85.40153503417969,83.01734924316406,83.97102355957031,83.78028869628906,0.95367431640625,0.8106231689453125,,,,95.98731994628906,81.92062377929688,-14.066696166992188,37.78382375447835,44.89973947794353,,QuantData term-structure
2026-08-17T14:40:00-04:00,2027-01-15,151,340.0,call,0.6526874865336467,82.54051208496094,356.08,fixed_strike,82.68356323242188,85.40153503417969,83.01734924316406,83.97102355957031,83.78028869628906,0.95367431640625,0.8106231689453125,,,,95.98731994628906,81.92062377929688,-14.066696166992188,37.78382375447835,44.89973947794353,,QuantData term-structure
2026-08-17T14:40:00-04:00,2027-01-15,151,350.0,call,0.6353518430128859,82.15904235839844,356.08,fixed_strike,82.68356323242188,85.40153503417969,83.01734924316406,83.97102355957031,83.78028869628906,0.95367431640625,0.8106231689453125,,,,95.98731994628906,81.92062377929688,-14.066696166992188,37.78382375447835,44.89973947794353,,QuantData term-structure
2026-08-17T14:40:00-04:00,2027-01-15,151,350.0,put,-0.36432184295646874,84.44786071777344,356.08,fixed_strike,82.68356323242188,85.40153503417969,83.01734924316406,83.97102355957031,83.78028869628906,0.95367431640625,0.8106231689453125,,,,95.98731994628906,81.92062377929688,-14.066696166992188,37.78382375447835,44.89973947794353,,QuantData term-structure
2026-08-17T14:40:00-04:00,2027-01-15,151,360.0,call,0.6205995164804778,81.68220520019531,356.08,fixed_strike,82.68356323242188,85.40153503417969,83.01734924316406,83.97102355957031,83.78028869628906,0.95367431640625,0.8106231689453125,,,,95.98731994628906,81.92062377929688,-14.066696166992188,37.78382375447835,44.89973947794353,,QuantData term-structure
2026-08-17T14:40:00-04:00,2027-01-15,151,360.0,put,-0.3849272317342206,83.68492126464844,356.08,fixed_strike,82.68356323242188,85.40153503417969,83.01734924316406,83.97102355957031,83.78028869628906,0.95367431640625,0.8106231689453125,,,,95.98731994628906,81.92062377929688,-14.066696166992188,37.78382375447835,44.89973947794353,,QuantData term-structure
2026-08-17T14:40:00-04:00,2027-01-15,151,370.0,call,0.5939004853613533,82.54051208496094,356.08,fixed_strike,82.68356323242188,85.40153503417969,83.01734924316406,83.97102355957031,83.78028869628906,0.95367431640625,0.8106231689453125,,,,95.98731994628906,81.92062377929688,-14.066696166992188,37.78382375447835,44.89973947794353,,QuantData term-structure
2026-08-17T14:40:00-04:00,2027-01-15,151,370.0,put,-0.40179080257129357,84.92469787597656,356.08,fixed_strike,82.68356323242188,85.40153503417969,83.01734924316406,83.97102355957031,83.78028869628906,0.95367431640625,0.8106231689453125,,,,95.98731994628906,81.92062377929688,-14.066696166992188,37.78382375447835,44.89973947794353,,QuantData term-structure
2026-08-17T14:40:00-04:00,2027-01-15,151,380.0,call,0.5729738748388727,82.25440979003906,356.08,fixed_strike,82.68356323242188,85.40153503417969,83.01734924316406,83.97102355957031,83.78028869628906,0.95367431640625,0.8106231689453125,,,,95.98731994628906,81.92062377929688,-14.066696166992188,37.78382375447835,44.89973947794353,,QuantData term-structure
2026-08-17T14:40:00-04:00,2027-01-15,151,390.0,call,0.5547825838540643,82.34977722167969,356.08,fixed_strike,82.68356323242188,85.40153503417969,83.01734924316406,83.97102355957031,83.78028869628906,0.95367431640625,0.8106231689453125,,,,95.98731994628906,81.92062377929688,-14.066696166992188,37.78382375447835,44.89973947794353,,QuantData term-structure
2026-08-17T14:40:00-04:00,2027-01-15,151,400.0,call,0.5385076645852044,82.34977722167969,356.08,fixed_strike,82.68356323242188,85.40153503417969,83.01734924316406,83.97102355957031,83.78028869628906,0.95367431640625,0.8106231689453125,,,,95.98731994628906,81.92062377929688,-14.066696166992188,37.78382375447835,44.89973947794353,,QuantData term-structure
2026-08-17T14:40:00-04:00,2027-01-15,151,400.0,put,-0.46078060857658276,84.63859558105469,356.08,fixed_strike,82.68356323242188,85.40153503417969,83.01734924316406,83.97102355957031,83.78028869628906,0.95367431640625,0.8106231689453125,,,,95.98731994628906,81.92062377929688,-14.066696166992188,37.78382375447835,44.89973947794353,,QuantData term-structure
2026-08-17T14:40:00-04:00,2027-01-15,151,410.0,call,0.5148665726199921,82.44514465332031,356.08,fixed_strike,82.68356323242188,85.40153503417969,83.01734924316406,83.97102355957031,83.78028869628906,0.95367431640625,0.8106231689453125,,,,95.98731994628906,81.92062377929688,-14.066696166992188,37.78382375447835,44.89973947794353,,QuantData term-structure
2026-08-17T14:40:00-04:00,2027-01-15,151,410.0,put,-0.49750884260436906,84.44786071777344,356.08,fixed_strike,82.68356323242188,85.40153503417969,83.01734924316406,83.97102355957031,83.78028869628906,0.95367431640625,0.8106231689453125,,,,95.98731994628906,81.92062377929688,-14.066696166992188,37.78382375447835,44.89973947794353,,QuantData term-structure
2026-08-17T14:40:00-04:00,2027-01-15,151,420.0,call,0.46983606512634823,83.78028869628906,356.08,fixed_strike,82.68356323242188,85.40153503417969,83.01734924316406,83.97102355957031,83.78028869628906,0.95367431640625,0.8106231689453125,,,,95.98731994628906,81.92062377929688,-14.066696166992188,37.78382375447835,44.89973947794353,,QuantData term-structure
2026-08-17T14:40:00-04:00,2027-01-15,151,430.0,call,0.48743687313102974,82.73124694824219,356.08,fixed_strike,82.68356323242188,85.40153503417969,83.01734924316406,83.97102355957031,83.78028869628906,0.95367431640625,0.8106231689453125,,,,95.98731994628906,81.92062377929688,-14.066696166992188,37.78382375447835,44.89973947794353,,QuantData term-structure
2026-08-17T14:40:00-04:00,2027-01-15,151,450.0,call,0.4500458342205542,82.73124694824219,356.08,fixed_strike,82.68356323242188,85.40153503417969,83.01734924316406,83.97102355957031,83.78028869628906,0.95367431640625,0.8106231689453125,,,,95.98731994628906,81.92062377929688,-14.066696166992188,37.78382375447835,44.89973947794353,,QuantData term-structure
2026-08-17T14:40:00-04:00,2027-01-15,151,460.0,call,0.4332766745771505,82.73124694824219,356.08,fixed_strike,82.68356323242188,85.40153503417969,83.01734924316406,83.97102355957031,83.78028869628906,0.95367431640625,0.8106231689453125,,,,95.98731994628906,81.92062377929688,-14.066696166992188,37.78382375447835,44.89973947794353,,QuantData term-structure
2026-08-17T14:40:00-04:00,2027-01-15,151,500.0,call,0.3768401853147564,83.58955383300781,356.08,fixed_strike,82.68356323242188,85.40153503417969,83.01734924316406,83.97102355957031,83.78028869628906,0.95367431640625,0.8106231689453125,,,,95.98731994628906,81.92062377929688,-14.066696166992188,37.78382375447835,44.89973947794353,,QuantData term-structure
2026-08-17T14:40:00-04:00,2027-01-15,151,520.0,call,0.34839777958905227,83.20808410644531,356.08,fixed_strike,82.68356323242188,85.40153503417969,83.01734924316406,83.97102355957031,83.78028869628906,0.95367431640625,0.8106231689453125,,,,95.98731994628906,81.92062377929688,-14.066696166992188,37.78382375447835,44.89973947794353,,QuantData term-structure
2026-08-17T14:40:00-04:00,2027-01-15,151,530.0,call,0.3094496075466972,82.25440979003906,356.08,fixed_strike,82.68356323242188,85.40153503417969,83.01734924316406,83.97102355957031,83.78028869628906,0.95367431640625,0.8106231689453125,,,,95.98731994628906,81.92062377929688,-14.066696166992188,37.78382375447835,44.89973947794353,,QuantData term-structure
2026-08-17T14:40:00-04:00,2027-01-15,151,540.0,call,0.31680627845322695,83.39881896972656,356.08,fixed_strike,82.68356323242188,85.40153503417969,83.01734924316406,83.97102355957031,83.78028869628906,0.95367431640625,0.8106231689453125,,,,95.98731994628906,81.92062377929688,-14.066696166992188,37.78382375447835,44.89973947794353,,QuantData term-structure
2026-08-17T14:40:00-04:00,2027-01-15,151,560.0,call,0.29380364906427536,83.39881896972656,356.08,fixed_strike,82.68356323242188,85.40153503417969,83.01734924316406,83.97102355957031,83.78028869628906,0.95367431640625,0.8106231689453125,,,,95.98731994628906,81.92062377929688,-14.066696166992188,37.78382375447835,44.89973947794353,,QuantData term-structure
2026-08-17T14:40:00-04:00,2027-01-15,151,590.0,call,0.2594644761872135,83.39881896972656,356.08,fixed_strike,82.68356323242188,85.40153503417969,83.01734924316406,83.97102355957031,83.78028869628906,0.95367431640625,0.8106231689453125,,,,95.98731994628906,81.92062377929688,-14.066696166992188,37.78382375447835,44.89973947794353,,QuantData term-structure
2026-08-17T14:40:00-04:00,2027-01-15,151,600.0,call,0.2558925690412843,83.30345153808594,356.08,fixed_strike,82.68356323242188,85.40153503417969,83.01734924316406,83.97102355957031,83.78028869628906,0.95367431640625,0.8106231689453125,,,,95.98731994628906,81.92062377929688,-14.066696166992188,37.78382375447835,44.89973947794353,,QuantData term-structure
2026-08-17T14:40:00-04:00,2027-01-15,151,600.0,put,-0.7140204074409282,89.31159973144531,356.08,fixed_strike,82.68356323242188,85.40153503417969,83.01734924316406,83.97102355957031,83.78028869628906,0.95367431640625,0.8106231689453125,,,,95.98731994628906,81.92062377929688,-14.066696166992188,37.78382375447835,44.89973947794353,,QuantData term-structure
2026-08-17T14:40:00-04:00,2027-01-15,151,610.0,call,0.24835759970072668,83.97102355957031,356.08,fixed_strike,82.68356323242188,85.40153503417969,83.01734924316406,83.97102355957031,83.78028869628906,0.95367431640625,0.8106231689453125,,,,95.98731994628906,81.92062377929688,-14.066696166992188,37.78382375447835,44.89973947794353,,QuantData term-structure
2026-08-17T14:40:00-04:00,2027-01-15,151,620.0,call,0.24594586842264216,84.16175842285156,356.08,fixed_strike,82.68356323242188,85.40153503417969,83.01734924316406,83.97102355957031,83.78028869628906,0.95367431640625,0.8106231689453125,,,,95.98731994628906,81.92062377929688,-14.066696166992188,37.78382375447835,44.89973947794353,,QuantData term-structure
2026-08-17T14:40:00-04:00,2027-01-15,151,640.0,call,0.2221734479808613,84.35249328613281,356.08,fixed_strike,82.68356323242188,85.40153503417969,83.01734924316406,83.97102355957031,83.78028869628906,0.95367431640625,0.8106231689453125,,,,95.98731994628906,81.92062377929688,-14.066696166992188,37.78382375447835,44.89973947794353,,QuantData term-structure
2026-08-17T14:40:00-04:00,2027-01-15,151,650.0,call,0.21168409478673184,83.78028869628906,356.08,fixed_strike,82.68356323242188,85.40153503417969,83.01734924316406,83.97102355957031,83.78028869628906,0.95367431640625,0.8106231689453125,,,,95.98731994628906,81.92062377929688,-14.066696166992188,37.78382375447835,44.89973947794353,,QuantData term-structure
2026-08-17T14:40:00-04:00,2027-03-19,214,140.0,put,-0.038610791470945635,87.97645568847656,356.08,fixed_strike,83.30345153808594,85.40153503417969,84.25712585449219,83.39881896972656,83.39881896972656,-0.858306884765625,0.5245208740234375,,,,95.98731994628906,81.92062377929688,-14.066696166992188,37.78382375447835,45.51962778360759,,QuantData term-structure
2026-08-17T14:40:00-04:00,2027-03-19,214,145.0,put,-0.04921340047728284,88.45329284667969,356.08,fixed_strike,83.30345153808594,85.40153503417969,84.25712585449219,83.39881896972656,83.39881896972656,-0.858306884765625,0.5245208740234375,,,,95.98731994628906,81.92062377929688,-14.066696166992188,37.78382375447835,45.51962778360759,,QuantData term-structure
2026-08-17T14:40:00-04:00,2027-03-19,214,175.0,put,-0.0826885428709872,86.35520935058594,356.08,fixed_strike,83.30345153808594,85.40153503417969,84.25712585449219,83.39881896972656,83.39881896972656,-0.858306884765625,0.5245208740234375,,,,95.98731994628906,81.92062377929688,-14.066696166992188,37.78382375447835,45.51962778360759,,QuantData term-structure
2026-08-17T14:40:00-04:00,2027-03-19,214,180.0,call,0.920754708859793,84.82933044433594,356.08,fixed_strike,83.30345153808594,85.40153503417969,84.25712585449219,83.39881896972656,83.39881896972656,-0.858306884765625,0.5245208740234375,,,,95.98731994628906,81.92062377929688,-14.066696166992188,37.78382375447835,45.51962778360759,,QuantData term-structure
2026-08-17T14:40:00-04:00,2027-03-19,214,180.0,put,-0.07766666249857962,86.35520935058594,356.08,fixed_strike,83.30345153808594,85.40153503417969,84.25712585449219,83.39881896972656,83.39881896972656,-0.858306884765625,0.5245208740234375,,,,95.98731994628906,81.92062377929688,-14.066696166992188,37.78382375447835,45.51962778360759,,QuantData term-structure
2026-08-17T14:40:00-04:00,2027-03-19,214,185.0,put,-0.09611602264129998,85.68763732910156,356.08,fixed_strike,83.30345153808594,85.40153503417969,84.25712585449219,83.39881896972656,83.39881896972656,-0.858306884765625,0.5245208740234375,,,,95.98731994628906,81.92062377929688,-14.066696166992188,37.78382375447835,45.51962778360759,,QuantData term-structure
2026-08-17T14:40:00-04:00,2027-03-19,214,190.0,put,-0.09350653850553542,89.12086486816406,356.08,fixed_strike,83.30345153808594,85.40153503417969,84.25712585449219,83.39881896972656,83.39881896972656,-0.858306884765625,0.5245208740234375,,,,95.98731994628906,81.92062377929688,-14.066696166992188,37.78382375447835,45.51962778360759,,QuantData term-structure
2026-08-17T14:40:00-04:00,2027-03-19,214,195.0,put,-0.09578859304706894,85.78300476074219,356.08,fixed_strike,83.30345153808594,85.40153503417969,84.25712585449219,83.39881896972656,83.39881896972656,-0.858306884765625,0.5245208740234375,,,,95.98731994628906,81.92062377929688,-14.066696166992188,37.78382375447835,45.51962778360759,,QuantData term-structure
2026-08-17T14:40:00-04:00,2027-03-19,214,200.0,put,-0.10196941860746128,85.40153503417969,356.08,fixed_strike,83.30345153808594,85.40153503417969,84.25712585449219,83.39881896972656,83.39881896972656,-0.858306884765625,0.5245208740234375,,,,95.98731994628906,81.92062377929688,-14.066696166992188,37.78382375447835,45.51962778360759,,QuantData term-structure
2026-08-17T14:40:00-04:00,2027-03-19,214,210.0,put,-0.11864251899086842,85.40153503417969,356.08,fixed_strike,83.30345153808594,85.40153503417969,84.25712585449219,83.39881896972656,83.39881896972656,-0.858306884765625,0.5245208740234375,,,,95.98731994628906,81.92062377929688,-14.066696166992188,37.78382375447835,45.51962778360759,,QuantData term-structure
2026-08-17T14:40:00-04:00,2027-03-19,214,220.0,put,-0.1304751164511746,85.59226989746094,356.08,fixed_strike,83.30345153808594,85.40153503417969,84.25712585449219,83.39881896972656,83.39881896972656,-0.858306884765625,0.5245208740234375,,,,95.98731994628906,81.92062377929688,-14.066696166992188,37.78382375447835,45.51962778360759,,QuantData term-structure
2026-08-17T14:40:00-04:00,2027-03-19,214,230.0,call,0.8503252329570383,83.20808410644531,356.08,fixed_strike,83.30345153808594,85.40153503417969,84.25712585449219,83.39881896972656,83.39881896972656,-0.858306884765625,0.5245208740234375,,,,95.98731994628906,81.92062377929688,-14.066696166992188,37.78382375447835,45.51962778360759,,QuantData term-structure
2026-08-17T14:40:00-04:00,2027-03-19,214,240.0,put,-0.1629670193508439,87.49961853027344,356.08,fixed_strike,83.30345153808594,85.40153503417969,84.25712585449219,83.39881896972656,83.39881896972656,-0.858306884765625,0.5245208740234375,,,,95.98731994628906,81.92062377929688,-14.066696166992188,37.78382375447835,45.51962778360759,,QuantData term-structure
2026-08-17T14:40:00-04:00,2027-03-19,214,250.0,call,0.8279638962157649,81.87294006347656,356.08,fixed_strike,83.30345153808594,85.40153503417969,84.25712585449219,83.39881896972656,83.39881896972656,-0.858306884765625,0.5245208740234375,,,,95.98731994628906,81.92062377929688,-14.066696166992188,37.78382375447835,45.51962778360759,,QuantData term-structure
2026-08-17T14:40:00-04:00,2027-03-19,214,250.0,put,-0.1775639471579758,86.73667907714844,356.08,fixed_strike,83.30345153808594,85.40153503417969,84.25712585449219,83.39881896972656,83.39881896972656,-0.858306884765625,0.5245208740234375,,,,95.98731994628906,81.92062377929688,-14.066696166992188,37.78382375447835,45.51962778360759,,QuantData term-structure
2026-08-17T14:40:00-04:00,2027-03-19,214,260.0,call,0.8036361424758502,85.59226989746094,356.08,fixed_strike,83.30345153808594,85.40153503417969,84.25712585449219,83.39881896972656,83.39881896972656,-0.858306884765625,0.5245208740234375,,,,95.98731994628906,81.92062377929688,-14.066696166992188,37.78382375447835,45.51962778360759,,QuantData term-structure
2026-08-17T14:40:00-04:00,2027-03-19,214,270.0,call,0.788178372993506,84.16175842285156,356.08,fixed_strike,83.30345153808594,85.40153503417969,84.25712585449219,83.39881896972656,83.39881896972656,-0.858306884765625,0.5245208740234375,,,,95.98731994628906,81.92062377929688,-14.066696166992188,37.78382375447835,45.51962778360759,,QuantData term-structure
2026-08-17T14:40:00-04:00,2027-03-19,214,270.0,put,-0.20720666370176694,84.06639099121094,356.08,fixed_strike,83.30345153808594,85.40153503417969,84.25712585449219,83.39881896972656,83.39881896972656,-0.858306884765625,0.5245208740234375,,,,95.98731994628906,81.92062377929688,-14.066696166992188,37.78382375447835,45.51962778360759,,QuantData term-structure
2026-08-17T14:40:00-04:00,2027-03-19,214,280.0,put,-0.25000326179641896,84.25712585449219,356.08,fixed_strike,83.30345153808594,85.40153503417969,84.25712585449219,83.39881896972656,83.39881896972656,-0.858306884765625,0.5245208740234375,,,,95.98731994628906,81.92062377929688,-14.066696166992188,37.78382375447835,45.51962778360759,,QuantData term-structure
2026-08-17T14:40:00-04:00,2027-03-19,214,290.0,call,0.7503884696305019,83.30345153808594,356.08,fixed_strike,83.30345153808594,85.40153503417969,84.25712585449219,83.39881896972656,83.39881896972656,-0.858306884765625,0.5245208740234375,,,,95.98731994628906,81.92062377929688,-14.066696166992188,37.78382375447835,45.51962778360759,,QuantData term-structure
2026-08-17T14:40:00-04:00,2027-03-19,214,290.0,put,-0.2448183547875768,84.16175842285156,356.08,fixed_strike,83.30345153808594,85.40153503417969,84.25712585449219,83.39881896972656,83.39881896972656,-0.858306884765625,0.5245208740234375,,,,95.98731994628906,81.92062377929688,-14.066696166992188,37.78382375447835,45.51962778360759,,QuantData term-structure
2026-08-17T14:40:00-04:00,2027-03-19,214,300.0,call,0.7428605088797626,83.30345153808594,356.08,fixed_strike,83.30345153808594,85.40153503417969,84.25712585449219,83.39881896972656,83.39881896972656,-0.858306884765625,0.5245208740234375,,,,95.98731994628906,81.92062377929688,-14.066696166992188,37.78382375447835,45.51962778360759,,QuantData term-structure
2026-08-17T14:40:00-04:00,2027-03-19,214,300.0,put,-0.2608506045975387,84.44786071777344,356.08,fixed_strike,83.30345153808594,85.40153503417969,84.25712585449219,83.39881896972656,83.39881896972656,-0.858306884765625,0.5245208740234375,,,,95.98731994628906,81.92062377929688,-14.066696166992188,37.78382375447835,45.51962778360759,,QuantData term-structure
2026-08-17T14:40:00-04:00,2027-03-19,214,310.0,call,0.7162631871972585,83.58955383300781,356.08,fixed_strike,83.30345153808594,85.40153503417969,84.25712585449219,83.39881896972656,83.39881896972656,-0.858306884765625,0.5245208740234375,,,,95.98731994628906,81.92062377929688,-14.066696166992188,37.78382375447835,45.51962778360759,,QuantData term-structure
2026-08-17T14:40:00-04:00,2027-03-19,214,310.0,put,-0.27759369707362924,84.35249328613281,356.08,fixed_strike,83.30345153808594,85.40153503417969,84.25712585449219,83.39881896972656,83.39881896972656,-0.858306884765625,0.5245208740234375,,,,95.98731994628906,81.92062377929688,-14.066696166992188,37.78382375447835,45.51962778360759,,QuantData term-structure
2026-08-17T14:40:00-04:00,2027-03-19,214,320.0,call,0.7090527938858107,83.97102355957031,356.08,fixed_strike,83.30345153808594,85.40153503417969,84.25712585449219,83.39881896972656,83.39881896972656,-0.858306884765625,0.5245208740234375,,,,95.98731994628906,81.92062377929688,-14.066696166992188,37.78382375447835,45.51962778360759,,QuantData term-structure
2026-08-17T14:40:00-04:00,2027-03-19,214,320.0,put,-0.29054232760713505,84.92469787597656,356.08,fixed_strike,83.30345153808594,85.40153503417969,84.25712585449219,83.39881896972656,83.39881896972656,-0.858306884765625,0.5245208740234375,,,,95.98731994628906,81.92062377929688,-14.066696166992188,37.78382375447835,45.51962778360759,,QuantData term-structure
2026-08-17T14:40:00-04:00,2027-03-19,214,330.0,call,0.6938973405029786,81.77757263183594,356.08,fixed_strike,83.30345153808594,85.40153503417969,84.25712585449219,83.39881896972656,83.39881896972656,-0.858306884765625,0.5245208740234375,,,,95.98731994628906,81.92062377929688,-14.066696166992188,37.78382375447835,45.51962778360759,,QuantData term-structure
2026-08-17T14:40:00-04:00,2027-03-19,214,330.0,put,-0.3173583710168413,85.30616760253906,356.08,fixed_strike,83.30345153808594,85.40153503417969,84.25712585449219,83.39881896972656,83.39881896972656,-0.858306884765625,0.5245208740234375,,,,95.98731994628906,81.92062377929688,-14.066696166992188,37.78382375447835,45.51962778360759,,QuantData term-structure
2026-08-17T14:40:00-04:00,2027-03-19,214,340.0,call,0.6754568550615572,83.97102355957031,356.08,fixed_strike,83.30345153808594,85.40153503417969,84.25712585449219,83.39881896972656,83.39881896972656,-0.858306884765625,0.5245208740234375,,,,95.98731994628906,81.92062377929688,-14.066696166992188,37.78382375447835,45.51962778360759,,QuantData term-structure
2026-08-17T14:40:00-04:00,2027-03-19,214,350.0,call,0.6582482711824313,82.34977722167969,356.08,fixed_strike,83.30345153808594,85.40153503417969,84.25712585449219,83.39881896972656,83.39881896972656,-0.858306884765625,0.5245208740234375,,,,95.98731994628906,81.92062377929688,-14.066696166992188,37.78382375447835,45.51962778360759,,QuantData term-structure
2026-08-17T14:40:00-04:00,2027-03-19,214,350.0,put,-0.34268462080301526,84.92469787597656,356.08,fixed_strike,83.30345153808594,85.40153503417969,84.25712585449219,83.39881896972656,83.39881896972656,-0.858306884765625,0.5245208740234375,,,,95.98731994628906,81.92062377929688,-14.066696166992188,37.78382375447835,45.51962778360759,,QuantData term-structure
2026-08-17T14:40:00-04:00,2027-03-19,214,360.0,call,0.6355982742017029,83.30345153808594,356.08,fixed_strike,83.30345153808594,85.40153503417969,84.25712585449219,83.39881896972656,83.39881896972656,-0.858306884765625,0.5245208740234375,,,,95.98731994628906,81.92062377929688,-14.066696166992188,37.78382375447835,45.51962778360759,,QuantData term-structure
2026-08-17T14:40:00-04:00,2027-03-19,214,370.0,call,0.626895863382909,82.73124694824219,356.08,fixed_strike,83.30345153808594,85.40153503417969,84.25712585449219,83.39881896972656,83.39881896972656,-0.858306884765625,0.5245208740234375,,,,95.98731994628906,81.92062377929688,-14.066696166992188,37.78382375447835,45.51962778360759,,QuantData term-structure
2026-08-17T14:40:00-04:00,2027-03-19,214,390.0,put,-0.4107262456256697,84.54322814941406,356.08,fixed_strike,83.30345153808594,85.40153503417969,84.25712585449219,83.39881896972656,83.39881896972656,-0.858306884765625,0.5245208740234375,,,,95.98731994628906,81.92062377929688,-14.066696166992188,37.78382375447835,45.51962778360759,,QuantData term-structure
2026-08-17T14:40:00-04:00,2027-03-19,214,400.0,call,0.577672504267851,82.54051208496094,356.08,fixed_strike,83.30345153808594,85.40153503417969,84.25712585449219,83.39881896972656,83.39881896972656,-0.858306884765625,0.5245208740234375,,,,95.98731994628906,81.92062377929688,-14.066696166992188,37.78382375447835,45.51962778360759,,QuantData term-structure
2026-08-17T14:40:00-04:00,2027-03-19,214,420.0,call,0.5451407107530701,82.34977722167969,356.08,fixed_strike,83.30345153808594,85.40153503417969,84.25712585449219,83.39881896972656,83.39881896972656,-0.858306884765625,0.5245208740234375,,,,95.98731994628906,81.92062377929688,-14.066696166992188,37.78382375447835,45.51962778360759,,QuantData term-structure
2026-08-17T14:40:00-04:00,2027-03-19,214,430.0,put,-0.46876920843460546,84.92469787597656,356.08,fixed_strike,83.30345153808594,85.40153503417969,84.25712585449219,83.39881896972656,83.39881896972656,-0.858306884765625,0.5245208740234375,,,,95.98731994628906,81.92062377929688,-14.066696166992188,37.78382375447835,45.51962778360759,,QuantData term-structure
2026-08-17T14:40:00-04:00,2027-03-19,214,440.0,call,0.5124700852606467,83.39881896972656,356.08,fixed_strike,83.30345153808594,85.40153503417969,84.25712585449219,83.39881896972656,83.39881896972656,-0.858306884765625,0.5245208740234375,,,,95.98731994628906,81.92062377929688,-14.066696166992188,37.78382375447835,45.51962778360759,,QuantData term-structure
2026-08-17T14:40:00-04:00,2027-03-19,214,450.0,call,0.5045111486663303,83.30345153808594,356.08,fixed_strike,83.30345153808594,85.40153503417969,84.25712585449219,83.39881896972656,83.39881896972656,-0.858306884765625,0.5245208740234375,,,,95.98731994628906,81.92062377929688,-14.066696166992188,37.78382375447835,45.51962778360759,,QuantData term-structure
2026-08-17T14:40:00-04:00,2027-03-19,214,450.0,put,-0.4969367234515731,86.16447448730469,356.08,fixed_strike,83.30345153808594,85.40153503417969,84.25712585449219,83.39881896972656,83.39881896972656,-0.858306884765625,0.5245208740234375,,,,95.98731994628906,81.92062377929688,-14.066696166992188,37.78382375447835,45.51962778360759,,QuantData term-structure
2026-08-17T14:40:00-04:00,2027-03-19,214,460.0,put,-0.4982291792496797,86.35520935058594,356.08,fixed_strike,83.30345153808594,85.40153503417969,84.25712585449219,83.39881896972656,83.39881896972656,-0.858306884765625,0.5245208740234375,,,,95.98731994628906,81.92062377929688,-14.066696166992188,37.78382375447835,45.51962778360759,,QuantData term-structure
2026-08-17T14:40:00-04:00,2027-03-19,214,470.0,call,0.4654041591473912,83.11271667480469,356.08,fixed_strike,83.30345153808594,85.40153503417969,84.25712585449219,83.39881896972656,83.39881896972656,-0.858306884765625,0.5245208740234375,,,,95.98731994628906,81.92062377929688,-14.066696166992188,37.78382375447835,45.51962778360759,,QuantData term-structure
2026-08-17T14:40:00-04:00,2027-03-19,214,500.0,call,0.4344688772139702,83.11271667480469,356.08,fixed_strike,83.30345153808594,85.40153503417969,84.25712585449219,83.39881896972656,83.39881896972656,-0.858306884765625,0.5245208740234375,,,,95.98731994628906,81.92062377929688,-14.066696166992188,37.78382375447835,45.51962778360759,,QuantData term-structure
2026-08-17T14:40:00-04:00,2027-03-19,214,520.0,call,0.40343637471690197,83.30345153808594,356.08,fixed_strike,83.30345153808594,85.40153503417969,84.25712585449219,83.39881896972656,83.39881896972656,-0.858306884765625,0.5245208740234375,,,,95.98731994628906,81.92062377929688,-14.066696166992188,37.78382375447835,45.51962778360759,,QuantData term-structure
2026-08-17T14:40:00-04:00,2027-03-19,214,540.0,call,0.3954027471001765,83.78028869628906,356.08,fixed_strike,83.30345153808594,85.40153503417969,84.25712585449219,83.39881896972656,83.39881896972656,-0.858306884765625,0.5245208740234375,,,,95.98731994628906,81.92062377929688,-14.066696166992188,37.78382375447835,45.51962778360759,,QuantData term-structure
2026-08-17T14:40:00-04:00,2027-03-19,214,550.0,call,0.3686035452864034,81.87294006347656,356.08,fixed_strike,83.30345153808594,85.40153503417969,84.25712585449219,83.39881896972656,83.39881896972656,-0.858306884765625,0.5245208740234375,,,,95.98731994628906,81.92062377929688,-14.066696166992188,37.78382375447835,45.51962778360759,,QuantData term-structure
2026-08-17T14:40:00-04:00,2027-03-19,214,560.0,call,0.36005421708490065,83.49418640136719,356.08,fixed_strike,83.30345153808594,85.40153503417969,84.25712585449219,83.39881896972656,83.39881896972656,-0.858306884765625,0.5245208740234375,,,,95.98731994628906,81.92062377929688,-14.066696166992188,37.78382375447835,45.51962778360759,,QuantData term-structure
2026-08-17T14:40:00-04:00,2027-03-19,214,580.0,put,-0.6251981815629539,89.02549743652344,356.08,fixed_strike,83.30345153808594,85.40153503417969,84.25712585449219,83.39881896972656,83.39881896972656,-0.858306884765625,0.5245208740234375,,,,95.98731994628906,81.92062377929688,-14.066696166992188,37.78382375447835,45.51962778360759,,QuantData term-structure
2026-08-17T14:40:00-04:00,2027-03-19,214,590.0,call,0.34218229741098166,83.39881896972656,356.08,fixed_strike,83.30345153808594,85.40153503417969,84.25712585449219,83.39881896972656,83.39881896972656,-0.858306884765625,0.5245208740234375,,,,95.98731994628906,81.92062377929688,-14.066696166992188,37.78382375447835,45.51962778360759,,QuantData term-structure
2026-08-17T14:40:00-04:00,2027-03-19,214,600.0,call,0.33676732248488095,84.73396301269531,356.08,fixed_strike,83.30345153808594,85.40153503417969,84.25712585449219,83.39881896972656,83.39881896972656,-0.858306884765625,0.5245208740234375,,,,95.98731994628906,81.92062377929688,-14.066696166992188,37.78382375447835,45.51962778360759,,QuantData term-structure
2026-08-17T14:40:00-04:00,2027-03-19,214,640.0,call,0.2753574585501554,83.39881896972656,356.08,fixed_strike,83.30345153808594,85.40153503417969,84.25712585449219,83.39881896972656,83.39881896972656,-0.858306884765625,0.5245208740234375,,,,95.98731994628906,81.92062377929688,-14.066696166992188,37.78382375447835,45.51962778360759,,QuantData term-structure
2026-08-17T14:40:00-04:00,2027-03-19,214,650.0,call,0.2863211444667179,84.06639099121094,356.08,fixed_strike,83.30345153808594,85.40153503417969,84.25712585449219,83.39881896972656,83.39881896972656,-0.858306884765625,0.5245208740234375,,,,95.98731994628906,81.92062377929688,-14.066696166992188,37.78382375447835,45.51962778360759,,QuantData term-structure
2026-08-17T14:40:00-04:00,2027-12-17,487,90.0,put,-0.02941804851287384,89.02549743652344,356.08,fixed_strike,85.40153503417969,87.97645568847656,87.11814880371094,83.20808410644531,83.20808410644531,-3.910064697265625,-0.2384185791015625,,,,95.98731994628906,81.92062377929688,-14.066696166992188,37.78382375447835,47.61771127970134,,QuantData term-structure
2026-08-17T14:40:00-04:00,2027-12-17,487,120.0,put,-0.055127283848069086,88.35792541503906,356.08,fixed_strike,85.40153503417969,87.97645568847656,87.11814880371094,83.20808410644531,83.20808410644531,-3.910064697265625,-0.2384185791015625,,,,95.98731994628906,81.92062377929688,-14.066696166992188,37.78382375447835,47.61771127970134,,QuantData term-structure
2026-08-17T14:40:00-04:00,2027-12-17,487,140.0,call,0.934312281888602,85.68763732910156,356.08,fixed_strike,85.40153503417969,87.97645568847656,87.11814880371094,83.20808410644531,83.20808410644531,-3.910064697265625,-0.2384185791015625,,,,95.98731994628906,81.92062377929688,-14.066696166992188,37.78382375447835,47.61771127970134,,QuantData term-structure
2026-08-17T14:40:00-04:00,2027-12-17,487,150.0,put,-0.07706767812092541,88.16719055175781,356.08,fixed_strike,85.40153503417969,87.97645568847656,87.11814880371094,83.20808410644531,83.20808410644531,-3.910064697265625,-0.2384185791015625,,,,95.98731994628906,81.92062377929688,-14.066696166992188,37.78382375447835,47.61771127970134,,QuantData term-structure
2026-08-17T14:40:00-04:00,2027-12-17,487,165.0,put,-0.0923017311130166,88.07182312011719,356.08,fixed_strike,85.40153503417969,87.97645568847656,87.11814880371094,83.20808410644531,83.20808410644531,-3.910064697265625,-0.2384185791015625,,,,95.98731994628906,81.92062377929688,-14.066696166992188,37.78382375447835,47.61771127970134,,QuantData term-structure
2026-08-17T14:40:00-04:00,2027-12-17,487,170.0,put,-0.09725364761729871,87.97645568847656,356.08,fixed_strike,85.40153503417969,87.97645568847656,87.11814880371094,83.20808410644531,83.20808410644531,-3.910064697265625,-0.2384185791015625,,,,95.98731994628906,81.92062377929688,-14.066696166992188,37.78382375447835,47.61771127970134,,QuantData term-structure
2026-08-17T14:40:00-04:00,2027-12-17,487,210.0,call,0.8640990110703508,85.02006530761719,356.08,fixed_strike,85.40153503417969,87.97645568847656,87.11814880371094,83.20808410644531,83.20808410644531,-3.910064697265625,-0.2384185791015625,,,,95.98731994628906,81.92062377929688,-14.066696166992188,37.78382375447835,47.61771127970134,,QuantData term-structure
2026-08-17T14:40:00-04:00,2027-12-17,487,210.0,put,-0.13478288566614616,87.69035339355469,356.08,fixed_strike,85.40153503417969,87.97645568847656,87.11814880371094,83.20808410644531,83.20808410644531,-3.910064697265625,-0.2384185791015625,,,,95.98731994628906,81.92062377929688,-14.066696166992188,37.78382375447835,47.61771127970134,,QuantData term-structure
2026-08-17T14:40:00-04:00,2027-12-17,487,220.0,call,0.8391014456245747,84.92469787597656,356.08,fixed_strike,85.40153503417969,87.97645568847656,87.11814880371094,83.20808410644531,83.20808410644531,-3.910064697265625,-0.2384185791015625,,,,95.98731994628906,81.92062377929688,-14.066696166992188,37.78382375447835,47.61771127970134,,QuantData term-structure
2026-08-17T14:40:00-04:00,2027-12-17,487,220.0,put,-0.14409009773751175,86.92741394042969,356.08,fixed_strike,85.40153503417969,87.97645568847656,87.11814880371094,83.20808410644531,83.20808410644531,-3.910064697265625,-0.2384185791015625,,,,95.98731994628906,81.92062377929688,-14.066696166992188,37.78382375447835,47.61771127970134,,QuantData term-structure
2026-08-17T14:40:00-04:00,2027-12-17,487,230.0,call,0.8429553711410405,83.30345153808594,356.08,fixed_strike,85.40153503417969,87.97645568847656,87.11814880371094,83.20808410644531,83.20808410644531,-3.910064697265625,-0.2384185791015625,,,,95.98731994628906,81.92062377929688,-14.066696166992188,37.78382375447835,47.61771127970134,,QuantData term-structure
2026-08-17T14:40:00-04:00,2027-12-17,487,250.0,call,0.8240114267563154,84.35249328613281,356.08,fixed_strike,85.40153503417969,87.97645568847656,87.11814880371094,83.20808410644531,83.20808410644531,-3.910064697265625,-0.2384185791015625,,,,95.98731994628906,81.92062377929688,-14.066696166992188,37.78382375447835,47.61771127970134,,QuantData term-structure
2026-08-17T14:40:00-04:00,2027-12-17,487,260.0,put,-0.1889419649742104,87.02278137207031,356.08,fixed_strike,85.40153503417969,87.97645568847656,87.11814880371094,83.20808410644531,83.20808410644531,-3.910064697265625,-0.2384185791015625,,,,95.98731994628906,81.92062377929688,-14.066696166992188,37.78382375447835,47.61771127970134,,QuantData term-structure
2026-08-17T14:40:00-04:00,2027-12-17,487,300.0,call,0.7596957406105196,82.54051208496094,356.08,fixed_strike,85.40153503417969,87.97645568847656,87.11814880371094,83.20808410644531,83.20808410644531,-3.910064697265625,-0.2384185791015625,,,,95.98731994628906,81.92062377929688,-14.066696166992188,37.78382375447835,47.61771127970134,,QuantData term-structure
2026-08-17T14:40:00-04:00,2027-12-17,487,310.0,call,0.7433817835398223,84.35249328613281,356.08,fixed_strike,85.40153503417969,87.97645568847656,87.11814880371094,83.20808410644531,83.20808410644531,-3.910064697265625,-0.2384185791015625,,,,95.98731994628906,81.92062377929688,-14.066696166992188,37.78382375447835,47.61771127970134,,QuantData term-structure
2026-08-17T14:40:00-04:00,2027-12-17,487,310.0,put,-0.2385385670125557,86.83204650878906,356.08,fixed_strike,85.40153503417969,87.97645568847656,87.11814880371094,83.20808410644531,83.20808410644531,-3.910064697265625,-0.2384185791015625,,,,95.98731994628906,81.92062377929688,-14.066696166992188,37.78382375447835,47.61771127970134,,QuantData term-structure
2026-08-17T14:40:00-04:00,2027-12-17,487,320.0,call,0.7322107202319642,83.97102355957031,356.08,fixed_strike,85.40153503417969,87.97645568847656,87.11814880371094,83.20808410644531,83.20808410644531,-3.910064697265625,-0.2384185791015625,,,,95.98731994628906,81.92062377929688,-14.066696166992188,37.78382375447835,47.61771127970134,,QuantData term-structure
2026-08-17T14:40:00-04:00,2027-12-17,487,330.0,call,0.7395620754380029,84.06639099121094,356.08,fixed_strike,85.40153503417969,87.97645568847656,87.11814880371094,83.20808410644531,83.20808410644531,-3.910064697265625,-0.2384185791015625,,,,95.98731994628906,81.92062377929688,-14.066696166992188,37.78382375447835,47.61771127970134,,QuantData term-structure
2026-08-17T14:40:00-04:00,2027-12-17,487,330.0,put,-0.25730130666443085,87.11814880371094,356.08,fixed_strike,85.40153503417969,87.97645568847656,87.11814880371094,83.20808410644531,83.20808410644531,-3.910064697265625,-0.2384185791015625,,,,95.98731994628906,81.92062377929688,-14.066696166992188,37.78382375447835,47.61771127970134,,QuantData term-structure
2026-08-17T14:40:00-04:00,2027-12-17,487,340.0,call,0.7286698241934637,84.16175842285156,356.08,fixed_strike,85.40153503417969,87.97645568847656,87.11814880371094,83.20808410644531,83.20808410644531,-3.910064697265625,-0.2384185791015625,,,,95.98731994628906,81.92062377929688,-14.066696166992188,37.78382375447835,47.61771127970134,,QuantData term-structure
2026-08-17T14:40:00-04:00,2027-12-17,487,350.0,call,0.7180525635157743,83.68492126464844,356.08,fixed_strike,85.40153503417969,87.97645568847656,87.11814880371094,83.20808410644531,83.20808410644531,-3.910064697265625,-0.2384185791015625,,,,95.98731994628906,81.92062377929688,-14.066696166992188,37.78382375447835,47.61771127970134,,QuantData term-structure
2026-08-17T14:40:00-04:00,2027-12-17,487,350.0,put,-0.27652544820884917,87.11814880371094,356.08,fixed_strike,85.40153503417969,87.97645568847656,87.11814880371094,83.20808410644531,83.20808410644531,-3.910064697265625,-0.2384185791015625,,,,95.98731994628906,81.92062377929688,-14.066696166992188,37.78382375447835,47.61771127970134,,QuantData term-structure
2026-08-17T14:40:00-04:00,2027-12-17,487,380.0,call,0.6882428903204973,83.39881896972656,356.08,fixed_strike,85.40153503417969,87.97645568847656,87.11814880371094,83.20808410644531,83.20808410644531,-3.910064697265625,-0.2384185791015625,,,,95.98731994628906,81.92062377929688,-14.066696166992188,37.78382375447835,47.61771127970134,,QuantData term-structure
2026-08-17T14:40:00-04:00,2027-12-17,487,400.0,call,0.6591653757598914,83.68492126464844,356.08,fixed_strike,85.40153503417969,87.97645568847656,87.11814880371094,83.20808410644531,83.20808410644531,-3.910064697265625,-0.2384185791015625,,,,95.98731994628906,81.92062377929688,-14.066696166992188,37.78382375447835,47.61771127970134,,QuantData term-structure
2026-08-17T14:40:00-04:00,2027-12-17,487,420.0,call,0.6462574026470598,83.58955383300781,356.08,fixed_strike,85.40153503417969,87.97645568847656,87.11814880371094,83.20808410644531,83.20808410644531,-3.910064697265625,-0.2384185791015625,,,,95.98731994628906,81.92062377929688,-14.066696166992188,37.78382375447835,47.61771127970134,,QuantData term-structure
2026-08-17T14:40:00-04:00,2027-12-17,487,430.0,call,0.6417359820110302,83.78028869628906,356.08,fixed_strike,85.40153503417969,87.97645568847656,87.11814880371094,83.20808410644531,83.20808410644531,-3.910064697265625,-0.2384185791015625,,,,95.98731994628906,81.92062377929688,-14.066696166992188,37.78382375447835,47.61771127970134,,QuantData term-structure
2026-08-17T14:40:00-04:00,2027-12-17,487,440.0,call,0.6355804813645071,83.39881896972656,356.08,fixed_strike,85.40153503417969,87.97645568847656,87.11814880371094,83.20808410644531,83.20808410644531,-3.910064697265625,-0.2384185791015625,,,,95.98731994628906,81.92062377929688,-14.066696166992188,37.78382375447835,47.61771127970134,,QuantData term-structure
2026-08-17T14:40:00-04:00,2027-12-17,487,460.0,call,0.6155362839960912,83.20808410644531,356.08,fixed_strike,85.40153503417969,87.97645568847656,87.11814880371094,83.20808410644531,83.20808410644531,-3.910064697265625,-0.2384185791015625,,,,95.98731994628906,81.92062377929688,-14.066696166992188,37.78382375447835,47.61771127970134,,QuantData term-structure
2026-08-17T14:40:00-04:00,2027-12-17,487,480.0,put,-0.39974927139187294,88.54866027832031,356.08,fixed_strike,85.40153503417969,87.97645568847656,87.11814880371094,83.20808410644531,83.20808410644531,-3.910064697265625,-0.2384185791015625,,,,95.98731994628906,81.92062377929688,-14.066696166992188,37.78382375447835,47.61771127970134,,QuantData term-structure
2026-08-17T14:40:00-04:00,2027-12-17,487,500.0,call,0.5791832701506887,82.92198181152344,356.08,fixed_strike,85.40153503417969,87.97645568847656,87.11814880371094,83.20808410644531,83.20808410644531,-3.910064697265625,-0.2384185791015625,,,,95.98731994628906,81.92062377929688,-14.066696166992188,37.78382375447835,47.61771127970134,,QuantData term-structure
2026-08-17T14:40:00-04:00,2027-12-17,487,550.0,call,0.541166806354761,83.20808410644531,356.08,fixed_strike,85.40153503417969,87.97645568847656,87.11814880371094,83.20808410644531,83.20808410644531,-3.910064697265625,-0.2384185791015625,,,,95.98731994628906,81.92062377929688,-14.066696166992188,37.78382375447835,47.61771127970134,,QuantData term-structure
2026-08-17T14:40:00-04:00,2027-12-17,487,550.0,put,-0.4467237436912451,89.88380432128906,356.08,fixed_strike,85.40153503417969,87.97645568847656,87.11814880371094,83.20808410644531,83.20808410644531,-3.910064697265625,-0.2384185791015625,,,,95.98731994628906,81.92062377929688,-14.066696166992188,37.78382375447835,47.61771127970134,,QuantData term-structure
2026-08-17T14:40:00-04:00,2027-12-17,487,570.0,call,0.5129989273536921,83.49418640136719,356.08,fixed_strike,85.40153503417969,87.97645568847656,87.11814880371094,83.20808410644531,83.20808410644531,-3.910064697265625,-0.2384185791015625,,,,95.98731994628906,81.92062377929688,-14.066696166992188,37.78382375447835,47.61771127970134,,QuantData term-structure
2026-08-17T14:40:00-04:00,2027-12-17,487,600.0,call,0.5080160115739858,83.39881896972656,356.08,fixed_strike,85.40153503417969,87.97645568847656,87.11814880371094,83.20808410644531,83.20808410644531,-3.910064697265625,-0.2384185791015625,,,,95.98731994628906,81.92062377929688,-14.066696166992188,37.78382375447835,47.61771127970134,,QuantData term-structure
2026-08-17T14:40:00-04:00,2027-12-17,487,620.0,call,0.4954977373595957,83.20808410644531,356.08,fixed_strike,85.40153503417969,87.97645568847656,87.11814880371094,83.20808410644531,83.20808410644531,-3.910064697265625,-0.2384185791015625,,,,95.98731994628906,81.92062377929688,-14.066696166992188,37.78382375447835,47.61771127970134,,QuantData term-structure
2026-08-17T14:40:00-04:00,2028-01-21,522,85.0,call,0.976095490224233,86.54594421386719,356.08,fixed_strike,84.82933044433594,87.30888366699219,87.11814880371094,82.54051208496094,82.54051208496094,-4.57763671875,0.0,,,,95.98731994628906,81.92062377929688,-14.066696166992188,37.78382375447835,47.04550668985759,,QuantData term-structure
2026-08-17T14:40:00-04:00,2028-01-21,522,115.0,put,-0.05221271955278767,88.35792541503906,356.08,fixed_strike,84.82933044433594,87.30888366699219,87.11814880371094,82.54051208496094,82.54051208496094,-4.57763671875,0.0,,,,95.98731994628906,81.92062377929688,-14.066696166992188,37.78382375447835,47.04550668985759,,QuantData term-structure
2026-08-17T14:40:00-04:00,2028-01-21,522,130.0,put,-0.06459773172474514,87.11814880371094,356.08,fixed_strike,84.82933044433594,87.30888366699219,87.11814880371094,82.54051208496094,82.54051208496094,-4.57763671875,0.0,,,,95.98731994628906,81.92062377929688,-14.066696166992188,37.78382375447835,47.04550668985759,,QuantData term-structure
2026-08-17T14:40:00-04:00,2028-01-21,522,175.0,put,-0.10077541937005896,87.30888366699219,356.08,fixed_strike,84.82933044433594,87.30888366699219,87.11814880371094,82.54051208496094,82.54051208496094,-4.57763671875,0.0,,,,95.98731994628906,81.92062377929688,-14.066696166992188,37.78382375447835,47.04550668985759,,QuantData term-structure
2026-08-17T14:40:00-04:00,2028-01-21,522,180.0,call,0.8920597604926841,85.59226989746094,356.08,fixed_strike,84.82933044433594,87.30888366699219,87.11814880371094,82.54051208496094,82.54051208496094,-4.57763671875,0.0,,,,95.98731994628906,81.92062377929688,-14.066696166992188,37.78382375447835,47.04550668985759,,QuantData term-structure
2026-08-17T14:40:00-04:00,2028-01-21,522,195.0,put,-0.12093946949139539,86.73667907714844,356.08,fixed_strike,84.82933044433594,87.30888366699219,87.11814880371094,82.54051208496094,82.54051208496094,-4.57763671875,0.0,,,,95.98731994628906,81.92062377929688,-14.066696166992188,37.78382375447835,47.04550668985759,,QuantData term-structure
2026-08-17T14:40:00-04:00,2028-01-21,522,200.0,put,-0.12535453235104627,87.78572082519531,356.08,fixed_strike,84.82933044433594,87.30888366699219,87.11814880371094,82.54051208496094,82.54051208496094,-4.57763671875,0.0,,,,95.98731994628906,81.92062377929688,-14.066696166992188,37.78382375447835,47.04550668985759,,QuantData term-structure
2026-08-17T14:40:00-04:00,2028-01-21,522,220.0,call,0.8566085705713997,85.49690246582031,356.08,fixed_strike,84.82933044433594,87.30888366699219,87.11814880371094,82.54051208496094,82.54051208496094,-4.57763671875,0.0,,,,95.98731994628906,81.92062377929688,-14.066696166992188,37.78382375447835,47.04550668985759,,QuantData term-structure
2026-08-17T14:40:00-04:00,2028-01-21,522,220.0,put,-0.15225135590831906,86.45057678222656,356.08,fixed_strike,84.82933044433594,87.30888366699219,87.11814880371094,82.54051208496094,82.54051208496094,-4.57763671875,0.0,,,,95.98731994628906,81.92062377929688,-14.066696166992188,37.78382375447835,47.04550668985759,,QuantData term-structure
2026-08-17T14:40:00-04:00,2028-01-21,522,230.0,call,0.8459737484931062,85.11543273925781,356.08,fixed_strike,84.82933044433594,87.30888366699219,87.11814880371094,82.54051208496094,82.54051208496094,-4.57763671875,0.0,,,,95.98731994628906,81.92062377929688,-14.066696166992188,37.78382375447835,47.04550668985759,,QuantData term-structure
2026-08-17T14:40:00-04:00,2028-01-21,522,230.0,put,-0.15587937572052846,86.83204650878906,356.08,fixed_strike,84.82933044433594,87.30888366699219,87.11814880371094,82.54051208496094,82.54051208496094,-4.57763671875,0.0,,,,95.98731994628906,81.92062377929688,-14.066696166992188,37.78382375447835,47.04550668985759,,QuantData term-structure
2026-08-17T14:40:00-04:00,2028-01-21,522,240.0,call,0.8337649894998242,84.63859558105469,356.08,fixed_strike,84.82933044433594,87.30888366699219,87.11814880371094,82.54051208496094,82.54051208496094,-4.57763671875,0.0,,,,95.98731994628906,81.92062377929688,-14.066696166992188,37.78382375447835,47.04550668985759,,QuantData term-structure
2026-08-17T14:40:00-04:00,2028-01-21,522,240.0,put,-0.17315605989150523,86.64131164550781,356.08,fixed_strike,84.82933044433594,87.30888366699219,87.11814880371094,82.54051208496094,82.54051208496094,-4.57763671875,0.0,,,,95.98731994628906,81.92062377929688,-14.066696166992188,37.78382375447835,47.04550668985759,,QuantData term-structure
2026-08-17T14:40:00-04:00,2028-01-21,522,250.0,call,0.8220814971098909,85.11543273925781,356.08,fixed_strike,84.82933044433594,87.30888366699219,87.11814880371094,82.54051208496094,82.54051208496094,-4.57763671875,0.0,,,,95.98731994628906,81.92062377929688,-14.066696166992188,37.78382375447835,47.04550668985759,,QuantData term-structure
2026-08-17T14:40:00-04:00,2028-01-21,522,250.0,put,-0.17390724890320203,86.64131164550781,356.08,fixed_strike,84.82933044433594,87.30888366699219,87.11814880371094,82.54051208496094,82.54051208496094,-4.57763671875,0.0,,,,95.98731994628906,81.92062377929688,-14.066696166992188,37.78382375447835,47.04550668985759,,QuantData term-structure
2026-08-17T14:40:00-04:00,2028-01-21,522,260.0,call,0.8126453303992187,84.06639099121094,356.08,fixed_strike,84.82933044433594,87.30888366699219,87.11814880371094,82.54051208496094,82.54051208496094,-4.57763671875,0.0,,,,95.98731994628906,81.92062377929688,-14.066696166992188,37.78382375447835,47.04550668985759,,QuantData term-structure
2026-08-17T14:40:00-04:00,2028-01-21,522,260.0,put,-0.18563196762805267,86.73667907714844,356.08,fixed_strike,84.82933044433594,87.30888366699219,87.11814880371094,82.54051208496094,82.54051208496094,-4.57763671875,0.0,,,,95.98731994628906,81.92062377929688,-14.066696166992188,37.78382375447835,47.04550668985759,,QuantData term-structure
2026-08-17T14:40:00-04:00,2028-01-21,522,270.0,call,0.7985650794756106,82.82661437988281,356.08,fixed_strike,84.82933044433594,87.30888366699219,87.11814880371094,82.54051208496094,82.54051208496094,-4.57763671875,0.0,,,,95.98731994628906,81.92062377929688,-14.066696166992188,37.78382375447835,47.04550668985759,,QuantData term-structure
2026-08-17T14:40:00-04:00,2028-01-21,522,270.0,put,-0.2020764060073007,86.45057678222656,356.08,fixed_strike,84.82933044433594,87.30888366699219,87.11814880371094,82.54051208496094,82.54051208496094,-4.57763671875,0.0,,,,95.98731994628906,81.92062377929688,-14.066696166992188,37.78382375447835,47.04550668985759,,QuantData term-structure
2026-08-17T14:40:00-04:00,2028-01-21,522,280.0,call,0.7940970529324023,84.16175842285156,356.08,fixed_strike,84.82933044433594,87.30888366699219,87.11814880371094,82.54051208496094,82.54051208496094,-4.57763671875,0.0,,,,95.98731994628906,81.92062377929688,-14.066696166992188,37.78382375447835,47.04550668985759,,QuantData term-structure
2026-08-17T14:40:00-04:00,2028-01-21,522,280.0,put,-0.20600259878091393,86.54594421386719,356.08,fixed_strike,84.82933044433594,87.30888366699219,87.11814880371094,82.54051208496094,82.54051208496094,-4.57763671875,0.0,,,,95.98731994628906,81.92062377929688,-14.066696166992188,37.78382375447835,47.04550668985759,,QuantData term-structure
2026-08-17T14:40:00-04:00,2028-01-21,522,290.0,call,0.7855530003667568,83.87565612792969,356.08,fixed_strike,84.82933044433594,87.30888366699219,87.11814880371094,82.54051208496094,82.54051208496094,-4.57763671875,0.0,,,,95.98731994628906,81.92062377929688,-14.066696166992188,37.78382375447835,47.04550668985759,,QuantData term-structure
2026-08-17T14:40:00-04:00,2028-01-21,522,300.0,call,0.7721061388850307,83.30345153808594,356.08,fixed_strike,84.82933044433594,87.30888366699219,87.11814880371094,82.54051208496094,82.54051208496094,-4.57763671875,0.0,,,,95.98731994628906,81.92062377929688,-14.066696166992188,37.78382375447835,47.04550668985759,,QuantData term-structure
2026-08-17T14:40:00-04:00,2028-01-21,522,300.0,put,-0.2229770416256978,86.35520935058594,356.08,fixed_strike,84.82933044433594,87.30888366699219,87.11814880371094,82.54051208496094,82.54051208496094,-4.57763671875,0.0,,,,95.98731994628906,81.92062377929688,-14.066696166992188,37.78382375447835,47.04550668985759,,QuantData term-structure
2026-08-17T14:40:00-04:00,2028-01-21,522,310.0,call,0.7644674027461157,83.87565612792969,356.08,fixed_strike,84.82933044433594,87.30888366699219,87.11814880371094,82.54051208496094,82.54051208496094,-4.57763671875,0.0,,,,95.98731994628906,81.92062377929688,-14.066696166992188,37.78382375447835,47.04550668985759,,QuantData term-structure
2026-08-17T14:40:00-04:00,2028-01-21,522,310.0,put,-0.2344329635083689,86.45057678222656,356.08,fixed_strike,84.82933044433594,87.30888366699219,87.11814880371094,82.54051208496094,82.54051208496094,-4.57763671875,0.0,,,,95.98731994628906,81.92062377929688,-14.066696166992188,37.78382375447835,47.04550668985759,,QuantData term-structure
2026-08-17T14:40:00-04:00,2028-01-21,522,320.0,call,0.7275986611668064,82.63587951660156,356.08,fixed_strike,84.82933044433594,87.30888366699219,87.11814880371094,82.54051208496094,82.54051208496094,-4.57763671875,0.0,,,,95.98731994628906,81.92062377929688,-14.066696166992188,37.78382375447835,47.04550668985759,,QuantData term-structure
2026-08-17T14:40:00-04:00,2028-01-21,522,320.0,put,-0.25730847890955166,86.92741394042969,356.08,fixed_strike,84.82933044433594,87.30888366699219,87.11814880371094,82.54051208496094,82.54051208496094,-4.57763671875,0.0,,,,95.98731994628906,81.92062377929688,-14.066696166992188,37.78382375447835,47.04550668985759,,QuantData term-structure
2026-08-17T14:40:00-04:00,2028-01-21,522,330.0,call,0.7430627601425335,83.39881896972656,356.08,fixed_strike,84.82933044433594,87.30888366699219,87.11814880371094,82.54051208496094,82.54051208496094,-4.57763671875,0.0,,,,95.98731994628906,81.92062377929688,-14.066696166992188,37.78382375447835,47.04550668985759,,QuantData term-structure
2026-08-17T14:40:00-04:00,2028-01-21,522,330.0,put,-0.25693306722533094,87.11814880371094,356.08,fixed_strike,84.82933044433594,87.30888366699219,87.11814880371094,82.54051208496094,82.54051208496094,-4.57763671875,0.0,,,,95.98731994628906,81.92062377929688,-14.066696166992188,37.78382375447835,47.04550668985759,,QuantData term-structure
2026-08-17T14:40:00-04:00,2028-01-21,522,340.0,call,0.7352104253326488,83.30345153808594,356.08,fixed_strike,84.82933044433594,87.30888366699219,87.11814880371094,82.54051208496094,82.54051208496094,-4.57763671875,0.0,,,,95.98731994628906,81.92062377929688,-14.066696166992188,37.78382375447835,47.04550668985759,,QuantData term-structure
2026-08-17T14:40:00-04:00,2028-01-21,522,340.0,put,-0.2599998361177852,86.73667907714844,356.08,fixed_strike,84.82933044433594,87.30888366699219,87.11814880371094,82.54051208496094,82.54051208496094,-4.57763671875,0.0,,,,95.98731994628906,81.92062377929688,-14.066696166992188,37.78382375447835,47.04550668985759,,QuantData term-structure
2026-08-17T14:40:00-04:00,2028-01-21,522,350.0,call,0.7228252625731869,82.06367492675781,356.08,fixed_strike,84.82933044433594,87.30888366699219,87.11814880371094,82.54051208496094,82.54051208496094,-4.57763671875,0.0,,,,95.98731994628906,81.92062377929688,-14.066696166992188,37.78382375447835,47.04550668985759,,QuantData term-structure
2026-08-17T14:40:00-04:00,2028-01-21,522,350.0,put,-0.2737870518754355,87.40425109863281,356.08,fixed_strike,84.82933044433594,87.30888366699219,87.11814880371094,82.54051208496094,82.54051208496094,-4.57763671875,0.0,,,,95.98731994628906,81.92062377929688,-14.066696166992188,37.78382375447835,47.04550668985759,,QuantData term-structure
2026-08-17T14:40:00-04:00,2028-01-21,522,360.0,call,0.7159136596243907,83.01734924316406,356.08,fixed_strike,84.82933044433594,87.30888366699219,87.11814880371094,82.54051208496094,82.54051208496094,-4.57763671875,0.0,,,,95.98731994628906,81.92062377929688,-14.066696166992188,37.78382375447835,47.04550668985759,,QuantData term-structure
2026-08-17T14:40:00-04:00,2028-01-21,522,360.0,put,-0.27862898607408904,86.64131164550781,356.08,fixed_strike,84.82933044433594,87.30888366699219,87.11814880371094,82.54051208496094,82.54051208496094,-4.57763671875,0.0,,,,95.98731994628906,81.92062377929688,-14.066696166992188,37.78382375447835,47.04550668985759,,QuantData term-structure
2026-08-17T14:40:00-04:00,2028-01-21,522,370.0,call,0.7064927008959212,83.11271667480469,356.08,fixed_strike,84.82933044433594,87.30888366699219,87.11814880371094,82.54051208496094,82.54051208496094,-4.57763671875,0.0,,,,95.98731994628906,81.92062377929688,-14.066696166992188,37.78382375447835,47.04550668985759,,QuantData term-structure
2026-08-17T14:40:00-04:00,2028-01-21,522,370.0,put,-0.2992357340898255,86.92741394042969,356.08,fixed_strike,84.82933044433594,87.30888366699219,87.11814880371094,82.54051208496094,82.54051208496094,-4.57763671875,0.0,,,,95.98731994628906,81.92062377929688,-14.066696166992188,37.78382375447835,47.04550668985759,,QuantData term-structure
2026-08-17T14:40:00-04:00,2028-01-21,522,380.0,call,0.6957995484896762,83.30345153808594,356.08,fixed_strike,84.82933044433594,87.30888366699219,87.11814880371094,82.54051208496094,82.54051208496094,-4.57763671875,0.0,,,,95.98731994628906,81.92062377929688,-14.066696166992188,37.78382375447835,47.04550668985759,,QuantData term-structure
2026-08-17T14:40:00-04:00,2028-01-21,522,400.0,call,0.6732670705075372,82.34977722167969,356.08,fixed_strike,84.82933044433594,87.30888366699219,87.11814880371094,82.54051208496094,82.54051208496094,-4.57763671875,0.0,,,,95.98731994628906,81.92062377929688,-14.066696166992188,37.78382375447835,47.04550668985759,,QuantData term-structure
2026-08-17T14:40:00-04:00,2028-01-21,522,400.0,put,-0.31964952007804126,87.21351623535156,356.08,fixed_strike,84.82933044433594,87.30888366699219,87.11814880371094,82.54051208496094,82.54051208496094,-4.57763671875,0.0,,,,95.98731994628906,81.92062377929688,-14.066696166992188,37.78382375447835,47.04550668985759,,QuantData term-structure
2026-08-17T14:40:00-04:00,2028-01-21,522,410.0,call,0.6477749438759997,83.20808410644531,356.08,fixed_strike,84.82933044433594,87.30888366699219,87.11814880371094,82.54051208496094,82.54051208496094,-4.57763671875,0.0,,,,95.98731994628906,81.92062377929688,-14.066696166992188,37.78382375447835,47.04550668985759,,QuantData term-structure
2026-08-17T14:40:00-04:00,2028-01-21,522,420.0,call,0.6568255230559951,82.73124694824219,356.08,fixed_strike,84.82933044433594,87.30888366699219,87.11814880371094,82.54051208496094,82.54051208496094,-4.57763671875,0.0,,,,95.98731994628906,81.92062377929688,-14.066696166992188,37.78382375447835,47.04550668985759,,QuantData term-structure
2026-08-17T14:40:00-04:00,2028-01-21,522,430.0,call,0.6514894800617743,83.30345153808594,356.08,fixed_strike,84.82933044433594,87.30888366699219,87.11814880371094,82.54051208496094,82.54051208496094,-4.57763671875,0.0,,,,95.98731994628906,81.92062377929688,-14.066696166992188,37.78382375447835,47.04550668985759,,QuantData term-structure
2026-08-17T14:40:00-04:00,2028-01-21,522,440.0,call,0.6419545156886323,83.20808410644531,356.08,fixed_strike,84.82933044433594,87.30888366699219,87.11814880371094,82.54051208496094,82.54051208496094,-4.57763671875,0.0,,,,95.98731994628906,81.92062377929688,-14.066696166992188,37.78382375447835,47.04550668985759,,QuantData term-structure
2026-08-17T14:40:00-04:00,2028-01-21,522,450.0,call,0.6326801024256716,83.11271667480469,356.08,fixed_strike,84.82933044433594,87.30888366699219,87.11814880371094,82.54051208496094,82.54051208496094,-4.57763671875,0.0,,,,95.98731994628906,81.92062377929688,-14.066696166992188,37.78382375447835,47.04550668985759,,QuantData term-structure
2026-08-17T14:40:00-04:00,2028-01-21,522,480.0,call,0.6027068639168041,83.11271667480469,356.08,fixed_strike,84.82933044433594,87.30888366699219,87.11814880371094,82.54051208496094,82.54051208496094,-4.57763671875,0.0,,,,95.98731994628906,81.92062377929688,-14.066696166992188,37.78382375447835,47.04550668985759,,QuantData term-structure
2026-08-17T14:40:00-04:00,2028-01-21,522,490.0,call,0.5978343361816221,82.63587951660156,356.08,fixed_strike,84.82933044433594,87.30888366699219,87.11814880371094,82.54051208496094,82.54051208496094,-4.57763671875,0.0,,,,95.98731994628906,81.92062377929688,-14.066696166992188,37.78382375447835,47.04550668985759,,QuantData term-structure
2026-08-17T14:40:00-04:00,2028-01-21,522,490.0,put,-0.39582242209579466,88.83476257324219,356.08,fixed_strike,84.82933044433594,87.30888366699219,87.11814880371094,82.54051208496094,82.54051208496094,-4.57763671875,0.0,,,,95.98731994628906,81.92062377929688,-14.066696166992188,37.78382375447835,47.04550668985759,,QuantData term-structure
2026-08-17T14:40:00-04:00,2028-01-21,522,500.0,call,0.5880449879876122,82.44514465332031,356.08,fixed_strike,84.82933044433594,87.30888366699219,87.11814880371094,82.54051208496094,82.54051208496094,-4.57763671875,0.0,,,,95.98731994628906,81.92062377929688,-14.066696166992188,37.78382375447835,47.04550668985759,,QuantData term-structure
2026-08-17T14:40:00-04:00,2028-01-21,522,510.0,call,0.5855076661472657,82.92198181152344,356.08,fixed_strike,84.82933044433594,87.30888366699219,87.11814880371094,82.54051208496094,82.54051208496094,-4.57763671875,0.0,,,,95.98731994628906,81.92062377929688,-14.066696166992188,37.78382375447835,47.04550668985759,,QuantData term-structure
2026-08-17T14:40:00-04:00,2028-01-21,522,620.0,call,0.4835441983115284,82.54051208496094,356.08,fixed_strike,84.82933044433594,87.30888366699219,87.11814880371094,82.54051208496094,82.54051208496094,-4.57763671875,0.0,,,,95.98731994628906,81.92062377929688,-14.066696166992188,37.78382375447835,47.04550668985759,,QuantData term-structure
2026-08-17T14:40:00-04:00,2028-01-21,522,640.0,call,0.4898506630527971,82.54051208496094,356.08,fixed_strike,84.82933044433594,87.30888366699219,87.11814880371094,82.54051208496094,82.54051208496094,-4.57763671875,0.0,,,,95.98731994628906,81.92062377929688,-14.066696166992188,37.78382375447835,47.04550668985759,,QuantData term-structure
2026-08-17T14:40:00-04:00,2028-01-21,522,650.0,call,0.4848830962409602,82.15904235839844,356.08,fixed_strike,84.82933044433594,87.30888366699219,87.11814880371094,82.54051208496094,82.54051208496094,-4.57763671875,0.0,,,,95.98731994628906,81.92062377929688,-14.066696166992188,37.78382375447835,47.04550668985759,,QuantData term-structure
